,ID_ESCOLA,NU_ANO_CENSO,TP_SITUACAO_FUNCIONAMENTO,CO_REGIAO,CO_MESORREGIAO,CO_MICRORREGIAO,CO_UF,CO_MUNICIPIO,CO_DISTRITO,TP_DEPENDENCIA,TP_LOCALIZACAO,TP_REGULAMENTACAO,IN_LOCAL_FUNC_PREDIO_ESCOLAR,TP_OCUPACAO_PREDIO_ESCOLAR,IN_LOCAL_FUNC_SALAS_EMPRESA,IN_LOCAL_FUNC_SOCIOEDUCATIVO,IN_LOCAL_FUNC_UNID_PRISIONAL,IN_LOCAL_FUNC_PRISIONAL_SOCIO,IN_LOCAL_FUNC_TEMPLO_IGREJA,IN_LOCAL_FUNC_CASA_PROFESSOR,IN_LOCAL_FUNC_GALPAO,IN_LOCAL_FUNC_SALAS_OUTRA_ESC,IN_LOCAL_FUNC_OUTROS,IN_PREDIO_COMPARTILHADO,IN_AGUA_FILTRADA,IN_AGUA_REDE_PUBLICA,IN_AGUA_POCO_ARTESIANO,IN_AGUA_CACIMBA,IN_AGUA_FONTE_RIO,IN_AGUA_INEXISTENTE,IN_ENERGIA_REDE_PUBLICA,IN_ENERGIA_GERADOR,IN_ENERGIA_OUTROS,IN_ENERGIA_INEXISTENTE,IN_ESGOTO_REDE_PUBLICA,IN_ESGOTO_FOSSA,IN_ESGOTO_INEXISTENTE,IN_LIXO_COLETA_PERIODICA,IN_LIXO_QUEIMA,IN_LIXO_JOGA_OUTRA_AREA,IN_LIXO_RECICLA,IN_LIXO_ENTERRA,IN_LIXO_OUTROS,IN_SALA_DIRETORIA,IN_SALA_PROFESSOR,IN_LABORATORIO_INFORMATICA,IN_LABORATORIO_CIENCIAS,IN_SALA_ATENDIMENTO_ESPECIAL,IN_QUADRA_ESPORTES_COBERTA,IN_QUADRA_ESPORTES_DESCOBERTA,IN_QUADRA_ESPORTES,IN_COZINHA,IN_BIBLIOTECA,IN_SALA_LEITURA,IN_BIBLIOTECA_SALA_LEITURA,IN_PARQUE_INFANTIL,IN_BERCARIO,IN_BANHEIRO_FORA_PREDIO,IN_BANHEIRO_DENTRO_PREDIO,IN_BANHEIRO_EI,IN_BANHEIRO_PNE,IN_DEPENDENCIAS_PNE,IN_SECRETARIA,IN_BANHEIRO_CHUVEIRO,IN_REFEITORIO,IN_DESPENSA,IN_ALMOXARIFADO,IN_AUDITORIO,IN_PATIO_COBERTO,IN_PATIO_DESCOBERTO,IN_ALOJAM_ALUNO,IN_ALOJAM_PROFESSOR,IN_AREA_VERDE,IN_LAVANDERIA,IN_DEPENDENCIAS_OUTRAS,NU_SALAS_EXISTENTES,NU_SALAS_UTILIZADAS,IN_EQUIP_TV,IN_EQUIP_VIDEOCASSETE,IN_EQUIP_DVD,IN_EQUIP_PARABOLICA,IN_EQUIP_COPIADORA,IN_EQUIP_RETROPROJETOR,IN_EQUIP_IMPRESSORA,IN_EQUIP_IMPRESSORA_MULT,IN_EQUIP_SOM,IN_EQUIP_MULTIMIDIA,IN_EQUIP_FAX,IN_EQUIP_FOTO,IN_COMPUTADOR,NU_EQUIP_TV,NU_EQUIP_VIDEOCASSETE,NU_EQUIP_DVD,NU_EQUIP_PARABOLICA,NU_EQUIP_COPIADORA,NU_EQUIP_RETROPROJETOR,NU_EQUIP_IMPRESSORA,NU_EQUIP_IMPRESSORA_MULT,NU_EQUIP_SOM,NU_EQUIP_MULTIMIDIA,NU_EQUIP_FAX,NU_EQUIP_FOTO,NU_COMPUTADOR,NU_COMP_ADMINISTRATIVO,NU_COMP_ALUNO,IN_INTERNET,IN_BANDA_LARGA,NU_FUNCIONARIOS,IN_ALIMENTACAO,TP_AEE,TP_ATIVIDADE_COMPLEMENTAR,TP_LOCALIZACAO_DIFERENCIADA,IN_MATERIAL_ESP_QUILOMBOLA,IN_MATERIAL_ESP_INDIGENA,IN_MATERIAL_ESP_NAO_UTILIZA,IN_EDUCACAO_INDIGENA,IN_BRASIL_ALFABETIZADO,IN_FINAL_SEMANA,IN_FORMACAO_ALTERNANCIA,IN_MEDIACAO_PRESENCIAL,IN_MEDIACAO_SEMIPRESENCIAL,IN_MEDIACAO_EAD,IN_ESPECIAL_EXCLUSIVA,IN_REGULAR,IN_EJA,IN_PROFISSIONALIZANTE,IN_COMUM_CRECHE,IN_COMUM_PRE,IN_COMUM_FUND_AI,IN_COMUM_FUND_AF,IN_COMUM_MEDIO_MEDIO,IN_COMUM_MEDIO_INTEGRADO,IN_COMUM_MEDIO_NORMAL,IN_ESP_EXCLUSIVA_CRECHE,IN_ESP_EXCLUSIVA_PRE,IN_ESP_EXCLUSIVA_FUND_AI,IN_ESP_EXCLUSIVA_FUND_AF,IN_ESP_EXCLUSIVA_MEDIO_MEDIO,IN_ESP_EXCLUSIVA_MEDIO_INTEGR,IN_ESP_EXCLUSIVA_MEDIO_NORMAL,IN_COMUM_EJA_FUND,IN_COMUM_EJA_MEDIO,IN_COMUM_EJA_PROF,IN_ESP_EXCLUSIVA_EJA_FUND,IN_ESP_EXCLUSIVA_EJA_MEDIO,IN_ESP_EXCLUSIVA_EJA_PROF,IN_COMUM_PROF,IN_ESP_EXCLUSIVA_PROF,TX_RESP_Q002_A,TX_RESP_Q002_B,TX_RESP_Q002_C,TX_RESP_Q002_D,TX_RESP_Q002_E,TX_RESP_Q002_F,TX_RESP_Q004_A,TX_RESP_Q004_B,TX_RESP_Q004_C,TX_RESP_Q004_D,TX_RESP_Q004_E,TX_RESP_Q004_F,TX_RESP_Q004_G,TX_RESP_Q004_H,TX_RESP_Q005_A,TX_RESP_Q005_B,TX_RESP_Q008_A,TX_RESP_Q008_B,TX_RESP_Q011_A,TX_RESP_Q011_B,TX_RESP_Q012_A,TX_RESP_Q012_B,TX_RESP_Q012_C,TX_RESP_Q013_A,TX_RESP_Q013_B,TX_RESP_Q013_C,TX_RESP_Q014_A,TX_RESP_Q014_B,TX_RESP_Q014_C,TX_RESP_Q015_A,TX_RESP_Q015_B,TX_RESP_Q015_C,TX_RESP_Q015_D,TX_RESP_Q015_E,TX_RESP_Q016_A,TX_RESP_Q016_B,TX_RESP_Q016_C,TX_RESP_Q016_D,TX_RESP_Q016_E,TX_RESP_Q016_F,TX_RESP_Q017_A,TX_RESP_Q017_B,TX_RESP_Q017_C,TX_RESP_Q017_D,TX_RESP_Q017_E,TX_RESP_Q018_A,TX_RESP_Q018_B,TX_RESP_Q018_C,TX_RESP_Q019_A,TX_RESP_Q019_B,TX_RESP_Q019_C,TX_RESP_Q019_D,TX_RESP_Q019_E,TX_RESP_Q019_F,TX_RESP_Q019_G,TX_RESP_Q020_A,TX_RESP_Q020_B,TX_RESP_Q021_A,TX_RESP_Q021_B,TX_RESP_Q022_A,TX_RESP_Q022_B,TX_RESP_Q022_C,TX_RESP_Q023_A,TX_RESP_Q023_B,TX_RESP_Q023_C,TX_RESP_Q023_D,TX_RESP_Q023_E,TX_RESP_Q023_F,TX_RESP_Q023_G,TX_RESP_Q024_A,TX_RESP_Q024_B,TX_RESP_Q025_A,TX_RESP_Q025_B,TX_RESP_Q026_A,TX_RESP_Q026_B,TX_RESP_Q026_C,TX_RESP_Q027_A,TX_RESP_Q027_B,TX_RESP_Q028_A,TX_RESP_Q028_B,TX_RESP_Q029_A,TX_RESP_Q029_B,TX_RESP_Q030_A,TX_RESP_Q030_B,TX_RESP_Q031_A,TX_RESP_Q031_B,TX_RESP_Q034_A,TX_RESP_Q034_B,TX_RESP_Q034_C,TX_RESP_Q035_A,TX_RESP_Q035_B,TX_RESP_Q035_C,TX_RESP_Q036_A,TX_RESP_Q036_B,TX_RESP_Q036_C,TX_RESP_Q036_D,TX_RESP_Q036_E,TX_RESP_Q037_A,TX_RESP_Q037_B,TX_RESP_Q037_C,TX_RESP_Q037_D,TX_RESP_Q037_E,TX_RESP_Q038_A,TX_RESP_Q038_B,TX_RESP_Q039_A,TX_RESP_Q039_B,TX_RESP_Q039_C,TX_RESP_Q039_D,TX_RESP_Q040_A,TX_RESP_Q040_B,TX_RESP_Q040_C,TX_RESP_Q041_A,TX_RESP_Q041_B,TX_RESP_Q041_C,TX_RESP_Q042_A,TX_RESP_Q042_B,TX_RESP_Q042_C,TX_RESP_Q043_A,TX_RESP_Q043_B,TX_RESP_Q044_A,TX_RESP_Q044_B,TX_RESP_Q045_A,TX_RESP_Q045_B,TX_RESP_Q045_C,TX_RESP_Q045_D,TX_RESP_Q048_A,TX_RESP_Q048_B,TX_RESP_Q048_C,TX_RESP_Q049_A,TX_RESP_Q049_B,TX_RESP_Q049_C,TX_RESP_Q050_A,TX_RESP_Q050_B,TX_RESP_Q050_C,TX_RESP_Q051_A,TX_RESP_Q051_B,TX_RESP_Q051_C,TX_RESP_Q051_D,TX_RESP_Q052_A,TX_RESP_Q052_B,TX_RESP_Q053_A,TX_RESP_Q053_B,TX_RESP_Q053_C,TX_RESP_Q053_D,TX_RESP_Q054_A,TX_RESP_Q054_B,TX_RESP_Q054_C,TX_RESP_Q055_A,TX_RESP_Q055_B,TX_RESP_Q055_C,TX_RESP_Q056_A,TX_RESP_Q056_B,TX_RESP_Q056_C,TX_RESP_Q058_A,TX_RESP_Q058_B,TX_RESP_Q058_C,TX_RESP_Q059_A,TX_RESP_Q059_B,TX_RESP_Q059_C,TX_RESP_Q059_D,TX_RESP_Q060_A,TX_RESP_Q060_B,TX_RESP_Q060_C,TX_RESP_Q060_D,Classe-IDEB
0,23264721,2017,1,2,2303,23016,23,2304400,230440005,2,1,1.0,1.0,2.0,0.0,0.0,0.0,0.0,0.0,0.0,0.0,0.0,0.0,0.0,1.0,1.0,0.0,0.0,0.0,0.0,1.0,0.0,0.0,0.0,1.0,0.0,0.0,1.0,0.0,0.0,0.0,0.0,0.0,1.0,1.0,0.0,1.0,0.0,0.0,0.0,0.0,1.0,1.0,0.0,1.0,0.0,0.0,0.0,1.0,0.0,1.0,0.0,1.0,0.0,1.0,1.0,0.0,0.0,1.0,0.0,0.0,0.0,1.0,0.0,0.0,13.0,12.0,1.0,0.0,1.0,0.0,1.0,1.0,1.0,0.0,1.0,1.0,0.0,1.0,1.0,4.0,0.0,3.0,0.0,1.0,1.0,3.0,0.0,3.0,2.0,0.0,1.0,6.0,6.0,0.0,1.0,1.0,37.0,1.0,0.0,0.0,0.0,0.0,0.0,1.0,0.0,0.0,1.0,0.0,1.0,0.0,0.0,0.0,1.0,1.0,1.0,0.0,0.0,0.0,1.0,1.0,0.0,0.0,0.0,0.0,0.0,0.0,0.0,0.0,0.0,0.0,1.0,1.0,0.0,0.0,0.0,0.0,0.0,9.0,9.0,38.0,0.0,1.0,4.0,0.0,0.0,18.0,31.0,7.0,3.0,2.0,0.0,3.0,58.0,0.0,61.0,30.0,31.0,46.0,14.0,1.0,40.0,18.0,3.0,0.0,43.0,18.0,2.0,13.0,33.0,8.0,5.0,0.0,7.0,16.0,10.0,13.0,15.0,56.0,3.0,1.0,1.0,0.0,53.0,4.0,4.0,2.0,17.0,6.0,19.0,14.0,0.0,3.0,53.0,8.0,39.0,22.0,29.0,27.0,5.0,1.0,10.0,10.0,12.0,13.0,0.0,15.0,52.0,9.0,30.0,31.0,14.0,29.0,18.0,59.0,2.0,51.0,10.0,42.0,19.0,58.0,3.0,26.0,35.0,15.0,31.0,15.0,43.0,16.0,2.0,5.0,13.0,12.0,29.0,2.0,17.0,19.0,4.0,5.0,16.0,20.0,41.0,33.0,23.0,5.0,0.0,55.0,1.0,5.0,47.0,9.0,5.0,56.0,5.0,0.0,5.0,56.0,52.0,9.0,34.0,24.0,3.0,0.0,44.0,17.0,0.0,30.0,30.0,1.0,55.0,6.0,0.0,57.0,4.0,0.0,0.0,28.0,33.0,23.0,33.0,5.0,0.0,53.0,7.0,1.0,43.0,18.0,0.0,33.0,27.0,1.0,42.0,18.0,1.0,58.0,3.0,0.0,0.0,11.0,29.0,21.0,0.0,Atingiu a média
1,23005033,2017,1,2,2301,23001,23,2304707,230470705,2,1,1.0,1.0,1.0,0.0,0.0,0.0,0.0,0.0,0.0,0.0,1.0,0.0,0.0,1.0,1.0,0.0,0.0,0.0,0.0,1.0,0.0,0.0,0.0,0.0,1.0,0.0,1.0,0.0,0.0,0.0,0.0,0.0,1.0,1.0,1.0,1.0,0.0,1.0,0.0,1.0,1.0,1.0,1.0,1.0,0.0,0.0,0.0,1.0,0.0,1.0,0.0,1.0,0.0,0.0,1.0,1.0,0.0,1.0,0.0,0.0,0.0,0.0,0.0,0.0,8.0,22.0,1.0,0.0,0.0,0.0,0.0,0.0,1.0,0.0,0.0,1.0,0.0,0.0,1.0,2.0,0.0,0.0,0.0,0.0,0.0,1.0,0.0,0.0,3.0,0.0,0.0,24.0,8.0,16.0,1.0,1.0,85.0,1.0,0.0,0.0,0.0,0.0,0.0,1.0,0.0,0.0,0.0,0.0,1.0,0.0,0.0,0.0,1.0,0.0,0.0,0.0,0.0,0.0,0.0,1.0,0.0,0.0,0.0,0.0,0.0,0.0,0.0,0.0,0.0,0.0,0.0,0.0,0.0,0.0,0.0,0.0,0.0,24.0,20.0,155.0,14.0,6.0,22.0,0.0,4.0,84.0,99.0,27.0,8.0,6.0,13.0,13.0,228.0,8.0,233.0,210.0,31.0,216.0,20.0,5.0,206.0,31.0,4.0,21.0,185.0,35.0,8.0,55.0,107.0,60.0,11.0,1.0,16.0,38.0,63.0,52.0,71.0,219.0,19.0,2.0,1.0,0.0,200.0,36.0,5.0,40.0,67.0,33.0,28.0,6.0,19.0,48.0,158.0,83.0,146.0,95.0,155.0,76.0,10.0,51.0,54.0,31.0,13.0,7.0,2.0,83.0,140.0,101.0,111.0,130.0,167.0,57.0,17.0,229.0,12.0,222.0,19.0,215.0,26.0,233.0,8.0,191.0,50.0,90.0,124.0,27.0,150.0,74.0,17.0,79.0,62.0,26.0,47.0,27.0,84.0,67.0,20.0,26.0,44.0,43.0,198.0,92.0,98.0,38.0,13.0,236.0,0.0,5.0,149.0,74.0,18.0,213.0,21.0,7.0,110.0,131.0,213.0,28.0,154.0,78.0,5.0,4.0,214.0,24.0,3.0,131.0,106.0,4.0,161.0,73.0,7.0,213.0,24.0,0.0,4.0,147.0,94.0,138.0,87.0,10.0,6.0,224.0,10.0,7.0,182.0,54.0,5.0,170.0,67.0,4.0,127.0,108.0,6.0,210.0,21.0,5.0,5.0,26.0,73.0,42.0,100.0,Não Atingiu a média
2,23087323,2017,1,2,2304,23018,23,2305605,230560505,2,1,2.0,1.0,1.0,0.0,0.0,0.0,0.0,0.0,0.0,0.0,1.0,0.0,0.0,1.0,1.0,0.0,0.0,0.0,0.0,1.0,0.0,0.0,0.0,1.0,0.0,0.0,1.0,0.0,0.0,1.0,0.0,0.0,1.0,1.0,1.0,1.0,0.0,0.0,0.0,0.0,1.0,1.0,0.0,1.0,0.0,0.0,0.0,1.0,0.0,1.0,0.0,1.0,1.0,0.0,0.0,1.0,0.0,1.0,1.0,0.0,0.0,0.0,0.0,0.0,14.0,9.0,1.0,0.0,1.0,1.0,1.0,1.0,1.0,1.0,1.0,1.0,0.0,1.0,1.0,2.0,0.0,1.0,1.0,1.0,1.0,1.0,4.0,2.0,2.0,0.0,1.0,17.0,7.0,10.0,1.0,1.0,49.0,1.0,0.0,0.0,0.0,0.0,0.0,1.0,0.0,0.0,0.0,0.0,1.0,0.0,0.0,0.0,1.0,1.0,0.0,0.0,0.0,0.0,0.0,1.0,0.0,0.0,0.0,0.0,0.0,0.0,0.0,0.0,0.0,0.0,1.0,0.0,0.0,0.0,0.0,0.0,0.0,13.0,7.0,52.0,2.0,1.0,5.0,0.0,0.0,35.0,24.0,4.0,2.0,4.0,11.0,1.0,79.0,2.0,78.0,46.0,34.0,61.0,15.0,4.0,63.0,15.0,2.0,7.0,64.0,9.0,1.0,12.0,43.0,17.0,7.0,0.0,10.0,23.0,17.0,15.0,15.0,75.0,4.0,1.0,0.0,0.0,47.0,26.0,7.0,7.0,22.0,15.0,10.0,10.0,0.0,16.0,65.0,15.0,58.0,22.0,34.0,35.0,11.0,14.0,30.0,6.0,2.0,7.0,1.0,20.0,45.0,35.0,35.0,45.0,56.0,17.0,7.0,77.0,3.0,70.0,10.0,72.0,8.0,78.0,2.0,61.0,19.0,29.0,43.0,8.0,39.0,35.0,6.0,28.0,20.0,6.0,16.0,10.0,24.0,23.0,4.0,12.0,17.0,9.0,71.0,46.0,20.0,10.0,4.0,76.0,1.0,3.0,66.0,11.0,3.0,66.0,8.0,6.0,28.0,52.0,70.0,10.0,50.0,24.0,6.0,0.0,65.0,14.0,1.0,41.0,39.0,0.0,54.0,25.0,1.0,76.0,4.0,0.0,0.0,63.0,17.0,43.0,32.0,5.0,0.0,75.0,4.0,1.0,56.0,23.0,1.0,53.0,25.0,2.0,46.0,33.0,1.0,73.0,5.0,1.0,1.0,11.0,32.0,25.0,12.0,Não Atingiu a média
3,23072865,2017,1,2,2303,23016,23,2304400,230440005,2,1,2.0,1.0,1.0,0.0,0.0,0.0,0.0,0.0,0.0,0.0,0.0,0.0,0.0,1.0,1.0,0.0,0.0,0.0,0.0,1.0,0.0,0.0,0.0,1.0,0.0,0.0,1.0,0.0,0.0,0.0,0.0,0.0,1.0,1.0,1.0,1.0,0.0,0.0,1.0,1.0,1.0,1.0,1.0,1.0,0.0,0.0,0.0,1.0,0.0,0.0,0.0,1.0,0.0,1.0,0.0,1.0,1.0,1.0,0.0,0.0,0.0,0.0,0.0,0.0,14.0,14.0,1.0,0.0,1.0,0.0,0.0,0.0,1.0,1.0,1.0,1.0,0.0,1.0,1.0,1.0,0.0,1.0,0.0,0.0,0.0,2.0,1.0,1.0,1.0,0.0,1.0,30.0,6.0,20.0,1.0,1.0,101.0,1.0,0.0,0.0,0.0,0.0,0.0,1.0,0.0,0.0,0.0,0.0,1.0,0.0,0.0,0.0,1.0,0.0,0.0,0.0,0.0,0.0,0.0,1.0,0.0,0.0,0.0,0.0,0.0,0.0,0.0,0.0,0.0,0.0,0.0,0.0,0.0,0.0,0.0,0.0,0.0,26.0,21.0,70.0,4.0,0.0,10.0,0.0,5.0,74.0,45.0,5.0,1.0,1.0,0.0,0.0,131.0,1.0,130.0,44.0,87.0,70.0,54.0,7.0,46.0,72.0,13.0,0.0,73.0,58.0,1.0,17.0,73.0,28.0,12.0,0.0,12.0,31.0,51.0,23.0,14.0,129.0,1.0,1.0,0.0,0.0,116.0,10.0,5.0,1.0,11.0,10.0,17.0,66.0,19.0,7.0,130.0,1.0,108.0,23.0,80.0,46.0,5.0,1.0,11.0,13.0,17.0,57.0,13.0,19.0,127.0,4.0,82.0,49.0,51.0,47.0,33.0,127.0,4.0,112.0,19.0,110.0,21.0,129.0,2.0,79.0,52.0,57.0,62.0,12.0,103.0,28.0,0.0,9.0,48.0,34.0,37.0,3.0,58.0,39.0,10.0,7.0,17.0,7.0,124.0,77.0,52.0,2.0,0.0,111.0,9.0,11.0,121.0,9.0,1.0,127.0,2.0,2.0,3.0,128.0,109.0,22.0,75.0,43.0,4.0,9.0,102.0,23.0,6.0,73.0,51.0,7.0,125.0,1.0,5.0,67.0,50.0,6.0,8.0,72.0,59.0,58.0,64.0,8.0,1.0,118.0,11.0,2.0,92.0,35.0,4.0,84.0,45.0,2.0,122.0,6.0,3.0,71.0,50.0,8.0,2.0,14.0,52.0,65.0,0.0,Atingiu a média
4,23186518,2017,1,2,2303,23016,23,2304400,230440005,2,1,1.0,1.0,1.0,0.0,0.0,0.0,0.0,0.0,0.0,0.0,0.0,0.0,0.0,1.0,1.0,0.0,0.0,0.0,0.0,1.0,0.0,0.0,0.0,0.0,1.0,0.0,1.0,0.0,0.0,0.0,0.0,0.0,1.0,1.0,1.0,1.0,0.0,1.0,0.0,1.0,1.0,1.0,0.0,1.0,0.0,0.0,0.0,1.0,0.0,0.0,0.0,1.0,1.0,0.0,1.0,1.0,0.0,1.0,0.0,0.0,0.0,0.0,0.0,0.0,12.0,12.0,0.0,0.0,0.0,0.0,1.0,1.0,1.0,0.0,0.0,1.0,0.0,1.0,1.0,0.0,0.0,0.0,0.0,1.0,1.0,1.0,0.0,0.0,1.0,0.0,1.0,25.0,5.0,20.0,1.0,1.0,62.0,1.0,0.0,0.0,0.0,0.0,0.0,1.0,0.0,0.0,0.0,0.0,1.0,0.0,0.0,0.0,1.0,0.0,0.0,0.0,0.0,0.0,0.0,1.0,0.0,0.0,0.0,0.0,0.0,0.0,0.0,0.0,0.0,0.0,0.0,0.0,0.0,0.0,0.0,0.0,0.0,30.0,15.0,112.0,12.0,3.0,19.0,0.0,3.0,66.0,78.0,26.0,8.0,2.0,8.0,2.0,189.0,2.0,189.0,83.0,108.0,138.0,48.0,5.0,117.0,69.0,5.0,1.0,125.0,65.0,3.0,26.0,110.0,41.0,11.0,1.0,19.0,46.0,63.0,32.0,30.0,177.0,14.0,0.0,0.0,0.0,164.0,21.0,6.0,7.0,35.0,36.0,38.0,48.0,11.0,16.0,169.0,22.0,135.0,56.0,105.0,77.0,9.0,4.0,31.0,38.0,31.0,38.0,2.0,47.0,164.0,27.0,106.0,85.0,55.0,99.0,37.0,183.0,8.0,175.0,16.0,155.0,36.0,184.0,7.0,123.0,68.0,63.0,98.0,30.0,134.0,50.0,7.0,21.0,47.0,37.0,84.0,2.0,42.0,79.0,26.0,20.0,24.0,37.0,154.0,95.0,83.0,13.0,0.0,175.0,4.0,12.0,133.0,50.0,8.0,170.0,19.0,2.0,16.0,175.0,160.0,31.0,117.0,61.0,4.0,9.0,159.0,27.0,5.0,101.0,83.0,7.0,173.0,12.0,6.0,169.0,14.0,1.0,7.0,101.0,90.0,79.0,94.0,14.0,4.0,169.0,15.0,7.0,135.0,51.0,5.0,121.0,66.0,4.0,165.0,21.0,5.0,154.0,30.0,1.0,6.0,20.0,105.0,64.0,2.0,Não Atingiu a média
5,23076194,2017,1,2,2303,23016,23,2306256,230625605,2,1,2.0,1.0,1.0,0.0,0.0,0.0,0.0,0.0,0.0,0.0,1.0,0.0,1.0,1.0,1.0,0.0,0.0,0.0,0.0,1.0,0.0,0.0,0.0,0.0,1.0,0.0,1.0,0.0,0.0,0.0,0.0,0.0,1.0,1.0,1.0,1.0,0.0,0.0,1.0,1.0,1.0,1.0,0.0,1.0,0.0,0.0,0.0,1.0,0.0,1.0,1.0,1.0,1.0,0.0,1.0,0.0,0.0,1.0,0.0,0.0,0.0,1.0,0.0,0.0,7.0,7.0,1.0,0.0,1.0,0.0,1.0,1.0,1.0,1.0,1.0,1.0,1.0,0.0,1.0,1.0,0.0,1.0,0.0,1.0,1.0,1.0,1.0,1.0,1.0,1.0,0.0,21.0,7.0,14.0,1.0,1.0,32.0,1.0,0.0,0.0,0.0,0.0,0.0,1.0,0.0,0.0,0.0,0.0,1.0,0.0,0.0,0.0,1.0,1.0,0.0,0.0,0.0,0.0,0.0,1.0,0.0,0.0,0.0,0.0,0.0,0.0,0.0,0.0,0.0,0.0,1.0,0.0,0.0,0.0,0.0,0.0,0.0,4.0,2.0,36.0,0.0,1.0,4.0,0.0,1.0,12.0,21.0,9.0,4.0,0.0,0.0,2.0,45.0,1.0,46.0,30.0,17.0,35.0,10.0,2.0,31.0,14.0,2.0,0.0,32.0,15.0,0.0,7.0,26.0,10.0,4.0,0.0,7.0,6.0,13.0,11.0,10.0,41.0,5.0,1.0,0.0,0.0,40.0,6.0,1.0,0.0,10.0,9.0,8.0,11.0,1.0,8.0,40.0,7.0,35.0,12.0,24.0,20.0,3.0,3.0,9.0,6.0,3.0,9.0,1.0,16.0,35.0,12.0,26.0,21.0,23.0,20.0,4.0,46.0,1.0,44.0,3.0,44.0,3.0,45.0,2.0,30.0,17.0,12.0,31.0,4.0,33.0,12.0,2.0,7.0,15.0,6.0,14.0,5.0,25.0,15.0,0.0,2.0,5.0,5.0,42.0,32.0,14.0,0.0,1.0,44.0,0.0,3.0,31.0,12.0,4.0,43.0,4.0,0.0,11.0,36.0,41.0,6.0,23.0,24.0,0.0,0.0,41.0,6.0,0.0,22.0,24.0,1.0,38.0,8.0,1.0,42.0,5.0,0.0,0.0,23.0,24.0,18.0,26.0,3.0,0.0,44.0,2.0,1.0,37.0,10.0,0.0,29.0,18.0,0.0,25.0,21.0,1.0,34.0,12.0,1.0,0.0,14.0,24.0,9.0,0.0,Não Atingiu a média
6,23264888,2017,1,2,2302,23008,23,2306405,230640505,2,2,2.0,1.0,1.0,0.0,0.0,0.0,0.0,0.0,0.0,0.0,0.0,0.0,0.0,0.0,0.0,0.0,1.0,0.0,0.0,1.0,0.0,0.0,0.0,0.0,1.0,0.0,1.0,0.0,0.0,0.0,0.0,0.0,1.0,1.0,1.0,1.0,0.0,1.0,0.0,1.0,1.0,1.0,0.0,1.0,0.0,0.0,0.0,1.0,0.0,1.0,1.0,1.0,1.0,1.0,1.0,1.0,1.0,1.0,1.0,0.0,0.0,0.0,1.0,0.0,12.0,7.0,1.0,0.0,1.0,0.0,0.0,0.0,1.0,0.0,1.0,1.0,0.0,0.0,1.0,2.0,0.0,1.0,0.0,0.0,0.0,1.0,0.0,1.0,1.0,0.0,0.0,62.0,22.0,40.0,1.0,1.0,38.0,1.0,0.0,0.0,0.0,0.0,0.0,1.0,0.0,0.0,0.0,0.0,1.0,0.0,0.0,0.0,1.0,0.0,0.0,0.0,0.0,0.0,0.0,1.0,0.0,0.0,0.0,0.0,0.0,0.0,0.0,0.0,0.0,0.0,0.0,0.0,0.0,0.0,0.0,0.0,0.0,34.0,8.0,94.0,8.0,11.0,10.0,0.0,4.0,62.0,63.0,19.0,10.0,3.0,4.0,9.0,156.0,8.0,157.0,140.0,25.0,137.0,22.0,6.0,139.0,25.0,1.0,10.0,124.0,31.0,3.0,12.0,65.0,55.0,30.0,0.0,9.0,23.0,39.0,43.0,51.0,155.0,6.0,4.0,0.0,0.0,145.0,17.0,3.0,6.0,41.0,35.0,26.0,24.0,10.0,23.0,146.0,19.0,127.0,38.0,121.0,38.0,6.0,23.0,40.0,35.0,8.0,11.0,2.0,46.0,115.0,50.0,91.0,74.0,120.0,37.0,8.0,163.0,2.0,155.0,10.0,146.0,19.0,163.0,2.0,130.0,35.0,50.0,101.0,14.0,82.0,60.0,23.0,52.0,42.0,18.0,32.0,21.0,46.0,47.0,13.0,28.0,31.0,16.0,149.0,120.0,33.0,10.0,2.0,161.0,2.0,2.0,128.0,27.0,10.0,160.0,5.0,0.0,54.0,111.0,148.0,17.0,112.0,46.0,5.0,2.0,147.0,12.0,6.0,84.0,75.0,6.0,114.0,47.0,4.0,145.0,13.0,4.0,3.0,131.0,34.0,111.0,43.0,8.0,3.0,156.0,7.0,2.0,134.0,29.0,2.0,107.0,56.0,2.0,88.0,75.0,2.0,144.0,15.0,3.0,3.0,38.0,84.0,42.0,1.0,Não Atingiu a média
7,23069023,2017,1,2,2303,23016,23,2304400,230440005,2,1,1.0,1.0,1.0,0.0,0.0,0.0,0.0,0.0,0.0,0.0,0.0,0.0,0.0,1.0,1.0,0.0,0.0,0.0,0.0,1.0,0.0,0.0,0.0,1.0,0.0,0.0,1.0,0.0,0.0,0.0,0.0,0.0,1.0,1.0,1.0,1.0,0.0,1.0,0.0,1.0,1.0,1.0,0.0,1.0,0.0,0.0,0.0,1.0,0.0,1.0,0.0,1.0,1.0,0.0,1.0,0.0,0.0,1.0,0.0,0.0,0.0,0.0,0.0,0.0,13.0,13.0,1.0,0.0,0.0,0.0,0.0,0.0,1.0,1.0,1.0,1.0,0.0,1.0,1.0,3.0,0.0,0.0,0.0,0.0,0.0,1.0,1.0,1.0,1.0,0.0,1.0,20.0,7.0,20.0,1.0,1.0,83.0,1.0,0.0,0.0,0.0,0.0,0.0,1.0,0.0,0.0,1.0,0.0,1.0,0.0,0.0,0.0,1.0,1.0,1.0,0.0,0.0,0.0,1.0,1.0,0.0,0.0,0.0,0.0,0.0,0.0,0.0,0.0,0.0,1.0,1.0,1.0,0.0,0.0,0.0,0.0,0.0,15.0,15.0,94.0,4.0,3.0,5.0,0.0,0.0,34.0,49.0,23.0,5.0,4.0,21.0,7.0,129.0,2.0,134.0,71.0,65.0,110.0,25.0,1.0,99.0,35.0,2.0,0.0,116.0,20.0,8.0,30.0,70.0,19.0,9.0,5.0,19.0,25.0,33.0,28.0,26.0,123.0,7.0,5.0,1.0,0.0,93.0,38.0,5.0,8.0,31.0,30.0,21.0,28.0,1.0,17.0,115.0,21.0,90.0,46.0,49.0,79.0,8.0,15.0,22.0,21.0,21.0,16.0,0.0,41.0,101.0,35.0,67.0,69.0,54.0,51.0,31.0,126.0,10.0,114.0,22.0,104.0,32.0,127.0,9.0,73.0,63.0,29.0,88.0,19.0,93.0,38.0,5.0,30.0,35.0,25.0,39.0,7.0,34.0,49.0,15.0,21.0,17.0,33.0,103.0,52.0,65.0,16.0,3.0,125.0,1.0,10.0,89.0,34.0,13.0,106.0,19.0,11.0,28.0,108.0,111.0,25.0,87.0,46.0,2.0,1.0,123.0,10.0,3.0,80.0,53.0,3.0,114.0,21.0,1.0,101.0,31.0,4.0,0.0,68.0,68.0,66.0,62.0,6.0,2.0,125.0,9.0,2.0,106.0,28.0,2.0,91.0,42.0,3.0,94.0,40.0,2.0,113.0,18.0,4.0,1.0,10.0,49.0,74.0,3.0,Não Atingiu a média
8,23156201,2017,1,2,2307,23030,23,2303204,230320405,2,1,1.0,1.0,1.0,0.0,0.0,0.0,0.0,0.0,0.0,0.0,0.0,0.0,0.0,1.0,1.0,0.0,0.0,0.0,0.0,1.0,0.0,0.0,0.0,0.0,1.0,0.0,1.0,0.0,0.0,0.0,0.0,0.0,1.0,1.0,1.0,1.0,0.0,1.0,0.0,1.0,1.0,0.0,1.0,1.0,0.0,0.0,0.0,1.0,0.0,0.0,1.0,1.0,0.0,0.0,1.0,1.0,0.0,1.0,1.0,0.0,0.0,0.0,0.0,0.0,7.0,7.0,1.0,0.0,0.0,1.0,0.0,0.0,0.0,0.0,0.0,1.0,0.0,0.0,1.0,1.0,0.0,0.0,1.0,0.0,0.0,0.0,0.0,0.0,3.0,0.0,0.0,16.0,4.0,12.0,1.0,1.0,47.0,1.0,0.0,0.0,0.0,0.0,0.0,1.0,0.0,0.0,0.0,0.0,1.0,0.0,0.0,0.0,1.0,1.0,0.0,0.0,0.0,0.0,1.0,1.0,0.0,0.0,0.0,0.0,0.0,0.0,0.0,0.0,0.0,0.0,1.0,0.0,0.0,0.0,0.0,0.0,0.0,12.0,7.0,104.0,6.0,4.0,9.0,0.0,6.0,43.0,53.0,25.0,9.0,2.0,4.0,1.0,141.0,1.0,141.0,100.0,42.0,115.0,25.0,2.0,102.0,36.0,4.0,3.0,122.0,17.0,0.0,24.0,61.0,50.0,7.0,0.0,12.0,28.0,34.0,38.0,30.0,137.0,3.0,2.0,0.0,0.0,126.0,11.0,5.0,8.0,51.0,31.0,15.0,17.0,7.0,13.0,112.0,30.0,87.0,55.0,89.0,45.0,8.0,20.0,37.0,30.0,11.0,11.0,2.0,31.0,94.0,48.0,66.0,76.0,110.0,23.0,9.0,137.0,5.0,129.0,13.0,126.0,16.0,135.0,7.0,107.0,35.0,46.0,86.0,10.0,85.0,50.0,7.0,38.0,57.0,17.0,24.0,6.0,45.0,37.0,18.0,25.0,17.0,26.0,116.0,81.0,39.0,20.0,2.0,134.0,1.0,7.0,83.0,50.0,9.0,135.0,6.0,1.0,27.0,115.0,108.0,34.0,97.0,42.0,2.0,1.0,130.0,11.0,1.0,70.0,70.0,2.0,115.0,24.0,3.0,132.0,9.0,0.0,1.0,105.0,37.0,115.0,26.0,1.0,0.0,140.0,2.0,0.0,123.0,18.0,1.0,101.0,41.0,0.0,97.0,44.0,1.0,136.0,6.0,0.0,0.0,24.0,89.0,29.0,0.0,Atingiu a média
9,23068825,2017,1,2,2303,23016,23,2304400,230440005,2,1,2.0,1.0,1.0,0.0,0.0,0.0,0.0,0.0,0.0,0.0,0.0,0.0,0.0,1.0,1.0,0.0,0.0,0.0,0.0,1.0,0.0,0.0,0.0,0.0,0.0,1.0,1.0,0.0,0.0,0.0,0.0,0.0,1.0,1.0,1.0,1.0,0.0,1.0,0.0,1.0,1.0,1.0,0.0,1.0,0.0,0.0,0.0,1.0,0.0,0.0,1.0,1.0,1.0,0.0,1.0,1.0,0.0,1.0,0.0,0.0,0.0,0.0,0.0,0.0,11.0,9.0,1.0,0.0,0.0,0.0,0.0,0.0,1.0,1.0,0.0,1.0,0.0,1.0,1.0,2.0,0.0,0.0,0.0,0.0,0.0,3.0,1.0,0.0,1.0,0.0,1.0,36.0,12.0,24.0,1.0,1.0,72.0,1.0,0.0,0.0,0.0,0.0,0.0,1.0,0.0,0.0,1.0,0.0,1.0,0.0,0.0,0.0,1.0,1.0,1.0,0.0,0.0,0.0,1.0,1.0,0.0,0.0,0.0,0.0,0.0,0.0,0.0,0.0,0.0,0.0,1.0,1.0,0.0,0.0,0.0,0.0,0.0,17.0,16.0,50.0,4.0,6.0,4.0,0.0,0.0,27.0,40.0,16.0,10.0,0.0,4.0,7.0,90.0,0.0,97.0,45.0,52.0,83.0,13.0,1.0,66.0,25.0,6.0,1.0,72.0,24.0,3.0,19.0,49.0,19.0,7.0,0.0,17.0,17.0,27.0,24.0,12.0,90.0,5.0,1.0,1.0,0.0,82.0,11.0,4.0,2.0,16.0,17.0,22.0,20.0,0.0,20.0,85.0,12.0,67.0,30.0,51.0,44.0,2.0,6.0,15.0,11.0,13.0,24.0,0.0,28.0,78.0,19.0,47.0,50.0,23.0,45.0,29.0,93.0,4.0,78.0,19.0,76.0,21.0,91.0,6.0,52.0,45.0,25.0,58.0,14.0,70.0,24.0,3.0,16.0,21.0,22.0,34.0,4.0,33.0,30.0,4.0,14.0,16.0,18.0,79.0,49.0,39.0,7.0,2.0,89.0,1.0,7.0,65.0,23.0,9.0,84.0,12.0,1.0,8.0,89.0,78.0,19.0,42.0,47.0,5.0,3.0,77.0,15.0,5.0,55.0,36.0,6.0,84.0,10.0,3.0,53.0,32.0,8.0,4.0,71.0,26.0,52.0,41.0,3.0,1.0,90.0,4.0,3.0,48.0,43.0,6.0,65.0,29.0,3.0,71.0,24.0,2.0,72.0,19.0,2.0,4.0,12.0,56.0,29.0,0.0,Não Atingiu a média
10,23085347,2017,1,2,2304,23018,23,2304103,230410305,2,1,1.0,1.0,1.0,0.0,0.0,0.0,0.0,0.0,0.0,0.0,1.0,0.0,0.0,1.0,1.0,0.0,0.0,0.0,0.0,1.0,0.0,0.0,0.0,1.0,1.0,0.0,1.0,0.0,0.0,0.0,0.0,0.0,1.0,1.0,1.0,0.0,0.0,1.0,0.0,1.0,1.0,1.0,0.0,1.0,0.0,0.0,0.0,1.0,0.0,1.0,0.0,0.0,0.0,0.0,1.0,0.0,0.0,1.0,1.0,0.0,0.0,0.0,0.0,0.0,7.0,25.0,1.0,0.0,1.0,0.0,1.0,1.0,1.0,1.0,1.0,1.0,0.0,1.0,1.0,4.0,0.0,1.0,0.0,2.0,1.0,1.0,1.0,1.0,1.0,0.0,1.0,20.0,5.0,15.0,1.0,1.0,53.0,1.0,0.0,0.0,0.0,0.0,0.0,1.0,0.0,0.0,1.0,0.0,1.0,0.0,0.0,0.0,1.0,0.0,0.0,0.0,0.0,0.0,1.0,1.0,0.0,0.0,0.0,0.0,0.0,0.0,0.0,0.0,0.0,0.0,0.0,0.0,0.0,0.0,0.0,0.0,0.0,16.0,13.0,56.0,7.0,9.0,9.0,1.0,1.0,30.0,41.0,10.0,10.0,5.0,12.0,5.0,105.0,2.0,108.0,72.0,38.0,99.0,11.0,0.0,89.0,19.0,2.0,5.0,95.0,10.0,2.0,27.0,67.0,10.0,4.0,2.0,10.0,28.0,34.0,20.0,16.0,100.0,7.0,0.0,3.0,0.0,91.0,16.0,3.0,14.0,28.0,23.0,14.0,14.0,0.0,17.0,84.0,26.0,73.0,37.0,62.0,44.0,4.0,21.0,27.0,19.0,7.0,7.0,1.0,28.0,64.0,46.0,50.0,60.0,74.0,22.0,14.0,107.0,3.0,99.0,11.0,93.0,17.0,105.0,5.0,85.0,25.0,31.0,68.0,11.0,74.0,32.0,4.0,30.0,23.0,12.0,31.0,14.0,36.0,33.0,8.0,16.0,17.0,23.0,87.0,54.0,43.0,11.0,2.0,105.0,1.0,4.0,68.0,28.0,14.0,90.0,12.0,8.0,34.0,76.0,91.0,19.0,68.0,37.0,4.0,1.0,98.0,10.0,2.0,71.0,35.0,4.0,92.0,15.0,3.0,102.0,7.0,1.0,0.0,78.0,32.0,58.0,46.0,5.0,1.0,98.0,12.0,0.0,92.0,15.0,3.0,74.0,33.0,3.0,78.0,29.0,3.0,102.0,7.0,1.0,0.0,21.0,43.0,37.0,9.0,Não Atingiu a média
11,23246618,2017,1,2,2303,23016,23,2301000,230100005,2,2,1.0,1.0,3.0,0.0,0.0,0.0,0.0,0.0,0.0,0.0,0.0,0.0,0.0,1.0,1.0,0.0,1.0,0.0,0.0,1.0,1.0,0.0,0.0,1.0,0.0,0.0,1.0,0.0,0.0,0.0,0.0,0.0,1.0,1.0,0.0,0.0,0.0,0.0,0.0,0.0,1.0,0.0,0.0,0.0,0.0,0.0,0.0,1.0,0.0,0.0,0.0,0.0,1.0,0.0,1.0,0.0,0.0,0.0,0.0,0.0,0.0,0.0,0.0,0.0,5.0,5.0,0.0,0.0,0.0,0.0,0.0,0.0,0.0,0.0,0.0,0.0,0.0,0.0,1.0,0.0,0.0,0.0,0.0,0.0,0.0,0.0,0.0,0.0,0.0,0.0,0.0,1.0,1.0,0.0,1.0,1.0,23.0,1.0,0.0,0.0,0.0,0.0,0.0,1.0,0.0,0.0,0.0,0.0,1.0,0.0,0.0,0.0,1.0,1.0,0.0,0.0,0.0,0.0,0.0,1.0,0.0,0.0,0.0,0.0,0.0,0.0,0.0,0.0,0.0,0.0,1.0,0.0,0.0,0.0,0.0,0.0,0.0,1.0,1.0,21.0,2.0,1.0,1.0,0.0,1.0,5.0,12.0,8.0,0.0,0.0,1.0,2.0,25.0,0.0,27.0,15.0,12.0,15.0,10.0,2.0,18.0,8.0,1.0,1.0,18.0,8.0,1.0,2.0,12.0,10.0,2.0,0.0,2.0,5.0,6.0,10.0,4.0,21.0,2.0,3.0,1.0,0.0,24.0,3.0,0.0,2.0,10.0,4.0,2.0,3.0,0.0,6.0,23.0,4.0,21.0,6.0,17.0,10.0,0.0,3.0,7.0,4.0,2.0,3.0,0.0,8.0,20.0,7.0,16.0,11.0,14.0,10.0,3.0,27.0,0.0,26.0,1.0,23.0,4.0,27.0,0.0,16.0,11.0,9.0,15.0,3.0,17.0,7.0,3.0,5.0,8.0,3.0,10.0,1.0,11.0,5.0,2.0,4.0,5.0,3.0,24.0,13.0,13.0,0.0,1.0,25.0,1.0,1.0,15.0,11.0,1.0,24.0,2.0,1.0,7.0,20.0,20.0,7.0,14.0,11.0,0.0,2.0,23.0,2.0,2.0,18.0,7.0,2.0,19.0,7.0,1.0,20.0,4.0,1.0,2.0,18.0,9.0,14.0,11.0,1.0,1.0,25.0,1.0,1.0,23.0,3.0,1.0,19.0,7.0,1.0,16.0,10.0,1.0,17.0,7.0,2.0,1.0,1.0,2.0,7.0,17.0,Não Atingiu a média
12,23245000,2017,1,2,2301,23002,23,2303402,230340205,2,1,1.0,1.0,1.0,0.0,0.0,0.0,0.0,0.0,0.0,0.0,0.0,0.0,1.0,1.0,1.0,0.0,0.0,0.0,0.0,1.0,0.0,0.0,0.0,0.0,1.0,0.0,1.0,0.0,0.0,0.0,0.0,0.0,1.0,1.0,1.0,1.0,1.0,1.0,0.0,1.0,1.0,0.0,0.0,0.0,0.0,0.0,0.0,1.0,0.0,1.0,1.0,1.0,0.0,0.0,1.0,1.0,0.0,1.0,1.0,0.0,0.0,0.0,0.0,0.0,7.0,6.0,1.0,0.0,0.0,1.0,1.0,0.0,1.0,1.0,1.0,1.0,1.0,1.0,1.0,2.0,0.0,0.0,2.0,1.0,0.0,3.0,2.0,3.0,2.0,1.0,1.0,24.0,5.0,19.0,1.0,1.0,39.0,1.0,1.0,0.0,0.0,0.0,0.0,1.0,0.0,0.0,1.0,0.0,1.0,0.0,0.0,0.0,1.0,0.0,0.0,0.0,0.0,0.0,0.0,1.0,0.0,0.0,0.0,0.0,0.0,0.0,0.0,0.0,0.0,0.0,0.0,0.0,0.0,0.0,0.0,0.0,0.0,25.0,9.0,40.0,7.0,0.0,1.0,1.0,2.0,36.0,27.0,8.0,3.0,2.0,3.0,0.0,82.0,1.0,81.0,56.0,26.0,62.0,16.0,4.0,61.0,20.0,1.0,2.0,61.0,19.0,0.0,0.0,23.0,45.0,14.0,1.0,3.0,20.0,23.0,22.0,13.0,75.0,5.0,1.0,1.0,0.0,73.0,5.0,4.0,5.0,26.0,10.0,10.0,13.0,8.0,10.0,65.0,17.0,63.0,19.0,64.0,17.0,1.0,9.0,24.0,14.0,10.0,8.0,2.0,15.0,57.0,25.0,41.0,41.0,57.0,20.0,5.0,80.0,2.0,75.0,7.0,75.0,7.0,80.0,2.0,61.0,21.0,27.0,46.0,9.0,54.0,24.0,4.0,14.0,25.0,14.0,22.0,7.0,17.0,31.0,11.0,7.0,16.0,14.0,68.0,44.0,32.0,5.0,1.0,80.0,0.0,2.0,57.0,19.0,6.0,75.0,6.0,1.0,34.0,48.0,77.0,5.0,47.0,31.0,4.0,0.0,78.0,4.0,0.0,47.0,35.0,0.0,72.0,10.0,0.0,79.0,3.0,0.0,0.0,56.0,26.0,41.0,34.0,7.0,0.0,76.0,6.0,0.0,64.0,18.0,0.0,59.0,23.0,0.0,58.0,24.0,0.0,78.0,4.0,0.0,0.0,15.0,53.0,14.0,0.0,Atingiu a média
13,23064323,2017,1,2,2303,23016,23,2304285,230428505,2,1,2.0,1.0,1.0,0.0,0.0,0.0,0.0,0.0,0.0,0.0,0.0,0.0,0.0,1.0,1.0,1.0,1.0,0.0,0.0,1.0,0.0,0.0,0.0,0.0,1.0,0.0,1.0,0.0,0.0,0.0,0.0,1.0,1.0,1.0,1.0,1.0,1.0,1.0,0.0,1.0,1.0,0.0,0.0,0.0,0.0,0.0,0.0,1.0,0.0,1.0,1.0,1.0,1.0,1.0,1.0,1.0,0.0,1.0,0.0,0.0,0.0,0.0,0.0,0.0,12.0,11.0,1.0,0.0,0.0,0.0,1.0,0.0,1.0,0.0,1.0,1.0,0.0,1.0,1.0,2.0,0.0,0.0,0.0,1.0,0.0,3.0,0.0,2.0,2.0,0.0,1.0,20.0,5.0,14.0,1.0,1.0,70.0,1.0,1.0,0.0,0.0,0.0,0.0,1.0,0.0,0.0,0.0,0.0,1.0,0.0,0.0,0.0,1.0,1.0,1.0,0.0,0.0,0.0,0.0,1.0,0.0,0.0,0.0,0.0,0.0,0.0,0.0,0.0,0.0,0.0,1.0,1.0,0.0,0.0,0.0,0.0,0.0,23.0,9.0,109.0,4.0,4.0,17.0,0.0,2.0,62.0,71.0,14.0,7.0,1.0,9.0,5.0,161.0,2.0,164.0,76.0,90.0,116.0,44.0,6.0,95.0,64.0,7.0,3.0,105.0,58.0,1.0,22.0,94.0,43.0,6.0,1.0,18.0,38.0,44.0,40.0,25.0,148.0,12.0,3.0,2.0,1.0,131.0,29.0,6.0,8.0,38.0,35.0,32.0,33.0,6.0,14.0,148.0,18.0,126.0,40.0,82.0,74.0,10.0,10.0,36.0,23.0,23.0,27.0,5.0,42.0,136.0,30.0,94.0,72.0,79.0,51.0,36.0,157.0,9.0,148.0,18.0,131.0,35.0,160.0,6.0,107.0,59.0,46.0,95.0,25.0,122.0,37.0,7.0,29.0,47.0,37.0,46.0,7.0,61.0,59.0,11.0,14.0,21.0,52.0,114.0,105.0,51.0,8.0,2.0,156.0,1.0,9.0,115.0,37.0,14.0,148.0,11.0,7.0,31.0,135.0,130.0,36.0,114.0,43.0,5.0,4.0,139.0,21.0,6.0,89.0,68.0,9.0,145.0,14.0,7.0,149.0,15.0,0.0,2.0,124.0,42.0,99.0,53.0,14.0,0.0,155.0,10.0,1.0,137.0,27.0,2.0,106.0,57.0,3.0,142.0,21.0,3.0,122.0,38.0,6.0,0.0,40.0,91.0,35.0,0.0,Não Atingiu a média
14,23246642,2017,1,2,2302,23013,23,2306504,230650410,2,2,1.0,1.0,1.0,0.0,0.0,0.0,0.0,0.0,0.0,0.0,0.0,0.0,0.0,1.0,1.0,0.0,0.0,0.0,0.0,1.0,0.0,0.0,0.0,0.0,1.0,0.0,1.0,0.0,0.0,0.0,0.0,0.0,1.0,1.0,1.0,1.0,0.0,1.0,0.0,1.0,1.0,1.0,0.0,1.0,0.0,0.0,0.0,1.0,0.0,1.0,0.0,1.0,1.0,1.0,1.0,1.0,1.0,0.0,0.0,0.0,0.0,0.0,0.0,0.0,6.0,5.0,1.0,0.0,1.0,1.0,0.0,0.0,0.0,1.0,1.0,1.0,0.0,1.0,1.0,2.0,0.0,2.0,1.0,0.0,0.0,0.0,1.0,2.0,1.0,0.0,1.0,40.0,8.0,32.0,1.0,0.0,30.0,1.0,0.0,0.0,0.0,0.0,0.0,1.0,0.0,0.0,0.0,0.0,1.0,0.0,0.0,0.0,1.0,1.0,0.0,0.0,0.0,0.0,0.0,1.0,0.0,0.0,0.0,0.0,0.0,0.0,0.0,0.0,0.0,0.0,1.0,0.0,0.0,0.0,0.0,0.0,0.0,8.0,4.0,24.0,0.0,0.0,1.0,0.0,0.0,14.0,19.0,2.0,1.0,0.0,1.0,4.0,33.0,1.0,36.0,29.0,8.0,35.0,2.0,0.0,30.0,7.0,0.0,1.0,33.0,3.0,0.0,7.0,24.0,3.0,3.0,0.0,4.0,12.0,7.0,7.0,7.0,35.0,2.0,0.0,0.0,0.0,32.0,3.0,2.0,1.0,11.0,8.0,6.0,6.0,2.0,3.0,34.0,3.0,27.0,10.0,17.0,18.0,2.0,3.0,11.0,4.0,7.0,1.0,0.0,11.0,24.0,13.0,8.0,29.0,24.0,11.0,2.0,37.0,0.0,32.0,5.0,27.0,10.0,37.0,0.0,28.0,9.0,6.0,19.0,12.0,26.0,10.0,1.0,5.0,8.0,8.0,14.0,2.0,16.0,16.0,0.0,0.0,5.0,2.0,35.0,28.0,5.0,3.0,1.0,37.0,0.0,0.0,32.0,2.0,3.0,36.0,1.0,0.0,3.0,34.0,34.0,3.0,13.0,23.0,1.0,0.0,35.0,1.0,1.0,15.0,21.0,1.0,33.0,4.0,0.0,26.0,10.0,1.0,0.0,24.0,13.0,13.0,20.0,4.0,0.0,34.0,3.0,0.0,35.0,2.0,0.0,23.0,14.0,0.0,30.0,7.0,0.0,26.0,11.0,0.0,0.0,6.0,12.0,19.0,0.0,Atingiu a média
15,23255269,2017,1,2,2307,23032,23,2304202,230420205,2,1,1.0,1.0,1.0,0.0,0.0,0.0,0.0,0.0,0.0,0.0,0.0,0.0,0.0,1.0,1.0,0.0,1.0,0.0,0.0,1.0,0.0,0.0,0.0,1.0,1.0,0.0,1.0,0.0,0.0,0.0,0.0,0.0,1.0,1.0,1.0,1.0,0.0,1.0,0.0,1.0,1.0,0.0,0.0,0.0,0.0,0.0,0.0,1.0,0.0,1.0,1.0,1.0,0.0,0.0,0.0,0.0,1.0,0.0,0.0,0.0,0.0,0.0,0.0,0.0,15.0,12.0,1.0,0.0,1.0,1.0,1.0,1.0,1.0,1.0,0.0,1.0,0.0,1.0,1.0,5.0,0.0,3.0,1.0,1.0,1.0,1.0,1.0,0.0,5.0,0.0,1.0,26.0,4.0,20.0,1.0,1.0,53.0,1.0,0.0,0.0,0.0,0.0,0.0,1.0,0.0,0.0,1.0,0.0,1.0,0.0,0.0,0.0,1.0,0.0,0.0,0.0,0.0,0.0,0.0,1.0,0.0,0.0,0.0,0.0,0.0,0.0,0.0,0.0,0.0,0.0,0.0,0.0,0.0,0.0,0.0,0.0,0.0,24.0,25.0,69.0,7.0,4.0,3.0,0.0,4.0,69.0,49.0,5.0,2.0,2.0,1.0,2.0,130.0,0.0,132.0,75.0,57.0,93.0,37.0,2.0,59.0,65.0,8.0,0.0,88.0,44.0,1.0,12.0,78.0,37.0,4.0,0.0,12.0,28.0,48.0,26.0,18.0,120.0,9.0,2.0,1.0,0.0,111.0,15.0,6.0,2.0,10.0,13.0,18.0,62.0,17.0,10.0,129.0,3.0,108.0,24.0,78.0,51.0,3.0,4.0,14.0,21.0,19.0,45.0,4.0,25.0,119.0,13.0,67.0,65.0,46.0,73.0,13.0,131.0,1.0,117.0,15.0,110.0,22.0,131.0,1.0,87.0,45.0,41.0,71.0,20.0,91.0,39.0,2.0,13.0,35.0,30.0,53.0,1.0,43.0,54.0,8.0,8.0,19.0,11.0,121.0,88.0,39.0,5.0,0.0,108.0,0.0,24.0,106.0,20.0,6.0,129.0,3.0,0.0,11.0,121.0,108.0,24.0,103.0,27.0,2.0,0.0,122.0,10.0,0.0,90.0,42.0,0.0,125.0,7.0,0.0,110.0,22.0,0.0,0.0,84.0,48.0,94.0,34.0,3.0,1.0,125.0,6.0,1.0,94.0,37.0,1.0,110.0,21.0,1.0,121.0,10.0,1.0,118.0,10.0,1.0,3.0,28.0,82.0,22.0,0.0,Atingiu a média
16,23068566,2017,1,2,2303,23016,23,2304400,230440005,2,1,2.0,1.0,1.0,0.0,0.0,0.0,0.0,0.0,0.0,0.0,0.0,0.0,0.0,1.0,1.0,0.0,0.0,0.0,0.0,1.0,0.0,0.0,0.0,1.0,0.0,0.0,1.0,0.0,0.0,0.0,0.0,0.0,1.0,1.0,1.0,1.0,0.0,1.0,0.0,1.0,1.0,1.0,0.0,1.0,0.0,0.0,0.0,1.0,0.0,1.0,0.0,1.0,0.0,0.0,0.0,1.0,1.0,1.0,0.0,0.0,0.0,0.0,0.0,0.0,16.0,16.0,0.0,0.0,0.0,0.0,0.0,0.0,0.0,0.0,0.0,0.0,0.0,0.0,1.0,0.0,0.0,0.0,0.0,0.0,0.0,0.0,0.0,0.0,0.0,0.0,0.0,15.0,3.0,12.0,1.0,1.0,46.0,1.0,0.0,0.0,0.0,0.0,0.0,1.0,0.0,0.0,0.0,0.0,1.0,0.0,0.0,0.0,1.0,0.0,0.0,0.0,0.0,0.0,0.0,1.0,0.0,0.0,0.0,0.0,0.0,0.0,0.0,0.0,0.0,0.0,0.0,0.0,0.0,0.0,0.0,0.0,0.0,16.0,14.0,122.0,7.0,3.0,16.0,0.0,0.0,41.0,63.0,30.0,14.0,9.0,21.0,7.0,171.0,1.0,177.0,92.0,86.0,132.0,42.0,4.0,105.0,66.0,7.0,3.0,133.0,42.0,4.0,35.0,97.0,32.0,10.0,1.0,29.0,44.0,46.0,28.0,30.0,159.0,16.0,2.0,1.0,0.0,138.0,37.0,3.0,6.0,42.0,35.0,37.0,40.0,3.0,15.0,161.0,17.0,133.0,45.0,75.0,101.0,2.0,11.0,32.0,25.0,27.0,31.0,4.0,48.0,148.0,30.0,98.0,80.0,68.0,76.0,34.0,166.0,12.0,154.0,24.0,144.0,34.0,167.0,11.0,112.0,66.0,43.0,112.0,23.0,123.0,52.0,3.0,27.0,53.0,25.0,63.0,10.0,60.0,69.0,13.0,20.0,16.0,41.0,137.0,84.0,77.0,16.0,1.0,158.0,6.0,14.0,100.0,53.0,25.0,135.0,33.0,10.0,25.0,153.0,146.0,32.0,100.0,70.0,5.0,3.0,143.0,29.0,6.0,105.0,69.0,4.0,154.0,19.0,5.0,157.0,18.0,1.0,2.0,118.0,60.0,84.0,82.0,8.0,4.0,165.0,8.0,5.0,119.0,55.0,4.0,115.0,59.0,4.0,136.0,38.0,4.0,154.0,19.0,2.0,3.0,19.0,88.0,71.0,0.0,Não Atingiu a média
17,23015594,2017,1,2,2301,23003,23,2304004,230400405,2,1,1.0,1.0,1.0,0.0,0.0,0.0,0.0,0.0,0.0,0.0,1.0,1.0,0.0,1.0,1.0,0.0,1.0,0.0,0.0,1.0,0.0,0.0,0.0,1.0,1.0,0.0,1.0,0.0,0.0,0.0,0.0,0.0,1.0,1.0,1.0,0.0,0.0,1.0,0.0,1.0,1.0,0.0,0.0,0.0,0.0,0.0,0.0,0.0,0.0,0.0,0.0,1.0,0.0,0.0,1.0,1.0,0.0,1.0,0.0,0.0,0.0,0.0,0.0,0.0,7.0,22.0,0.0,0.0,0.0,0.0,0.0,0.0,0.0,0.0,0.0,0.0,0.0,0.0,1.0,0.0,0.0,0.0,0.0,0.0,0.0,0.0,0.0,0.0,0.0,0.0,0.0,15.0,1.0,14.0,1.0,1.0,94.0,1.0,1.0,0.0,0.0,0.0,0.0,1.0,0.0,0.0,1.0,0.0,1.0,0.0,0.0,0.0,1.0,1.0,1.0,0.0,0.0,0.0,0.0,1.0,0.0,0.0,0.0,0.0,0.0,0.0,0.0,0.0,0.0,0.0,1.0,1.0,0.0,0.0,0.0,0.0,0.0,53.0,13.0,121.0,12.0,1.0,5.0,0.0,3.0,82.0,73.0,24.0,15.0,4.0,4.0,4.0,201.0,3.0,202.0,149.0,56.0,168.0,34.0,3.0,152.0,49.0,4.0,6.0,183.0,16.0,6.0,53.0,112.0,31.0,3.0,0.0,21.0,45.0,68.0,38.0,33.0,191.0,10.0,3.0,1.0,0.0,169.0,27.0,9.0,26.0,51.0,32.0,13.0,37.0,14.0,32.0,134.0,71.0,122.0,83.0,135.0,65.0,5.0,34.0,54.0,23.0,11.0,25.0,7.0,51.0,116.0,89.0,81.0,124.0,124.0,61.0,20.0,201.0,4.0,190.0,15.0,187.0,18.0,202.0,3.0,152.0,53.0,68.0,122.0,15.0,127.0,75.0,3.0,54.0,59.0,33.0,55.0,4.0,80.0,62.0,16.0,15.0,32.0,35.0,170.0,146.0,46.0,12.0,1.0,194.0,1.0,10.0,153.0,39.0,13.0,190.0,11.0,4.0,52.0,153.0,188.0,17.0,164.0,40.0,1.0,0.0,182.0,23.0,0.0,127.0,78.0,0.0,158.0,46.0,1.0,193.0,11.0,1.0,0.0,134.0,71.0,137.0,63.0,5.0,0.0,190.0,15.0,0.0,165.0,40.0,0.0,161.0,44.0,0.0,141.0,62.0,2.0,162.0,37.0,6.0,0.0,29.0,105.0,35.0,36.0,Não Atingiu a média
18,23083921,2017,1,2,2303,23017,23,2305233,230523305,2,1,1.0,1.0,1.0,0.0,0.0,0.0,0.0,0.0,0.0,0.0,0.0,0.0,0.0,1.0,1.0,0.0,1.0,0.0,0.0,1.0,0.0,0.0,0.0,0.0,1.0,0.0,1.0,0.0,0.0,0.0,0.0,0.0,1.0,1.0,1.0,0.0,0.0,1.0,0.0,1.0,1.0,0.0,0.0,0.0,0.0,0.0,0.0,1.0,0.0,1.0,0.0,1.0,0.0,0.0,1.0,1.0,0.0,1.0,1.0,0.0,0.0,0.0,0.0,0.0,16.0,16.0,1.0,0.0,1.0,1.0,1.0,1.0,1.0,1.0,1.0,1.0,0.0,0.0,1.0,1.0,0.0,3.0,1.0,3.0,1.0,2.0,1.0,1.0,3.0,0.0,0.0,20.0,5.0,15.0,1.0,1.0,96.0,1.0,0.0,0.0,0.0,0.0,0.0,1.0,0.0,0.0,0.0,0.0,1.0,0.0,0.0,0.0,1.0,1.0,0.0,0.0,0.0,0.0,0.0,1.0,0.0,0.0,0.0,0.0,0.0,0.0,0.0,0.0,0.0,0.0,1.0,0.0,0.0,0.0,0.0,0.0,0.0,53.0,33.0,303.0,21.0,9.0,25.0,1.0,3.0,113.0,221.0,58.0,23.0,10.0,15.0,11.0,433.0,2.0,442.0,227.0,217.0,334.0,97.0,13.0,284.0,137.0,23.0,3.0,275.0,166.0,2.0,65.0,223.0,121.0,33.0,3.0,60.0,86.0,146.0,80.0,69.0,394.0,28.0,19.0,1.0,2.0,357.0,69.0,18.0,18.0,120.0,75.0,63.0,92.0,18.0,58.0,368.0,76.0,332.0,112.0,226.0,188.0,30.0,27.0,85.0,66.0,54.0,80.0,8.0,124.0,344.0,100.0,247.0,197.0,171.0,184.0,89.0,434.0,10.0,388.0,56.0,371.0,73.0,433.0,11.0,266.0,178.0,124.0,252.0,68.0,314.0,117.0,13.0,88.0,105.0,71.0,165.0,15.0,142.0,144.0,39.0,44.0,75.0,96.0,348.0,284.0,129.0,26.0,5.0,430.0,4.0,10.0,302.0,119.0,23.0,407.0,30.0,7.0,84.0,360.0,360.0,84.0,273.0,152.0,13.0,6.0,365.0,69.0,10.0,213.0,222.0,9.0,412.0,25.0,7.0,366.0,64.0,6.0,8.0,260.0,184.0,261.0,146.0,27.0,10.0,399.0,39.0,6.0,344.0,94.0,6.0,265.0,165.0,14.0,360.0,73.0,11.0,389.0,40.0,6.0,9.0,46.0,175.0,219.0,4.0,Não Atingiu a média
19,23159545,2017,1,2,2307,23031,23,2302008,230200805,2,1,2.0,1.0,1.0,0.0,0.0,0.0,0.0,0.0,0.0,0.0,0.0,0.0,0.0,1.0,1.0,1.0,1.0,0.0,0.0,1.0,0.0,0.0,0.0,0.0,1.0,0.0,1.0,0.0,0.0,0.0,0.0,0.0,0.0,1.0,1.0,0.0,1.0,1.0,0.0,1.0,1.0,0.0,1.0,1.0,0.0,0.0,0.0,1.0,0.0,1.0,0.0,1.0,1.0,0.0,1.0,1.0,0.0,1.0,1.0,0.0,0.0,1.0,0.0,0.0,6.0,6.0,1.0,0.0,0.0,1.0,1.0,1.0,1.0,0.0,1.0,1.0,1.0,1.0,1.0,7.0,0.0,0.0,1.0,1.0,1.0,1.0,0.0,1.0,2.0,1.0,1.0,28.0,5.0,23.0,1.0,1.0,36.0,1.0,1.0,0.0,0.0,0.0,0.0,1.0,0.0,0.0,1.0,0.0,1.0,0.0,0.0,0.0,1.0,1.0,1.0,0.0,0.0,0.0,0.0,1.0,0.0,0.0,0.0,0.0,0.0,0.0,0.0,0.0,0.0,0.0,1.0,1.0,0.0,0.0,0.0,0.0,0.0,32.0,10.0,70.0,4.0,3.0,8.0,0.0,11.0,54.0,43.0,8.0,6.0,2.0,3.0,5.0,122.0,4.0,123.0,92.0,35.0,104.0,21.0,2.0,80.0,42.0,5.0,1.0,110.0,16.0,2.0,10.0,88.0,23.0,4.0,1.0,18.0,25.0,40.0,28.0,15.0,121.0,4.0,2.0,0.0,0.0,106.0,11.0,10.0,5.0,41.0,23.0,17.0,25.0,7.0,9.0,115.0,12.0,93.0,34.0,80.0,42.0,5.0,14.0,38.0,23.0,8.0,18.0,4.0,22.0,91.0,36.0,61.0,66.0,91.0,26.0,10.0,126.0,1.0,125.0,2.0,113.0,14.0,126.0,1.0,109.0,18.0,43.0,77.0,7.0,80.0,42.0,5.0,24.0,41.0,18.0,41.0,3.0,46.0,43.0,9.0,8.0,21.0,18.0,109.0,64.0,51.0,11.0,1.0,124.0,1.0,2.0,80.0,35.0,12.0,121.0,4.0,2.0,18.0,109.0,108.0,19.0,99.0,26.0,1.0,1.0,117.0,7.0,3.0,78.0,45.0,4.0,109.0,17.0,1.0,104.0,21.0,2.0,0.0,91.0,36.0,95.0,29.0,3.0,0.0,122.0,5.0,0.0,114.0,13.0,0.0,98.0,27.0,2.0,98.0,27.0,2.0,124.0,3.0,0.0,0.0,38.0,77.0,11.0,1.0,Atingiu a média
20,23159766,2017,1,2,2307,23031,23,2302008,230200805,2,1,2.0,1.0,1.0,0.0,0.0,0.0,0.0,0.0,0.0,0.0,1.0,0.0,0.0,1.0,1.0,0.0,1.0,0.0,0.0,1.0,0.0,0.0,0.0,0.0,1.0,0.0,1.0,1.0,0.0,0.0,0.0,0.0,1.0,1.0,1.0,0.0,0.0,1.0,0.0,1.0,1.0,0.0,0.0,0.0,0.0,0.0,0.0,1.0,0.0,1.0,0.0,1.0,0.0,0.0,1.0,1.0,0.0,0.0,0.0,0.0,0.0,0.0,0.0,0.0,8.0,5.0,1.0,1.0,0.0,0.0,1.0,1.0,0.0,1.0,0.0,1.0,1.0,1.0,1.0,1.0,2.0,0.0,0.0,1.0,1.0,0.0,1.0,0.0,3.0,1.0,1.0,20.0,5.0,9.0,1.0,0.0,29.0,1.0,0.0,0.0,0.0,0.0,0.0,1.0,0.0,0.0,0.0,0.0,1.0,0.0,0.0,0.0,1.0,0.0,0.0,0.0,0.0,0.0,0.0,1.0,0.0,0.0,0.0,0.0,0.0,0.0,0.0,0.0,0.0,0.0,0.0,0.0,0.0,0.0,0.0,0.0,0.0,10.0,4.0,40.0,3.0,0.0,3.0,2.0,13.0,14.0,12.0,12.0,6.0,1.0,0.0,1.0,59.0,1.0,59.0,38.0,22.0,48.0,11.0,1.0,37.0,20.0,3.0,1.0,51.0,8.0,1.0,3.0,36.0,18.0,2.0,1.0,5.0,9.0,22.0,12.0,11.0,56.0,4.0,0.0,0.0,0.0,52.0,5.0,3.0,1.0,23.0,14.0,3.0,12.0,3.0,4.0,53.0,7.0,47.0,13.0,38.0,20.0,2.0,4.0,21.0,12.0,5.0,7.0,1.0,10.0,50.0,10.0,29.0,31.0,42.0,15.0,3.0,58.0,2.0,55.0,5.0,51.0,9.0,59.0,1.0,43.0,17.0,12.0,35.0,13.0,36.0,18.0,6.0,14.0,18.0,14.0,12.0,2.0,22.0,18.0,4.0,9.0,7.0,7.0,53.0,23.0,30.0,4.0,3.0,60.0,0.0,0.0,29.0,23.0,8.0,56.0,4.0,0.0,8.0,52.0,44.0,16.0,36.0,21.0,3.0,0.0,52.0,8.0,0.0,30.0,30.0,0.0,44.0,16.0,0.0,59.0,1.0,0.0,0.0,33.0,27.0,33.0,20.0,7.0,0.0,53.0,7.0,0.0,52.0,8.0,0.0,38.0,22.0,0.0,40.0,20.0,0.0,58.0,2.0,0.0,0.0,12.0,29.0,19.0,0.0,Atingiu a média
21,23070900,2017,1,2,2303,23016,23,2304400,230440005,2,1,0.0,1.0,1.0,0.0,0.0,0.0,0.0,0.0,0.0,0.0,0.0,0.0,0.0,1.0,1.0,0.0,0.0,0.0,0.0,1.0,0.0,0.0,0.0,1.0,0.0,0.0,1.0,0.0,0.0,1.0,0.0,0.0,1.0,1.0,1.0,1.0,1.0,0.0,1.0,1.0,1.0,0.0,1.0,1.0,0.0,0.0,0.0,1.0,0.0,0.0,1.0,0.0,0.0,1.0,0.0,1.0,1.0,0.0,1.0,0.0,0.0,0.0,0.0,0.0,19.0,16.0,1.0,0.0,0.0,0.0,0.0,0.0,1.0,0.0,1.0,0.0,0.0,1.0,1.0,1.0,0.0,0.0,0.0,0.0,0.0,1.0,0.0,1.0,0.0,0.0,1.0,14.0,6.0,8.0,1.0,1.0,55.0,1.0,1.0,0.0,0.0,0.0,0.0,1.0,0.0,0.0,0.0,0.0,1.0,0.0,0.0,1.0,1.0,1.0,0.0,0.0,0.0,0.0,1.0,1.0,0.0,0.0,0.0,0.0,0.0,0.0,0.0,0.0,0.0,1.0,1.0,0.0,1.0,0.0,0.0,0.0,0.0,5.0,1.0,17.0,0.0,0.0,1.0,0.0,0.0,0.0,9.0,4.0,6.0,2.0,3.0,0.0,24.0,0.0,24.0,10.0,14.0,21.0,3.0,0.0,21.0,3.0,0.0,0.0,20.0,4.0,2.0,7.0,12.0,1.0,2.0,0.0,1.0,5.0,5.0,3.0,10.0,22.0,0.0,2.0,0.0,0.0,18.0,6.0,0.0,0.0,7.0,5.0,3.0,4.0,0.0,5.0,22.0,2.0,15.0,9.0,11.0,11.0,2.0,2.0,4.0,3.0,1.0,2.0,0.0,12.0,18.0,6.0,10.0,14.0,13.0,8.0,3.0,24.0,0.0,23.0,1.0,21.0,3.0,23.0,1.0,16.0,8.0,2.0,18.0,4.0,17.0,6.0,1.0,2.0,6.0,4.0,11.0,1.0,7.0,10.0,2.0,1.0,4.0,1.0,23.0,17.0,6.0,0.0,1.0,23.0,0.0,1.0,13.0,9.0,2.0,19.0,4.0,1.0,5.0,19.0,19.0,5.0,8.0,14.0,0.0,2.0,20.0,3.0,1.0,11.0,12.0,1.0,19.0,4.0,1.0,23.0,0.0,0.0,1.0,17.0,7.0,6.0,16.0,0.0,2.0,20.0,2.0,2.0,17.0,5.0,2.0,14.0,9.0,1.0,11.0,11.0,2.0,12.0,9.0,2.0,1.0,7.0,11.0,6.0,0.0,Não Atingiu a média
22,23139382,2017,1,2,2306,23026,23,2303808,230380805,2,1,1.0,1.0,1.0,0.0,0.0,0.0,0.0,0.0,0.0,0.0,0.0,0.0,0.0,1.0,1.0,1.0,1.0,0.0,0.0,1.0,0.0,0.0,0.0,1.0,1.0,0.0,1.0,0.0,0.0,0.0,0.0,0.0,1.0,1.0,1.0,1.0,0.0,1.0,0.0,1.0,1.0,1.0,1.0,1.0,0.0,0.0,0.0,1.0,0.0,1.0,0.0,1.0,1.0,0.0,1.0,1.0,1.0,1.0,1.0,0.0,0.0,1.0,0.0,0.0,9.0,9.0,1.0,0.0,1.0,1.0,1.0,0.0,0.0,1.0,1.0,1.0,0.0,1.0,1.0,2.0,0.0,2.0,1.0,1.0,0.0,0.0,2.0,3.0,2.0,0.0,1.0,63.0,5.0,58.0,1.0,1.0,93.0,1.0,0.0,0.0,0.0,0.0,0.0,1.0,0.0,0.0,0.0,0.0,1.0,0.0,0.0,0.0,1.0,0.0,0.0,0.0,0.0,0.0,0.0,1.0,0.0,0.0,0.0,0.0,0.0,0.0,0.0,0.0,0.0,0.0,0.0,0.0,0.0,0.0,0.0,0.0,0.0,34.0,24.0,78.0,8.0,3.0,8.0,0.0,5.0,26.0,42.0,37.0,19.0,12.0,14.0,4.0,151.0,2.0,153.0,82.0,73.0,125.0,26.0,4.0,116.0,35.0,4.0,1.0,139.0,15.0,3.0,30.0,88.0,31.0,3.0,1.0,15.0,40.0,42.0,30.0,27.0,139.0,12.0,3.0,0.0,1.0,126.0,25.0,4.0,4.0,54.0,28.0,18.0,13.0,9.0,29.0,121.0,34.0,117.0,38.0,98.0,52.0,5.0,17.0,46.0,21.0,12.0,12.0,0.0,47.0,101.0,54.0,75.0,80.0,82.0,51.0,22.0,150.0,5.0,135.0,20.0,133.0,22.0,150.0,5.0,105.0,50.0,48.0,91.0,16.0,96.0,47.0,12.0,45.0,38.0,18.0,42.0,12.0,54.0,37.0,11.0,16.0,37.0,23.0,132.0,80.0,50.0,22.0,3.0,147.0,0.0,8.0,65.0,69.0,21.0,124.0,21.0,10.0,46.0,109.0,148.0,7.0,92.0,59.0,4.0,0.0,127.0,18.0,10.0,86.0,60.0,9.0,125.0,28.0,2.0,145.0,9.0,1.0,0.0,94.0,61.0,76.0,70.0,9.0,0.0,145.0,7.0,3.0,125.0,25.0,5.0,108.0,45.0,2.0,105.0,45.0,5.0,147.0,7.0,1.0,0.0,27.0,90.0,38.0,0.0,Não Atingiu a média
23,23234580,2017,1,2,2301,23001,23,2302057,230205705,2,1,1.0,1.0,1.0,0.0,0.0,0.0,0.0,0.0,0.0,0.0,0.0,1.0,0.0,1.0,1.0,0.0,1.0,0.0,0.0,1.0,0.0,0.0,0.0,1.0,1.0,0.0,1.0,0.0,0.0,0.0,0.0,0.0,1.0,0.0,1.0,0.0,0.0,1.0,0.0,1.0,1.0,1.0,0.0,1.0,0.0,0.0,0.0,1.0,0.0,0.0,0.0,0.0,0.0,0.0,1.0,0.0,0.0,1.0,0.0,0.0,0.0,1.0,0.0,0.0,10.0,10.0,0.0,0.0,0.0,0.0,1.0,0.0,0.0,0.0,0.0,0.0,0.0,0.0,1.0,0.0,0.0,0.0,0.0,4.0,0.0,0.0,0.0,0.0,0.0,0.0,0.0,4.0,3.0,1.0,1.0,1.0,58.0,1.0,0.0,0.0,0.0,0.0,0.0,1.0,0.0,0.0,1.0,0.0,1.0,0.0,0.0,0.0,1.0,1.0,0.0,0.0,0.0,0.0,0.0,1.0,0.0,0.0,0.0,0.0,0.0,0.0,0.0,0.0,0.0,0.0,1.0,0.0,0.0,0.0,0.0,0.0,0.0,10.0,15.0,134.0,11.0,1.0,28.0,0.0,2.0,47.0,103.0,23.0,12.0,6.0,6.0,7.0,192.0,3.0,196.0,165.0,34.0,180.0,16.0,3.0,171.0,26.0,2.0,6.0,169.0,24.0,4.0,29.0,116.0,42.0,8.0,0.0,11.0,34.0,50.0,51.0,53.0,186.0,11.0,1.0,1.0,0.0,178.0,15.0,6.0,12.0,76.0,22.0,23.0,11.0,11.0,44.0,149.0,50.0,132.0,67.0,132.0,54.0,13.0,31.0,59.0,16.0,10.0,8.0,2.0,73.0,98.0,101.0,71.0,128.0,167.0,21.0,11.0,192.0,7.0,187.0,12.0,180.0,19.0,195.0,4.0,151.0,48.0,76.0,109.0,14.0,117.0,72.0,10.0,74.0,47.0,22.0,38.0,18.0,72.0,55.0,7.0,20.0,45.0,31.0,168.0,136.0,42.0,12.0,9.0,193.0,1.0,5.0,131.0,51.0,17.0,182.0,14.0,3.0,77.0,122.0,175.0,24.0,134.0,59.0,5.0,1.0,185.0,10.0,4.0,105.0,89.0,5.0,154.0,43.0,2.0,189.0,9.0,0.0,1.0,125.0,74.0,121.0,72.0,6.0,0.0,190.0,8.0,1.0,182.0,15.0,2.0,135.0,61.0,3.0,142.0,56.0,1.0,193.0,6.0,0.0,0.0,23.0,87.0,53.0,36.0,Não Atingiu a média
24,23153261,2017,1,2,2307,23029,23,2302701,230270105,2,1,1.0,1.0,1.0,0.0,0.0,0.0,0.0,0.0,0.0,0.0,1.0,0.0,0.0,1.0,1.0,0.0,1.0,0.0,0.0,1.0,0.0,0.0,0.0,1.0,1.0,0.0,1.0,0.0,0.0,0.0,0.0,0.0,1.0,1.0,1.0,1.0,0.0,0.0,0.0,0.0,1.0,1.0,1.0,1.0,0.0,0.0,0.0,1.0,0.0,0.0,0.0,1.0,0.0,0.0,1.0,1.0,1.0,1.0,0.0,0.0,0.0,0.0,0.0,0.0,9.0,24.0,1.0,0.0,1.0,1.0,1.0,0.0,1.0,1.0,1.0,1.0,1.0,0.0,1.0,2.0,0.0,1.0,1.0,1.0,0.0,1.0,2.0,1.0,2.0,1.0,0.0,48.0,7.0,41.0,1.0,1.0,83.0,1.0,0.0,0.0,0.0,0.0,0.0,1.0,0.0,0.0,0.0,0.0,1.0,0.0,0.0,0.0,1.0,0.0,0.0,0.0,0.0,0.0,0.0,1.0,0.0,0.0,0.0,0.0,0.0,0.0,0.0,0.0,0.0,0.0,0.0,0.0,0.0,0.0,0.0,0.0,0.0,54.0,34.0,109.0,17.0,5.0,15.0,0.0,11.0,92.0,96.0,22.0,10.0,2.0,1.0,8.0,226.0,5.0,229.0,149.0,85.0,194.0,37.0,3.0,152.0,71.0,11.0,9.0,179.0,46.0,2.0,16.0,118.0,82.0,16.0,1.0,25.0,51.0,81.0,39.0,37.0,219.0,14.0,1.0,0.0,0.0,196.0,27.0,11.0,10.0,67.0,38.0,32.0,39.0,26.0,22.0,199.0,35.0,171.0,63.0,138.0,91.0,5.0,27.0,59.0,37.0,25.0,28.0,10.0,48.0,153.0,81.0,108.0,126.0,191.0,36.0,7.0,227.0,7.0,217.0,17.0,213.0,21.0,228.0,6.0,172.0,62.0,85.0,126.0,23.0,145.0,85.0,4.0,45.0,68.0,46.0,62.0,13.0,68.0,82.0,21.0,27.0,36.0,39.0,195.0,148.0,66.0,17.0,3.0,218.0,3.0,13.0,179.0,45.0,10.0,220.0,13.0,1.0,63.0,171.0,210.0,24.0,167.0,65.0,2.0,0.0,203.0,30.0,1.0,129.0,105.0,0.0,199.0,35.0,0.0,211.0,20.0,3.0,0.0,158.0,76.0,161.0,64.0,8.0,1.0,217.0,16.0,1.0,187.0,46.0,1.0,170.0,62.0,2.0,177.0,54.0,3.0,216.0,16.0,2.0,0.0,38.0,129.0,53.0,14.0,Atingiu a média
25,23186224,2017,1,2,2303,23016,23,2304400,230440005,2,1,1.0,1.0,2.0,0.0,0.0,0.0,0.0,0.0,0.0,0.0,0.0,0.0,0.0,1.0,1.0,0.0,0.0,0.0,0.0,1.0,0.0,0.0,0.0,1.0,0.0,0.0,1.0,0.0,0.0,0.0,0.0,0.0,0.0,1.0,1.0,0.0,0.0,0.0,0.0,0.0,1.0,1.0,0.0,1.0,0.0,0.0,0.0,0.0,0.0,0.0,0.0,1.0,0.0,0.0,1.0,1.0,0.0,1.0,0.0,0.0,0.0,0.0,0.0,0.0,21.0,21.0,0.0,0.0,0.0,0.0,0.0,0.0,0.0,0.0,0.0,0.0,0.0,0.0,1.0,0.0,0.0,0.0,0.0,0.0,0.0,0.0,0.0,0.0,0.0,0.0,0.0,27.0,4.0,23.0,1.0,1.0,117.0,1.0,1.0,0.0,0.0,0.0,0.0,1.0,0.0,0.0,0.0,0.0,1.0,0.0,0.0,1.0,1.0,1.0,1.0,0.0,0.0,1.0,1.0,1.0,0.0,0.0,0.0,0.0,0.0,0.0,0.0,0.0,0.0,0.0,1.0,1.0,1.0,0.0,0.0,0.0,0.0,12.0,8.0,55.0,7.0,3.0,9.0,0.0,0.0,23.0,35.0,18.0,6.0,2.0,10.0,3.0,91.0,1.0,93.0,44.0,50.0,75.0,17.0,2.0,61.0,27.0,6.0,0.0,67.0,27.0,3.0,28.0,46.0,12.0,5.0,0.0,17.0,14.0,24.0,23.0,16.0,90.0,4.0,0.0,0.0,0.0,73.0,20.0,1.0,7.0,19.0,19.0,19.0,22.0,3.0,5.0,81.0,13.0,69.0,25.0,49.0,43.0,2.0,11.0,20.0,17.0,16.0,11.0,1.0,18.0,75.0,19.0,54.0,40.0,43.0,30.0,21.0,89.0,5.0,80.0,14.0,79.0,15.0,91.0,3.0,60.0,34.0,30.0,52.0,12.0,69.0,25.0,0.0,12.0,26.0,17.0,31.0,8.0,31.0,34.0,6.0,9.0,14.0,22.0,72.0,38.0,45.0,8.0,3.0,86.0,0.0,8.0,54.0,27.0,13.0,79.0,10.0,5.0,19.0,75.0,85.0,9.0,69.0,19.0,3.0,3.0,70.0,22.0,2.0,45.0,43.0,6.0,84.0,9.0,1.0,88.0,4.0,1.0,1.0,50.0,44.0,41.0,47.0,6.0,0.0,84.0,9.0,1.0,71.0,22.0,1.0,53.0,40.0,1.0,84.0,9.0,1.0,82.0,9.0,1.0,2.0,9.0,55.0,28.0,2.0,Não Atingiu a média
26,23071354,2017,1,2,2303,23016,23,2304400,230440005,2,1,0.0,1.0,1.0,0.0,0.0,0.0,0.0,0.0,0.0,0.0,0.0,0.0,0.0,1.0,1.0,0.0,0.0,0.0,0.0,1.0,0.0,0.0,0.0,1.0,0.0,0.0,1.0,0.0,0.0,0.0,0.0,0.0,1.0,1.0,1.0,0.0,0.0,0.0,0.0,0.0,1.0,0.0,0.0,0.0,0.0,0.0,0.0,1.0,0.0,0.0,0.0,1.0,0.0,0.0,1.0,1.0,0.0,1.0,0.0,0.0,0.0,0.0,0.0,0.0,11.0,11.0,0.0,0.0,0.0,0.0,0.0,0.0,0.0,0.0,0.0,0.0,0.0,0.0,1.0,0.0,0.0,0.0,0.0,0.0,0.0,0.0,0.0,0.0,0.0,0.0,0.0,19.0,7.0,12.0,1.0,1.0,63.0,1.0,0.0,0.0,0.0,0.0,0.0,1.0,0.0,0.0,1.0,0.0,1.0,0.0,0.0,0.0,1.0,1.0,0.0,0.0,0.0,0.0,1.0,1.0,0.0,0.0,0.0,0.0,0.0,0.0,0.0,0.0,0.0,0.0,1.0,0.0,0.0,0.0,0.0,0.0,0.0,7.0,5.0,35.0,1.0,0.0,2.0,0.0,0.0,13.0,24.0,9.0,3.0,1.0,0.0,3.0,47.0,3.0,47.0,23.0,27.0,41.0,9.0,0.0,34.0,14.0,2.0,1.0,36.0,13.0,2.0,6.0,31.0,9.0,2.0,2.0,1.0,10.0,22.0,7.0,8.0,41.0,4.0,5.0,0.0,0.0,39.0,8.0,3.0,0.0,13.0,10.0,9.0,12.0,0.0,6.0,46.0,4.0,38.0,12.0,21.0,27.0,2.0,3.0,10.0,5.0,4.0,13.0,1.0,14.0,38.0,12.0,25.0,25.0,21.0,20.0,9.0,45.0,5.0,44.0,6.0,36.0,14.0,47.0,3.0,29.0,21.0,7.0,31.0,12.0,35.0,13.0,2.0,12.0,15.0,10.0,11.0,2.0,15.0,19.0,5.0,3.0,8.0,10.0,40.0,29.0,15.0,6.0,0.0,47.0,0.0,3.0,31.0,16.0,3.0,43.0,7.0,0.0,7.0,43.0,42.0,8.0,25.0,23.0,0.0,2.0,35.0,11.0,4.0,24.0,21.0,5.0,42.0,5.0,3.0,34.0,11.0,1.0,4.0,20.0,30.0,15.0,28.0,4.0,3.0,40.0,7.0,3.0,33.0,14.0,3.0,30.0,17.0,3.0,37.0,10.0,3.0,35.0,11.0,2.0,2.0,4.0,30.0,16.0,0.0,Não Atingiu a média
27,23545550,2017,1,2,2303,23017,23,2305233,230523312,2,2,1.0,1.0,1.0,0.0,0.0,0.0,0.0,0.0,0.0,0.0,0.0,0.0,0.0,1.0,0.0,1.0,0.0,0.0,0.0,1.0,0.0,0.0,0.0,0.0,1.0,0.0,1.0,0.0,0.0,0.0,0.0,0.0,1.0,1.0,1.0,1.0,0.0,1.0,0.0,1.0,1.0,1.0,0.0,1.0,0.0,0.0,0.0,1.0,0.0,1.0,0.0,1.0,1.0,0.0,1.0,1.0,0.0,1.0,0.0,0.0,0.0,0.0,0.0,0.0,10.0,10.0,1.0,0.0,0.0,0.0,0.0,0.0,0.0,0.0,0.0,0.0,0.0,0.0,1.0,2.0,0.0,0.0,0.0,0.0,0.0,0.0,0.0,0.0,0.0,0.0,0.0,41.0,10.0,31.0,1.0,1.0,51.0,1.0,0.0,0.0,0.0,0.0,0.0,1.0,0.0,0.0,0.0,0.0,1.0,0.0,0.0,0.0,1.0,1.0,1.0,0.0,0.0,0.0,0.0,1.0,0.0,0.0,0.0,0.0,0.0,0.0,0.0,0.0,0.0,0.0,1.0,1.0,0.0,0.0,0.0,0.0,0.0,24.0,18.0,141.0,5.0,4.0,9.0,1.0,2.0,65.0,100.0,17.0,8.0,3.0,5.0,7.0,194.0,4.0,197.0,111.0,90.0,137.0,59.0,5.0,137.0,50.0,14.0,0.0,119.0,82.0,1.0,24.0,103.0,66.0,7.0,1.0,18.0,42.0,70.0,38.0,32.0,176.0,18.0,6.0,1.0,0.0,175.0,20.0,6.0,11.0,43.0,50.0,34.0,35.0,5.0,23.0,176.0,25.0,147.0,54.0,116.0,74.0,11.0,17.0,51.0,29.0,21.0,22.0,5.0,56.0,147.0,54.0,114.0,87.0,91.0,83.0,27.0,196.0,5.0,180.0,21.0,170.0,31.0,195.0,6.0,135.0,66.0,58.0,117.0,26.0,138.0,56.0,7.0,39.0,56.0,33.0,63.0,10.0,76.0,59.0,16.0,14.0,36.0,35.0,166.0,119.0,67.0,14.0,1.0,188.0,4.0,9.0,158.0,37.0,6.0,185.0,14.0,2.0,54.0,147.0,178.0,23.0,139.0,51.0,10.0,1.0,173.0,22.0,6.0,107.0,91.0,3.0,170.0,28.0,3.0,180.0,14.0,4.0,3.0,118.0,83.0,114.0,68.0,13.0,6.0,181.0,15.0,5.0,163.0,34.0,4.0,124.0,69.0,8.0,131.0,63.0,7.0,179.0,14.0,1.0,7.0,27.0,108.0,65.0,1.0,Não Atingiu a média
28,23137150,2017,1,2,2305,23024,23,2306900,230690005,2,1,1.0,1.0,1.0,0.0,0.0,0.0,0.0,0.0,0.0,0.0,1.0,0.0,0.0,1.0,1.0,0.0,0.0,0.0,0.0,1.0,0.0,0.0,0.0,1.0,1.0,0.0,1.0,0.0,1.0,0.0,0.0,0.0,1.0,1.0,1.0,0.0,0.0,0.0,0.0,0.0,1.0,0.0,0.0,0.0,0.0,0.0,0.0,1.0,0.0,0.0,0.0,1.0,1.0,0.0,1.0,0.0,0.0,1.0,0.0,0.0,0.0,0.0,0.0,0.0,5.0,10.0,1.0,0.0,1.0,1.0,1.0,0.0,0.0,0.0,1.0,0.0,0.0,0.0,1.0,1.0,0.0,1.0,1.0,1.0,0.0,0.0,0.0,1.0,0.0,0.0,0.0,21.0,5.0,16.0,1.0,1.0,43.0,1.0,0.0,0.0,0.0,0.0,0.0,1.0,0.0,0.0,0.0,0.0,1.0,0.0,0.0,0.0,1.0,1.0,1.0,0.0,0.0,0.0,0.0,1.0,0.0,0.0,0.0,0.0,0.0,0.0,0.0,0.0,0.0,0.0,1.0,1.0,0.0,0.0,0.0,0.0,0.0,15.0,12.0,41.0,10.0,0.0,7.0,0.0,2.0,26.0,33.0,10.0,13.0,0.0,1.0,0.0,85.0,2.0,83.0,56.0,29.0,67.0,17.0,1.0,63.0,21.0,1.0,3.0,66.0,16.0,1.0,11.0,55.0,14.0,4.0,1.0,5.0,14.0,27.0,27.0,11.0,81.0,3.0,1.0,0.0,0.0,70.0,10.0,5.0,5.0,22.0,12.0,13.0,13.0,7.0,13.0,74.0,11.0,59.0,26.0,56.0,23.0,6.0,12.0,20.0,8.0,9.0,14.0,1.0,21.0,55.0,30.0,46.0,39.0,70.0,11.0,4.0,83.0,2.0,79.0,6.0,74.0,11.0,84.0,1.0,52.0,33.0,17.0,54.0,14.0,51.0,30.0,4.0,20.0,21.0,12.0,29.0,3.0,31.0,25.0,8.0,6.0,15.0,15.0,70.0,70.0,13.0,2.0,0.0,84.0,0.0,1.0,49.0,29.0,7.0,78.0,7.0,0.0,16.0,69.0,68.0,17.0,51.0,31.0,3.0,0.0,73.0,12.0,0.0,50.0,35.0,0.0,75.0,10.0,0.0,70.0,14.0,1.0,0.0,43.0,42.0,52.0,25.0,8.0,0.0,75.0,10.0,0.0,65.0,20.0,0.0,49.0,35.0,1.0,64.0,21.0,0.0,83.0,2.0,0.0,0.0,14.0,49.0,22.0,0.0,Não Atingiu a média
29,23138106,2017,1,2,2305,23025,23,2306009,230600905,2,1,1.0,1.0,1.0,0.0,0.0,0.0,0.0,0.0,0.0,0.0,1.0,0.0,0.0,1.0,1.0,0.0,1.0,0.0,0.0,1.0,0.0,0.0,0.0,1.0,1.0,0.0,1.0,0.0,0.0,0.0,0.0,0.0,1.0,0.0,1.0,1.0,0.0,0.0,0.0,0.0,1.0,0.0,0.0,0.0,0.0,0.0,0.0,1.0,0.0,0.0,0.0,1.0,1.0,0.0,1.0,1.0,0.0,1.0,0.0,0.0,0.0,0.0,0.0,0.0,6.0,9.0,1.0,0.0,0.0,1.0,0.0,1.0,0.0,1.0,1.0,1.0,0.0,1.0,1.0,1.0,0.0,0.0,1.0,0.0,1.0,0.0,1.0,3.0,8.0,0.0,2.0,14.0,4.0,10.0,1.0,1.0,40.0,1.0,0.0,0.0,0.0,1.0,0.0,0.0,0.0,0.0,1.0,0.0,1.0,0.0,0.0,0.0,1.0,0.0,0.0,0.0,0.0,0.0,0.0,1.0,0.0,0.0,0.0,0.0,0.0,0.0,0.0,0.0,0.0,0.0,0.0,0.0,0.0,0.0,0.0,0.0,0.0,21.0,24.0,55.0,3.0,2.0,2.0,0.0,1.0,48.0,46.0,7.0,3.0,0.0,2.0,3.0,104.0,3.0,104.0,66.0,41.0,88.0,17.0,2.0,73.0,29.0,5.0,3.0,89.0,15.0,3.0,16.0,58.0,25.0,5.0,0.0,17.0,30.0,26.0,24.0,10.0,95.0,10.0,1.0,0.0,1.0,88.0,12.0,7.0,7.0,25.0,13.0,18.0,18.0,13.0,13.0,91.0,16.0,75.0,32.0,46.0,52.0,9.0,8.0,27.0,18.0,12.0,10.0,2.0,30.0,72.0,35.0,43.0,64.0,70.0,28.0,9.0,102.0,5.0,98.0,9.0,93.0,14.0,105.0,2.0,78.0,29.0,40.0,53.0,14.0,74.0,30.0,3.0,23.0,24.0,12.0,44.0,4.0,39.0,26.0,7.0,12.0,23.0,16.0,91.0,91.0,9.0,6.0,1.0,98.0,1.0,8.0,96.0,10.0,1.0,99.0,7.0,1.0,40.0,67.0,87.0,20.0,78.0,27.0,2.0,0.0,99.0,7.0,1.0,61.0,45.0,1.0,100.0,7.0,0.0,104.0,3.0,0.0,0.0,66.0,41.0,70.0,32.0,4.0,1.0,91.0,16.0,0.0,86.0,20.0,1.0,69.0,38.0,0.0,89.0,18.0,0.0,99.0,7.0,1.0,0.0,29.0,53.0,23.0,2.0,Atingiu a média
30,23223030,2017,1,2,2303,23016,23,2307650,230765005,2,1,2.0,1.0,1.0,0.0,0.0,0.0,0.0,0.0,0.0,0.0,0.0,0.0,0.0,1.0,1.0,0.0,0.0,0.0,0.0,1.0,0.0,0.0,0.0,1.0,0.0,0.0,1.0,0.0,0.0,1.0,0.0,0.0,1.0,1.0,1.0,1.0,0.0,1.0,0.0,1.0,1.0,1.0,0.0,1.0,0.0,0.0,0.0,1.0,0.0,1.0,1.0,1.0,1.0,0.0,0.0,0.0,1.0,1.0,0.0,0.0,0.0,0.0,0.0,0.0,14.0,17.0,1.0,0.0,0.0,0.0,1.0,0.0,1.0,1.0,1.0,1.0,0.0,1.0,1.0,2.0,0.0,0.0,0.0,1.0,0.0,2.0,3.0,2.0,4.0,0.0,1.0,50.0,9.0,40.0,1.0,1.0,60.0,1.0,0.0,0.0,0.0,0.0,0.0,1.0,0.0,0.0,1.0,0.0,1.0,0.0,0.0,0.0,1.0,0.0,0.0,0.0,0.0,0.0,0.0,1.0,0.0,0.0,0.0,0.0,0.0,0.0,0.0,0.0,0.0,0.0,0.0,0.0,0.0,0.0,0.0,0.0,0.0,51.0,33.0,188.0,15.0,4.0,18.0,0.0,8.0,166.0,107.0,25.0,3.0,0.0,0.0,10.0,299.0,7.0,302.0,123.0,186.0,182.0,111.0,16.0,138.0,140.0,31.0,2.0,198.0,109.0,4.0,29.0,165.0,99.0,12.0,0.0,28.0,76.0,123.0,47.0,35.0,294.0,9.0,3.0,3.0,0.0,271.0,25.0,13.0,2.0,31.0,32.0,61.0,132.0,33.0,18.0,303.0,6.0,258.0,51.0,181.0,112.0,16.0,9.0,25.0,33.0,47.0,118.0,16.0,61.0,282.0,27.0,192.0,117.0,155.0,119.0,35.0,305.0,4.0,268.0,41.0,259.0,50.0,298.0,11.0,199.0,110.0,96.0,177.0,36.0,219.0,87.0,3.0,36.0,79.0,71.0,114.0,9.0,100.0,117.0,32.0,29.0,31.0,66.0,243.0,210.0,92.0,7.0,0.0,270.0,3.0,36.0,261.0,43.0,5.0,300.0,9.0,0.0,28.0,281.0,278.0,31.0,171.0,97.0,9.0,32.0,233.0,41.0,35.0,165.0,104.0,40.0,259.0,16.0,34.0,184.0,74.0,18.0,33.0,180.0,129.0,158.0,110.0,26.0,15.0,255.0,29.0,25.0,177.0,108.0,24.0,199.0,87.0,23.0,236.0,50.0,23.0,253.0,33.0,5.0,18.0,46.0,177.0,85.0,1.0,Atingiu a média
31,23062347,2017,1,2,2303,23016,23,2303709,230370905,2,1,2.0,1.0,1.0,0.0,0.0,0.0,0.0,0.0,0.0,0.0,0.0,0.0,0.0,1.0,1.0,0.0,0.0,0.0,0.0,1.0,0.0,0.0,0.0,1.0,0.0,0.0,1.0,0.0,0.0,0.0,0.0,0.0,1.0,1.0,1.0,0.0,0.0,1.0,0.0,1.0,1.0,1.0,0.0,1.0,0.0,0.0,0.0,0.0,0.0,1.0,0.0,1.0,0.0,0.0,1.0,0.0,0.0,1.0,0.0,0.0,0.0,0.0,0.0,0.0,10.0,10.0,0.0,0.0,0.0,0.0,0.0,0.0,0.0,0.0,0.0,0.0,0.0,0.0,1.0,0.0,0.0,0.0,0.0,0.0,0.0,0.0,0.0,0.0,0.0,0.0,0.0,29.0,29.0,29.0,1.0,1.0,43.0,1.0,0.0,0.0,0.0,0.0,0.0,1.0,0.0,0.0,0.0,0.0,1.0,0.0,0.0,0.0,1.0,0.0,0.0,0.0,0.0,0.0,0.0,1.0,0.0,0.0,0.0,0.0,0.0,0.0,0.0,0.0,0.0,0.0,0.0,0.0,0.0,0.0,0.0,0.0,0.0,42.0,15.0,154.0,19.0,4.0,12.0,0.0,1.0,111.0,114.0,18.0,1.0,1.0,0.0,6.0,240.0,2.0,244.0,103.0,143.0,160.0,79.0,7.0,131.0,107.0,8.0,1.0,168.0,77.0,0.0,31.0,147.0,55.0,13.0,1.0,28.0,65.0,73.0,46.0,33.0,238.0,7.0,0.0,1.0,0.0,215.0,12.0,19.0,3.0,28.0,36.0,67.0,86.0,7.0,19.0,236.0,10.0,190.0,56.0,148.0,87.0,11.0,5.0,22.0,37.0,50.0,74.0,10.0,48.0,214.0,32.0,151.0,95.0,132.0,79.0,35.0,241.0,5.0,223.0,23.0,209.0,37.0,242.0,4.0,160.0,86.0,83.0,133.0,30.0,196.0,46.0,4.0,17.0,61.0,66.0,99.0,3.0,72.0,110.0,17.0,16.0,31.0,26.0,220.0,141.0,101.0,4.0,0.0,222.0,4.0,20.0,205.0,35.0,6.0,238.0,8.0,0.0,12.0,234.0,201.0,45.0,189.0,52.0,4.0,1.0,218.0,27.0,1.0,159.0,86.0,1.0,236.0,10.0,0.0,221.0,24.0,1.0,0.0,156.0,90.0,178.0,61.0,7.0,0.0,239.0,7.0,0.0,200.0,46.0,0.0,188.0,58.0,0.0,217.0,29.0,0.0,240.0,6.0,0.0,0.0,25.0,168.0,52.0,1.0,Atingiu a média
32,23237775,2017,1,2,2301,23006,23,2305803,230580305,2,2,1.0,1.0,1.0,0.0,0.0,0.0,0.0,0.0,0.0,0.0,0.0,0.0,0.0,1.0,1.0,0.0,1.0,1.0,0.0,1.0,0.0,0.0,0.0,1.0,0.0,0.0,1.0,0.0,0.0,0.0,0.0,0.0,1.0,1.0,1.0,1.0,0.0,1.0,0.0,1.0,1.0,1.0,0.0,1.0,0.0,0.0,0.0,0.0,0.0,1.0,0.0,1.0,0.0,1.0,1.0,1.0,0.0,0.0,0.0,0.0,0.0,0.0,0.0,0.0,6.0,6.0,1.0,0.0,0.0,0.0,1.0,0.0,1.0,0.0,0.0,1.0,0.0,1.0,1.0,1.0,0.0,0.0,0.0,1.0,0.0,3.0,0.0,0.0,3.0,0.0,1.0,29.0,6.0,20.0,1.0,0.0,36.0,1.0,0.0,0.0,0.0,0.0,0.0,1.0,0.0,0.0,1.0,0.0,1.0,0.0,0.0,0.0,1.0,0.0,0.0,0.0,0.0,0.0,0.0,1.0,0.0,0.0,0.0,0.0,0.0,0.0,0.0,0.0,0.0,0.0,0.0,0.0,0.0,0.0,0.0,0.0,0.0,14.0,6.0,39.0,2.0,2.0,6.0,0.0,0.0,22.0,30.0,7.0,5.0,1.0,4.0,8.0,61.0,5.0,64.0,51.0,18.0,58.0,9.0,2.0,56.0,12.0,1.0,5.0,53.0,11.0,0.0,8.0,32.0,24.0,5.0,0.0,9.0,11.0,26.0,14.0,9.0,62.0,6.0,1.0,0.0,0.0,62.0,4.0,3.0,6.0,25.0,14.0,12.0,3.0,0.0,9.0,55.0,14.0,50.0,19.0,41.0,26.0,2.0,12.0,19.0,8.0,4.0,4.0,0.0,22.0,43.0,26.0,27.0,42.0,36.0,27.0,6.0,68.0,1.0,64.0,5.0,59.0,10.0,68.0,1.0,49.0,20.0,18.0,39.0,12.0,46.0,16.0,7.0,23.0,16.0,8.0,14.0,8.0,28.0,15.0,6.0,7.0,13.0,7.0,62.0,51.0,11.0,5.0,2.0,67.0,0.0,2.0,51.0,12.0,6.0,65.0,4.0,0.0,19.0,50.0,61.0,8.0,33.0,30.0,5.0,1.0,62.0,6.0,1.0,38.0,28.0,3.0,52.0,14.0,3.0,61.0,8.0,0.0,0.0,46.0,23.0,27.0,34.0,6.0,2.0,64.0,1.0,4.0,52.0,15.0,2.0,50.0,16.0,3.0,41.0,24.0,4.0,63.0,4.0,0.0,2.0,16.0,42.0,10.0,1.0,Atingiu a média
33,23125586,2017,1,2,2305,23022,23,2306207,230620705,2,1,1.0,1.0,1.0,0.0,0.0,0.0,0.0,0.0,0.0,0.0,0.0,0.0,0.0,1.0,1.0,0.0,1.0,0.0,0.0,1.0,0.0,0.0,0.0,1.0,1.0,0.0,1.0,0.0,0.0,0.0,0.0,0.0,1.0,1.0,1.0,1.0,1.0,1.0,0.0,1.0,1.0,1.0,0.0,1.0,0.0,0.0,0.0,1.0,0.0,0.0,0.0,1.0,1.0,0.0,1.0,1.0,0.0,1.0,0.0,0.0,0.0,0.0,0.0,0.0,6.0,6.0,1.0,0.0,0.0,0.0,1.0,1.0,1.0,1.0,1.0,1.0,0.0,1.0,1.0,2.0,0.0,0.0,0.0,1.0,1.0,5.0,1.0,1.0,3.0,0.0,3.0,25.0,7.0,19.0,1.0,1.0,30.0,1.0,1.0,0.0,0.0,0.0,0.0,1.0,0.0,0.0,1.0,0.0,1.0,0.0,0.0,0.0,1.0,0.0,0.0,0.0,0.0,0.0,0.0,1.0,0.0,0.0,0.0,0.0,0.0,0.0,0.0,0.0,0.0,0.0,0.0,0.0,0.0,0.0,0.0,0.0,0.0,17.0,6.0,50.0,2.0,0.0,2.0,0.0,1.0,29.0,28.0,9.0,3.0,2.0,5.0,2.0,75.0,3.0,74.0,52.0,25.0,61.0,16.0,0.0,47.0,26.0,4.0,0.0,56.0,21.0,1.0,13.0,40.0,17.0,6.0,6.0,10.0,18.0,21.0,12.0,10.0,75.0,2.0,0.0,0.0,0.0,59.0,14.0,4.0,4.0,25.0,12.0,7.0,9.0,10.0,10.0,64.0,13.0,53.0,24.0,40.0,35.0,2.0,8.0,25.0,12.0,8.0,9.0,0.0,15.0,55.0,22.0,39.0,38.0,40.0,23.0,14.0,75.0,2.0,71.0,6.0,65.0,12.0,74.0,3.0,49.0,28.0,30.0,42.0,5.0,50.0,22.0,5.0,15.0,25.0,18.0,16.0,3.0,21.0,31.0,4.0,5.0,16.0,17.0,60.0,58.0,16.0,3.0,0.0,76.0,0.0,1.0,57.0,15.0,5.0,64.0,11.0,2.0,16.0,61.0,73.0,4.0,59.0,15.0,2.0,1.0,70.0,7.0,0.0,43.0,33.0,1.0,65.0,12.0,0.0,76.0,0.0,0.0,1.0,39.0,38.0,45.0,26.0,5.0,1.0,72.0,5.0,0.0,70.0,7.0,0.0,46.0,31.0,0.0,63.0,12.0,2.0,75.0,1.0,0.0,1.0,11.0,51.0,14.0,1.0,Atingiu a média
34,23041889,2017,1,2,2302,23010,23,2306306,230630605,2,1,1.0,1.0,1.0,0.0,0.0,0.0,0.0,0.0,0.0,0.0,0.0,0.0,0.0,1.0,1.0,0.0,0.0,0.0,0.0,1.0,0.0,0.0,0.0,1.0,1.0,0.0,1.0,0.0,0.0,0.0,0.0,1.0,1.0,1.0,1.0,1.0,0.0,0.0,1.0,1.0,1.0,1.0,1.0,1.0,0.0,0.0,0.0,1.0,0.0,0.0,1.0,1.0,0.0,0.0,1.0,1.0,1.0,1.0,1.0,0.0,0.0,1.0,0.0,0.0,10.0,10.0,1.0,0.0,0.0,0.0,1.0,1.0,1.0,0.0,1.0,1.0,0.0,0.0,1.0,2.0,0.0,0.0,0.0,2.0,1.0,1.0,0.0,1.0,4.0,0.0,0.0,23.0,8.0,15.0,1.0,1.0,47.0,1.0,0.0,0.0,0.0,0.0,0.0,1.0,0.0,0.0,0.0,0.0,1.0,0.0,0.0,0.0,1.0,0.0,0.0,0.0,0.0,0.0,0.0,1.0,0.0,0.0,0.0,0.0,0.0,0.0,0.0,0.0,0.0,0.0,0.0,0.0,0.0,0.0,0.0,0.0,0.0,14.0,16.0,132.0,3.0,3.0,6.0,0.0,4.0,68.0,79.0,16.0,3.0,1.0,3.0,9.0,165.0,10.0,164.0,145.0,29.0,150.0,23.0,1.0,135.0,37.0,2.0,3.0,151.0,20.0,5.0,46.0,90.0,31.0,2.0,0.0,17.0,37.0,55.0,36.0,29.0,163.0,10.0,1.0,0.0,0.0,157.0,13.0,4.0,6.0,38.0,32.0,36.0,31.0,11.0,20.0,160.0,14.0,136.0,38.0,110.0,59.0,5.0,17.0,41.0,33.0,13.0,26.0,4.0,40.0,135.0,39.0,87.0,87.0,106.0,58.0,10.0,167.0,7.0,159.0,15.0,149.0,25.0,169.0,5.0,134.0,40.0,73.0,87.0,14.0,120.0,49.0,5.0,47.0,52.0,41.0,27.0,7.0,70.0,59.0,12.0,13.0,20.0,10.0,164.0,134.0,30.0,8.0,2.0,163.0,3.0,8.0,145.0,29.0,0.0,166.0,8.0,0.0,31.0,143.0,159.0,15.0,140.0,32.0,2.0,0.0,164.0,9.0,1.0,113.0,61.0,0.0,158.0,16.0,0.0,161.0,12.0,1.0,0.0,116.0,58.0,106.0,63.0,5.0,0.0,170.0,4.0,0.0,151.0,22.0,1.0,123.0,51.0,0.0,148.0,26.0,0.0,165.0,9.0,0.0,0.0,44.0,103.0,27.0,0.0,Atingiu a média
35,23028068,2017,1,2,2301,23006,23,2305902,230590205,2,1,1.0,1.0,1.0,0.0,0.0,0.0,0.0,0.0,0.0,0.0,1.0,0.0,0.0,1.0,1.0,0.0,0.0,0.0,0.0,1.0,0.0,0.0,0.0,1.0,0.0,0.0,1.0,0.0,0.0,0.0,0.0,0.0,1.0,1.0,1.0,1.0,0.0,1.0,0.0,1.0,1.0,1.0,0.0,1.0,0.0,0.0,0.0,1.0,0.0,1.0,0.0,1.0,1.0,0.0,1.0,0.0,1.0,0.0,1.0,0.0,0.0,0.0,0.0,0.0,8.0,11.0,1.0,0.0,0.0,0.0,0.0,0.0,1.0,1.0,0.0,1.0,1.0,0.0,1.0,2.0,0.0,0.0,0.0,0.0,0.0,1.0,1.0,0.0,3.0,1.0,0.0,47.0,5.0,42.0,1.0,1.0,52.0,1.0,0.0,0.0,0.0,0.0,0.0,1.0,0.0,0.0,0.0,0.0,1.0,0.0,0.0,0.0,1.0,0.0,0.0,0.0,0.0,0.0,0.0,1.0,0.0,0.0,0.0,0.0,0.0,0.0,0.0,0.0,0.0,0.0,0.0,0.0,0.0,0.0,0.0,0.0,0.0,34.0,11.0,95.0,4.0,2.0,8.0,0.0,6.0,35.0,48.0,20.0,17.0,8.0,20.0,4.0,150.0,3.0,151.0,96.0,58.0,130.0,20.0,4.0,105.0,44.0,5.0,1.0,124.0,29.0,1.0,13.0,79.0,51.0,10.0,1.0,26.0,29.0,51.0,25.0,22.0,138.0,13.0,1.0,2.0,0.0,108.0,35.0,11.0,15.0,62.0,27.0,11.0,16.0,6.0,17.0,125.0,29.0,108.0,46.0,80.0,68.0,6.0,24.0,46.0,19.0,10.0,8.0,3.0,44.0,99.0,55.0,69.0,85.0,95.0,45.0,14.0,147.0,7.0,140.0,14.0,136.0,18.0,146.0,8.0,118.0,36.0,44.0,86.0,24.0,94.0,52.0,8.0,39.0,38.0,26.0,42.0,9.0,42.0,61.0,14.0,23.0,14.0,28.0,126.0,73.0,63.0,16.0,2.0,149.0,1.0,4.0,66.0,67.0,21.0,121.0,25.0,8.0,78.0,76.0,136.0,18.0,94.0,51.0,4.0,5.0,126.0,24.0,4.0,78.0,73.0,3.0,129.0,21.0,4.0,122.0,25.0,2.0,5.0,105.0,49.0,106.0,38.0,8.0,2.0,139.0,13.0,2.0,116.0,36.0,2.0,104.0,48.0,2.0,125.0,27.0,2.0,142.0,9.0,3.0,0.0,37.0,81.0,28.0,8.0,Não Atingiu a média
36,23461667,2017,1,2,2306,23026,23,2305506,230550605,2,2,1.0,1.0,1.0,0.0,0.0,0.0,0.0,0.0,0.0,0.0,0.0,0.0,0.0,1.0,1.0,1.0,0.0,0.0,0.0,1.0,0.0,0.0,0.0,0.0,1.0,0.0,1.0,0.0,0.0,0.0,0.0,0.0,0.0,1.0,1.0,1.0,0.0,0.0,0.0,0.0,1.0,0.0,0.0,0.0,0.0,0.0,0.0,1.0,0.0,1.0,0.0,1.0,0.0,0.0,1.0,0.0,0.0,1.0,0.0,0.0,0.0,0.0,0.0,0.0,5.0,5.0,1.0,0.0,1.0,0.0,0.0,0.0,0.0,1.0,1.0,1.0,0.0,0.0,1.0,1.0,0.0,1.0,0.0,0.0,0.0,0.0,1.0,2.0,2.0,0.0,0.0,11.0,7.0,4.0,1.0,1.0,33.0,1.0,0.0,0.0,0.0,0.0,0.0,1.0,0.0,0.0,1.0,0.0,1.0,0.0,0.0,0.0,1.0,1.0,1.0,0.0,0.0,0.0,0.0,1.0,0.0,0.0,0.0,0.0,0.0,0.0,0.0,0.0,0.0,0.0,1.0,1.0,0.0,0.0,0.0,0.0,0.0,21.0,5.0,39.0,7.0,1.0,4.0,0.0,4.0,37.0,25.0,6.0,4.0,1.0,0.0,1.0,76.0,0.0,77.0,47.0,30.0,68.0,7.0,2.0,52.0,22.0,3.0,0.0,69.0,8.0,0.0,14.0,52.0,9.0,2.0,0.0,4.0,22.0,24.0,16.0,11.0,73.0,3.0,1.0,0.0,0.0,67.0,6.0,4.0,2.0,36.0,9.0,10.0,11.0,3.0,6.0,63.0,14.0,58.0,19.0,54.0,19.0,4.0,14.0,27.0,6.0,4.0,8.0,1.0,17.0,34.0,43.0,26.0,51.0,46.0,19.0,12.0,77.0,0.0,73.0,4.0,69.0,8.0,76.0,1.0,50.0,27.0,27.0,37.0,13.0,49.0,27.0,1.0,14.0,25.0,19.0,17.0,2.0,23.0,33.0,11.0,2.0,8.0,6.0,71.0,56.0,16.0,5.0,0.0,75.0,0.0,2.0,63.0,12.0,2.0,71.0,5.0,1.0,6.0,71.0,73.0,4.0,46.0,30.0,1.0,0.0,73.0,4.0,0.0,51.0,26.0,0.0,72.0,5.0,0.0,75.0,2.0,0.0,0.0,63.0,14.0,50.0,24.0,2.0,1.0,76.0,0.0,1.0,69.0,7.0,1.0,63.0,13.0,1.0,63.0,13.0,1.0,68.0,8.0,0.0,1.0,10.0,53.0,14.0,0.0,Atingiu a média
37,23165430,2017,1,2,2307,23032,23,2307304,230730405,2,1,2.0,1.0,1.0,0.0,0.0,0.0,0.0,0.0,0.0,0.0,0.0,0.0,0.0,1.0,1.0,0.0,0.0,0.0,0.0,1.0,0.0,0.0,0.0,0.0,1.0,0.0,1.0,0.0,0.0,0.0,0.0,0.0,1.0,1.0,1.0,1.0,1.0,1.0,0.0,1.0,1.0,1.0,0.0,1.0,0.0,0.0,0.0,1.0,0.0,1.0,1.0,1.0,0.0,0.0,1.0,1.0,1.0,1.0,0.0,0.0,0.0,1.0,0.0,0.0,16.0,16.0,1.0,0.0,1.0,0.0,0.0,0.0,1.0,1.0,1.0,1.0,0.0,1.0,1.0,2.0,0.0,1.0,0.0,0.0,0.0,1.0,2.0,1.0,7.0,0.0,1.0,39.0,15.0,24.0,1.0,1.0,64.0,1.0,1.0,0.0,0.0,0.0,0.0,1.0,0.0,0.0,1.0,0.0,1.0,0.0,0.0,0.0,1.0,0.0,0.0,0.0,0.0,0.0,0.0,1.0,0.0,0.0,0.0,0.0,0.0,0.0,0.0,0.0,0.0,0.0,0.0,0.0,0.0,0.0,0.0,0.0,0.0,89.0,36.0,161.0,29.0,8.0,17.0,0.0,8.0,178.0,130.0,21.0,1.0,1.0,1.0,4.0,336.0,6.0,334.0,173.0,167.0,209.0,124.0,7.0,126.0,169.0,45.0,2.0,188.0,150.0,3.0,18.0,203.0,102.0,14.0,1.0,22.0,79.0,123.0,74.0,41.0,328.0,9.0,2.0,0.0,1.0,293.0,28.0,19.0,4.0,33.0,37.0,59.0,138.0,52.0,17.0,328.0,12.0,277.0,63.0,207.0,116.0,17.0,11.0,32.0,45.0,56.0,112.0,29.0,55.0,308.0,32.0,200.0,140.0,171.0,136.0,33.0,333.0,7.0,304.0,36.0,281.0,59.0,329.0,11.0,229.0,111.0,102.0,181.0,57.0,241.0,91.0,8.0,34.0,78.0,76.0,144.0,8.0,98.0,127.0,26.0,28.0,61.0,75.0,265.0,225.0,107.0,8.0,0.0,292.0,9.0,39.0,278.0,54.0,8.0,324.0,16.0,0.0,33.0,307.0,267.0,73.0,187.0,128.0,17.0,8.0,261.0,67.0,12.0,192.0,136.0,12.0,314.0,17.0,9.0,210.0,106.0,17.0,7.0,198.0,142.0,223.0,96.0,20.0,1.0,314.0,23.0,3.0,241.0,96.0,3.0,230.0,108.0,2.0,304.0,34.0,2.0,319.0,18.0,1.0,2.0,35.0,167.0,136.0,2.0,Atingiu a média
38,23265000,2017,1,2,2302,23015,23,2303501,230350105,2,1,0.0,1.0,1.0,0.0,0.0,0.0,0.0,0.0,0.0,0.0,0.0,0.0,0.0,1.0,0.0,1.0,1.0,0.0,0.0,1.0,0.0,0.0,0.0,0.0,1.0,0.0,1.0,0.0,0.0,0.0,0.0,0.0,1.0,1.0,1.0,1.0,0.0,1.0,0.0,1.0,1.0,0.0,0.0,0.0,0.0,0.0,0.0,0.0,0.0,1.0,0.0,1.0,0.0,0.0,1.0,1.0,0.0,1.0,0.0,0.0,0.0,0.0,0.0,0.0,6.0,6.0,0.0,0.0,0.0,0.0,1.0,1.0,1.0,1.0,0.0,1.0,0.0,0.0,1.0,0.0,0.0,0.0,0.0,1.0,1.0,1.0,1.0,0.0,1.0,0.0,0.0,39.0,12.0,27.0,1.0,1.0,18.0,1.0,0.0,0.0,0.0,0.0,0.0,1.0,0.0,0.0,0.0,0.0,1.0,0.0,0.0,0.0,1.0,0.0,0.0,0.0,0.0,0.0,0.0,1.0,0.0,0.0,0.0,0.0,0.0,0.0,0.0,0.0,0.0,0.0,0.0,0.0,0.0,0.0,0.0,0.0,0.0,14.0,7.0,36.0,2.0,0.0,8.0,0.0,0.0,35.0,19.0,8.0,1.0,2.0,2.0,2.0,65.0,0.0,67.0,34.0,33.0,46.0,18.0,3.0,45.0,19.0,3.0,1.0,40.0,26.0,1.0,8.0,34.0,18.0,6.0,0.0,8.0,16.0,26.0,12.0,5.0,58.0,6.0,0.0,2.0,1.0,53.0,8.0,6.0,0.0,13.0,14.0,10.0,11.0,4.0,15.0,60.0,7.0,51.0,16.0,36.0,27.0,4.0,5.0,10.0,10.0,6.0,10.0,2.0,24.0,52.0,15.0,32.0,35.0,37.0,23.0,7.0,66.0,1.0,59.0,8.0,60.0,7.0,66.0,1.0,49.0,18.0,24.0,33.0,10.0,48.0,15.0,4.0,8.0,14.0,12.0,28.0,5.0,20.0,22.0,8.0,5.0,12.0,13.0,54.0,41.0,24.0,1.0,1.0,62.0,1.0,4.0,53.0,10.0,4.0,63.0,2.0,2.0,6.0,61.0,59.0,8.0,36.0,29.0,2.0,0.0,57.0,9.0,1.0,41.0,25.0,1.0,58.0,8.0,1.0,62.0,2.0,2.0,1.0,42.0,25.0,27.0,34.0,5.0,1.0,60.0,6.0,1.0,49.0,17.0,1.0,43.0,23.0,1.0,53.0,13.0,1.0,57.0,7.0,2.0,1.0,13.0,39.0,15.0,0.0,Atingiu a média
39,23008814,2017,1,2,2301,23002,23,2303402,230340205,2,1,2.0,1.0,1.0,0.0,0.0,0.0,0.0,0.0,0.0,0.0,0.0,0.0,0.0,1.0,1.0,0.0,0.0,0.0,0.0,1.0,0.0,0.0,0.0,0.0,1.0,0.0,1.0,0.0,0.0,0.0,0.0,0.0,1.0,1.0,1.0,1.0,0.0,1.0,0.0,1.0,1.0,1.0,1.0,1.0,0.0,0.0,0.0,1.0,0.0,1.0,1.0,1.0,0.0,1.0,1.0,1.0,0.0,1.0,0.0,0.0,0.0,1.0,0.0,0.0,8.0,8.0,1.0,0.0,0.0,0.0,1.0,0.0,0.0,1.0,1.0,1.0,1.0,1.0,1.0,1.0,0.0,0.0,0.0,1.0,0.0,0.0,2.0,3.0,3.0,1.0,1.0,18.0,8.0,10.0,1.0,0.0,35.0,1.0,0.0,0.0,0.0,0.0,0.0,1.0,0.0,0.0,1.0,0.0,1.0,0.0,0.0,0.0,1.0,0.0,0.0,0.0,0.0,0.0,0.0,1.0,0.0,0.0,0.0,0.0,0.0,0.0,0.0,0.0,0.0,0.0,0.0,0.0,0.0,0.0,0.0,0.0,0.0,34.0,4.0,41.0,5.0,1.0,1.0,0.0,1.0,37.0,29.0,9.0,4.0,2.0,4.0,0.0,86.0,1.0,85.0,56.0,30.0,62.0,22.0,2.0,66.0,20.0,0.0,1.0,63.0,22.0,1.0,2.0,27.0,49.0,7.0,0.0,5.0,21.0,27.0,21.0,12.0,80.0,4.0,1.0,1.0,0.0,69.0,16.0,1.0,5.0,24.0,16.0,7.0,11.0,2.0,21.0,74.0,12.0,65.0,21.0,56.0,26.0,4.0,9.0,21.0,16.0,4.0,6.0,1.0,29.0,63.0,23.0,48.0,38.0,59.0,16.0,11.0,84.0,2.0,84.0,2.0,80.0,6.0,84.0,2.0,65.0,21.0,34.0,48.0,4.0,66.0,18.0,2.0,25.0,28.0,11.0,19.0,3.0,15.0,36.0,8.0,10.0,17.0,17.0,69.0,57.0,25.0,4.0,0.0,83.0,0.0,3.0,61.0,23.0,2.0,75.0,9.0,2.0,33.0,53.0,82.0,4.0,57.0,28.0,1.0,0.0,79.0,7.0,0.0,48.0,36.0,2.0,75.0,10.0,1.0,82.0,4.0,0.0,0.0,67.0,19.0,49.0,33.0,4.0,0.0,83.0,3.0,0.0,74.0,11.0,1.0,62.0,24.0,0.0,60.0,24.0,2.0,78.0,7.0,1.0,0.0,19.0,51.0,16.0,0.0,Atingiu a média
40,23072008,2017,1,2,2303,23016,23,2304400,230440005,2,1,1.0,1.0,1.0,0.0,0.0,0.0,0.0,0.0,0.0,0.0,0.0,0.0,0.0,1.0,1.0,0.0,0.0,0.0,0.0,1.0,0.0,0.0,0.0,1.0,1.0,0.0,1.0,0.0,0.0,0.0,0.0,0.0,0.0,1.0,1.0,1.0,0.0,0.0,1.0,1.0,1.0,1.0,1.0,1.0,0.0,0.0,0.0,1.0,0.0,0.0,0.0,1.0,1.0,1.0,1.0,1.0,0.0,1.0,0.0,0.0,0.0,0.0,0.0,0.0,16.0,9.0,0.0,0.0,0.0,0.0,1.0,0.0,1.0,0.0,1.0,1.0,0.0,0.0,1.0,0.0,0.0,0.0,0.0,1.0,0.0,1.0,0.0,1.0,1.0,0.0,0.0,16.0,3.0,13.0,1.0,1.0,62.0,1.0,0.0,0.0,0.0,0.0,0.0,1.0,0.0,0.0,0.0,0.0,1.0,0.0,0.0,0.0,1.0,1.0,1.0,0.0,0.0,0.0,1.0,1.0,0.0,0.0,0.0,0.0,0.0,0.0,0.0,0.0,0.0,0.0,1.0,1.0,0.0,0.0,0.0,0.0,0.0,19.0,7.0,63.0,6.0,3.0,7.0,0.0,1.0,16.0,32.0,15.0,22.0,4.0,15.0,2.0,103.0,2.0,103.0,56.0,49.0,81.0,22.0,2.0,68.0,29.0,8.0,1.0,86.0,18.0,5.0,31.0,53.0,11.0,5.0,1.0,14.0,27.0,33.0,20.0,10.0,102.0,2.0,1.0,0.0,0.0,80.0,20.0,5.0,6.0,20.0,18.0,22.0,28.0,4.0,7.0,91.0,14.0,82.0,23.0,46.0,56.0,3.0,7.0,17.0,21.0,16.0,20.0,2.0,22.0,86.0,19.0,49.0,56.0,30.0,39.0,36.0,98.0,7.0,88.0,17.0,87.0,18.0,102.0,3.0,53.0,52.0,25.0,65.0,15.0,70.0,29.0,6.0,19.0,25.0,15.0,37.0,9.0,35.0,34.0,8.0,13.0,15.0,38.0,67.0,39.0,52.0,11.0,3.0,95.0,5.0,5.0,49.0,30.0,26.0,75.0,25.0,5.0,24.0,81.0,84.0,21.0,46.0,48.0,9.0,2.0,80.0,19.0,6.0,59.0,39.0,7.0,84.0,14.0,7.0,81.0,20.0,2.0,2.0,70.0,35.0,45.0,49.0,9.0,2.0,95.0,6.0,4.0,73.0,30.0,2.0,76.0,28.0,1.0,82.0,22.0,1.0,81.0,20.0,0.0,4.0,11.0,63.0,31.0,0.0,Não Atingiu a média
41,23071095,2017,1,2,2303,23016,23,2304400,230440005,2,1,1.0,1.0,1.0,0.0,0.0,0.0,0.0,0.0,0.0,0.0,0.0,0.0,0.0,1.0,1.0,0.0,1.0,0.0,0.0,1.0,0.0,0.0,0.0,1.0,1.0,0.0,1.0,0.0,0.0,0.0,0.0,0.0,1.0,1.0,1.0,1.0,0.0,1.0,0.0,1.0,1.0,1.0,0.0,1.0,0.0,0.0,0.0,1.0,0.0,1.0,0.0,1.0,1.0,0.0,1.0,1.0,0.0,0.0,1.0,0.0,0.0,0.0,0.0,0.0,10.0,10.0,0.0,0.0,1.0,0.0,1.0,1.0,1.0,0.0,1.0,0.0,0.0,1.0,1.0,0.0,0.0,1.0,0.0,1.0,1.0,1.0,0.0,2.0,0.0,0.0,1.0,9.0,1.0,8.0,1.0,1.0,72.0,1.0,0.0,0.0,0.0,0.0,0.0,1.0,0.0,0.0,1.0,0.0,1.0,0.0,0.0,0.0,1.0,0.0,0.0,0.0,0.0,0.0,1.0,1.0,0.0,0.0,0.0,0.0,0.0,0.0,0.0,0.0,0.0,0.0,0.0,0.0,0.0,0.0,0.0,0.0,0.0,9.0,9.0,50.0,4.0,2.0,1.0,0.0,1.0,25.0,27.0,13.0,5.0,2.0,2.0,2.0,73.0,1.0,74.0,28.0,47.0,58.0,17.0,0.0,40.0,27.0,8.0,1.0,56.0,18.0,0.0,14.0,43.0,14.0,4.0,0.0,14.0,18.0,18.0,12.0,13.0,70.0,5.0,0.0,0.0,0.0,59.0,14.0,2.0,0.0,5.0,15.0,21.0,24.0,3.0,7.0,71.0,4.0,55.0,20.0,33.0,42.0,0.0,3.0,6.0,8.0,15.0,21.0,3.0,19.0,66.0,9.0,34.0,41.0,20.0,27.0,28.0,71.0,4.0,60.0,15.0,60.0,15.0,73.0,2.0,40.0,35.0,33.0,35.0,7.0,52.0,22.0,1.0,7.0,14.0,26.0,25.0,3.0,26.0,30.0,6.0,5.0,8.0,25.0,50.0,35.0,37.0,3.0,0.0,66.0,1.0,8.0,45.0,22.0,8.0,68.0,6.0,1.0,6.0,69.0,59.0,16.0,33.0,36.0,6.0,0.0,63.0,12.0,0.0,52.0,22.0,1.0,68.0,7.0,0.0,67.0,7.0,1.0,0.0,37.0,38.0,29.0,37.0,9.0,0.0,71.0,4.0,0.0,52.0,22.0,1.0,51.0,24.0,0.0,59.0,15.0,1.0,64.0,10.0,1.0,0.0,11.0,33.0,31.0,0.0,Atingiu a média
42,23098775,2017,1,2,2304,23019,23,2303931,230393105,2,1,1.0,1.0,1.0,0.0,0.0,0.0,0.0,0.0,0.0,0.0,1.0,0.0,0.0,1.0,1.0,0.0,0.0,0.0,0.0,1.0,0.0,0.0,0.0,0.0,1.0,0.0,1.0,0.0,0.0,0.0,0.0,0.0,1.0,1.0,1.0,1.0,0.0,1.0,0.0,1.0,1.0,1.0,0.0,1.0,0.0,0.0,0.0,1.0,0.0,1.0,1.0,1.0,1.0,0.0,1.0,1.0,0.0,1.0,0.0,0.0,0.0,0.0,0.0,0.0,10.0,13.0,1.0,1.0,1.0,0.0,1.0,1.0,1.0,1.0,1.0,1.0,1.0,0.0,1.0,2.0,1.0,2.0,0.0,1.0,2.0,1.0,1.0,2.0,3.0,1.0,0.0,43.0,8.0,35.0,1.0,1.0,45.0,1.0,0.0,0.0,0.0,0.0,0.0,1.0,0.0,0.0,0.0,0.0,1.0,0.0,0.0,0.0,1.0,0.0,0.0,0.0,0.0,0.0,0.0,1.0,0.0,0.0,0.0,0.0,0.0,0.0,0.0,0.0,0.0,0.0,0.0,0.0,0.0,0.0,0.0,0.0,0.0,12.0,30.0,71.0,7.0,1.0,10.0,0.0,0.0,34.0,63.0,18.0,7.0,5.0,4.0,6.0,125.0,4.0,127.0,86.0,45.0,120.0,10.0,1.0,109.0,18.0,4.0,2.0,109.0,20.0,2.0,19.0,61.0,36.0,13.0,1.0,10.0,25.0,33.0,32.0,30.0,124.0,5.0,1.0,1.0,0.0,116.0,12.0,3.0,11.0,40.0,18.0,15.0,16.0,6.0,25.0,105.0,26.0,90.0,41.0,80.0,45.0,6.0,24.0,36.0,13.0,7.0,8.0,0.0,43.0,72.0,59.0,47.0,84.0,80.0,35.0,16.0,129.0,2.0,120.0,11.0,107.0,24.0,126.0,5.0,91.0,40.0,47.0,67.0,17.0,74.0,48.0,9.0,35.0,33.0,18.0,34.0,11.0,49.0,43.0,10.0,10.0,19.0,8.0,123.0,99.0,17.0,13.0,2.0,130.0,0.0,1.0,105.0,18.0,8.0,118.0,9.0,4.0,44.0,87.0,110.0,21.0,70.0,57.0,4.0,0.0,123.0,8.0,0.0,52.0,78.0,1.0,89.0,40.0,2.0,120.0,11.0,0.0,0.0,77.0,54.0,58.0,63.0,10.0,0.0,116.0,15.0,0.0,123.0,8.0,0.0,69.0,62.0,0.0,72.0,59.0,0.0,116.0,13.0,2.0,0.0,19.0,76.0,36.0,0.0,Não Atingiu a média
43,23140780,2017,1,2,2306,23026,23,2305407,230540705,2,1,1.0,1.0,1.0,0.0,0.0,0.0,0.0,0.0,0.0,0.0,0.0,0.0,0.0,1.0,1.0,0.0,0.0,0.0,0.0,1.0,0.0,0.0,0.0,1.0,0.0,0.0,1.0,0.0,0.0,0.0,0.0,0.0,1.0,1.0,1.0,1.0,1.0,1.0,1.0,1.0,1.0,1.0,0.0,1.0,0.0,0.0,0.0,1.0,0.0,1.0,1.0,1.0,1.0,1.0,1.0,1.0,1.0,1.0,1.0,0.0,0.0,0.0,0.0,0.0,13.0,13.0,1.0,0.0,0.0,0.0,1.0,0.0,1.0,1.0,1.0,1.0,0.0,1.0,1.0,1.0,0.0,0.0,0.0,1.0,0.0,1.0,1.0,1.0,1.0,0.0,1.0,50.0,10.0,40.0,1.0,0.0,70.0,1.0,1.0,0.0,0.0,0.0,0.0,1.0,0.0,0.0,1.0,0.0,1.0,0.0,0.0,0.0,1.0,0.0,0.0,0.0,0.0,0.0,0.0,1.0,0.0,0.0,0.0,0.0,0.0,0.0,0.0,0.0,0.0,0.0,0.0,0.0,0.0,0.0,0.0,0.0,0.0,29.0,20.0,85.0,5.0,1.0,6.0,0.0,3.0,42.0,51.0,28.0,12.0,4.0,6.0,6.0,140.0,2.0,144.0,104.0,42.0,130.0,15.0,1.0,126.0,19.0,1.0,5.0,131.0,10.0,0.0,43.0,78.0,23.0,2.0,0.0,19.0,36.0,41.0,26.0,24.0,137.0,6.0,2.0,1.0,0.0,117.0,22.0,7.0,10.0,60.0,19.0,16.0,23.0,4.0,14.0,103.0,43.0,99.0,47.0,87.0,56.0,3.0,26.0,41.0,23.0,17.0,6.0,1.0,32.0,83.0,63.0,70.0,76.0,100.0,34.0,12.0,140.0,6.0,135.0,11.0,127.0,19.0,140.0,6.0,114.0,32.0,51.0,81.0,14.0,92.0,48.0,6.0,46.0,42.0,11.0,37.0,10.0,38.0,47.0,14.0,16.0,31.0,18.0,128.0,58.0,64.0,19.0,5.0,138.0,1.0,7.0,99.0,36.0,11.0,129.0,11.0,6.0,50.0,96.0,141.0,5.0,116.0,27.0,1.0,2.0,137.0,7.0,2.0,94.0,51.0,1.0,125.0,20.0,1.0,130.0,13.0,1.0,2.0,103.0,43.0,89.0,48.0,8.0,1.0,133.0,13.0,0.0,131.0,14.0,1.0,103.0,41.0,2.0,92.0,53.0,1.0,140.0,5.0,1.0,0.0,41.0,75.0,30.0,0.0,Não Atingiu a média
44,23071460,2017,1,2,2303,23016,23,2304400,230440005,2,1,2.0,1.0,1.0,0.0,0.0,0.0,0.0,0.0,0.0,0.0,0.0,0.0,0.0,1.0,1.0,0.0,0.0,0.0,0.0,1.0,0.0,0.0,0.0,1.0,1.0,0.0,1.0,0.0,0.0,0.0,0.0,0.0,1.0,1.0,1.0,1.0,0.0,0.0,1.0,1.0,1.0,1.0,0.0,1.0,0.0,0.0,0.0,1.0,0.0,0.0,1.0,1.0,1.0,0.0,1.0,0.0,0.0,1.0,0.0,0.0,0.0,0.0,0.0,0.0,10.0,10.0,1.0,0.0,1.0,0.0,0.0,0.0,1.0,1.0,0.0,1.0,0.0,1.0,1.0,2.0,0.0,2.0,0.0,0.0,0.0,1.0,1.0,0.0,1.0,0.0,1.0,21.0,6.0,15.0,1.0,1.0,93.0,1.0,0.0,0.0,0.0,0.0,0.0,1.0,0.0,0.0,1.0,0.0,1.0,0.0,0.0,0.0,1.0,1.0,1.0,0.0,0.0,0.0,0.0,1.0,0.0,0.0,0.0,0.0,0.0,0.0,0.0,0.0,0.0,0.0,1.0,1.0,0.0,0.0,0.0,0.0,0.0,40.0,37.0,122.0,9.0,6.0,12.0,1.0,0.0,47.0,81.0,43.0,16.0,8.0,30.0,9.0,217.0,4.0,222.0,118.0,108.0,172.0,49.0,5.0,147.0,68.0,11.0,3.0,171.0,52.0,5.0,62.0,109.0,40.0,10.0,2.0,34.0,51.0,61.0,51.0,27.0,213.0,8.0,4.0,0.0,1.0,163.0,58.0,5.0,11.0,52.0,42.0,48.0,41.0,6.0,26.0,190.0,36.0,162.0,64.0,101.0,115.0,10.0,13.0,45.0,39.0,28.0,41.0,3.0,57.0,185.0,41.0,116.0,110.0,98.0,73.0,55.0,214.0,12.0,194.0,32.0,186.0,40.0,216.0,10.0,139.0,87.0,56.0,123.0,47.0,150.0,66.0,10.0,38.0,54.0,35.0,95.0,4.0,73.0,83.0,21.0,18.0,31.0,65.0,161.0,94.0,107.0,20.0,5.0,210.0,4.0,12.0,145.0,51.0,30.0,179.0,31.0,16.0,44.0,182.0,181.0,45.0,117.0,98.0,9.0,2.0,173.0,48.0,5.0,127.0,95.0,4.0,209.0,14.0,3.0,189.0,32.0,1.0,4.0,122.0,104.0,93.0,109.0,22.0,2.0,212.0,10.0,4.0,153.0,68.0,5.0,136.0,85.0,5.0,170.0,50.0,6.0,172.0,49.0,0.0,5.0,41.0,123.0,62.0,0.0,Não Atingiu a média
45,23009578,2017,1,2,2301,23002,23,2305001,230500105,2,1,1.0,1.0,1.0,0.0,0.0,0.0,0.0,0.0,0.0,0.0,1.0,0.0,0.0,1.0,1.0,0.0,1.0,0.0,0.0,1.0,0.0,0.0,0.0,0.0,1.0,0.0,1.0,0.0,0.0,0.0,0.0,0.0,1.0,1.0,1.0,1.0,0.0,1.0,0.0,1.0,1.0,1.0,0.0,1.0,0.0,0.0,0.0,1.0,0.0,1.0,0.0,1.0,0.0,0.0,1.0,1.0,0.0,1.0,1.0,0.0,0.0,1.0,0.0,0.0,7.0,14.0,1.0,0.0,0.0,0.0,1.0,1.0,1.0,1.0,1.0,1.0,1.0,1.0,1.0,2.0,0.0,0.0,0.0,3.0,1.0,1.0,1.0,3.0,5.0,1.0,1.0,38.0,6.0,30.0,1.0,1.0,57.0,1.0,0.0,0.0,0.0,0.0,0.0,1.0,0.0,0.0,1.0,1.0,1.0,0.0,0.0,0.0,1.0,0.0,0.0,0.0,0.0,0.0,0.0,1.0,0.0,0.0,0.0,0.0,0.0,0.0,0.0,0.0,0.0,0.0,0.0,0.0,0.0,0.0,0.0,0.0,0.0,40.0,10.0,130.0,7.0,2.0,12.0,0.0,4.0,57.0,89.0,33.0,8.0,5.0,5.0,11.0,190.0,7.0,194.0,136.0,65.0,149.0,49.0,3.0,145.0,50.0,6.0,3.0,165.0,33.0,1.0,10.0,70.0,101.0,19.0,0.0,20.0,42.0,53.0,43.0,43.0,190.0,9.0,2.0,0.0,0.0,173.0,21.0,7.0,16.0,66.0,48.0,19.0,15.0,4.0,33.0,162.0,39.0,141.0,60.0,142.0,51.0,8.0,28.0,53.0,34.0,9.0,7.0,7.0,63.0,128.0,73.0,92.0,109.0,138.0,48.0,15.0,197.0,4.0,173.0,28.0,160.0,41.0,196.0,5.0,138.0,63.0,51.0,113.0,37.0,120.0,72.0,9.0,56.0,45.0,39.0,48.0,13.0,74.0,52.0,24.0,20.0,31.0,39.0,162.0,130.0,58.0,9.0,4.0,198.0,1.0,2.0,151.0,41.0,9.0,178.0,17.0,6.0,51.0,150.0,170.0,31.0,134.0,56.0,7.0,4.0,176.0,19.0,6.0,101.0,95.0,5.0,161.0,33.0,7.0,176.0,20.0,2.0,3.0,140.0,61.0,116.0,73.0,10.0,2.0,193.0,6.0,2.0,162.0,37.0,2.0,141.0,58.0,2.0,144.0,52.0,5.0,188.0,11.0,1.0,1.0,38.0,118.0,41.0,4.0,Não Atingiu a média
46,23161604,2017,1,2,2307,23032,23,2301901,230190105,2,1,1.0,1.0,1.0,0.0,0.0,0.0,0.0,0.0,0.0,0.0,0.0,0.0,0.0,1.0,1.0,0.0,0.0,0.0,0.0,1.0,0.0,0.0,0.0,1.0,0.0,0.0,1.0,0.0,0.0,0.0,0.0,0.0,1.0,1.0,1.0,1.0,0.0,1.0,0.0,1.0,1.0,1.0,0.0,1.0,0.0,0.0,0.0,1.0,0.0,1.0,0.0,1.0,0.0,0.0,1.0,1.0,0.0,1.0,0.0,0.0,0.0,0.0,0.0,0.0,13.0,13.0,1.0,0.0,0.0,0.0,0.0,0.0,1.0,1.0,0.0,1.0,0.0,0.0,1.0,2.0,0.0,0.0,0.0,0.0,0.0,2.0,1.0,0.0,2.0,0.0,0.0,38.0,7.0,31.0,1.0,1.0,67.0,1.0,0.0,0.0,0.0,0.0,0.0,1.0,0.0,0.0,0.0,0.0,1.0,0.0,0.0,0.0,1.0,0.0,0.0,0.0,0.0,0.0,0.0,1.0,0.0,0.0,0.0,0.0,0.0,0.0,0.0,0.0,0.0,0.0,0.0,0.0,0.0,0.0,0.0,0.0,0.0,33.0,41.0,153.0,36.0,8.0,17.0,0.0,1.0,90.0,140.0,40.0,9.0,4.0,4.0,5.0,283.0,3.0,285.0,188.0,100.0,219.0,63.0,6.0,171.0,106.0,11.0,3.0,216.0,69.0,2.0,23.0,143.0,104.0,16.0,0.0,19.0,49.0,72.0,85.0,63.0,259.0,25.0,2.0,2.0,0.0,256.0,22.0,10.0,13.0,68.0,49.0,41.0,61.0,20.0,36.0,253.0,35.0,223.0,65.0,179.0,103.0,6.0,21.0,59.0,43.0,24.0,44.0,16.0,81.0,226.0,62.0,146.0,142.0,152.0,111.0,25.0,281.0,7.0,257.0,31.0,247.0,41.0,281.0,7.0,213.0,75.0,80.0,173.0,35.0,195.0,80.0,13.0,66.0,71.0,44.0,98.0,9.0,102.0,81.0,21.0,28.0,56.0,50.0,238.0,207.0,65.0,14.0,2.0,268.0,3.0,17.0,208.0,64.0,16.0,264.0,18.0,6.0,57.0,231.0,231.0,57.0,194.0,86.0,8.0,0.0,243.0,43.0,2.0,159.0,128.0,1.0,246.0,41.0,1.0,253.0,28.0,7.0,0.0,183.0,105.0,198.0,81.0,7.0,2.0,271.0,16.0,1.0,203.0,84.0,1.0,200.0,87.0,1.0,223.0,63.0,2.0,271.0,15.0,1.0,1.0,36.0,139.0,113.0,0.0,Não Atingiu a média
47,23069171,2017,1,2,2303,23016,23,2304400,230440005,2,1,1.0,1.0,2.0,0.0,0.0,0.0,0.0,0.0,0.0,0.0,1.0,1.0,0.0,1.0,1.0,0.0,0.0,0.0,0.0,1.0,0.0,0.0,0.0,1.0,1.0,0.0,1.0,0.0,0.0,0.0,0.0,0.0,1.0,1.0,1.0,0.0,0.0,0.0,0.0,0.0,1.0,1.0,0.0,1.0,0.0,0.0,1.0,1.0,0.0,0.0,0.0,1.0,0.0,0.0,1.0,0.0,0.0,0.0,0.0,0.0,0.0,0.0,0.0,0.0,7.0,7.0,0.0,0.0,0.0,0.0,0.0,0.0,0.0,0.0,0.0,0.0,0.0,0.0,1.0,0.0,0.0,0.0,0.0,0.0,0.0,0.0,0.0,0.0,0.0,0.0,0.0,59.0,0.0,20.0,1.0,1.0,44.0,1.0,0.0,0.0,0.0,0.0,0.0,1.0,0.0,0.0,0.0,0.0,1.0,0.0,0.0,0.0,1.0,0.0,0.0,0.0,0.0,0.0,1.0,1.0,0.0,0.0,0.0,0.0,0.0,0.0,0.0,0.0,0.0,0.0,0.0,0.0,0.0,0.0,0.0,0.0,0.0,14.0,16.0,36.0,5.0,1.0,6.0,0.0,2.0,23.0,35.0,11.0,6.0,1.0,0.0,4.0,74.0,0.0,78.0,29.0,49.0,58.0,19.0,1.0,34.0,29.0,15.0,0.0,47.0,31.0,2.0,17.0,33.0,24.0,2.0,2.0,10.0,15.0,23.0,18.0,10.0,77.0,1.0,0.0,0.0,0.0,64.0,11.0,3.0,1.0,9.0,6.0,13.0,32.0,9.0,8.0,73.0,5.0,61.0,17.0,52.0,25.0,1.0,4.0,6.0,13.0,10.0,24.0,4.0,17.0,69.0,9.0,44.0,34.0,22.0,32.0,24.0,76.0,2.0,69.0,9.0,67.0,11.0,76.0,2.0,51.0,27.0,23.0,44.0,11.0,61.0,16.0,1.0,5.0,20.0,18.0,32.0,3.0,30.0,26.0,6.0,8.0,8.0,25.0,53.0,46.0,25.0,7.0,0.0,70.0,2.0,6.0,50.0,24.0,4.0,73.0,5.0,0.0,2.0,76.0,52.0,26.0,34.0,36.0,3.0,5.0,67.0,8.0,3.0,38.0,37.0,3.0,73.0,2.0,3.0,36.0,38.0,2.0,2.0,45.0,33.0,32.0,38.0,5.0,3.0,73.0,2.0,3.0,64.0,9.0,5.0,46.0,28.0,4.0,69.0,6.0,3.0,58.0,14.0,3.0,3.0,20.0,38.0,20.0,0.0,Atingiu a média
48,23236574,2017,1,2,2301,23001,23,2302602,230260205,2,1,2.0,1.0,1.0,0.0,0.0,0.0,0.0,0.0,0.0,0.0,0.0,0.0,0.0,1.0,1.0,0.0,0.0,0.0,0.0,1.0,1.0,0.0,0.0,0.0,1.0,0.0,1.0,0.0,0.0,0.0,0.0,0.0,1.0,1.0,1.0,1.0,0.0,0.0,0.0,0.0,1.0,1.0,0.0,1.0,0.0,0.0,0.0,1.0,0.0,0.0,1.0,1.0,0.0,0.0,1.0,0.0,0.0,1.0,0.0,0.0,0.0,0.0,0.0,0.0,7.0,7.0,1.0,0.0,0.0,0.0,1.0,0.0,0.0,0.0,0.0,1.0,0.0,0.0,1.0,1.0,0.0,0.0,0.0,1.0,0.0,0.0,0.0,0.0,2.0,0.0,0.0,37.0,8.0,29.0,1.0,0.0,41.0,1.0,0.0,0.0,0.0,0.0,0.0,1.0,0.0,0.0,0.0,0.0,1.0,0.0,0.0,0.0,1.0,0.0,0.0,0.0,0.0,0.0,0.0,1.0,0.0,0.0,0.0,0.0,0.0,0.0,0.0,0.0,0.0,0.0,0.0,0.0,0.0,0.0,0.0,0.0,0.0,12.0,15.0,108.0,7.0,3.0,12.0,1.0,1.0,45.0,72.0,19.0,11.0,1.0,7.0,3.0,154.0,2.0,155.0,115.0,42.0,131.0,22.0,4.0,119.0,29.0,9.0,0.0,118.0,39.0,2.0,28.0,84.0,35.0,8.0,0.0,14.0,36.0,47.0,31.0,29.0,135.0,17.0,5.0,0.0,0.0,131.0,18.0,8.0,11.0,55.0,28.0,25.0,14.0,2.0,22.0,122.0,35.0,100.0,57.0,91.0,57.0,9.0,15.0,43.0,20.0,8.0,20.0,3.0,48.0,109.0,48.0,75.0,82.0,113.0,30.0,14.0,152.0,5.0,136.0,21.0,124.0,33.0,153.0,4.0,109.0,48.0,41.0,88.0,28.0,106.0,45.0,6.0,32.0,43.0,21.0,52.0,9.0,67.0,33.0,7.0,20.0,30.0,38.0,119.0,98.0,52.0,7.0,0.0,154.0,2.0,1.0,118.0,22.0,17.0,140.0,16.0,1.0,65.0,92.0,112.0,45.0,67.0,77.0,11.0,2.0,133.0,18.0,6.0,90.0,60.0,7.0,133.0,20.0,4.0,121.0,34.0,1.0,1.0,103.0,54.0,84.0,61.0,12.0,0.0,145.0,11.0,1.0,116.0,40.0,1.0,107.0,48.0,2.0,110.0,44.0,3.0,147.0,9.0,1.0,0.0,32.0,88.0,36.0,1.0,Não Atingiu a média
49,23186488,2017,1,2,2303,23016,23,2304400,230440005,2,1,2.0,1.0,1.0,0.0,0.0,0.0,0.0,0.0,0.0,0.0,0.0,0.0,0.0,1.0,1.0,0.0,0.0,0.0,0.0,1.0,0.0,0.0,0.0,1.0,0.0,0.0,1.0,0.0,0.0,0.0,0.0,0.0,1.0,1.0,1.0,1.0,0.0,0.0,1.0,1.0,1.0,1.0,0.0,1.0,0.0,0.0,0.0,1.0,0.0,1.0,1.0,1.0,1.0,1.0,1.0,1.0,1.0,1.0,0.0,0.0,0.0,0.0,0.0,0.0,20.0,20.0,1.0,0.0,1.0,0.0,1.0,0.0,1.0,1.0,1.0,1.0,0.0,0.0,1.0,2.0,0.0,1.0,0.0,1.0,0.0,3.0,2.0,3.0,3.0,0.0,0.0,50.0,13.0,37.0,1.0,1.0,99.0,1.0,0.0,0.0,0.0,0.0,0.0,1.0,0.0,0.0,0.0,0.0,1.0,0.0,0.0,0.0,1.0,0.0,0.0,0.0,0.0,0.0,1.0,1.0,0.0,0.0,0.0,0.0,0.0,0.0,0.0,0.0,0.0,0.0,0.0,0.0,0.0,0.0,0.0,0.0,0.0,59.0,38.0,211.0,26.0,4.0,14.0,0.0,5.0,133.0,162.0,39.0,11.0,2.0,0.0,9.0,343.0,5.0,347.0,125.0,227.0,207.0,135.0,10.0,169.0,156.0,27.0,2.0,233.0,117.0,4.0,45.0,209.0,77.0,17.0,1.0,41.0,81.0,122.0,66.0,41.0,339.0,8.0,4.0,1.0,0.0,305.0,33.0,14.0,1.0,36.0,43.0,74.0,141.0,30.0,27.0,337.0,15.0,274.0,78.0,195.0,142.0,15.0,6.0,25.0,51.0,55.0,134.0,20.0,61.0,334.0,18.0,227.0,125.0,128.0,153.0,71.0,342.0,10.0,293.0,59.0,285.0,67.0,343.0,9.0,235.0,117.0,121.0,183.0,48.0,288.0,61.0,3.0,25.0,63.0,98.0,159.0,7.0,132.0,132.0,24.0,15.0,49.0,67.0,285.0,184.0,153.0,14.0,1.0,292.0,13.0,47.0,255.0,81.0,16.0,337.0,15.0,0.0,22.0,330.0,307.0,45.0,210.0,130.0,8.0,4.0,292.0,53.0,7.0,199.0,144.0,9.0,330.0,14.0,8.0,277.0,65.0,3.0,7.0,215.0,137.0,181.0,147.0,22.0,2.0,335.0,14.0,3.0,261.0,87.0,4.0,264.0,83.0,5.0,287.0,61.0,4.0,331.0,19.0,0.0,2.0,45.0,189.0,117.0,1.0,Atingiu a média
50,23150173,2017,1,2,2306,23028,23,2307502,230750205,2,1,1.0,1.0,1.0,0.0,0.0,0.0,0.0,0.0,0.0,0.0,1.0,1.0,0.0,1.0,1.0,0.0,1.0,0.0,0.0,1.0,0.0,0.0,0.0,0.0,1.0,0.0,1.0,0.0,1.0,0.0,0.0,0.0,1.0,1.0,0.0,0.0,0.0,0.0,1.0,1.0,1.0,0.0,1.0,1.0,0.0,0.0,0.0,1.0,0.0,0.0,1.0,1.0,0.0,0.0,1.0,1.0,0.0,1.0,0.0,0.0,0.0,0.0,0.0,0.0,12.0,12.0,0.0,0.0,0.0,0.0,0.0,0.0,0.0,0.0,0.0,0.0,0.0,0.0,1.0,0.0,0.0,0.0,0.0,0.0,0.0,0.0,0.0,0.0,0.0,0.0,0.0,36.0,4.0,14.0,1.0,1.0,51.0,1.0,0.0,0.0,0.0,0.0,0.0,1.0,0.0,0.0,0.0,0.0,1.0,0.0,0.0,0.0,1.0,1.0,0.0,0.0,0.0,0.0,0.0,1.0,0.0,0.0,0.0,0.0,0.0,0.0,0.0,0.0,0.0,0.0,1.0,0.0,0.0,0.0,0.0,0.0,0.0,21.0,1.0,50.0,2.0,0.0,6.0,0.0,4.0,11.0,17.0,17.0,7.0,9.0,15.0,1.0,79.0,0.0,80.0,50.0,30.0,68.0,12.0,0.0,65.0,13.0,2.0,6.0,66.0,8.0,0.0,22.0,45.0,10.0,3.0,0.0,5.0,21.0,23.0,15.0,16.0,73.0,6.0,0.0,1.0,0.0,68.0,11.0,1.0,7.0,32.0,16.0,7.0,7.0,3.0,8.0,65.0,15.0,57.0,23.0,59.0,18.0,3.0,23.0,29.0,8.0,9.0,6.0,0.0,5.0,41.0,39.0,38.0,42.0,55.0,17.0,8.0,77.0,3.0,71.0,9.0,65.0,15.0,77.0,3.0,55.0,25.0,26.0,51.0,3.0,54.0,24.0,2.0,21.0,30.0,9.0,15.0,5.0,20.0,25.0,7.0,16.0,12.0,12.0,68.0,38.0,29.0,11.0,2.0,77.0,1.0,2.0,29.0,33.0,18.0,63.0,10.0,7.0,41.0,39.0,70.0,10.0,59.0,18.0,3.0,0.0,67.0,12.0,1.0,49.0,27.0,4.0,66.0,12.0,2.0,75.0,5.0,0.0,0.0,52.0,28.0,47.0,30.0,3.0,0.0,73.0,7.0,0.0,61.0,18.0,1.0,57.0,21.0,2.0,62.0,18.0,0.0,67.0,11.0,2.0,0.0,16.0,48.0,12.0,4.0,Não Atingiu a média
51,23018445,2017,1,2,2301,23005,23,2304350,230435005,2,1,2.0,1.0,1.0,0.0,0.0,0.0,0.0,0.0,0.0,0.0,0.0,0.0,0.0,1.0,1.0,0.0,0.0,0.0,0.0,1.0,0.0,0.0,0.0,1.0,1.0,0.0,1.0,0.0,0.0,0.0,0.0,0.0,1.0,1.0,1.0,1.0,1.0,1.0,0.0,1.0,1.0,1.0,0.0,1.0,0.0,0.0,0.0,1.0,0.0,1.0,0.0,1.0,1.0,0.0,1.0,1.0,0.0,1.0,0.0,0.0,0.0,0.0,0.0,0.0,13.0,13.0,1.0,0.0,1.0,1.0,0.0,0.0,1.0,0.0,1.0,1.0,0.0,0.0,1.0,3.0,0.0,1.0,1.0,0.0,0.0,1.0,0.0,2.0,1.0,0.0,0.0,30.0,10.0,20.0,1.0,1.0,61.0,1.0,1.0,0.0,0.0,0.0,0.0,1.0,0.0,0.0,0.0,0.0,1.0,0.0,0.0,0.0,1.0,1.0,1.0,0.0,0.0,0.0,0.0,1.0,0.0,0.0,0.0,0.0,0.0,0.0,0.0,0.0,0.0,0.0,1.0,1.0,0.0,0.0,0.0,0.0,0.0,44.0,21.0,235.0,13.0,6.0,25.0,0.0,4.0,158.0,143.0,12.0,9.0,3.0,15.0,20.0,324.0,9.0,335.0,188.0,156.0,291.0,51.0,2.0,240.0,92.0,12.0,6.0,282.0,56.0,11.0,90.0,185.0,48.0,10.0,3.0,31.0,62.0,100.0,77.0,71.0,298.0,31.0,12.0,2.0,1.0,296.0,36.0,12.0,23.0,90.0,48.0,57.0,48.0,16.0,62.0,268.0,76.0,233.0,111.0,189.0,134.0,21.0,41.0,62.0,47.0,40.0,41.0,7.0,106.0,218.0,126.0,158.0,186.0,189.0,122.0,33.0,335.0,9.0,306.0,38.0,307.0,37.0,335.0,9.0,248.0,96.0,128.0,183.0,33.0,211.0,106.0,27.0,78.0,86.0,55.0,90.0,35.0,99.0,105.0,25.0,40.0,75.0,48.0,296.0,232.0,94.0,14.0,4.0,327.0,6.0,11.0,281.0,50.0,13.0,311.0,22.0,11.0,87.0,257.0,316.0,28.0,202.0,120.0,17.0,5.0,300.0,40.0,4.0,217.0,120.0,7.0,289.0,49.0,6.0,308.0,26.0,3.0,7.0,210.0,134.0,154.0,157.0,30.0,3.0,317.0,22.0,5.0,280.0,60.0,4.0,246.0,92.0,6.0,258.0,82.0,4.0,302.0,35.0,4.0,3.0,99.0,175.0,70.0,0.0,Atingiu a média
52,23007036,2017,1,2,2301,23001,23,2307254,230725405,2,1,1.0,1.0,1.0,0.0,0.0,0.0,0.0,0.0,0.0,0.0,0.0,0.0,0.0,1.0,1.0,0.0,0.0,0.0,0.0,1.0,0.0,0.0,0.0,0.0,1.0,0.0,1.0,0.0,0.0,0.0,0.0,0.0,1.0,1.0,1.0,1.0,0.0,1.0,0.0,1.0,1.0,1.0,0.0,1.0,0.0,0.0,0.0,1.0,0.0,1.0,0.0,1.0,0.0,0.0,1.0,1.0,1.0,0.0,0.0,0.0,0.0,0.0,0.0,0.0,11.0,11.0,1.0,0.0,1.0,0.0,1.0,0.0,1.0,1.0,1.0,1.0,0.0,1.0,1.0,4.0,0.0,2.0,0.0,2.0,0.0,1.0,1.0,1.0,3.0,0.0,2.0,25.0,4.0,21.0,1.0,1.0,43.0,1.0,0.0,0.0,0.0,0.0,0.0,1.0,0.0,0.0,0.0,0.0,1.0,0.0,0.0,0.0,1.0,0.0,0.0,0.0,0.0,0.0,0.0,1.0,0.0,0.0,0.0,0.0,0.0,0.0,0.0,0.0,0.0,0.0,0.0,0.0,0.0,0.0,0.0,0.0,0.0,27.0,10.0,105.0,15.0,3.0,13.0,0.0,1.0,74.0,85.0,10.0,0.0,2.0,1.0,7.0,166.0,0.0,173.0,109.0,64.0,115.0,51.0,7.0,103.0,60.0,10.0,1.0,116.0,56.0,0.0,14.0,90.0,59.0,10.0,1.0,14.0,51.0,48.0,31.0,28.0,160.0,8.0,5.0,0.0,0.0,141.0,25.0,7.0,6.0,51.0,33.0,25.0,24.0,7.0,27.0,154.0,19.0,117.0,56.0,98.0,62.0,13.0,9.0,50.0,30.0,14.0,20.0,6.0,44.0,124.0,49.0,77.0,96.0,141.0,27.0,5.0,169.0,4.0,148.0,25.0,143.0,30.0,170.0,3.0,109.0,64.0,59.0,93.0,21.0,114.0,56.0,3.0,23.0,49.0,29.0,66.0,6.0,53.0,63.0,16.0,15.0,26.0,53.0,120.0,136.0,31.0,6.0,0.0,168.0,0.0,5.0,153.0,12.0,8.0,166.0,5.0,2.0,40.0,133.0,143.0,30.0,133.0,37.0,2.0,1.0,159.0,11.0,3.0,84.0,84.0,5.0,159.0,12.0,2.0,160.0,11.0,0.0,2.0,119.0,54.0,131.0,38.0,4.0,0.0,163.0,10.0,0.0,151.0,21.0,1.0,89.0,84.0,0.0,138.0,34.0,1.0,171.0,1.0,1.0,0.0,51.0,101.0,21.0,0.0,Atingiu a média
53,23078340,2017,1,2,2303,23016,23,2304400,230440005,2,1,1.0,1.0,2.0,0.0,0.0,0.0,0.0,0.0,0.0,0.0,0.0,0.0,0.0,1.0,1.0,0.0,0.0,0.0,0.0,1.0,0.0,0.0,0.0,0.0,1.0,0.0,1.0,0.0,0.0,0.0,0.0,0.0,1.0,1.0,1.0,1.0,0.0,1.0,0.0,1.0,1.0,1.0,1.0,1.0,0.0,0.0,0.0,1.0,0.0,0.0,0.0,1.0,0.0,0.0,1.0,1.0,0.0,1.0,0.0,0.0,0.0,0.0,0.0,0.0,12.0,12.0,0.0,0.0,0.0,0.0,0.0,0.0,0.0,1.0,0.0,1.0,0.0,0.0,1.0,0.0,0.0,0.0,0.0,0.0,0.0,0.0,1.0,0.0,1.0,0.0,0.0,12.0,4.0,8.0,1.0,1.0,65.0,1.0,0.0,0.0,0.0,0.0,0.0,1.0,0.0,0.0,1.0,0.0,1.0,0.0,0.0,0.0,1.0,1.0,0.0,0.0,0.0,0.0,1.0,1.0,0.0,0.0,0.0,0.0,0.0,0.0,0.0,0.0,0.0,0.0,1.0,0.0,0.0,0.0,0.0,0.0,0.0,21.0,17.0,76.0,3.0,4.0,11.0,0.0,2.0,30.0,51.0,25.0,18.0,3.0,3.0,4.0,128.0,0.0,132.0,54.0,78.0,91.0,35.0,6.0,83.0,48.0,1.0,0.0,90.0,42.0,0.0,20.0,70.0,36.0,6.0,0.0,12.0,25.0,48.0,34.0,13.0,124.0,8.0,0.0,0.0,0.0,112.0,13.0,7.0,2.0,31.0,25.0,26.0,36.0,3.0,9.0,126.0,6.0,102.0,30.0,76.0,48.0,8.0,5.0,27.0,22.0,20.0,37.0,1.0,20.0,116.0,16.0,80.0,52.0,57.0,47.0,28.0,126.0,6.0,116.0,16.0,112.0,20.0,127.0,5.0,86.0,46.0,44.0,73.0,15.0,93.0,35.0,4.0,29.0,28.0,26.0,45.0,4.0,38.0,49.0,11.0,13.0,21.0,32.0,100.0,80.0,49.0,2.0,1.0,115.0,3.0,14.0,56.0,52.0,24.0,115.0,15.0,2.0,19.0,113.0,116.0,16.0,97.0,30.0,2.0,3.0,106.0,20.0,6.0,78.0,47.0,7.0,117.0,10.0,5.0,100.0,20.0,6.0,6.0,69.0,63.0,80.0,46.0,2.0,4.0,121.0,8.0,3.0,105.0,24.0,3.0,76.0,53.0,3.0,101.0,27.0,4.0,96.0,20.0,12.0,4.0,23.0,56.0,52.0,1.0,Não Atingiu a média
54,23060948,2017,1,2,2303,23016,23,2301000,230100005,2,1,2.0,1.0,1.0,0.0,0.0,0.0,0.0,0.0,0.0,0.0,0.0,0.0,0.0,1.0,1.0,0.0,0.0,0.0,0.0,1.0,0.0,0.0,0.0,1.0,0.0,0.0,1.0,0.0,1.0,0.0,0.0,1.0,1.0,0.0,1.0,1.0,0.0,0.0,0.0,0.0,1.0,1.0,0.0,1.0,0.0,0.0,0.0,0.0,0.0,0.0,1.0,1.0,0.0,0.0,1.0,1.0,1.0,0.0,0.0,0.0,0.0,0.0,0.0,0.0,8.0,8.0,0.0,0.0,0.0,0.0,0.0,0.0,0.0,0.0,0.0,0.0,0.0,0.0,1.0,0.0,0.0,0.0,0.0,0.0,0.0,0.0,0.0,0.0,0.0,0.0,0.0,12.0,3.0,9.0,1.0,1.0,39.0,1.0,0.0,0.0,0.0,0.0,0.0,1.0,0.0,0.0,0.0,0.0,1.0,0.0,0.0,0.0,1.0,0.0,0.0,0.0,0.0,0.0,0.0,1.0,0.0,0.0,0.0,0.0,0.0,0.0,0.0,0.0,0.0,0.0,0.0,0.0,0.0,0.0,0.0,0.0,0.0,18.0,7.0,88.0,2.0,6.0,6.0,0.0,1.0,32.0,49.0,30.0,10.0,5.0,0.0,5.0,122.0,0.0,127.0,63.0,64.0,90.0,29.0,8.0,78.0,41.0,8.0,0.0,78.0,49.0,0.0,10.0,69.0,34.0,14.0,0.0,10.0,24.0,41.0,31.0,21.0,113.0,6.0,5.0,2.0,1.0,115.0,9.0,3.0,2.0,31.0,28.0,21.0,21.0,5.0,19.0,117.0,10.0,109.0,18.0,84.0,38.0,5.0,4.0,26.0,19.0,20.0,30.0,1.0,27.0,108.0,19.0,86.0,41.0,57.0,52.0,18.0,123.0,4.0,109.0,18.0,104.0,23.0,124.0,3.0,75.0,52.0,25.0,82.0,20.0,97.0,26.0,4.0,22.0,26.0,20.0,56.0,3.0,41.0,39.0,10.0,10.0,27.0,22.0,105.0,87.0,32.0,7.0,1.0,117.0,0.0,10.0,65.0,43.0,19.0,117.0,7.0,3.0,26.0,101.0,96.0,31.0,60.0,59.0,7.0,1.0,107.0,12.0,8.0,73.0,47.0,7.0,112.0,10.0,5.0,108.0,16.0,0.0,3.0,78.0,49.0,58.0,56.0,8.0,5.0,115.0,8.0,4.0,93.0,27.0,7.0,87.0,34.0,6.0,99.0,24.0,4.0,97.0,23.0,2.0,5.0,10.0,53.0,62.0,2.0,Não Atingiu a média
55,23259639,2017,1,2,2303,23016,23,2304400,230440005,2,1,1.0,1.0,3.0,0.0,0.0,0.0,0.0,0.0,0.0,0.0,0.0,0.0,0.0,0.0,1.0,0.0,0.0,0.0,0.0,1.0,0.0,0.0,0.0,1.0,0.0,0.0,1.0,0.0,0.0,0.0,0.0,0.0,1.0,1.0,1.0,0.0,0.0,1.0,1.0,1.0,0.0,1.0,0.0,1.0,0.0,0.0,0.0,0.0,0.0,1.0,0.0,1.0,1.0,1.0,0.0,0.0,1.0,0.0,0.0,0.0,0.0,0.0,0.0,0.0,7.0,7.0,1.0,0.0,1.0,0.0,1.0,0.0,1.0,0.0,1.0,1.0,0.0,1.0,1.0,3.0,0.0,1.0,0.0,1.0,0.0,1.0,0.0,1.0,1.0,0.0,1.0,17.0,4.0,13.0,1.0,1.0,32.0,1.0,0.0,0.0,0.0,0.0,0.0,1.0,0.0,0.0,0.0,0.0,1.0,0.0,0.0,0.0,1.0,0.0,0.0,0.0,0.0,0.0,0.0,1.0,0.0,0.0,0.0,0.0,0.0,0.0,0.0,0.0,0.0,0.0,0.0,0.0,0.0,0.0,0.0,0.0,0.0,14.0,6.0,37.0,2.0,1.0,1.0,0.0,2.0,24.0,25.0,9.0,1.0,0.0,0.0,0.0,61.0,0.0,61.0,21.0,40.0,35.0,25.0,1.0,36.0,24.0,1.0,0.0,46.0,15.0,0.0,5.0,46.0,10.0,0.0,0.0,7.0,18.0,25.0,5.0,6.0,57.0,4.0,0.0,0.0,0.0,53.0,6.0,2.0,2.0,5.0,13.0,15.0,17.0,4.0,5.0,55.0,6.0,44.0,17.0,39.0,19.0,3.0,4.0,6.0,7.0,14.0,13.0,1.0,16.0,51.0,10.0,33.0,28.0,39.0,19.0,3.0,60.0,1.0,57.0,4.0,48.0,13.0,59.0,2.0,35.0,26.0,16.0,41.0,4.0,41.0,20.0,0.0,5.0,16.0,15.0,23.0,2.0,19.0,29.0,3.0,4.0,6.0,12.0,49.0,33.0,22.0,5.0,1.0,19.0,2.0,40.0,53.0,6.0,2.0,58.0,2.0,1.0,4.0,57.0,54.0,7.0,39.0,21.0,1.0,0.0,55.0,6.0,0.0,43.0,18.0,0.0,54.0,7.0,0.0,44.0,17.0,0.0,0.0,36.0,25.0,40.0,16.0,4.0,1.0,59.0,2.0,0.0,41.0,19.0,1.0,44.0,17.0,0.0,59.0,2.0,0.0,50.0,8.0,2.0,1.0,4.0,24.0,31.0,2.0,Atingiu a média
56,23015705,2017,1,2,2301,23003,23,2304509,230450905,2,1,2.0,1.0,1.0,0.0,0.0,0.0,0.0,0.0,0.0,0.0,0.0,0.0,0.0,1.0,1.0,0.0,1.0,0.0,0.0,1.0,0.0,0.0,0.0,1.0,1.0,0.0,1.0,0.0,0.0,0.0,0.0,0.0,1.0,1.0,1.0,1.0,0.0,1.0,0.0,1.0,1.0,1.0,1.0,1.0,0.0,0.0,0.0,1.0,0.0,1.0,0.0,1.0,0.0,1.0,1.0,1.0,0.0,1.0,0.0,0.0,0.0,0.0,0.0,0.0,10.0,10.0,1.0,0.0,1.0,1.0,1.0,0.0,1.0,1.0,1.0,1.0,1.0,1.0,1.0,2.0,0.0,1.0,1.0,1.0,0.0,1.0,1.0,1.0,4.0,1.0,2.0,26.0,4.0,22.0,1.0,1.0,48.0,1.0,0.0,0.0,0.0,0.0,0.0,1.0,0.0,0.0,0.0,0.0,1.0,0.0,0.0,0.0,1.0,0.0,0.0,0.0,0.0,0.0,0.0,1.0,0.0,0.0,0.0,0.0,0.0,0.0,0.0,0.0,0.0,0.0,0.0,0.0,0.0,0.0,0.0,0.0,0.0,23.0,10.0,105.0,7.0,7.0,8.0,0.0,1.0,66.0,46.0,23.0,15.0,4.0,5.0,12.0,148.0,5.0,155.0,109.0,51.0,142.0,16.0,2.0,121.0,36.0,3.0,3.0,128.0,29.0,2.0,35.0,90.0,30.0,3.0,1.0,31.0,35.0,36.0,26.0,31.0,148.0,10.0,1.0,0.0,1.0,118.0,39.0,3.0,14.0,42.0,22.0,19.0,25.0,9.0,29.0,117.0,43.0,107.0,53.0,98.0,55.0,7.0,23.0,42.0,29.0,12.0,15.0,2.0,37.0,93.0,67.0,70.0,90.0,100.0,42.0,18.0,155.0,5.0,147.0,13.0,148.0,12.0,157.0,3.0,121.0,39.0,56.0,82.0,22.0,103.0,50.0,7.0,54.0,46.0,21.0,24.0,15.0,39.0,55.0,21.0,19.0,26.0,29.0,131.0,123.0,32.0,5.0,0.0,157.0,0.0,3.0,105.0,40.0,15.0,143.0,13.0,4.0,70.0,90.0,139.0,21.0,103.0,54.0,3.0,0.0,136.0,22.0,2.0,102.0,53.0,5.0,133.0,24.0,3.0,143.0,17.0,0.0,0.0,105.0,55.0,118.0,33.0,7.0,2.0,153.0,6.0,1.0,121.0,38.0,1.0,129.0,28.0,3.0,135.0,24.0,1.0,150.0,8.0,2.0,0.0,49.0,84.0,26.0,1.0,Atingiu a média
57,23062703,2017,1,2,2303,23016,23,2303709,230370905,2,1,2.0,1.0,1.0,0.0,0.0,0.0,0.0,0.0,0.0,0.0,1.0,0.0,0.0,1.0,1.0,1.0,1.0,0.0,0.0,1.0,0.0,0.0,0.0,0.0,1.0,0.0,1.0,0.0,0.0,0.0,0.0,0.0,1.0,1.0,1.0,1.0,0.0,0.0,0.0,0.0,1.0,0.0,0.0,0.0,0.0,0.0,0.0,1.0,0.0,1.0,0.0,1.0,0.0,0.0,1.0,1.0,0.0,1.0,0.0,0.0,0.0,1.0,0.0,0.0,11.0,15.0,1.0,0.0,0.0,0.0,0.0,0.0,1.0,0.0,0.0,1.0,0.0,0.0,1.0,2.0,0.0,0.0,0.0,0.0,0.0,1.0,0.0,0.0,1.0,0.0,0.0,16.0,6.0,10.0,1.0,1.0,69.0,1.0,0.0,0.0,0.0,0.0,0.0,1.0,0.0,0.0,1.0,0.0,1.0,0.0,0.0,0.0,1.0,1.0,0.0,0.0,0.0,0.0,0.0,1.0,0.0,0.0,0.0,0.0,0.0,0.0,0.0,0.0,0.0,0.0,1.0,0.0,0.0,0.0,0.0,0.0,0.0,16.0,13.0,128.0,4.0,35.0,14.0,0.0,2.0,59.0,79.0,34.0,14.0,10.0,12.0,8.0,202.0,2.0,208.0,139.0,71.0,163.0,44.0,3.0,162.0,47.0,1.0,2.0,164.0,44.0,3.0,33.0,105.0,54.0,15.0,0.0,13.0,40.0,56.0,50.0,51.0,187.0,17.0,4.0,2.0,0.0,172.0,35.0,3.0,4.0,54.0,48.0,35.0,25.0,6.0,38.0,183.0,27.0,168.0,42.0,113.0,90.0,7.0,10.0,46.0,38.0,25.0,22.0,2.0,67.0,158.0,52.0,108.0,102.0,105.0,82.0,23.0,203.0,7.0,193.0,17.0,181.0,29.0,200.0,10.0,133.0,77.0,74.0,118.0,18.0,145.0,56.0,9.0,59.0,54.0,35.0,48.0,14.0,74.0,61.0,26.0,12.0,37.0,23.0,187.0,148.0,49.0,9.0,4.0,206.0,2.0,2.0,149.0,50.0,11.0,171.0,30.0,9.0,44.0,166.0,172.0,38.0,121.0,85.0,2.0,2.0,184.0,24.0,2.0,133.0,76.0,1.0,170.0,38.0,2.0,193.0,12.0,2.0,3.0,156.0,54.0,131.0,70.0,8.0,1.0,204.0,5.0,1.0,161.0,49.0,0.0,149.0,61.0,0.0,153.0,57.0,0.0,197.0,11.0,1.0,1.0,60.0,123.0,27.0,0.0,Não Atingiu a média
58,23151650,2017,1,2,2307,23029,23,2301307,230130705,2,1,1.0,1.0,1.0,0.0,0.0,0.0,0.0,0.0,0.0,0.0,0.0,0.0,0.0,1.0,1.0,0.0,1.0,0.0,0.0,1.0,0.0,0.0,0.0,1.0,0.0,0.0,1.0,0.0,0.0,0.0,0.0,0.0,1.0,1.0,1.0,1.0,0.0,0.0,0.0,0.0,1.0,1.0,0.0,1.0,0.0,0.0,0.0,1.0,0.0,0.0,0.0,1.0,0.0,1.0,1.0,1.0,1.0,0.0,0.0,0.0,0.0,0.0,0.0,0.0,16.0,16.0,1.0,0.0,1.0,0.0,0.0,0.0,0.0,1.0,1.0,1.0,0.0,1.0,1.0,1.0,0.0,1.0,0.0,0.0,0.0,0.0,1.0,1.0,2.0,0.0,1.0,20.0,5.0,15.0,1.0,1.0,59.0,1.0,0.0,0.0,0.0,0.0,0.0,1.0,0.0,0.0,1.0,0.0,1.0,0.0,0.0,0.0,1.0,0.0,0.0,0.0,0.0,0.0,1.0,1.0,0.0,0.0,0.0,0.0,0.0,0.0,0.0,0.0,0.0,0.0,0.0,0.0,0.0,0.0,0.0,0.0,0.0,17.0,5.0,109.0,4.0,1.0,9.0,0.0,2.0,26.0,54.0,26.0,13.0,7.0,17.0,3.0,142.0,1.0,144.0,110.0,35.0,119.0,21.0,5.0,104.0,36.0,5.0,2.0,126.0,17.0,1.0,3.0,76.0,55.0,10.0,1.0,14.0,29.0,36.0,30.0,35.0,139.0,3.0,3.0,0.0,0.0,114.0,29.0,2.0,13.0,51.0,35.0,10.0,11.0,5.0,20.0,108.0,37.0,92.0,53.0,95.0,48.0,2.0,27.0,48.0,19.0,9.0,5.0,5.0,32.0,91.0,54.0,73.0,72.0,112.0,25.0,8.0,140.0,5.0,131.0,14.0,123.0,22.0,141.0,4.0,104.0,41.0,46.0,86.0,13.0,78.0,62.0,5.0,50.0,44.0,16.0,24.0,11.0,33.0,50.0,19.0,20.0,23.0,25.0,120.0,60.0,52.0,31.0,2.0,142.0,1.0,2.0,78.0,52.0,15.0,120.0,21.0,4.0,36.0,109.0,132.0,13.0,115.0,29.0,1.0,0.0,133.0,10.0,2.0,68.0,75.0,2.0,116.0,27.0,2.0,133.0,12.0,0.0,0.0,104.0,41.0,105.0,38.0,2.0,0.0,138.0,4.0,3.0,124.0,18.0,3.0,104.0,37.0,4.0,100.0,43.0,2.0,140.0,4.0,0.0,1.0,26.0,77.0,42.0,0.0,Não Atingiu a média
59,23124121,2017,1,2,2305,23022,23,2301109,230110905,2,1,1.0,1.0,1.0,0.0,0.0,0.0,0.0,0.0,0.0,0.0,0.0,0.0,0.0,1.0,1.0,0.0,1.0,0.0,0.0,1.0,0.0,0.0,0.0,0.0,1.0,0.0,1.0,0.0,0.0,0.0,0.0,0.0,1.0,1.0,1.0,0.0,0.0,0.0,0.0,0.0,1.0,0.0,0.0,0.0,0.0,0.0,0.0,1.0,0.0,0.0,0.0,1.0,0.0,0.0,0.0,1.0,0.0,1.0,0.0,0.0,0.0,0.0,0.0,0.0,7.0,7.0,0.0,0.0,0.0,0.0,0.0,0.0,0.0,1.0,1.0,1.0,0.0,0.0,1.0,0.0,0.0,0.0,0.0,0.0,0.0,0.0,1.0,1.0,1.0,0.0,0.0,23.0,0.0,23.0,1.0,1.0,62.0,1.0,0.0,0.0,0.0,0.0,0.0,1.0,0.0,0.0,0.0,0.0,1.0,0.0,0.0,0.0,1.0,0.0,0.0,0.0,0.0,0.0,0.0,1.0,0.0,0.0,0.0,0.0,0.0,0.0,0.0,0.0,0.0,0.0,0.0,0.0,0.0,0.0,0.0,0.0,0.0,23.0,10.0,125.0,7.0,0.0,9.0,0.0,1.0,46.0,82.0,23.0,9.0,5.0,8.0,6.0,168.0,5.0,169.0,104.0,70.0,137.0,34.0,3.0,119.0,50.0,5.0,2.0,124.0,48.0,1.0,21.0,83.0,55.0,14.0,1.0,21.0,38.0,47.0,36.0,31.0,164.0,6.0,3.0,1.0,0.0,130.0,33.0,11.0,6.0,49.0,32.0,21.0,31.0,8.0,27.0,156.0,18.0,136.0,38.0,94.0,65.0,15.0,17.0,41.0,19.0,15.0,26.0,4.0,52.0,120.0,54.0,83.0,91.0,92.0,60.0,22.0,173.0,1.0,162.0,12.0,154.0,20.0,172.0,2.0,124.0,50.0,55.0,84.0,35.0,111.0,55.0,8.0,36.0,47.0,18.0,60.0,13.0,53.0,51.0,15.0,18.0,37.0,29.0,145.0,93.0,79.0,2.0,0.0,163.0,1.0,10.0,126.0,32.0,16.0,152.0,16.0,6.0,38.0,136.0,134.0,40.0,82.0,80.0,8.0,4.0,149.0,20.0,5.0,89.0,80.0,5.0,146.0,24.0,4.0,126.0,38.0,5.0,5.0,110.0,64.0,93.0,68.0,13.0,0.0,160.0,13.0,1.0,139.0,34.0,1.0,123.0,50.0,1.0,123.0,49.0,2.0,167.0,7.0,0.0,0.0,13.0,86.0,73.0,2.0,Não Atingiu a média
60,23105828,2017,1,2,2304,23020,23,2301505,230150505,2,1,1.0,1.0,1.0,0.0,0.0,0.0,0.0,0.0,0.0,0.0,0.0,0.0,0.0,1.0,1.0,0.0,0.0,0.0,0.0,1.0,0.0,0.0,0.0,1.0,1.0,0.0,1.0,0.0,0.0,0.0,0.0,0.0,1.0,1.0,1.0,0.0,1.0,1.0,0.0,1.0,1.0,1.0,0.0,1.0,0.0,0.0,0.0,1.0,0.0,0.0,0.0,1.0,1.0,0.0,1.0,0.0,0.0,0.0,0.0,0.0,0.0,0.0,0.0,0.0,8.0,8.0,1.0,0.0,1.0,1.0,1.0,1.0,1.0,0.0,1.0,1.0,0.0,1.0,1.0,3.0,0.0,1.0,1.0,1.0,1.0,2.0,0.0,1.0,1.0,0.0,1.0,33.0,8.0,25.0,1.0,0.0,35.0,1.0,1.0,0.0,0.0,0.0,0.0,1.0,0.0,0.0,0.0,0.0,1.0,0.0,0.0,0.0,1.0,1.0,0.0,0.0,0.0,0.0,0.0,1.0,0.0,0.0,0.0,0.0,0.0,0.0,0.0,0.0,0.0,0.0,1.0,0.0,0.0,0.0,0.0,0.0,0.0,9.0,3.0,48.0,1.0,2.0,3.0,0.0,1.0,22.0,34.0,6.0,0.0,1.0,2.0,0.0,66.0,0.0,66.0,44.0,22.0,61.0,4.0,1.0,50.0,14.0,2.0,2.0,53.0,11.0,0.0,12.0,33.0,20.0,1.0,0.0,8.0,18.0,20.0,13.0,7.0,62.0,3.0,0.0,1.0,0.0,50.0,13.0,3.0,6.0,19.0,7.0,6.0,9.0,12.0,7.0,53.0,13.0,44.0,22.0,32.0,29.0,5.0,10.0,9.0,11.0,8.0,6.0,3.0,19.0,45.0,21.0,31.0,35.0,56.0,6.0,4.0,65.0,1.0,60.0,6.0,59.0,7.0,65.0,1.0,50.0,16.0,18.0,43.0,5.0,42.0,21.0,3.0,19.0,16.0,13.0,17.0,1.0,23.0,24.0,7.0,6.0,6.0,6.0,60.0,49.0,12.0,5.0,0.0,59.0,1.0,6.0,57.0,7.0,2.0,59.0,5.0,2.0,15.0,51.0,65.0,1.0,51.0,15.0,0.0,0.0,62.0,3.0,1.0,43.0,21.0,2.0,54.0,11.0,1.0,62.0,3.0,0.0,1.0,49.0,17.0,41.0,24.0,1.0,0.0,64.0,2.0,0.0,57.0,8.0,1.0,47.0,18.0,1.0,39.0,26.0,1.0,65.0,1.0,0.0,0.0,12.0,47.0,7.0,0.0,Atingiu a média
61,23047895,2017,1,2,2302,23012,23,2302800,230280005,2,1,1.0,1.0,1.0,0.0,0.0,0.0,0.0,0.0,0.0,0.0,1.0,1.0,0.0,1.0,1.0,0.0,0.0,0.0,0.0,1.0,0.0,0.0,0.0,1.0,0.0,0.0,1.0,0.0,0.0,0.0,0.0,0.0,1.0,1.0,1.0,1.0,0.0,1.0,0.0,1.0,1.0,1.0,0.0,1.0,0.0,0.0,0.0,1.0,0.0,1.0,1.0,1.0,0.0,0.0,0.0,1.0,0.0,0.0,0.0,0.0,0.0,1.0,0.0,0.0,10.0,16.0,1.0,0.0,0.0,0.0,0.0,0.0,0.0,1.0,0.0,1.0,1.0,0.0,1.0,2.0,0.0,0.0,0.0,0.0,0.0,0.0,1.0,0.0,10.0,1.0,0.0,80.0,7.0,73.0,1.0,1.0,96.0,1.0,0.0,0.0,0.0,0.0,0.0,1.0,0.0,0.0,0.0,0.0,1.0,0.0,0.0,0.0,1.0,1.0,1.0,0.0,0.0,0.0,0.0,1.0,0.0,0.0,0.0,0.0,0.0,0.0,0.0,0.0,0.0,0.0,1.0,1.0,0.0,0.0,0.0,0.0,0.0,55.0,25.0,178.0,18.0,5.0,21.0,2.0,2.0,83.0,142.0,41.0,21.0,7.0,4.0,11.0,291.0,5.0,297.0,206.0,96.0,254.0,45.0,3.0,222.0,71.0,9.0,6.0,244.0,52.0,12.0,49.0,161.0,68.0,12.0,3.0,30.0,62.0,80.0,66.0,61.0,285.0,11.0,4.0,2.0,0.0,240.0,43.0,19.0,17.0,81.0,59.0,39.0,40.0,12.0,54.0,250.0,52.0,212.0,90.0,160.0,130.0,12.0,45.0,61.0,47.0,21.0,28.0,5.0,95.0,191.0,111.0,139.0,163.0,196.0,86.0,20.0,291.0,11.0,275.0,27.0,257.0,45.0,288.0,14.0,200.0,102.0,94.0,166.0,42.0,183.0,103.0,16.0,65.0,90.0,39.0,88.0,20.0,104.0,109.0,23.0,28.0,38.0,44.0,258.0,173.0,82.0,35.0,12.0,291.0,2.0,9.0,215.0,72.0,15.0,282.0,16.0,4.0,72.0,230.0,264.0,38.0,177.0,103.0,13.0,9.0,257.0,38.0,7.0,158.0,133.0,11.0,248.0,47.0,7.0,278.0,13.0,2.0,9.0,200.0,102.0,189.0,95.0,14.0,4.0,270.0,27.0,5.0,243.0,54.0,5.0,204.0,94.0,4.0,210.0,88.0,4.0,282.0,16.0,1.0,3.0,64.0,154.0,75.0,9.0,Atingiu a média
62,23063076,2017,1,2,2303,23016,23,2303709,230370905,2,1,1.0,1.0,1.0,0.0,0.0,0.0,0.0,0.0,0.0,0.0,0.0,0.0,0.0,1.0,1.0,0.0,0.0,0.0,0.0,1.0,0.0,0.0,0.0,1.0,0.0,0.0,1.0,0.0,0.0,0.0,0.0,0.0,1.0,1.0,1.0,0.0,0.0,0.0,0.0,0.0,1.0,1.0,0.0,1.0,0.0,0.0,0.0,1.0,0.0,0.0,0.0,1.0,0.0,1.0,1.0,1.0,0.0,1.0,0.0,0.0,0.0,0.0,0.0,0.0,8.0,8.0,0.0,0.0,0.0,0.0,0.0,0.0,0.0,0.0,0.0,0.0,0.0,0.0,1.0,0.0,0.0,0.0,0.0,0.0,0.0,0.0,0.0,0.0,0.0,0.0,0.0,22.0,4.0,14.0,1.0,1.0,49.0,1.0,0.0,0.0,0.0,0.0,0.0,1.0,0.0,0.0,1.0,0.0,1.0,0.0,0.0,0.0,1.0,0.0,0.0,0.0,0.0,0.0,1.0,1.0,0.0,0.0,0.0,0.0,0.0,0.0,0.0,0.0,0.0,0.0,0.0,0.0,0.0,0.0,0.0,0.0,0.0,8.0,6.0,45.0,2.0,4.0,7.0,0.0,0.0,14.0,34.0,12.0,3.0,2.0,7.0,5.0,67.0,3.0,69.0,35.0,37.0,60.0,10.0,2.0,57.0,14.0,1.0,0.0,52.0,20.0,0.0,21.0,32.0,16.0,3.0,1.0,8.0,17.0,22.0,14.0,10.0,66.0,3.0,1.0,2.0,0.0,52.0,19.0,1.0,8.0,11.0,11.0,14.0,12.0,0.0,16.0,59.0,13.0,52.0,20.0,31.0,40.0,1.0,3.0,10.0,8.0,10.0,8.0,1.0,32.0,57.0,15.0,42.0,30.0,29.0,25.0,18.0,70.0,2.0,65.0,7.0,62.0,10.0,70.0,2.0,44.0,28.0,16.0,50.0,6.0,46.0,26.0,0.0,21.0,28.0,7.0,13.0,3.0,21.0,17.0,7.0,15.0,12.0,19.0,53.0,40.0,19.0,11.0,2.0,70.0,0.0,2.0,37.0,26.0,9.0,58.0,9.0,5.0,19.0,53.0,61.0,11.0,43.0,29.0,0.0,0.0,59.0,11.0,2.0,32.0,38.0,2.0,59.0,11.0,2.0,55.0,14.0,2.0,1.0,55.0,17.0,54.0,15.0,3.0,0.0,66.0,6.0,0.0,54.0,18.0,0.0,51.0,21.0,0.0,54.0,18.0,0.0,64.0,8.0,0.0,0.0,15.0,36.0,21.0,0.0,Não Atingiu a média
63,23137657,2017,1,2,2305,23025,23,2304277,230427705,2,1,1.0,1.0,1.0,0.0,0.0,0.0,0.0,0.0,0.0,0.0,0.0,0.0,0.0,1.0,1.0,0.0,0.0,0.0,0.0,1.0,0.0,0.0,0.0,0.0,1.0,0.0,1.0,0.0,0.0,0.0,0.0,0.0,1.0,1.0,1.0,1.0,0.0,1.0,0.0,1.0,1.0,1.0,0.0,1.0,0.0,0.0,0.0,1.0,0.0,1.0,0.0,1.0,1.0,0.0,1.0,1.0,0.0,1.0,1.0,0.0,0.0,0.0,0.0,0.0,5.0,5.0,1.0,0.0,0.0,0.0,0.0,0.0,1.0,0.0,0.0,1.0,0.0,0.0,1.0,2.0,0.0,0.0,0.0,0.0,0.0,1.0,0.0,0.0,2.0,0.0,0.0,24.0,5.0,19.0,1.0,1.0,27.0,1.0,0.0,0.0,0.0,0.0,0.0,1.0,0.0,0.0,0.0,0.0,1.0,0.0,0.0,0.0,1.0,1.0,0.0,0.0,0.0,0.0,0.0,1.0,0.0,0.0,0.0,0.0,0.0,0.0,0.0,0.0,0.0,0.0,1.0,0.0,0.0,0.0,0.0,0.0,0.0,20.0,4.0,25.0,1.0,2.0,4.0,0.0,0.0,30.0,10.0,8.0,1.0,0.0,7.0,1.0,55.0,0.0,56.0,43.0,13.0,46.0,10.0,0.0,40.0,15.0,1.0,0.0,52.0,4.0,1.0,6.0,35.0,14.0,0.0,0.0,8.0,9.0,20.0,7.0,12.0,56.0,0.0,0.0,0.0,0.0,47.0,8.0,1.0,2.0,15.0,13.0,5.0,10.0,4.0,7.0,49.0,7.0,33.0,23.0,30.0,26.0,0.0,7.0,15.0,6.0,7.0,4.0,0.0,17.0,32.0,24.0,21.0,35.0,35.0,12.0,9.0,54.0,2.0,49.0,7.0,47.0,9.0,56.0,0.0,36.0,20.0,11.0,40.0,5.0,29.0,23.0,4.0,11.0,14.0,13.0,11.0,7.0,13.0,20.0,7.0,11.0,5.0,11.0,45.0,41.0,11.0,3.0,1.0,56.0,0.0,0.0,42.0,10.0,4.0,51.0,2.0,3.0,12.0,44.0,46.0,10.0,45.0,10.0,1.0,0.0,51.0,5.0,0.0,28.0,28.0,0.0,46.0,10.0,0.0,56.0,0.0,0.0,0.0,32.0,24.0,35.0,17.0,4.0,0.0,52.0,4.0,0.0,49.0,7.0,0.0,35.0,21.0,0.0,36.0,20.0,0.0,53.0,2.0,1.0,0.0,6.0,33.0,17.0,0.0,Não Atingiu a média
64,23071087,2017,1,2,2303,23016,23,2304400,230440005,2,1,2.0,1.0,1.0,0.0,0.0,0.0,0.0,0.0,0.0,0.0,0.0,0.0,0.0,1.0,1.0,0.0,1.0,0.0,0.0,1.0,0.0,0.0,0.0,1.0,0.0,0.0,1.0,0.0,0.0,1.0,0.0,0.0,1.0,1.0,1.0,1.0,0.0,1.0,0.0,1.0,1.0,1.0,0.0,1.0,0.0,0.0,0.0,1.0,0.0,0.0,1.0,1.0,1.0,0.0,1.0,1.0,1.0,1.0,1.0,0.0,0.0,1.0,0.0,0.0,20.0,19.0,1.0,0.0,0.0,0.0,1.0,1.0,1.0,1.0,0.0,1.0,0.0,0.0,1.0,2.0,0.0,0.0,0.0,1.0,1.0,1.0,1.0,0.0,3.0,0.0,0.0,34.0,7.0,27.0,1.0,1.0,75.0,1.0,0.0,0.0,0.0,0.0,0.0,1.0,0.0,0.0,0.0,0.0,1.0,0.0,0.0,0.0,1.0,0.0,0.0,0.0,0.0,0.0,0.0,1.0,0.0,0.0,0.0,0.0,0.0,0.0,0.0,0.0,0.0,0.0,0.0,0.0,0.0,0.0,0.0,0.0,0.0,49.0,27.0,137.0,7.0,2.0,10.0,0.0,5.0,78.0,85.0,44.0,17.0,2.0,1.0,3.0,229.0,3.0,229.0,90.0,142.0,146.0,72.0,14.0,95.0,112.0,25.0,0.0,146.0,86.0,2.0,33.0,117.0,65.0,15.0,2.0,23.0,62.0,72.0,35.0,38.0,213.0,17.0,1.0,0.0,1.0,200.0,17.0,15.0,4.0,24.0,35.0,51.0,83.0,22.0,13.0,222.0,10.0,182.0,50.0,124.0,92.0,16.0,8.0,21.0,35.0,44.0,69.0,17.0,38.0,211.0,21.0,138.0,94.0,61.0,87.0,84.0,221.0,11.0,193.0,39.0,182.0,50.0,225.0,7.0,136.0,96.0,73.0,125.0,34.0,154.0,72.0,6.0,22.0,46.0,51.0,107.0,6.0,70.0,84.0,21.0,18.0,39.0,47.0,185.0,120.0,103.0,6.0,3.0,179.0,8.0,45.0,151.0,61.0,20.0,213.0,18.0,1.0,25.0,207.0,188.0,44.0,89.0,117.0,15.0,11.0,182.0,40.0,10.0,121.0,95.0,16.0,200.0,19.0,13.0,148.0,65.0,8.0,11.0,117.0,115.0,92.0,103.0,25.0,12.0,200.0,16.0,16.0,152.0,64.0,16.0,131.0,84.0,17.0,187.0,27.0,18.0,135.0,68.0,13.0,16.0,24.0,136.0,72.0,0.0,Atingiu a média
65,23054530,2017,1,2,2302,23013,23,2305100,230510005,2,1,1.0,1.0,1.0,0.0,0.0,0.0,0.0,0.0,0.0,0.0,0.0,0.0,0.0,1.0,1.0,0.0,0.0,0.0,0.0,1.0,0.0,0.0,0.0,1.0,0.0,0.0,1.0,0.0,0.0,0.0,0.0,0.0,1.0,1.0,1.0,1.0,0.0,1.0,0.0,1.0,1.0,1.0,1.0,1.0,0.0,0.0,0.0,1.0,0.0,0.0,1.0,1.0,1.0,0.0,1.0,0.0,1.0,0.0,1.0,0.0,0.0,1.0,0.0,0.0,4.0,4.0,0.0,0.0,1.0,0.0,1.0,0.0,1.0,1.0,1.0,1.0,1.0,1.0,1.0,0.0,0.0,1.0,0.0,1.0,0.0,2.0,1.0,2.0,1.0,1.0,1.0,14.0,4.0,10.0,1.0,1.0,26.0,1.0,0.0,0.0,0.0,0.0,0.0,1.0,0.0,0.0,1.0,0.0,1.0,0.0,0.0,0.0,1.0,0.0,0.0,0.0,0.0,0.0,0.0,1.0,0.0,0.0,0.0,0.0,0.0,0.0,0.0,0.0,0.0,0.0,0.0,0.0,0.0,0.0,0.0,0.0,0.0,10.0,9.0,41.0,11.0,2.0,4.0,0.0,1.0,18.0,43.0,6.0,4.0,4.0,1.0,2.0,75.0,2.0,75.0,53.0,24.0,54.0,19.0,4.0,61.0,11.0,5.0,1.0,61.0,15.0,0.0,4.0,30.0,27.0,16.0,0.0,5.0,10.0,26.0,18.0,18.0,69.0,5.0,2.0,1.0,0.0,70.0,5.0,2.0,5.0,22.0,6.0,13.0,13.0,3.0,15.0,67.0,10.0,51.0,26.0,48.0,25.0,4.0,7.0,18.0,8.0,8.0,9.0,5.0,22.0,49.0,28.0,35.0,42.0,49.0,21.0,7.0,75.0,2.0,71.0,6.0,61.0,16.0,77.0,0.0,44.0,33.0,22.0,46.0,9.0,58.0,16.0,3.0,19.0,17.0,19.0,18.0,4.0,31.0,22.0,7.0,8.0,9.0,13.0,64.0,62.0,14.0,0.0,1.0,72.0,0.0,5.0,61.0,11.0,5.0,71.0,5.0,1.0,21.0,56.0,55.0,22.0,40.0,34.0,3.0,0.0,72.0,5.0,0.0,48.0,29.0,0.0,65.0,12.0,0.0,67.0,10.0,0.0,0.0,37.0,40.0,31.0,39.0,7.0,0.0,69.0,8.0,0.0,68.0,9.0,0.0,46.0,31.0,0.0,58.0,19.0,0.0,74.0,3.0,0.0,0.0,6.0,51.0,20.0,0.0,Atingiu a média
66,23219181,2017,1,2,2301,23007,23,2303659,230365905,2,1,1.0,1.0,1.0,0.0,0.0,0.0,0.0,0.0,0.0,0.0,0.0,0.0,0.0,1.0,1.0,0.0,0.0,0.0,0.0,1.0,0.0,0.0,0.0,0.0,1.0,0.0,1.0,0.0,0.0,0.0,0.0,0.0,1.0,1.0,1.0,1.0,0.0,1.0,0.0,1.0,1.0,0.0,1.0,1.0,0.0,0.0,0.0,1.0,0.0,1.0,0.0,1.0,0.0,0.0,1.0,1.0,0.0,1.0,0.0,0.0,0.0,0.0,0.0,0.0,8.0,6.0,1.0,0.0,1.0,1.0,0.0,0.0,1.0,0.0,1.0,1.0,0.0,0.0,1.0,1.0,0.0,1.0,1.0,0.0,0.0,1.0,0.0,1.0,3.0,0.0,0.0,26.0,6.0,20.0,1.0,1.0,32.0,1.0,0.0,0.0,0.0,0.0,0.0,1.0,0.0,0.0,1.0,0.0,1.0,0.0,0.0,0.0,1.0,1.0,0.0,0.0,0.0,0.0,0.0,1.0,0.0,0.0,0.0,0.0,0.0,0.0,0.0,0.0,0.0,0.0,1.0,0.0,0.0,0.0,0.0,0.0,0.0,15.0,3.0,56.0,6.0,2.0,1.0,0.0,1.0,23.0,36.0,7.0,1.0,0.0,15.0,1.0,82.0,3.0,80.0,51.0,32.0,68.0,13.0,2.0,60.0,21.0,2.0,1.0,69.0,13.0,1.0,7.0,40.0,24.0,11.0,0.0,10.0,19.0,24.0,12.0,18.0,76.0,6.0,0.0,0.0,1.0,65.0,14.0,4.0,7.0,19.0,15.0,24.0,8.0,3.0,7.0,65.0,18.0,62.0,21.0,46.0,33.0,4.0,19.0,22.0,9.0,10.0,5.0,0.0,18.0,47.0,36.0,32.0,51.0,55.0,23.0,5.0,78.0,5.0,75.0,8.0,70.0,13.0,79.0,4.0,59.0,24.0,28.0,44.0,11.0,54.0,27.0,2.0,13.0,27.0,11.0,26.0,6.0,32.0,21.0,10.0,13.0,7.0,13.0,70.0,53.0,21.0,7.0,2.0,81.0,0.0,2.0,66.0,14.0,3.0,68.0,11.0,4.0,23.0,60.0,74.0,9.0,49.0,31.0,1.0,2.0,68.0,13.0,2.0,47.0,33.0,3.0,74.0,7.0,2.0,66.0,14.0,0.0,3.0,39.0,44.0,45.0,31.0,5.0,2.0,75.0,7.0,1.0,63.0,19.0,1.0,52.0,29.0,2.0,58.0,24.0,1.0,64.0,17.0,1.0,1.0,20.0,56.0,7.0,0.0,Não Atingiu a média
67,23215534,2017,1,2,2303,23016,23,2304400,230440005,2,1,1.0,1.0,1.0,0.0,0.0,0.0,0.0,0.0,0.0,0.0,0.0,0.0,0.0,1.0,1.0,0.0,1.0,0.0,0.0,1.0,0.0,0.0,0.0,1.0,0.0,0.0,1.0,0.0,0.0,0.0,0.0,0.0,1.0,1.0,1.0,1.0,0.0,1.0,0.0,1.0,1.0,1.0,0.0,1.0,0.0,0.0,0.0,1.0,1.0,1.0,1.0,1.0,1.0,1.0,1.0,1.0,1.0,1.0,1.0,0.0,0.0,0.0,0.0,0.0,25.0,25.0,1.0,1.0,1.0,0.0,1.0,0.0,0.0,1.0,1.0,1.0,0.0,0.0,1.0,3.0,2.0,2.0,0.0,1.0,0.0,0.0,2.0,3.0,3.0,0.0,0.0,40.0,15.0,25.0,1.0,1.0,98.0,1.0,0.0,0.0,0.0,0.0,0.0,1.0,0.0,0.0,0.0,0.0,1.0,0.0,0.0,0.0,1.0,0.0,0.0,0.0,0.0,1.0,1.0,1.0,0.0,0.0,0.0,0.0,0.0,0.0,0.0,0.0,0.0,0.0,0.0,0.0,0.0,0.0,0.0,0.0,0.0,23.0,7.0,56.0,2.0,2.0,5.0,0.0,1.0,44.0,42.0,7.0,1.0,0.0,0.0,0.0,95.0,0.0,95.0,16.0,79.0,37.0,48.0,10.0,22.0,47.0,26.0,0.0,31.0,64.0,0.0,1.0,46.0,37.0,11.0,0.0,6.0,25.0,42.0,15.0,7.0,90.0,5.0,0.0,0.0,0.0,87.0,4.0,4.0,1.0,2.0,3.0,14.0,52.0,20.0,3.0,93.0,2.0,73.0,22.0,60.0,32.0,3.0,0.0,3.0,4.0,12.0,44.0,25.0,7.0,94.0,1.0,65.0,30.0,37.0,39.0,19.0,94.0,1.0,85.0,10.0,82.0,13.0,92.0,3.0,73.0,22.0,43.0,43.0,9.0,82.0,11.0,2.0,14.0,36.0,29.0,15.0,1.0,53.0,20.0,2.0,1.0,19.0,4.0,91.0,61.0,32.0,2.0,0.0,85.0,0.0,10.0,74.0,19.0,2.0,94.0,1.0,0.0,1.0,94.0,65.0,30.0,51.0,39.0,5.0,0.0,82.0,13.0,0.0,62.0,32.0,1.0,94.0,1.0,0.0,61.0,29.0,4.0,1.0,63.0,32.0,54.0,39.0,2.0,0.0,93.0,2.0,0.0,77.0,17.0,1.0,71.0,24.0,0.0,90.0,4.0,1.0,53.0,38.0,4.0,0.0,7.0,58.0,30.0,0.0,Atingiu a média
68,23075686,2017,1,2,2303,23016,23,2304400,230440005,2,1,1.0,1.0,2.0,0.0,0.0,0.0,0.0,0.0,0.0,0.0,0.0,0.0,0.0,1.0,1.0,1.0,1.0,0.0,0.0,1.0,0.0,0.0,0.0,1.0,0.0,0.0,1.0,0.0,0.0,0.0,0.0,0.0,1.0,1.0,1.0,0.0,0.0,1.0,0.0,1.0,1.0,1.0,0.0,1.0,0.0,0.0,0.0,1.0,0.0,1.0,0.0,1.0,1.0,0.0,1.0,1.0,1.0,1.0,0.0,0.0,0.0,0.0,0.0,0.0,9.0,9.0,1.0,0.0,0.0,0.0,1.0,0.0,1.0,0.0,1.0,1.0,1.0,1.0,1.0,2.0,0.0,0.0,0.0,1.0,0.0,2.0,0.0,2.0,3.0,1.0,1.0,30.0,3.0,26.0,1.0,1.0,66.0,1.0,0.0,0.0,0.0,0.0,0.0,1.0,0.0,0.0,1.0,0.0,1.0,0.0,0.0,0.0,1.0,0.0,0.0,0.0,0.0,0.0,1.0,1.0,0.0,0.0,0.0,0.0,0.0,0.0,0.0,0.0,0.0,0.0,0.0,0.0,0.0,0.0,0.0,0.0,0.0,44.0,15.0,102.0,9.0,1.0,8.0,0.0,1.0,64.0,74.0,24.0,5.0,4.0,7.0,6.0,173.0,1.0,178.0,64.0,115.0,107.0,70.0,2.0,93.0,79.0,7.0,1.0,127.0,51.0,3.0,28.0,103.0,42.0,3.0,1.0,12.0,39.0,70.0,41.0,16.0,174.0,4.0,1.0,0.0,0.0,154.0,17.0,8.0,2.0,23.0,31.0,33.0,75.0,4.0,11.0,172.0,7.0,143.0,36.0,112.0,58.0,9.0,5.0,25.0,32.0,25.0,64.0,5.0,23.0,165.0,14.0,106.0,73.0,68.0,74.0,37.0,175.0,4.0,154.0,25.0,144.0,35.0,177.0,2.0,120.0,59.0,58.0,98.0,23.0,121.0,55.0,3.0,25.0,56.0,40.0,56.0,2.0,53.0,82.0,10.0,16.0,18.0,29.0,150.0,96.0,77.0,6.0,0.0,150.0,8.0,21.0,115.0,49.0,15.0,164.0,12.0,3.0,12.0,167.0,154.0,25.0,119.0,53.0,7.0,0.0,142.0,36.0,1.0,101.0,76.0,2.0,161.0,18.0,0.0,168.0,10.0,1.0,0.0,123.0,56.0,116.0,58.0,5.0,0.0,168.0,11.0,0.0,132.0,47.0,0.0,110.0,69.0,0.0,146.0,33.0,0.0,157.0,21.0,1.0,0.0,36.0,100.0,43.0,0.0,Atingiu a média
69,23252626,2017,1,2,2301,23001,23,2304251,230425105,2,2,2.0,1.0,1.0,0.0,0.0,0.0,0.0,0.0,0.0,0.0,0.0,0.0,0.0,1.0,1.0,0.0,0.0,0.0,0.0,1.0,0.0,0.0,0.0,0.0,1.0,0.0,1.0,0.0,0.0,1.0,0.0,0.0,1.0,1.0,0.0,1.0,0.0,1.0,0.0,1.0,1.0,1.0,0.0,1.0,0.0,0.0,0.0,1.0,0.0,1.0,1.0,1.0,1.0,0.0,1.0,1.0,0.0,1.0,1.0,0.0,0.0,0.0,1.0,0.0,8.0,8.0,1.0,0.0,1.0,0.0,1.0,0.0,0.0,0.0,0.0,0.0,0.0,0.0,1.0,2.0,0.0,2.0,0.0,1.0,0.0,0.0,0.0,0.0,0.0,0.0,0.0,72.0,17.0,55.0,1.0,1.0,31.0,1.0,0.0,0.0,0.0,0.0,0.0,1.0,0.0,0.0,0.0,0.0,1.0,0.0,0.0,0.0,1.0,1.0,0.0,0.0,0.0,0.0,0.0,1.0,0.0,0.0,0.0,0.0,0.0,0.0,0.0,0.0,0.0,0.0,1.0,0.0,0.0,0.0,0.0,0.0,0.0,12.0,2.0,72.0,2.0,0.0,2.0,0.0,0.0,22.0,50.0,12.0,0.0,3.0,3.0,5.0,85.0,2.0,88.0,65.0,25.0,71.0,17.0,2.0,68.0,21.0,1.0,1.0,56.0,33.0,0.0,11.0,33.0,39.0,7.0,1.0,7.0,15.0,26.0,16.0,25.0,87.0,2.0,0.0,0.0,1.0,73.0,13.0,4.0,3.0,25.0,18.0,12.0,5.0,4.0,23.0,79.0,11.0,69.0,21.0,60.0,20.0,10.0,12.0,19.0,16.0,5.0,7.0,1.0,30.0,57.0,33.0,41.0,49.0,63.0,24.0,3.0,88.0,2.0,81.0,9.0,73.0,17.0,89.0,1.0,64.0,26.0,29.0,54.0,7.0,54.0,32.0,4.0,24.0,21.0,13.0,29.0,3.0,33.0,27.0,7.0,6.0,17.0,20.0,70.0,57.0,21.0,10.0,2.0,90.0,0.0,0.0,77.0,10.0,3.0,83.0,4.0,3.0,17.0,73.0,77.0,13.0,49.0,27.0,6.0,8.0,73.0,6.0,11.0,42.0,36.0,12.0,66.0,13.0,11.0,65.0,12.0,2.0,11.0,58.0,32.0,40.0,41.0,7.0,2.0,81.0,7.0,2.0,83.0,5.0,2.0,57.0,31.0,2.0,64.0,24.0,2.0,72.0,14.0,2.0,2.0,2.0,39.0,43.0,6.0,Atingiu a média
70,23071591,2017,1,2,2303,23016,23,2304400,230440005,2,1,2.0,1.0,3.0,0.0,0.0,0.0,0.0,0.0,0.0,0.0,0.0,0.0,0.0,1.0,1.0,0.0,0.0,0.0,0.0,1.0,0.0,0.0,0.0,1.0,0.0,0.0,1.0,0.0,0.0,1.0,0.0,0.0,1.0,1.0,1.0,1.0,0.0,1.0,0.0,1.0,1.0,1.0,0.0,1.0,0.0,0.0,0.0,0.0,0.0,1.0,0.0,1.0,0.0,1.0,0.0,1.0,1.0,1.0,0.0,0.0,0.0,0.0,0.0,0.0,17.0,17.0,1.0,0.0,1.0,1.0,1.0,1.0,1.0,0.0,1.0,1.0,0.0,1.0,1.0,4.0,0.0,2.0,1.0,1.0,6.0,1.0,0.0,5.0,7.0,0.0,1.0,43.0,3.0,40.0,1.0,1.0,64.0,1.0,0.0,0.0,0.0,0.0,0.0,1.0,0.0,0.0,1.0,0.0,1.0,0.0,0.0,0.0,1.0,0.0,0.0,0.0,0.0,0.0,0.0,1.0,0.0,0.0,0.0,0.0,0.0,0.0,0.0,0.0,0.0,0.0,0.0,0.0,0.0,0.0,0.0,0.0,0.0,32.0,19.0,98.0,15.0,7.0,6.0,0.0,2.0,79.0,78.0,15.0,3.0,0.0,0.0,5.0,172.0,2.0,175.0,55.0,122.0,97.0,71.0,9.0,88.0,72.0,17.0,0.0,113.0,64.0,2.0,18.0,102.0,45.0,10.0,0.0,17.0,40.0,61.0,41.0,18.0,165.0,8.0,1.0,3.0,0.0,162.0,8.0,7.0,2.0,14.0,27.0,53.0,62.0,7.0,12.0,167.0,10.0,139.0,38.0,96.0,66.0,15.0,3.0,20.0,24.0,25.0,62.0,7.0,36.0,162.0,15.0,113.0,64.0,44.0,92.0,41.0,171.0,6.0,147.0,30.0,142.0,35.0,168.0,9.0,110.0,67.0,62.0,93.0,22.0,134.0,40.0,3.0,19.0,37.0,46.0,72.0,3.0,47.0,77.0,16.0,12.0,25.0,33.0,144.0,90.0,85.0,2.0,0.0,150.0,4.0,23.0,130.0,40.0,7.0,167.0,10.0,0.0,11.0,166.0,148.0,29.0,80.0,89.0,7.0,1.0,144.0,32.0,1.0,104.0,71.0,2.0,172.0,4.0,1.0,145.0,28.0,3.0,1.0,70.0,107.0,57.0,90.0,24.0,6.0,158.0,15.0,4.0,117.0,56.0,4.0,115.0,58.0,4.0,150.0,23.0,4.0,127.0,42.0,5.0,3.0,22.0,106.0,49.0,0.0,Atingiu a média
71,23078529,2017,1,2,2303,23016,23,2304400,230440005,2,1,1.0,1.0,1.0,0.0,0.0,0.0,0.0,0.0,0.0,0.0,0.0,0.0,0.0,1.0,1.0,0.0,0.0,0.0,0.0,1.0,0.0,0.0,0.0,1.0,0.0,0.0,1.0,0.0,0.0,0.0,0.0,0.0,1.0,1.0,1.0,1.0,0.0,0.0,0.0,0.0,1.0,1.0,0.0,1.0,0.0,0.0,0.0,1.0,0.0,0.0,0.0,1.0,1.0,0.0,1.0,1.0,1.0,0.0,0.0,0.0,0.0,0.0,0.0,0.0,6.0,6.0,1.0,1.0,1.0,0.0,1.0,1.0,1.0,1.0,1.0,1.0,0.0,1.0,1.0,6.0,1.0,1.0,0.0,4.0,1.0,4.0,3.0,2.0,4.0,0.0,2.0,21.0,6.0,15.0,1.0,1.0,47.0,1.0,0.0,0.0,0.0,0.0,0.0,1.0,0.0,0.0,1.0,0.0,1.0,0.0,0.0,0.0,1.0,0.0,0.0,0.0,0.0,0.0,0.0,1.0,0.0,0.0,0.0,0.0,0.0,0.0,0.0,0.0,0.0,0.0,0.0,0.0,0.0,0.0,0.0,0.0,0.0,6.0,13.0,18.0,4.0,1.0,3.0,0.0,0.0,14.0,18.0,7.0,2.0,2.0,2.0,0.0,45.0,0.0,45.0,18.0,27.0,31.0,12.0,2.0,27.0,11.0,7.0,0.0,28.0,17.0,1.0,9.0,18.0,15.0,2.0,2.0,6.0,12.0,11.0,7.0,7.0,40.0,1.0,4.0,0.0,0.0,35.0,6.0,4.0,3.0,2.0,6.0,10.0,16.0,1.0,7.0,43.0,2.0,31.0,14.0,22.0,20.0,3.0,2.0,4.0,1.0,9.0,13.0,2.0,14.0,40.0,5.0,25.0,20.0,10.0,19.0,16.0,42.0,3.0,36.0,9.0,29.0,16.0,43.0,2.0,21.0,24.0,15.0,22.0,8.0,30.0,13.0,2.0,9.0,12.0,10.0,13.0,1.0,15.0,15.0,2.0,2.0,11.0,25.0,20.0,23.0,19.0,3.0,0.0,39.0,0.0,6.0,23.0,16.0,6.0,40.0,4.0,1.0,3.0,42.0,40.0,5.0,16.0,26.0,2.0,1.0,36.0,7.0,2.0,23.0,20.0,2.0,42.0,1.0,2.0,34.0,10.0,0.0,1.0,22.0,23.0,16.0,15.0,14.0,0.0,41.0,3.0,1.0,32.0,12.0,1.0,33.0,11.0,1.0,39.0,5.0,1.0,38.0,4.0,2.0,1.0,8.0,27.0,10.0,0.0,Atingiu a média
72,23127430,2017,1,2,2305,23023,23,2307007,230700705,2,1,1.0,1.0,1.0,0.0,0.0,0.0,0.0,0.0,0.0,0.0,0.0,0.0,0.0,1.0,1.0,0.0,0.0,0.0,0.0,1.0,0.0,0.0,0.0,1.0,1.0,0.0,1.0,0.0,0.0,0.0,0.0,0.0,1.0,1.0,1.0,1.0,1.0,1.0,0.0,1.0,1.0,0.0,0.0,0.0,0.0,0.0,0.0,1.0,0.0,1.0,1.0,1.0,1.0,0.0,0.0,1.0,0.0,1.0,0.0,0.0,0.0,0.0,0.0,0.0,8.0,8.0,1.0,0.0,0.0,0.0,0.0,0.0,1.0,1.0,1.0,1.0,0.0,1.0,1.0,1.0,0.0,0.0,0.0,0.0,0.0,1.0,2.0,1.0,2.0,0.0,1.0,40.0,1.0,40.0,1.0,1.0,30.0,1.0,1.0,0.0,0.0,0.0,0.0,1.0,0.0,0.0,1.0,0.0,1.0,0.0,0.0,0.0,1.0,0.0,0.0,0.0,0.0,0.0,0.0,1.0,0.0,0.0,0.0,0.0,0.0,0.0,0.0,0.0,0.0,0.0,0.0,0.0,0.0,0.0,0.0,0.0,0.0,12.0,10.0,39.0,3.0,1.0,1.0,0.0,0.0,16.0,24.0,15.0,6.0,3.0,2.0,4.0,62.0,2.0,64.0,36.0,30.0,52.0,13.0,1.0,53.0,11.0,2.0,2.0,54.0,10.0,0.0,18.0,24.0,18.0,6.0,0.0,8.0,13.0,16.0,15.0,14.0,55.0,9.0,2.0,0.0,0.0,50.0,15.0,1.0,2.0,32.0,9.0,6.0,2.0,2.0,13.0,50.0,16.0,47.0,19.0,39.0,25.0,2.0,8.0,17.0,6.0,4.0,3.0,2.0,26.0,40.0,26.0,29.0,37.0,35.0,25.0,6.0,65.0,1.0,62.0,4.0,61.0,5.0,66.0,0.0,51.0,15.0,16.0,39.0,11.0,34.0,22.0,10.0,20.0,13.0,9.0,19.0,5.0,26.0,9.0,6.0,9.0,16.0,13.0,53.0,27.0,33.0,2.0,4.0,63.0,0.0,3.0,35.0,24.0,7.0,49.0,11.0,6.0,26.0,40.0,59.0,7.0,29.0,25.0,8.0,4.0,52.0,11.0,3.0,34.0,29.0,3.0,38.0,24.0,4.0,49.0,13.0,2.0,2.0,40.0,26.0,27.0,27.0,8.0,4.0,50.0,15.0,1.0,45.0,18.0,3.0,39.0,25.0,2.0,37.0,27.0,2.0,59.0,4.0,0.0,3.0,20.0,30.0,14.0,2.0,Não Atingiu a média
73,23159014,2017,1,2,2307,23031,23,2301703,230170305,2,2,2.0,1.0,1.0,0.0,0.0,0.0,0.0,0.0,0.0,0.0,0.0,0.0,0.0,1.0,1.0,0.0,0.0,0.0,0.0,1.0,0.0,0.0,0.0,1.0,1.0,0.0,1.0,0.0,0.0,0.0,0.0,0.0,1.0,1.0,1.0,1.0,0.0,0.0,0.0,0.0,1.0,0.0,1.0,1.0,0.0,0.0,0.0,1.0,0.0,1.0,0.0,1.0,1.0,0.0,1.0,1.0,0.0,1.0,0.0,0.0,0.0,1.0,0.0,0.0,6.0,6.0,1.0,0.0,0.0,1.0,1.0,1.0,0.0,0.0,1.0,1.0,1.0,1.0,1.0,1.0,0.0,0.0,1.0,1.0,1.0,0.0,0.0,1.0,1.0,1.0,1.0,17.0,7.0,10.0,1.0,1.0,21.0,1.0,0.0,0.0,0.0,0.0,0.0,1.0,0.0,0.0,0.0,0.0,1.0,0.0,0.0,0.0,1.0,1.0,0.0,0.0,0.0,0.0,1.0,1.0,0.0,0.0,0.0,0.0,0.0,0.0,0.0,0.0,0.0,1.0,1.0,0.0,0.0,0.0,0.0,0.0,0.0,5.0,1.0,12.0,2.0,0.0,0.0,0.0,0.0,7.0,4.0,2.0,2.0,2.0,3.0,0.0,20.0,0.0,20.0,14.0,6.0,18.0,2.0,0.0,15.0,5.0,0.0,3.0,16.0,1.0,0.0,5.0,12.0,2.0,1.0,0.0,5.0,6.0,5.0,2.0,2.0,18.0,1.0,1.0,0.0,0.0,13.0,7.0,0.0,2.0,8.0,2.0,1.0,4.0,1.0,2.0,15.0,5.0,15.0,5.0,13.0,7.0,0.0,5.0,4.0,3.0,2.0,1.0,0.0,5.0,12.0,8.0,9.0,11.0,15.0,3.0,2.0,19.0,1.0,19.0,1.0,18.0,2.0,19.0,1.0,14.0,6.0,4.0,16.0,0.0,9.0,10.0,1.0,7.0,8.0,1.0,1.0,3.0,7.0,2.0,2.0,7.0,2.0,3.0,17.0,9.0,8.0,1.0,2.0,18.0,2.0,0.0,13.0,5.0,2.0,14.0,4.0,2.0,5.0,15.0,17.0,3.0,17.0,3.0,0.0,0.0,18.0,2.0,0.0,14.0,6.0,0.0,15.0,5.0,0.0,19.0,1.0,0.0,0.0,12.0,8.0,15.0,4.0,1.0,0.0,20.0,0.0,0.0,15.0,5.0,0.0,13.0,7.0,0.0,12.0,7.0,1.0,19.0,1.0,0.0,0.0,8.0,11.0,1.0,0.0,Não Atingiu a média
74,23225505,2017,1,2,2303,23016,23,2304400,230440005,2,1,2.0,1.0,2.0,0.0,0.0,0.0,0.0,0.0,0.0,0.0,0.0,0.0,0.0,1.0,1.0,0.0,0.0,0.0,0.0,1.0,0.0,0.0,0.0,1.0,0.0,0.0,1.0,0.0,0.0,0.0,0.0,0.0,1.0,1.0,1.0,0.0,1.0,1.0,0.0,1.0,1.0,0.0,1.0,1.0,0.0,0.0,0.0,1.0,0.0,0.0,0.0,1.0,0.0,0.0,1.0,1.0,0.0,0.0,1.0,0.0,0.0,0.0,0.0,0.0,9.0,9.0,1.0,0.0,1.0,0.0,1.0,0.0,1.0,0.0,1.0,1.0,0.0,1.0,1.0,2.0,0.0,1.0,0.0,1.0,0.0,1.0,0.0,7.0,2.0,0.0,1.0,21.0,7.0,14.0,1.0,1.0,47.0,1.0,1.0,0.0,0.0,0.0,0.0,1.0,0.0,0.0,0.0,0.0,1.0,0.0,0.0,0.0,1.0,0.0,0.0,0.0,0.0,0.0,1.0,1.0,0.0,0.0,0.0,0.0,0.0,0.0,0.0,0.0,0.0,0.0,0.0,0.0,0.0,0.0,0.0,0.0,0.0,2.0,2.0,25.0,2.0,0.0,0.0,0.0,0.0,13.0,13.0,3.0,2.0,0.0,0.0,0.0,31.0,0.0,31.0,10.0,21.0,19.0,11.0,1.0,18.0,12.0,1.0,0.0,20.0,11.0,0.0,7.0,17.0,5.0,2.0,0.0,5.0,6.0,6.0,6.0,8.0,28.0,3.0,0.0,0.0,0.0,25.0,1.0,5.0,0.0,3.0,6.0,10.0,10.0,0.0,2.0,31.0,0.0,23.0,8.0,16.0,13.0,2.0,0.0,3.0,6.0,4.0,15.0,0.0,3.0,29.0,2.0,19.0,12.0,12.0,13.0,6.0,29.0,2.0,25.0,6.0,22.0,9.0,30.0,1.0,19.0,12.0,4.0,20.0,7.0,19.0,12.0,0.0,1.0,3.0,7.0,20.0,0.0,7.0,14.0,1.0,4.0,5.0,4.0,27.0,14.0,13.0,3.0,1.0,27.0,0.0,4.0,25.0,3.0,3.0,30.0,1.0,0.0,3.0,28.0,26.0,5.0,16.0,12.0,3.0,0.0,24.0,6.0,1.0,13.0,18.0,0.0,27.0,4.0,0.0,29.0,2.0,0.0,0.0,18.0,13.0,14.0,12.0,5.0,0.0,27.0,4.0,0.0,23.0,7.0,1.0,14.0,17.0,0.0,25.0,5.0,1.0,28.0,3.0,0.0,0.0,2.0,13.0,16.0,0.0,Atingiu a média
75,23073527,2017,1,2,2303,23016,23,2304400,230440005,2,1,1.0,1.0,1.0,0.0,0.0,0.0,0.0,0.0,0.0,0.0,0.0,0.0,0.0,1.0,1.0,0.0,0.0,0.0,0.0,1.0,0.0,0.0,0.0,1.0,0.0,0.0,1.0,0.0,0.0,0.0,0.0,0.0,0.0,1.0,1.0,0.0,1.0,0.0,0.0,0.0,1.0,0.0,1.0,1.0,0.0,0.0,0.0,1.0,0.0,1.0,0.0,0.0,0.0,0.0,1.0,1.0,0.0,0.0,0.0,0.0,0.0,0.0,0.0,0.0,11.0,11.0,1.0,0.0,0.0,0.0,1.0,0.0,1.0,0.0,1.0,1.0,0.0,0.0,1.0,3.0,0.0,0.0,0.0,1.0,0.0,2.0,0.0,5.0,2.0,0.0,0.0,25.0,5.0,15.0,1.0,1.0,52.0,1.0,1.0,0.0,0.0,0.0,0.0,1.0,0.0,0.0,0.0,0.0,1.0,0.0,0.0,0.0,1.0,0.0,0.0,0.0,0.0,0.0,1.0,1.0,0.0,0.0,0.0,0.0,0.0,0.0,0.0,0.0,0.0,0.0,0.0,0.0,0.0,0.0,0.0,0.0,0.0,2.0,3.0,13.0,0.0,1.0,0.0,0.0,0.0,3.0,9.0,4.0,2.0,0.0,1.0,0.0,19.0,0.0,19.0,8.0,11.0,16.0,2.0,1.0,15.0,4.0,0.0,0.0,14.0,5.0,1.0,4.0,11.0,2.0,1.0,0.0,2.0,4.0,5.0,3.0,5.0,19.0,0.0,0.0,0.0,0.0,16.0,2.0,1.0,0.0,2.0,4.0,3.0,5.0,0.0,5.0,13.0,6.0,12.0,7.0,7.0,10.0,2.0,1.0,1.0,5.0,1.0,3.0,0.0,8.0,16.0,3.0,9.0,10.0,10.0,8.0,1.0,19.0,0.0,17.0,2.0,14.0,5.0,19.0,0.0,12.0,7.0,2.0,11.0,6.0,9.0,9.0,1.0,4.0,2.0,4.0,8.0,1.0,9.0,9.0,0.0,1.0,0.0,0.0,19.0,9.0,9.0,1.0,0.0,17.0,1.0,1.0,7.0,7.0,5.0,16.0,2.0,1.0,4.0,15.0,13.0,6.0,11.0,7.0,1.0,0.0,13.0,6.0,0.0,7.0,11.0,1.0,18.0,1.0,0.0,17.0,2.0,0.0,0.0,14.0,5.0,14.0,5.0,0.0,0.0,16.0,3.0,0.0,16.0,3.0,0.0,8.0,11.0,0.0,14.0,5.0,0.0,19.0,0.0,0.0,0.0,4.0,9.0,6.0,0.0,Atingiu a média
76,23188545,2017,1,2,2303,23016,23,2304400,230440005,2,1,1.0,1.0,1.0,0.0,0.0,0.0,0.0,0.0,0.0,0.0,0.0,0.0,0.0,1.0,1.0,0.0,1.0,0.0,0.0,1.0,0.0,0.0,0.0,1.0,0.0,0.0,1.0,1.0,0.0,0.0,0.0,0.0,1.0,1.0,1.0,1.0,1.0,1.0,1.0,1.0,1.0,1.0,0.0,1.0,0.0,0.0,0.0,1.0,0.0,1.0,1.0,1.0,1.0,1.0,1.0,1.0,1.0,0.0,1.0,0.0,0.0,0.0,0.0,0.0,16.0,16.0,1.0,0.0,1.0,0.0,0.0,0.0,0.0,1.0,1.0,1.0,0.0,1.0,1.0,2.0,0.0,1.0,0.0,0.0,0.0,0.0,3.0,2.0,2.0,0.0,1.0,45.0,2.0,43.0,1.0,1.0,97.0,1.0,1.0,0.0,0.0,0.0,0.0,1.0,0.0,0.0,1.0,0.0,1.0,0.0,0.0,1.0,1.0,1.0,0.0,0.0,0.0,0.0,1.0,1.0,0.0,0.0,0.0,0.0,0.0,0.0,0.0,0.0,0.0,0.0,0.0,0.0,1.0,0.0,0.0,0.0,0.0,30.0,15.0,124.0,14.0,3.0,7.0,0.0,1.0,58.0,71.0,28.0,12.0,7.0,16.0,4.0,189.0,2.0,191.0,114.0,79.0,153.0,38.0,2.0,136.0,51.0,6.0,3.0,147.0,43.0,7.0,52.0,98.0,28.0,8.0,2.0,25.0,45.0,56.0,33.0,32.0,181.0,9.0,2.0,1.0,0.0,140.0,42.0,11.0,5.0,44.0,41.0,35.0,42.0,4.0,22.0,175.0,18.0,146.0,47.0,89.0,95.0,9.0,10.0,29.0,33.0,28.0,44.0,6.0,43.0,158.0,35.0,107.0,86.0,86.0,71.0,36.0,181.0,12.0,158.0,35.0,149.0,44.0,180.0,13.0,104.0,89.0,63.0,99.0,31.0,135.0,49.0,9.0,30.0,44.0,36.0,76.0,7.0,60.0,60.0,28.0,17.0,28.0,40.0,153.0,81.0,92.0,14.0,6.0,179.0,1.0,13.0,134.0,39.0,20.0,165.0,22.0,6.0,23.0,170.0,163.0,30.0,115.0,68.0,8.0,2.0,153.0,36.0,4.0,109.0,79.0,5.0,172.0,18.0,3.0,167.0,25.0,1.0,0.0,116.0,77.0,102.0,81.0,9.0,1.0,179.0,12.0,2.0,146.0,46.0,1.0,124.0,67.0,2.0,149.0,42.0,2.0,159.0,30.0,4.0,0.0,21.0,92.0,80.0,0.0,Atingiu a média
77,23068523,2017,1,2,2303,23016,23,2304400,230440005,2,1,1.0,1.0,1.0,0.0,0.0,0.0,0.0,0.0,0.0,0.0,0.0,0.0,0.0,1.0,1.0,0.0,1.0,0.0,0.0,1.0,0.0,0.0,0.0,0.0,1.0,0.0,1.0,0.0,0.0,0.0,0.0,0.0,1.0,1.0,1.0,1.0,0.0,1.0,0.0,1.0,1.0,0.0,1.0,1.0,0.0,0.0,0.0,1.0,0.0,1.0,0.0,0.0,0.0,1.0,0.0,0.0,1.0,1.0,0.0,0.0,0.0,0.0,0.0,0.0,12.0,12.0,0.0,0.0,0.0,0.0,0.0,0.0,0.0,0.0,0.0,0.0,0.0,0.0,1.0,0.0,0.0,0.0,0.0,0.0,0.0,0.0,0.0,0.0,0.0,0.0,0.0,34.0,10.0,24.0,1.0,1.0,69.0,1.0,0.0,0.0,0.0,0.0,0.0,1.0,0.0,0.0,0.0,0.0,1.0,0.0,0.0,0.0,1.0,1.0,0.0,0.0,0.0,0.0,0.0,1.0,0.0,0.0,0.0,0.0,0.0,0.0,0.0,0.0,0.0,0.0,1.0,0.0,0.0,0.0,0.0,0.0,0.0,40.0,21.0,171.0,8.0,3.0,12.0,0.0,4.0,131.0,96.0,21.0,3.0,0.0,0.0,5.0,250.0,0.0,255.0,68.0,187.0,118.0,122.0,15.0,107.0,122.0,26.0,0.0,138.0,117.0,4.0,21.0,130.0,83.0,17.0,0.0,25.0,68.0,104.0,39.0,19.0,241.0,12.0,1.0,1.0,0.0,229.0,17.0,9.0,2.0,22.0,29.0,41.0,119.0,29.0,13.0,252.0,3.0,208.0,47.0,146.0,95.0,14.0,6.0,21.0,35.0,31.0,99.0,16.0,47.0,242.0,13.0,147.0,108.0,112.0,99.0,44.0,248.0,7.0,212.0,43.0,202.0,53.0,245.0,10.0,152.0,103.0,95.0,123.0,37.0,194.0,55.0,6.0,26.0,56.0,60.0,111.0,2.0,75.0,99.0,31.0,12.0,38.0,44.0,211.0,138.0,102.0,12.0,3.0,209.0,6.0,40.0,200.0,48.0,7.0,242.0,12.0,1.0,5.0,250.0,202.0,53.0,109.0,121.0,13.0,12.0,193.0,44.0,18.0,126.0,109.0,20.0,231.0,10.0,14.0,126.0,107.0,10.0,12.0,137.0,118.0,105.0,106.0,31.0,13.0,224.0,20.0,11.0,189.0,56.0,10.0,142.0,104.0,9.0,214.0,34.0,7.0,219.0,21.0,1.0,14.0,41.0,152.0,62.0,0.0,Atingiu a média
78,23545585,2017,1,2,2304,23019,23,2307635,230763505,2,2,2.0,1.0,1.0,0.0,0.0,0.0,0.0,0.0,0.0,0.0,0.0,0.0,0.0,1.0,0.0,0.0,1.0,1.0,0.0,1.0,0.0,0.0,0.0,0.0,1.0,0.0,0.0,1.0,0.0,1.0,0.0,0.0,1.0,1.0,1.0,1.0,0.0,1.0,0.0,1.0,1.0,1.0,0.0,1.0,0.0,0.0,0.0,0.0,0.0,1.0,1.0,1.0,0.0,0.0,1.0,1.0,0.0,1.0,0.0,0.0,0.0,0.0,0.0,0.0,8.0,8.0,1.0,0.0,1.0,0.0,0.0,1.0,0.0,1.0,1.0,1.0,0.0,1.0,1.0,2.0,0.0,2.0,0.0,0.0,1.0,0.0,1.0,2.0,2.0,0.0,1.0,30.0,9.0,21.0,1.0,1.0,29.0,1.0,0.0,0.0,1.0,0.0,0.0,1.0,0.0,0.0,0.0,0.0,1.0,0.0,0.0,0.0,1.0,1.0,1.0,0.0,0.0,0.0,0.0,1.0,0.0,0.0,0.0,0.0,0.0,0.0,0.0,0.0,0.0,0.0,1.0,1.0,0.0,0.0,0.0,0.0,0.0,2.0,4.0,20.0,1.0,1.0,7.0,0.0,0.0,6.0,18.0,5.0,2.0,1.0,3.0,1.0,34.0,1.0,34.0,29.0,6.0,30.0,3.0,2.0,28.0,7.0,0.0,1.0,28.0,6.0,0.0,2.0,17.0,14.0,2.0,0.0,2.0,4.0,14.0,9.0,6.0,34.0,0.0,0.0,0.0,1.0,27.0,7.0,1.0,1.0,18.0,9.0,2.0,1.0,1.0,3.0,32.0,3.0,28.0,7.0,23.0,8.0,4.0,5.0,10.0,4.0,3.0,2.0,0.0,11.0,22.0,13.0,14.0,21.0,11.0,21.0,3.0,35.0,0.0,33.0,2.0,26.0,9.0,33.0,2.0,24.0,11.0,9.0,23.0,3.0,14.0,17.0,4.0,11.0,6.0,4.0,10.0,4.0,7.0,11.0,3.0,6.0,8.0,3.0,32.0,11.0,16.0,8.0,0.0,34.0,0.0,1.0,20.0,13.0,2.0,27.0,4.0,4.0,6.0,29.0,26.0,9.0,14.0,20.0,0.0,1.0,28.0,7.0,0.0,9.0,26.0,0.0,26.0,8.0,1.0,31.0,4.0,0.0,0.0,24.0,11.0,17.0,15.0,2.0,1.0,33.0,1.0,1.0,25.0,9.0,1.0,27.0,7.0,1.0,22.0,12.0,1.0,29.0,5.0,0.0,1.0,7.0,25.0,3.0,0.0,Atingiu a média
79,23225491,2017,1,2,2303,23016,23,2304400,230440005,2,1,2.0,1.0,2.0,0.0,0.0,0.0,0.0,0.0,0.0,0.0,0.0,0.0,0.0,1.0,0.0,1.0,0.0,0.0,0.0,1.0,0.0,0.0,0.0,1.0,0.0,0.0,1.0,0.0,0.0,0.0,0.0,0.0,1.0,1.0,1.0,0.0,0.0,0.0,1.0,1.0,1.0,1.0,0.0,1.0,0.0,0.0,0.0,1.0,0.0,0.0,0.0,1.0,0.0,0.0,1.0,1.0,0.0,0.0,0.0,0.0,0.0,0.0,0.0,0.0,14.0,14.0,1.0,1.0,1.0,0.0,1.0,1.0,0.0,1.0,1.0,0.0,0.0,0.0,1.0,2.0,1.0,2.0,0.0,1.0,1.0,0.0,1.0,6.0,0.0,0.0,0.0,20.0,6.0,20.0,1.0,1.0,96.0,1.0,0.0,0.0,0.0,0.0,0.0,1.0,0.0,0.0,0.0,0.0,1.0,0.0,0.0,0.0,1.0,0.0,0.0,0.0,0.0,0.0,1.0,1.0,0.0,0.0,0.0,0.0,0.0,0.0,0.0,0.0,0.0,0.0,0.0,0.0,0.0,0.0,0.0,0.0,0.0,49.0,30.0,161.0,13.0,7.0,20.0,0.0,4.0,91.0,110.0,39.0,15.0,11.0,10.0,7.0,273.0,3.0,277.0,118.0,162.0,199.0,74.0,7.0,139.0,117.0,24.0,0.0,201.0,79.0,8.0,63.0,139.0,58.0,12.0,0.0,34.0,76.0,97.0,46.0,27.0,244.0,27.0,7.0,1.0,1.0,239.0,29.0,12.0,5.0,47.0,47.0,65.0,85.0,8.0,23.0,259.0,21.0,213.0,67.0,140.0,131.0,9.0,14.0,41.0,36.0,37.0,76.0,9.0,67.0,242.0,38.0,148.0,132.0,145.0,94.0,41.0,271.0,9.0,246.0,34.0,228.0,52.0,272.0,8.0,177.0,103.0,83.0,160.0,37.0,204.0,60.0,16.0,29.0,62.0,71.0,114.0,4.0,91.0,101.0,23.0,28.0,37.0,63.0,217.0,152.0,114.0,13.0,1.0,237.0,8.0,35.0,195.0,65.0,20.0,245.0,32.0,3.0,40.0,240.0,237.0,43.0,193.0,75.0,6.0,6.0,232.0,37.0,11.0,163.0,104.0,13.0,248.0,24.0,8.0,247.0,23.0,2.0,8.0,175.0,105.0,152.0,112.0,12.0,4.0,265.0,9.0,6.0,188.0,87.0,5.0,160.0,115.0,5.0,228.0,47.0,5.0,246.0,28.0,1.0,5.0,33.0,103.0,140.0,4.0,Atingiu a média
80,23545410,2017,1,2,2301,23001,23,2300200,230020005,2,2,1.0,1.0,1.0,0.0,0.0,0.0,0.0,0.0,0.0,0.0,0.0,0.0,0.0,1.0,0.0,1.0,0.0,0.0,0.0,1.0,0.0,0.0,0.0,0.0,1.0,0.0,1.0,0.0,0.0,0.0,0.0,0.0,1.0,1.0,1.0,1.0,1.0,1.0,0.0,1.0,1.0,0.0,0.0,0.0,0.0,0.0,0.0,1.0,0.0,1.0,0.0,1.0,0.0,0.0,1.0,1.0,0.0,1.0,0.0,0.0,0.0,1.0,0.0,0.0,10.0,8.0,1.0,0.0,1.0,1.0,1.0,0.0,0.0,1.0,1.0,1.0,0.0,1.0,1.0,3.0,0.0,2.0,1.0,1.0,0.0,0.0,1.0,2.0,3.0,0.0,1.0,38.0,5.0,33.0,1.0,0.0,36.0,1.0,1.0,0.0,0.0,0.0,0.0,1.0,0.0,0.0,1.0,0.0,1.0,0.0,0.0,0.0,1.0,0.0,0.0,0.0,0.0,0.0,0.0,1.0,0.0,0.0,0.0,0.0,0.0,0.0,0.0,0.0,0.0,0.0,0.0,0.0,0.0,0.0,0.0,0.0,0.0,24.0,8.0,57.0,2.0,3.0,5.0,0.0,0.0,33.0,33.0,17.0,10.0,3.0,3.0,4.0,95.0,2.0,97.0,78.0,21.0,78.0,18.0,3.0,79.0,16.0,4.0,1.0,71.0,27.0,0.0,3.0,55.0,35.0,6.0,1.0,9.0,8.0,23.0,34.0,24.0,94.0,4.0,1.0,0.0,0.0,80.0,17.0,2.0,11.0,35.0,21.0,6.0,6.0,2.0,18.0,67.0,32.0,51.0,48.0,59.0,37.0,3.0,12.0,26.0,16.0,2.0,5.0,1.0,37.0,55.0,44.0,32.0,67.0,76.0,16.0,7.0,94.0,5.0,89.0,10.0,81.0,18.0,95.0,4.0,66.0,33.0,24.0,54.0,21.0,47.0,44.0,8.0,21.0,27.0,12.0,29.0,10.0,27.0,26.0,11.0,12.0,23.0,12.0,87.0,66.0,27.0,3.0,3.0,98.0,1.0,0.0,49.0,37.0,13.0,86.0,12.0,1.0,40.0,59.0,83.0,16.0,53.0,40.0,5.0,1.0,84.0,14.0,1.0,56.0,41.0,2.0,77.0,20.0,2.0,94.0,2.0,1.0,2.0,69.0,30.0,46.0,46.0,6.0,1.0,90.0,8.0,1.0,71.0,27.0,1.0,62.0,35.0,2.0,69.0,28.0,2.0,95.0,4.0,0.0,0.0,24.0,60.0,15.0,0.0,Não Atingiu a média
81,23252600,2017,1,2,2301,23001,23,2300200,230020040,2,2,1.0,1.0,1.0,0.0,0.0,0.0,0.0,0.0,0.0,0.0,0.0,0.0,0.0,1.0,1.0,0.0,1.0,0.0,0.0,1.0,0.0,0.0,0.0,0.0,1.0,0.0,1.0,0.0,0.0,0.0,0.0,0.0,1.0,1.0,1.0,1.0,0.0,1.0,0.0,1.0,1.0,1.0,1.0,1.0,0.0,0.0,0.0,1.0,0.0,1.0,1.0,1.0,1.0,1.0,1.0,1.0,0.0,1.0,0.0,0.0,0.0,0.0,1.0,0.0,8.0,8.0,1.0,0.0,1.0,0.0,0.0,0.0,0.0,1.0,0.0,1.0,0.0,0.0,1.0,2.0,0.0,2.0,0.0,0.0,0.0,0.0,2.0,0.0,2.0,0.0,0.0,69.0,13.0,56.0,1.0,1.0,23.0,1.0,0.0,0.0,0.0,0.0,0.0,1.0,0.0,0.0,0.0,0.0,1.0,0.0,0.0,0.0,1.0,0.0,0.0,0.0,0.0,0.0,0.0,1.0,0.0,0.0,0.0,0.0,0.0,0.0,0.0,0.0,0.0,0.0,0.0,0.0,0.0,0.0,0.0,0.0,0.0,9.0,4.0,24.0,1.0,2.0,2.0,0.0,0.0,18.0,11.0,8.0,3.0,1.0,1.0,2.0,40.0,0.0,42.0,33.0,9.0,29.0,11.0,2.0,31.0,10.0,1.0,4.0,29.0,9.0,3.0,3.0,13.0,17.0,6.0,0.0,10.0,5.0,7.0,5.0,15.0,38.0,3.0,0.0,0.0,1.0,34.0,6.0,2.0,1.0,14.0,5.0,5.0,3.0,2.0,12.0,28.0,14.0,24.0,18.0,21.0,21.0,0.0,2.0,15.0,5.0,3.0,0.0,1.0,16.0,31.0,11.0,18.0,24.0,36.0,4.0,2.0,41.0,1.0,39.0,3.0,34.0,8.0,41.0,1.0,30.0,12.0,10.0,26.0,6.0,21.0,16.0,5.0,7.0,13.0,5.0,13.0,4.0,15.0,10.0,2.0,3.0,12.0,4.0,38.0,31.0,9.0,2.0,0.0,40.0,0.0,2.0,25.0,15.0,2.0,35.0,6.0,1.0,16.0,26.0,35.0,7.0,19.0,21.0,1.0,1.0,31.0,10.0,1.0,17.0,23.0,2.0,29.0,11.0,2.0,36.0,3.0,2.0,1.0,27.0,15.0,28.0,11.0,3.0,0.0,37.0,5.0,0.0,33.0,9.0,0.0,25.0,17.0,0.0,27.0,15.0,0.0,40.0,1.0,0.0,1.0,9.0,25.0,8.0,0.0,Atingiu a média
82,23069457,2017,1,2,2303,23016,23,2304400,230440005,2,1,2.0,1.0,1.0,0.0,0.0,0.0,0.0,0.0,0.0,0.0,0.0,0.0,0.0,1.0,1.0,0.0,0.0,0.0,0.0,1.0,0.0,0.0,0.0,0.0,1.0,0.0,1.0,0.0,0.0,0.0,0.0,0.0,1.0,1.0,1.0,0.0,0.0,1.0,0.0,1.0,1.0,1.0,0.0,1.0,0.0,0.0,0.0,1.0,0.0,1.0,1.0,0.0,0.0,0.0,1.0,0.0,0.0,1.0,0.0,0.0,0.0,0.0,0.0,0.0,12.0,12.0,0.0,0.0,0.0,0.0,0.0,0.0,0.0,0.0,0.0,0.0,0.0,0.0,1.0,0.0,0.0,0.0,0.0,0.0,0.0,0.0,0.0,0.0,0.0,0.0,0.0,22.0,3.0,15.0,1.0,1.0,62.0,1.0,0.0,0.0,0.0,0.0,0.0,1.0,0.0,0.0,0.0,0.0,1.0,0.0,0.0,0.0,1.0,0.0,0.0,0.0,0.0,0.0,1.0,1.0,0.0,0.0,0.0,0.0,0.0,0.0,0.0,0.0,0.0,0.0,0.0,0.0,0.0,0.0,0.0,0.0,0.0,14.0,15.0,59.0,9.0,3.0,8.0,0.0,0.0,25.0,43.0,16.0,9.0,7.0,8.0,8.0,100.0,4.0,104.0,45.0,63.0,76.0,30.0,2.0,67.0,35.0,6.0,1.0,77.0,30.0,1.0,25.0,57.0,20.0,5.0,2.0,15.0,24.0,27.0,26.0,14.0,95.0,12.0,0.0,0.0,1.0,76.0,31.0,1.0,3.0,17.0,20.0,22.0,24.0,7.0,15.0,102.0,6.0,73.0,35.0,57.0,48.0,3.0,9.0,20.0,13.0,16.0,17.0,6.0,27.0,78.0,30.0,52.0,56.0,28.0,43.0,37.0,104.0,4.0,94.0,14.0,86.0,22.0,102.0,6.0,61.0,47.0,27.0,65.0,16.0,85.0,19.0,4.0,16.0,25.0,15.0,44.0,8.0,23.0,48.0,14.0,13.0,10.0,38.0,70.0,57.0,41.0,8.0,2.0,97.0,0.0,11.0,71.0,28.0,9.0,88.0,15.0,5.0,20.0,88.0,89.0,19.0,52.0,51.0,3.0,2.0,92.0,13.0,3.0,71.0,33.0,4.0,97.0,7.0,4.0,88.0,14.0,4.0,2.0,54.0,54.0,37.0,60.0,10.0,1.0,95.0,10.0,3.0,75.0,31.0,2.0,72.0,33.0,3.0,81.0,24.0,3.0,75.0,26.0,4.0,3.0,17.0,49.0,42.0,0.0,Não Atingiu a média
83,23026693,2017,1,2,2301,23006,23,2305803,230580305,2,1,2.0,1.0,1.0,0.0,0.0,0.0,0.0,0.0,0.0,0.0,0.0,0.0,0.0,1.0,1.0,0.0,0.0,0.0,0.0,1.0,0.0,0.0,0.0,0.0,1.0,0.0,1.0,0.0,0.0,0.0,0.0,0.0,0.0,1.0,1.0,0.0,0.0,1.0,0.0,1.0,1.0,1.0,0.0,1.0,0.0,0.0,0.0,1.0,0.0,0.0,0.0,1.0,0.0,0.0,1.0,1.0,0.0,1.0,0.0,0.0,0.0,0.0,0.0,0.0,7.0,7.0,1.0,0.0,1.0,1.0,0.0,0.0,1.0,1.0,1.0,1.0,1.0,1.0,1.0,4.0,0.0,1.0,1.0,0.0,0.0,1.0,2.0,1.0,3.0,1.0,1.0,24.0,5.0,16.0,1.0,1.0,47.0,1.0,0.0,0.0,0.0,0.0,0.0,1.0,0.0,0.0,1.0,0.0,1.0,0.0,0.0,0.0,1.0,1.0,0.0,0.0,0.0,0.0,0.0,1.0,0.0,0.0,0.0,0.0,0.0,0.0,0.0,0.0,0.0,0.0,1.0,0.0,0.0,0.0,0.0,0.0,0.0,23.0,9.0,61.0,6.0,3.0,6.0,0.0,2.0,39.0,35.0,20.0,7.0,1.0,4.0,2.0,106.0,2.0,106.0,69.0,39.0,96.0,12.0,0.0,72.0,35.0,1.0,1.0,88.0,19.0,1.0,14.0,61.0,28.0,4.0,1.0,6.0,26.0,33.0,28.0,14.0,104.0,3.0,1.0,0.0,0.0,96.0,8.0,4.0,7.0,28.0,24.0,12.0,16.0,0.0,21.0,88.0,20.0,75.0,33.0,81.0,25.0,2.0,12.0,21.0,19.0,10.0,12.0,1.0,33.0,72.0,36.0,54.0,54.0,79.0,23.0,6.0,104.0,4.0,102.0,6.0,92.0,16.0,103.0,5.0,79.0,29.0,41.0,56.0,11.0,66.0,39.0,3.0,20.0,31.0,19.0,34.0,4.0,38.0,37.0,10.0,10.0,13.0,5.0,103.0,65.0,36.0,7.0,0.0,103.0,0.0,5.0,72.0,29.0,7.0,105.0,2.0,1.0,20.0,88.0,98.0,10.0,72.0,33.0,1.0,2.0,95.0,11.0,2.0,60.0,47.0,1.0,94.0,12.0,2.0,104.0,3.0,0.0,1.0,68.0,40.0,44.0,58.0,5.0,1.0,102.0,5.0,1.0,83.0,23.0,2.0,83.0,22.0,3.0,84.0,22.0,2.0,97.0,10.0,0.0,1.0,34.0,60.0,14.0,0.0,Não Atingiu a média
84,23052643,2017,1,2,2302,23013,23,2301208,230120805,2,2,1.0,1.0,1.0,0.0,0.0,0.0,0.0,0.0,0.0,0.0,1.0,0.0,0.0,1.0,1.0,0.0,1.0,0.0,0.0,1.0,0.0,0.0,0.0,0.0,1.0,0.0,1.0,0.0,0.0,0.0,0.0,0.0,1.0,1.0,1.0,0.0,1.0,1.0,0.0,1.0,1.0,0.0,0.0,0.0,0.0,0.0,0.0,1.0,0.0,0.0,1.0,1.0,0.0,0.0,1.0,1.0,0.0,0.0,1.0,0.0,0.0,1.0,0.0,0.0,8.0,8.0,0.0,0.0,0.0,0.0,0.0,0.0,0.0,0.0,0.0,0.0,0.0,0.0,1.0,0.0,0.0,0.0,0.0,0.0,0.0,0.0,0.0,0.0,0.0,0.0,0.0,17.0,5.0,12.0,1.0,1.0,32.0,1.0,1.0,0.0,0.0,0.0,0.0,1.0,0.0,0.0,0.0,0.0,1.0,0.0,0.0,0.0,1.0,1.0,0.0,0.0,0.0,0.0,0.0,1.0,0.0,0.0,0.0,0.0,0.0,0.0,0.0,0.0,0.0,0.0,1.0,0.0,0.0,0.0,0.0,0.0,0.0,7.0,5.0,62.0,4.0,0.0,2.0,0.0,1.0,32.0,33.0,8.0,5.0,0.0,1.0,4.0,76.0,2.0,78.0,54.0,26.0,69.0,10.0,1.0,58.0,21.0,1.0,0.0,62.0,18.0,0.0,10.0,34.0,32.0,4.0,0.0,12.0,15.0,22.0,19.0,12.0,73.0,6.0,1.0,0.0,0.0,64.0,10.0,6.0,4.0,20.0,16.0,11.0,12.0,8.0,9.0,63.0,17.0,58.0,22.0,46.0,29.0,5.0,12.0,19.0,13.0,3.0,10.0,2.0,21.0,42.0,38.0,33.0,47.0,72.0,6.0,2.0,79.0,1.0,77.0,3.0,76.0,4.0,79.0,1.0,68.0,12.0,32.0,44.0,4.0,58.0,20.0,2.0,18.0,27.0,19.0,14.0,2.0,27.0,33.0,2.0,5.0,13.0,7.0,73.0,42.0,31.0,6.0,1.0,80.0,0.0,0.0,57.0,17.0,6.0,76.0,3.0,1.0,24.0,56.0,71.0,9.0,59.0,21.0,0.0,0.0,72.0,8.0,0.0,49.0,31.0,0.0,72.0,8.0,0.0,75.0,5.0,0.0,0.0,55.0,25.0,60.0,19.0,1.0,0.0,78.0,2.0,0.0,72.0,8.0,0.0,55.0,25.0,0.0,61.0,19.0,0.0,79.0,1.0,0.0,0.0,11.0,48.0,21.0,0.0,Atingiu a média
85,23225190,2017,1,2,2304,23018,23,2301257,230125705,2,1,1.0,1.0,1.0,0.0,0.0,0.0,0.0,0.0,0.0,0.0,0.0,0.0,0.0,1.0,1.0,1.0,0.0,0.0,0.0,1.0,0.0,0.0,0.0,0.0,1.0,0.0,1.0,0.0,0.0,0.0,0.0,0.0,1.0,1.0,1.0,1.0,1.0,1.0,0.0,1.0,1.0,1.0,0.0,1.0,0.0,0.0,0.0,1.0,0.0,1.0,0.0,1.0,1.0,1.0,1.0,1.0,1.0,0.0,0.0,0.0,0.0,0.0,0.0,0.0,8.0,8.0,1.0,0.0,1.0,1.0,1.0,0.0,1.0,1.0,1.0,1.0,0.0,1.0,1.0,1.0,0.0,1.0,1.0,1.0,0.0,1.0,1.0,1.0,1.0,0.0,1.0,22.0,4.0,18.0,1.0,0.0,42.0,1.0,1.0,0.0,0.0,0.0,0.0,1.0,0.0,0.0,0.0,0.0,1.0,0.0,0.0,0.0,1.0,1.0,0.0,0.0,0.0,0.0,0.0,1.0,0.0,0.0,0.0,0.0,0.0,0.0,0.0,0.0,0.0,0.0,1.0,0.0,0.0,0.0,0.0,0.0,0.0,22.0,8.0,83.0,3.0,1.0,5.0,0.0,0.0,42.0,43.0,12.0,7.0,9.0,9.0,2.0,120.0,2.0,120.0,75.0,47.0,105.0,16.0,1.0,89.0,32.0,1.0,0.0,110.0,12.0,0.0,8.0,67.0,39.0,8.0,2.0,15.0,23.0,44.0,19.0,19.0,111.0,9.0,1.0,0.0,1.0,95.0,24.0,3.0,11.0,46.0,23.0,4.0,14.0,5.0,19.0,95.0,27.0,86.0,36.0,81.0,38.0,3.0,20.0,39.0,12.0,10.0,5.0,3.0,33.0,70.0,52.0,58.0,64.0,98.0,13.0,11.0,119.0,3.0,117.0,5.0,113.0,9.0,120.0,2.0,90.0,32.0,41.0,67.0,14.0,71.0,44.0,7.0,36.0,30.0,21.0,28.0,7.0,33.0,46.0,17.0,10.0,16.0,25.0,97.0,75.0,28.0,15.0,4.0,121.0,1.0,0.0,83.0,32.0,7.0,103.0,15.0,4.0,52.0,70.0,86.0,36.0,79.0,36.0,7.0,0.0,105.0,17.0,0.0,65.0,57.0,0.0,106.0,16.0,0.0,118.0,4.0,0.0,0.0,95.0,27.0,79.0,38.0,5.0,0.0,114.0,8.0,0.0,100.0,22.0,0.0,89.0,33.0,0.0,89.0,33.0,0.0,113.0,9.0,0.0,0.0,43.0,64.0,15.0,0.0,Atingiu a média
86,23506989,2017,1,2,2301,23001,23,2306553,230655305,2,1,2.0,1.0,1.0,0.0,0.0,0.0,0.0,0.0,0.0,0.0,0.0,0.0,0.0,1.0,1.0,0.0,1.0,0.0,0.0,1.0,0.0,0.0,0.0,1.0,1.0,0.0,1.0,0.0,0.0,1.0,0.0,0.0,1.0,1.0,1.0,0.0,0.0,1.0,0.0,1.0,1.0,1.0,0.0,1.0,0.0,0.0,0.0,1.0,0.0,1.0,0.0,1.0,0.0,0.0,0.0,1.0,0.0,1.0,0.0,0.0,0.0,0.0,0.0,0.0,10.0,10.0,1.0,0.0,0.0,1.0,1.0,0.0,1.0,1.0,0.0,1.0,0.0,1.0,1.0,3.0,0.0,0.0,1.0,1.0,0.0,1.0,1.0,0.0,2.0,0.0,1.0,45.0,5.0,40.0,1.0,1.0,47.0,1.0,0.0,0.0,0.0,0.0,0.0,1.0,0.0,0.0,1.0,0.0,1.0,0.0,0.0,0.0,1.0,1.0,1.0,0.0,0.0,0.0,0.0,1.0,0.0,0.0,0.0,0.0,0.0,0.0,0.0,0.0,0.0,0.0,1.0,1.0,0.0,0.0,0.0,0.0,0.0,26.0,29.0,73.0,4.0,7.0,6.0,0.0,5.0,60.0,62.0,8.0,4.0,4.0,2.0,7.0,138.0,9.0,136.0,112.0,33.0,117.0,27.0,1.0,117.0,25.0,3.0,2.0,114.0,29.0,3.0,17.0,77.0,45.0,3.0,2.0,12.0,25.0,34.0,34.0,38.0,135.0,7.0,3.0,0.0,0.0,119.0,20.0,6.0,6.0,42.0,28.0,19.0,16.0,9.0,25.0,120.0,25.0,95.0,50.0,95.0,46.0,4.0,10.0,35.0,22.0,16.0,12.0,3.0,47.0,94.0,51.0,68.0,77.0,80.0,50.0,15.0,139.0,6.0,130.0,15.0,122.0,23.0,141.0,4.0,103.0,42.0,50.0,79.0,16.0,81.0,55.0,9.0,47.0,31.0,24.0,31.0,12.0,49.0,47.0,12.0,12.0,25.0,21.0,124.0,111.0,27.0,6.0,1.0,139.0,0.0,6.0,120.0,18.0,7.0,129.0,15.0,1.0,28.0,117.0,122.0,23.0,90.0,48.0,4.0,3.0,119.0,22.0,4.0,79.0,62.0,4.0,113.0,29.0,3.0,125.0,15.0,2.0,3.0,90.0,55.0,74.0,65.0,6.0,0.0,131.0,13.0,1.0,104.0,39.0,2.0,97.0,46.0,2.0,87.0,56.0,2.0,128.0,14.0,1.0,2.0,21.0,90.0,34.0,0.0,Atingiu a média
87,23065249,2017,1,2,2303,23016,23,2304400,230440005,2,1,1.0,1.0,1.0,0.0,0.0,0.0,0.0,0.0,0.0,0.0,0.0,0.0,0.0,1.0,1.0,1.0,0.0,0.0,0.0,1.0,0.0,0.0,0.0,1.0,0.0,0.0,1.0,0.0,0.0,0.0,0.0,0.0,1.0,1.0,1.0,1.0,0.0,1.0,0.0,1.0,1.0,1.0,0.0,1.0,0.0,0.0,0.0,1.0,0.0,1.0,0.0,1.0,0.0,1.0,1.0,1.0,0.0,0.0,1.0,0.0,0.0,0.0,0.0,0.0,16.0,13.0,1.0,0.0,0.0,0.0,1.0,0.0,1.0,0.0,0.0,1.0,1.0,1.0,1.0,4.0,0.0,0.0,0.0,2.0,0.0,4.0,0.0,0.0,2.0,1.0,1.0,28.0,6.0,22.0,1.0,1.0,51.0,1.0,0.0,0.0,0.0,0.0,0.0,1.0,0.0,0.0,0.0,0.0,1.0,0.0,0.0,0.0,1.0,0.0,0.0,0.0,0.0,0.0,0.0,1.0,0.0,0.0,0.0,0.0,0.0,0.0,0.0,0.0,0.0,0.0,0.0,0.0,0.0,0.0,0.0,0.0,0.0,15.0,14.0,82.0,7.0,2.0,5.0,0.0,2.0,38.0,58.0,20.0,6.0,1.0,0.0,3.0,122.0,1.0,124.0,60.0,65.0,86.0,36.0,3.0,69.0,52.0,4.0,1.0,83.0,41.0,6.0,31.0,59.0,25.0,4.0,0.0,16.0,30.0,36.0,24.0,19.0,116.0,5.0,1.0,2.0,1.0,108.0,10.0,7.0,4.0,17.0,20.0,28.0,34.0,7.0,15.0,116.0,9.0,102.0,23.0,67.0,47.0,11.0,6.0,16.0,23.0,15.0,26.0,2.0,37.0,107.0,18.0,63.0,62.0,36.0,58.0,31.0,122.0,3.0,105.0,20.0,99.0,26.0,121.0,4.0,65.0,60.0,32.0,71.0,22.0,95.0,28.0,2.0,15.0,25.0,31.0,50.0,4.0,47.0,47.0,13.0,7.0,11.0,18.0,107.0,62.0,57.0,5.0,1.0,114.0,0.0,11.0,87.0,30.0,8.0,118.0,5.0,2.0,13.0,112.0,104.0,21.0,69.0,51.0,5.0,0.0,98.0,25.0,2.0,64.0,58.0,3.0,118.0,7.0,0.0,111.0,7.0,6.0,1.0,55.0,70.0,39.0,54.0,20.0,12.0,100.0,18.0,7.0,78.0,40.0,7.0,67.0,50.0,8.0,86.0,30.0,9.0,71.0,40.0,5.0,9.0,12.0,65.0,48.0,0.0,Atingiu a média
88,23004258,2017,1,2,2301,23001,23,2304251,230425105,2,1,2.0,1.0,1.0,0.0,0.0,0.0,0.0,0.0,0.0,0.0,0.0,0.0,0.0,1.0,1.0,0.0,0.0,0.0,0.0,1.0,0.0,0.0,0.0,1.0,0.0,0.0,1.0,0.0,0.0,1.0,0.0,0.0,1.0,1.0,1.0,1.0,1.0,1.0,0.0,1.0,1.0,0.0,0.0,0.0,0.0,0.0,0.0,0.0,0.0,1.0,1.0,1.0,0.0,0.0,0.0,1.0,1.0,0.0,0.0,0.0,0.0,0.0,1.0,0.0,11.0,11.0,1.0,0.0,0.0,0.0,1.0,0.0,1.0,1.0,1.0,1.0,0.0,0.0,1.0,2.0,0.0,0.0,0.0,3.0,0.0,3.0,2.0,1.0,2.0,0.0,0.0,33.0,8.0,10.0,1.0,1.0,54.0,1.0,1.0,0.0,0.0,0.0,0.0,1.0,0.0,0.0,1.0,0.0,1.0,0.0,0.0,0.0,1.0,1.0,0.0,0.0,0.0,0.0,0.0,1.0,0.0,0.0,0.0,0.0,0.0,0.0,0.0,0.0,0.0,0.0,1.0,0.0,0.0,0.0,0.0,0.0,0.0,44.0,17.0,117.0,10.0,4.0,11.0,0.0,5.0,59.0,111.0,19.0,3.0,0.0,6.0,12.0,191.0,5.0,198.0,142.0,61.0,155.0,41.0,7.0,144.0,51.0,8.0,2.0,145.0,56.0,2.0,22.0,97.0,66.0,16.0,2.0,20.0,36.0,70.0,39.0,36.0,190.0,10.0,2.0,1.0,0.0,183.0,15.0,5.0,11.0,61.0,35.0,23.0,20.0,8.0,45.0,176.0,27.0,145.0,58.0,125.0,66.0,12.0,18.0,59.0,25.0,17.0,15.0,4.0,65.0,145.0,58.0,102.0,101.0,131.0,59.0,13.0,195.0,8.0,170.0,33.0,166.0,37.0,198.0,5.0,123.0,80.0,58.0,108.0,37.0,132.0,57.0,14.0,36.0,52.0,35.0,69.0,11.0,70.0,57.0,16.0,23.0,37.0,36.0,167.0,137.0,53.0,9.0,4.0,190.0,1.0,12.0,180.0,19.0,4.0,193.0,6.0,4.0,55.0,148.0,154.0,49.0,124.0,67.0,10.0,2.0,172.0,25.0,6.0,97.0,101.0,5.0,162.0,38.0,3.0,195.0,4.0,0.0,4.0,111.0,92.0,92.0,89.0,17.0,5.0,182.0,18.0,3.0,155.0,44.0,4.0,128.0,72.0,3.0,135.0,65.0,3.0,163.0,20.0,17.0,3.0,46.0,125.0,29.0,3.0,Atingiu a média
89,23068809,2017,1,2,2303,23016,23,2304400,230440005,2,1,1.0,1.0,2.0,0.0,0.0,0.0,0.0,0.0,0.0,0.0,0.0,0.0,0.0,1.0,1.0,1.0,0.0,0.0,0.0,1.0,0.0,0.0,0.0,1.0,0.0,0.0,1.0,0.0,0.0,1.0,0.0,0.0,1.0,1.0,0.0,1.0,0.0,0.0,0.0,0.0,1.0,1.0,0.0,1.0,0.0,0.0,0.0,1.0,0.0,1.0,1.0,1.0,0.0,1.0,1.0,1.0,1.0,1.0,0.0,0.0,0.0,1.0,0.0,0.0,10.0,10.0,1.0,0.0,0.0,0.0,1.0,0.0,1.0,0.0,1.0,1.0,0.0,0.0,1.0,1.0,0.0,0.0,0.0,1.0,0.0,2.0,0.0,4.0,3.0,0.0,0.0,15.0,2.0,13.0,1.0,1.0,54.0,1.0,0.0,0.0,0.0,0.0,0.0,1.0,0.0,0.0,0.0,0.0,1.0,0.0,0.0,0.0,1.0,0.0,0.0,0.0,0.0,0.0,0.0,1.0,0.0,0.0,0.0,0.0,0.0,0.0,0.0,0.0,0.0,0.0,0.0,0.0,0.0,0.0,0.0,0.0,0.0,28.0,13.0,68.0,10.0,7.0,10.0,1.0,3.0,43.0,44.0,20.0,12.0,4.0,9.0,1.0,135.0,0.0,136.0,67.0,69.0,101.0,34.0,1.0,80.0,50.0,6.0,0.0,98.0,38.0,1.0,35.0,68.0,27.0,5.0,1.0,17.0,26.0,36.0,26.0,30.0,130.0,6.0,0.0,0.0,0.0,113.0,20.0,3.0,3.0,23.0,24.0,36.0,32.0,6.0,12.0,124.0,12.0,101.0,35.0,64.0,68.0,4.0,4.0,26.0,22.0,18.0,29.0,2.0,35.0,118.0,18.0,76.0,60.0,54.0,55.0,27.0,130.0,6.0,121.0,15.0,110.0,26.0,132.0,4.0,89.0,47.0,42.0,78.0,16.0,101.0,32.0,3.0,19.0,42.0,20.0,49.0,6.0,39.0,53.0,17.0,16.0,11.0,36.0,100.0,68.0,54.0,12.0,2.0,121.0,4.0,11.0,85.0,38.0,13.0,112.0,21.0,3.0,11.0,125.0,115.0,21.0,80.0,52.0,1.0,3.0,110.0,25.0,1.0,87.0,48.0,1.0,126.0,9.0,1.0,110.0,22.0,0.0,4.0,93.0,43.0,66.0,59.0,5.0,6.0,122.0,12.0,2.0,96.0,38.0,2.0,94.0,38.0,4.0,113.0,18.0,5.0,106.0,20.0,4.0,6.0,33.0,82.0,21.0,0.0,Atingiu a média
90,23075775,2017,1,2,2303,23016,23,2304400,230440005,2,1,1.0,1.0,1.0,0.0,0.0,0.0,0.0,0.0,0.0,0.0,0.0,0.0,0.0,1.0,1.0,0.0,0.0,0.0,0.0,1.0,0.0,0.0,0.0,0.0,1.0,0.0,1.0,0.0,0.0,1.0,0.0,0.0,1.0,1.0,1.0,0.0,1.0,1.0,0.0,1.0,1.0,1.0,1.0,1.0,0.0,0.0,0.0,0.0,0.0,1.0,0.0,1.0,1.0,0.0,0.0,1.0,1.0,1.0,0.0,0.0,0.0,0.0,0.0,0.0,19.0,19.0,1.0,0.0,0.0,0.0,1.0,0.0,1.0,1.0,1.0,1.0,0.0,0.0,1.0,1.0,0.0,0.0,0.0,2.0,0.0,4.0,4.0,1.0,1.0,0.0,0.0,22.0,6.0,22.0,1.0,1.0,54.0,1.0,1.0,0.0,0.0,0.0,0.0,1.0,0.0,0.0,0.0,0.0,1.0,0.0,0.0,0.0,1.0,0.0,0.0,0.0,0.0,0.0,1.0,1.0,0.0,0.0,0.0,0.0,0.0,0.0,0.0,0.0,0.0,0.0,0.0,0.0,0.0,0.0,0.0,0.0,0.0,5.0,2.0,16.0,0.0,0.0,4.0,0.0,1.0,6.0,11.0,3.0,4.0,0.0,2.0,0.0,27.0,0.0,27.0,7.0,20.0,20.0,5.0,2.0,16.0,11.0,0.0,0.0,20.0,7.0,0.0,4.0,16.0,6.0,1.0,0.0,1.0,10.0,6.0,8.0,2.0,24.0,0.0,2.0,1.0,0.0,22.0,4.0,1.0,0.0,2.0,5.0,6.0,8.0,0.0,6.0,26.0,1.0,22.0,5.0,14.0,10.0,3.0,0.0,5.0,3.0,5.0,4.0,1.0,9.0,22.0,5.0,16.0,11.0,14.0,8.0,5.0,24.0,3.0,20.0,7.0,19.0,8.0,25.0,2.0,15.0,12.0,9.0,14.0,4.0,17.0,7.0,3.0,5.0,9.0,2.0,10.0,1.0,9.0,8.0,0.0,2.0,8.0,9.0,18.0,10.0,14.0,3.0,0.0,26.0,1.0,0.0,19.0,3.0,5.0,27.0,0.0,0.0,2.0,25.0,22.0,5.0,10.0,15.0,2.0,0.0,21.0,6.0,0.0,11.0,16.0,0.0,22.0,5.0,0.0,22.0,5.0,0.0,0.0,14.0,13.0,10.0,13.0,3.0,1.0,23.0,3.0,1.0,17.0,9.0,1.0,16.0,10.0,1.0,18.0,9.0,0.0,17.0,8.0,1.0,1.0,7.0,15.0,5.0,0.0,Atingiu a média
91,23545496,2017,1,2,2301,23003,23,2304004,230400405,2,2,2.0,1.0,1.0,0.0,0.0,0.0,0.0,0.0,0.0,0.0,0.0,0.0,0.0,0.0,1.0,0.0,0.0,0.0,0.0,1.0,0.0,0.0,0.0,0.0,1.0,0.0,1.0,1.0,0.0,0.0,0.0,0.0,1.0,1.0,1.0,1.0,0.0,1.0,0.0,1.0,1.0,1.0,1.0,1.0,0.0,0.0,0.0,1.0,0.0,1.0,1.0,1.0,0.0,1.0,1.0,1.0,0.0,0.0,0.0,0.0,0.0,1.0,0.0,0.0,8.0,8.0,1.0,0.0,1.0,0.0,1.0,0.0,1.0,1.0,1.0,1.0,0.0,1.0,1.0,2.0,0.0,2.0,0.0,1.0,0.0,1.0,2.0,1.0,2.0,0.0,1.0,28.0,4.0,26.0,1.0,0.0,32.0,1.0,0.0,0.0,0.0,0.0,0.0,1.0,0.0,0.0,0.0,0.0,1.0,0.0,0.0,0.0,1.0,0.0,0.0,0.0,0.0,0.0,0.0,1.0,0.0,0.0,0.0,0.0,0.0,0.0,0.0,0.0,0.0,0.0,0.0,0.0,0.0,0.0,0.0,0.0,0.0,6.0,4.0,33.0,2.0,1.0,5.0,0.0,0.0,23.0,21.0,3.0,1.0,1.0,2.0,0.0,51.0,0.0,51.0,45.0,6.0,45.0,6.0,0.0,41.0,9.0,1.0,2.0,43.0,6.0,1.0,8.0,25.0,16.0,1.0,0.0,1.0,8.0,9.0,14.0,19.0,50.0,1.0,0.0,0.0,0.0,47.0,4.0,0.0,8.0,21.0,4.0,3.0,6.0,3.0,6.0,36.0,15.0,28.0,23.0,38.0,13.0,0.0,10.0,25.0,5.0,2.0,0.0,2.0,7.0,21.0,30.0,15.0,36.0,39.0,9.0,3.0,51.0,0.0,47.0,4.0,46.0,5.0,49.0,2.0,41.0,10.0,24.0,22.0,5.0,28.0,19.0,4.0,15.0,20.0,6.0,7.0,3.0,18.0,21.0,2.0,3.0,7.0,8.0,43.0,34.0,13.0,4.0,0.0,51.0,0.0,0.0,42.0,9.0,0.0,47.0,2.0,2.0,13.0,38.0,46.0,5.0,40.0,10.0,1.0,0.0,51.0,0.0,0.0,31.0,19.0,1.0,38.0,13.0,0.0,48.0,3.0,0.0,0.0,41.0,10.0,35.0,15.0,1.0,0.0,49.0,1.0,1.0,50.0,1.0,0.0,44.0,7.0,0.0,26.0,25.0,0.0,43.0,8.0,0.0,0.0,18.0,28.0,5.0,0.0,Atingiu a média
92,23545437,2017,1,2,2301,23001,23,2306553,230655305,2,1,2.0,1.0,1.0,0.0,0.0,0.0,0.0,0.0,0.0,0.0,0.0,0.0,0.0,1.0,1.0,1.0,1.0,0.0,0.0,1.0,0.0,0.0,0.0,1.0,1.0,0.0,1.0,0.0,0.0,0.0,0.0,0.0,1.0,1.0,1.0,1.0,0.0,1.0,0.0,1.0,1.0,0.0,1.0,1.0,0.0,0.0,0.0,1.0,0.0,1.0,1.0,1.0,1.0,0.0,1.0,1.0,0.0,1.0,1.0,0.0,0.0,1.0,0.0,0.0,8.0,8.0,1.0,0.0,1.0,0.0,0.0,0.0,0.0,1.0,1.0,1.0,0.0,0.0,1.0,2.0,0.0,1.0,0.0,0.0,0.0,0.0,1.0,2.0,1.0,0.0,0.0,15.0,3.0,12.0,1.0,1.0,30.0,1.0,0.0,0.0,0.0,0.0,0.0,1.0,0.0,0.0,1.0,0.0,1.0,0.0,0.0,0.0,1.0,0.0,0.0,0.0,0.0,0.0,0.0,1.0,0.0,0.0,0.0,0.0,0.0,0.0,0.0,0.0,0.0,0.0,0.0,0.0,0.0,0.0,0.0,0.0,0.0,11.0,7.0,43.0,2.0,7.0,6.0,0.0,1.0,35.0,33.0,2.0,2.0,2.0,1.0,5.0,71.0,3.0,73.0,55.0,21.0,66.0,10.0,0.0,57.0,17.0,2.0,1.0,54.0,21.0,2.0,7.0,23.0,32.0,12.0,0.0,7.0,11.0,24.0,15.0,19.0,70.0,5.0,1.0,0.0,0.0,61.0,12.0,3.0,7.0,18.0,11.0,11.0,11.0,4.0,14.0,56.0,20.0,51.0,25.0,46.0,27.0,3.0,8.0,14.0,18.0,9.0,2.0,2.0,23.0,49.0,27.0,41.0,35.0,60.0,15.0,1.0,74.0,2.0,67.0,9.0,65.0,11.0,75.0,1.0,53.0,23.0,37.0,36.0,3.0,47.0,24.0,5.0,15.0,30.0,9.0,15.0,7.0,39.0,21.0,3.0,5.0,8.0,9.0,67.0,51.0,20.0,4.0,1.0,71.0,2.0,3.0,63.0,10.0,3.0,70.0,6.0,0.0,23.0,53.0,70.0,6.0,51.0,23.0,1.0,1.0,69.0,7.0,0.0,51.0,25.0,0.0,62.0,14.0,0.0,73.0,3.0,0.0,0.0,42.0,34.0,36.0,35.0,5.0,0.0,73.0,3.0,0.0,65.0,11.0,0.0,62.0,13.0,1.0,51.0,25.0,0.0,72.0,3.0,1.0,0.0,57.0,19.0,0.0,0.0,Não Atingiu a média
93,23198710,2017,1,2,2303,23016,23,2304400,230440005,2,1,2.0,1.0,1.0,0.0,0.0,0.0,0.0,0.0,0.0,1.0,0.0,0.0,0.0,1.0,1.0,1.0,0.0,0.0,0.0,1.0,0.0,0.0,0.0,1.0,1.0,0.0,1.0,0.0,0.0,0.0,0.0,0.0,1.0,1.0,1.0,1.0,0.0,1.0,0.0,1.0,1.0,1.0,1.0,1.0,1.0,0.0,0.0,1.0,1.0,0.0,0.0,1.0,0.0,1.0,1.0,1.0,1.0,0.0,0.0,0.0,0.0,0.0,0.0,0.0,46.0,39.0,1.0,0.0,1.0,0.0,1.0,0.0,1.0,1.0,1.0,1.0,1.0,1.0,1.0,11.0,0.0,2.0,0.0,3.0,0.0,4.0,8.0,3.0,6.0,1.0,1.0,36.0,23.0,13.0,1.0,1.0,237.0,1.0,0.0,0.0,0.0,0.0,0.0,1.0,0.0,0.0,0.0,0.0,1.0,0.0,0.0,0.0,1.0,0.0,0.0,0.0,0.0,1.0,1.0,1.0,0.0,0.0,0.0,0.0,0.0,0.0,0.0,0.0,0.0,0.0,0.0,0.0,0.0,0.0,0.0,0.0,0.0,45.0,11.0,92.0,8.0,0.0,3.0,0.0,2.0,75.0,63.0,17.0,2.0,0.0,0.0,1.0,158.0,1.0,158.0,36.0,123.0,52.0,92.0,15.0,33.0,83.0,43.0,0.0,74.0,85.0,0.0,4.0,88.0,51.0,16.0,0.0,17.0,41.0,62.0,28.0,11.0,153.0,5.0,0.0,1.0,0.0,148.0,8.0,3.0,0.0,6.0,6.0,26.0,83.0,36.0,2.0,159.0,0.0,132.0,27.0,97.0,57.0,5.0,0.0,4.0,13.0,18.0,79.0,34.0,11.0,157.0,2.0,114.0,45.0,65.0,62.0,32.0,157.0,2.0,140.0,19.0,140.0,19.0,155.0,4.0,113.0,46.0,55.0,82.0,22.0,136.0,23.0,0.0,8.0,51.0,45.0,54.0,1.0,79.0,42.0,7.0,1.0,30.0,8.0,151.0,85.0,73.0,1.0,0.0,154.0,0.0,5.0,126.0,28.0,5.0,157.0,2.0,0.0,2.0,157.0,99.0,60.0,86.0,64.0,7.0,2.0,145.0,13.0,1.0,83.0,74.0,2.0,148.0,10.0,1.0,135.0,21.0,2.0,1.0,95.0,64.0,77.0,66.0,16.0,0.0,146.0,12.0,1.0,130.0,28.0,1.0,105.0,54.0,0.0,148.0,11.0,0.0,130.0,27.0,2.0,0.0,18.0,67.0,74.0,0.0,Atingiu a média
94,23081988,2017,1,2,2303,23016,23,2307700,230770005,2,1,1.0,1.0,1.0,0.0,0.0,0.0,0.0,0.0,0.0,0.0,1.0,0.0,0.0,1.0,1.0,0.0,0.0,0.0,0.0,1.0,0.0,0.0,0.0,0.0,1.0,0.0,1.0,0.0,0.0,0.0,0.0,0.0,1.0,1.0,1.0,1.0,0.0,1.0,0.0,1.0,1.0,0.0,1.0,1.0,0.0,0.0,0.0,1.0,0.0,0.0,0.0,1.0,0.0,0.0,1.0,1.0,0.0,1.0,0.0,0.0,0.0,0.0,0.0,0.0,11.0,8.0,1.0,0.0,1.0,1.0,0.0,0.0,0.0,1.0,0.0,1.0,0.0,0.0,1.0,2.0,0.0,2.0,1.0,0.0,0.0,0.0,2.0,0.0,3.0,0.0,0.0,10.0,1.0,9.0,1.0,1.0,42.0,1.0,0.0,0.0,0.0,0.0,0.0,1.0,0.0,0.0,0.0,0.0,1.0,0.0,0.0,0.0,1.0,1.0,0.0,0.0,0.0,0.0,0.0,1.0,0.0,0.0,0.0,0.0,0.0,0.0,0.0,0.0,0.0,0.0,1.0,0.0,0.0,0.0,0.0,0.0,0.0,4.0,8.0,57.0,6.0,2.0,3.0,0.0,0.0,27.0,37.0,9.0,4.0,0.0,3.0,8.0,72.0,1.0,79.0,52.0,28.0,68.0,8.0,4.0,63.0,15.0,2.0,2.0,56.0,22.0,1.0,10.0,32.0,25.0,12.0,1.0,6.0,19.0,18.0,7.0,29.0,70.0,9.0,1.0,0.0,0.0,60.0,11.0,9.0,5.0,24.0,17.0,9.0,10.0,3.0,12.0,63.0,17.0,57.0,23.0,46.0,28.0,6.0,8.0,17.0,17.0,4.0,8.0,0.0,26.0,53.0,27.0,40.0,40.0,51.0,23.0,6.0,78.0,2.0,74.0,6.0,72.0,8.0,77.0,3.0,56.0,24.0,18.0,54.0,8.0,47.0,28.0,5.0,23.0,22.0,12.0,16.0,7.0,20.0,33.0,4.0,8.0,15.0,7.0,73.0,51.0,25.0,4.0,0.0,77.0,1.0,2.0,61.0,15.0,4.0,71.0,8.0,1.0,19.0,61.0,71.0,9.0,40.0,37.0,2.0,1.0,68.0,11.0,1.0,44.0,34.0,2.0,63.0,13.0,4.0,64.0,15.0,0.0,1.0,62.0,18.0,44.0,31.0,4.0,1.0,75.0,2.0,3.0,62.0,17.0,1.0,55.0,24.0,1.0,52.0,25.0,3.0,63.0,14.0,0.0,3.0,10.0,50.0,20.0,0.0,Não Atingiu a média
95,23071044,2017,1,2,2303,23016,23,2304400,230440005,2,1,1.0,1.0,1.0,0.0,0.0,0.0,0.0,0.0,0.0,0.0,0.0,0.0,0.0,1.0,1.0,0.0,0.0,0.0,0.0,1.0,0.0,0.0,0.0,1.0,0.0,0.0,1.0,0.0,0.0,0.0,0.0,0.0,1.0,1.0,1.0,0.0,0.0,0.0,0.0,0.0,1.0,1.0,0.0,1.0,0.0,0.0,0.0,1.0,0.0,1.0,1.0,1.0,1.0,0.0,1.0,1.0,0.0,0.0,1.0,0.0,0.0,1.0,0.0,0.0,10.0,10.0,0.0,0.0,0.0,0.0,0.0,0.0,0.0,0.0,0.0,0.0,0.0,0.0,1.0,0.0,0.0,0.0,0.0,0.0,0.0,0.0,0.0,0.0,0.0,0.0,0.0,12.0,4.0,4.0,1.0,1.0,92.0,1.0,0.0,0.0,0.0,0.0,0.0,1.0,0.0,0.0,1.0,0.0,1.0,0.0,0.0,0.0,1.0,0.0,0.0,0.0,0.0,0.0,0.0,1.0,0.0,0.0,0.0,0.0,0.0,0.0,0.0,0.0,0.0,0.0,0.0,0.0,0.0,0.0,0.0,0.0,0.0,42.0,25.0,163.0,14.0,5.0,11.0,0.0,5.0,87.0,96.0,39.0,16.0,6.0,11.0,4.0,256.0,3.0,257.0,115.0,145.0,172.0,76.0,12.0,127.0,109.0,24.0,1.0,164.0,95.0,1.0,51.0,129.0,67.0,12.0,2.0,33.0,64.0,85.0,43.0,33.0,232.0,19.0,7.0,2.0,0.0,215.0,37.0,8.0,1.0,46.0,35.0,58.0,88.0,11.0,21.0,244.0,16.0,201.0,59.0,130.0,122.0,8.0,8.0,33.0,23.0,31.0,91.0,14.0,60.0,230.0,30.0,154.0,106.0,111.0,97.0,52.0,247.0,13.0,224.0,36.0,207.0,53.0,252.0,8.0,141.0,119.0,76.0,143.0,41.0,202.0,54.0,4.0,28.0,61.0,61.0,107.0,3.0,78.0,107.0,22.0,21.0,32.0,56.0,204.0,148.0,100.0,11.0,1.0,212.0,11.0,37.0,174.0,60.0,26.0,224.0,30.0,6.0,38.0,222.0,226.0,34.0,172.0,76.0,9.0,3.0,220.0,33.0,7.0,163.0,90.0,7.0,242.0,12.0,6.0,231.0,26.0,2.0,1.0,116.0,144.0,130.0,105.0,20.0,5.0,227.0,26.0,7.0,177.0,71.0,12.0,165.0,86.0,9.0,227.0,27.0,6.0,166.0,72.0,17.0,5.0,29.0,108.0,120.0,3.0,Não Atingiu a média
96,23053380,2017,1,2,2302,23013,23,2302107,230210705,2,1,1.0,1.0,1.0,0.0,0.0,0.0,0.0,0.0,0.0,0.0,0.0,0.0,1.0,1.0,1.0,0.0,0.0,0.0,0.0,1.0,0.0,0.0,0.0,1.0,0.0,0.0,1.0,0.0,0.0,0.0,0.0,1.0,1.0,1.0,1.0,1.0,0.0,0.0,0.0,0.0,1.0,1.0,1.0,1.0,0.0,0.0,0.0,1.0,0.0,0.0,1.0,1.0,0.0,0.0,1.0,1.0,0.0,0.0,1.0,0.0,0.0,0.0,0.0,0.0,10.0,7.0,1.0,0.0,0.0,0.0,1.0,0.0,1.0,1.0,1.0,1.0,0.0,1.0,1.0,1.0,0.0,0.0,0.0,1.0,0.0,2.0,1.0,1.0,2.0,0.0,2.0,9.0,2.0,7.0,1.0,1.0,27.0,1.0,0.0,0.0,0.0,0.0,0.0,1.0,0.0,0.0,0.0,0.0,1.0,0.0,0.0,0.0,1.0,0.0,0.0,0.0,0.0,0.0,1.0,1.0,0.0,0.0,0.0,0.0,0.0,0.0,0.0,0.0,0.0,0.0,0.0,0.0,0.0,0.0,0.0,0.0,0.0,5.0,2.0,12.0,0.0,0.0,0.0,0.0,0.0,4.0,8.0,5.0,0.0,2.0,0.0,1.0,18.0,0.0,19.0,10.0,9.0,15.0,4.0,0.0,10.0,9.0,0.0,0.0,15.0,4.0,0.0,3.0,6.0,5.0,5.0,1.0,1.0,4.0,6.0,3.0,4.0,18.0,1.0,0.0,0.0,0.0,15.0,3.0,1.0,1.0,3.0,4.0,2.0,6.0,0.0,3.0,18.0,1.0,14.0,5.0,12.0,6.0,1.0,2.0,3.0,4.0,2.0,1.0,0.0,7.0,15.0,4.0,9.0,10.0,9.0,8.0,2.0,19.0,0.0,16.0,3.0,16.0,3.0,18.0,1.0,12.0,7.0,4.0,15.0,0.0,13.0,4.0,2.0,1.0,7.0,2.0,6.0,3.0,5.0,8.0,0.0,0.0,6.0,1.0,18.0,12.0,4.0,1.0,2.0,19.0,0.0,0.0,11.0,8.0,0.0,17.0,0.0,2.0,5.0,14.0,18.0,1.0,11.0,7.0,1.0,0.0,16.0,3.0,0.0,11.0,8.0,0.0,16.0,3.0,0.0,17.0,2.0,0.0,0.0,15.0,4.0,9.0,8.0,2.0,0.0,18.0,1.0,0.0,16.0,3.0,0.0,17.0,2.0,0.0,16.0,3.0,0.0,18.0,1.0,0.0,0.0,4.0,9.0,6.0,0.0,Atingiu a média
97,23036010,2017,1,2,2302,23008,23,2306405,230640505,2,1,1.0,1.0,1.0,0.0,0.0,0.0,0.0,0.0,0.0,0.0,0.0,0.0,0.0,1.0,1.0,0.0,0.0,0.0,0.0,1.0,0.0,0.0,0.0,1.0,0.0,0.0,1.0,0.0,0.0,0.0,0.0,0.0,1.0,1.0,1.0,1.0,1.0,1.0,1.0,1.0,1.0,1.0,1.0,1.0,0.0,0.0,0.0,1.0,0.0,1.0,1.0,1.0,0.0,0.0,1.0,0.0,1.0,1.0,0.0,0.0,0.0,0.0,0.0,0.0,22.0,22.0,1.0,0.0,0.0,0.0,0.0,0.0,1.0,1.0,0.0,1.0,0.0,1.0,1.0,2.0,0.0,0.0,0.0,0.0,0.0,4.0,1.0,0.0,2.0,0.0,1.0,63.0,16.0,47.0,1.0,0.0,95.0,1.0,1.0,0.0,0.0,0.0,0.0,1.0,0.0,0.0,1.0,0.0,1.0,0.0,0.0,0.0,1.0,0.0,0.0,0.0,0.0,0.0,0.0,1.0,0.0,0.0,0.0,0.0,0.0,0.0,0.0,0.0,0.0,0.0,0.0,0.0,0.0,0.0,0.0,0.0,0.0,58.0,29.0,323.0,29.0,1.0,27.0,1.0,12.0,245.0,171.0,31.0,3.0,2.0,2.0,20.0,447.0,11.0,456.0,287.0,180.0,328.0,115.0,24.0,284.0,154.0,29.0,14.0,299.0,154.0,9.0,46.0,218.0,153.0,41.0,3.0,31.0,102.0,144.0,108.0,79.0,408.0,43.0,11.0,2.0,3.0,426.0,25.0,16.0,12.0,70.0,68.0,84.0,97.0,84.0,52.0,432.0,35.0,403.0,64.0,312.0,126.0,29.0,22.0,78.0,55.0,69.0,102.0,38.0,103.0,390.0,77.0,296.0,171.0,311.0,119.0,37.0,458.0,9.0,440.0,27.0,421.0,46.0,456.0,11.0,370.0,97.0,154.0,270.0,43.0,301.0,149.0,17.0,87.0,131.0,82.0,141.0,26.0,147.0,162.0,35.0,46.0,77.0,59.0,408.0,328.0,118.0,19.0,2.0,418.0,9.0,40.0,397.0,54.0,16.0,450.0,15.0,2.0,120.0,347.0,421.0,46.0,402.0,56.0,6.0,3.0,427.0,38.0,2.0,277.0,188.0,2.0,406.0,59.0,2.0,438.0,25.0,2.0,2.0,322.0,145.0,342.0,110.0,12.0,3.0,449.0,16.0,2.0,386.0,78.0,3.0,355.0,108.0,4.0,392.0,72.0,3.0,427.0,36.0,2.0,2.0,90.0,262.0,115.0,0.0,Atingiu a média
98,23249900,2017,1,2,2301,23002,23,2305308,230530805,2,1,2.0,1.0,1.0,0.0,0.0,0.0,0.0,0.0,0.0,0.0,1.0,0.0,0.0,1.0,1.0,0.0,0.0,0.0,0.0,1.0,0.0,0.0,0.0,0.0,1.0,0.0,1.0,0.0,0.0,0.0,0.0,0.0,0.0,1.0,1.0,0.0,0.0,0.0,0.0,0.0,1.0,0.0,0.0,0.0,0.0,0.0,0.0,0.0,0.0,0.0,0.0,1.0,0.0,0.0,1.0,1.0,0.0,0.0,0.0,0.0,0.0,0.0,0.0,0.0,3.0,3.0,1.0,0.0,0.0,0.0,0.0,1.0,1.0,0.0,1.0,0.0,0.0,0.0,1.0,1.0,0.0,0.0,0.0,0.0,1.0,1.0,0.0,1.0,0.0,0.0,0.0,4.0,1.0,3.0,1.0,0.0,37.0,1.0,0.0,0.0,0.0,0.0,0.0,1.0,0.0,0.0,0.0,0.0,1.0,0.0,0.0,0.0,1.0,1.0,0.0,0.0,0.0,0.0,0.0,1.0,0.0,0.0,0.0,0.0,0.0,0.0,0.0,0.0,0.0,0.0,1.0,0.0,0.0,0.0,0.0,0.0,0.0,16.0,3.0,60.0,3.0,0.0,1.0,0.0,10.0,33.0,21.0,9.0,2.0,3.0,5.0,5.0,78.0,1.0,82.0,59.0,24.0,70.0,10.0,3.0,61.0,20.0,2.0,4.0,65.0,14.0,1.0,4.0,35.0,38.0,5.0,2.0,13.0,18.0,25.0,12.0,13.0,78.0,4.0,1.0,0.0,0.0,67.0,14.0,2.0,7.0,29.0,15.0,10.0,5.0,2.0,15.0,69.0,14.0,55.0,28.0,51.0,30.0,2.0,13.0,22.0,14.0,7.0,4.0,1.0,22.0,51.0,32.0,37.0,46.0,51.0,28.0,4.0,81.0,2.0,79.0,4.0,77.0,6.0,83.0,0.0,63.0,20.0,30.0,43.0,10.0,51.0,26.0,6.0,15.0,28.0,13.0,19.0,8.0,29.0,28.0,7.0,14.0,5.0,15.0,68.0,50.0,31.0,2.0,0.0,82.0,0.0,1.0,66.0,13.0,4.0,75.0,8.0,0.0,27.0,56.0,73.0,10.0,58.0,25.0,0.0,0.0,79.0,4.0,0.0,47.0,35.0,1.0,71.0,12.0,0.0,74.0,8.0,1.0,0.0,64.0,19.0,54.0,24.0,5.0,0.0,78.0,4.0,1.0,69.0,13.0,1.0,66.0,16.0,1.0,54.0,28.0,1.0,68.0,13.0,1.0,1.0,12.0,39.0,23.0,9.0,Não Atingiu a média
99,23097140,2017,1,2,2304,23019,23,2302404,230240405,2,1,1.0,1.0,1.0,0.0,0.0,0.0,0.0,0.0,0.0,0.0,1.0,0.0,0.0,1.0,1.0,0.0,1.0,0.0,0.0,1.0,0.0,0.0,0.0,1.0,1.0,0.0,1.0,0.0,0.0,0.0,0.0,0.0,1.0,1.0,1.0,1.0,1.0,1.0,0.0,1.0,1.0,1.0,0.0,1.0,0.0,0.0,0.0,1.0,0.0,1.0,1.0,1.0,1.0,0.0,1.0,1.0,0.0,1.0,1.0,0.0,0.0,0.0,0.0,0.0,12.0,36.0,1.0,0.0,0.0,0.0,1.0,1.0,1.0,1.0,0.0,1.0,1.0,1.0,1.0,3.0,0.0,0.0,0.0,1.0,1.0,4.0,1.0,0.0,12.0,1.0,4.0,108.0,13.0,95.0,1.0,1.0,135.0,1.0,1.0,0.0,0.0,0.0,0.0,1.0,0.0,0.0,1.0,0.0,1.0,0.0,0.0,0.0,1.0,1.0,1.0,0.0,0.0,0.0,0.0,1.0,0.0,0.0,0.0,0.0,0.0,0.0,0.0,0.0,0.0,0.0,1.0,1.0,0.0,0.0,0.0,0.0,0.0,73.0,15.0,242.0,22.0,11.0,32.0,0.0,1.0,91.0,156.0,63.0,43.0,10.0,31.0,19.0,376.0,7.0,388.0,263.0,132.0,331.0,60.0,4.0,324.0,65.0,6.0,10.0,344.0,41.0,7.0,70.0,205.0,99.0,14.0,7.0,57.0,90.0,95.0,74.0,72.0,382.0,12.0,0.0,1.0,0.0,296.0,85.0,14.0,32.0,133.0,65.0,50.0,30.0,14.0,71.0,315.0,80.0,265.0,130.0,221.0,160.0,14.0,67.0,107.0,50.0,24.0,16.0,1.0,130.0,225.0,170.0,156.0,239.0,295.0,62.0,38.0,378.0,17.0,348.0,47.0,327.0,68.0,376.0,19.0,288.0,107.0,121.0,210.0,64.0,231.0,137.0,27.0,107.0,122.0,41.0,89.0,36.0,111.0,116.0,32.0,47.0,89.0,55.0,340.0,109.0,159.0,113.0,14.0,393.0,0.0,2.0,222.0,143.0,30.0,327.0,55.0,13.0,128.0,267.0,350.0,45.0,284.0,105.0,4.0,2.0,348.0,42.0,5.0,201.0,187.0,7.0,315.0,76.0,4.0,376.0,12.0,2.0,5.0,290.0,105.0,240.0,125.0,21.0,9.0,363.0,24.0,8.0,327.0,59.0,9.0,223.0,162.0,10.0,272.0,111.0,12.0,354.0,29.0,3.0,9.0,36.0,194.0,150.0,15.0,Não Atingiu a média
100,23069546,2017,1,2,2303,23016,23,2304400,230440005,2,1,1.0,1.0,1.0,0.0,0.0,0.0,0.0,0.0,0.0,0.0,0.0,0.0,0.0,1.0,1.0,0.0,0.0,0.0,0.0,1.0,0.0,0.0,0.0,0.0,1.0,0.0,1.0,0.0,0.0,0.0,0.0,0.0,1.0,1.0,1.0,1.0,0.0,0.0,0.0,0.0,1.0,1.0,1.0,1.0,0.0,0.0,0.0,1.0,0.0,0.0,0.0,1.0,0.0,1.0,1.0,1.0,0.0,1.0,0.0,0.0,0.0,0.0,0.0,0.0,9.0,8.0,1.0,0.0,1.0,0.0,1.0,1.0,1.0,1.0,1.0,1.0,0.0,1.0,1.0,2.0,0.0,1.0,0.0,1.0,1.0,4.0,1.0,3.0,5.0,0.0,1.0,32.0,5.0,27.0,1.0,1.0,66.0,1.0,0.0,0.0,0.0,0.0,0.0,1.0,0.0,0.0,0.0,0.0,1.0,0.0,0.0,0.0,1.0,0.0,0.0,0.0,0.0,0.0,1.0,1.0,0.0,0.0,0.0,0.0,0.0,0.0,0.0,0.0,0.0,0.0,0.0,0.0,0.0,0.0,0.0,0.0,0.0,30.0,14.0,85.0,6.0,4.0,13.0,0.0,1.0,29.0,59.0,27.0,12.0,10.0,14.0,4.0,148.0,3.0,149.0,63.0,89.0,104.0,44.0,4.0,95.0,50.0,7.0,0.0,113.0,39.0,3.0,30.0,78.0,30.0,11.0,5.0,17.0,34.0,39.0,31.0,26.0,140.0,9.0,1.0,2.0,0.0,120.0,28.0,4.0,7.0,32.0,30.0,27.0,31.0,10.0,15.0,135.0,17.0,113.0,39.0,72.0,76.0,4.0,13.0,17.0,25.0,20.0,33.0,4.0,40.0,130.0,22.0,76.0,76.0,64.0,46.0,42.0,146.0,6.0,130.0,22.0,122.0,30.0,145.0,7.0,92.0,60.0,48.0,88.0,16.0,106.0,41.0,5.0,28.0,37.0,37.0,41.0,9.0,43.0,60.0,19.0,15.0,15.0,40.0,112.0,67.0,69.0,13.0,3.0,133.0,0.0,19.0,85.0,47.0,20.0,119.0,26.0,7.0,24.0,128.0,129.0,23.0,109.0,31.0,0.0,12.0,132.0,9.0,11.0,79.0,61.0,12.0,132.0,9.0,11.0,117.0,20.0,4.0,11.0,84.0,68.0,89.0,50.0,9.0,4.0,139.0,8.0,5.0,120.0,26.0,6.0,117.0,30.0,5.0,124.0,24.0,4.0,137.0,12.0,1.0,2.0,17.0,91.0,43.0,1.0,Atingiu a média
101,23099380,2017,1,2,2304,23019,23,2307635,230763505,2,1,1.0,1.0,1.0,0.0,0.0,0.0,0.0,0.0,0.0,0.0,0.0,0.0,0.0,1.0,1.0,0.0,0.0,0.0,0.0,1.0,0.0,0.0,0.0,0.0,1.0,0.0,1.0,0.0,0.0,0.0,0.0,0.0,1.0,1.0,1.0,1.0,0.0,1.0,0.0,1.0,1.0,1.0,0.0,1.0,0.0,0.0,0.0,1.0,0.0,0.0,0.0,1.0,1.0,0.0,1.0,1.0,1.0,0.0,1.0,0.0,0.0,0.0,0.0,0.0,7.0,7.0,1.0,0.0,0.0,1.0,1.0,0.0,1.0,1.0,1.0,1.0,0.0,0.0,1.0,16.0,0.0,0.0,1.0,3.0,0.0,3.0,2.0,5.0,4.0,0.0,0.0,42.0,4.0,14.0,1.0,0.0,38.0,1.0,0.0,0.0,0.0,0.0,0.0,1.0,0.0,0.0,0.0,0.0,1.0,0.0,0.0,0.0,1.0,0.0,0.0,0.0,0.0,0.0,0.0,1.0,0.0,0.0,0.0,0.0,0.0,0.0,0.0,0.0,0.0,0.0,0.0,0.0,0.0,0.0,0.0,0.0,0.0,8.0,11.0,90.0,13.0,6.0,13.0,0.0,0.0,46.0,48.0,24.0,8.0,5.0,10.0,3.0,138.0,5.0,136.0,102.0,39.0,110.0,29.0,2.0,85.0,49.0,7.0,2.0,114.0,25.0,1.0,19.0,77.0,33.0,11.0,2.0,12.0,19.0,47.0,35.0,26.0,128.0,9.0,3.0,1.0,0.0,117.0,17.0,7.0,8.0,45.0,25.0,20.0,17.0,7.0,19.0,119.0,22.0,99.0,42.0,75.0,60.0,6.0,14.0,47.0,19.0,9.0,7.0,3.0,42.0,89.0,52.0,52.0,89.0,92.0,35.0,14.0,138.0,3.0,122.0,19.0,120.0,21.0,136.0,5.0,94.0,47.0,29.0,81.0,31.0,93.0,45.0,3.0,21.0,43.0,26.0,45.0,6.0,47.0,45.0,10.0,20.0,19.0,22.0,119.0,74.0,52.0,15.0,0.0,138.0,1.0,2.0,84.0,40.0,17.0,122.0,11.0,8.0,43.0,98.0,122.0,19.0,68.0,64.0,7.0,2.0,117.0,23.0,1.0,74.0,66.0,1.0,128.0,12.0,1.0,97.0,40.0,3.0,1.0,67.0,74.0,37.0,88.0,10.0,6.0,120.0,16.0,5.0,97.0,40.0,4.0,90.0,47.0,4.0,121.0,16.0,4.0,93.0,33.0,12.0,3.0,7.0,61.0,72.0,1.0,Não Atingiu a média
102,23162961,2017,1,2,2307,23032,23,2304202,230420205,2,1,2.0,1.0,1.0,0.0,0.0,0.0,0.0,0.0,0.0,0.0,0.0,0.0,0.0,1.0,1.0,0.0,1.0,0.0,0.0,1.0,0.0,0.0,0.0,1.0,0.0,0.0,1.0,1.0,0.0,0.0,0.0,0.0,1.0,1.0,1.0,1.0,0.0,0.0,0.0,0.0,1.0,1.0,0.0,1.0,0.0,0.0,0.0,1.0,0.0,1.0,1.0,1.0,1.0,0.0,1.0,1.0,0.0,1.0,1.0,0.0,0.0,1.0,0.0,0.0,9.0,9.0,1.0,0.0,1.0,1.0,1.0,0.0,1.0,1.0,1.0,1.0,1.0,1.0,1.0,3.0,0.0,2.0,1.0,2.0,0.0,3.0,1.0,1.0,4.0,1.0,1.0,21.0,9.0,12.0,1.0,1.0,60.0,1.0,0.0,0.0,0.0,0.0,0.0,1.0,0.0,0.0,1.0,0.0,1.0,0.0,0.0,0.0,1.0,1.0,0.0,0.0,0.0,0.0,1.0,1.0,0.0,0.0,0.0,0.0,0.0,0.0,0.0,0.0,0.0,0.0,1.0,0.0,0.0,0.0,0.0,0.0,0.0,22.0,32.0,56.0,6.0,4.0,4.0,0.0,1.0,34.0,47.0,19.0,6.0,2.0,15.0,5.0,119.0,0.0,124.0,83.0,41.0,99.0,22.0,3.0,87.0,34.0,3.0,2.0,103.0,19.0,2.0,12.0,82.0,25.0,3.0,1.0,13.0,25.0,40.0,26.0,19.0,113.0,7.0,2.0,2.0,0.0,82.0,33.0,9.0,8.0,27.0,21.0,16.0,31.0,6.0,15.0,107.0,17.0,97.0,27.0,54.0,66.0,4.0,17.0,27.0,9.0,20.0,20.0,6.0,25.0,87.0,37.0,56.0,68.0,56.0,39.0,29.0,122.0,2.0,113.0,11.0,107.0,17.0,117.0,7.0,83.0,41.0,39.0,65.0,20.0,82.0,36.0,6.0,25.0,37.0,20.0,32.0,10.0,40.0,40.0,14.0,13.0,17.0,20.0,104.0,53.0,51.0,15.0,5.0,113.0,4.0,7.0,77.0,33.0,14.0,98.0,21.0,5.0,35.0,89.0,110.0,14.0,73.0,48.0,3.0,0.0,113.0,10.0,1.0,60.0,62.0,2.0,107.0,15.0,2.0,106.0,16.0,2.0,0.0,75.0,49.0,64.0,52.0,8.0,0.0,114.0,10.0,0.0,91.0,32.0,1.0,91.0,32.0,1.0,86.0,37.0,1.0,122.0,2.0,0.0,0.0,16.0,64.0,44.0,0.0,Não Atingiu a média
103,23019344,2017,1,2,2301,23005,23,2304905,230490505,2,1,2.0,1.0,1.0,0.0,0.0,0.0,0.0,0.0,0.0,0.0,0.0,0.0,0.0,1.0,1.0,0.0,0.0,0.0,0.0,1.0,0.0,0.0,0.0,1.0,0.0,0.0,1.0,0.0,0.0,0.0,0.0,0.0,1.0,1.0,1.0,0.0,1.0,0.0,0.0,0.0,1.0,0.0,0.0,0.0,0.0,0.0,0.0,0.0,0.0,1.0,1.0,1.0,0.0,0.0,1.0,1.0,0.0,1.0,0.0,0.0,0.0,0.0,0.0,0.0,6.0,6.0,1.0,0.0,0.0,1.0,1.0,0.0,1.0,0.0,1.0,1.0,0.0,0.0,1.0,1.0,0.0,0.0,1.0,1.0,0.0,5.0,0.0,2.0,4.0,0.0,0.0,20.0,1.0,17.0,1.0,0.0,38.0,1.0,1.0,0.0,0.0,0.0,0.0,1.0,0.0,0.0,0.0,0.0,1.0,0.0,0.0,0.0,1.0,0.0,0.0,0.0,0.0,0.0,0.0,1.0,0.0,0.0,0.0,0.0,0.0,0.0,0.0,0.0,0.0,0.0,0.0,0.0,0.0,0.0,0.0,0.0,0.0,19.0,7.0,90.0,5.0,4.0,5.0,0.0,1.0,36.0,64.0,22.0,2.0,2.0,3.0,2.0,128.0,2.0,128.0,80.0,50.0,104.0,26.0,0.0,82.0,44.0,4.0,2.0,106.0,22.0,0.0,38.0,73.0,15.0,4.0,2.0,10.0,30.0,42.0,24.0,22.0,119.0,9.0,1.0,0.0,1.0,111.0,15.0,4.0,14.0,31.0,24.0,16.0,19.0,5.0,21.0,104.0,26.0,90.0,40.0,76.0,51.0,3.0,13.0,22.0,22.0,12.0,15.0,2.0,44.0,96.0,34.0,51.0,79.0,81.0,37.0,12.0,126.0,4.0,120.0,10.0,112.0,18.0,127.0,3.0,83.0,47.0,39.0,72.0,19.0,89.0,34.0,7.0,33.0,29.0,21.0,35.0,12.0,42.0,44.0,9.0,14.0,21.0,21.0,109.0,70.0,49.0,9.0,2.0,126.0,1.0,3.0,117.0,11.0,2.0,127.0,3.0,0.0,16.0,114.0,115.0,15.0,105.0,21.0,4.0,0.0,114.0,16.0,0.0,72.0,58.0,0.0,97.0,33.0,0.0,128.0,2.0,0.0,0.0,82.0,48.0,94.0,31.0,5.0,0.0,117.0,13.0,0.0,114.0,16.0,0.0,87.0,43.0,0.0,79.0,50.0,1.0,128.0,1.0,1.0,0.0,24.0,69.0,37.0,0.0,Atingiu a média
104,23158514,2017,1,2,2307,23031,23,2301703,230170305,2,1,1.0,1.0,1.0,0.0,0.0,0.0,0.0,0.0,0.0,0.0,1.0,0.0,0.0,1.0,1.0,0.0,1.0,0.0,0.0,1.0,0.0,0.0,0.0,1.0,1.0,0.0,1.0,0.0,0.0,0.0,0.0,0.0,1.0,1.0,1.0,1.0,0.0,0.0,0.0,0.0,1.0,0.0,1.0,1.0,0.0,0.0,0.0,1.0,0.0,1.0,0.0,1.0,1.0,0.0,1.0,1.0,0.0,1.0,1.0,0.0,0.0,1.0,0.0,0.0,6.0,5.0,1.0,0.0,1.0,0.0,0.0,0.0,1.0,1.0,0.0,1.0,1.0,1.0,1.0,7.0,0.0,1.0,0.0,0.0,0.0,1.0,2.0,0.0,1.0,1.0,1.0,23.0,10.0,13.0,1.0,0.0,44.0,1.0,0.0,0.0,0.0,0.0,0.0,1.0,0.0,0.0,1.0,0.0,1.0,0.0,0.0,0.0,1.0,1.0,0.0,0.0,0.0,0.0,0.0,1.0,0.0,0.0,0.0,0.0,0.0,0.0,0.0,0.0,0.0,0.0,1.0,0.0,0.0,0.0,0.0,0.0,0.0,11.0,6.0,48.0,7.0,1.0,5.0,0.0,1.0,22.0,40.0,8.0,5.0,2.0,0.0,4.0,74.0,0.0,78.0,52.0,26.0,66.0,12.0,0.0,57.0,21.0,0.0,2.0,63.0,13.0,0.0,17.0,46.0,13.0,2.0,0.0,11.0,12.0,29.0,20.0,6.0,76.0,2.0,0.0,0.0,0.0,65.0,11.0,2.0,1.0,30.0,18.0,7.0,12.0,8.0,2.0,64.0,14.0,57.0,21.0,59.0,17.0,2.0,11.0,28.0,14.0,8.0,9.0,2.0,6.0,57.0,21.0,42.0,36.0,53.0,18.0,7.0,77.0,1.0,73.0,5.0,69.0,9.0,76.0,2.0,64.0,14.0,23.0,45.0,10.0,40.0,37.0,1.0,14.0,27.0,12.0,23.0,2.0,29.0,24.0,6.0,6.0,13.0,11.0,67.0,28.0,44.0,3.0,3.0,74.0,1.0,3.0,49.0,25.0,4.0,70.0,7.0,1.0,8.0,70.0,62.0,16.0,50.0,28.0,0.0,0.0,70.0,7.0,1.0,42.0,36.0,0.0,73.0,5.0,0.0,64.0,13.0,1.0,0.0,52.0,26.0,47.0,27.0,4.0,0.0,65.0,13.0,0.0,63.0,15.0,0.0,57.0,21.0,0.0,60.0,18.0,0.0,67.0,8.0,3.0,0.0,9.0,38.0,23.0,8.0,Atingiu a média
105,23127171,2017,1,2,2305,23023,23,2307007,230700705,2,1,1.0,1.0,1.0,0.0,0.0,0.0,0.0,0.0,0.0,0.0,0.0,0.0,0.0,1.0,1.0,0.0,0.0,0.0,0.0,1.0,0.0,0.0,0.0,0.0,1.0,0.0,1.0,0.0,0.0,0.0,0.0,0.0,0.0,1.0,0.0,0.0,0.0,0.0,0.0,0.0,1.0,0.0,0.0,0.0,0.0,0.0,0.0,1.0,0.0,0.0,0.0,1.0,0.0,0.0,1.0,1.0,0.0,1.0,0.0,0.0,0.0,0.0,0.0,0.0,8.0,8.0,0.0,0.0,0.0,0.0,0.0,0.0,0.0,0.0,0.0,0.0,0.0,0.0,1.0,0.0,0.0,0.0,0.0,0.0,0.0,0.0,0.0,0.0,0.0,0.0,0.0,30.0,0.0,30.0,1.0,1.0,55.0,1.0,0.0,0.0,0.0,0.0,0.0,1.0,0.0,0.0,0.0,0.0,1.0,0.0,0.0,0.0,1.0,1.0,1.0,0.0,0.0,0.0,0.0,1.0,0.0,0.0,0.0,0.0,0.0,0.0,0.0,0.0,0.0,0.0,1.0,1.0,0.0,0.0,0.0,0.0,0.0,26.0,10.0,85.0,5.0,0.0,6.0,0.0,2.0,53.0,46.0,9.0,8.0,4.0,10.0,9.0,123.0,7.0,125.0,73.0,59.0,111.0,21.0,0.0,86.0,41.0,5.0,2.0,111.0,19.0,0.0,23.0,65.0,39.0,5.0,2.0,20.0,32.0,43.0,19.0,16.0,120.0,9.0,1.0,0.0,2.0,104.0,26.0,2.0,14.0,44.0,16.0,18.0,15.0,9.0,16.0,100.0,32.0,89.0,43.0,73.0,57.0,2.0,23.0,37.0,19.0,12.0,11.0,3.0,27.0,82.0,50.0,59.0,73.0,81.0,30.0,21.0,127.0,5.0,122.0,10.0,118.0,14.0,128.0,4.0,94.0,38.0,35.0,75.0,22.0,92.0,33.0,7.0,35.0,32.0,17.0,39.0,9.0,46.0,38.0,11.0,7.0,30.0,23.0,109.0,66.0,59.0,7.0,0.0,129.0,0.0,3.0,85.0,34.0,13.0,113.0,16.0,3.0,44.0,88.0,111.0,21.0,85.0,36.0,7.0,4.0,97.0,27.0,8.0,62.0,62.0,8.0,92.0,33.0,7.0,106.0,17.0,4.0,5.0,86.0,46.0,99.0,25.0,7.0,1.0,120.0,9.0,3.0,99.0,28.0,5.0,88.0,40.0,4.0,81.0,45.0,6.0,125.0,6.0,0.0,1.0,26.0,61.0,45.0,0.0,Não Atingiu a média
106,23252650,2017,1,2,2301,23002,23,2304236,230423605,2,2,1.0,1.0,1.0,0.0,0.0,0.0,0.0,0.0,0.0,0.0,0.0,0.0,0.0,1.0,1.0,0.0,1.0,0.0,0.0,1.0,0.0,0.0,0.0,0.0,1.0,0.0,0.0,1.0,1.0,1.0,1.0,1.0,1.0,0.0,0.0,0.0,0.0,0.0,0.0,0.0,1.0,0.0,0.0,0.0,0.0,0.0,0.0,1.0,0.0,0.0,0.0,0.0,0.0,0.0,0.0,0.0,0.0,0.0,0.0,0.0,0.0,0.0,0.0,0.0,2.0,2.0,0.0,0.0,0.0,0.0,0.0,0.0,0.0,0.0,0.0,0.0,0.0,0.0,1.0,0.0,0.0,0.0,0.0,0.0,0.0,0.0,0.0,0.0,0.0,0.0,0.0,4.0,1.0,2.0,1.0,0.0,23.0,1.0,0.0,0.0,3.0,0.0,0.0,1.0,0.0,0.0,0.0,0.0,1.0,0.0,0.0,0.0,1.0,0.0,0.0,0.0,0.0,0.0,0.0,1.0,0.0,0.0,0.0,0.0,0.0,0.0,0.0,0.0,0.0,0.0,0.0,0.0,0.0,0.0,0.0,0.0,0.0,4.0,3.0,15.0,0.0,0.0,1.0,0.0,0.0,7.0,13.0,0.0,1.0,1.0,1.0,0.0,23.0,0.0,23.0,15.0,8.0,21.0,2.0,0.0,18.0,4.0,1.0,0.0,16.0,7.0,0.0,2.0,7.0,13.0,1.0,0.0,2.0,2.0,8.0,7.0,4.0,22.0,1.0,0.0,0.0,0.0,15.0,7.0,1.0,6.0,4.0,5.0,1.0,1.0,1.0,5.0,8.0,15.0,7.0,16.0,15.0,8.0,0.0,8.0,5.0,1.0,1.0,0.0,0.0,8.0,5.0,18.0,4.0,19.0,19.0,3.0,1.0,23.0,0.0,20.0,3.0,19.0,4.0,23.0,0.0,15.0,8.0,3.0,14.0,6.0,11.0,9.0,3.0,6.0,5.0,2.0,9.0,1.0,7.0,5.0,5.0,2.0,4.0,1.0,22.0,12.0,6.0,4.0,1.0,23.0,0.0,0.0,21.0,2.0,0.0,18.0,2.0,3.0,12.0,11.0,22.0,1.0,15.0,8.0,0.0,0.0,19.0,4.0,0.0,11.0,12.0,0.0,21.0,2.0,0.0,19.0,4.0,0.0,0.0,9.0,14.0,11.0,8.0,3.0,1.0,18.0,4.0,1.0,16.0,6.0,1.0,11.0,11.0,1.0,21.0,2.0,0.0,19.0,4.0,0.0,0.0,0.0,3.0,9.0,11.0,Não Atingiu a média
107,23038004,2017,1,2,2302,23008,23,2306405,230640505,2,1,1.0,1.0,1.0,0.0,0.0,0.0,0.0,0.0,0.0,0.0,0.0,0.0,0.0,1.0,1.0,0.0,0.0,0.0,0.0,1.0,0.0,0.0,0.0,0.0,1.0,0.0,1.0,0.0,0.0,0.0,0.0,0.0,1.0,1.0,1.0,0.0,0.0,0.0,0.0,0.0,1.0,0.0,0.0,0.0,0.0,0.0,0.0,1.0,0.0,0.0,0.0,1.0,1.0,0.0,1.0,1.0,0.0,1.0,1.0,0.0,0.0,0.0,0.0,0.0,6.0,6.0,0.0,0.0,0.0,0.0,0.0,0.0,0.0,0.0,0.0,0.0,0.0,0.0,1.0,0.0,0.0,0.0,0.0,0.0,0.0,0.0,0.0,0.0,0.0,0.0,0.0,14.0,3.0,11.0,1.0,1.0,34.0,1.0,0.0,0.0,0.0,0.0,0.0,1.0,0.0,0.0,0.0,0.0,1.0,0.0,0.0,0.0,1.0,0.0,0.0,0.0,0.0,0.0,0.0,1.0,0.0,0.0,0.0,0.0,0.0,0.0,0.0,0.0,0.0,0.0,0.0,0.0,0.0,0.0,0.0,0.0,0.0,10.0,5.0,79.0,2.0,0.0,16.0,0.0,0.0,43.0,37.0,17.0,11.0,3.0,1.0,4.0,108.0,3.0,109.0,93.0,19.0,103.0,8.0,1.0,101.0,9.0,2.0,1.0,95.0,16.0,4.0,18.0,46.0,33.0,11.0,0.0,12.0,15.0,29.0,31.0,25.0,101.0,8.0,3.0,0.0,0.0,88.0,22.0,2.0,5.0,41.0,23.0,13.0,11.0,3.0,16.0,93.0,19.0,77.0,35.0,72.0,37.0,3.0,6.0,35.0,21.0,8.0,9.0,1.0,32.0,79.0,33.0,59.0,53.0,82.0,23.0,7.0,110.0,2.0,105.0,7.0,103.0,9.0,110.0,2.0,78.0,34.0,28.0,73.0,11.0,54.0,47.0,11.0,29.0,33.0,10.0,23.0,17.0,34.0,38.0,9.0,11.0,20.0,5.0,107.0,84.0,21.0,4.0,3.0,109.0,1.0,2.0,66.0,33.0,13.0,103.0,6.0,3.0,49.0,63.0,93.0,19.0,74.0,35.0,3.0,0.0,98.0,10.0,4.0,65.0,44.0,3.0,83.0,27.0,2.0,104.0,6.0,0.0,2.0,81.0,31.0,75.0,33.0,3.0,1.0,106.0,6.0,0.0,97.0,14.0,1.0,84.0,28.0,0.0,63.0,45.0,4.0,107.0,4.0,0.0,1.0,33.0,69.0,8.0,2.0,Atingiu a média
108,23155817,2017,1,2,2307,23030,23,2300606,230060605,2,1,1.0,1.0,1.0,0.0,0.0,0.0,0.0,0.0,0.0,0.0,0.0,0.0,0.0,1.0,1.0,0.0,0.0,0.0,0.0,1.0,0.0,0.0,0.0,1.0,1.0,0.0,1.0,0.0,0.0,0.0,0.0,0.0,1.0,1.0,1.0,1.0,0.0,1.0,0.0,1.0,1.0,1.0,1.0,1.0,0.0,0.0,0.0,1.0,0.0,1.0,1.0,1.0,1.0,0.0,1.0,1.0,0.0,1.0,0.0,0.0,0.0,0.0,0.0,0.0,5.0,5.0,1.0,0.0,1.0,1.0,0.0,0.0,1.0,0.0,1.0,1.0,0.0,0.0,1.0,1.0,0.0,1.0,1.0,0.0,0.0,2.0,0.0,1.0,1.0,0.0,0.0,13.0,4.0,9.0,1.0,1.0,20.0,1.0,0.0,0.0,0.0,0.0,0.0,1.0,0.0,0.0,1.0,0.0,1.0,0.0,0.0,0.0,1.0,1.0,1.0,0.0,0.0,0.0,0.0,1.0,0.0,0.0,0.0,0.0,0.0,0.0,0.0,0.0,0.0,0.0,1.0,1.0,0.0,0.0,0.0,0.0,0.0,7.0,9.0,24.0,4.0,5.0,5.0,0.0,1.0,13.0,18.0,9.0,6.0,1.0,6.0,3.0,51.0,1.0,53.0,33.0,21.0,51.0,3.0,0.0,47.0,6.0,1.0,1.0,49.0,4.0,0.0,9.0,27.0,12.0,6.0,1.0,10.0,11.0,10.0,15.0,7.0,49.0,5.0,0.0,0.0,0.0,40.0,11.0,3.0,9.0,18.0,9.0,5.0,2.0,1.0,10.0,43.0,11.0,41.0,13.0,31.0,18.0,5.0,10.0,15.0,9.0,1.0,2.0,1.0,16.0,34.0,20.0,27.0,27.0,35.0,11.0,8.0,53.0,1.0,46.0,8.0,48.0,6.0,53.0,1.0,38.0,16.0,20.0,25.0,9.0,37.0,15.0,2.0,10.0,15.0,7.0,20.0,2.0,19.0,15.0,3.0,8.0,9.0,12.0,42.0,24.0,20.0,9.0,1.0,51.0,0.0,3.0,28.0,18.0,8.0,44.0,5.0,5.0,23.0,31.0,49.0,5.0,26.0,27.0,0.0,1.0,41.0,12.0,1.0,29.0,25.0,0.0,47.0,6.0,1.0,47.0,5.0,1.0,1.0,38.0,16.0,31.0,20.0,1.0,2.0,50.0,3.0,1.0,43.0,10.0,1.0,36.0,17.0,1.0,36.0,17.0,1.0,48.0,5.0,0.0,1.0,22.0,25.0,7.0,0.0,Não Atingiu a média
109,23080370,2017,1,2,2303,23016,23,2307650,230765030,2,1,1.0,1.0,1.0,0.0,0.0,0.0,0.0,0.0,0.0,0.0,1.0,0.0,0.0,1.0,1.0,0.0,0.0,0.0,0.0,1.0,0.0,0.0,0.0,1.0,0.0,0.0,1.0,0.0,0.0,0.0,0.0,0.0,1.0,1.0,1.0,0.0,0.0,0.0,0.0,0.0,1.0,1.0,1.0,1.0,0.0,0.0,0.0,1.0,0.0,1.0,1.0,1.0,0.0,0.0,1.0,1.0,0.0,1.0,0.0,0.0,0.0,0.0,0.0,0.0,10.0,5.0,1.0,0.0,0.0,1.0,1.0,0.0,0.0,0.0,1.0,1.0,0.0,1.0,1.0,2.0,0.0,0.0,1.0,1.0,0.0,0.0,0.0,1.0,6.0,0.0,1.0,20.0,5.0,15.0,1.0,1.0,67.0,1.0,0.0,0.0,0.0,0.0,0.0,1.0,0.0,0.0,0.0,0.0,1.0,0.0,0.0,0.0,1.0,0.0,0.0,0.0,0.0,0.0,0.0,1.0,0.0,0.0,0.0,0.0,0.0,0.0,0.0,0.0,0.0,0.0,0.0,0.0,0.0,0.0,0.0,0.0,0.0,24.0,16.0,186.0,12.0,6.0,18.0,0.0,3.0,87.0,92.0,41.0,16.0,7.0,16.0,9.0,253.0,7.0,255.0,115.0,147.0,192.0,62.0,8.0,180.0,68.0,14.0,2.0,187.0,73.0,4.0,53.0,125.0,60.0,20.0,2.0,28.0,59.0,79.0,46.0,48.0,243.0,16.0,3.0,0.0,0.0,215.0,39.0,8.0,12.0,50.0,42.0,50.0,69.0,3.0,36.0,239.0,23.0,202.0,60.0,139.0,114.0,9.0,8.0,39.0,40.0,38.0,58.0,4.0,75.0,232.0,30.0,168.0,94.0,121.0,95.0,46.0,251.0,11.0,226.0,36.0,211.0,51.0,249.0,13.0,152.0,110.0,66.0,150.0,46.0,185.0,66.0,11.0,52.0,69.0,39.0,84.0,18.0,74.0,95.0,22.0,24.0,47.0,82.0,180.0,191.0,62.0,4.0,5.0,247.0,1.0,14.0,160.0,88.0,14.0,227.0,28.0,7.0,70.0,192.0,231.0,31.0,156.0,93.0,9.0,4.0,210.0,42.0,10.0,142.0,109.0,11.0,223.0,29.0,10.0,197.0,45.0,14.0,6.0,142.0,120.0,126.0,105.0,23.0,8.0,241.0,12.0,9.0,191.0,57.0,14.0,172.0,75.0,15.0,203.0,47.0,12.0,184.0,55.0,14.0,9.0,34.0,99.0,118.0,11.0,Não Atingiu a média
110,23221160,2017,1,2,2303,23016,23,2304400,230440005,2,1,1.0,1.0,1.0,0.0,0.0,0.0,0.0,0.0,0.0,0.0,0.0,0.0,0.0,1.0,1.0,0.0,1.0,0.0,0.0,1.0,0.0,0.0,0.0,0.0,1.0,0.0,1.0,0.0,0.0,0.0,0.0,0.0,1.0,1.0,1.0,1.0,0.0,1.0,0.0,1.0,1.0,1.0,0.0,1.0,0.0,0.0,0.0,1.0,0.0,1.0,0.0,1.0,1.0,0.0,1.0,1.0,1.0,1.0,1.0,0.0,0.0,0.0,0.0,0.0,21.0,12.0,1.0,0.0,0.0,0.0,1.0,0.0,0.0,1.0,0.0,1.0,0.0,0.0,1.0,3.0,0.0,0.0,0.0,1.0,0.0,0.0,1.0,0.0,2.0,0.0,0.0,64.0,4.0,60.0,1.0,1.0,89.0,1.0,0.0,0.0,0.0,0.0,0.0,1.0,0.0,0.0,1.0,0.0,1.0,0.0,0.0,0.0,1.0,0.0,0.0,0.0,0.0,0.0,0.0,1.0,0.0,0.0,0.0,0.0,0.0,0.0,0.0,0.0,0.0,0.0,0.0,0.0,0.0,0.0,0.0,0.0,0.0,39.0,20.0,184.0,12.0,7.0,29.0,0.0,0.0,69.0,129.0,49.0,20.0,6.0,18.0,7.0,284.0,4.0,287.0,141.0,150.0,209.0,79.0,3.0,166.0,102.0,23.0,0.0,193.0,98.0,6.0,40.0,174.0,59.0,12.0,2.0,37.0,87.0,81.0,52.0,32.0,268.0,17.0,6.0,0.0,0.0,238.0,42.0,11.0,18.0,63.0,38.0,49.0,77.0,15.0,31.0,251.0,40.0,214.0,77.0,151.0,127.0,13.0,16.0,51.0,38.0,38.0,66.0,12.0,70.0,239.0,52.0,150.0,141.0,101.0,97.0,93.0,278.0,13.0,261.0,30.0,235.0,56.0,282.0,9.0,172.0,119.0,100.0,150.0,41.0,214.0,70.0,7.0,44.0,82.0,57.0,94.0,14.0,97.0,96.0,27.0,31.0,40.0,63.0,228.0,121.0,134.0,31.0,5.0,253.0,3.0,35.0,170.0,85.0,36.0,244.0,39.0,8.0,38.0,253.0,250.0,41.0,173.0,100.0,8.0,10.0,240.0,38.0,13.0,172.0,105.0,14.0,257.0,22.0,12.0,228.0,44.0,7.0,12.0,153.0,138.0,128.0,129.0,31.0,3.0,266.0,22.0,3.0,215.0,74.0,2.0,190.0,99.0,2.0,243.0,45.0,3.0,257.0,22.0,7.0,5.0,36.0,171.0,82.0,2.0,Não Atingiu a média
111,23070820,2017,1,2,2303,23016,23,2304400,230440005,2,1,1.0,1.0,1.0,0.0,0.0,0.0,0.0,0.0,0.0,0.0,1.0,1.0,0.0,1.0,1.0,0.0,0.0,0.0,0.0,1.0,0.0,0.0,0.0,1.0,1.0,0.0,1.0,0.0,0.0,0.0,0.0,0.0,1.0,1.0,1.0,1.0,0.0,1.0,0.0,1.0,1.0,0.0,0.0,0.0,0.0,0.0,0.0,1.0,0.0,0.0,0.0,1.0,0.0,0.0,0.0,1.0,0.0,1.0,1.0,0.0,0.0,0.0,0.0,0.0,7.0,5.0,1.0,0.0,0.0,0.0,1.0,0.0,0.0,0.0,1.0,0.0,0.0,0.0,1.0,1.0,0.0,0.0,0.0,1.0,0.0,0.0,0.0,1.0,0.0,0.0,0.0,20.0,5.0,20.0,1.0,1.0,39.0,1.0,0.0,0.0,0.0,0.0,0.0,1.0,0.0,0.0,1.0,0.0,1.0,0.0,0.0,0.0,1.0,0.0,0.0,0.0,0.0,0.0,1.0,1.0,0.0,0.0,0.0,0.0,0.0,0.0,0.0,0.0,0.0,0.0,0.0,0.0,0.0,0.0,0.0,0.0,0.0,8.0,5.0,20.0,1.0,0.0,2.0,0.0,1.0,14.0,12.0,5.0,3.0,1.0,0.0,0.0,36.0,0.0,36.0,19.0,17.0,27.0,7.0,2.0,25.0,9.0,2.0,0.0,29.0,7.0,1.0,3.0,24.0,6.0,2.0,0.0,6.0,9.0,11.0,3.0,7.0,35.0,1.0,0.0,0.0,0.0,29.0,5.0,2.0,1.0,5.0,12.0,2.0,12.0,2.0,2.0,35.0,1.0,29.0,7.0,23.0,12.0,1.0,0.0,4.0,10.0,4.0,12.0,1.0,5.0,33.0,3.0,23.0,13.0,13.0,17.0,6.0,36.0,0.0,28.0,8.0,22.0,14.0,35.0,1.0,21.0,15.0,5.0,21.0,10.0,27.0,9.0,0.0,1.0,8.0,9.0,17.0,1.0,8.0,14.0,5.0,5.0,4.0,6.0,30.0,16.0,19.0,1.0,0.0,33.0,2.0,1.0,26.0,8.0,2.0,31.0,4.0,1.0,4.0,32.0,29.0,7.0,24.0,9.0,3.0,0.0,30.0,6.0,0.0,20.0,15.0,1.0,34.0,2.0,0.0,30.0,6.0,0.0,0.0,17.0,19.0,17.0,12.0,6.0,1.0,32.0,3.0,1.0,22.0,13.0,1.0,26.0,8.0,2.0,29.0,6.0,1.0,28.0,6.0,1.0,1.0,5.0,21.0,10.0,0.0,Atingiu a média
112,23135425,2017,1,2,2305,23024,23,2306801,230680105,2,1,1.0,1.0,1.0,0.0,0.0,0.0,0.0,0.0,0.0,0.0,0.0,0.0,0.0,1.0,1.0,0.0,0.0,0.0,0.0,1.0,0.0,0.0,0.0,1.0,0.0,0.0,1.0,0.0,0.0,0.0,0.0,0.0,1.0,1.0,1.0,1.0,1.0,0.0,0.0,0.0,1.0,1.0,1.0,1.0,0.0,0.0,0.0,1.0,0.0,1.0,1.0,1.0,1.0,0.0,1.0,1.0,1.0,1.0,0.0,0.0,0.0,0.0,0.0,0.0,11.0,7.0,1.0,1.0,1.0,1.0,1.0,1.0,1.0,1.0,1.0,1.0,1.0,1.0,1.0,5.0,1.0,4.0,1.0,1.0,2.0,5.0,1.0,1.0,1.0,1.0,1.0,32.0,6.0,26.0,1.0,1.0,44.0,1.0,1.0,0.0,0.0,0.0,0.0,1.0,0.0,0.0,1.0,0.0,1.0,0.0,0.0,0.0,1.0,0.0,0.0,0.0,0.0,0.0,0.0,1.0,0.0,0.0,0.0,0.0,0.0,0.0,0.0,0.0,0.0,0.0,0.0,0.0,0.0,0.0,0.0,0.0,0.0,16.0,22.0,58.0,6.0,1.0,6.0,0.0,0.0,50.0,40.0,9.0,4.0,4.0,2.0,3.0,106.0,2.0,107.0,50.0,59.0,82.0,24.0,3.0,73.0,35.0,1.0,2.0,74.0,33.0,1.0,8.0,43.0,47.0,10.0,3.0,13.0,30.0,31.0,16.0,16.0,94.0,12.0,3.0,0.0,0.0,83.0,17.0,9.0,4.0,27.0,15.0,14.0,20.0,10.0,19.0,99.0,10.0,90.0,19.0,49.0,47.0,13.0,15.0,29.0,11.0,12.0,10.0,3.0,29.0,76.0,33.0,46.0,63.0,56.0,43.0,10.0,103.0,6.0,87.0,22.0,75.0,34.0,103.0,6.0,61.0,48.0,16.0,64.0,29.0,66.0,37.0,6.0,19.0,31.0,20.0,35.0,4.0,29.0,34.0,11.0,13.0,22.0,22.0,87.0,76.0,26.0,5.0,2.0,101.0,1.0,7.0,75.0,25.0,9.0,102.0,6.0,1.0,26.0,83.0,87.0,22.0,51.0,47.0,11.0,0.0,86.0,20.0,3.0,43.0,62.0,4.0,83.0,23.0,3.0,100.0,6.0,2.0,1.0,54.0,55.0,45.0,45.0,19.0,0.0,89.0,18.0,2.0,80.0,27.0,2.0,52.0,54.0,3.0,60.0,46.0,3.0,105.0,2.0,2.0,0.0,12.0,68.0,28.0,1.0,Não Atingiu a média
113,23075791,2017,1,2,2303,23016,23,2304400,230440005,2,1,1.0,1.0,1.0,0.0,0.0,0.0,0.0,0.0,0.0,0.0,0.0,0.0,0.0,1.0,1.0,0.0,0.0,0.0,0.0,1.0,0.0,0.0,0.0,0.0,1.0,0.0,1.0,0.0,0.0,0.0,0.0,0.0,1.0,1.0,1.0,1.0,1.0,1.0,1.0,1.0,1.0,1.0,0.0,1.0,0.0,0.0,0.0,1.0,0.0,1.0,1.0,1.0,1.0,0.0,1.0,1.0,1.0,1.0,0.0,0.0,0.0,1.0,0.0,0.0,14.0,14.0,1.0,0.0,1.0,0.0,1.0,0.0,1.0,0.0,1.0,1.0,0.0,0.0,1.0,3.0,0.0,1.0,0.0,1.0,0.0,1.0,0.0,2.0,2.0,0.0,0.0,49.0,10.0,39.0,1.0,1.0,130.0,1.0,1.0,0.0,0.0,0.0,0.0,1.0,0.0,0.0,1.0,0.0,1.0,0.0,0.0,0.0,1.0,1.0,0.0,0.0,0.0,0.0,0.0,1.0,0.0,0.0,0.0,0.0,0.0,0.0,0.0,0.0,0.0,0.0,1.0,0.0,0.0,0.0,0.0,0.0,0.0,31.0,34.0,134.0,6.0,3.0,13.0,0.0,2.0,65.0,90.0,34.0,17.0,6.0,7.0,5.0,216.0,0.0,221.0,90.0,131.0,146.0,66.0,9.0,133.0,77.0,11.0,0.0,148.0,73.0,4.0,31.0,116.0,58.0,12.0,0.0,22.0,50.0,77.0,44.0,28.0,206.0,11.0,3.0,1.0,0.0,187.0,25.0,9.0,9.0,40.0,44.0,46.0,48.0,10.0,24.0,198.0,23.0,162.0,59.0,124.0,88.0,9.0,15.0,38.0,30.0,33.0,41.0,4.0,60.0,171.0,50.0,112.0,109.0,134.0,62.0,25.0,215.0,6.0,190.0,31.0,178.0,43.0,216.0,5.0,128.0,93.0,60.0,130.0,31.0,154.0,60.0,7.0,32.0,61.0,43.0,81.0,4.0,73.0,78.0,20.0,19.0,31.0,50.0,171.0,98.0,110.0,11.0,2.0,205.0,2.0,14.0,150.0,55.0,16.0,192.0,25.0,4.0,24.0,197.0,185.0,36.0,153.0,65.0,2.0,1.0,190.0,28.0,3.0,125.0,90.0,6.0,202.0,16.0,3.0,196.0,23.0,0.0,2.0,112.0,109.0,125.0,89.0,6.0,1.0,210.0,11.0,0.0,173.0,48.0,0.0,147.0,74.0,0.0,191.0,30.0,0.0,193.0,26.0,1.0,1.0,30.0,141.0,50.0,0.0,Não Atingiu a média
114,23063599,2017,1,2,2303,23016,23,2303709,230370905,2,1,1.0,1.0,1.0,0.0,0.0,0.0,0.0,0.0,0.0,0.0,0.0,0.0,0.0,1.0,1.0,0.0,0.0,0.0,0.0,1.0,0.0,0.0,0.0,1.0,0.0,0.0,1.0,0.0,0.0,0.0,0.0,0.0,1.0,1.0,1.0,0.0,0.0,0.0,0.0,0.0,1.0,0.0,0.0,0.0,0.0,0.0,0.0,0.0,0.0,1.0,0.0,1.0,0.0,0.0,1.0,1.0,0.0,1.0,1.0,0.0,0.0,0.0,0.0,0.0,8.0,8.0,1.0,0.0,1.0,0.0,1.0,0.0,1.0,0.0,1.0,1.0,0.0,1.0,1.0,2.0,0.0,1.0,0.0,1.0,0.0,1.0,0.0,1.0,2.0,0.0,1.0,12.0,3.0,9.0,1.0,1.0,58.0,1.0,0.0,0.0,0.0,0.0,0.0,1.0,0.0,0.0,1.0,0.0,1.0,0.0,0.0,0.0,1.0,1.0,1.0,0.0,0.0,0.0,0.0,1.0,0.0,0.0,0.0,0.0,0.0,0.0,0.0,0.0,0.0,0.0,1.0,1.0,0.0,0.0,0.0,0.0,0.0,28.0,7.0,147.0,11.0,5.0,6.0,0.0,0.0,62.0,66.0,39.0,14.0,4.0,19.0,7.0,197.0,3.0,201.0,109.0,95.0,153.0,49.0,2.0,131.0,58.0,15.0,1.0,135.0,68.0,1.0,30.0,98.0,64.0,11.0,0.0,17.0,45.0,59.0,46.0,37.0,187.0,11.0,5.0,1.0,0.0,158.0,33.0,13.0,3.0,52.0,28.0,37.0,58.0,7.0,19.0,183.0,21.0,148.0,56.0,105.0,88.0,11.0,12.0,30.0,30.0,31.0,40.0,13.0,48.0,166.0,38.0,121.0,83.0,88.0,71.0,45.0,201.0,3.0,172.0,32.0,169.0,35.0,194.0,10.0,124.0,80.0,62.0,117.0,25.0,146.0,53.0,5.0,33.0,59.0,27.0,76.0,9.0,51.0,90.0,24.0,17.0,22.0,38.0,166.0,146.0,49.0,5.0,4.0,193.0,5.0,6.0,130.0,61.0,13.0,173.0,25.0,6.0,24.0,180.0,188.0,16.0,126.0,71.0,4.0,3.0,162.0,36.0,6.0,125.0,74.0,5.0,186.0,14.0,4.0,173.0,27.0,1.0,3.0,131.0,73.0,105.0,91.0,8.0,0.0,190.0,12.0,2.0,141.0,61.0,2.0,131.0,71.0,2.0,172.0,30.0,2.0,193.0,9.0,0.0,2.0,19.0,76.0,103.0,6.0,Não Atingiu a média
115,23227877,2017,1,2,2303,23016,23,2304400,230440005,2,1,1.0,1.0,3.0,0.0,0.0,0.0,0.0,0.0,0.0,0.0,0.0,0.0,0.0,1.0,1.0,0.0,0.0,0.0,0.0,1.0,0.0,0.0,0.0,1.0,0.0,0.0,1.0,0.0,0.0,0.0,0.0,0.0,1.0,1.0,1.0,1.0,0.0,0.0,0.0,0.0,1.0,0.0,0.0,0.0,0.0,0.0,0.0,1.0,0.0,0.0,0.0,1.0,1.0,0.0,1.0,1.0,0.0,0.0,0.0,0.0,0.0,0.0,0.0,0.0,6.0,6.0,0.0,0.0,0.0,0.0,0.0,0.0,0.0,0.0,0.0,0.0,0.0,0.0,1.0,0.0,0.0,0.0,0.0,0.0,0.0,0.0,0.0,0.0,0.0,0.0,0.0,22.0,6.0,14.0,1.0,1.0,49.0,1.0,0.0,1.0,0.0,0.0,0.0,1.0,0.0,0.0,1.0,0.0,1.0,0.0,0.0,0.0,1.0,1.0,0.0,0.0,0.0,0.0,1.0,1.0,0.0,0.0,0.0,0.0,0.0,0.0,0.0,0.0,0.0,0.0,1.0,0.0,0.0,0.0,0.0,0.0,0.0,12.0,5.0,41.0,3.0,2.0,2.0,0.0,1.0,20.0,26.0,7.0,7.0,1.0,3.0,1.0,64.0,1.0,64.0,23.0,42.0,42.0,19.0,4.0,36.0,24.0,5.0,1.0,47.0,17.0,3.0,14.0,32.0,9.0,7.0,2.0,12.0,9.0,22.0,8.0,12.0,56.0,9.0,0.0,0.0,0.0,49.0,12.0,4.0,1.0,16.0,13.0,12.0,10.0,1.0,12.0,58.0,7.0,48.0,17.0,37.0,22.0,6.0,3.0,15.0,10.0,9.0,11.0,0.0,17.0,50.0,15.0,35.0,30.0,34.0,19.0,12.0,63.0,2.0,59.0,6.0,55.0,10.0,65.0,0.0,40.0,25.0,19.0,34.0,12.0,49.0,12.0,4.0,11.0,16.0,11.0,26.0,1.0,20.0,20.0,9.0,11.0,5.0,22.0,43.0,41.0,18.0,6.0,0.0,57.0,2.0,6.0,45.0,16.0,4.0,57.0,6.0,2.0,17.0,48.0,54.0,11.0,34.0,25.0,5.0,1.0,58.0,7.0,0.0,41.0,23.0,1.0,59.0,4.0,2.0,51.0,14.0,0.0,0.0,43.0,22.0,54.0,11.0,0.0,0.0,62.0,3.0,0.0,52.0,11.0,2.0,44.0,19.0,2.0,45.0,17.0,3.0,60.0,4.0,0.0,1.0,11.0,39.0,15.0,0.0,Não Atingiu a média
116,23036710,2017,1,2,2302,23008,23,2306405,230640505,2,1,2.0,1.0,1.0,0.0,0.0,0.0,0.0,0.0,0.0,0.0,1.0,0.0,0.0,1.0,0.0,1.0,0.0,0.0,0.0,1.0,0.0,0.0,0.0,0.0,1.0,0.0,1.0,0.0,0.0,0.0,0.0,0.0,1.0,1.0,1.0,1.0,0.0,1.0,0.0,1.0,1.0,0.0,1.0,1.0,0.0,0.0,0.0,1.0,0.0,1.0,1.0,1.0,1.0,1.0,1.0,1.0,0.0,0.0,0.0,0.0,0.0,0.0,0.0,0.0,11.0,11.0,1.0,0.0,1.0,0.0,1.0,0.0,0.0,1.0,1.0,1.0,0.0,1.0,1.0,1.0,0.0,1.0,0.0,1.0,0.0,0.0,1.0,2.0,2.0,0.0,1.0,21.0,6.0,15.0,1.0,0.0,40.0,1.0,0.0,0.0,0.0,0.0,0.0,1.0,0.0,0.0,1.0,0.0,1.0,0.0,0.0,0.0,1.0,0.0,0.0,0.0,0.0,0.0,0.0,1.0,0.0,0.0,0.0,0.0,0.0,0.0,0.0,0.0,0.0,0.0,0.0,0.0,0.0,0.0,0.0,0.0,0.0,28.0,20.0,126.0,7.0,2.0,12.0,0.0,4.0,80.0,70.0,25.0,9.0,5.0,2.0,14.0,181.0,4.0,191.0,176.0,19.0,180.0,13.0,2.0,174.0,17.0,4.0,14.0,160.0,21.0,3.0,23.0,84.0,60.0,25.0,0.0,11.0,20.0,53.0,38.0,73.0,177.0,13.0,4.0,1.0,0.0,175.0,13.0,7.0,5.0,49.0,43.0,28.0,16.0,10.0,44.0,174.0,21.0,153.0,42.0,140.0,48.0,7.0,20.0,47.0,39.0,9.0,13.0,3.0,64.0,134.0,61.0,101.0,94.0,153.0,39.0,3.0,192.0,3.0,186.0,9.0,179.0,16.0,191.0,4.0,146.0,49.0,67.0,119.0,9.0,101.0,79.0,15.0,58.0,57.0,20.0,39.0,21.0,73.0,56.0,17.0,27.0,22.0,24.0,171.0,134.0,43.0,13.0,5.0,188.0,1.0,6.0,154.0,28.0,13.0,185.0,8.0,2.0,87.0,108.0,172.0,23.0,132.0,58.0,4.0,1.0,178.0,16.0,1.0,102.0,87.0,6.0,137.0,57.0,1.0,172.0,20.0,2.0,1.0,148.0,47.0,110.0,72.0,10.0,3.0,178.0,15.0,2.0,140.0,51.0,4.0,133.0,59.0,3.0,112.0,80.0,3.0,164.0,25.0,3.0,3.0,53.0,79.0,39.0,24.0,Não Atingiu a média
117,23142375,2017,1,2,2306,23026,23,2305506,230550605,2,1,1.0,1.0,1.0,0.0,0.0,0.0,0.0,0.0,0.0,0.0,0.0,0.0,0.0,1.0,1.0,0.0,0.0,0.0,0.0,1.0,0.0,0.0,0.0,0.0,1.0,0.0,1.0,0.0,0.0,0.0,0.0,0.0,1.0,1.0,1.0,1.0,1.0,1.0,0.0,1.0,1.0,1.0,0.0,1.0,0.0,0.0,0.0,1.0,0.0,1.0,0.0,1.0,1.0,0.0,0.0,1.0,0.0,1.0,0.0,0.0,0.0,0.0,0.0,0.0,8.0,8.0,1.0,0.0,1.0,1.0,0.0,0.0,0.0,1.0,1.0,1.0,0.0,1.0,1.0,2.0,0.0,2.0,1.0,0.0,0.0,0.0,2.0,2.0,1.0,0.0,1.0,25.0,2.0,17.0,1.0,1.0,41.0,1.0,1.0,0.0,0.0,0.0,0.0,1.0,0.0,0.0,1.0,0.0,1.0,0.0,0.0,0.0,1.0,0.0,0.0,0.0,0.0,0.0,0.0,1.0,0.0,0.0,0.0,0.0,0.0,0.0,0.0,0.0,0.0,0.0,0.0,0.0,0.0,0.0,0.0,0.0,0.0,13.0,7.0,50.0,2.0,0.0,5.0,0.0,0.0,23.0,32.0,13.0,6.0,1.0,2.0,2.0,75.0,2.0,75.0,40.0,37.0,60.0,16.0,1.0,54.0,16.0,7.0,1.0,54.0,22.0,1.0,13.0,53.0,9.0,1.0,1.0,16.0,21.0,19.0,12.0,8.0,73.0,2.0,2.0,0.0,0.0,56.0,20.0,1.0,3.0,16.0,14.0,12.0,15.0,2.0,15.0,67.0,10.0,52.0,25.0,38.0,36.0,3.0,4.0,17.0,12.0,6.0,9.0,2.0,27.0,58.0,19.0,39.0,38.0,58.0,14.0,5.0,70.0,7.0,62.0,15.0,64.0,13.0,71.0,6.0,52.0,25.0,19.0,49.0,9.0,51.0,21.0,5.0,12.0,19.0,15.0,28.0,3.0,24.0,27.0,4.0,7.0,15.0,11.0,66.0,49.0,26.0,1.0,1.0,74.0,2.0,1.0,58.0,15.0,4.0,70.0,5.0,2.0,10.0,67.0,65.0,12.0,37.0,37.0,3.0,0.0,64.0,12.0,1.0,39.0,37.0,1.0,71.0,5.0,1.0,50.0,21.0,5.0,1.0,47.0,30.0,37.0,29.0,11.0,0.0,67.0,10.0,0.0,59.0,18.0,0.0,47.0,30.0,0.0,69.0,8.0,0.0,66.0,10.0,1.0,0.0,19.0,44.0,14.0,0.0,Atingiu a média
118,23080132,2017,1,2,2303,23016,23,2307650,230765005,2,1,2.0,1.0,1.0,0.0,0.0,0.0,0.0,0.0,0.0,0.0,0.0,0.0,0.0,1.0,1.0,0.0,0.0,0.0,0.0,1.0,0.0,0.0,0.0,1.0,0.0,0.0,1.0,0.0,0.0,0.0,0.0,0.0,1.0,1.0,1.0,1.0,1.0,1.0,0.0,1.0,1.0,0.0,1.0,1.0,0.0,0.0,0.0,1.0,0.0,1.0,1.0,1.0,1.0,0.0,1.0,1.0,0.0,1.0,0.0,0.0,0.0,1.0,0.0,0.0,8.0,8.0,1.0,0.0,0.0,0.0,1.0,0.0,0.0,1.0,1.0,1.0,0.0,1.0,1.0,2.0,0.0,0.0,0.0,1.0,0.0,0.0,2.0,1.0,2.0,0.0,1.0,49.0,10.0,39.0,1.0,1.0,49.0,1.0,1.0,0.0,0.0,0.0,0.0,1.0,0.0,0.0,0.0,0.0,1.0,0.0,0.0,0.0,1.0,1.0,1.0,0.0,0.0,0.0,0.0,1.0,0.0,0.0,0.0,0.0,0.0,0.0,0.0,0.0,0.0,0.0,1.0,1.0,0.0,0.0,0.0,0.0,0.0,23.0,16.0,118.0,13.0,5.0,16.0,0.0,6.0,58.0,97.0,20.0,4.0,1.0,5.0,6.0,185.0,2.0,189.0,75.0,116.0,133.0,52.0,6.0,101.0,78.0,12.0,2.0,139.0,50.0,4.0,27.0,110.0,39.0,11.0,1.0,31.0,39.0,61.0,34.0,25.0,174.0,13.0,4.0,0.0,0.0,160.0,23.0,8.0,2.0,20.0,32.0,34.0,77.0,6.0,20.0,178.0,13.0,159.0,32.0,94.0,89.0,8.0,2.0,18.0,21.0,24.0,65.0,6.0,55.0,172.0,19.0,120.0,71.0,85.0,76.0,30.0,184.0,7.0,170.0,21.0,163.0,28.0,186.0,5.0,123.0,68.0,48.0,114.0,29.0,129.0,56.0,6.0,22.0,48.0,38.0,78.0,5.0,66.0,82.0,8.0,16.0,19.0,37.0,154.0,100.0,85.0,5.0,1.0,168.0,5.0,18.0,140.0,42.0,9.0,172.0,14.0,5.0,27.0,164.0,159.0,32.0,109.0,66.0,9.0,7.0,157.0,29.0,5.0,111.0,74.0,6.0,158.0,28.0,5.0,158.0,23.0,2.0,8.0,119.0,72.0,87.0,80.0,19.0,5.0,165.0,18.0,8.0,124.0,55.0,12.0,110.0,70.0,11.0,132.0,46.0,13.0,145.0,28.0,9.0,9.0,18.0,83.0,89.0,1.0,Não Atingiu a média
119,23125012,2017,1,2,2305,23022,23,2304459,230445905,2,1,1.0,1.0,1.0,0.0,0.0,0.0,0.0,0.0,0.0,0.0,0.0,0.0,0.0,1.0,1.0,0.0,1.0,0.0,0.0,1.0,0.0,0.0,0.0,0.0,0.0,1.0,1.0,0.0,0.0,0.0,0.0,0.0,1.0,1.0,1.0,1.0,1.0,1.0,0.0,1.0,1.0,1.0,0.0,1.0,0.0,0.0,0.0,1.0,0.0,0.0,1.0,1.0,0.0,0.0,1.0,1.0,0.0,1.0,1.0,0.0,0.0,0.0,0.0,0.0,6.0,6.0,0.0,0.0,1.0,1.0,1.0,0.0,1.0,1.0,1.0,1.0,0.0,1.0,1.0,0.0,0.0,1.0,2.0,1.0,0.0,1.0,1.0,1.0,4.0,0.0,2.0,31.0,9.0,22.0,1.0,1.0,41.0,1.0,1.0,0.0,0.0,0.0,0.0,1.0,0.0,0.0,0.0,0.0,1.0,0.0,0.0,0.0,1.0,0.0,0.0,0.0,0.0,0.0,0.0,1.0,0.0,0.0,0.0,0.0,0.0,0.0,0.0,0.0,0.0,0.0,0.0,0.0,0.0,0.0,0.0,0.0,0.0,16.0,11.0,81.0,1.0,2.0,4.0,1.0,1.0,33.0,43.0,18.0,11.0,4.0,4.0,8.0,107.0,5.0,110.0,74.0,41.0,96.0,17.0,2.0,93.0,18.0,4.0,4.0,86.0,25.0,3.0,11.0,58.0,36.0,7.0,1.0,17.0,31.0,21.0,25.0,20.0,106.0,7.0,1.0,1.0,0.0,91.0,19.0,5.0,7.0,35.0,29.0,11.0,15.0,4.0,14.0,93.0,22.0,79.0,36.0,62.0,49.0,4.0,12.0,31.0,21.0,8.0,10.0,1.0,32.0,89.0,26.0,53.0,62.0,65.0,37.0,13.0,113.0,2.0,100.0,15.0,97.0,18.0,109.0,6.0,77.0,38.0,29.0,68.0,18.0,71.0,39.0,5.0,26.0,22.0,16.0,44.0,7.0,30.0,42.0,14.0,6.0,23.0,19.0,96.0,79.0,34.0,1.0,1.0,112.0,2.0,1.0,78.0,24.0,13.0,102.0,12.0,1.0,20.0,95.0,94.0,21.0,61.0,49.0,3.0,2.0,92.0,21.0,2.0,60.0,52.0,3.0,94.0,18.0,3.0,95.0,17.0,2.0,1.0,54.0,61.0,46.0,56.0,12.0,1.0,98.0,15.0,2.0,84.0,28.0,3.0,64.0,49.0,2.0,86.0,26.0,3.0,84.0,27.0,2.0,2.0,29.0,52.0,34.0,0.0,Não Atingiu a média
120,23067233,2017,1,2,2303,23016,23,2304400,230440005,2,1,2.0,1.0,1.0,0.0,0.0,0.0,0.0,0.0,0.0,0.0,0.0,0.0,0.0,1.0,1.0,0.0,0.0,0.0,0.0,1.0,0.0,0.0,0.0,1.0,0.0,0.0,1.0,0.0,0.0,0.0,0.0,0.0,1.0,1.0,1.0,1.0,0.0,1.0,0.0,1.0,1.0,1.0,0.0,1.0,0.0,0.0,0.0,1.0,0.0,1.0,1.0,1.0,1.0,0.0,1.0,1.0,0.0,1.0,0.0,0.0,0.0,0.0,0.0,0.0,8.0,8.0,1.0,1.0,1.0,1.0,1.0,1.0,1.0,1.0,1.0,1.0,1.0,1.0,1.0,3.0,1.0,1.0,1.0,1.0,1.0,1.0,1.0,1.0,1.0,1.0,1.0,14.0,4.0,10.0,1.0,1.0,66.0,1.0,0.0,0.0,0.0,0.0,0.0,1.0,0.0,0.0,0.0,0.0,1.0,0.0,0.0,0.0,1.0,0.0,0.0,0.0,0.0,0.0,1.0,1.0,0.0,0.0,0.0,0.0,0.0,0.0,0.0,0.0,0.0,0.0,0.0,0.0,0.0,0.0,0.0,0.0,0.0,11.0,2.0,52.0,6.0,2.0,4.0,0.0,0.0,33.0,32.0,8.0,4.0,0.0,0.0,2.0,75.0,0.0,77.0,37.0,40.0,52.0,20.0,5.0,39.0,34.0,4.0,1.0,59.0,17.0,3.0,19.0,42.0,10.0,3.0,0.0,12.0,19.0,24.0,13.0,9.0,73.0,2.0,1.0,1.0,0.0,58.0,14.0,5.0,1.0,9.0,8.0,15.0,31.0,4.0,9.0,75.0,2.0,62.0,15.0,32.0,41.0,4.0,2.0,8.0,5.0,5.0,30.0,2.0,25.0,67.0,10.0,46.0,31.0,34.0,34.0,9.0,76.0,1.0,70.0,7.0,67.0,10.0,76.0,1.0,36.0,41.0,22.0,46.0,9.0,58.0,18.0,1.0,7.0,18.0,12.0,39.0,1.0,19.0,37.0,9.0,5.0,7.0,11.0,66.0,36.0,37.0,4.0,0.0,70.0,0.0,7.0,53.0,16.0,8.0,75.0,2.0,0.0,6.0,71.0,56.0,21.0,44.0,30.0,3.0,0.0,63.0,13.0,1.0,43.0,33.0,1.0,68.0,8.0,1.0,58.0,19.0,0.0,0.0,38.0,39.0,56.0,16.0,2.0,3.0,68.0,7.0,2.0,56.0,19.0,2.0,53.0,22.0,2.0,61.0,14.0,2.0,64.0,11.0,0.0,2.0,7.0,31.0,37.0,2.0,Atingiu a média
121,23078758,2017,1,2,2303,23016,23,2304400,230440005,2,1,1.0,1.0,1.0,0.0,0.0,0.0,0.0,0.0,0.0,0.0,0.0,0.0,0.0,1.0,1.0,0.0,0.0,0.0,0.0,1.0,0.0,0.0,0.0,1.0,1.0,0.0,1.0,0.0,0.0,0.0,0.0,0.0,1.0,1.0,1.0,1.0,1.0,1.0,0.0,1.0,1.0,1.0,1.0,1.0,0.0,0.0,0.0,1.0,0.0,1.0,0.0,1.0,0.0,0.0,0.0,0.0,0.0,1.0,0.0,0.0,0.0,0.0,0.0,0.0,10.0,10.0,1.0,0.0,1.0,0.0,1.0,1.0,1.0,1.0,1.0,1.0,0.0,1.0,1.0,3.0,0.0,2.0,0.0,4.0,1.0,6.0,6.0,9.0,9.0,0.0,2.0,26.0,6.0,20.0,1.0,1.0,55.0,1.0,1.0,0.0,0.0,0.0,0.0,1.0,0.0,0.0,0.0,0.0,1.0,0.0,0.0,0.0,1.0,0.0,0.0,0.0,0.0,0.0,1.0,1.0,0.0,0.0,0.0,0.0,0.0,0.0,0.0,0.0,0.0,0.0,0.0,0.0,0.0,0.0,0.0,0.0,0.0,4.0,3.0,28.0,0.0,3.0,3.0,0.0,0.0,15.0,13.0,10.0,1.0,1.0,1.0,0.0,41.0,0.0,41.0,16.0,25.0,27.0,11.0,3.0,21.0,16.0,4.0,0.0,26.0,15.0,0.0,3.0,27.0,9.0,2.0,0.0,4.0,10.0,14.0,9.0,4.0,39.0,2.0,0.0,0.0,0.0,35.0,4.0,2.0,0.0,9.0,8.0,4.0,13.0,3.0,4.0,39.0,2.0,36.0,5.0,26.0,12.0,3.0,0.0,8.0,8.0,9.0,7.0,1.0,8.0,37.0,4.0,27.0,14.0,24.0,12.0,5.0,41.0,0.0,39.0,2.0,32.0,9.0,40.0,1.0,27.0,14.0,9.0,28.0,4.0,26.0,14.0,1.0,6.0,6.0,9.0,20.0,0.0,13.0,16.0,3.0,3.0,6.0,3.0,38.0,20.0,16.0,5.0,0.0,38.0,0.0,3.0,18.0,17.0,6.0,41.0,0.0,0.0,8.0,33.0,34.0,7.0,33.0,6.0,1.0,1.0,38.0,1.0,2.0,24.0,16.0,1.0,35.0,5.0,1.0,40.0,0.0,0.0,1.0,16.0,25.0,25.0,13.0,3.0,0.0,40.0,1.0,0.0,37.0,4.0,0.0,29.0,12.0,0.0,35.0,6.0,0.0,40.0,1.0,0.0,0.0,8.0,26.0,7.0,0.0,Atingiu a média
122,23165278,2017,1,2,2307,23032,23,2307304,230730405,2,1,2.0,1.0,1.0,0.0,0.0,0.0,0.0,0.0,0.0,0.0,0.0,0.0,0.0,1.0,1.0,0.0,1.0,0.0,0.0,1.0,0.0,0.0,0.0,1.0,1.0,0.0,1.0,0.0,0.0,0.0,0.0,0.0,1.0,1.0,0.0,1.0,0.0,1.0,0.0,1.0,1.0,0.0,0.0,0.0,0.0,0.0,0.0,1.0,0.0,0.0,0.0,0.0,0.0,0.0,1.0,1.0,1.0,0.0,0.0,0.0,0.0,0.0,1.0,0.0,17.0,28.0,1.0,0.0,0.0,0.0,0.0,0.0,1.0,0.0,0.0,0.0,0.0,0.0,1.0,1.0,0.0,0.0,0.0,0.0,0.0,4.0,0.0,0.0,0.0,0.0,0.0,39.0,15.0,24.0,1.0,1.0,78.0,1.0,0.0,0.0,0.0,0.0,0.0,1.0,0.0,0.0,1.0,0.0,1.0,0.0,0.0,0.0,1.0,0.0,0.0,0.0,0.0,0.0,1.0,1.0,0.0,0.0,0.0,0.0,0.0,0.0,0.0,0.0,0.0,0.0,0.0,0.0,0.0,0.0,0.0,0.0,0.0,21.0,19.0,73.0,1.0,1.0,7.0,0.0,2.0,54.0,56.0,7.0,2.0,1.0,0.0,2.0,120.0,2.0,120.0,55.0,67.0,69.0,49.0,4.0,50.0,59.0,13.0,0.0,69.0,53.0,0.0,5.0,59.0,51.0,7.0,0.0,10.0,24.0,38.0,32.0,18.0,114.0,8.0,0.0,0.0,0.0,113.0,4.0,5.0,1.0,16.0,17.0,21.0,46.0,16.0,5.0,121.0,1.0,103.0,19.0,81.0,41.0,0.0,7.0,11.0,12.0,14.0,41.0,12.0,25.0,104.0,18.0,75.0,47.0,85.0,31.0,6.0,118.0,4.0,114.0,8.0,101.0,21.0,121.0,1.0,94.0,28.0,41.0,71.0,10.0,90.0,28.0,4.0,12.0,33.0,31.0,43.0,3.0,47.0,41.0,9.0,14.0,11.0,13.0,109.0,82.0,36.0,4.0,0.0,97.0,3.0,22.0,104.0,12.0,6.0,117.0,3.0,2.0,12.0,110.0,105.0,17.0,105.0,17.0,0.0,0.0,109.0,13.0,0.0,84.0,38.0,0.0,111.0,11.0,0.0,114.0,8.0,0.0,0.0,87.0,35.0,84.0,38.0,0.0,0.0,117.0,5.0,0.0,98.0,24.0,0.0,101.0,21.0,0.0,110.0,12.0,0.0,119.0,3.0,0.0,0.0,12.0,79.0,31.0,0.0,Atingiu a média
123,23545755,2017,1,2,2306,23026,23,2305407,230540705,2,2,1.0,1.0,3.0,0.0,0.0,0.0,0.0,0.0,0.0,0.0,1.0,0.0,0.0,1.0,1.0,0.0,0.0,0.0,0.0,1.0,0.0,0.0,0.0,0.0,1.0,0.0,1.0,0.0,1.0,0.0,0.0,0.0,0.0,0.0,1.0,0.0,0.0,0.0,1.0,1.0,1.0,0.0,0.0,0.0,0.0,0.0,0.0,1.0,0.0,0.0,0.0,0.0,0.0,0.0,1.0,0.0,0.0,1.0,0.0,0.0,0.0,0.0,0.0,0.0,4.0,7.0,1.0,0.0,1.0,0.0,0.0,0.0,1.0,1.0,1.0,1.0,1.0,0.0,1.0,1.0,0.0,1.0,0.0,0.0,0.0,1.0,1.0,1.0,1.0,1.0,0.0,9.0,3.0,6.0,1.0,1.0,35.0,1.0,0.0,0.0,0.0,0.0,0.0,1.0,0.0,0.0,1.0,0.0,1.0,0.0,0.0,0.0,1.0,0.0,0.0,0.0,0.0,0.0,0.0,1.0,0.0,0.0,0.0,0.0,0.0,0.0,0.0,0.0,0.0,0.0,0.0,0.0,0.0,0.0,0.0,0.0,0.0,23.0,3.0,64.0,3.0,0.0,5.0,0.0,1.0,38.0,42.0,10.0,3.0,3.0,1.0,1.0,97.0,3.0,95.0,76.0,22.0,70.0,27.0,1.0,75.0,21.0,2.0,2.0,87.0,9.0,0.0,10.0,50.0,32.0,6.0,1.0,12.0,24.0,31.0,19.0,11.0,94.0,2.0,2.0,0.0,0.0,83.0,13.0,2.0,5.0,32.0,21.0,12.0,14.0,4.0,10.0,81.0,17.0,66.0,32.0,73.0,22.0,3.0,17.0,31.0,22.0,7.0,5.0,0.0,16.0,57.0,41.0,43.0,55.0,83.0,13.0,2.0,96.0,2.0,91.0,7.0,87.0,11.0,97.0,1.0,84.0,14.0,32.0,57.0,9.0,57.0,37.0,4.0,37.0,32.0,10.0,12.0,7.0,25.0,21.0,11.0,19.0,22.0,6.0,92.0,27.0,60.0,6.0,5.0,96.0,2.0,0.0,72.0,24.0,2.0,89.0,8.0,1.0,31.0,67.0,88.0,10.0,71.0,21.0,1.0,5.0,83.0,9.0,6.0,49.0,46.0,3.0,81.0,14.0,3.0,83.0,10.0,2.0,3.0,80.0,18.0,76.0,17.0,4.0,1.0,92.0,4.0,2.0,71.0,25.0,2.0,68.0,29.0,1.0,66.0,31.0,1.0,90.0,6.0,0.0,2.0,5.0,21.0,21.0,51.0,Não Atingiu a média
124,23059699,2017,1,2,2302,23015,23,2303501,230350105,2,1,1.0,1.0,1.0,0.0,0.0,0.0,0.0,0.0,0.0,0.0,1.0,0.0,0.0,1.0,0.0,1.0,0.0,0.0,0.0,1.0,0.0,0.0,0.0,0.0,1.0,0.0,1.0,0.0,0.0,0.0,0.0,0.0,1.0,1.0,1.0,1.0,1.0,1.0,0.0,1.0,1.0,1.0,0.0,1.0,0.0,0.0,0.0,1.0,0.0,1.0,1.0,1.0,0.0,0.0,1.0,1.0,1.0,1.0,0.0,0.0,0.0,0.0,0.0,0.0,15.0,18.0,1.0,0.0,1.0,1.0,0.0,1.0,1.0,1.0,1.0,1.0,0.0,1.0,1.0,2.0,0.0,1.0,1.0,0.0,1.0,1.0,1.0,2.0,1.0,0.0,1.0,33.0,7.0,26.0,1.0,1.0,85.0,1.0,1.0,0.0,0.0,0.0,0.0,1.0,0.0,0.0,1.0,0.0,1.0,0.0,0.0,0.0,1.0,1.0,0.0,0.0,0.0,0.0,0.0,1.0,0.0,0.0,0.0,0.0,0.0,0.0,0.0,0.0,0.0,0.0,1.0,0.0,0.0,0.0,0.0,0.0,0.0,52.0,18.0,256.0,14.0,12.0,17.0,0.0,1.0,116.0,153.0,57.0,21.0,3.0,18.0,12.0,357.0,6.0,363.0,267.0,102.0,288.0,73.0,8.0,304.0,57.0,8.0,4.0,278.0,87.0,8.0,60.0,191.0,96.0,14.0,1.0,38.0,94.0,106.0,74.0,56.0,334.0,24.0,7.0,3.0,1.0,311.0,48.0,10.0,19.0,105.0,61.0,60.0,60.0,10.0,54.0,307.0,62.0,266.0,103.0,192.0,165.0,12.0,34.0,86.0,55.0,34.0,52.0,6.0,102.0,264.0,105.0,191.0,178.0,189.0,132.0,48.0,355.0,14.0,340.0,29.0,323.0,46.0,349.0,20.0,247.0,122.0,114.0,186.0,69.0,232.0,114.0,23.0,107.0,89.0,50.0,98.0,25.0,122.0,129.0,25.0,29.0,64.0,64.0,305.0,229.0,123.0,15.0,2.0,350.0,2.0,17.0,240.0,86.0,43.0,336.0,26.0,7.0,71.0,298.0,322.0,47.0,232.0,114.0,17.0,6.0,318.0,44.0,7.0,187.0,172.0,10.0,304.0,60.0,5.0,321.0,38.0,4.0,6.0,218.0,151.0,184.0,148.0,30.0,7.0,322.0,39.0,8.0,284.0,79.0,6.0,196.0,164.0,9.0,238.0,123.0,8.0,319.0,41.0,2.0,7.0,78.0,197.0,92.0,2.0,Não Atingiu a média
125,23128208,2017,1,2,2305,23023,23,2307601,230760105,2,1,1.0,1.0,1.0,0.0,0.0,0.0,0.0,0.0,0.0,0.0,0.0,0.0,0.0,1.0,1.0,0.0,0.0,0.0,0.0,1.0,0.0,0.0,0.0,1.0,0.0,0.0,1.0,0.0,0.0,0.0,0.0,0.0,1.0,1.0,1.0,1.0,0.0,1.0,0.0,1.0,1.0,1.0,0.0,1.0,0.0,0.0,0.0,1.0,0.0,1.0,0.0,1.0,1.0,0.0,0.0,1.0,0.0,1.0,0.0,0.0,0.0,0.0,0.0,0.0,14.0,14.0,1.0,0.0,0.0,0.0,1.0,0.0,1.0,1.0,1.0,1.0,1.0,1.0,1.0,2.0,0.0,0.0,0.0,1.0,0.0,1.0,4.0,6.0,3.0,1.0,3.0,44.0,10.0,34.0,1.0,1.0,67.0,1.0,0.0,0.0,0.0,0.0,0.0,1.0,0.0,0.0,0.0,0.0,1.0,0.0,0.0,0.0,1.0,1.0,1.0,0.0,0.0,0.0,0.0,1.0,0.0,0.0,0.0,0.0,0.0,0.0,0.0,0.0,0.0,0.0,1.0,1.0,0.0,0.0,0.0,0.0,0.0,42.0,31.0,154.0,7.0,3.0,8.0,0.0,4.0,76.0,86.0,37.0,15.0,15.0,12.0,17.0,228.0,2.0,243.0,118.0,127.0,185.0,54.0,6.0,143.0,88.0,14.0,0.0,176.0,69.0,0.0,17.0,142.0,66.0,20.0,4.0,34.0,58.0,66.0,47.0,36.0,231.0,10.0,3.0,0.0,1.0,202.0,38.0,5.0,7.0,65.0,46.0,42.0,46.0,6.0,33.0,216.0,29.0,191.0,54.0,128.0,106.0,11.0,29.0,64.0,40.0,23.0,24.0,2.0,63.0,174.0,71.0,118.0,127.0,98.0,91.0,56.0,242.0,3.0,212.0,33.0,194.0,51.0,237.0,8.0,131.0,114.0,68.0,137.0,40.0,150.0,85.0,10.0,46.0,67.0,47.0,69.0,16.0,67.0,88.0,23.0,26.0,41.0,56.0,189.0,135.0,84.0,25.0,1.0,235.0,2.0,8.0,153.0,60.0,32.0,217.0,22.0,6.0,30.0,215.0,175.0,70.0,151.0,83.0,9.0,2.0,210.0,31.0,4.0,112.0,129.0,4.0,201.0,39.0,5.0,198.0,41.0,3.0,3.0,125.0,120.0,142.0,82.0,20.0,1.0,220.0,23.0,2.0,173.0,70.0,2.0,159.0,84.0,2.0,161.0,82.0,2.0,184.0,53.0,7.0,1.0,63.0,121.0,61.0,0.0,Não Atingiu a média
126,23026596,2017,1,2,2301,23006,23,2305803,230580305,2,1,2.0,1.0,1.0,0.0,0.0,0.0,0.0,0.0,0.0,0.0,0.0,0.0,0.0,1.0,1.0,0.0,0.0,0.0,0.0,1.0,0.0,0.0,0.0,1.0,1.0,0.0,1.0,0.0,0.0,0.0,0.0,0.0,1.0,1.0,1.0,0.0,1.0,0.0,0.0,0.0,1.0,1.0,0.0,1.0,0.0,0.0,0.0,1.0,0.0,0.0,0.0,1.0,1.0,0.0,1.0,1.0,0.0,1.0,0.0,0.0,0.0,0.0,0.0,0.0,9.0,8.0,1.0,0.0,0.0,1.0,1.0,0.0,1.0,1.0,1.0,1.0,0.0,0.0,1.0,1.0,0.0,0.0,1.0,1.0,0.0,2.0,1.0,1.0,2.0,0.0,0.0,21.0,6.0,15.0,1.0,1.0,32.0,1.0,1.0,0.0,0.0,0.0,0.0,1.0,0.0,0.0,1.0,0.0,1.0,0.0,0.0,0.0,1.0,0.0,0.0,0.0,0.0,0.0,0.0,1.0,0.0,0.0,0.0,0.0,0.0,0.0,0.0,0.0,0.0,0.0,0.0,0.0,0.0,0.0,0.0,0.0,0.0,16.0,3.0,31.0,2.0,3.0,3.0,0.0,1.0,12.0,16.0,12.0,6.0,7.0,4.0,3.0,55.0,2.0,56.0,40.0,18.0,41.0,17.0,0.0,42.0,16.0,0.0,1.0,47.0,10.0,0.0,6.0,33.0,18.0,1.0,0.0,7.0,15.0,9.0,13.0,14.0,48.0,8.0,1.0,1.0,0.0,51.0,5.0,2.0,1.0,14.0,13.0,2.0,7.0,4.0,17.0,52.0,6.0,48.0,10.0,39.0,14.0,5.0,6.0,11.0,8.0,4.0,8.0,1.0,20.0,46.0,12.0,36.0,22.0,24.0,26.0,8.0,57.0,1.0,53.0,5.0,53.0,5.0,54.0,4.0,42.0,16.0,22.0,29.0,7.0,38.0,18.0,2.0,12.0,19.0,10.0,16.0,1.0,16.0,19.0,7.0,4.0,12.0,6.0,52.0,35.0,21.0,2.0,0.0,56.0,0.0,2.0,36.0,14.0,8.0,51.0,5.0,2.0,13.0,45.0,56.0,2.0,32.0,25.0,1.0,0.0,51.0,7.0,0.0,36.0,22.0,0.0,49.0,8.0,1.0,53.0,5.0,0.0,0.0,42.0,16.0,30.0,22.0,6.0,0.0,50.0,8.0,0.0,42.0,16.0,0.0,47.0,11.0,0.0,46.0,11.0,1.0,53.0,5.0,0.0,0.0,15.0,33.0,10.0,0.0,Atingiu a média
127,23162406,2017,1,2,2307,23032,23,2304202,230420205,2,1,2.0,1.0,1.0,0.0,0.0,0.0,0.0,0.0,0.0,0.0,0.0,0.0,0.0,1.0,1.0,0.0,0.0,0.0,0.0,1.0,0.0,0.0,0.0,1.0,0.0,0.0,1.0,0.0,0.0,0.0,0.0,0.0,1.0,1.0,1.0,1.0,1.0,1.0,1.0,1.0,1.0,1.0,0.0,1.0,0.0,0.0,0.0,1.0,0.0,0.0,0.0,1.0,0.0,0.0,0.0,0.0,0.0,1.0,1.0,0.0,0.0,0.0,0.0,0.0,18.0,18.0,1.0,1.0,0.0,0.0,0.0,1.0,1.0,0.0,1.0,1.0,0.0,1.0,1.0,4.0,2.0,0.0,0.0,0.0,2.0,2.0,0.0,1.0,2.0,0.0,1.0,42.0,10.0,32.0,1.0,1.0,67.0,1.0,1.0,0.0,0.0,0.0,0.0,1.0,0.0,0.0,1.0,0.0,1.0,0.0,0.0,0.0,1.0,0.0,0.0,0.0,0.0,0.0,1.0,1.0,0.0,0.0,0.0,0.0,0.0,0.0,0.0,0.0,0.0,0.0,0.0,0.0,0.0,0.0,0.0,0.0,0.0,13.0,20.0,37.0,5.0,1.0,5.0,0.0,4.0,23.0,34.0,14.0,3.0,3.0,0.0,1.0,80.0,3.0,78.0,53.0,28.0,62.0,16.0,3.0,42.0,35.0,4.0,0.0,72.0,9.0,0.0,16.0,39.0,25.0,1.0,0.0,9.0,13.0,26.0,20.0,13.0,71.0,8.0,2.0,0.0,0.0,69.0,6.0,6.0,0.0,18.0,16.0,10.0,32.0,3.0,2.0,73.0,8.0,58.0,23.0,48.0,32.0,1.0,5.0,16.0,14.0,17.0,14.0,1.0,14.0,69.0,12.0,41.0,40.0,40.0,30.0,11.0,77.0,4.0,73.0,8.0,69.0,12.0,76.0,5.0,62.0,19.0,25.0,49.0,7.0,56.0,23.0,2.0,13.0,29.0,9.0,25.0,5.0,19.0,32.0,7.0,12.0,11.0,8.0,73.0,50.0,28.0,3.0,0.0,75.0,0.0,6.0,60.0,19.0,2.0,74.0,5.0,2.0,14.0,67.0,70.0,11.0,41.0,36.0,1.0,3.0,76.0,4.0,1.0,57.0,23.0,1.0,75.0,6.0,0.0,60.0,20.0,1.0,0.0,53.0,28.0,44.0,37.0,0.0,0.0,79.0,2.0,0.0,75.0,6.0,0.0,65.0,15.0,1.0,63.0,18.0,0.0,76.0,5.0,0.0,0.0,22.0,41.0,18.0,0.0,Não Atingiu a média
128,23145633,2017,1,2,2306,23027,23,2303303,230330305,2,1,1.0,1.0,3.0,0.0,0.0,0.0,0.0,0.0,0.0,0.0,1.0,0.0,0.0,1.0,1.0,0.0,0.0,0.0,0.0,1.0,0.0,0.0,0.0,0.0,1.0,0.0,1.0,0.0,0.0,0.0,0.0,0.0,1.0,1.0,1.0,0.0,1.0,0.0,0.0,0.0,1.0,0.0,1.0,1.0,0.0,0.0,0.0,0.0,0.0,1.0,1.0,1.0,0.0,0.0,1.0,1.0,0.0,1.0,0.0,0.0,0.0,0.0,0.0,0.0,12.0,12.0,1.0,0.0,0.0,0.0,0.0,0.0,0.0,0.0,0.0,1.0,1.0,1.0,1.0,7.0,0.0,0.0,0.0,0.0,0.0,0.0,0.0,0.0,5.0,1.0,1.0,30.0,4.0,26.0,1.0,1.0,45.0,1.0,1.0,0.0,0.0,0.0,0.0,1.0,0.0,0.0,0.0,0.0,1.0,0.0,0.0,0.0,1.0,1.0,1.0,0.0,0.0,0.0,0.0,1.0,0.0,0.0,0.0,0.0,0.0,0.0,0.0,0.0,0.0,0.0,1.0,1.0,0.0,0.0,0.0,0.0,0.0,31.0,12.0,75.0,8.0,4.0,2.0,0.0,0.0,46.0,54.0,17.0,5.0,3.0,7.0,4.0,128.0,1.0,131.0,90.0,42.0,112.0,18.0,2.0,100.0,30.0,2.0,1.0,120.0,11.0,0.0,15.0,78.0,34.0,5.0,0.0,13.0,41.0,42.0,20.0,16.0,126.0,5.0,1.0,0.0,0.0,117.0,13.0,2.0,5.0,39.0,35.0,21.0,9.0,10.0,13.0,118.0,14.0,113.0,19.0,82.0,48.0,2.0,19.0,42.0,25.0,5.0,9.0,2.0,30.0,91.0,41.0,67.0,65.0,102.0,23.0,7.0,130.0,2.0,124.0,8.0,118.0,14.0,129.0,3.0,107.0,25.0,42.0,72.0,18.0,88.0,38.0,6.0,21.0,31.0,25.0,49.0,6.0,38.0,41.0,12.0,19.0,22.0,14.0,118.0,73.0,43.0,15.0,1.0,128.0,1.0,3.0,103.0,19.0,10.0,124.0,6.0,2.0,19.0,113.0,121.0,11.0,86.0,41.0,5.0,0.0,112.0,19.0,1.0,60.0,70.0,2.0,108.0,22.0,2.0,123.0,7.0,0.0,2.0,93.0,39.0,74.0,51.0,7.0,0.0,124.0,8.0,0.0,110.0,22.0,0.0,88.0,43.0,1.0,93.0,37.0,2.0,126.0,5.0,1.0,0.0,21.0,66.0,42.0,3.0,Atingiu a média
129,23244828,2017,1,2,2302,23015,23,2302206,230220625,2,1,2.0,1.0,1.0,0.0,0.0,0.0,0.0,0.0,0.0,0.0,0.0,0.0,0.0,1.0,0.0,1.0,0.0,0.0,0.0,1.0,0.0,0.0,0.0,0.0,1.0,0.0,1.0,0.0,0.0,0.0,1.0,0.0,1.0,1.0,1.0,1.0,0.0,1.0,0.0,1.0,1.0,1.0,0.0,1.0,1.0,1.0,0.0,1.0,0.0,1.0,1.0,1.0,1.0,0.0,1.0,1.0,0.0,1.0,0.0,0.0,0.0,1.0,0.0,0.0,8.0,8.0,1.0,0.0,1.0,1.0,1.0,0.0,1.0,1.0,1.0,1.0,0.0,1.0,1.0,3.0,0.0,2.0,1.0,1.0,0.0,2.0,1.0,1.0,4.0,0.0,2.0,44.0,5.0,39.0,1.0,1.0,74.0,1.0,0.0,0.0,0.0,0.0,0.0,1.0,0.0,0.0,0.0,0.0,1.0,0.0,0.0,0.0,1.0,1.0,0.0,0.0,0.0,0.0,0.0,1.0,0.0,0.0,0.0,0.0,0.0,0.0,0.0,0.0,0.0,0.0,1.0,0.0,0.0,0.0,0.0,0.0,0.0,39.0,20.0,173.0,3.0,7.0,5.0,0.0,0.0,69.0,120.0,31.0,15.0,6.0,6.0,6.0,241.0,2.0,245.0,165.0,82.0,191.0,50.0,6.0,192.0,51.0,4.0,1.0,171.0,75.0,0.0,23.0,118.0,88.0,18.0,1.0,26.0,52.0,80.0,49.0,39.0,215.0,23.0,7.0,1.0,1.0,195.0,37.0,15.0,11.0,86.0,43.0,28.0,33.0,5.0,41.0,210.0,37.0,184.0,63.0,139.0,98.0,10.0,26.0,69.0,37.0,20.0,20.0,4.0,71.0,170.0,77.0,123.0,124.0,202.0,31.0,14.0,241.0,6.0,222.0,25.0,204.0,43.0,243.0,4.0,181.0,66.0,80.0,142.0,25.0,149.0,87.0,11.0,56.0,77.0,43.0,64.0,7.0,87.0,81.0,24.0,25.0,30.0,51.0,196.0,131.0,104.0,11.0,1.0,246.0,1.0,0.0,184.0,48.0,15.0,232.0,10.0,5.0,54.0,193.0,193.0,54.0,166.0,72.0,9.0,0.0,226.0,18.0,3.0,137.0,107.0,3.0,195.0,49.0,3.0,210.0,35.0,1.0,1.0,184.0,63.0,172.0,66.0,9.0,0.0,231.0,15.0,1.0,224.0,22.0,1.0,156.0,90.0,1.0,183.0,60.0,4.0,241.0,5.0,1.0,0.0,37.0,122.0,77.0,11.0,Atingiu a média
130,23265400,2017,1,2,2304,23021,23,2300309,230030905,2,1,1.0,1.0,1.0,0.0,0.0,0.0,0.0,0.0,0.0,0.0,1.0,0.0,0.0,1.0,1.0,0.0,0.0,0.0,0.0,1.0,0.0,0.0,0.0,1.0,0.0,0.0,1.0,0.0,0.0,0.0,0.0,0.0,1.0,1.0,1.0,1.0,1.0,1.0,0.0,1.0,1.0,0.0,0.0,0.0,0.0,0.0,0.0,1.0,0.0,0.0,1.0,1.0,1.0,0.0,0.0,1.0,1.0,0.0,0.0,0.0,0.0,0.0,0.0,0.0,22.0,22.0,1.0,0.0,0.0,0.0,1.0,0.0,1.0,1.0,1.0,1.0,1.0,0.0,1.0,3.0,0.0,0.0,0.0,1.0,0.0,3.0,1.0,1.0,3.0,1.0,0.0,66.0,7.0,59.0,1.0,1.0,105.0,1.0,1.0,0.0,0.0,0.0,0.0,1.0,0.0,0.0,1.0,0.0,1.0,0.0,0.0,0.0,1.0,1.0,1.0,0.0,0.0,0.0,0.0,1.0,0.0,0.0,0.0,0.0,0.0,0.0,0.0,0.0,0.0,0.0,1.0,1.0,0.0,0.0,0.0,0.0,0.0,75.0,35.0,227.0,17.0,5.0,14.0,0.0,3.0,111.0,173.0,35.0,28.0,10.0,13.0,12.0,361.0,7.0,366.0,240.0,133.0,300.0,62.0,11.0,283.0,82.0,8.0,23.0,295.0,55.0,1.0,71.0,219.0,67.0,15.0,4.0,44.0,86.0,131.0,66.0,42.0,336.0,30.0,5.0,1.0,1.0,300.0,58.0,15.0,38.0,124.0,61.0,52.0,43.0,12.0,43.0,293.0,80.0,254.0,119.0,209.0,145.0,19.0,85.0,105.0,39.0,21.0,22.0,6.0,95.0,218.0,155.0,144.0,229.0,257.0,91.0,25.0,360.0,13.0,333.0,40.0,309.0,64.0,362.0,11.0,253.0,120.0,125.0,204.0,44.0,232.0,119.0,22.0,92.0,107.0,70.0,89.0,15.0,121.0,109.0,32.0,39.0,72.0,81.0,292.0,204.0,96.0,60.0,13.0,359.0,3.0,11.0,289.0,71.0,13.0,336.0,20.0,17.0,108.0,265.0,338.0,35.0,269.0,89.0,10.0,5.0,336.0,34.0,3.0,209.0,158.0,6.0,294.0,70.0,9.0,342.0,25.0,2.0,4.0,215.0,158.0,179.0,167.0,24.0,3.0,343.0,27.0,3.0,308.0,62.0,3.0,256.0,114.0,3.0,235.0,132.0,6.0,316.0,50.0,4.0,3.0,74.0,197.0,85.0,17.0,Não Atingiu a média
131,23051930,2017,1,2,2302,23013,23,2301208,230120805,2,1,1.0,1.0,1.0,0.0,0.0,0.0,0.0,0.0,0.0,0.0,1.0,0.0,0.0,1.0,1.0,0.0,1.0,0.0,0.0,1.0,0.0,0.0,0.0,1.0,1.0,0.0,1.0,0.0,0.0,0.0,0.0,0.0,1.0,1.0,1.0,1.0,0.0,1.0,0.0,1.0,1.0,1.0,1.0,1.0,0.0,0.0,0.0,1.0,0.0,1.0,1.0,1.0,1.0,0.0,1.0,1.0,0.0,1.0,1.0,0.0,0.0,0.0,0.0,0.0,10.0,10.0,1.0,1.0,1.0,1.0,1.0,1.0,0.0,1.0,1.0,1.0,0.0,1.0,1.0,4.0,1.0,1.0,1.0,5.0,1.0,0.0,2.0,2.0,1.0,0.0,2.0,36.0,7.0,20.0,1.0,0.0,55.0,1.0,0.0,0.0,0.0,0.0,0.0,1.0,0.0,0.0,1.0,0.0,1.0,0.0,0.0,0.0,1.0,1.0,1.0,0.0,0.0,0.0,0.0,1.0,0.0,0.0,0.0,0.0,0.0,0.0,0.0,0.0,0.0,0.0,1.0,1.0,0.0,0.0,0.0,0.0,0.0,16.0,9.0,94.0,5.0,3.0,14.0,0.0,2.0,39.0,67.0,24.0,2.0,5.0,2.0,3.0,138.0,2.0,139.0,88.0,53.0,117.0,22.0,2.0,120.0,18.0,3.0,1.0,107.0,33.0,2.0,16.0,74.0,39.0,10.0,2.0,20.0,20.0,37.0,37.0,25.0,124.0,10.0,7.0,0.0,0.0,120.0,18.0,3.0,11.0,30.0,22.0,18.0,22.0,10.0,28.0,107.0,34.0,96.0,45.0,85.0,49.0,7.0,22.0,29.0,15.0,14.0,6.0,2.0,53.0,84.0,57.0,66.0,75.0,80.0,49.0,12.0,138.0,3.0,126.0,15.0,119.0,22.0,137.0,4.0,84.0,57.0,39.0,86.0,16.0,91.0,40.0,10.0,32.0,36.0,23.0,40.0,10.0,39.0,39.0,22.0,14.0,27.0,20.0,121.0,58.0,69.0,9.0,5.0,134.0,2.0,5.0,108.0,23.0,10.0,124.0,12.0,5.0,43.0,98.0,121.0,20.0,61.0,73.0,6.0,1.0,123.0,18.0,0.0,84.0,56.0,1.0,107.0,32.0,2.0,133.0,8.0,0.0,0.0,77.0,64.0,51.0,69.0,20.0,1.0,126.0,15.0,0.0,115.0,25.0,1.0,88.0,52.0,1.0,93.0,44.0,4.0,130.0,11.0,0.0,0.0,22.0,87.0,32.0,0.0,Não Atingiu a média
132,23252472,2017,1,2,2302,23012,23,2302800,230280005,2,2,0.0,1.0,1.0,0.0,0.0,0.0,0.0,0.0,0.0,0.0,0.0,0.0,0.0,1.0,1.0,0.0,0.0,0.0,0.0,1.0,0.0,0.0,0.0,0.0,1.0,0.0,1.0,0.0,0.0,0.0,0.0,0.0,0.0,1.0,0.0,1.0,0.0,0.0,0.0,0.0,1.0,1.0,0.0,1.0,0.0,0.0,0.0,0.0,0.0,0.0,0.0,1.0,0.0,0.0,1.0,1.0,0.0,0.0,0.0,0.0,0.0,0.0,0.0,0.0,14.0,6.0,1.0,0.0,1.0,0.0,0.0,0.0,0.0,1.0,0.0,1.0,0.0,0.0,1.0,2.0,0.0,2.0,0.0,0.0,0.0,0.0,1.0,0.0,3.0,0.0,0.0,45.0,4.0,42.0,1.0,0.0,23.0,1.0,0.0,0.0,1.0,0.0,0.0,1.0,0.0,0.0,1.0,0.0,1.0,0.0,0.0,0.0,1.0,1.0,0.0,0.0,0.0,0.0,0.0,1.0,0.0,0.0,0.0,0.0,0.0,0.0,0.0,0.0,0.0,0.0,1.0,0.0,0.0,0.0,0.0,0.0,0.0,11.0,9.0,59.0,4.0,1.0,7.0,0.0,0.0,28.0,40.0,15.0,4.0,1.0,3.0,3.0,88.0,3.0,88.0,69.0,22.0,80.0,8.0,3.0,81.0,10.0,0.0,1.0,79.0,11.0,3.0,13.0,42.0,26.0,7.0,1.0,7.0,19.0,33.0,18.0,13.0,85.0,6.0,0.0,0.0,0.0,75.0,11.0,5.0,2.0,38.0,19.0,8.0,9.0,1.0,14.0,76.0,15.0,66.0,25.0,61.0,25.0,5.0,14.0,34.0,14.0,2.0,4.0,2.0,21.0,53.0,38.0,41.0,50.0,54.0,30.0,7.0,89.0,2.0,77.0,14.0,72.0,19.0,89.0,2.0,67.0,24.0,26.0,57.0,8.0,62.0,23.0,6.0,24.0,32.0,16.0,13.0,6.0,28.0,32.0,6.0,12.0,13.0,5.0,86.0,52.0,30.0,8.0,1.0,90.0,1.0,0.0,63.0,26.0,2.0,86.0,3.0,2.0,20.0,71.0,84.0,7.0,59.0,31.0,1.0,0.0,80.0,10.0,1.0,47.0,44.0,0.0,72.0,19.0,0.0,85.0,6.0,0.0,0.0,59.0,32.0,45.0,40.0,5.0,1.0,84.0,6.0,1.0,81.0,10.0,0.0,65.0,24.0,2.0,54.0,35.0,2.0,86.0,4.0,0.0,1.0,21.0,56.0,14.0,0.0,Atingiu a média
133,23264616,2017,1,2,2307,23032,23,2304202,230420205,2,1,1.0,1.0,1.0,0.0,0.0,0.0,0.0,0.0,0.0,0.0,0.0,0.0,0.0,1.0,1.0,0.0,0.0,0.0,0.0,1.0,0.0,0.0,0.0,0.0,1.0,0.0,1.0,0.0,0.0,0.0,0.0,0.0,1.0,1.0,1.0,1.0,0.0,0.0,0.0,0.0,1.0,1.0,1.0,1.0,0.0,0.0,0.0,1.0,0.0,1.0,1.0,1.0,1.0,0.0,1.0,1.0,0.0,1.0,0.0,0.0,0.0,1.0,0.0,0.0,5.0,5.0,1.0,1.0,1.0,0.0,1.0,1.0,1.0,1.0,1.0,1.0,0.0,1.0,1.0,3.0,1.0,3.0,0.0,1.0,1.0,1.0,1.0,3.0,4.0,0.0,3.0,20.0,3.0,17.0,1.0,1.0,37.0,1.0,0.0,0.0,0.0,0.0,0.0,1.0,0.0,0.0,0.0,0.0,1.0,0.0,0.0,0.0,1.0,0.0,0.0,0.0,0.0,0.0,0.0,1.0,0.0,0.0,0.0,0.0,0.0,0.0,0.0,0.0,0.0,0.0,0.0,0.0,0.0,0.0,0.0,0.0,0.0,9.0,21.0,63.0,6.0,1.0,3.0,0.0,3.0,33.0,37.0,15.0,8.0,3.0,4.0,2.0,101.0,1.0,102.0,73.0,30.0,85.0,17.0,1.0,63.0,36.0,4.0,2.0,85.0,16.0,0.0,8.0,62.0,24.0,9.0,0.0,12.0,16.0,23.0,31.0,21.0,98.0,4.0,0.0,1.0,0.0,87.0,13.0,3.0,4.0,29.0,18.0,14.0,16.0,7.0,15.0,90.0,13.0,80.0,23.0,72.0,26.0,5.0,13.0,28.0,20.0,6.0,11.0,0.0,25.0,71.0,32.0,46.0,57.0,63.0,34.0,6.0,101.0,2.0,90.0,13.0,83.0,20.0,100.0,3.0,71.0,32.0,26.0,64.0,13.0,56.0,43.0,4.0,21.0,33.0,20.0,26.0,3.0,34.0,34.0,10.0,10.0,15.0,12.0,91.0,44.0,49.0,9.0,1.0,100.0,1.0,2.0,71.0,19.0,13.0,96.0,5.0,2.0,26.0,77.0,90.0,13.0,58.0,41.0,4.0,0.0,97.0,4.0,2.0,61.0,41.0,1.0,88.0,15.0,0.0,89.0,11.0,3.0,0.0,69.0,34.0,58.0,39.0,6.0,0.0,98.0,5.0,0.0,83.0,18.0,2.0,76.0,27.0,0.0,68.0,35.0,0.0,101.0,2.0,0.0,0.0,23.0,69.0,11.0,0.0,Atingiu a média
134,23085550,2017,1,2,2304,23018,23,2304103,230410305,2,1,1.0,1.0,1.0,0.0,0.0,0.0,0.0,0.0,0.0,0.0,0.0,0.0,0.0,1.0,1.0,0.0,0.0,0.0,0.0,1.0,0.0,0.0,0.0,1.0,0.0,0.0,1.0,0.0,1.0,0.0,0.0,0.0,1.0,1.0,1.0,1.0,0.0,1.0,0.0,1.0,1.0,1.0,0.0,1.0,0.0,0.0,0.0,1.0,0.0,1.0,1.0,1.0,0.0,0.0,1.0,0.0,1.0,1.0,0.0,0.0,0.0,0.0,0.0,0.0,10.0,10.0,1.0,1.0,1.0,0.0,1.0,1.0,1.0,0.0,1.0,1.0,0.0,1.0,1.0,3.0,2.0,2.0,0.0,1.0,1.0,1.0,0.0,3.0,2.0,0.0,7.0,28.0,6.0,22.0,1.0,0.0,38.0,1.0,0.0,0.0,0.0,0.0,0.0,1.0,0.0,0.0,0.0,0.0,1.0,0.0,0.0,0.0,1.0,0.0,0.0,0.0,0.0,0.0,0.0,1.0,0.0,0.0,0.0,0.0,0.0,0.0,0.0,0.0,0.0,0.0,0.0,0.0,0.0,0.0,0.0,0.0,0.0,5.0,2.0,28.0,0.0,3.0,1.0,0.0,1.0,17.0,15.0,4.0,1.0,1.0,0.0,1.0,38.0,0.0,39.0,22.0,17.0,30.0,9.0,0.0,31.0,7.0,1.0,0.0,33.0,6.0,0.0,5.0,25.0,7.0,2.0,0.0,6.0,6.0,15.0,10.0,2.0,35.0,4.0,0.0,0.0,0.0,35.0,2.0,2.0,2.0,6.0,6.0,3.0,10.0,3.0,9.0,35.0,4.0,33.0,6.0,24.0,12.0,3.0,2.0,9.0,2.0,8.0,2.0,1.0,15.0,29.0,10.0,20.0,19.0,30.0,8.0,1.0,39.0,0.0,38.0,1.0,35.0,4.0,39.0,0.0,31.0,8.0,15.0,21.0,3.0,28.0,9.0,2.0,6.0,6.0,8.0,16.0,3.0,16.0,10.0,2.0,4.0,7.0,6.0,33.0,21.0,16.0,2.0,0.0,38.0,0.0,1.0,28.0,10.0,1.0,38.0,1.0,0.0,6.0,33.0,32.0,7.0,25.0,14.0,0.0,0.0,36.0,2.0,1.0,20.0,18.0,1.0,35.0,3.0,1.0,30.0,7.0,1.0,1.0,23.0,16.0,26.0,12.0,0.0,1.0,35.0,3.0,1.0,34.0,4.0,1.0,24.0,14.0,1.0,27.0,11.0,1.0,32.0,6.0,0.0,1.0,10.0,22.0,7.0,0.0,Atingiu a média
135,23064684,2017,1,2,2303,23016,23,2304400,230440005,2,1,1.0,1.0,1.0,0.0,0.0,0.0,0.0,0.0,0.0,0.0,0.0,0.0,0.0,1.0,1.0,0.0,0.0,0.0,0.0,1.0,0.0,0.0,0.0,1.0,1.0,0.0,1.0,0.0,0.0,0.0,0.0,0.0,1.0,1.0,1.0,1.0,1.0,1.0,0.0,1.0,1.0,1.0,0.0,1.0,0.0,0.0,0.0,1.0,0.0,1.0,1.0,1.0,1.0,0.0,1.0,1.0,1.0,1.0,0.0,0.0,0.0,0.0,0.0,0.0,22.0,22.0,1.0,0.0,0.0,0.0,1.0,0.0,1.0,1.0,0.0,1.0,0.0,1.0,1.0,3.0,0.0,0.0,0.0,1.0,0.0,5.0,1.0,0.0,9.0,0.0,1.0,49.0,11.0,38.0,1.0,1.0,142.0,1.0,1.0,1.0,0.0,0.0,0.0,1.0,0.0,0.0,0.0,0.0,1.0,0.0,0.0,0.0,1.0,0.0,0.0,0.0,0.0,0.0,0.0,1.0,0.0,0.0,0.0,0.0,0.0,0.0,0.0,0.0,0.0,0.0,0.0,0.0,0.0,0.0,0.0,0.0,0.0,119.0,66.0,274.0,26.0,5.0,30.0,3.0,12.0,273.0,180.0,44.0,5.0,2.0,1.0,14.0,506.0,4.0,516.0,185.0,335.0,302.0,199.0,19.0,215.0,252.0,53.0,1.0,340.0,179.0,8.0,71.0,308.0,107.0,26.0,2.0,60.0,133.0,180.0,96.0,49.0,509.0,4.0,5.0,2.0,0.0,468.0,33.0,19.0,5.0,69.0,71.0,88.0,206.0,57.0,24.0,500.0,20.0,394.0,126.0,320.0,186.0,14.0,7.0,55.0,78.0,91.0,178.0,43.0,68.0,491.0,29.0,317.0,203.0,184.0,172.0,164.0,510.0,10.0,458.0,62.0,445.0,75.0,509.0,11.0,333.0,187.0,201.0,257.0,62.0,386.0,122.0,12.0,65.0,146.0,139.0,153.0,17.0,184.0,195.0,42.0,25.0,74.0,67.0,453.0,268.0,237.0,14.0,1.0,444.0,19.0,57.0,435.0,70.0,15.0,499.0,16.0,5.0,29.0,491.0,407.0,113.0,227.0,181.0,33.0,79.0,375.0,72.0,73.0,276.0,170.0,74.0,423.0,32.0,65.0,146.0,213.0,74.0,87.0,273.0,247.0,209.0,218.0,73.0,20.0,451.0,45.0,24.0,351.0,143.0,26.0,379.0,118.0,23.0,432.0,65.0,23.0,289.0,174.0,33.0,24.0,187.0,252.0,81.0,0.0,Atingiu a média
136,23127821,2017,1,2,2305,23023,23,2307601,230760105,2,1,2.0,1.0,1.0,0.0,0.0,0.0,0.0,0.0,0.0,0.0,0.0,1.0,0.0,1.0,1.0,0.0,0.0,1.0,0.0,1.0,0.0,0.0,0.0,1.0,1.0,0.0,1.0,0.0,0.0,0.0,0.0,0.0,0.0,1.0,1.0,0.0,1.0,1.0,0.0,1.0,1.0,0.0,0.0,0.0,0.0,0.0,0.0,1.0,0.0,1.0,1.0,1.0,1.0,0.0,1.0,0.0,1.0,1.0,0.0,0.0,0.0,0.0,0.0,0.0,10.0,10.0,0.0,0.0,0.0,0.0,0.0,0.0,0.0,0.0,0.0,0.0,0.0,0.0,1.0,0.0,0.0,0.0,0.0,0.0,0.0,0.0,0.0,0.0,0.0,0.0,0.0,32.0,2.0,30.0,1.0,1.0,64.0,1.0,1.0,0.0,0.0,0.0,0.0,1.0,0.0,0.0,1.0,0.0,1.0,0.0,0.0,0.0,1.0,0.0,0.0,0.0,0.0,0.0,0.0,1.0,0.0,0.0,0.0,0.0,0.0,0.0,0.0,0.0,0.0,0.0,0.0,0.0,0.0,0.0,0.0,0.0,0.0,62.0,11.0,93.0,16.0,3.0,3.0,0.0,2.0,96.0,62.0,22.0,2.0,3.0,1.0,8.0,180.0,2.0,186.0,105.0,83.0,129.0,57.0,2.0,87.0,96.0,5.0,0.0,114.0,74.0,0.0,13.0,113.0,56.0,6.0,1.0,20.0,60.0,70.0,25.0,12.0,178.0,9.0,1.0,0.0,0.0,168.0,13.0,7.0,3.0,27.0,29.0,34.0,59.0,19.0,17.0,179.0,9.0,147.0,41.0,106.0,78.0,4.0,9.0,39.0,34.0,23.0,37.0,4.0,42.0,151.0,37.0,97.0,91.0,78.0,70.0,40.0,187.0,1.0,170.0,18.0,153.0,35.0,185.0,3.0,127.0,61.0,53.0,104.0,31.0,135.0,48.0,5.0,15.0,45.0,47.0,79.0,2.0,70.0,60.0,13.0,13.0,32.0,38.0,150.0,118.0,63.0,7.0,0.0,162.0,0.0,26.0,148.0,32.0,8.0,183.0,4.0,1.0,25.0,163.0,161.0,27.0,136.0,48.0,3.0,1.0,157.0,28.0,3.0,99.0,87.0,2.0,170.0,18.0,0.0,114.0,60.0,13.0,1.0,117.0,71.0,125.0,58.0,5.0,0.0,169.0,18.0,1.0,148.0,38.0,2.0,108.0,78.0,2.0,149.0,38.0,1.0,167.0,16.0,5.0,0.0,24.0,104.0,60.0,0.0,Não Atingiu a média
137,23036273,2017,1,2,2302,23008,23,2306405,230640505,2,1,2.0,1.0,1.0,0.0,0.0,0.0,0.0,0.0,0.0,0.0,0.0,0.0,0.0,1.0,1.0,0.0,1.0,0.0,0.0,1.0,0.0,0.0,0.0,1.0,1.0,0.0,1.0,0.0,0.0,0.0,0.0,0.0,0.0,1.0,1.0,1.0,0.0,1.0,1.0,1.0,1.0,0.0,0.0,0.0,0.0,0.0,0.0,0.0,0.0,0.0,0.0,1.0,0.0,0.0,1.0,0.0,0.0,1.0,0.0,0.0,0.0,0.0,0.0,0.0,11.0,11.0,0.0,0.0,0.0,0.0,0.0,0.0,0.0,0.0,0.0,0.0,0.0,0.0,1.0,0.0,0.0,0.0,0.0,0.0,0.0,0.0,0.0,0.0,0.0,0.0,0.0,38.0,3.0,35.0,1.0,1.0,67.0,1.0,0.0,0.0,0.0,0.0,0.0,1.0,0.0,0.0,0.0,0.0,1.0,0.0,0.0,0.0,1.0,0.0,0.0,0.0,0.0,0.0,0.0,1.0,0.0,0.0,0.0,0.0,0.0,0.0,0.0,0.0,0.0,0.0,0.0,0.0,0.0,0.0,0.0,0.0,0.0,17.0,27.0,165.0,10.0,2.0,6.0,0.0,0.0,89.0,102.0,24.0,10.0,2.0,0.0,10.0,217.0,6.0,221.0,165.0,62.0,191.0,34.0,2.0,179.0,43.0,5.0,4.0,183.0,40.0,7.0,42.0,109.0,59.0,10.0,2.0,25.0,32.0,67.0,43.0,58.0,201.0,20.0,4.0,2.0,0.0,192.0,24.0,11.0,10.0,49.0,32.0,44.0,44.0,9.0,39.0,198.0,29.0,165.0,62.0,120.0,94.0,13.0,19.0,38.0,37.0,23.0,34.0,5.0,71.0,175.0,52.0,115.0,112.0,155.0,53.0,19.0,217.0,10.0,200.0,27.0,192.0,35.0,221.0,6.0,161.0,66.0,80.0,125.0,22.0,135.0,78.0,14.0,58.0,55.0,23.0,70.0,21.0,71.0,85.0,23.0,23.0,25.0,21.0,206.0,151.0,64.0,9.0,3.0,215.0,1.0,11.0,171.0,44.0,12.0,213.0,10.0,4.0,57.0,170.0,189.0,38.0,155.0,64.0,4.0,4.0,209.0,13.0,5.0,121.0,99.0,7.0,180.0,40.0,7.0,190.0,30.0,1.0,6.0,136.0,91.0,121.0,93.0,11.0,2.0,203.0,21.0,3.0,174.0,50.0,3.0,149.0,71.0,7.0,167.0,56.0,4.0,177.0,44.0,1.0,5.0,88.0,113.0,26.0,0.0,Atingiu a média
138,23077140,2017,1,2,2303,23016,23,2304400,230440005,2,1,1.0,1.0,1.0,0.0,0.0,0.0,0.0,0.0,0.0,0.0,0.0,1.0,0.0,1.0,1.0,0.0,0.0,0.0,0.0,1.0,0.0,0.0,0.0,1.0,0.0,0.0,1.0,0.0,0.0,0.0,0.0,0.0,1.0,1.0,1.0,1.0,1.0,1.0,0.0,1.0,1.0,0.0,0.0,0.0,0.0,0.0,0.0,1.0,0.0,1.0,0.0,1.0,0.0,1.0,0.0,0.0,1.0,1.0,0.0,0.0,0.0,0.0,0.0,0.0,30.0,30.0,0.0,0.0,0.0,0.0,0.0,0.0,0.0,0.0,0.0,0.0,0.0,0.0,1.0,0.0,0.0,0.0,0.0,0.0,0.0,0.0,0.0,0.0,0.0,0.0,0.0,21.0,6.0,15.0,1.0,1.0,126.0,1.0,1.0,0.0,0.0,0.0,0.0,1.0,0.0,0.0,1.0,0.0,1.0,0.0,0.0,0.0,1.0,1.0,0.0,0.0,0.0,0.0,1.0,1.0,0.0,0.0,0.0,0.0,0.0,0.0,0.0,0.0,0.0,1.0,1.0,0.0,0.0,0.0,0.0,0.0,0.0,18.0,13.0,95.0,6.0,9.0,14.0,0.0,1.0,28.0,60.0,36.0,13.0,12.0,5.0,7.0,148.0,3.0,152.0,59.0,96.0,116.0,33.0,6.0,104.0,43.0,8.0,0.0,121.0,34.0,6.0,35.0,69.0,33.0,12.0,3.0,15.0,33.0,50.0,31.0,23.0,142.0,12.0,1.0,0.0,0.0,129.0,20.0,6.0,3.0,35.0,41.0,24.0,29.0,4.0,19.0,143.0,12.0,130.0,25.0,75.0,72.0,8.0,11.0,28.0,23.0,18.0,36.0,6.0,33.0,130.0,25.0,86.0,69.0,44.0,61.0,50.0,147.0,8.0,130.0,25.0,119.0,36.0,143.0,12.0,93.0,62.0,43.0,85.0,27.0,97.0,51.0,7.0,24.0,34.0,31.0,57.0,9.0,51.0,64.0,16.0,13.0,11.0,48.0,107.0,101.0,38.0,12.0,4.0,139.0,4.0,12.0,83.0,50.0,22.0,131.0,16.0,8.0,22.0,133.0,131.0,24.0,75.0,74.0,2.0,4.0,123.0,28.0,4.0,75.0,75.0,5.0,129.0,20.0,6.0,134.0,18.0,2.0,1.0,89.0,66.0,57.0,78.0,18.0,2.0,135.0,16.0,4.0,116.0,36.0,3.0,90.0,62.0,3.0,121.0,32.0,2.0,129.0,24.0,1.0,1.0,20.0,77.0,58.0,0.0,Não Atingiu a média
139,23073420,2017,1,2,2303,23016,23,2304400,230440005,2,1,0.0,1.0,1.0,0.0,0.0,0.0,0.0,0.0,0.0,0.0,0.0,0.0,0.0,1.0,1.0,0.0,0.0,0.0,0.0,1.0,0.0,0.0,0.0,1.0,0.0,0.0,1.0,0.0,0.0,0.0,0.0,0.0,1.0,1.0,1.0,0.0,0.0,0.0,1.0,1.0,1.0,0.0,0.0,0.0,0.0,0.0,0.0,1.0,0.0,1.0,0.0,1.0,0.0,0.0,1.0,1.0,0.0,0.0,0.0,0.0,0.0,0.0,0.0,0.0,8.0,8.0,1.0,0.0,0.0,0.0,0.0,1.0,1.0,1.0,1.0,1.0,0.0,0.0,1.0,1.0,0.0,0.0,0.0,0.0,1.0,1.0,1.0,2.0,1.0,0.0,0.0,15.0,1.0,10.0,1.0,1.0,67.0,1.0,0.0,0.0,0.0,0.0,0.0,1.0,0.0,0.0,0.0,0.0,1.0,0.0,0.0,0.0,1.0,0.0,0.0,0.0,0.0,0.0,1.0,1.0,0.0,0.0,0.0,0.0,0.0,0.0,0.0,0.0,0.0,0.0,0.0,0.0,0.0,0.0,0.0,0.0,0.0,16.0,12.0,57.0,4.0,2.0,5.0,0.0,1.0,18.0,36.0,16.0,9.0,6.0,10.0,0.0,96.0,3.0,93.0,40.0,56.0,78.0,18.0,0.0,54.0,39.0,3.0,1.0,74.0,21.0,4.0,20.0,54.0,15.0,3.0,1.0,12.0,24.0,24.0,22.0,13.0,92.0,3.0,1.0,0.0,0.0,75.0,17.0,4.0,3.0,16.0,17.0,16.0,31.0,5.0,8.0,86.0,10.0,72.0,24.0,47.0,47.0,2.0,5.0,14.0,17.0,16.0,25.0,2.0,17.0,80.0,16.0,48.0,48.0,43.0,32.0,21.0,90.0,6.0,79.0,17.0,71.0,25.0,90.0,6.0,51.0,45.0,28.0,53.0,15.0,67.0,23.0,6.0,14.0,26.0,14.0,40.0,2.0,38.0,37.0,7.0,5.0,9.0,36.0,60.0,49.0,39.0,5.0,3.0,92.0,1.0,3.0,47.0,35.0,14.0,82.0,12.0,2.0,13.0,83.0,80.0,16.0,57.0,33.0,2.0,4.0,70.0,16.0,10.0,52.0,34.0,10.0,81.0,9.0,6.0,77.0,15.0,0.0,4.0,55.0,41.0,49.0,42.0,3.0,2.0,81.0,10.0,5.0,51.0,38.0,7.0,59.0,29.0,8.0,75.0,15.0,6.0,81.0,14.0,0.0,1.0,12.0,54.0,30.0,0.0,Não Atingiu a média
140,23016876,2017,1,2,2301,23004,23,2300507,230050705,2,1,1.0,1.0,1.0,0.0,0.0,0.0,0.0,0.0,0.0,0.0,0.0,0.0,0.0,1.0,1.0,0.0,0.0,0.0,0.0,1.0,0.0,0.0,0.0,0.0,1.0,0.0,1.0,0.0,0.0,0.0,0.0,0.0,1.0,1.0,1.0,0.0,0.0,1.0,0.0,1.0,1.0,1.0,0.0,1.0,0.0,0.0,0.0,0.0,0.0,0.0,0.0,1.0,0.0,0.0,0.0,0.0,0.0,0.0,0.0,0.0,0.0,0.0,0.0,0.0,7.0,7.0,0.0,0.0,0.0,0.0,0.0,0.0,0.0,0.0,0.0,0.0,0.0,0.0,1.0,0.0,0.0,0.0,0.0,0.0,0.0,0.0,0.0,0.0,0.0,0.0,0.0,16.0,2.0,14.0,1.0,1.0,31.0,1.0,0.0,0.0,0.0,0.0,0.0,1.0,0.0,0.0,0.0,0.0,1.0,0.0,0.0,0.0,1.0,1.0,0.0,0.0,0.0,0.0,0.0,1.0,0.0,0.0,0.0,0.0,0.0,0.0,0.0,0.0,0.0,0.0,1.0,0.0,0.0,0.0,0.0,0.0,0.0,11.0,11.0,104.0,3.0,0.0,1.0,1.0,1.0,36.0,46.0,22.0,15.0,4.0,5.0,5.0,125.0,2.0,128.0,95.0,35.0,104.0,23.0,3.0,80.0,46.0,4.0,6.0,93.0,31.0,2.0,15.0,63.0,36.0,14.0,0.0,15.0,26.0,30.0,31.0,28.0,121.0,7.0,2.0,0.0,0.0,111.0,14.0,5.0,8.0,30.0,26.0,15.0,11.0,11.0,29.0,105.0,25.0,87.0,43.0,84.0,39.0,7.0,11.0,43.0,19.0,5.0,10.0,7.0,35.0,89.0,41.0,61.0,69.0,68.0,44.0,18.0,124.0,6.0,118.0,12.0,106.0,24.0,123.0,7.0,78.0,52.0,29.0,81.0,20.0,79.0,48.0,3.0,23.0,27.0,25.0,47.0,8.0,45.0,34.0,8.0,17.0,26.0,17.0,113.0,116.0,11.0,2.0,1.0,127.0,0.0,3.0,67.0,48.0,15.0,123.0,5.0,2.0,13.0,117.0,97.0,33.0,62.0,58.0,8.0,2.0,109.0,19.0,2.0,71.0,58.0,1.0,110.0,19.0,1.0,102.0,24.0,3.0,1.0,60.0,70.0,50.0,70.0,10.0,0.0,115.0,15.0,0.0,98.0,32.0,0.0,77.0,50.0,3.0,80.0,49.0,1.0,119.0,11.0,0.0,0.0,14.0,92.0,24.0,0.0,Não Atingiu a média
141,23002468,2017,1,2,2301,23001,23,2302602,230260205,2,1,2.0,1.0,1.0,0.0,0.0,0.0,0.0,0.0,0.0,0.0,1.0,1.0,0.0,1.0,1.0,0.0,0.0,0.0,0.0,1.0,0.0,0.0,0.0,0.0,1.0,0.0,1.0,0.0,0.0,0.0,0.0,0.0,1.0,1.0,1.0,1.0,0.0,0.0,0.0,0.0,1.0,1.0,1.0,1.0,0.0,0.0,0.0,1.0,0.0,0.0,0.0,1.0,0.0,0.0,1.0,1.0,0.0,1.0,0.0,0.0,0.0,1.0,0.0,0.0,8.0,14.0,1.0,0.0,0.0,0.0,1.0,0.0,1.0,1.0,1.0,1.0,0.0,1.0,1.0,1.0,0.0,0.0,0.0,1.0,0.0,1.0,2.0,2.0,3.0,0.0,1.0,50.0,12.0,38.0,1.0,1.0,64.0,1.0,0.0,0.0,0.0,0.0,0.0,1.0,0.0,0.0,1.0,0.0,1.0,0.0,0.0,0.0,1.0,0.0,0.0,0.0,0.0,0.0,0.0,1.0,0.0,0.0,0.0,0.0,0.0,0.0,0.0,0.0,0.0,0.0,0.0,0.0,0.0,0.0,0.0,0.0,0.0,30.0,34.0,145.0,10.0,6.0,10.0,0.0,0.0,76.0,106.0,23.0,10.0,4.0,16.0,9.0,226.0,7.0,228.0,172.0,63.0,200.0,33.0,2.0,179.0,49.0,7.0,1.0,186.0,48.0,4.0,44.0,114.0,58.0,15.0,1.0,20.0,53.0,60.0,49.0,52.0,214.0,18.0,3.0,0.0,0.0,205.0,27.0,3.0,16.0,72.0,46.0,30.0,28.0,15.0,28.0,187.0,48.0,167.0,68.0,143.0,81.0,11.0,32.0,58.0,28.0,24.0,33.0,13.0,47.0,165.0,70.0,130.0,105.0,163.0,53.0,19.0,232.0,3.0,220.0,15.0,209.0,26.0,230.0,5.0,178.0,57.0,77.0,138.0,20.0,163.0,69.0,3.0,50.0,74.0,44.0,50.0,17.0,80.0,61.0,15.0,32.0,47.0,44.0,191.0,134.0,85.0,11.0,5.0,223.0,3.0,9.0,161.0,64.0,10.0,208.0,19.0,8.0,71.0,164.0,203.0,32.0,152.0,53.0,5.0,25.0,163.0,38.0,34.0,100.0,100.0,35.0,184.0,28.0,23.0,182.0,19.0,2.0,32.0,176.0,59.0,146.0,77.0,10.0,2.0,220.0,13.0,2.0,196.0,37.0,2.0,162.0,70.0,3.0,172.0,59.0,4.0,218.0,15.0,0.0,2.0,35.0,124.0,62.0,14.0,Não Atingiu a média
142,23027584,2017,1,2,2301,23006,23,2305803,230580305,2,1,0.0,1.0,1.0,0.0,0.0,0.0,0.0,0.0,0.0,1.0,0.0,0.0,0.0,1.0,1.0,0.0,1.0,0.0,0.0,1.0,0.0,0.0,0.0,1.0,1.0,0.0,1.0,0.0,0.0,0.0,0.0,1.0,0.0,1.0,0.0,0.0,0.0,0.0,1.0,1.0,1.0,1.0,0.0,1.0,0.0,0.0,0.0,0.0,0.0,1.0,1.0,1.0,1.0,0.0,1.0,1.0,0.0,1.0,0.0,0.0,0.0,1.0,0.0,0.0,5.0,5.0,1.0,0.0,1.0,1.0,0.0,0.0,1.0,1.0,1.0,0.0,0.0,1.0,1.0,1.0,0.0,1.0,1.0,0.0,0.0,2.0,2.0,1.0,0.0,0.0,1.0,19.0,4.0,15.0,1.0,1.0,29.0,1.0,0.0,0.0,0.0,0.0,0.0,1.0,0.0,0.0,1.0,0.0,1.0,0.0,0.0,0.0,1.0,0.0,0.0,0.0,0.0,0.0,0.0,1.0,0.0,0.0,0.0,0.0,0.0,0.0,0.0,0.0,0.0,0.0,0.0,0.0,0.0,0.0,0.0,0.0,0.0,15.0,3.0,42.0,3.0,2.0,2.0,0.0,2.0,14.0,24.0,9.0,12.0,3.0,3.0,1.0,66.0,1.0,66.0,39.0,28.0,57.0,8.0,2.0,38.0,28.0,1.0,0.0,54.0,13.0,0.0,5.0,41.0,19.0,2.0,0.0,8.0,16.0,21.0,12.0,10.0,63.0,4.0,0.0,0.0,0.0,55.0,11.0,1.0,7.0,18.0,11.0,9.0,12.0,1.0,9.0,57.0,10.0,48.0,19.0,34.0,33.0,0.0,12.0,16.0,9.0,4.0,6.0,0.0,20.0,49.0,18.0,33.0,34.0,38.0,23.0,6.0,64.0,3.0,58.0,9.0,57.0,10.0,65.0,2.0,43.0,24.0,17.0,39.0,11.0,46.0,20.0,1.0,13.0,17.0,8.0,27.0,2.0,18.0,24.0,6.0,6.0,13.0,7.0,60.0,30.0,28.0,4.0,5.0,61.0,1.0,5.0,41.0,20.0,6.0,59.0,6.0,2.0,9.0,58.0,60.0,7.0,32.0,32.0,1.0,2.0,51.0,15.0,1.0,40.0,25.0,2.0,60.0,6.0,1.0,55.0,10.0,0.0,2.0,45.0,22.0,25.0,32.0,9.0,1.0,60.0,6.0,1.0,51.0,16.0,0.0,48.0,18.0,1.0,58.0,9.0,0.0,59.0,6.0,1.0,1.0,6.0,46.0,15.0,0.0,Atingiu a média
143,23225416,2017,1,2,2303,23016,23,2304400,230440005,2,1,1.0,1.0,1.0,0.0,0.0,0.0,0.0,0.0,0.0,0.0,0.0,0.0,0.0,1.0,1.0,1.0,1.0,0.0,0.0,1.0,0.0,0.0,0.0,1.0,1.0,0.0,1.0,0.0,0.0,0.0,0.0,0.0,1.0,1.0,1.0,1.0,0.0,0.0,0.0,0.0,1.0,1.0,1.0,1.0,0.0,0.0,0.0,1.0,0.0,1.0,1.0,1.0,1.0,0.0,1.0,1.0,1.0,1.0,1.0,0.0,0.0,0.0,1.0,0.0,13.0,13.0,1.0,0.0,1.0,0.0,1.0,1.0,1.0,1.0,1.0,1.0,0.0,1.0,1.0,8.0,0.0,2.0,0.0,2.0,1.0,2.0,4.0,4.0,4.0,0.0,1.0,48.0,8.0,40.0,1.0,1.0,109.0,1.0,0.0,0.0,0.0,0.0,0.0,1.0,0.0,0.0,1.0,0.0,1.0,0.0,0.0,0.0,1.0,0.0,0.0,0.0,0.0,0.0,0.0,1.0,0.0,0.0,0.0,0.0,0.0,0.0,0.0,0.0,0.0,0.0,0.0,0.0,0.0,0.0,0.0,0.0,0.0,71.0,51.0,227.0,21.0,4.0,10.0,0.0,8.0,182.0,152.0,22.0,12.0,2.0,6.0,11.0,373.0,2.0,382.0,148.0,236.0,222.0,147.0,15.0,174.0,175.0,35.0,0.0,239.0,145.0,2.0,63.0,211.0,76.0,32.0,4.0,47.0,90.0,119.0,73.0,51.0,366.0,13.0,4.0,1.0,0.0,344.0,31.0,9.0,6.0,62.0,56.0,74.0,132.0,28.0,26.0,365.0,19.0,313.0,71.0,225.0,143.0,16.0,9.0,60.0,67.0,37.0,114.0,23.0,74.0,352.0,32.0,253.0,131.0,123.0,168.0,93.0,369.0,15.0,332.0,52.0,321.0,63.0,367.0,17.0,246.0,138.0,126.0,199.0,59.0,272.0,102.0,10.0,43.0,75.0,90.0,167.0,9.0,122.0,146.0,36.0,33.0,47.0,68.0,316.0,195.0,171.0,14.0,4.0,329.0,7.0,48.0,321.0,51.0,12.0,360.0,19.0,5.0,37.0,347.0,290.0,94.0,230.0,134.0,15.0,5.0,328.0,51.0,5.0,215.0,161.0,8.0,337.0,41.0,6.0,320.0,50.0,8.0,6.0,263.0,121.0,249.0,116.0,16.0,3.0,360.0,20.0,4.0,289.0,91.0,4.0,249.0,131.0,4.0,288.0,91.0,5.0,308.0,63.0,7.0,6.0,52.0,203.0,128.0,1.0,Atingiu a média
