,ID_ESCOLA,NU_ANO_CENSO,TP_SITUACAO_FUNCIONAMENTO,CO_REGIAO,CO_MESORREGIAO,CO_MICRORREGIAO,CO_UF,CO_MUNICIPIO,CO_DISTRITO,TP_DEPENDENCIA,TP_LOCALIZACAO,TP_REGULAMENTACAO,IN_LOCAL_FUNC_PREDIO_ESCOLAR,TP_OCUPACAO_PREDIO_ESCOLAR,IN_LOCAL_FUNC_SALAS_EMPRESA,IN_LOCAL_FUNC_SOCIOEDUCATIVO,IN_LOCAL_FUNC_UNID_PRISIONAL,IN_LOCAL_FUNC_PRISIONAL_SOCIO,IN_LOCAL_FUNC_TEMPLO_IGREJA,IN_LOCAL_FUNC_CASA_PROFESSOR,IN_LOCAL_FUNC_GALPAO,IN_LOCAL_FUNC_SALAS_OUTRA_ESC,IN_LOCAL_FUNC_OUTROS,IN_PREDIO_COMPARTILHADO,IN_AGUA_FILTRADA,IN_AGUA_REDE_PUBLICA,IN_AGUA_POCO_ARTESIANO,IN_AGUA_CACIMBA,IN_AGUA_FONTE_RIO,IN_AGUA_INEXISTENTE,IN_ENERGIA_REDE_PUBLICA,IN_ENERGIA_GERADOR,IN_ENERGIA_OUTROS,IN_ENERGIA_INEXISTENTE,IN_ESGOTO_REDE_PUBLICA,IN_ESGOTO_FOSSA,IN_ESGOTO_INEXISTENTE,IN_LIXO_COLETA_PERIODICA,IN_LIXO_QUEIMA,IN_LIXO_JOGA_OUTRA_AREA,IN_LIXO_RECICLA,IN_LIXO_ENTERRA,IN_LIXO_OUTROS,IN_SALA_DIRETORIA,IN_SALA_PROFESSOR,IN_LABORATORIO_INFORMATICA,IN_LABORATORIO_CIENCIAS,IN_SALA_ATENDIMENTO_ESPECIAL,IN_QUADRA_ESPORTES_COBERTA,IN_QUADRA_ESPORTES_DESCOBERTA,IN_QUADRA_ESPORTES,IN_COZINHA,IN_BIBLIOTECA,IN_SALA_LEITURA,IN_BIBLIOTECA_SALA_LEITURA,IN_PARQUE_INFANTIL,IN_BERCARIO,IN_BANHEIRO_FORA_PREDIO,IN_BANHEIRO_DENTRO_PREDIO,IN_BANHEIRO_EI,IN_BANHEIRO_PNE,IN_DEPENDENCIAS_PNE,IN_SECRETARIA,IN_BANHEIRO_CHUVEIRO,IN_REFEITORIO,IN_DESPENSA,IN_ALMOXARIFADO,IN_AUDITORIO,IN_PATIO_COBERTO,IN_PATIO_DESCOBERTO,IN_ALOJAM_ALUNO,IN_ALOJAM_PROFESSOR,IN_AREA_VERDE,IN_LAVANDERIA,IN_DEPENDENCIAS_OUTRAS,NU_SALAS_EXISTENTES,NU_SALAS_UTILIZADAS,IN_EQUIP_TV,IN_EQUIP_VIDEOCASSETE,IN_EQUIP_DVD,IN_EQUIP_PARABOLICA,IN_EQUIP_COPIADORA,IN_EQUIP_RETROPROJETOR,IN_EQUIP_IMPRESSORA,IN_EQUIP_IMPRESSORA_MULT,IN_EQUIP_SOM,IN_EQUIP_MULTIMIDIA,IN_EQUIP_FAX,IN_EQUIP_FOTO,IN_COMPUTADOR,NU_EQUIP_TV,NU_EQUIP_VIDEOCASSETE,NU_EQUIP_DVD,NU_EQUIP_PARABOLICA,NU_EQUIP_COPIADORA,NU_EQUIP_RETROPROJETOR,NU_EQUIP_IMPRESSORA,NU_EQUIP_IMPRESSORA_MULT,NU_EQUIP_SOM,NU_EQUIP_MULTIMIDIA,NU_EQUIP_FAX,NU_EQUIP_FOTO,NU_COMPUTADOR,NU_COMP_ADMINISTRATIVO,NU_COMP_ALUNO,IN_INTERNET,IN_BANDA_LARGA,NU_FUNCIONARIOS,IN_ALIMENTACAO,TP_AEE,TP_ATIVIDADE_COMPLEMENTAR,TP_LOCALIZACAO_DIFERENCIADA,IN_MATERIAL_ESP_QUILOMBOLA,IN_MATERIAL_ESP_INDIGENA,IN_MATERIAL_ESP_NAO_UTILIZA,IN_EDUCACAO_INDIGENA,IN_BRASIL_ALFABETIZADO,IN_FINAL_SEMANA,IN_FORMACAO_ALTERNANCIA,IN_MEDIACAO_PRESENCIAL,IN_MEDIACAO_SEMIPRESENCIAL,IN_MEDIACAO_EAD,IN_ESPECIAL_EXCLUSIVA,IN_REGULAR,IN_EJA,IN_PROFISSIONALIZANTE,IN_COMUM_CRECHE,IN_COMUM_PRE,IN_COMUM_FUND_AI,IN_COMUM_FUND_AF,IN_COMUM_MEDIO_MEDIO,IN_COMUM_MEDIO_INTEGRADO,IN_COMUM_MEDIO_NORMAL,IN_ESP_EXCLUSIVA_CRECHE,IN_ESP_EXCLUSIVA_PRE,IN_ESP_EXCLUSIVA_FUND_AI,IN_ESP_EXCLUSIVA_FUND_AF,IN_ESP_EXCLUSIVA_MEDIO_MEDIO,IN_ESP_EXCLUSIVA_MEDIO_INTEGR,IN_ESP_EXCLUSIVA_MEDIO_NORMAL,IN_COMUM_EJA_FUND,IN_COMUM_EJA_MEDIO,IN_COMUM_EJA_PROF,IN_ESP_EXCLUSIVA_EJA_FUND,IN_ESP_EXCLUSIVA_EJA_MEDIO,IN_ESP_EXCLUSIVA_EJA_PROF,IN_COMUM_PROF,IN_ESP_EXCLUSIVA_PROF,TX_RESP_Q002_A,TX_RESP_Q002_B,TX_RESP_Q002_C,TX_RESP_Q002_D,TX_RESP_Q002_E,TX_RESP_Q002_F,TX_RESP_Q004_A,TX_RESP_Q004_B,TX_RESP_Q004_C,TX_RESP_Q004_D,TX_RESP_Q004_E,TX_RESP_Q004_F,TX_RESP_Q004_G,TX_RESP_Q004_H,TX_RESP_Q005_A,TX_RESP_Q005_B,TX_RESP_Q008_A,TX_RESP_Q008_B,TX_RESP_Q011_A,TX_RESP_Q011_B,TX_RESP_Q012_A,TX_RESP_Q012_B,TX_RESP_Q012_C,TX_RESP_Q013_A,TX_RESP_Q013_B,TX_RESP_Q013_C,TX_RESP_Q014_A,TX_RESP_Q014_B,TX_RESP_Q014_C,TX_RESP_Q015_A,TX_RESP_Q015_B,TX_RESP_Q015_C,TX_RESP_Q015_D,TX_RESP_Q015_E,TX_RESP_Q016_A,TX_RESP_Q016_B,TX_RESP_Q016_C,TX_RESP_Q016_D,TX_RESP_Q016_E,TX_RESP_Q016_F,TX_RESP_Q017_A,TX_RESP_Q017_B,TX_RESP_Q017_C,TX_RESP_Q017_D,TX_RESP_Q017_E,TX_RESP_Q018_A,TX_RESP_Q018_B,TX_RESP_Q018_C,TX_RESP_Q019_A,TX_RESP_Q019_B,TX_RESP_Q019_C,TX_RESP_Q019_D,TX_RESP_Q019_E,TX_RESP_Q019_F,TX_RESP_Q019_G,TX_RESP_Q020_A,TX_RESP_Q020_B,TX_RESP_Q021_A,TX_RESP_Q021_B,TX_RESP_Q022_A,TX_RESP_Q022_B,TX_RESP_Q022_C,TX_RESP_Q023_A,TX_RESP_Q023_B,TX_RESP_Q023_C,TX_RESP_Q023_D,TX_RESP_Q023_E,TX_RESP_Q023_F,TX_RESP_Q023_G,TX_RESP_Q024_A,TX_RESP_Q024_B,TX_RESP_Q025_A,TX_RESP_Q025_B,TX_RESP_Q026_A,TX_RESP_Q026_B,TX_RESP_Q026_C,TX_RESP_Q027_A,TX_RESP_Q027_B,TX_RESP_Q028_A,TX_RESP_Q028_B,TX_RESP_Q029_A,TX_RESP_Q029_B,TX_RESP_Q030_A,TX_RESP_Q030_B,TX_RESP_Q031_A,TX_RESP_Q031_B,TX_RESP_Q034_A,TX_RESP_Q034_B,TX_RESP_Q034_C,TX_RESP_Q035_A,TX_RESP_Q035_B,TX_RESP_Q035_C,TX_RESP_Q036_A,TX_RESP_Q036_B,TX_RESP_Q036_C,TX_RESP_Q036_D,TX_RESP_Q036_E,TX_RESP_Q037_A,TX_RESP_Q037_B,TX_RESP_Q037_C,TX_RESP_Q037_D,TX_RESP_Q037_E,TX_RESP_Q038_A,TX_RESP_Q038_B,TX_RESP_Q039_A,TX_RESP_Q039_B,TX_RESP_Q039_C,TX_RESP_Q039_D,TX_RESP_Q040_A,TX_RESP_Q040_B,TX_RESP_Q040_C,TX_RESP_Q041_A,TX_RESP_Q041_B,TX_RESP_Q041_C,TX_RESP_Q042_A,TX_RESP_Q042_B,TX_RESP_Q042_C,TX_RESP_Q043_A,TX_RESP_Q043_B,TX_RESP_Q044_A,TX_RESP_Q044_B,TX_RESP_Q045_A,TX_RESP_Q045_B,TX_RESP_Q045_C,TX_RESP_Q045_D,TX_RESP_Q048_A,TX_RESP_Q048_B,TX_RESP_Q048_C,TX_RESP_Q049_A,TX_RESP_Q049_B,TX_RESP_Q049_C,TX_RESP_Q050_A,TX_RESP_Q050_B,TX_RESP_Q050_C,TX_RESP_Q051_A,TX_RESP_Q051_B,TX_RESP_Q051_C,TX_RESP_Q051_D,TX_RESP_Q052_A,TX_RESP_Q052_B,TX_RESP_Q053_A,TX_RESP_Q053_B,TX_RESP_Q053_C,TX_RESP_Q053_D,TX_RESP_Q054_A,TX_RESP_Q054_B,TX_RESP_Q054_C,TX_RESP_Q055_A,TX_RESP_Q055_B,TX_RESP_Q055_C,TX_RESP_Q056_A,TX_RESP_Q056_B,TX_RESP_Q056_C,TX_RESP_Q058_A,TX_RESP_Q058_B,TX_RESP_Q058_C,TX_RESP_Q059_A,TX_RESP_Q059_B,TX_RESP_Q059_C,TX_RESP_Q059_D,TX_RESP_Q060_A,TX_RESP_Q060_B,TX_RESP_Q060_C,TX_RESP_Q060_D,Classe-IDEB
0,23252600,2017,1,2,2301,23001,23,2300200,230020040,2,2,1.0,1.0,1.0,0.0,0.0,0.0,0.0,0.0,0.0,0.0,0.0,0.0,0.0,1.0,1.0,0.0,1.0,0.0,0.0,1.0,0.0,0.0,0.0,0.0,1.0,0.0,1.0,0.0,0.0,0.0,0.0,0.0,1.0,1.0,1.0,1.0,0.0,1.0,0.0,1.0,1.0,1.0,1.0,1.0,0.0,0.0,0.0,1.0,0.0,1.0,1.0,1.0,1.0,1.0,1.0,1.0,0.0,1.0,0.0,0.0,0.0,0.0,1.0,0.0,8.0,8.0,1.0,0.0,1.0,0.0,0.0,0.0,0.0,1.0,0.0,1.0,0.0,0.0,1.0,2.0,0.0,2.0,0.0,0.0,0.0,0.0,2.0,0.0,2.0,0.0,0.0,69.0,13.0,56.0,1.0,1.0,23.0,1.0,0.0,0.0,0.0,0.0,0.0,1.0,0.0,0.0,0.0,0.0,1.0,0.0,0.0,0.0,1.0,0.0,0.0,0.0,0.0,0.0,0.0,1.0,0.0,0.0,0.0,0.0,0.0,0.0,0.0,0.0,0.0,0.0,0.0,0.0,0.0,0.0,0.0,0.0,0.0,9.0,4.0,24.0,1.0,2.0,2.0,0.0,0.0,18.0,11.0,8.0,3.0,1.0,1.0,2.0,40.0,0.0,42.0,33.0,9.0,29.0,11.0,2.0,31.0,10.0,1.0,4.0,29.0,9.0,3.0,3.0,13.0,17.0,6.0,0.0,10.0,5.0,7.0,5.0,15.0,38.0,3.0,0.0,0.0,1.0,34.0,6.0,2.0,1.0,14.0,5.0,5.0,3.0,2.0,12.0,28.0,14.0,24.0,18.0,21.0,21.0,0.0,2.0,15.0,5.0,3.0,0.0,1.0,16.0,31.0,11.0,18.0,24.0,36.0,4.0,2.0,41.0,1.0,39.0,3.0,34.0,8.0,41.0,1.0,30.0,12.0,10.0,26.0,6.0,21.0,16.0,5.0,7.0,13.0,5.0,13.0,4.0,15.0,10.0,2.0,3.0,12.0,4.0,38.0,31.0,9.0,2.0,0.0,40.0,0.0,2.0,25.0,15.0,2.0,35.0,6.0,1.0,16.0,26.0,35.0,7.0,19.0,21.0,1.0,1.0,31.0,10.0,1.0,17.0,23.0,2.0,29.0,11.0,2.0,36.0,3.0,2.0,1.0,27.0,15.0,28.0,11.0,3.0,0.0,37.0,5.0,0.0,33.0,9.0,0.0,25.0,17.0,0.0,27.0,15.0,0.0,40.0,1.0,0.0,1.0,9.0,25.0,8.0,0.0,Atingiu a média
1,23052643,2017,1,2,2302,23013,23,2301208,230120805,2,2,1.0,1.0,1.0,0.0,0.0,0.0,0.0,0.0,0.0,0.0,1.0,0.0,0.0,1.0,1.0,0.0,1.0,0.0,0.0,1.0,0.0,0.0,0.0,0.0,1.0,0.0,1.0,0.0,0.0,0.0,0.0,0.0,1.0,1.0,1.0,0.0,1.0,1.0,0.0,1.0,1.0,0.0,0.0,0.0,0.0,0.0,0.0,1.0,0.0,0.0,1.0,1.0,0.0,0.0,1.0,1.0,0.0,0.0,1.0,0.0,0.0,1.0,0.0,0.0,8.0,8.0,0.0,0.0,0.0,0.0,0.0,0.0,0.0,0.0,0.0,0.0,0.0,0.0,1.0,0.0,0.0,0.0,0.0,0.0,0.0,0.0,0.0,0.0,0.0,0.0,0.0,17.0,5.0,12.0,1.0,1.0,32.0,1.0,1.0,0.0,0.0,0.0,0.0,1.0,0.0,0.0,0.0,0.0,1.0,0.0,0.0,0.0,1.0,1.0,0.0,0.0,0.0,0.0,0.0,1.0,0.0,0.0,0.0,0.0,0.0,0.0,0.0,0.0,0.0,0.0,1.0,0.0,0.0,0.0,0.0,0.0,0.0,7.0,5.0,62.0,4.0,0.0,2.0,0.0,1.0,32.0,33.0,8.0,5.0,0.0,1.0,4.0,76.0,2.0,78.0,54.0,26.0,69.0,10.0,1.0,58.0,21.0,1.0,0.0,62.0,18.0,0.0,10.0,34.0,32.0,4.0,0.0,12.0,15.0,22.0,19.0,12.0,73.0,6.0,1.0,0.0,0.0,64.0,10.0,6.0,4.0,20.0,16.0,11.0,12.0,8.0,9.0,63.0,17.0,58.0,22.0,46.0,29.0,5.0,12.0,19.0,13.0,3.0,10.0,2.0,21.0,42.0,38.0,33.0,47.0,72.0,6.0,2.0,79.0,1.0,77.0,3.0,76.0,4.0,79.0,1.0,68.0,12.0,32.0,44.0,4.0,58.0,20.0,2.0,18.0,27.0,19.0,14.0,2.0,27.0,33.0,2.0,5.0,13.0,7.0,73.0,42.0,31.0,6.0,1.0,80.0,0.0,0.0,57.0,17.0,6.0,76.0,3.0,1.0,24.0,56.0,71.0,9.0,59.0,21.0,0.0,0.0,72.0,8.0,0.0,49.0,31.0,0.0,72.0,8.0,0.0,75.0,5.0,0.0,0.0,55.0,25.0,60.0,19.0,1.0,0.0,78.0,2.0,0.0,72.0,8.0,0.0,55.0,25.0,0.0,61.0,19.0,0.0,79.0,1.0,0.0,0.0,11.0,48.0,21.0,0.0,Atingiu a média
2,23225190,2017,1,2,2304,23018,23,2301257,230125705,2,1,1.0,1.0,1.0,0.0,0.0,0.0,0.0,0.0,0.0,0.0,0.0,0.0,0.0,1.0,1.0,1.0,0.0,0.0,0.0,1.0,0.0,0.0,0.0,0.0,1.0,0.0,1.0,0.0,0.0,0.0,0.0,0.0,1.0,1.0,1.0,1.0,1.0,1.0,0.0,1.0,1.0,1.0,0.0,1.0,0.0,0.0,0.0,1.0,0.0,1.0,0.0,1.0,1.0,1.0,1.0,1.0,1.0,0.0,0.0,0.0,0.0,0.0,0.0,0.0,8.0,8.0,1.0,0.0,1.0,1.0,1.0,0.0,1.0,1.0,1.0,1.0,0.0,1.0,1.0,1.0,0.0,1.0,1.0,1.0,0.0,1.0,1.0,1.0,1.0,0.0,1.0,22.0,4.0,18.0,1.0,0.0,42.0,1.0,1.0,0.0,0.0,0.0,0.0,1.0,0.0,0.0,0.0,0.0,1.0,0.0,0.0,0.0,1.0,1.0,0.0,0.0,0.0,0.0,0.0,1.0,0.0,0.0,0.0,0.0,0.0,0.0,0.0,0.0,0.0,0.0,1.0,0.0,0.0,0.0,0.0,0.0,0.0,22.0,8.0,83.0,3.0,1.0,5.0,0.0,0.0,42.0,43.0,12.0,7.0,9.0,9.0,2.0,120.0,2.0,120.0,75.0,47.0,105.0,16.0,1.0,89.0,32.0,1.0,0.0,110.0,12.0,0.0,8.0,67.0,39.0,8.0,2.0,15.0,23.0,44.0,19.0,19.0,111.0,9.0,1.0,0.0,1.0,95.0,24.0,3.0,11.0,46.0,23.0,4.0,14.0,5.0,19.0,95.0,27.0,86.0,36.0,81.0,38.0,3.0,20.0,39.0,12.0,10.0,5.0,3.0,33.0,70.0,52.0,58.0,64.0,98.0,13.0,11.0,119.0,3.0,117.0,5.0,113.0,9.0,120.0,2.0,90.0,32.0,41.0,67.0,14.0,71.0,44.0,7.0,36.0,30.0,21.0,28.0,7.0,33.0,46.0,17.0,10.0,16.0,25.0,97.0,75.0,28.0,15.0,4.0,121.0,1.0,0.0,83.0,32.0,7.0,103.0,15.0,4.0,52.0,70.0,86.0,36.0,79.0,36.0,7.0,0.0,105.0,17.0,0.0,65.0,57.0,0.0,106.0,16.0,0.0,118.0,4.0,0.0,0.0,95.0,27.0,79.0,38.0,5.0,0.0,114.0,8.0,0.0,100.0,22.0,0.0,89.0,33.0,0.0,89.0,33.0,0.0,113.0,9.0,0.0,0.0,43.0,64.0,15.0,0.0,Atingiu a média
3,23105828,2017,1,2,2304,23020,23,2301505,230150505,2,1,1.0,1.0,1.0,0.0,0.0,0.0,0.0,0.0,0.0,0.0,0.0,0.0,0.0,1.0,1.0,0.0,0.0,0.0,0.0,1.0,0.0,0.0,0.0,1.0,1.0,0.0,1.0,0.0,0.0,0.0,0.0,0.0,1.0,1.0,1.0,0.0,1.0,1.0,0.0,1.0,1.0,1.0,0.0,1.0,0.0,0.0,0.0,1.0,0.0,0.0,0.0,1.0,1.0,0.0,1.0,0.0,0.0,0.0,0.0,0.0,0.0,0.0,0.0,0.0,8.0,8.0,1.0,0.0,1.0,1.0,1.0,1.0,1.0,0.0,1.0,1.0,0.0,1.0,1.0,3.0,0.0,1.0,1.0,1.0,1.0,2.0,0.0,1.0,1.0,0.0,1.0,33.0,8.0,25.0,1.0,0.0,35.0,1.0,1.0,0.0,0.0,0.0,0.0,1.0,0.0,0.0,0.0,0.0,1.0,0.0,0.0,0.0,1.0,1.0,0.0,0.0,0.0,0.0,0.0,1.0,0.0,0.0,0.0,0.0,0.0,0.0,0.0,0.0,0.0,0.0,1.0,0.0,0.0,0.0,0.0,0.0,0.0,9.0,3.0,48.0,1.0,2.0,3.0,0.0,1.0,22.0,34.0,6.0,0.0,1.0,2.0,0.0,66.0,0.0,66.0,44.0,22.0,61.0,4.0,1.0,50.0,14.0,2.0,2.0,53.0,11.0,0.0,12.0,33.0,20.0,1.0,0.0,8.0,18.0,20.0,13.0,7.0,62.0,3.0,0.0,1.0,0.0,50.0,13.0,3.0,6.0,19.0,7.0,6.0,9.0,12.0,7.0,53.0,13.0,44.0,22.0,32.0,29.0,5.0,10.0,9.0,11.0,8.0,6.0,3.0,19.0,45.0,21.0,31.0,35.0,56.0,6.0,4.0,65.0,1.0,60.0,6.0,59.0,7.0,65.0,1.0,50.0,16.0,18.0,43.0,5.0,42.0,21.0,3.0,19.0,16.0,13.0,17.0,1.0,23.0,24.0,7.0,6.0,6.0,6.0,60.0,49.0,12.0,5.0,0.0,59.0,1.0,6.0,57.0,7.0,2.0,59.0,5.0,2.0,15.0,51.0,65.0,1.0,51.0,15.0,0.0,0.0,62.0,3.0,1.0,43.0,21.0,2.0,54.0,11.0,1.0,62.0,3.0,0.0,1.0,49.0,17.0,41.0,24.0,1.0,0.0,64.0,2.0,0.0,57.0,8.0,1.0,47.0,18.0,1.0,39.0,26.0,1.0,65.0,1.0,0.0,0.0,12.0,47.0,7.0,0.0,Atingiu a média
4,23158514,2017,1,2,2307,23031,23,2301703,230170305,2,1,1.0,1.0,1.0,0.0,0.0,0.0,0.0,0.0,0.0,0.0,1.0,0.0,0.0,1.0,1.0,0.0,1.0,0.0,0.0,1.0,0.0,0.0,0.0,1.0,1.0,0.0,1.0,0.0,0.0,0.0,0.0,0.0,1.0,1.0,1.0,1.0,0.0,0.0,0.0,0.0,1.0,0.0,1.0,1.0,0.0,0.0,0.0,1.0,0.0,1.0,0.0,1.0,1.0,0.0,1.0,1.0,0.0,1.0,1.0,0.0,0.0,1.0,0.0,0.0,6.0,5.0,1.0,0.0,1.0,0.0,0.0,0.0,1.0,1.0,0.0,1.0,1.0,1.0,1.0,7.0,0.0,1.0,0.0,0.0,0.0,1.0,2.0,0.0,1.0,1.0,1.0,23.0,10.0,13.0,1.0,0.0,44.0,1.0,0.0,0.0,0.0,0.0,0.0,1.0,0.0,0.0,1.0,0.0,1.0,0.0,0.0,0.0,1.0,1.0,0.0,0.0,0.0,0.0,0.0,1.0,0.0,0.0,0.0,0.0,0.0,0.0,0.0,0.0,0.0,0.0,1.0,0.0,0.0,0.0,0.0,0.0,0.0,11.0,6.0,48.0,7.0,1.0,5.0,0.0,1.0,22.0,40.0,8.0,5.0,2.0,0.0,4.0,74.0,0.0,78.0,52.0,26.0,66.0,12.0,0.0,57.0,21.0,0.0,2.0,63.0,13.0,0.0,17.0,46.0,13.0,2.0,0.0,11.0,12.0,29.0,20.0,6.0,76.0,2.0,0.0,0.0,0.0,65.0,11.0,2.0,1.0,30.0,18.0,7.0,12.0,8.0,2.0,64.0,14.0,57.0,21.0,59.0,17.0,2.0,11.0,28.0,14.0,8.0,9.0,2.0,6.0,57.0,21.0,42.0,36.0,53.0,18.0,7.0,77.0,1.0,73.0,5.0,69.0,9.0,76.0,2.0,64.0,14.0,23.0,45.0,10.0,40.0,37.0,1.0,14.0,27.0,12.0,23.0,2.0,29.0,24.0,6.0,6.0,13.0,11.0,67.0,28.0,44.0,3.0,3.0,74.0,1.0,3.0,49.0,25.0,4.0,70.0,7.0,1.0,8.0,70.0,62.0,16.0,50.0,28.0,0.0,0.0,70.0,7.0,1.0,42.0,36.0,0.0,73.0,5.0,0.0,64.0,13.0,1.0,0.0,52.0,26.0,47.0,27.0,4.0,0.0,65.0,13.0,0.0,63.0,15.0,0.0,57.0,21.0,0.0,60.0,18.0,0.0,67.0,8.0,3.0,0.0,9.0,38.0,23.0,8.0,Atingiu a média
5,23159545,2017,1,2,2307,23031,23,2302008,230200805,2,1,2.0,1.0,1.0,0.0,0.0,0.0,0.0,0.0,0.0,0.0,0.0,0.0,0.0,1.0,1.0,1.0,1.0,0.0,0.0,1.0,0.0,0.0,0.0,0.0,1.0,0.0,1.0,0.0,0.0,0.0,0.0,0.0,0.0,1.0,1.0,0.0,1.0,1.0,0.0,1.0,1.0,0.0,1.0,1.0,0.0,0.0,0.0,1.0,0.0,1.0,0.0,1.0,1.0,0.0,1.0,1.0,0.0,1.0,1.0,0.0,0.0,1.0,0.0,0.0,6.0,6.0,1.0,0.0,0.0,1.0,1.0,1.0,1.0,0.0,1.0,1.0,1.0,1.0,1.0,7.0,0.0,0.0,1.0,1.0,1.0,1.0,0.0,1.0,2.0,1.0,1.0,28.0,5.0,23.0,1.0,1.0,36.0,1.0,1.0,0.0,0.0,0.0,0.0,1.0,0.0,0.0,1.0,0.0,1.0,0.0,0.0,0.0,1.0,1.0,1.0,0.0,0.0,0.0,0.0,1.0,0.0,0.0,0.0,0.0,0.0,0.0,0.0,0.0,0.0,0.0,1.0,1.0,0.0,0.0,0.0,0.0,0.0,32.0,10.0,70.0,4.0,3.0,8.0,0.0,11.0,54.0,43.0,8.0,6.0,2.0,3.0,5.0,122.0,4.0,123.0,92.0,35.0,104.0,21.0,2.0,80.0,42.0,5.0,1.0,110.0,16.0,2.0,10.0,88.0,23.0,4.0,1.0,18.0,25.0,40.0,28.0,15.0,121.0,4.0,2.0,0.0,0.0,106.0,11.0,10.0,5.0,41.0,23.0,17.0,25.0,7.0,9.0,115.0,12.0,93.0,34.0,80.0,42.0,5.0,14.0,38.0,23.0,8.0,18.0,4.0,22.0,91.0,36.0,61.0,66.0,91.0,26.0,10.0,126.0,1.0,125.0,2.0,113.0,14.0,126.0,1.0,109.0,18.0,43.0,77.0,7.0,80.0,42.0,5.0,24.0,41.0,18.0,41.0,3.0,46.0,43.0,9.0,8.0,21.0,18.0,109.0,64.0,51.0,11.0,1.0,124.0,1.0,2.0,80.0,35.0,12.0,121.0,4.0,2.0,18.0,109.0,108.0,19.0,99.0,26.0,1.0,1.0,117.0,7.0,3.0,78.0,45.0,4.0,109.0,17.0,1.0,104.0,21.0,2.0,0.0,91.0,36.0,95.0,29.0,3.0,0.0,122.0,5.0,0.0,114.0,13.0,0.0,98.0,27.0,2.0,98.0,27.0,2.0,124.0,3.0,0.0,0.0,38.0,77.0,11.0,1.0,Atingiu a média
6,23159766,2017,1,2,2307,23031,23,2302008,230200805,2,1,2.0,1.0,1.0,0.0,0.0,0.0,0.0,0.0,0.0,0.0,1.0,0.0,0.0,1.0,1.0,0.0,1.0,0.0,0.0,1.0,0.0,0.0,0.0,0.0,1.0,0.0,1.0,1.0,0.0,0.0,0.0,0.0,1.0,1.0,1.0,0.0,0.0,1.0,0.0,1.0,1.0,0.0,0.0,0.0,0.0,0.0,0.0,1.0,0.0,1.0,0.0,1.0,0.0,0.0,1.0,1.0,0.0,0.0,0.0,0.0,0.0,0.0,0.0,0.0,8.0,5.0,1.0,1.0,0.0,0.0,1.0,1.0,0.0,1.0,0.0,1.0,1.0,1.0,1.0,1.0,2.0,0.0,0.0,1.0,1.0,0.0,1.0,0.0,3.0,1.0,1.0,20.0,5.0,9.0,1.0,0.0,29.0,1.0,0.0,0.0,0.0,0.0,0.0,1.0,0.0,0.0,0.0,0.0,1.0,0.0,0.0,0.0,1.0,0.0,0.0,0.0,0.0,0.0,0.0,1.0,0.0,0.0,0.0,0.0,0.0,0.0,0.0,0.0,0.0,0.0,0.0,0.0,0.0,0.0,0.0,0.0,0.0,10.0,4.0,40.0,3.0,0.0,3.0,2.0,13.0,14.0,12.0,12.0,6.0,1.0,0.0,1.0,59.0,1.0,59.0,38.0,22.0,48.0,11.0,1.0,37.0,20.0,3.0,1.0,51.0,8.0,1.0,3.0,36.0,18.0,2.0,1.0,5.0,9.0,22.0,12.0,11.0,56.0,4.0,0.0,0.0,0.0,52.0,5.0,3.0,1.0,23.0,14.0,3.0,12.0,3.0,4.0,53.0,7.0,47.0,13.0,38.0,20.0,2.0,4.0,21.0,12.0,5.0,7.0,1.0,10.0,50.0,10.0,29.0,31.0,42.0,15.0,3.0,58.0,2.0,55.0,5.0,51.0,9.0,59.0,1.0,43.0,17.0,12.0,35.0,13.0,36.0,18.0,6.0,14.0,18.0,14.0,12.0,2.0,22.0,18.0,4.0,9.0,7.0,7.0,53.0,23.0,30.0,4.0,3.0,60.0,0.0,0.0,29.0,23.0,8.0,56.0,4.0,0.0,8.0,52.0,44.0,16.0,36.0,21.0,3.0,0.0,52.0,8.0,0.0,30.0,30.0,0.0,44.0,16.0,0.0,59.0,1.0,0.0,0.0,33.0,27.0,33.0,20.0,7.0,0.0,53.0,7.0,0.0,52.0,8.0,0.0,38.0,22.0,0.0,40.0,20.0,0.0,58.0,2.0,0.0,0.0,12.0,29.0,19.0,0.0,Atingiu a média
7,23053380,2017,1,2,2302,23013,23,2302107,230210705,2,1,1.0,1.0,1.0,0.0,0.0,0.0,0.0,0.0,0.0,0.0,0.0,0.0,1.0,1.0,1.0,0.0,0.0,0.0,0.0,1.0,0.0,0.0,0.0,1.0,0.0,0.0,1.0,0.0,0.0,0.0,0.0,1.0,1.0,1.0,1.0,1.0,0.0,0.0,0.0,0.0,1.0,1.0,1.0,1.0,0.0,0.0,0.0,1.0,0.0,0.0,1.0,1.0,0.0,0.0,1.0,1.0,0.0,0.0,1.0,0.0,0.0,0.0,0.0,0.0,10.0,7.0,1.0,0.0,0.0,0.0,1.0,0.0,1.0,1.0,1.0,1.0,0.0,1.0,1.0,1.0,0.0,0.0,0.0,1.0,0.0,2.0,1.0,1.0,2.0,0.0,2.0,9.0,2.0,7.0,1.0,1.0,27.0,1.0,0.0,0.0,0.0,0.0,0.0,1.0,0.0,0.0,0.0,0.0,1.0,0.0,0.0,0.0,1.0,0.0,0.0,0.0,0.0,0.0,1.0,1.0,0.0,0.0,0.0,0.0,0.0,0.0,0.0,0.0,0.0,0.0,0.0,0.0,0.0,0.0,0.0,0.0,0.0,5.0,2.0,12.0,0.0,0.0,0.0,0.0,0.0,4.0,8.0,5.0,0.0,2.0,0.0,1.0,18.0,0.0,19.0,10.0,9.0,15.0,4.0,0.0,10.0,9.0,0.0,0.0,15.0,4.0,0.0,3.0,6.0,5.0,5.0,1.0,1.0,4.0,6.0,3.0,4.0,18.0,1.0,0.0,0.0,0.0,15.0,3.0,1.0,1.0,3.0,4.0,2.0,6.0,0.0,3.0,18.0,1.0,14.0,5.0,12.0,6.0,1.0,2.0,3.0,4.0,2.0,1.0,0.0,7.0,15.0,4.0,9.0,10.0,9.0,8.0,2.0,19.0,0.0,16.0,3.0,16.0,3.0,18.0,1.0,12.0,7.0,4.0,15.0,0.0,13.0,4.0,2.0,1.0,7.0,2.0,6.0,3.0,5.0,8.0,0.0,0.0,6.0,1.0,18.0,12.0,4.0,1.0,2.0,19.0,0.0,0.0,11.0,8.0,0.0,17.0,0.0,2.0,5.0,14.0,18.0,1.0,11.0,7.0,1.0,0.0,16.0,3.0,0.0,11.0,8.0,0.0,16.0,3.0,0.0,17.0,2.0,0.0,0.0,15.0,4.0,9.0,8.0,2.0,0.0,18.0,1.0,0.0,16.0,3.0,0.0,17.0,2.0,0.0,16.0,3.0,0.0,18.0,1.0,0.0,0.0,4.0,9.0,6.0,0.0,Atingiu a média
8,23244828,2017,1,2,2302,23015,23,2302206,230220625,2,1,2.0,1.0,1.0,0.0,0.0,0.0,0.0,0.0,0.0,0.0,0.0,0.0,0.0,1.0,0.0,1.0,0.0,0.0,0.0,1.0,0.0,0.0,0.0,0.0,1.0,0.0,1.0,0.0,0.0,0.0,1.0,0.0,1.0,1.0,1.0,1.0,0.0,1.0,0.0,1.0,1.0,1.0,0.0,1.0,1.0,1.0,0.0,1.0,0.0,1.0,1.0,1.0,1.0,0.0,1.0,1.0,0.0,1.0,0.0,0.0,0.0,1.0,0.0,0.0,8.0,8.0,1.0,0.0,1.0,1.0,1.0,0.0,1.0,1.0,1.0,1.0,0.0,1.0,1.0,3.0,0.0,2.0,1.0,1.0,0.0,2.0,1.0,1.0,4.0,0.0,2.0,44.0,5.0,39.0,1.0,1.0,74.0,1.0,0.0,0.0,0.0,0.0,0.0,1.0,0.0,0.0,0.0,0.0,1.0,0.0,0.0,0.0,1.0,1.0,0.0,0.0,0.0,0.0,0.0,1.0,0.0,0.0,0.0,0.0,0.0,0.0,0.0,0.0,0.0,0.0,1.0,0.0,0.0,0.0,0.0,0.0,0.0,39.0,20.0,173.0,3.0,7.0,5.0,0.0,0.0,69.0,120.0,31.0,15.0,6.0,6.0,6.0,241.0,2.0,245.0,165.0,82.0,191.0,50.0,6.0,192.0,51.0,4.0,1.0,171.0,75.0,0.0,23.0,118.0,88.0,18.0,1.0,26.0,52.0,80.0,49.0,39.0,215.0,23.0,7.0,1.0,1.0,195.0,37.0,15.0,11.0,86.0,43.0,28.0,33.0,5.0,41.0,210.0,37.0,184.0,63.0,139.0,98.0,10.0,26.0,69.0,37.0,20.0,20.0,4.0,71.0,170.0,77.0,123.0,124.0,202.0,31.0,14.0,241.0,6.0,222.0,25.0,204.0,43.0,243.0,4.0,181.0,66.0,80.0,142.0,25.0,149.0,87.0,11.0,56.0,77.0,43.0,64.0,7.0,87.0,81.0,24.0,25.0,30.0,51.0,196.0,131.0,104.0,11.0,1.0,246.0,1.0,0.0,184.0,48.0,15.0,232.0,10.0,5.0,54.0,193.0,193.0,54.0,166.0,72.0,9.0,0.0,226.0,18.0,3.0,137.0,107.0,3.0,195.0,49.0,3.0,210.0,35.0,1.0,1.0,184.0,63.0,172.0,66.0,9.0,0.0,231.0,15.0,1.0,224.0,22.0,1.0,156.0,90.0,1.0,183.0,60.0,4.0,241.0,5.0,1.0,0.0,37.0,122.0,77.0,11.0,Atingiu a média
9,23153261,2017,1,2,2307,23029,23,2302701,230270105,2,1,1.0,1.0,1.0,0.0,0.0,0.0,0.0,0.0,0.0,0.0,1.0,0.0,0.0,1.0,1.0,0.0,1.0,0.0,0.0,1.0,0.0,0.0,0.0,1.0,1.0,0.0,1.0,0.0,0.0,0.0,0.0,0.0,1.0,1.0,1.0,1.0,0.0,0.0,0.0,0.0,1.0,1.0,1.0,1.0,0.0,0.0,0.0,1.0,0.0,0.0,0.0,1.0,0.0,0.0,1.0,1.0,1.0,1.0,0.0,0.0,0.0,0.0,0.0,0.0,9.0,24.0,1.0,0.0,1.0,1.0,1.0,0.0,1.0,1.0,1.0,1.0,1.0,0.0,1.0,2.0,0.0,1.0,1.0,1.0,0.0,1.0,2.0,1.0,2.0,1.0,0.0,48.0,7.0,41.0,1.0,1.0,83.0,1.0,0.0,0.0,0.0,0.0,0.0,1.0,0.0,0.0,0.0,0.0,1.0,0.0,0.0,0.0,1.0,0.0,0.0,0.0,0.0,0.0,0.0,1.0,0.0,0.0,0.0,0.0,0.0,0.0,0.0,0.0,0.0,0.0,0.0,0.0,0.0,0.0,0.0,0.0,0.0,54.0,34.0,109.0,17.0,5.0,15.0,0.0,11.0,92.0,96.0,22.0,10.0,2.0,1.0,8.0,226.0,5.0,229.0,149.0,85.0,194.0,37.0,3.0,152.0,71.0,11.0,9.0,179.0,46.0,2.0,16.0,118.0,82.0,16.0,1.0,25.0,51.0,81.0,39.0,37.0,219.0,14.0,1.0,0.0,0.0,196.0,27.0,11.0,10.0,67.0,38.0,32.0,39.0,26.0,22.0,199.0,35.0,171.0,63.0,138.0,91.0,5.0,27.0,59.0,37.0,25.0,28.0,10.0,48.0,153.0,81.0,108.0,126.0,191.0,36.0,7.0,227.0,7.0,217.0,17.0,213.0,21.0,228.0,6.0,172.0,62.0,85.0,126.0,23.0,145.0,85.0,4.0,45.0,68.0,46.0,62.0,13.0,68.0,82.0,21.0,27.0,36.0,39.0,195.0,148.0,66.0,17.0,3.0,218.0,3.0,13.0,179.0,45.0,10.0,220.0,13.0,1.0,63.0,171.0,210.0,24.0,167.0,65.0,2.0,0.0,203.0,30.0,1.0,129.0,105.0,0.0,199.0,35.0,0.0,211.0,20.0,3.0,0.0,158.0,76.0,161.0,64.0,8.0,1.0,217.0,16.0,1.0,187.0,46.0,1.0,170.0,62.0,2.0,177.0,54.0,3.0,216.0,16.0,2.0,0.0,38.0,129.0,53.0,14.0,Atingiu a média
10,23047895,2017,1,2,2302,23012,23,2302800,230280005,2,1,1.0,1.0,1.0,0.0,0.0,0.0,0.0,0.0,0.0,0.0,1.0,1.0,0.0,1.0,1.0,0.0,0.0,0.0,0.0,1.0,0.0,0.0,0.0,1.0,0.0,0.0,1.0,0.0,0.0,0.0,0.0,0.0,1.0,1.0,1.0,1.0,0.0,1.0,0.0,1.0,1.0,1.0,0.0,1.0,0.0,0.0,0.0,1.0,0.0,1.0,1.0,1.0,0.0,0.0,0.0,1.0,0.0,0.0,0.0,0.0,0.0,1.0,0.0,0.0,10.0,16.0,1.0,0.0,0.0,0.0,0.0,0.0,0.0,1.0,0.0,1.0,1.0,0.0,1.0,2.0,0.0,0.0,0.0,0.0,0.0,0.0,1.0,0.0,10.0,1.0,0.0,80.0,7.0,73.0,1.0,1.0,96.0,1.0,0.0,0.0,0.0,0.0,0.0,1.0,0.0,0.0,0.0,0.0,1.0,0.0,0.0,0.0,1.0,1.0,1.0,0.0,0.0,0.0,0.0,1.0,0.0,0.0,0.0,0.0,0.0,0.0,0.0,0.0,0.0,0.0,1.0,1.0,0.0,0.0,0.0,0.0,0.0,55.0,25.0,178.0,18.0,5.0,21.0,2.0,2.0,83.0,142.0,41.0,21.0,7.0,4.0,11.0,291.0,5.0,297.0,206.0,96.0,254.0,45.0,3.0,222.0,71.0,9.0,6.0,244.0,52.0,12.0,49.0,161.0,68.0,12.0,3.0,30.0,62.0,80.0,66.0,61.0,285.0,11.0,4.0,2.0,0.0,240.0,43.0,19.0,17.0,81.0,59.0,39.0,40.0,12.0,54.0,250.0,52.0,212.0,90.0,160.0,130.0,12.0,45.0,61.0,47.0,21.0,28.0,5.0,95.0,191.0,111.0,139.0,163.0,196.0,86.0,20.0,291.0,11.0,275.0,27.0,257.0,45.0,288.0,14.0,200.0,102.0,94.0,166.0,42.0,183.0,103.0,16.0,65.0,90.0,39.0,88.0,20.0,104.0,109.0,23.0,28.0,38.0,44.0,258.0,173.0,82.0,35.0,12.0,291.0,2.0,9.0,215.0,72.0,15.0,282.0,16.0,4.0,72.0,230.0,264.0,38.0,177.0,103.0,13.0,9.0,257.0,38.0,7.0,158.0,133.0,11.0,248.0,47.0,7.0,278.0,13.0,2.0,9.0,200.0,102.0,189.0,95.0,14.0,4.0,270.0,27.0,5.0,243.0,54.0,5.0,204.0,94.0,4.0,210.0,88.0,4.0,282.0,16.0,1.0,3.0,64.0,154.0,75.0,9.0,Atingiu a média
11,23252472,2017,1,2,2302,23012,23,2302800,230280005,2,2,0.0,1.0,1.0,0.0,0.0,0.0,0.0,0.0,0.0,0.0,0.0,0.0,0.0,1.0,1.0,0.0,0.0,0.0,0.0,1.0,0.0,0.0,0.0,0.0,1.0,0.0,1.0,0.0,0.0,0.0,0.0,0.0,0.0,1.0,0.0,1.0,0.0,0.0,0.0,0.0,1.0,1.0,0.0,1.0,0.0,0.0,0.0,0.0,0.0,0.0,0.0,1.0,0.0,0.0,1.0,1.0,0.0,0.0,0.0,0.0,0.0,0.0,0.0,0.0,14.0,6.0,1.0,0.0,1.0,0.0,0.0,0.0,0.0,1.0,0.0,1.0,0.0,0.0,1.0,2.0,0.0,2.0,0.0,0.0,0.0,0.0,1.0,0.0,3.0,0.0,0.0,45.0,4.0,42.0,1.0,0.0,23.0,1.0,0.0,0.0,1.0,0.0,0.0,1.0,0.0,0.0,1.0,0.0,1.0,0.0,0.0,0.0,1.0,1.0,0.0,0.0,0.0,0.0,0.0,1.0,0.0,0.0,0.0,0.0,0.0,0.0,0.0,0.0,0.0,0.0,1.0,0.0,0.0,0.0,0.0,0.0,0.0,11.0,9.0,59.0,4.0,1.0,7.0,0.0,0.0,28.0,40.0,15.0,4.0,1.0,3.0,3.0,88.0,3.0,88.0,69.0,22.0,80.0,8.0,3.0,81.0,10.0,0.0,1.0,79.0,11.0,3.0,13.0,42.0,26.0,7.0,1.0,7.0,19.0,33.0,18.0,13.0,85.0,6.0,0.0,0.0,0.0,75.0,11.0,5.0,2.0,38.0,19.0,8.0,9.0,1.0,14.0,76.0,15.0,66.0,25.0,61.0,25.0,5.0,14.0,34.0,14.0,2.0,4.0,2.0,21.0,53.0,38.0,41.0,50.0,54.0,30.0,7.0,89.0,2.0,77.0,14.0,72.0,19.0,89.0,2.0,67.0,24.0,26.0,57.0,8.0,62.0,23.0,6.0,24.0,32.0,16.0,13.0,6.0,28.0,32.0,6.0,12.0,13.0,5.0,86.0,52.0,30.0,8.0,1.0,90.0,1.0,0.0,63.0,26.0,2.0,86.0,3.0,2.0,20.0,71.0,84.0,7.0,59.0,31.0,1.0,0.0,80.0,10.0,1.0,47.0,44.0,0.0,72.0,19.0,0.0,85.0,6.0,0.0,0.0,59.0,32.0,45.0,40.0,5.0,1.0,84.0,6.0,1.0,81.0,10.0,0.0,65.0,24.0,2.0,54.0,35.0,2.0,86.0,4.0,0.0,1.0,21.0,56.0,14.0,0.0,Atingiu a média
12,23156201,2017,1,2,2307,23030,23,2303204,230320405,2,1,1.0,1.0,1.0,0.0,0.0,0.0,0.0,0.0,0.0,0.0,0.0,0.0,0.0,1.0,1.0,0.0,0.0,0.0,0.0,1.0,0.0,0.0,0.0,0.0,1.0,0.0,1.0,0.0,0.0,0.0,0.0,0.0,1.0,1.0,1.0,1.0,0.0,1.0,0.0,1.0,1.0,0.0,1.0,1.0,0.0,0.0,0.0,1.0,0.0,0.0,1.0,1.0,0.0,0.0,1.0,1.0,0.0,1.0,1.0,0.0,0.0,0.0,0.0,0.0,7.0,7.0,1.0,0.0,0.0,1.0,0.0,0.0,0.0,0.0,0.0,1.0,0.0,0.0,1.0,1.0,0.0,0.0,1.0,0.0,0.0,0.0,0.0,0.0,3.0,0.0,0.0,16.0,4.0,12.0,1.0,1.0,47.0,1.0,0.0,0.0,0.0,0.0,0.0,1.0,0.0,0.0,0.0,0.0,1.0,0.0,0.0,0.0,1.0,1.0,0.0,0.0,0.0,0.0,1.0,1.0,0.0,0.0,0.0,0.0,0.0,0.0,0.0,0.0,0.0,0.0,1.0,0.0,0.0,0.0,0.0,0.0,0.0,12.0,7.0,104.0,6.0,4.0,9.0,0.0,6.0,43.0,53.0,25.0,9.0,2.0,4.0,1.0,141.0,1.0,141.0,100.0,42.0,115.0,25.0,2.0,102.0,36.0,4.0,3.0,122.0,17.0,0.0,24.0,61.0,50.0,7.0,0.0,12.0,28.0,34.0,38.0,30.0,137.0,3.0,2.0,0.0,0.0,126.0,11.0,5.0,8.0,51.0,31.0,15.0,17.0,7.0,13.0,112.0,30.0,87.0,55.0,89.0,45.0,8.0,20.0,37.0,30.0,11.0,11.0,2.0,31.0,94.0,48.0,66.0,76.0,110.0,23.0,9.0,137.0,5.0,129.0,13.0,126.0,16.0,135.0,7.0,107.0,35.0,46.0,86.0,10.0,85.0,50.0,7.0,38.0,57.0,17.0,24.0,6.0,45.0,37.0,18.0,25.0,17.0,26.0,116.0,81.0,39.0,20.0,2.0,134.0,1.0,7.0,83.0,50.0,9.0,135.0,6.0,1.0,27.0,115.0,108.0,34.0,97.0,42.0,2.0,1.0,130.0,11.0,1.0,70.0,70.0,2.0,115.0,24.0,3.0,132.0,9.0,0.0,1.0,105.0,37.0,115.0,26.0,1.0,0.0,140.0,2.0,0.0,123.0,18.0,1.0,101.0,41.0,0.0,97.0,44.0,1.0,136.0,6.0,0.0,0.0,24.0,89.0,29.0,0.0,Atingiu a média
13,23145633,2017,1,2,2306,23027,23,2303303,230330305,2,1,1.0,1.0,3.0,0.0,0.0,0.0,0.0,0.0,0.0,0.0,1.0,0.0,0.0,1.0,1.0,0.0,0.0,0.0,0.0,1.0,0.0,0.0,0.0,0.0,1.0,0.0,1.0,0.0,0.0,0.0,0.0,0.0,1.0,1.0,1.0,0.0,1.0,0.0,0.0,0.0,1.0,0.0,1.0,1.0,0.0,0.0,0.0,0.0,0.0,1.0,1.0,1.0,0.0,0.0,1.0,1.0,0.0,1.0,0.0,0.0,0.0,0.0,0.0,0.0,12.0,12.0,1.0,0.0,0.0,0.0,0.0,0.0,0.0,0.0,0.0,1.0,1.0,1.0,1.0,7.0,0.0,0.0,0.0,0.0,0.0,0.0,0.0,0.0,5.0,1.0,1.0,30.0,4.0,26.0,1.0,1.0,45.0,1.0,1.0,0.0,0.0,0.0,0.0,1.0,0.0,0.0,0.0,0.0,1.0,0.0,0.0,0.0,1.0,1.0,1.0,0.0,0.0,0.0,0.0,1.0,0.0,0.0,0.0,0.0,0.0,0.0,0.0,0.0,0.0,0.0,1.0,1.0,0.0,0.0,0.0,0.0,0.0,31.0,12.0,75.0,8.0,4.0,2.0,0.0,0.0,46.0,54.0,17.0,5.0,3.0,7.0,4.0,128.0,1.0,131.0,90.0,42.0,112.0,18.0,2.0,100.0,30.0,2.0,1.0,120.0,11.0,0.0,15.0,78.0,34.0,5.0,0.0,13.0,41.0,42.0,20.0,16.0,126.0,5.0,1.0,0.0,0.0,117.0,13.0,2.0,5.0,39.0,35.0,21.0,9.0,10.0,13.0,118.0,14.0,113.0,19.0,82.0,48.0,2.0,19.0,42.0,25.0,5.0,9.0,2.0,30.0,91.0,41.0,67.0,65.0,102.0,23.0,7.0,130.0,2.0,124.0,8.0,118.0,14.0,129.0,3.0,107.0,25.0,42.0,72.0,18.0,88.0,38.0,6.0,21.0,31.0,25.0,49.0,6.0,38.0,41.0,12.0,19.0,22.0,14.0,118.0,73.0,43.0,15.0,1.0,128.0,1.0,3.0,103.0,19.0,10.0,124.0,6.0,2.0,19.0,113.0,121.0,11.0,86.0,41.0,5.0,0.0,112.0,19.0,1.0,60.0,70.0,2.0,108.0,22.0,2.0,123.0,7.0,0.0,2.0,93.0,39.0,74.0,51.0,7.0,0.0,124.0,8.0,0.0,110.0,22.0,0.0,88.0,43.0,1.0,93.0,37.0,2.0,126.0,5.0,1.0,0.0,21.0,66.0,42.0,3.0,Atingiu a média
14,23008814,2017,1,2,2301,23002,23,2303402,230340205,2,1,2.0,1.0,1.0,0.0,0.0,0.0,0.0,0.0,0.0,0.0,0.0,0.0,0.0,1.0,1.0,0.0,0.0,0.0,0.0,1.0,0.0,0.0,0.0,0.0,1.0,0.0,1.0,0.0,0.0,0.0,0.0,0.0,1.0,1.0,1.0,1.0,0.0,1.0,0.0,1.0,1.0,1.0,1.0,1.0,0.0,0.0,0.0,1.0,0.0,1.0,1.0,1.0,0.0,1.0,1.0,1.0,0.0,1.0,0.0,0.0,0.0,1.0,0.0,0.0,8.0,8.0,1.0,0.0,0.0,0.0,1.0,0.0,0.0,1.0,1.0,1.0,1.0,1.0,1.0,1.0,0.0,0.0,0.0,1.0,0.0,0.0,2.0,3.0,3.0,1.0,1.0,18.0,8.0,10.0,1.0,0.0,35.0,1.0,0.0,0.0,0.0,0.0,0.0,1.0,0.0,0.0,1.0,0.0,1.0,0.0,0.0,0.0,1.0,0.0,0.0,0.0,0.0,0.0,0.0,1.0,0.0,0.0,0.0,0.0,0.0,0.0,0.0,0.0,0.0,0.0,0.0,0.0,0.0,0.0,0.0,0.0,0.0,34.0,4.0,41.0,5.0,1.0,1.0,0.0,1.0,37.0,29.0,9.0,4.0,2.0,4.0,0.0,86.0,1.0,85.0,56.0,30.0,62.0,22.0,2.0,66.0,20.0,0.0,1.0,63.0,22.0,1.0,2.0,27.0,49.0,7.0,0.0,5.0,21.0,27.0,21.0,12.0,80.0,4.0,1.0,1.0,0.0,69.0,16.0,1.0,5.0,24.0,16.0,7.0,11.0,2.0,21.0,74.0,12.0,65.0,21.0,56.0,26.0,4.0,9.0,21.0,16.0,4.0,6.0,1.0,29.0,63.0,23.0,48.0,38.0,59.0,16.0,11.0,84.0,2.0,84.0,2.0,80.0,6.0,84.0,2.0,65.0,21.0,34.0,48.0,4.0,66.0,18.0,2.0,25.0,28.0,11.0,19.0,3.0,15.0,36.0,8.0,10.0,17.0,17.0,69.0,57.0,25.0,4.0,0.0,83.0,0.0,3.0,61.0,23.0,2.0,75.0,9.0,2.0,33.0,53.0,82.0,4.0,57.0,28.0,1.0,0.0,79.0,7.0,0.0,48.0,36.0,2.0,75.0,10.0,1.0,82.0,4.0,0.0,0.0,67.0,19.0,49.0,33.0,4.0,0.0,83.0,3.0,0.0,74.0,11.0,1.0,62.0,24.0,0.0,60.0,24.0,2.0,78.0,7.0,1.0,0.0,19.0,51.0,16.0,0.0,Atingiu a média
15,23245000,2017,1,2,2301,23002,23,2303402,230340205,2,1,1.0,1.0,1.0,0.0,0.0,0.0,0.0,0.0,0.0,0.0,0.0,0.0,1.0,1.0,1.0,0.0,0.0,0.0,0.0,1.0,0.0,0.0,0.0,0.0,1.0,0.0,1.0,0.0,0.0,0.0,0.0,0.0,1.0,1.0,1.0,1.0,1.0,1.0,0.0,1.0,1.0,0.0,0.0,0.0,0.0,0.0,0.0,1.0,0.0,1.0,1.0,1.0,0.0,0.0,1.0,1.0,0.0,1.0,1.0,0.0,0.0,0.0,0.0,0.0,7.0,6.0,1.0,0.0,0.0,1.0,1.0,0.0,1.0,1.0,1.0,1.0,1.0,1.0,1.0,2.0,0.0,0.0,2.0,1.0,0.0,3.0,2.0,3.0,2.0,1.0,1.0,24.0,5.0,19.0,1.0,1.0,39.0,1.0,1.0,0.0,0.0,0.0,0.0,1.0,0.0,0.0,1.0,0.0,1.0,0.0,0.0,0.0,1.0,0.0,0.0,0.0,0.0,0.0,0.0,1.0,0.0,0.0,0.0,0.0,0.0,0.0,0.0,0.0,0.0,0.0,0.0,0.0,0.0,0.0,0.0,0.0,0.0,25.0,9.0,40.0,7.0,0.0,1.0,1.0,2.0,36.0,27.0,8.0,3.0,2.0,3.0,0.0,82.0,1.0,81.0,56.0,26.0,62.0,16.0,4.0,61.0,20.0,1.0,2.0,61.0,19.0,0.0,0.0,23.0,45.0,14.0,1.0,3.0,20.0,23.0,22.0,13.0,75.0,5.0,1.0,1.0,0.0,73.0,5.0,4.0,5.0,26.0,10.0,10.0,13.0,8.0,10.0,65.0,17.0,63.0,19.0,64.0,17.0,1.0,9.0,24.0,14.0,10.0,8.0,2.0,15.0,57.0,25.0,41.0,41.0,57.0,20.0,5.0,80.0,2.0,75.0,7.0,75.0,7.0,80.0,2.0,61.0,21.0,27.0,46.0,9.0,54.0,24.0,4.0,14.0,25.0,14.0,22.0,7.0,17.0,31.0,11.0,7.0,16.0,14.0,68.0,44.0,32.0,5.0,1.0,80.0,0.0,2.0,57.0,19.0,6.0,75.0,6.0,1.0,34.0,48.0,77.0,5.0,47.0,31.0,4.0,0.0,78.0,4.0,0.0,47.0,35.0,0.0,72.0,10.0,0.0,79.0,3.0,0.0,0.0,56.0,26.0,41.0,34.0,7.0,0.0,76.0,6.0,0.0,64.0,18.0,0.0,59.0,23.0,0.0,58.0,24.0,0.0,78.0,4.0,0.0,0.0,15.0,53.0,14.0,0.0,Atingiu a média
16,23265000,2017,1,2,2302,23015,23,2303501,230350105,2,1,0.0,1.0,1.0,0.0,0.0,0.0,0.0,0.0,0.0,0.0,0.0,0.0,0.0,1.0,0.0,1.0,1.0,0.0,0.0,1.0,0.0,0.0,0.0,0.0,1.0,0.0,1.0,0.0,0.0,0.0,0.0,0.0,1.0,1.0,1.0,1.0,0.0,1.0,0.0,1.0,1.0,0.0,0.0,0.0,0.0,0.0,0.0,0.0,0.0,1.0,0.0,1.0,0.0,0.0,1.0,1.0,0.0,1.0,0.0,0.0,0.0,0.0,0.0,0.0,6.0,6.0,0.0,0.0,0.0,0.0,1.0,1.0,1.0,1.0,0.0,1.0,0.0,0.0,1.0,0.0,0.0,0.0,0.0,1.0,1.0,1.0,1.0,0.0,1.0,0.0,0.0,39.0,12.0,27.0,1.0,1.0,18.0,1.0,0.0,0.0,0.0,0.0,0.0,1.0,0.0,0.0,0.0,0.0,1.0,0.0,0.0,0.0,1.0,0.0,0.0,0.0,0.0,0.0,0.0,1.0,0.0,0.0,0.0,0.0,0.0,0.0,0.0,0.0,0.0,0.0,0.0,0.0,0.0,0.0,0.0,0.0,0.0,14.0,7.0,36.0,2.0,0.0,8.0,0.0,0.0,35.0,19.0,8.0,1.0,2.0,2.0,2.0,65.0,0.0,67.0,34.0,33.0,46.0,18.0,3.0,45.0,19.0,3.0,1.0,40.0,26.0,1.0,8.0,34.0,18.0,6.0,0.0,8.0,16.0,26.0,12.0,5.0,58.0,6.0,0.0,2.0,1.0,53.0,8.0,6.0,0.0,13.0,14.0,10.0,11.0,4.0,15.0,60.0,7.0,51.0,16.0,36.0,27.0,4.0,5.0,10.0,10.0,6.0,10.0,2.0,24.0,52.0,15.0,32.0,35.0,37.0,23.0,7.0,66.0,1.0,59.0,8.0,60.0,7.0,66.0,1.0,49.0,18.0,24.0,33.0,10.0,48.0,15.0,4.0,8.0,14.0,12.0,28.0,5.0,20.0,22.0,8.0,5.0,12.0,13.0,54.0,41.0,24.0,1.0,1.0,62.0,1.0,4.0,53.0,10.0,4.0,63.0,2.0,2.0,6.0,61.0,59.0,8.0,36.0,29.0,2.0,0.0,57.0,9.0,1.0,41.0,25.0,1.0,58.0,8.0,1.0,62.0,2.0,2.0,1.0,42.0,25.0,27.0,34.0,5.0,1.0,60.0,6.0,1.0,49.0,17.0,1.0,43.0,23.0,1.0,53.0,13.0,1.0,57.0,7.0,2.0,1.0,13.0,39.0,15.0,0.0,Atingiu a média
17,23062347,2017,1,2,2303,23016,23,2303709,230370905,2,1,2.0,1.0,1.0,0.0,0.0,0.0,0.0,0.0,0.0,0.0,0.0,0.0,0.0,1.0,1.0,0.0,0.0,0.0,0.0,1.0,0.0,0.0,0.0,1.0,0.0,0.0,1.0,0.0,0.0,0.0,0.0,0.0,1.0,1.0,1.0,0.0,0.0,1.0,0.0,1.0,1.0,1.0,0.0,1.0,0.0,0.0,0.0,0.0,0.0,1.0,0.0,1.0,0.0,0.0,1.0,0.0,0.0,1.0,0.0,0.0,0.0,0.0,0.0,0.0,10.0,10.0,0.0,0.0,0.0,0.0,0.0,0.0,0.0,0.0,0.0,0.0,0.0,0.0,1.0,0.0,0.0,0.0,0.0,0.0,0.0,0.0,0.0,0.0,0.0,0.0,0.0,29.0,29.0,29.0,1.0,1.0,43.0,1.0,0.0,0.0,0.0,0.0,0.0,1.0,0.0,0.0,0.0,0.0,1.0,0.0,0.0,0.0,1.0,0.0,0.0,0.0,0.0,0.0,0.0,1.0,0.0,0.0,0.0,0.0,0.0,0.0,0.0,0.0,0.0,0.0,0.0,0.0,0.0,0.0,0.0,0.0,0.0,42.0,15.0,154.0,19.0,4.0,12.0,0.0,1.0,111.0,114.0,18.0,1.0,1.0,0.0,6.0,240.0,2.0,244.0,103.0,143.0,160.0,79.0,7.0,131.0,107.0,8.0,1.0,168.0,77.0,0.0,31.0,147.0,55.0,13.0,1.0,28.0,65.0,73.0,46.0,33.0,238.0,7.0,0.0,1.0,0.0,215.0,12.0,19.0,3.0,28.0,36.0,67.0,86.0,7.0,19.0,236.0,10.0,190.0,56.0,148.0,87.0,11.0,5.0,22.0,37.0,50.0,74.0,10.0,48.0,214.0,32.0,151.0,95.0,132.0,79.0,35.0,241.0,5.0,223.0,23.0,209.0,37.0,242.0,4.0,160.0,86.0,83.0,133.0,30.0,196.0,46.0,4.0,17.0,61.0,66.0,99.0,3.0,72.0,110.0,17.0,16.0,31.0,26.0,220.0,141.0,101.0,4.0,0.0,222.0,4.0,20.0,205.0,35.0,6.0,238.0,8.0,0.0,12.0,234.0,201.0,45.0,189.0,52.0,4.0,1.0,218.0,27.0,1.0,159.0,86.0,1.0,236.0,10.0,0.0,221.0,24.0,1.0,0.0,156.0,90.0,178.0,61.0,7.0,0.0,239.0,7.0,0.0,200.0,46.0,0.0,188.0,58.0,0.0,217.0,29.0,0.0,240.0,6.0,0.0,0.0,25.0,168.0,52.0,1.0,Atingiu a média
18,23545496,2017,1,2,2301,23003,23,2304004,230400405,2,2,2.0,1.0,1.0,0.0,0.0,0.0,0.0,0.0,0.0,0.0,0.0,0.0,0.0,0.0,1.0,0.0,0.0,0.0,0.0,1.0,0.0,0.0,0.0,0.0,1.0,0.0,1.0,1.0,0.0,0.0,0.0,0.0,1.0,1.0,1.0,1.0,0.0,1.0,0.0,1.0,1.0,1.0,1.0,1.0,0.0,0.0,0.0,1.0,0.0,1.0,1.0,1.0,0.0,1.0,1.0,1.0,0.0,0.0,0.0,0.0,0.0,1.0,0.0,0.0,8.0,8.0,1.0,0.0,1.0,0.0,1.0,0.0,1.0,1.0,1.0,1.0,0.0,1.0,1.0,2.0,0.0,2.0,0.0,1.0,0.0,1.0,2.0,1.0,2.0,0.0,1.0,28.0,4.0,26.0,1.0,0.0,32.0,1.0,0.0,0.0,0.0,0.0,0.0,1.0,0.0,0.0,0.0,0.0,1.0,0.0,0.0,0.0,1.0,0.0,0.0,0.0,0.0,0.0,0.0,1.0,0.0,0.0,0.0,0.0,0.0,0.0,0.0,0.0,0.0,0.0,0.0,0.0,0.0,0.0,0.0,0.0,0.0,6.0,4.0,33.0,2.0,1.0,5.0,0.0,0.0,23.0,21.0,3.0,1.0,1.0,2.0,0.0,51.0,0.0,51.0,45.0,6.0,45.0,6.0,0.0,41.0,9.0,1.0,2.0,43.0,6.0,1.0,8.0,25.0,16.0,1.0,0.0,1.0,8.0,9.0,14.0,19.0,50.0,1.0,0.0,0.0,0.0,47.0,4.0,0.0,8.0,21.0,4.0,3.0,6.0,3.0,6.0,36.0,15.0,28.0,23.0,38.0,13.0,0.0,10.0,25.0,5.0,2.0,0.0,2.0,7.0,21.0,30.0,15.0,36.0,39.0,9.0,3.0,51.0,0.0,47.0,4.0,46.0,5.0,49.0,2.0,41.0,10.0,24.0,22.0,5.0,28.0,19.0,4.0,15.0,20.0,6.0,7.0,3.0,18.0,21.0,2.0,3.0,7.0,8.0,43.0,34.0,13.0,4.0,0.0,51.0,0.0,0.0,42.0,9.0,0.0,47.0,2.0,2.0,13.0,38.0,46.0,5.0,40.0,10.0,1.0,0.0,51.0,0.0,0.0,31.0,19.0,1.0,38.0,13.0,0.0,48.0,3.0,0.0,0.0,41.0,10.0,35.0,15.0,1.0,0.0,49.0,1.0,1.0,50.0,1.0,0.0,44.0,7.0,0.0,26.0,25.0,0.0,43.0,8.0,0.0,0.0,18.0,28.0,5.0,0.0,Atingiu a média
19,23085550,2017,1,2,2304,23018,23,2304103,230410305,2,1,1.0,1.0,1.0,0.0,0.0,0.0,0.0,0.0,0.0,0.0,0.0,0.0,0.0,1.0,1.0,0.0,0.0,0.0,0.0,1.0,0.0,0.0,0.0,1.0,0.0,0.0,1.0,0.0,1.0,0.0,0.0,0.0,1.0,1.0,1.0,1.0,0.0,1.0,0.0,1.0,1.0,1.0,0.0,1.0,0.0,0.0,0.0,1.0,0.0,1.0,1.0,1.0,0.0,0.0,1.0,0.0,1.0,1.0,0.0,0.0,0.0,0.0,0.0,0.0,10.0,10.0,1.0,1.0,1.0,0.0,1.0,1.0,1.0,0.0,1.0,1.0,0.0,1.0,1.0,3.0,2.0,2.0,0.0,1.0,1.0,1.0,0.0,3.0,2.0,0.0,7.0,28.0,6.0,22.0,1.0,0.0,38.0,1.0,0.0,0.0,0.0,0.0,0.0,1.0,0.0,0.0,0.0,0.0,1.0,0.0,0.0,0.0,1.0,0.0,0.0,0.0,0.0,0.0,0.0,1.0,0.0,0.0,0.0,0.0,0.0,0.0,0.0,0.0,0.0,0.0,0.0,0.0,0.0,0.0,0.0,0.0,0.0,5.0,2.0,28.0,0.0,3.0,1.0,0.0,1.0,17.0,15.0,4.0,1.0,1.0,0.0,1.0,38.0,0.0,39.0,22.0,17.0,30.0,9.0,0.0,31.0,7.0,1.0,0.0,33.0,6.0,0.0,5.0,25.0,7.0,2.0,0.0,6.0,6.0,15.0,10.0,2.0,35.0,4.0,0.0,0.0,0.0,35.0,2.0,2.0,2.0,6.0,6.0,3.0,10.0,3.0,9.0,35.0,4.0,33.0,6.0,24.0,12.0,3.0,2.0,9.0,2.0,8.0,2.0,1.0,15.0,29.0,10.0,20.0,19.0,30.0,8.0,1.0,39.0,0.0,38.0,1.0,35.0,4.0,39.0,0.0,31.0,8.0,15.0,21.0,3.0,28.0,9.0,2.0,6.0,6.0,8.0,16.0,3.0,16.0,10.0,2.0,4.0,7.0,6.0,33.0,21.0,16.0,2.0,0.0,38.0,0.0,1.0,28.0,10.0,1.0,38.0,1.0,0.0,6.0,33.0,32.0,7.0,25.0,14.0,0.0,0.0,36.0,2.0,1.0,20.0,18.0,1.0,35.0,3.0,1.0,30.0,7.0,1.0,1.0,23.0,16.0,26.0,12.0,0.0,1.0,35.0,3.0,1.0,34.0,4.0,1.0,24.0,14.0,1.0,27.0,11.0,1.0,32.0,6.0,0.0,1.0,10.0,22.0,7.0,0.0,Atingiu a média
20,23255269,2017,1,2,2307,23032,23,2304202,230420205,2,1,1.0,1.0,1.0,0.0,0.0,0.0,0.0,0.0,0.0,0.0,0.0,0.0,0.0,1.0,1.0,0.0,1.0,0.0,0.0,1.0,0.0,0.0,0.0,1.0,1.0,0.0,1.0,0.0,0.0,0.0,0.0,0.0,1.0,1.0,1.0,1.0,0.0,1.0,0.0,1.0,1.0,0.0,0.0,0.0,0.0,0.0,0.0,1.0,0.0,1.0,1.0,1.0,0.0,0.0,0.0,0.0,1.0,0.0,0.0,0.0,0.0,0.0,0.0,0.0,15.0,12.0,1.0,0.0,1.0,1.0,1.0,1.0,1.0,1.0,0.0,1.0,0.0,1.0,1.0,5.0,0.0,3.0,1.0,1.0,1.0,1.0,1.0,0.0,5.0,0.0,1.0,26.0,4.0,20.0,1.0,1.0,53.0,1.0,0.0,0.0,0.0,0.0,0.0,1.0,0.0,0.0,1.0,0.0,1.0,0.0,0.0,0.0,1.0,0.0,0.0,0.0,0.0,0.0,0.0,1.0,0.0,0.0,0.0,0.0,0.0,0.0,0.0,0.0,0.0,0.0,0.0,0.0,0.0,0.0,0.0,0.0,0.0,24.0,25.0,69.0,7.0,4.0,3.0,0.0,4.0,69.0,49.0,5.0,2.0,2.0,1.0,2.0,130.0,0.0,132.0,75.0,57.0,93.0,37.0,2.0,59.0,65.0,8.0,0.0,88.0,44.0,1.0,12.0,78.0,37.0,4.0,0.0,12.0,28.0,48.0,26.0,18.0,120.0,9.0,2.0,1.0,0.0,111.0,15.0,6.0,2.0,10.0,13.0,18.0,62.0,17.0,10.0,129.0,3.0,108.0,24.0,78.0,51.0,3.0,4.0,14.0,21.0,19.0,45.0,4.0,25.0,119.0,13.0,67.0,65.0,46.0,73.0,13.0,131.0,1.0,117.0,15.0,110.0,22.0,131.0,1.0,87.0,45.0,41.0,71.0,20.0,91.0,39.0,2.0,13.0,35.0,30.0,53.0,1.0,43.0,54.0,8.0,8.0,19.0,11.0,121.0,88.0,39.0,5.0,0.0,108.0,0.0,24.0,106.0,20.0,6.0,129.0,3.0,0.0,11.0,121.0,108.0,24.0,103.0,27.0,2.0,0.0,122.0,10.0,0.0,90.0,42.0,0.0,125.0,7.0,0.0,110.0,22.0,0.0,0.0,84.0,48.0,94.0,34.0,3.0,1.0,125.0,6.0,1.0,94.0,37.0,1.0,110.0,21.0,1.0,121.0,10.0,1.0,118.0,10.0,1.0,3.0,28.0,82.0,22.0,0.0,Atingiu a média
21,23264616,2017,1,2,2307,23032,23,2304202,230420205,2,1,1.0,1.0,1.0,0.0,0.0,0.0,0.0,0.0,0.0,0.0,0.0,0.0,0.0,1.0,1.0,0.0,0.0,0.0,0.0,1.0,0.0,0.0,0.0,0.0,1.0,0.0,1.0,0.0,0.0,0.0,0.0,0.0,1.0,1.0,1.0,1.0,0.0,0.0,0.0,0.0,1.0,1.0,1.0,1.0,0.0,0.0,0.0,1.0,0.0,1.0,1.0,1.0,1.0,0.0,1.0,1.0,0.0,1.0,0.0,0.0,0.0,1.0,0.0,0.0,5.0,5.0,1.0,1.0,1.0,0.0,1.0,1.0,1.0,1.0,1.0,1.0,0.0,1.0,1.0,3.0,1.0,3.0,0.0,1.0,1.0,1.0,1.0,3.0,4.0,0.0,3.0,20.0,3.0,17.0,1.0,1.0,37.0,1.0,0.0,0.0,0.0,0.0,0.0,1.0,0.0,0.0,0.0,0.0,1.0,0.0,0.0,0.0,1.0,0.0,0.0,0.0,0.0,0.0,0.0,1.0,0.0,0.0,0.0,0.0,0.0,0.0,0.0,0.0,0.0,0.0,0.0,0.0,0.0,0.0,0.0,0.0,0.0,9.0,21.0,63.0,6.0,1.0,3.0,0.0,3.0,33.0,37.0,15.0,8.0,3.0,4.0,2.0,101.0,1.0,102.0,73.0,30.0,85.0,17.0,1.0,63.0,36.0,4.0,2.0,85.0,16.0,0.0,8.0,62.0,24.0,9.0,0.0,12.0,16.0,23.0,31.0,21.0,98.0,4.0,0.0,1.0,0.0,87.0,13.0,3.0,4.0,29.0,18.0,14.0,16.0,7.0,15.0,90.0,13.0,80.0,23.0,72.0,26.0,5.0,13.0,28.0,20.0,6.0,11.0,0.0,25.0,71.0,32.0,46.0,57.0,63.0,34.0,6.0,101.0,2.0,90.0,13.0,83.0,20.0,100.0,3.0,71.0,32.0,26.0,64.0,13.0,56.0,43.0,4.0,21.0,33.0,20.0,26.0,3.0,34.0,34.0,10.0,10.0,15.0,12.0,91.0,44.0,49.0,9.0,1.0,100.0,1.0,2.0,71.0,19.0,13.0,96.0,5.0,2.0,26.0,77.0,90.0,13.0,58.0,41.0,4.0,0.0,97.0,4.0,2.0,61.0,41.0,1.0,88.0,15.0,0.0,89.0,11.0,3.0,0.0,69.0,34.0,58.0,39.0,6.0,0.0,98.0,5.0,0.0,83.0,18.0,2.0,76.0,27.0,0.0,68.0,35.0,0.0,101.0,2.0,0.0,0.0,23.0,69.0,11.0,0.0,Atingiu a média
22,23004258,2017,1,2,2301,23001,23,2304251,230425105,2,1,2.0,1.0,1.0,0.0,0.0,0.0,0.0,0.0,0.0,0.0,0.0,0.0,0.0,1.0,1.0,0.0,0.0,0.0,0.0,1.0,0.0,0.0,0.0,1.0,0.0,0.0,1.0,0.0,0.0,1.0,0.0,0.0,1.0,1.0,1.0,1.0,1.0,1.0,0.0,1.0,1.0,0.0,0.0,0.0,0.0,0.0,0.0,0.0,0.0,1.0,1.0,1.0,0.0,0.0,0.0,1.0,1.0,0.0,0.0,0.0,0.0,0.0,1.0,0.0,11.0,11.0,1.0,0.0,0.0,0.0,1.0,0.0,1.0,1.0,1.0,1.0,0.0,0.0,1.0,2.0,0.0,0.0,0.0,3.0,0.0,3.0,2.0,1.0,2.0,0.0,0.0,33.0,8.0,10.0,1.0,1.0,54.0,1.0,1.0,0.0,0.0,0.0,0.0,1.0,0.0,0.0,1.0,0.0,1.0,0.0,0.0,0.0,1.0,1.0,0.0,0.0,0.0,0.0,0.0,1.0,0.0,0.0,0.0,0.0,0.0,0.0,0.0,0.0,0.0,0.0,1.0,0.0,0.0,0.0,0.0,0.0,0.0,44.0,17.0,117.0,10.0,4.0,11.0,0.0,5.0,59.0,111.0,19.0,3.0,0.0,6.0,12.0,191.0,5.0,198.0,142.0,61.0,155.0,41.0,7.0,144.0,51.0,8.0,2.0,145.0,56.0,2.0,22.0,97.0,66.0,16.0,2.0,20.0,36.0,70.0,39.0,36.0,190.0,10.0,2.0,1.0,0.0,183.0,15.0,5.0,11.0,61.0,35.0,23.0,20.0,8.0,45.0,176.0,27.0,145.0,58.0,125.0,66.0,12.0,18.0,59.0,25.0,17.0,15.0,4.0,65.0,145.0,58.0,102.0,101.0,131.0,59.0,13.0,195.0,8.0,170.0,33.0,166.0,37.0,198.0,5.0,123.0,80.0,58.0,108.0,37.0,132.0,57.0,14.0,36.0,52.0,35.0,69.0,11.0,70.0,57.0,16.0,23.0,37.0,36.0,167.0,137.0,53.0,9.0,4.0,190.0,1.0,12.0,180.0,19.0,4.0,193.0,6.0,4.0,55.0,148.0,154.0,49.0,124.0,67.0,10.0,2.0,172.0,25.0,6.0,97.0,101.0,5.0,162.0,38.0,3.0,195.0,4.0,0.0,4.0,111.0,92.0,92.0,89.0,17.0,5.0,182.0,18.0,3.0,155.0,44.0,4.0,128.0,72.0,3.0,135.0,65.0,3.0,163.0,20.0,17.0,3.0,46.0,125.0,29.0,3.0,Atingiu a média
23,23252626,2017,1,2,2301,23001,23,2304251,230425105,2,2,2.0,1.0,1.0,0.0,0.0,0.0,0.0,0.0,0.0,0.0,0.0,0.0,0.0,1.0,1.0,0.0,0.0,0.0,0.0,1.0,0.0,0.0,0.0,0.0,1.0,0.0,1.0,0.0,0.0,1.0,0.0,0.0,1.0,1.0,0.0,1.0,0.0,1.0,0.0,1.0,1.0,1.0,0.0,1.0,0.0,0.0,0.0,1.0,0.0,1.0,1.0,1.0,1.0,0.0,1.0,1.0,0.0,1.0,1.0,0.0,0.0,0.0,1.0,0.0,8.0,8.0,1.0,0.0,1.0,0.0,1.0,0.0,0.0,0.0,0.0,0.0,0.0,0.0,1.0,2.0,0.0,2.0,0.0,1.0,0.0,0.0,0.0,0.0,0.0,0.0,0.0,72.0,17.0,55.0,1.0,1.0,31.0,1.0,0.0,0.0,0.0,0.0,0.0,1.0,0.0,0.0,0.0,0.0,1.0,0.0,0.0,0.0,1.0,1.0,0.0,0.0,0.0,0.0,0.0,1.0,0.0,0.0,0.0,0.0,0.0,0.0,0.0,0.0,0.0,0.0,1.0,0.0,0.0,0.0,0.0,0.0,0.0,12.0,2.0,72.0,2.0,0.0,2.0,0.0,0.0,22.0,50.0,12.0,0.0,3.0,3.0,5.0,85.0,2.0,88.0,65.0,25.0,71.0,17.0,2.0,68.0,21.0,1.0,1.0,56.0,33.0,0.0,11.0,33.0,39.0,7.0,1.0,7.0,15.0,26.0,16.0,25.0,87.0,2.0,0.0,0.0,1.0,73.0,13.0,4.0,3.0,25.0,18.0,12.0,5.0,4.0,23.0,79.0,11.0,69.0,21.0,60.0,20.0,10.0,12.0,19.0,16.0,5.0,7.0,1.0,30.0,57.0,33.0,41.0,49.0,63.0,24.0,3.0,88.0,2.0,81.0,9.0,73.0,17.0,89.0,1.0,64.0,26.0,29.0,54.0,7.0,54.0,32.0,4.0,24.0,21.0,13.0,29.0,3.0,33.0,27.0,7.0,6.0,17.0,20.0,70.0,57.0,21.0,10.0,2.0,90.0,0.0,0.0,77.0,10.0,3.0,83.0,4.0,3.0,17.0,73.0,77.0,13.0,49.0,27.0,6.0,8.0,73.0,6.0,11.0,42.0,36.0,12.0,66.0,13.0,11.0,65.0,12.0,2.0,11.0,58.0,32.0,40.0,41.0,7.0,2.0,81.0,7.0,2.0,83.0,5.0,2.0,57.0,31.0,2.0,64.0,24.0,2.0,72.0,14.0,2.0,2.0,2.0,39.0,43.0,6.0,Atingiu a média
24,23018445,2017,1,2,2301,23005,23,2304350,230435005,2,1,2.0,1.0,1.0,0.0,0.0,0.0,0.0,0.0,0.0,0.0,0.0,0.0,0.0,1.0,1.0,0.0,0.0,0.0,0.0,1.0,0.0,0.0,0.0,1.0,1.0,0.0,1.0,0.0,0.0,0.0,0.0,0.0,1.0,1.0,1.0,1.0,1.0,1.0,0.0,1.0,1.0,1.0,0.0,1.0,0.0,0.0,0.0,1.0,0.0,1.0,0.0,1.0,1.0,0.0,1.0,1.0,0.0,1.0,0.0,0.0,0.0,0.0,0.0,0.0,13.0,13.0,1.0,0.0,1.0,1.0,0.0,0.0,1.0,0.0,1.0,1.0,0.0,0.0,1.0,3.0,0.0,1.0,1.0,0.0,0.0,1.0,0.0,2.0,1.0,0.0,0.0,30.0,10.0,20.0,1.0,1.0,61.0,1.0,1.0,0.0,0.0,0.0,0.0,1.0,0.0,0.0,0.0,0.0,1.0,0.0,0.0,0.0,1.0,1.0,1.0,0.0,0.0,0.0,0.0,1.0,0.0,0.0,0.0,0.0,0.0,0.0,0.0,0.0,0.0,0.0,1.0,1.0,0.0,0.0,0.0,0.0,0.0,44.0,21.0,235.0,13.0,6.0,25.0,0.0,4.0,158.0,143.0,12.0,9.0,3.0,15.0,20.0,324.0,9.0,335.0,188.0,156.0,291.0,51.0,2.0,240.0,92.0,12.0,6.0,282.0,56.0,11.0,90.0,185.0,48.0,10.0,3.0,31.0,62.0,100.0,77.0,71.0,298.0,31.0,12.0,2.0,1.0,296.0,36.0,12.0,23.0,90.0,48.0,57.0,48.0,16.0,62.0,268.0,76.0,233.0,111.0,189.0,134.0,21.0,41.0,62.0,47.0,40.0,41.0,7.0,106.0,218.0,126.0,158.0,186.0,189.0,122.0,33.0,335.0,9.0,306.0,38.0,307.0,37.0,335.0,9.0,248.0,96.0,128.0,183.0,33.0,211.0,106.0,27.0,78.0,86.0,55.0,90.0,35.0,99.0,105.0,25.0,40.0,75.0,48.0,296.0,232.0,94.0,14.0,4.0,327.0,6.0,11.0,281.0,50.0,13.0,311.0,22.0,11.0,87.0,257.0,316.0,28.0,202.0,120.0,17.0,5.0,300.0,40.0,4.0,217.0,120.0,7.0,289.0,49.0,6.0,308.0,26.0,3.0,7.0,210.0,134.0,154.0,157.0,30.0,3.0,317.0,22.0,5.0,280.0,60.0,4.0,246.0,92.0,6.0,258.0,82.0,4.0,302.0,35.0,4.0,3.0,99.0,175.0,70.0,0.0,Atingiu a média
25,23064684,2017,1,2,2303,23016,23,2304400,230440005,2,1,1.0,1.0,1.0,0.0,0.0,0.0,0.0,0.0,0.0,0.0,0.0,0.0,0.0,1.0,1.0,0.0,0.0,0.0,0.0,1.0,0.0,0.0,0.0,1.0,1.0,0.0,1.0,0.0,0.0,0.0,0.0,0.0,1.0,1.0,1.0,1.0,1.0,1.0,0.0,1.0,1.0,1.0,0.0,1.0,0.0,0.0,0.0,1.0,0.0,1.0,1.0,1.0,1.0,0.0,1.0,1.0,1.0,1.0,0.0,0.0,0.0,0.0,0.0,0.0,22.0,22.0,1.0,0.0,0.0,0.0,1.0,0.0,1.0,1.0,0.0,1.0,0.0,1.0,1.0,3.0,0.0,0.0,0.0,1.0,0.0,5.0,1.0,0.0,9.0,0.0,1.0,49.0,11.0,38.0,1.0,1.0,142.0,1.0,1.0,1.0,0.0,0.0,0.0,1.0,0.0,0.0,0.0,0.0,1.0,0.0,0.0,0.0,1.0,0.0,0.0,0.0,0.0,0.0,0.0,1.0,0.0,0.0,0.0,0.0,0.0,0.0,0.0,0.0,0.0,0.0,0.0,0.0,0.0,0.0,0.0,0.0,0.0,119.0,66.0,274.0,26.0,5.0,30.0,3.0,12.0,273.0,180.0,44.0,5.0,2.0,1.0,14.0,506.0,4.0,516.0,185.0,335.0,302.0,199.0,19.0,215.0,252.0,53.0,1.0,340.0,179.0,8.0,71.0,308.0,107.0,26.0,2.0,60.0,133.0,180.0,96.0,49.0,509.0,4.0,5.0,2.0,0.0,468.0,33.0,19.0,5.0,69.0,71.0,88.0,206.0,57.0,24.0,500.0,20.0,394.0,126.0,320.0,186.0,14.0,7.0,55.0,78.0,91.0,178.0,43.0,68.0,491.0,29.0,317.0,203.0,184.0,172.0,164.0,510.0,10.0,458.0,62.0,445.0,75.0,509.0,11.0,333.0,187.0,201.0,257.0,62.0,386.0,122.0,12.0,65.0,146.0,139.0,153.0,17.0,184.0,195.0,42.0,25.0,74.0,67.0,453.0,268.0,237.0,14.0,1.0,444.0,19.0,57.0,435.0,70.0,15.0,499.0,16.0,5.0,29.0,491.0,407.0,113.0,227.0,181.0,33.0,79.0,375.0,72.0,73.0,276.0,170.0,74.0,423.0,32.0,65.0,146.0,213.0,74.0,87.0,273.0,247.0,209.0,218.0,73.0,20.0,451.0,45.0,24.0,351.0,143.0,26.0,379.0,118.0,23.0,432.0,65.0,23.0,289.0,174.0,33.0,24.0,187.0,252.0,81.0,0.0,Atingiu a média
26,23065249,2017,1,2,2303,23016,23,2304400,230440005,2,1,1.0,1.0,1.0,0.0,0.0,0.0,0.0,0.0,0.0,0.0,0.0,0.0,0.0,1.0,1.0,1.0,0.0,0.0,0.0,1.0,0.0,0.0,0.0,1.0,0.0,0.0,1.0,0.0,0.0,0.0,0.0,0.0,1.0,1.0,1.0,1.0,0.0,1.0,0.0,1.0,1.0,1.0,0.0,1.0,0.0,0.0,0.0,1.0,0.0,1.0,0.0,1.0,0.0,1.0,1.0,1.0,0.0,0.0,1.0,0.0,0.0,0.0,0.0,0.0,16.0,13.0,1.0,0.0,0.0,0.0,1.0,0.0,1.0,0.0,0.0,1.0,1.0,1.0,1.0,4.0,0.0,0.0,0.0,2.0,0.0,4.0,0.0,0.0,2.0,1.0,1.0,28.0,6.0,22.0,1.0,1.0,51.0,1.0,0.0,0.0,0.0,0.0,0.0,1.0,0.0,0.0,0.0,0.0,1.0,0.0,0.0,0.0,1.0,0.0,0.0,0.0,0.0,0.0,0.0,1.0,0.0,0.0,0.0,0.0,0.0,0.0,0.0,0.0,0.0,0.0,0.0,0.0,0.0,0.0,0.0,0.0,0.0,15.0,14.0,82.0,7.0,2.0,5.0,0.0,2.0,38.0,58.0,20.0,6.0,1.0,0.0,3.0,122.0,1.0,124.0,60.0,65.0,86.0,36.0,3.0,69.0,52.0,4.0,1.0,83.0,41.0,6.0,31.0,59.0,25.0,4.0,0.0,16.0,30.0,36.0,24.0,19.0,116.0,5.0,1.0,2.0,1.0,108.0,10.0,7.0,4.0,17.0,20.0,28.0,34.0,7.0,15.0,116.0,9.0,102.0,23.0,67.0,47.0,11.0,6.0,16.0,23.0,15.0,26.0,2.0,37.0,107.0,18.0,63.0,62.0,36.0,58.0,31.0,122.0,3.0,105.0,20.0,99.0,26.0,121.0,4.0,65.0,60.0,32.0,71.0,22.0,95.0,28.0,2.0,15.0,25.0,31.0,50.0,4.0,47.0,47.0,13.0,7.0,11.0,18.0,107.0,62.0,57.0,5.0,1.0,114.0,0.0,11.0,87.0,30.0,8.0,118.0,5.0,2.0,13.0,112.0,104.0,21.0,69.0,51.0,5.0,0.0,98.0,25.0,2.0,64.0,58.0,3.0,118.0,7.0,0.0,111.0,7.0,6.0,1.0,55.0,70.0,39.0,54.0,20.0,12.0,100.0,18.0,7.0,78.0,40.0,7.0,67.0,50.0,8.0,86.0,30.0,9.0,71.0,40.0,5.0,9.0,12.0,65.0,48.0,0.0,Atingiu a média
27,23067233,2017,1,2,2303,23016,23,2304400,230440005,2,1,2.0,1.0,1.0,0.0,0.0,0.0,0.0,0.0,0.0,0.0,0.0,0.0,0.0,1.0,1.0,0.0,0.0,0.0,0.0,1.0,0.0,0.0,0.0,1.0,0.0,0.0,1.0,0.0,0.0,0.0,0.0,0.0,1.0,1.0,1.0,1.0,0.0,1.0,0.0,1.0,1.0,1.0,0.0,1.0,0.0,0.0,0.0,1.0,0.0,1.0,1.0,1.0,1.0,0.0,1.0,1.0,0.0,1.0,0.0,0.0,0.0,0.0,0.0,0.0,8.0,8.0,1.0,1.0,1.0,1.0,1.0,1.0,1.0,1.0,1.0,1.0,1.0,1.0,1.0,3.0,1.0,1.0,1.0,1.0,1.0,1.0,1.0,1.0,1.0,1.0,1.0,14.0,4.0,10.0,1.0,1.0,66.0,1.0,0.0,0.0,0.0,0.0,0.0,1.0,0.0,0.0,0.0,0.0,1.0,0.0,0.0,0.0,1.0,0.0,0.0,0.0,0.0,0.0,1.0,1.0,0.0,0.0,0.0,0.0,0.0,0.0,0.0,0.0,0.0,0.0,0.0,0.0,0.0,0.0,0.0,0.0,0.0,11.0,2.0,52.0,6.0,2.0,4.0,0.0,0.0,33.0,32.0,8.0,4.0,0.0,0.0,2.0,75.0,0.0,77.0,37.0,40.0,52.0,20.0,5.0,39.0,34.0,4.0,1.0,59.0,17.0,3.0,19.0,42.0,10.0,3.0,0.0,12.0,19.0,24.0,13.0,9.0,73.0,2.0,1.0,1.0,0.0,58.0,14.0,5.0,1.0,9.0,8.0,15.0,31.0,4.0,9.0,75.0,2.0,62.0,15.0,32.0,41.0,4.0,2.0,8.0,5.0,5.0,30.0,2.0,25.0,67.0,10.0,46.0,31.0,34.0,34.0,9.0,76.0,1.0,70.0,7.0,67.0,10.0,76.0,1.0,36.0,41.0,22.0,46.0,9.0,58.0,18.0,1.0,7.0,18.0,12.0,39.0,1.0,19.0,37.0,9.0,5.0,7.0,11.0,66.0,36.0,37.0,4.0,0.0,70.0,0.0,7.0,53.0,16.0,8.0,75.0,2.0,0.0,6.0,71.0,56.0,21.0,44.0,30.0,3.0,0.0,63.0,13.0,1.0,43.0,33.0,1.0,68.0,8.0,1.0,58.0,19.0,0.0,0.0,38.0,39.0,56.0,16.0,2.0,3.0,68.0,7.0,2.0,56.0,19.0,2.0,53.0,22.0,2.0,61.0,14.0,2.0,64.0,11.0,0.0,2.0,7.0,31.0,37.0,2.0,Atingiu a média
28,23068523,2017,1,2,2303,23016,23,2304400,230440005,2,1,1.0,1.0,1.0,0.0,0.0,0.0,0.0,0.0,0.0,0.0,0.0,0.0,0.0,1.0,1.0,0.0,1.0,0.0,0.0,1.0,0.0,0.0,0.0,0.0,1.0,0.0,1.0,0.0,0.0,0.0,0.0,0.0,1.0,1.0,1.0,1.0,0.0,1.0,0.0,1.0,1.0,0.0,1.0,1.0,0.0,0.0,0.0,1.0,0.0,1.0,0.0,0.0,0.0,1.0,0.0,0.0,1.0,1.0,0.0,0.0,0.0,0.0,0.0,0.0,12.0,12.0,0.0,0.0,0.0,0.0,0.0,0.0,0.0,0.0,0.0,0.0,0.0,0.0,1.0,0.0,0.0,0.0,0.0,0.0,0.0,0.0,0.0,0.0,0.0,0.0,0.0,34.0,10.0,24.0,1.0,1.0,69.0,1.0,0.0,0.0,0.0,0.0,0.0,1.0,0.0,0.0,0.0,0.0,1.0,0.0,0.0,0.0,1.0,1.0,0.0,0.0,0.0,0.0,0.0,1.0,0.0,0.0,0.0,0.0,0.0,0.0,0.0,0.0,0.0,0.0,1.0,0.0,0.0,0.0,0.0,0.0,0.0,40.0,21.0,171.0,8.0,3.0,12.0,0.0,4.0,131.0,96.0,21.0,3.0,0.0,0.0,5.0,250.0,0.0,255.0,68.0,187.0,118.0,122.0,15.0,107.0,122.0,26.0,0.0,138.0,117.0,4.0,21.0,130.0,83.0,17.0,0.0,25.0,68.0,104.0,39.0,19.0,241.0,12.0,1.0,1.0,0.0,229.0,17.0,9.0,2.0,22.0,29.0,41.0,119.0,29.0,13.0,252.0,3.0,208.0,47.0,146.0,95.0,14.0,6.0,21.0,35.0,31.0,99.0,16.0,47.0,242.0,13.0,147.0,108.0,112.0,99.0,44.0,248.0,7.0,212.0,43.0,202.0,53.0,245.0,10.0,152.0,103.0,95.0,123.0,37.0,194.0,55.0,6.0,26.0,56.0,60.0,111.0,2.0,75.0,99.0,31.0,12.0,38.0,44.0,211.0,138.0,102.0,12.0,3.0,209.0,6.0,40.0,200.0,48.0,7.0,242.0,12.0,1.0,5.0,250.0,202.0,53.0,109.0,121.0,13.0,12.0,193.0,44.0,18.0,126.0,109.0,20.0,231.0,10.0,14.0,126.0,107.0,10.0,12.0,137.0,118.0,105.0,106.0,31.0,13.0,224.0,20.0,11.0,189.0,56.0,10.0,142.0,104.0,9.0,214.0,34.0,7.0,219.0,21.0,1.0,14.0,41.0,152.0,62.0,0.0,Atingiu a média
29,23068809,2017,1,2,2303,23016,23,2304400,230440005,2,1,1.0,1.0,2.0,0.0,0.0,0.0,0.0,0.0,0.0,0.0,0.0,0.0,0.0,1.0,1.0,1.0,0.0,0.0,0.0,1.0,0.0,0.0,0.0,1.0,0.0,0.0,1.0,0.0,0.0,1.0,0.0,0.0,1.0,1.0,0.0,1.0,0.0,0.0,0.0,0.0,1.0,1.0,0.0,1.0,0.0,0.0,0.0,1.0,0.0,1.0,1.0,1.0,0.0,1.0,1.0,1.0,1.0,1.0,0.0,0.0,0.0,1.0,0.0,0.0,10.0,10.0,1.0,0.0,0.0,0.0,1.0,0.0,1.0,0.0,1.0,1.0,0.0,0.0,1.0,1.0,0.0,0.0,0.0,1.0,0.0,2.0,0.0,4.0,3.0,0.0,0.0,15.0,2.0,13.0,1.0,1.0,54.0,1.0,0.0,0.0,0.0,0.0,0.0,1.0,0.0,0.0,0.0,0.0,1.0,0.0,0.0,0.0,1.0,0.0,0.0,0.0,0.0,0.0,0.0,1.0,0.0,0.0,0.0,0.0,0.0,0.0,0.0,0.0,0.0,0.0,0.0,0.0,0.0,0.0,0.0,0.0,0.0,28.0,13.0,68.0,10.0,7.0,10.0,1.0,3.0,43.0,44.0,20.0,12.0,4.0,9.0,1.0,135.0,0.0,136.0,67.0,69.0,101.0,34.0,1.0,80.0,50.0,6.0,0.0,98.0,38.0,1.0,35.0,68.0,27.0,5.0,1.0,17.0,26.0,36.0,26.0,30.0,130.0,6.0,0.0,0.0,0.0,113.0,20.0,3.0,3.0,23.0,24.0,36.0,32.0,6.0,12.0,124.0,12.0,101.0,35.0,64.0,68.0,4.0,4.0,26.0,22.0,18.0,29.0,2.0,35.0,118.0,18.0,76.0,60.0,54.0,55.0,27.0,130.0,6.0,121.0,15.0,110.0,26.0,132.0,4.0,89.0,47.0,42.0,78.0,16.0,101.0,32.0,3.0,19.0,42.0,20.0,49.0,6.0,39.0,53.0,17.0,16.0,11.0,36.0,100.0,68.0,54.0,12.0,2.0,121.0,4.0,11.0,85.0,38.0,13.0,112.0,21.0,3.0,11.0,125.0,115.0,21.0,80.0,52.0,1.0,3.0,110.0,25.0,1.0,87.0,48.0,1.0,126.0,9.0,1.0,110.0,22.0,0.0,4.0,93.0,43.0,66.0,59.0,5.0,6.0,122.0,12.0,2.0,96.0,38.0,2.0,94.0,38.0,4.0,113.0,18.0,5.0,106.0,20.0,4.0,6.0,33.0,82.0,21.0,0.0,Atingiu a média
30,23069171,2017,1,2,2303,23016,23,2304400,230440005,2,1,1.0,1.0,2.0,0.0,0.0,0.0,0.0,0.0,0.0,0.0,1.0,1.0,0.0,1.0,1.0,0.0,0.0,0.0,0.0,1.0,0.0,0.0,0.0,1.0,1.0,0.0,1.0,0.0,0.0,0.0,0.0,0.0,1.0,1.0,1.0,0.0,0.0,0.0,0.0,0.0,1.0,1.0,0.0,1.0,0.0,0.0,1.0,1.0,0.0,0.0,0.0,1.0,0.0,0.0,1.0,0.0,0.0,0.0,0.0,0.0,0.0,0.0,0.0,0.0,7.0,7.0,0.0,0.0,0.0,0.0,0.0,0.0,0.0,0.0,0.0,0.0,0.0,0.0,1.0,0.0,0.0,0.0,0.0,0.0,0.0,0.0,0.0,0.0,0.0,0.0,0.0,59.0,0.0,20.0,1.0,1.0,44.0,1.0,0.0,0.0,0.0,0.0,0.0,1.0,0.0,0.0,0.0,0.0,1.0,0.0,0.0,0.0,1.0,0.0,0.0,0.0,0.0,0.0,1.0,1.0,0.0,0.0,0.0,0.0,0.0,0.0,0.0,0.0,0.0,0.0,0.0,0.0,0.0,0.0,0.0,0.0,0.0,14.0,16.0,36.0,5.0,1.0,6.0,0.0,2.0,23.0,35.0,11.0,6.0,1.0,0.0,4.0,74.0,0.0,78.0,29.0,49.0,58.0,19.0,1.0,34.0,29.0,15.0,0.0,47.0,31.0,2.0,17.0,33.0,24.0,2.0,2.0,10.0,15.0,23.0,18.0,10.0,77.0,1.0,0.0,0.0,0.0,64.0,11.0,3.0,1.0,9.0,6.0,13.0,32.0,9.0,8.0,73.0,5.0,61.0,17.0,52.0,25.0,1.0,4.0,6.0,13.0,10.0,24.0,4.0,17.0,69.0,9.0,44.0,34.0,22.0,32.0,24.0,76.0,2.0,69.0,9.0,67.0,11.0,76.0,2.0,51.0,27.0,23.0,44.0,11.0,61.0,16.0,1.0,5.0,20.0,18.0,32.0,3.0,30.0,26.0,6.0,8.0,8.0,25.0,53.0,46.0,25.0,7.0,0.0,70.0,2.0,6.0,50.0,24.0,4.0,73.0,5.0,0.0,2.0,76.0,52.0,26.0,34.0,36.0,3.0,5.0,67.0,8.0,3.0,38.0,37.0,3.0,73.0,2.0,3.0,36.0,38.0,2.0,2.0,45.0,33.0,32.0,38.0,5.0,3.0,73.0,2.0,3.0,64.0,9.0,5.0,46.0,28.0,4.0,69.0,6.0,3.0,58.0,14.0,3.0,3.0,20.0,38.0,20.0,0.0,Atingiu a média
31,23069546,2017,1,2,2303,23016,23,2304400,230440005,2,1,1.0,1.0,1.0,0.0,0.0,0.0,0.0,0.0,0.0,0.0,0.0,0.0,0.0,1.0,1.0,0.0,0.0,0.0,0.0,1.0,0.0,0.0,0.0,0.0,1.0,0.0,1.0,0.0,0.0,0.0,0.0,0.0,1.0,1.0,1.0,1.0,0.0,0.0,0.0,0.0,1.0,1.0,1.0,1.0,0.0,0.0,0.0,1.0,0.0,0.0,0.0,1.0,0.0,1.0,1.0,1.0,0.0,1.0,0.0,0.0,0.0,0.0,0.0,0.0,9.0,8.0,1.0,0.0,1.0,0.0,1.0,1.0,1.0,1.0,1.0,1.0,0.0,1.0,1.0,2.0,0.0,1.0,0.0,1.0,1.0,4.0,1.0,3.0,5.0,0.0,1.0,32.0,5.0,27.0,1.0,1.0,66.0,1.0,0.0,0.0,0.0,0.0,0.0,1.0,0.0,0.0,0.0,0.0,1.0,0.0,0.0,0.0,1.0,0.0,0.0,0.0,0.0,0.0,1.0,1.0,0.0,0.0,0.0,0.0,0.0,0.0,0.0,0.0,0.0,0.0,0.0,0.0,0.0,0.0,0.0,0.0,0.0,30.0,14.0,85.0,6.0,4.0,13.0,0.0,1.0,29.0,59.0,27.0,12.0,10.0,14.0,4.0,148.0,3.0,149.0,63.0,89.0,104.0,44.0,4.0,95.0,50.0,7.0,0.0,113.0,39.0,3.0,30.0,78.0,30.0,11.0,5.0,17.0,34.0,39.0,31.0,26.0,140.0,9.0,1.0,2.0,0.0,120.0,28.0,4.0,7.0,32.0,30.0,27.0,31.0,10.0,15.0,135.0,17.0,113.0,39.0,72.0,76.0,4.0,13.0,17.0,25.0,20.0,33.0,4.0,40.0,130.0,22.0,76.0,76.0,64.0,46.0,42.0,146.0,6.0,130.0,22.0,122.0,30.0,145.0,7.0,92.0,60.0,48.0,88.0,16.0,106.0,41.0,5.0,28.0,37.0,37.0,41.0,9.0,43.0,60.0,19.0,15.0,15.0,40.0,112.0,67.0,69.0,13.0,3.0,133.0,0.0,19.0,85.0,47.0,20.0,119.0,26.0,7.0,24.0,128.0,129.0,23.0,109.0,31.0,0.0,12.0,132.0,9.0,11.0,79.0,61.0,12.0,132.0,9.0,11.0,117.0,20.0,4.0,11.0,84.0,68.0,89.0,50.0,9.0,4.0,139.0,8.0,5.0,120.0,26.0,6.0,117.0,30.0,5.0,124.0,24.0,4.0,137.0,12.0,1.0,2.0,17.0,91.0,43.0,1.0,Atingiu a média
32,23070820,2017,1,2,2303,23016,23,2304400,230440005,2,1,1.0,1.0,1.0,0.0,0.0,0.0,0.0,0.0,0.0,0.0,1.0,1.0,0.0,1.0,1.0,0.0,0.0,0.0,0.0,1.0,0.0,0.0,0.0,1.0,1.0,0.0,1.0,0.0,0.0,0.0,0.0,0.0,1.0,1.0,1.0,1.0,0.0,1.0,0.0,1.0,1.0,0.0,0.0,0.0,0.0,0.0,0.0,1.0,0.0,0.0,0.0,1.0,0.0,0.0,0.0,1.0,0.0,1.0,1.0,0.0,0.0,0.0,0.0,0.0,7.0,5.0,1.0,0.0,0.0,0.0,1.0,0.0,0.0,0.0,1.0,0.0,0.0,0.0,1.0,1.0,0.0,0.0,0.0,1.0,0.0,0.0,0.0,1.0,0.0,0.0,0.0,20.0,5.0,20.0,1.0,1.0,39.0,1.0,0.0,0.0,0.0,0.0,0.0,1.0,0.0,0.0,1.0,0.0,1.0,0.0,0.0,0.0,1.0,0.0,0.0,0.0,0.0,0.0,1.0,1.0,0.0,0.0,0.0,0.0,0.0,0.0,0.0,0.0,0.0,0.0,0.0,0.0,0.0,0.0,0.0,0.0,0.0,8.0,5.0,20.0,1.0,0.0,2.0,0.0,1.0,14.0,12.0,5.0,3.0,1.0,0.0,0.0,36.0,0.0,36.0,19.0,17.0,27.0,7.0,2.0,25.0,9.0,2.0,0.0,29.0,7.0,1.0,3.0,24.0,6.0,2.0,0.0,6.0,9.0,11.0,3.0,7.0,35.0,1.0,0.0,0.0,0.0,29.0,5.0,2.0,1.0,5.0,12.0,2.0,12.0,2.0,2.0,35.0,1.0,29.0,7.0,23.0,12.0,1.0,0.0,4.0,10.0,4.0,12.0,1.0,5.0,33.0,3.0,23.0,13.0,13.0,17.0,6.0,36.0,0.0,28.0,8.0,22.0,14.0,35.0,1.0,21.0,15.0,5.0,21.0,10.0,27.0,9.0,0.0,1.0,8.0,9.0,17.0,1.0,8.0,14.0,5.0,5.0,4.0,6.0,30.0,16.0,19.0,1.0,0.0,33.0,2.0,1.0,26.0,8.0,2.0,31.0,4.0,1.0,4.0,32.0,29.0,7.0,24.0,9.0,3.0,0.0,30.0,6.0,0.0,20.0,15.0,1.0,34.0,2.0,0.0,30.0,6.0,0.0,0.0,17.0,19.0,17.0,12.0,6.0,1.0,32.0,3.0,1.0,22.0,13.0,1.0,26.0,8.0,2.0,29.0,6.0,1.0,28.0,6.0,1.0,1.0,5.0,21.0,10.0,0.0,Atingiu a média
33,23071087,2017,1,2,2303,23016,23,2304400,230440005,2,1,2.0,1.0,1.0,0.0,0.0,0.0,0.0,0.0,0.0,0.0,0.0,0.0,0.0,1.0,1.0,0.0,1.0,0.0,0.0,1.0,0.0,0.0,0.0,1.0,0.0,0.0,1.0,0.0,0.0,1.0,0.0,0.0,1.0,1.0,1.0,1.0,0.0,1.0,0.0,1.0,1.0,1.0,0.0,1.0,0.0,0.0,0.0,1.0,0.0,0.0,1.0,1.0,1.0,0.0,1.0,1.0,1.0,1.0,1.0,0.0,0.0,1.0,0.0,0.0,20.0,19.0,1.0,0.0,0.0,0.0,1.0,1.0,1.0,1.0,0.0,1.0,0.0,0.0,1.0,2.0,0.0,0.0,0.0,1.0,1.0,1.0,1.0,0.0,3.0,0.0,0.0,34.0,7.0,27.0,1.0,1.0,75.0,1.0,0.0,0.0,0.0,0.0,0.0,1.0,0.0,0.0,0.0,0.0,1.0,0.0,0.0,0.0,1.0,0.0,0.0,0.0,0.0,0.0,0.0,1.0,0.0,0.0,0.0,0.0,0.0,0.0,0.0,0.0,0.0,0.0,0.0,0.0,0.0,0.0,0.0,0.0,0.0,49.0,27.0,137.0,7.0,2.0,10.0,0.0,5.0,78.0,85.0,44.0,17.0,2.0,1.0,3.0,229.0,3.0,229.0,90.0,142.0,146.0,72.0,14.0,95.0,112.0,25.0,0.0,146.0,86.0,2.0,33.0,117.0,65.0,15.0,2.0,23.0,62.0,72.0,35.0,38.0,213.0,17.0,1.0,0.0,1.0,200.0,17.0,15.0,4.0,24.0,35.0,51.0,83.0,22.0,13.0,222.0,10.0,182.0,50.0,124.0,92.0,16.0,8.0,21.0,35.0,44.0,69.0,17.0,38.0,211.0,21.0,138.0,94.0,61.0,87.0,84.0,221.0,11.0,193.0,39.0,182.0,50.0,225.0,7.0,136.0,96.0,73.0,125.0,34.0,154.0,72.0,6.0,22.0,46.0,51.0,107.0,6.0,70.0,84.0,21.0,18.0,39.0,47.0,185.0,120.0,103.0,6.0,3.0,179.0,8.0,45.0,151.0,61.0,20.0,213.0,18.0,1.0,25.0,207.0,188.0,44.0,89.0,117.0,15.0,11.0,182.0,40.0,10.0,121.0,95.0,16.0,200.0,19.0,13.0,148.0,65.0,8.0,11.0,117.0,115.0,92.0,103.0,25.0,12.0,200.0,16.0,16.0,152.0,64.0,16.0,131.0,84.0,17.0,187.0,27.0,18.0,135.0,68.0,13.0,16.0,24.0,136.0,72.0,0.0,Atingiu a média
34,23071095,2017,1,2,2303,23016,23,2304400,230440005,2,1,1.0,1.0,1.0,0.0,0.0,0.0,0.0,0.0,0.0,0.0,0.0,0.0,0.0,1.0,1.0,0.0,1.0,0.0,0.0,1.0,0.0,0.0,0.0,1.0,1.0,0.0,1.0,0.0,0.0,0.0,0.0,0.0,1.0,1.0,1.0,1.0,0.0,1.0,0.0,1.0,1.0,1.0,0.0,1.0,0.0,0.0,0.0,1.0,0.0,1.0,0.0,1.0,1.0,0.0,1.0,1.0,0.0,0.0,1.0,0.0,0.0,0.0,0.0,0.0,10.0,10.0,0.0,0.0,1.0,0.0,1.0,1.0,1.0,0.0,1.0,0.0,0.0,1.0,1.0,0.0,0.0,1.0,0.0,1.0,1.0,1.0,0.0,2.0,0.0,0.0,1.0,9.0,1.0,8.0,1.0,1.0,72.0,1.0,0.0,0.0,0.0,0.0,0.0,1.0,0.0,0.0,1.0,0.0,1.0,0.0,0.0,0.0,1.0,0.0,0.0,0.0,0.0,0.0,1.0,1.0,0.0,0.0,0.0,0.0,0.0,0.0,0.0,0.0,0.0,0.0,0.0,0.0,0.0,0.0,0.0,0.0,0.0,9.0,9.0,50.0,4.0,2.0,1.0,0.0,1.0,25.0,27.0,13.0,5.0,2.0,2.0,2.0,73.0,1.0,74.0,28.0,47.0,58.0,17.0,0.0,40.0,27.0,8.0,1.0,56.0,18.0,0.0,14.0,43.0,14.0,4.0,0.0,14.0,18.0,18.0,12.0,13.0,70.0,5.0,0.0,0.0,0.0,59.0,14.0,2.0,0.0,5.0,15.0,21.0,24.0,3.0,7.0,71.0,4.0,55.0,20.0,33.0,42.0,0.0,3.0,6.0,8.0,15.0,21.0,3.0,19.0,66.0,9.0,34.0,41.0,20.0,27.0,28.0,71.0,4.0,60.0,15.0,60.0,15.0,73.0,2.0,40.0,35.0,33.0,35.0,7.0,52.0,22.0,1.0,7.0,14.0,26.0,25.0,3.0,26.0,30.0,6.0,5.0,8.0,25.0,50.0,35.0,37.0,3.0,0.0,66.0,1.0,8.0,45.0,22.0,8.0,68.0,6.0,1.0,6.0,69.0,59.0,16.0,33.0,36.0,6.0,0.0,63.0,12.0,0.0,52.0,22.0,1.0,68.0,7.0,0.0,67.0,7.0,1.0,0.0,37.0,38.0,29.0,37.0,9.0,0.0,71.0,4.0,0.0,52.0,22.0,1.0,51.0,24.0,0.0,59.0,15.0,1.0,64.0,10.0,1.0,0.0,11.0,33.0,31.0,0.0,Atingiu a média
35,23071591,2017,1,2,2303,23016,23,2304400,230440005,2,1,2.0,1.0,3.0,0.0,0.0,0.0,0.0,0.0,0.0,0.0,0.0,0.0,0.0,1.0,1.0,0.0,0.0,0.0,0.0,1.0,0.0,0.0,0.0,1.0,0.0,0.0,1.0,0.0,0.0,1.0,0.0,0.0,1.0,1.0,1.0,1.0,0.0,1.0,0.0,1.0,1.0,1.0,0.0,1.0,0.0,0.0,0.0,0.0,0.0,1.0,0.0,1.0,0.0,1.0,0.0,1.0,1.0,1.0,0.0,0.0,0.0,0.0,0.0,0.0,17.0,17.0,1.0,0.0,1.0,1.0,1.0,1.0,1.0,0.0,1.0,1.0,0.0,1.0,1.0,4.0,0.0,2.0,1.0,1.0,6.0,1.0,0.0,5.0,7.0,0.0,1.0,43.0,3.0,40.0,1.0,1.0,64.0,1.0,0.0,0.0,0.0,0.0,0.0,1.0,0.0,0.0,1.0,0.0,1.0,0.0,0.0,0.0,1.0,0.0,0.0,0.0,0.0,0.0,0.0,1.0,0.0,0.0,0.0,0.0,0.0,0.0,0.0,0.0,0.0,0.0,0.0,0.0,0.0,0.0,0.0,0.0,0.0,32.0,19.0,98.0,15.0,7.0,6.0,0.0,2.0,79.0,78.0,15.0,3.0,0.0,0.0,5.0,172.0,2.0,175.0,55.0,122.0,97.0,71.0,9.0,88.0,72.0,17.0,0.0,113.0,64.0,2.0,18.0,102.0,45.0,10.0,0.0,17.0,40.0,61.0,41.0,18.0,165.0,8.0,1.0,3.0,0.0,162.0,8.0,7.0,2.0,14.0,27.0,53.0,62.0,7.0,12.0,167.0,10.0,139.0,38.0,96.0,66.0,15.0,3.0,20.0,24.0,25.0,62.0,7.0,36.0,162.0,15.0,113.0,64.0,44.0,92.0,41.0,171.0,6.0,147.0,30.0,142.0,35.0,168.0,9.0,110.0,67.0,62.0,93.0,22.0,134.0,40.0,3.0,19.0,37.0,46.0,72.0,3.0,47.0,77.0,16.0,12.0,25.0,33.0,144.0,90.0,85.0,2.0,0.0,150.0,4.0,23.0,130.0,40.0,7.0,167.0,10.0,0.0,11.0,166.0,148.0,29.0,80.0,89.0,7.0,1.0,144.0,32.0,1.0,104.0,71.0,2.0,172.0,4.0,1.0,145.0,28.0,3.0,1.0,70.0,107.0,57.0,90.0,24.0,6.0,158.0,15.0,4.0,117.0,56.0,4.0,115.0,58.0,4.0,150.0,23.0,4.0,127.0,42.0,5.0,3.0,22.0,106.0,49.0,0.0,Atingiu a média
36,23072865,2017,1,2,2303,23016,23,2304400,230440005,2,1,2.0,1.0,1.0,0.0,0.0,0.0,0.0,0.0,0.0,0.0,0.0,0.0,0.0,1.0,1.0,0.0,0.0,0.0,0.0,1.0,0.0,0.0,0.0,1.0,0.0,0.0,1.0,0.0,0.0,0.0,0.0,0.0,1.0,1.0,1.0,1.0,0.0,0.0,1.0,1.0,1.0,1.0,1.0,1.0,0.0,0.0,0.0,1.0,0.0,0.0,0.0,1.0,0.0,1.0,0.0,1.0,1.0,1.0,0.0,0.0,0.0,0.0,0.0,0.0,14.0,14.0,1.0,0.0,1.0,0.0,0.0,0.0,1.0,1.0,1.0,1.0,0.0,1.0,1.0,1.0,0.0,1.0,0.0,0.0,0.0,2.0,1.0,1.0,1.0,0.0,1.0,30.0,6.0,20.0,1.0,1.0,101.0,1.0,0.0,0.0,0.0,0.0,0.0,1.0,0.0,0.0,0.0,0.0,1.0,0.0,0.0,0.0,1.0,0.0,0.0,0.0,0.0,0.0,0.0,1.0,0.0,0.0,0.0,0.0,0.0,0.0,0.0,0.0,0.0,0.0,0.0,0.0,0.0,0.0,0.0,0.0,0.0,26.0,21.0,70.0,4.0,0.0,10.0,0.0,5.0,74.0,45.0,5.0,1.0,1.0,0.0,0.0,131.0,1.0,130.0,44.0,87.0,70.0,54.0,7.0,46.0,72.0,13.0,0.0,73.0,58.0,1.0,17.0,73.0,28.0,12.0,0.0,12.0,31.0,51.0,23.0,14.0,129.0,1.0,1.0,0.0,0.0,116.0,10.0,5.0,1.0,11.0,10.0,17.0,66.0,19.0,7.0,130.0,1.0,108.0,23.0,80.0,46.0,5.0,1.0,11.0,13.0,17.0,57.0,13.0,19.0,127.0,4.0,82.0,49.0,51.0,47.0,33.0,127.0,4.0,112.0,19.0,110.0,21.0,129.0,2.0,79.0,52.0,57.0,62.0,12.0,103.0,28.0,0.0,9.0,48.0,34.0,37.0,3.0,58.0,39.0,10.0,7.0,17.0,7.0,124.0,77.0,52.0,2.0,0.0,111.0,9.0,11.0,121.0,9.0,1.0,127.0,2.0,2.0,3.0,128.0,109.0,22.0,75.0,43.0,4.0,9.0,102.0,23.0,6.0,73.0,51.0,7.0,125.0,1.0,5.0,67.0,50.0,6.0,8.0,72.0,59.0,58.0,64.0,8.0,1.0,118.0,11.0,2.0,92.0,35.0,4.0,84.0,45.0,2.0,122.0,6.0,3.0,71.0,50.0,8.0,2.0,14.0,52.0,65.0,0.0,Atingiu a média
37,23073527,2017,1,2,2303,23016,23,2304400,230440005,2,1,1.0,1.0,1.0,0.0,0.0,0.0,0.0,0.0,0.0,0.0,0.0,0.0,0.0,1.0,1.0,0.0,0.0,0.0,0.0,1.0,0.0,0.0,0.0,1.0,0.0,0.0,1.0,0.0,0.0,0.0,0.0,0.0,0.0,1.0,1.0,0.0,1.0,0.0,0.0,0.0,1.0,0.0,1.0,1.0,0.0,0.0,0.0,1.0,0.0,1.0,0.0,0.0,0.0,0.0,1.0,1.0,0.0,0.0,0.0,0.0,0.0,0.0,0.0,0.0,11.0,11.0,1.0,0.0,0.0,0.0,1.0,0.0,1.0,0.0,1.0,1.0,0.0,0.0,1.0,3.0,0.0,0.0,0.0,1.0,0.0,2.0,0.0,5.0,2.0,0.0,0.0,25.0,5.0,15.0,1.0,1.0,52.0,1.0,1.0,0.0,0.0,0.0,0.0,1.0,0.0,0.0,0.0,0.0,1.0,0.0,0.0,0.0,1.0,0.0,0.0,0.0,0.0,0.0,1.0,1.0,0.0,0.0,0.0,0.0,0.0,0.0,0.0,0.0,0.0,0.0,0.0,0.0,0.0,0.0,0.0,0.0,0.0,2.0,3.0,13.0,0.0,1.0,0.0,0.0,0.0,3.0,9.0,4.0,2.0,0.0,1.0,0.0,19.0,0.0,19.0,8.0,11.0,16.0,2.0,1.0,15.0,4.0,0.0,0.0,14.0,5.0,1.0,4.0,11.0,2.0,1.0,0.0,2.0,4.0,5.0,3.0,5.0,19.0,0.0,0.0,0.0,0.0,16.0,2.0,1.0,0.0,2.0,4.0,3.0,5.0,0.0,5.0,13.0,6.0,12.0,7.0,7.0,10.0,2.0,1.0,1.0,5.0,1.0,3.0,0.0,8.0,16.0,3.0,9.0,10.0,10.0,8.0,1.0,19.0,0.0,17.0,2.0,14.0,5.0,19.0,0.0,12.0,7.0,2.0,11.0,6.0,9.0,9.0,1.0,4.0,2.0,4.0,8.0,1.0,9.0,9.0,0.0,1.0,0.0,0.0,19.0,9.0,9.0,1.0,0.0,17.0,1.0,1.0,7.0,7.0,5.0,16.0,2.0,1.0,4.0,15.0,13.0,6.0,11.0,7.0,1.0,0.0,13.0,6.0,0.0,7.0,11.0,1.0,18.0,1.0,0.0,17.0,2.0,0.0,0.0,14.0,5.0,14.0,5.0,0.0,0.0,16.0,3.0,0.0,16.0,3.0,0.0,8.0,11.0,0.0,14.0,5.0,0.0,19.0,0.0,0.0,0.0,4.0,9.0,6.0,0.0,Atingiu a média
38,23075686,2017,1,2,2303,23016,23,2304400,230440005,2,1,1.0,1.0,2.0,0.0,0.0,0.0,0.0,0.0,0.0,0.0,0.0,0.0,0.0,1.0,1.0,1.0,1.0,0.0,0.0,1.0,0.0,0.0,0.0,1.0,0.0,0.0,1.0,0.0,0.0,0.0,0.0,0.0,1.0,1.0,1.0,0.0,0.0,1.0,0.0,1.0,1.0,1.0,0.0,1.0,0.0,0.0,0.0,1.0,0.0,1.0,0.0,1.0,1.0,0.0,1.0,1.0,1.0,1.0,0.0,0.0,0.0,0.0,0.0,0.0,9.0,9.0,1.0,0.0,0.0,0.0,1.0,0.0,1.0,0.0,1.0,1.0,1.0,1.0,1.0,2.0,0.0,0.0,0.0,1.0,0.0,2.0,0.0,2.0,3.0,1.0,1.0,30.0,3.0,26.0,1.0,1.0,66.0,1.0,0.0,0.0,0.0,0.0,0.0,1.0,0.0,0.0,1.0,0.0,1.0,0.0,0.0,0.0,1.0,0.0,0.0,0.0,0.0,0.0,1.0,1.0,0.0,0.0,0.0,0.0,0.0,0.0,0.0,0.0,0.0,0.0,0.0,0.0,0.0,0.0,0.0,0.0,0.0,44.0,15.0,102.0,9.0,1.0,8.0,0.0,1.0,64.0,74.0,24.0,5.0,4.0,7.0,6.0,173.0,1.0,178.0,64.0,115.0,107.0,70.0,2.0,93.0,79.0,7.0,1.0,127.0,51.0,3.0,28.0,103.0,42.0,3.0,1.0,12.0,39.0,70.0,41.0,16.0,174.0,4.0,1.0,0.0,0.0,154.0,17.0,8.0,2.0,23.0,31.0,33.0,75.0,4.0,11.0,172.0,7.0,143.0,36.0,112.0,58.0,9.0,5.0,25.0,32.0,25.0,64.0,5.0,23.0,165.0,14.0,106.0,73.0,68.0,74.0,37.0,175.0,4.0,154.0,25.0,144.0,35.0,177.0,2.0,120.0,59.0,58.0,98.0,23.0,121.0,55.0,3.0,25.0,56.0,40.0,56.0,2.0,53.0,82.0,10.0,16.0,18.0,29.0,150.0,96.0,77.0,6.0,0.0,150.0,8.0,21.0,115.0,49.0,15.0,164.0,12.0,3.0,12.0,167.0,154.0,25.0,119.0,53.0,7.0,0.0,142.0,36.0,1.0,101.0,76.0,2.0,161.0,18.0,0.0,168.0,10.0,1.0,0.0,123.0,56.0,116.0,58.0,5.0,0.0,168.0,11.0,0.0,132.0,47.0,0.0,110.0,69.0,0.0,146.0,33.0,0.0,157.0,21.0,1.0,0.0,36.0,100.0,43.0,0.0,Atingiu a média
39,23075775,2017,1,2,2303,23016,23,2304400,230440005,2,1,1.0,1.0,1.0,0.0,0.0,0.0,0.0,0.0,0.0,0.0,0.0,0.0,0.0,1.0,1.0,0.0,0.0,0.0,0.0,1.0,0.0,0.0,0.0,0.0,1.0,0.0,1.0,0.0,0.0,1.0,0.0,0.0,1.0,1.0,1.0,0.0,1.0,1.0,0.0,1.0,1.0,1.0,1.0,1.0,0.0,0.0,0.0,0.0,0.0,1.0,0.0,1.0,1.0,0.0,0.0,1.0,1.0,1.0,0.0,0.0,0.0,0.0,0.0,0.0,19.0,19.0,1.0,0.0,0.0,0.0,1.0,0.0,1.0,1.0,1.0,1.0,0.0,0.0,1.0,1.0,0.0,0.0,0.0,2.0,0.0,4.0,4.0,1.0,1.0,0.0,0.0,22.0,6.0,22.0,1.0,1.0,54.0,1.0,1.0,0.0,0.0,0.0,0.0,1.0,0.0,0.0,0.0,0.0,1.0,0.0,0.0,0.0,1.0,0.0,0.0,0.0,0.0,0.0,1.0,1.0,0.0,0.0,0.0,0.0,0.0,0.0,0.0,0.0,0.0,0.0,0.0,0.0,0.0,0.0,0.0,0.0,0.0,5.0,2.0,16.0,0.0,0.0,4.0,0.0,1.0,6.0,11.0,3.0,4.0,0.0,2.0,0.0,27.0,0.0,27.0,7.0,20.0,20.0,5.0,2.0,16.0,11.0,0.0,0.0,20.0,7.0,0.0,4.0,16.0,6.0,1.0,0.0,1.0,10.0,6.0,8.0,2.0,24.0,0.0,2.0,1.0,0.0,22.0,4.0,1.0,0.0,2.0,5.0,6.0,8.0,0.0,6.0,26.0,1.0,22.0,5.0,14.0,10.0,3.0,0.0,5.0,3.0,5.0,4.0,1.0,9.0,22.0,5.0,16.0,11.0,14.0,8.0,5.0,24.0,3.0,20.0,7.0,19.0,8.0,25.0,2.0,15.0,12.0,9.0,14.0,4.0,17.0,7.0,3.0,5.0,9.0,2.0,10.0,1.0,9.0,8.0,0.0,2.0,8.0,9.0,18.0,10.0,14.0,3.0,0.0,26.0,1.0,0.0,19.0,3.0,5.0,27.0,0.0,0.0,2.0,25.0,22.0,5.0,10.0,15.0,2.0,0.0,21.0,6.0,0.0,11.0,16.0,0.0,22.0,5.0,0.0,22.0,5.0,0.0,0.0,14.0,13.0,10.0,13.0,3.0,1.0,23.0,3.0,1.0,17.0,9.0,1.0,16.0,10.0,1.0,18.0,9.0,0.0,17.0,8.0,1.0,1.0,7.0,15.0,5.0,0.0,Atingiu a média
40,23078529,2017,1,2,2303,23016,23,2304400,230440005,2,1,1.0,1.0,1.0,0.0,0.0,0.0,0.0,0.0,0.0,0.0,0.0,0.0,0.0,1.0,1.0,0.0,0.0,0.0,0.0,1.0,0.0,0.0,0.0,1.0,0.0,0.0,1.0,0.0,0.0,0.0,0.0,0.0,1.0,1.0,1.0,1.0,0.0,0.0,0.0,0.0,1.0,1.0,0.0,1.0,0.0,0.0,0.0,1.0,0.0,0.0,0.0,1.0,1.0,0.0,1.0,1.0,1.0,0.0,0.0,0.0,0.0,0.0,0.0,0.0,6.0,6.0,1.0,1.0,1.0,0.0,1.0,1.0,1.0,1.0,1.0,1.0,0.0,1.0,1.0,6.0,1.0,1.0,0.0,4.0,1.0,4.0,3.0,2.0,4.0,0.0,2.0,21.0,6.0,15.0,1.0,1.0,47.0,1.0,0.0,0.0,0.0,0.0,0.0,1.0,0.0,0.0,1.0,0.0,1.0,0.0,0.0,0.0,1.0,0.0,0.0,0.0,0.0,0.0,0.0,1.0,0.0,0.0,0.0,0.0,0.0,0.0,0.0,0.0,0.0,0.0,0.0,0.0,0.0,0.0,0.0,0.0,0.0,6.0,13.0,18.0,4.0,1.0,3.0,0.0,0.0,14.0,18.0,7.0,2.0,2.0,2.0,0.0,45.0,0.0,45.0,18.0,27.0,31.0,12.0,2.0,27.0,11.0,7.0,0.0,28.0,17.0,1.0,9.0,18.0,15.0,2.0,2.0,6.0,12.0,11.0,7.0,7.0,40.0,1.0,4.0,0.0,0.0,35.0,6.0,4.0,3.0,2.0,6.0,10.0,16.0,1.0,7.0,43.0,2.0,31.0,14.0,22.0,20.0,3.0,2.0,4.0,1.0,9.0,13.0,2.0,14.0,40.0,5.0,25.0,20.0,10.0,19.0,16.0,42.0,3.0,36.0,9.0,29.0,16.0,43.0,2.0,21.0,24.0,15.0,22.0,8.0,30.0,13.0,2.0,9.0,12.0,10.0,13.0,1.0,15.0,15.0,2.0,2.0,11.0,25.0,20.0,23.0,19.0,3.0,0.0,39.0,0.0,6.0,23.0,16.0,6.0,40.0,4.0,1.0,3.0,42.0,40.0,5.0,16.0,26.0,2.0,1.0,36.0,7.0,2.0,23.0,20.0,2.0,42.0,1.0,2.0,34.0,10.0,0.0,1.0,22.0,23.0,16.0,15.0,14.0,0.0,41.0,3.0,1.0,32.0,12.0,1.0,33.0,11.0,1.0,39.0,5.0,1.0,38.0,4.0,2.0,1.0,8.0,27.0,10.0,0.0,Atingiu a média
41,23078758,2017,1,2,2303,23016,23,2304400,230440005,2,1,1.0,1.0,1.0,0.0,0.0,0.0,0.0,0.0,0.0,0.0,0.0,0.0,0.0,1.0,1.0,0.0,0.0,0.0,0.0,1.0,0.0,0.0,0.0,1.0,1.0,0.0,1.0,0.0,0.0,0.0,0.0,0.0,1.0,1.0,1.0,1.0,1.0,1.0,0.0,1.0,1.0,1.0,1.0,1.0,0.0,0.0,0.0,1.0,0.0,1.0,0.0,1.0,0.0,0.0,0.0,0.0,0.0,1.0,0.0,0.0,0.0,0.0,0.0,0.0,10.0,10.0,1.0,0.0,1.0,0.0,1.0,1.0,1.0,1.0,1.0,1.0,0.0,1.0,1.0,3.0,0.0,2.0,0.0,4.0,1.0,6.0,6.0,9.0,9.0,0.0,2.0,26.0,6.0,20.0,1.0,1.0,55.0,1.0,1.0,0.0,0.0,0.0,0.0,1.0,0.0,0.0,0.0,0.0,1.0,0.0,0.0,0.0,1.0,0.0,0.0,0.0,0.0,0.0,1.0,1.0,0.0,0.0,0.0,0.0,0.0,0.0,0.0,0.0,0.0,0.0,0.0,0.0,0.0,0.0,0.0,0.0,0.0,4.0,3.0,28.0,0.0,3.0,3.0,0.0,0.0,15.0,13.0,10.0,1.0,1.0,1.0,0.0,41.0,0.0,41.0,16.0,25.0,27.0,11.0,3.0,21.0,16.0,4.0,0.0,26.0,15.0,0.0,3.0,27.0,9.0,2.0,0.0,4.0,10.0,14.0,9.0,4.0,39.0,2.0,0.0,0.0,0.0,35.0,4.0,2.0,0.0,9.0,8.0,4.0,13.0,3.0,4.0,39.0,2.0,36.0,5.0,26.0,12.0,3.0,0.0,8.0,8.0,9.0,7.0,1.0,8.0,37.0,4.0,27.0,14.0,24.0,12.0,5.0,41.0,0.0,39.0,2.0,32.0,9.0,40.0,1.0,27.0,14.0,9.0,28.0,4.0,26.0,14.0,1.0,6.0,6.0,9.0,20.0,0.0,13.0,16.0,3.0,3.0,6.0,3.0,38.0,20.0,16.0,5.0,0.0,38.0,0.0,3.0,18.0,17.0,6.0,41.0,0.0,0.0,8.0,33.0,34.0,7.0,33.0,6.0,1.0,1.0,38.0,1.0,2.0,24.0,16.0,1.0,35.0,5.0,1.0,40.0,0.0,0.0,1.0,16.0,25.0,25.0,13.0,3.0,0.0,40.0,1.0,0.0,37.0,4.0,0.0,29.0,12.0,0.0,35.0,6.0,0.0,40.0,1.0,0.0,0.0,8.0,26.0,7.0,0.0,Atingiu a média
42,23186488,2017,1,2,2303,23016,23,2304400,230440005,2,1,2.0,1.0,1.0,0.0,0.0,0.0,0.0,0.0,0.0,0.0,0.0,0.0,0.0,1.0,1.0,0.0,0.0,0.0,0.0,1.0,0.0,0.0,0.0,1.0,0.0,0.0,1.0,0.0,0.0,0.0,0.0,0.0,1.0,1.0,1.0,1.0,0.0,0.0,1.0,1.0,1.0,1.0,0.0,1.0,0.0,0.0,0.0,1.0,0.0,1.0,1.0,1.0,1.0,1.0,1.0,1.0,1.0,1.0,0.0,0.0,0.0,0.0,0.0,0.0,20.0,20.0,1.0,0.0,1.0,0.0,1.0,0.0,1.0,1.0,1.0,1.0,0.0,0.0,1.0,2.0,0.0,1.0,0.0,1.0,0.0,3.0,2.0,3.0,3.0,0.0,0.0,50.0,13.0,37.0,1.0,1.0,99.0,1.0,0.0,0.0,0.0,0.0,0.0,1.0,0.0,0.0,0.0,0.0,1.0,0.0,0.0,0.0,1.0,0.0,0.0,0.0,0.0,0.0,1.0,1.0,0.0,0.0,0.0,0.0,0.0,0.0,0.0,0.0,0.0,0.0,0.0,0.0,0.0,0.0,0.0,0.0,0.0,59.0,38.0,211.0,26.0,4.0,14.0,0.0,5.0,133.0,162.0,39.0,11.0,2.0,0.0,9.0,343.0,5.0,347.0,125.0,227.0,207.0,135.0,10.0,169.0,156.0,27.0,2.0,233.0,117.0,4.0,45.0,209.0,77.0,17.0,1.0,41.0,81.0,122.0,66.0,41.0,339.0,8.0,4.0,1.0,0.0,305.0,33.0,14.0,1.0,36.0,43.0,74.0,141.0,30.0,27.0,337.0,15.0,274.0,78.0,195.0,142.0,15.0,6.0,25.0,51.0,55.0,134.0,20.0,61.0,334.0,18.0,227.0,125.0,128.0,153.0,71.0,342.0,10.0,293.0,59.0,285.0,67.0,343.0,9.0,235.0,117.0,121.0,183.0,48.0,288.0,61.0,3.0,25.0,63.0,98.0,159.0,7.0,132.0,132.0,24.0,15.0,49.0,67.0,285.0,184.0,153.0,14.0,1.0,292.0,13.0,47.0,255.0,81.0,16.0,337.0,15.0,0.0,22.0,330.0,307.0,45.0,210.0,130.0,8.0,4.0,292.0,53.0,7.0,199.0,144.0,9.0,330.0,14.0,8.0,277.0,65.0,3.0,7.0,215.0,137.0,181.0,147.0,22.0,2.0,335.0,14.0,3.0,261.0,87.0,4.0,264.0,83.0,5.0,287.0,61.0,4.0,331.0,19.0,0.0,2.0,45.0,189.0,117.0,1.0,Atingiu a média
43,23188545,2017,1,2,2303,23016,23,2304400,230440005,2,1,1.0,1.0,1.0,0.0,0.0,0.0,0.0,0.0,0.0,0.0,0.0,0.0,0.0,1.0,1.0,0.0,1.0,0.0,0.0,1.0,0.0,0.0,0.0,1.0,0.0,0.0,1.0,1.0,0.0,0.0,0.0,0.0,1.0,1.0,1.0,1.0,1.0,1.0,1.0,1.0,1.0,1.0,0.0,1.0,0.0,0.0,0.0,1.0,0.0,1.0,1.0,1.0,1.0,1.0,1.0,1.0,1.0,0.0,1.0,0.0,0.0,0.0,0.0,0.0,16.0,16.0,1.0,0.0,1.0,0.0,0.0,0.0,0.0,1.0,1.0,1.0,0.0,1.0,1.0,2.0,0.0,1.0,0.0,0.0,0.0,0.0,3.0,2.0,2.0,0.0,1.0,45.0,2.0,43.0,1.0,1.0,97.0,1.0,1.0,0.0,0.0,0.0,0.0,1.0,0.0,0.0,1.0,0.0,1.0,0.0,0.0,1.0,1.0,1.0,0.0,0.0,0.0,0.0,1.0,1.0,0.0,0.0,0.0,0.0,0.0,0.0,0.0,0.0,0.0,0.0,0.0,0.0,1.0,0.0,0.0,0.0,0.0,30.0,15.0,124.0,14.0,3.0,7.0,0.0,1.0,58.0,71.0,28.0,12.0,7.0,16.0,4.0,189.0,2.0,191.0,114.0,79.0,153.0,38.0,2.0,136.0,51.0,6.0,3.0,147.0,43.0,7.0,52.0,98.0,28.0,8.0,2.0,25.0,45.0,56.0,33.0,32.0,181.0,9.0,2.0,1.0,0.0,140.0,42.0,11.0,5.0,44.0,41.0,35.0,42.0,4.0,22.0,175.0,18.0,146.0,47.0,89.0,95.0,9.0,10.0,29.0,33.0,28.0,44.0,6.0,43.0,158.0,35.0,107.0,86.0,86.0,71.0,36.0,181.0,12.0,158.0,35.0,149.0,44.0,180.0,13.0,104.0,89.0,63.0,99.0,31.0,135.0,49.0,9.0,30.0,44.0,36.0,76.0,7.0,60.0,60.0,28.0,17.0,28.0,40.0,153.0,81.0,92.0,14.0,6.0,179.0,1.0,13.0,134.0,39.0,20.0,165.0,22.0,6.0,23.0,170.0,163.0,30.0,115.0,68.0,8.0,2.0,153.0,36.0,4.0,109.0,79.0,5.0,172.0,18.0,3.0,167.0,25.0,1.0,0.0,116.0,77.0,102.0,81.0,9.0,1.0,179.0,12.0,2.0,146.0,46.0,1.0,124.0,67.0,2.0,149.0,42.0,2.0,159.0,30.0,4.0,0.0,21.0,92.0,80.0,0.0,Atingiu a média
44,23198710,2017,1,2,2303,23016,23,2304400,230440005,2,1,2.0,1.0,1.0,0.0,0.0,0.0,0.0,0.0,0.0,1.0,0.0,0.0,0.0,1.0,1.0,1.0,0.0,0.0,0.0,1.0,0.0,0.0,0.0,1.0,1.0,0.0,1.0,0.0,0.0,0.0,0.0,0.0,1.0,1.0,1.0,1.0,0.0,1.0,0.0,1.0,1.0,1.0,1.0,1.0,1.0,0.0,0.0,1.0,1.0,0.0,0.0,1.0,0.0,1.0,1.0,1.0,1.0,0.0,0.0,0.0,0.0,0.0,0.0,0.0,46.0,39.0,1.0,0.0,1.0,0.0,1.0,0.0,1.0,1.0,1.0,1.0,1.0,1.0,1.0,11.0,0.0,2.0,0.0,3.0,0.0,4.0,8.0,3.0,6.0,1.0,1.0,36.0,23.0,13.0,1.0,1.0,237.0,1.0,0.0,0.0,0.0,0.0,0.0,1.0,0.0,0.0,0.0,0.0,1.0,0.0,0.0,0.0,1.0,0.0,0.0,0.0,0.0,1.0,1.0,1.0,0.0,0.0,0.0,0.0,0.0,0.0,0.0,0.0,0.0,0.0,0.0,0.0,0.0,0.0,0.0,0.0,0.0,45.0,11.0,92.0,8.0,0.0,3.0,0.0,2.0,75.0,63.0,17.0,2.0,0.0,0.0,1.0,158.0,1.0,158.0,36.0,123.0,52.0,92.0,15.0,33.0,83.0,43.0,0.0,74.0,85.0,0.0,4.0,88.0,51.0,16.0,0.0,17.0,41.0,62.0,28.0,11.0,153.0,5.0,0.0,1.0,0.0,148.0,8.0,3.0,0.0,6.0,6.0,26.0,83.0,36.0,2.0,159.0,0.0,132.0,27.0,97.0,57.0,5.0,0.0,4.0,13.0,18.0,79.0,34.0,11.0,157.0,2.0,114.0,45.0,65.0,62.0,32.0,157.0,2.0,140.0,19.0,140.0,19.0,155.0,4.0,113.0,46.0,55.0,82.0,22.0,136.0,23.0,0.0,8.0,51.0,45.0,54.0,1.0,79.0,42.0,7.0,1.0,30.0,8.0,151.0,85.0,73.0,1.0,0.0,154.0,0.0,5.0,126.0,28.0,5.0,157.0,2.0,0.0,2.0,157.0,99.0,60.0,86.0,64.0,7.0,2.0,145.0,13.0,1.0,83.0,74.0,2.0,148.0,10.0,1.0,135.0,21.0,2.0,1.0,95.0,64.0,77.0,66.0,16.0,0.0,146.0,12.0,1.0,130.0,28.0,1.0,105.0,54.0,0.0,148.0,11.0,0.0,130.0,27.0,2.0,0.0,18.0,67.0,74.0,0.0,Atingiu a média
45,23215534,2017,1,2,2303,23016,23,2304400,230440005,2,1,1.0,1.0,1.0,0.0,0.0,0.0,0.0,0.0,0.0,0.0,0.0,0.0,0.0,1.0,1.0,0.0,1.0,0.0,0.0,1.0,0.0,0.0,0.0,1.0,0.0,0.0,1.0,0.0,0.0,0.0,0.0,0.0,1.0,1.0,1.0,1.0,0.0,1.0,0.0,1.0,1.0,1.0,0.0,1.0,0.0,0.0,0.0,1.0,1.0,1.0,1.0,1.0,1.0,1.0,1.0,1.0,1.0,1.0,1.0,0.0,0.0,0.0,0.0,0.0,25.0,25.0,1.0,1.0,1.0,0.0,1.0,0.0,0.0,1.0,1.0,1.0,0.0,0.0,1.0,3.0,2.0,2.0,0.0,1.0,0.0,0.0,2.0,3.0,3.0,0.0,0.0,40.0,15.0,25.0,1.0,1.0,98.0,1.0,0.0,0.0,0.0,0.0,0.0,1.0,0.0,0.0,0.0,0.0,1.0,0.0,0.0,0.0,1.0,0.0,0.0,0.0,0.0,1.0,1.0,1.0,0.0,0.0,0.0,0.0,0.0,0.0,0.0,0.0,0.0,0.0,0.0,0.0,0.0,0.0,0.0,0.0,0.0,23.0,7.0,56.0,2.0,2.0,5.0,0.0,1.0,44.0,42.0,7.0,1.0,0.0,0.0,0.0,95.0,0.0,95.0,16.0,79.0,37.0,48.0,10.0,22.0,47.0,26.0,0.0,31.0,64.0,0.0,1.0,46.0,37.0,11.0,0.0,6.0,25.0,42.0,15.0,7.0,90.0,5.0,0.0,0.0,0.0,87.0,4.0,4.0,1.0,2.0,3.0,14.0,52.0,20.0,3.0,93.0,2.0,73.0,22.0,60.0,32.0,3.0,0.0,3.0,4.0,12.0,44.0,25.0,7.0,94.0,1.0,65.0,30.0,37.0,39.0,19.0,94.0,1.0,85.0,10.0,82.0,13.0,92.0,3.0,73.0,22.0,43.0,43.0,9.0,82.0,11.0,2.0,14.0,36.0,29.0,15.0,1.0,53.0,20.0,2.0,1.0,19.0,4.0,91.0,61.0,32.0,2.0,0.0,85.0,0.0,10.0,74.0,19.0,2.0,94.0,1.0,0.0,1.0,94.0,65.0,30.0,51.0,39.0,5.0,0.0,82.0,13.0,0.0,62.0,32.0,1.0,94.0,1.0,0.0,61.0,29.0,4.0,1.0,63.0,32.0,54.0,39.0,2.0,0.0,93.0,2.0,0.0,77.0,17.0,1.0,71.0,24.0,0.0,90.0,4.0,1.0,53.0,38.0,4.0,0.0,7.0,58.0,30.0,0.0,Atingiu a média
46,23225416,2017,1,2,2303,23016,23,2304400,230440005,2,1,1.0,1.0,1.0,0.0,0.0,0.0,0.0,0.0,0.0,0.0,0.0,0.0,0.0,1.0,1.0,1.0,1.0,0.0,0.0,1.0,0.0,0.0,0.0,1.0,1.0,0.0,1.0,0.0,0.0,0.0,0.0,0.0,1.0,1.0,1.0,1.0,0.0,0.0,0.0,0.0,1.0,1.0,1.0,1.0,0.0,0.0,0.0,1.0,0.0,1.0,1.0,1.0,1.0,0.0,1.0,1.0,1.0,1.0,1.0,0.0,0.0,0.0,1.0,0.0,13.0,13.0,1.0,0.0,1.0,0.0,1.0,1.0,1.0,1.0,1.0,1.0,0.0,1.0,1.0,8.0,0.0,2.0,0.0,2.0,1.0,2.0,4.0,4.0,4.0,0.0,1.0,48.0,8.0,40.0,1.0,1.0,109.0,1.0,0.0,0.0,0.0,0.0,0.0,1.0,0.0,0.0,1.0,0.0,1.0,0.0,0.0,0.0,1.0,0.0,0.0,0.0,0.0,0.0,0.0,1.0,0.0,0.0,0.0,0.0,0.0,0.0,0.0,0.0,0.0,0.0,0.0,0.0,0.0,0.0,0.0,0.0,0.0,71.0,51.0,227.0,21.0,4.0,10.0,0.0,8.0,182.0,152.0,22.0,12.0,2.0,6.0,11.0,373.0,2.0,382.0,148.0,236.0,222.0,147.0,15.0,174.0,175.0,35.0,0.0,239.0,145.0,2.0,63.0,211.0,76.0,32.0,4.0,47.0,90.0,119.0,73.0,51.0,366.0,13.0,4.0,1.0,0.0,344.0,31.0,9.0,6.0,62.0,56.0,74.0,132.0,28.0,26.0,365.0,19.0,313.0,71.0,225.0,143.0,16.0,9.0,60.0,67.0,37.0,114.0,23.0,74.0,352.0,32.0,253.0,131.0,123.0,168.0,93.0,369.0,15.0,332.0,52.0,321.0,63.0,367.0,17.0,246.0,138.0,126.0,199.0,59.0,272.0,102.0,10.0,43.0,75.0,90.0,167.0,9.0,122.0,146.0,36.0,33.0,47.0,68.0,316.0,195.0,171.0,14.0,4.0,329.0,7.0,48.0,321.0,51.0,12.0,360.0,19.0,5.0,37.0,347.0,290.0,94.0,230.0,134.0,15.0,5.0,328.0,51.0,5.0,215.0,161.0,8.0,337.0,41.0,6.0,320.0,50.0,8.0,6.0,263.0,121.0,249.0,116.0,16.0,3.0,360.0,20.0,4.0,289.0,91.0,4.0,249.0,131.0,4.0,288.0,91.0,5.0,308.0,63.0,7.0,6.0,52.0,203.0,128.0,1.0,Atingiu a média
47,23225491,2017,1,2,2303,23016,23,2304400,230440005,2,1,2.0,1.0,2.0,0.0,0.0,0.0,0.0,0.0,0.0,0.0,0.0,0.0,0.0,1.0,0.0,1.0,0.0,0.0,0.0,1.0,0.0,0.0,0.0,1.0,0.0,0.0,1.0,0.0,0.0,0.0,0.0,0.0,1.0,1.0,1.0,0.0,0.0,0.0,1.0,1.0,1.0,1.0,0.0,1.0,0.0,0.0,0.0,1.0,0.0,0.0,0.0,1.0,0.0,0.0,1.0,1.0,0.0,0.0,0.0,0.0,0.0,0.0,0.0,0.0,14.0,14.0,1.0,1.0,1.0,0.0,1.0,1.0,0.0,1.0,1.0,0.0,0.0,0.0,1.0,2.0,1.0,2.0,0.0,1.0,1.0,0.0,1.0,6.0,0.0,0.0,0.0,20.0,6.0,20.0,1.0,1.0,96.0,1.0,0.0,0.0,0.0,0.0,0.0,1.0,0.0,0.0,0.0,0.0,1.0,0.0,0.0,0.0,1.0,0.0,0.0,0.0,0.0,0.0,1.0,1.0,0.0,0.0,0.0,0.0,0.0,0.0,0.0,0.0,0.0,0.0,0.0,0.0,0.0,0.0,0.0,0.0,0.0,49.0,30.0,161.0,13.0,7.0,20.0,0.0,4.0,91.0,110.0,39.0,15.0,11.0,10.0,7.0,273.0,3.0,277.0,118.0,162.0,199.0,74.0,7.0,139.0,117.0,24.0,0.0,201.0,79.0,8.0,63.0,139.0,58.0,12.0,0.0,34.0,76.0,97.0,46.0,27.0,244.0,27.0,7.0,1.0,1.0,239.0,29.0,12.0,5.0,47.0,47.0,65.0,85.0,8.0,23.0,259.0,21.0,213.0,67.0,140.0,131.0,9.0,14.0,41.0,36.0,37.0,76.0,9.0,67.0,242.0,38.0,148.0,132.0,145.0,94.0,41.0,271.0,9.0,246.0,34.0,228.0,52.0,272.0,8.0,177.0,103.0,83.0,160.0,37.0,204.0,60.0,16.0,29.0,62.0,71.0,114.0,4.0,91.0,101.0,23.0,28.0,37.0,63.0,217.0,152.0,114.0,13.0,1.0,237.0,8.0,35.0,195.0,65.0,20.0,245.0,32.0,3.0,40.0,240.0,237.0,43.0,193.0,75.0,6.0,6.0,232.0,37.0,11.0,163.0,104.0,13.0,248.0,24.0,8.0,247.0,23.0,2.0,8.0,175.0,105.0,152.0,112.0,12.0,4.0,265.0,9.0,6.0,188.0,87.0,5.0,160.0,115.0,5.0,228.0,47.0,5.0,246.0,28.0,1.0,5.0,33.0,103.0,140.0,4.0,Atingiu a média
48,23225505,2017,1,2,2303,23016,23,2304400,230440005,2,1,2.0,1.0,2.0,0.0,0.0,0.0,0.0,0.0,0.0,0.0,0.0,0.0,0.0,1.0,1.0,0.0,0.0,0.0,0.0,1.0,0.0,0.0,0.0,1.0,0.0,0.0,1.0,0.0,0.0,0.0,0.0,0.0,1.0,1.0,1.0,0.0,1.0,1.0,0.0,1.0,1.0,0.0,1.0,1.0,0.0,0.0,0.0,1.0,0.0,0.0,0.0,1.0,0.0,0.0,1.0,1.0,0.0,0.0,1.0,0.0,0.0,0.0,0.0,0.0,9.0,9.0,1.0,0.0,1.0,0.0,1.0,0.0,1.0,0.0,1.0,1.0,0.0,1.0,1.0,2.0,0.0,1.0,0.0,1.0,0.0,1.0,0.0,7.0,2.0,0.0,1.0,21.0,7.0,14.0,1.0,1.0,47.0,1.0,1.0,0.0,0.0,0.0,0.0,1.0,0.0,0.0,0.0,0.0,1.0,0.0,0.0,0.0,1.0,0.0,0.0,0.0,0.0,0.0,1.0,1.0,0.0,0.0,0.0,0.0,0.0,0.0,0.0,0.0,0.0,0.0,0.0,0.0,0.0,0.0,0.0,0.0,0.0,2.0,2.0,25.0,2.0,0.0,0.0,0.0,0.0,13.0,13.0,3.0,2.0,0.0,0.0,0.0,31.0,0.0,31.0,10.0,21.0,19.0,11.0,1.0,18.0,12.0,1.0,0.0,20.0,11.0,0.0,7.0,17.0,5.0,2.0,0.0,5.0,6.0,6.0,6.0,8.0,28.0,3.0,0.0,0.0,0.0,25.0,1.0,5.0,0.0,3.0,6.0,10.0,10.0,0.0,2.0,31.0,0.0,23.0,8.0,16.0,13.0,2.0,0.0,3.0,6.0,4.0,15.0,0.0,3.0,29.0,2.0,19.0,12.0,12.0,13.0,6.0,29.0,2.0,25.0,6.0,22.0,9.0,30.0,1.0,19.0,12.0,4.0,20.0,7.0,19.0,12.0,0.0,1.0,3.0,7.0,20.0,0.0,7.0,14.0,1.0,4.0,5.0,4.0,27.0,14.0,13.0,3.0,1.0,27.0,0.0,4.0,25.0,3.0,3.0,30.0,1.0,0.0,3.0,28.0,26.0,5.0,16.0,12.0,3.0,0.0,24.0,6.0,1.0,13.0,18.0,0.0,27.0,4.0,0.0,29.0,2.0,0.0,0.0,18.0,13.0,14.0,12.0,5.0,0.0,27.0,4.0,0.0,23.0,7.0,1.0,14.0,17.0,0.0,25.0,5.0,1.0,28.0,3.0,0.0,0.0,2.0,13.0,16.0,0.0,Atingiu a média
49,23259639,2017,1,2,2303,23016,23,2304400,230440005,2,1,1.0,1.0,3.0,0.0,0.0,0.0,0.0,0.0,0.0,0.0,0.0,0.0,0.0,0.0,1.0,0.0,0.0,0.0,0.0,1.0,0.0,0.0,0.0,1.0,0.0,0.0,1.0,0.0,0.0,0.0,0.0,0.0,1.0,1.0,1.0,0.0,0.0,1.0,1.0,1.0,0.0,1.0,0.0,1.0,0.0,0.0,0.0,0.0,0.0,1.0,0.0,1.0,1.0,1.0,0.0,0.0,1.0,0.0,0.0,0.0,0.0,0.0,0.0,0.0,7.0,7.0,1.0,0.0,1.0,0.0,1.0,0.0,1.0,0.0,1.0,1.0,0.0,1.0,1.0,3.0,0.0,1.0,0.0,1.0,0.0,1.0,0.0,1.0,1.0,0.0,1.0,17.0,4.0,13.0,1.0,1.0,32.0,1.0,0.0,0.0,0.0,0.0,0.0,1.0,0.0,0.0,0.0,0.0,1.0,0.0,0.0,0.0,1.0,0.0,0.0,0.0,0.0,0.0,0.0,1.0,0.0,0.0,0.0,0.0,0.0,0.0,0.0,0.0,0.0,0.0,0.0,0.0,0.0,0.0,0.0,0.0,0.0,14.0,6.0,37.0,2.0,1.0,1.0,0.0,2.0,24.0,25.0,9.0,1.0,0.0,0.0,0.0,61.0,0.0,61.0,21.0,40.0,35.0,25.0,1.0,36.0,24.0,1.0,0.0,46.0,15.0,0.0,5.0,46.0,10.0,0.0,0.0,7.0,18.0,25.0,5.0,6.0,57.0,4.0,0.0,0.0,0.0,53.0,6.0,2.0,2.0,5.0,13.0,15.0,17.0,4.0,5.0,55.0,6.0,44.0,17.0,39.0,19.0,3.0,4.0,6.0,7.0,14.0,13.0,1.0,16.0,51.0,10.0,33.0,28.0,39.0,19.0,3.0,60.0,1.0,57.0,4.0,48.0,13.0,59.0,2.0,35.0,26.0,16.0,41.0,4.0,41.0,20.0,0.0,5.0,16.0,15.0,23.0,2.0,19.0,29.0,3.0,4.0,6.0,12.0,49.0,33.0,22.0,5.0,1.0,19.0,2.0,40.0,53.0,6.0,2.0,58.0,2.0,1.0,4.0,57.0,54.0,7.0,39.0,21.0,1.0,0.0,55.0,6.0,0.0,43.0,18.0,0.0,54.0,7.0,0.0,44.0,17.0,0.0,0.0,36.0,25.0,40.0,16.0,4.0,1.0,59.0,2.0,0.0,41.0,19.0,1.0,44.0,17.0,0.0,59.0,2.0,0.0,50.0,8.0,2.0,1.0,4.0,24.0,31.0,2.0,Atingiu a média
50,23264721,2017,1,2,2303,23016,23,2304400,230440005,2,1,1.0,1.0,2.0,0.0,0.0,0.0,0.0,0.0,0.0,0.0,0.0,0.0,0.0,1.0,1.0,0.0,0.0,0.0,0.0,1.0,0.0,0.0,0.0,1.0,0.0,0.0,1.0,0.0,0.0,0.0,0.0,0.0,1.0,1.0,0.0,1.0,0.0,0.0,0.0,0.0,1.0,1.0,0.0,1.0,0.0,0.0,0.0,1.0,0.0,1.0,0.0,1.0,0.0,1.0,1.0,0.0,0.0,1.0,0.0,0.0,0.0,1.0,0.0,0.0,13.0,12.0,1.0,0.0,1.0,0.0,1.0,1.0,1.0,0.0,1.0,1.0,0.0,1.0,1.0,4.0,0.0,3.0,0.0,1.0,1.0,3.0,0.0,3.0,2.0,0.0,1.0,6.0,6.0,0.0,1.0,1.0,37.0,1.0,0.0,0.0,0.0,0.0,0.0,1.0,0.0,0.0,1.0,0.0,1.0,0.0,0.0,0.0,1.0,1.0,1.0,0.0,0.0,0.0,1.0,1.0,0.0,0.0,0.0,0.0,0.0,0.0,0.0,0.0,0.0,0.0,1.0,1.0,0.0,0.0,0.0,0.0,0.0,9.0,9.0,38.0,0.0,1.0,4.0,0.0,0.0,18.0,31.0,7.0,3.0,2.0,0.0,3.0,58.0,0.0,61.0,30.0,31.0,46.0,14.0,1.0,40.0,18.0,3.0,0.0,43.0,18.0,2.0,13.0,33.0,8.0,5.0,0.0,7.0,16.0,10.0,13.0,15.0,56.0,3.0,1.0,1.0,0.0,53.0,4.0,4.0,2.0,17.0,6.0,19.0,14.0,0.0,3.0,53.0,8.0,39.0,22.0,29.0,27.0,5.0,1.0,10.0,10.0,12.0,13.0,0.0,15.0,52.0,9.0,30.0,31.0,14.0,29.0,18.0,59.0,2.0,51.0,10.0,42.0,19.0,58.0,3.0,26.0,35.0,15.0,31.0,15.0,43.0,16.0,2.0,5.0,13.0,12.0,29.0,2.0,17.0,19.0,4.0,5.0,16.0,20.0,41.0,33.0,23.0,5.0,0.0,55.0,1.0,5.0,47.0,9.0,5.0,56.0,5.0,0.0,5.0,56.0,52.0,9.0,34.0,24.0,3.0,0.0,44.0,17.0,0.0,30.0,30.0,1.0,55.0,6.0,0.0,57.0,4.0,0.0,0.0,28.0,33.0,23.0,33.0,5.0,0.0,53.0,7.0,1.0,43.0,18.0,0.0,33.0,27.0,1.0,42.0,18.0,1.0,58.0,3.0,0.0,0.0,11.0,29.0,21.0,0.0,Atingiu a média
51,23015705,2017,1,2,2301,23003,23,2304509,230450905,2,1,2.0,1.0,1.0,0.0,0.0,0.0,0.0,0.0,0.0,0.0,0.0,0.0,0.0,1.0,1.0,0.0,1.0,0.0,0.0,1.0,0.0,0.0,0.0,1.0,1.0,0.0,1.0,0.0,0.0,0.0,0.0,0.0,1.0,1.0,1.0,1.0,0.0,1.0,0.0,1.0,1.0,1.0,1.0,1.0,0.0,0.0,0.0,1.0,0.0,1.0,0.0,1.0,0.0,1.0,1.0,1.0,0.0,1.0,0.0,0.0,0.0,0.0,0.0,0.0,10.0,10.0,1.0,0.0,1.0,1.0,1.0,0.0,1.0,1.0,1.0,1.0,1.0,1.0,1.0,2.0,0.0,1.0,1.0,1.0,0.0,1.0,1.0,1.0,4.0,1.0,2.0,26.0,4.0,22.0,1.0,1.0,48.0,1.0,0.0,0.0,0.0,0.0,0.0,1.0,0.0,0.0,0.0,0.0,1.0,0.0,0.0,0.0,1.0,0.0,0.0,0.0,0.0,0.0,0.0,1.0,0.0,0.0,0.0,0.0,0.0,0.0,0.0,0.0,0.0,0.0,0.0,0.0,0.0,0.0,0.0,0.0,0.0,23.0,10.0,105.0,7.0,7.0,8.0,0.0,1.0,66.0,46.0,23.0,15.0,4.0,5.0,12.0,148.0,5.0,155.0,109.0,51.0,142.0,16.0,2.0,121.0,36.0,3.0,3.0,128.0,29.0,2.0,35.0,90.0,30.0,3.0,1.0,31.0,35.0,36.0,26.0,31.0,148.0,10.0,1.0,0.0,1.0,118.0,39.0,3.0,14.0,42.0,22.0,19.0,25.0,9.0,29.0,117.0,43.0,107.0,53.0,98.0,55.0,7.0,23.0,42.0,29.0,12.0,15.0,2.0,37.0,93.0,67.0,70.0,90.0,100.0,42.0,18.0,155.0,5.0,147.0,13.0,148.0,12.0,157.0,3.0,121.0,39.0,56.0,82.0,22.0,103.0,50.0,7.0,54.0,46.0,21.0,24.0,15.0,39.0,55.0,21.0,19.0,26.0,29.0,131.0,123.0,32.0,5.0,0.0,157.0,0.0,3.0,105.0,40.0,15.0,143.0,13.0,4.0,70.0,90.0,139.0,21.0,103.0,54.0,3.0,0.0,136.0,22.0,2.0,102.0,53.0,5.0,133.0,24.0,3.0,143.0,17.0,0.0,0.0,105.0,55.0,118.0,33.0,7.0,2.0,153.0,6.0,1.0,121.0,38.0,1.0,129.0,28.0,3.0,135.0,24.0,1.0,150.0,8.0,2.0,0.0,49.0,84.0,26.0,1.0,Atingiu a média
52,23019344,2017,1,2,2301,23005,23,2304905,230490505,2,1,2.0,1.0,1.0,0.0,0.0,0.0,0.0,0.0,0.0,0.0,0.0,0.0,0.0,1.0,1.0,0.0,0.0,0.0,0.0,1.0,0.0,0.0,0.0,1.0,0.0,0.0,1.0,0.0,0.0,0.0,0.0,0.0,1.0,1.0,1.0,0.0,1.0,0.0,0.0,0.0,1.0,0.0,0.0,0.0,0.0,0.0,0.0,0.0,0.0,1.0,1.0,1.0,0.0,0.0,1.0,1.0,0.0,1.0,0.0,0.0,0.0,0.0,0.0,0.0,6.0,6.0,1.0,0.0,0.0,1.0,1.0,0.0,1.0,0.0,1.0,1.0,0.0,0.0,1.0,1.0,0.0,0.0,1.0,1.0,0.0,5.0,0.0,2.0,4.0,0.0,0.0,20.0,1.0,17.0,1.0,0.0,38.0,1.0,1.0,0.0,0.0,0.0,0.0,1.0,0.0,0.0,0.0,0.0,1.0,0.0,0.0,0.0,1.0,0.0,0.0,0.0,0.0,0.0,0.0,1.0,0.0,0.0,0.0,0.0,0.0,0.0,0.0,0.0,0.0,0.0,0.0,0.0,0.0,0.0,0.0,0.0,0.0,19.0,7.0,90.0,5.0,4.0,5.0,0.0,1.0,36.0,64.0,22.0,2.0,2.0,3.0,2.0,128.0,2.0,128.0,80.0,50.0,104.0,26.0,0.0,82.0,44.0,4.0,2.0,106.0,22.0,0.0,38.0,73.0,15.0,4.0,2.0,10.0,30.0,42.0,24.0,22.0,119.0,9.0,1.0,0.0,1.0,111.0,15.0,4.0,14.0,31.0,24.0,16.0,19.0,5.0,21.0,104.0,26.0,90.0,40.0,76.0,51.0,3.0,13.0,22.0,22.0,12.0,15.0,2.0,44.0,96.0,34.0,51.0,79.0,81.0,37.0,12.0,126.0,4.0,120.0,10.0,112.0,18.0,127.0,3.0,83.0,47.0,39.0,72.0,19.0,89.0,34.0,7.0,33.0,29.0,21.0,35.0,12.0,42.0,44.0,9.0,14.0,21.0,21.0,109.0,70.0,49.0,9.0,2.0,126.0,1.0,3.0,117.0,11.0,2.0,127.0,3.0,0.0,16.0,114.0,115.0,15.0,105.0,21.0,4.0,0.0,114.0,16.0,0.0,72.0,58.0,0.0,97.0,33.0,0.0,128.0,2.0,0.0,0.0,82.0,48.0,94.0,31.0,5.0,0.0,117.0,13.0,0.0,114.0,16.0,0.0,87.0,43.0,0.0,79.0,50.0,1.0,128.0,1.0,1.0,0.0,24.0,69.0,37.0,0.0,Atingiu a média
53,23054530,2017,1,2,2302,23013,23,2305100,230510005,2,1,1.0,1.0,1.0,0.0,0.0,0.0,0.0,0.0,0.0,0.0,0.0,0.0,0.0,1.0,1.0,0.0,0.0,0.0,0.0,1.0,0.0,0.0,0.0,1.0,0.0,0.0,1.0,0.0,0.0,0.0,0.0,0.0,1.0,1.0,1.0,1.0,0.0,1.0,0.0,1.0,1.0,1.0,1.0,1.0,0.0,0.0,0.0,1.0,0.0,0.0,1.0,1.0,1.0,0.0,1.0,0.0,1.0,0.0,1.0,0.0,0.0,1.0,0.0,0.0,4.0,4.0,0.0,0.0,1.0,0.0,1.0,0.0,1.0,1.0,1.0,1.0,1.0,1.0,1.0,0.0,0.0,1.0,0.0,1.0,0.0,2.0,1.0,2.0,1.0,1.0,1.0,14.0,4.0,10.0,1.0,1.0,26.0,1.0,0.0,0.0,0.0,0.0,0.0,1.0,0.0,0.0,1.0,0.0,1.0,0.0,0.0,0.0,1.0,0.0,0.0,0.0,0.0,0.0,0.0,1.0,0.0,0.0,0.0,0.0,0.0,0.0,0.0,0.0,0.0,0.0,0.0,0.0,0.0,0.0,0.0,0.0,0.0,10.0,9.0,41.0,11.0,2.0,4.0,0.0,1.0,18.0,43.0,6.0,4.0,4.0,1.0,2.0,75.0,2.0,75.0,53.0,24.0,54.0,19.0,4.0,61.0,11.0,5.0,1.0,61.0,15.0,0.0,4.0,30.0,27.0,16.0,0.0,5.0,10.0,26.0,18.0,18.0,69.0,5.0,2.0,1.0,0.0,70.0,5.0,2.0,5.0,22.0,6.0,13.0,13.0,3.0,15.0,67.0,10.0,51.0,26.0,48.0,25.0,4.0,7.0,18.0,8.0,8.0,9.0,5.0,22.0,49.0,28.0,35.0,42.0,49.0,21.0,7.0,75.0,2.0,71.0,6.0,61.0,16.0,77.0,0.0,44.0,33.0,22.0,46.0,9.0,58.0,16.0,3.0,19.0,17.0,19.0,18.0,4.0,31.0,22.0,7.0,8.0,9.0,13.0,64.0,62.0,14.0,0.0,1.0,72.0,0.0,5.0,61.0,11.0,5.0,71.0,5.0,1.0,21.0,56.0,55.0,22.0,40.0,34.0,3.0,0.0,72.0,5.0,0.0,48.0,29.0,0.0,65.0,12.0,0.0,67.0,10.0,0.0,0.0,37.0,40.0,31.0,39.0,7.0,0.0,69.0,8.0,0.0,68.0,9.0,0.0,46.0,31.0,0.0,58.0,19.0,0.0,74.0,3.0,0.0,0.0,6.0,51.0,20.0,0.0,Atingiu a média
54,23142375,2017,1,2,2306,23026,23,2305506,230550605,2,1,1.0,1.0,1.0,0.0,0.0,0.0,0.0,0.0,0.0,0.0,0.0,0.0,0.0,1.0,1.0,0.0,0.0,0.0,0.0,1.0,0.0,0.0,0.0,0.0,1.0,0.0,1.0,0.0,0.0,0.0,0.0,0.0,1.0,1.0,1.0,1.0,1.0,1.0,0.0,1.0,1.0,1.0,0.0,1.0,0.0,0.0,0.0,1.0,0.0,1.0,0.0,1.0,1.0,0.0,0.0,1.0,0.0,1.0,0.0,0.0,0.0,0.0,0.0,0.0,8.0,8.0,1.0,0.0,1.0,1.0,0.0,0.0,0.0,1.0,1.0,1.0,0.0,1.0,1.0,2.0,0.0,2.0,1.0,0.0,0.0,0.0,2.0,2.0,1.0,0.0,1.0,25.0,2.0,17.0,1.0,1.0,41.0,1.0,1.0,0.0,0.0,0.0,0.0,1.0,0.0,0.0,1.0,0.0,1.0,0.0,0.0,0.0,1.0,0.0,0.0,0.0,0.0,0.0,0.0,1.0,0.0,0.0,0.0,0.0,0.0,0.0,0.0,0.0,0.0,0.0,0.0,0.0,0.0,0.0,0.0,0.0,0.0,13.0,7.0,50.0,2.0,0.0,5.0,0.0,0.0,23.0,32.0,13.0,6.0,1.0,2.0,2.0,75.0,2.0,75.0,40.0,37.0,60.0,16.0,1.0,54.0,16.0,7.0,1.0,54.0,22.0,1.0,13.0,53.0,9.0,1.0,1.0,16.0,21.0,19.0,12.0,8.0,73.0,2.0,2.0,0.0,0.0,56.0,20.0,1.0,3.0,16.0,14.0,12.0,15.0,2.0,15.0,67.0,10.0,52.0,25.0,38.0,36.0,3.0,4.0,17.0,12.0,6.0,9.0,2.0,27.0,58.0,19.0,39.0,38.0,58.0,14.0,5.0,70.0,7.0,62.0,15.0,64.0,13.0,71.0,6.0,52.0,25.0,19.0,49.0,9.0,51.0,21.0,5.0,12.0,19.0,15.0,28.0,3.0,24.0,27.0,4.0,7.0,15.0,11.0,66.0,49.0,26.0,1.0,1.0,74.0,2.0,1.0,58.0,15.0,4.0,70.0,5.0,2.0,10.0,67.0,65.0,12.0,37.0,37.0,3.0,0.0,64.0,12.0,1.0,39.0,37.0,1.0,71.0,5.0,1.0,50.0,21.0,5.0,1.0,47.0,30.0,37.0,29.0,11.0,0.0,67.0,10.0,0.0,59.0,18.0,0.0,47.0,30.0,0.0,69.0,8.0,0.0,66.0,10.0,1.0,0.0,19.0,44.0,14.0,0.0,Atingiu a média
55,23461667,2017,1,2,2306,23026,23,2305506,230550605,2,2,1.0,1.0,1.0,0.0,0.0,0.0,0.0,0.0,0.0,0.0,0.0,0.0,0.0,1.0,1.0,1.0,0.0,0.0,0.0,1.0,0.0,0.0,0.0,0.0,1.0,0.0,1.0,0.0,0.0,0.0,0.0,0.0,0.0,1.0,1.0,1.0,0.0,0.0,0.0,0.0,1.0,0.0,0.0,0.0,0.0,0.0,0.0,1.0,0.0,1.0,0.0,1.0,0.0,0.0,1.0,0.0,0.0,1.0,0.0,0.0,0.0,0.0,0.0,0.0,5.0,5.0,1.0,0.0,1.0,0.0,0.0,0.0,0.0,1.0,1.0,1.0,0.0,0.0,1.0,1.0,0.0,1.0,0.0,0.0,0.0,0.0,1.0,2.0,2.0,0.0,0.0,11.0,7.0,4.0,1.0,1.0,33.0,1.0,0.0,0.0,0.0,0.0,0.0,1.0,0.0,0.0,1.0,0.0,1.0,0.0,0.0,0.0,1.0,1.0,1.0,0.0,0.0,0.0,0.0,1.0,0.0,0.0,0.0,0.0,0.0,0.0,0.0,0.0,0.0,0.0,1.0,1.0,0.0,0.0,0.0,0.0,0.0,21.0,5.0,39.0,7.0,1.0,4.0,0.0,4.0,37.0,25.0,6.0,4.0,1.0,0.0,1.0,76.0,0.0,77.0,47.0,30.0,68.0,7.0,2.0,52.0,22.0,3.0,0.0,69.0,8.0,0.0,14.0,52.0,9.0,2.0,0.0,4.0,22.0,24.0,16.0,11.0,73.0,3.0,1.0,0.0,0.0,67.0,6.0,4.0,2.0,36.0,9.0,10.0,11.0,3.0,6.0,63.0,14.0,58.0,19.0,54.0,19.0,4.0,14.0,27.0,6.0,4.0,8.0,1.0,17.0,34.0,43.0,26.0,51.0,46.0,19.0,12.0,77.0,0.0,73.0,4.0,69.0,8.0,76.0,1.0,50.0,27.0,27.0,37.0,13.0,49.0,27.0,1.0,14.0,25.0,19.0,17.0,2.0,23.0,33.0,11.0,2.0,8.0,6.0,71.0,56.0,16.0,5.0,0.0,75.0,0.0,2.0,63.0,12.0,2.0,71.0,5.0,1.0,6.0,71.0,73.0,4.0,46.0,30.0,1.0,0.0,73.0,4.0,0.0,51.0,26.0,0.0,72.0,5.0,0.0,75.0,2.0,0.0,0.0,63.0,14.0,50.0,24.0,2.0,1.0,76.0,0.0,1.0,69.0,7.0,1.0,63.0,13.0,1.0,63.0,13.0,1.0,68.0,8.0,0.0,1.0,10.0,53.0,14.0,0.0,Atingiu a média
56,23026596,2017,1,2,2301,23006,23,2305803,230580305,2,1,2.0,1.0,1.0,0.0,0.0,0.0,0.0,0.0,0.0,0.0,0.0,0.0,0.0,1.0,1.0,0.0,0.0,0.0,0.0,1.0,0.0,0.0,0.0,1.0,1.0,0.0,1.0,0.0,0.0,0.0,0.0,0.0,1.0,1.0,1.0,0.0,1.0,0.0,0.0,0.0,1.0,1.0,0.0,1.0,0.0,0.0,0.0,1.0,0.0,0.0,0.0,1.0,1.0,0.0,1.0,1.0,0.0,1.0,0.0,0.0,0.0,0.0,0.0,0.0,9.0,8.0,1.0,0.0,0.0,1.0,1.0,0.0,1.0,1.0,1.0,1.0,0.0,0.0,1.0,1.0,0.0,0.0,1.0,1.0,0.0,2.0,1.0,1.0,2.0,0.0,0.0,21.0,6.0,15.0,1.0,1.0,32.0,1.0,1.0,0.0,0.0,0.0,0.0,1.0,0.0,0.0,1.0,0.0,1.0,0.0,0.0,0.0,1.0,0.0,0.0,0.0,0.0,0.0,0.0,1.0,0.0,0.0,0.0,0.0,0.0,0.0,0.0,0.0,0.0,0.0,0.0,0.0,0.0,0.0,0.0,0.0,0.0,16.0,3.0,31.0,2.0,3.0,3.0,0.0,1.0,12.0,16.0,12.0,6.0,7.0,4.0,3.0,55.0,2.0,56.0,40.0,18.0,41.0,17.0,0.0,42.0,16.0,0.0,1.0,47.0,10.0,0.0,6.0,33.0,18.0,1.0,0.0,7.0,15.0,9.0,13.0,14.0,48.0,8.0,1.0,1.0,0.0,51.0,5.0,2.0,1.0,14.0,13.0,2.0,7.0,4.0,17.0,52.0,6.0,48.0,10.0,39.0,14.0,5.0,6.0,11.0,8.0,4.0,8.0,1.0,20.0,46.0,12.0,36.0,22.0,24.0,26.0,8.0,57.0,1.0,53.0,5.0,53.0,5.0,54.0,4.0,42.0,16.0,22.0,29.0,7.0,38.0,18.0,2.0,12.0,19.0,10.0,16.0,1.0,16.0,19.0,7.0,4.0,12.0,6.0,52.0,35.0,21.0,2.0,0.0,56.0,0.0,2.0,36.0,14.0,8.0,51.0,5.0,2.0,13.0,45.0,56.0,2.0,32.0,25.0,1.0,0.0,51.0,7.0,0.0,36.0,22.0,0.0,49.0,8.0,1.0,53.0,5.0,0.0,0.0,42.0,16.0,30.0,22.0,6.0,0.0,50.0,8.0,0.0,42.0,16.0,0.0,47.0,11.0,0.0,46.0,11.0,1.0,53.0,5.0,0.0,0.0,15.0,33.0,10.0,0.0,Atingiu a média
57,23027584,2017,1,2,2301,23006,23,2305803,230580305,2,1,0.0,1.0,1.0,0.0,0.0,0.0,0.0,0.0,0.0,1.0,0.0,0.0,0.0,1.0,1.0,0.0,1.0,0.0,0.0,1.0,0.0,0.0,0.0,1.0,1.0,0.0,1.0,0.0,0.0,0.0,0.0,1.0,0.0,1.0,0.0,0.0,0.0,0.0,1.0,1.0,1.0,1.0,0.0,1.0,0.0,0.0,0.0,0.0,0.0,1.0,1.0,1.0,1.0,0.0,1.0,1.0,0.0,1.0,0.0,0.0,0.0,1.0,0.0,0.0,5.0,5.0,1.0,0.0,1.0,1.0,0.0,0.0,1.0,1.0,1.0,0.0,0.0,1.0,1.0,1.0,0.0,1.0,1.0,0.0,0.0,2.0,2.0,1.0,0.0,0.0,1.0,19.0,4.0,15.0,1.0,1.0,29.0,1.0,0.0,0.0,0.0,0.0,0.0,1.0,0.0,0.0,1.0,0.0,1.0,0.0,0.0,0.0,1.0,0.0,0.0,0.0,0.0,0.0,0.0,1.0,0.0,0.0,0.0,0.0,0.0,0.0,0.0,0.0,0.0,0.0,0.0,0.0,0.0,0.0,0.0,0.0,0.0,15.0,3.0,42.0,3.0,2.0,2.0,0.0,2.0,14.0,24.0,9.0,12.0,3.0,3.0,1.0,66.0,1.0,66.0,39.0,28.0,57.0,8.0,2.0,38.0,28.0,1.0,0.0,54.0,13.0,0.0,5.0,41.0,19.0,2.0,0.0,8.0,16.0,21.0,12.0,10.0,63.0,4.0,0.0,0.0,0.0,55.0,11.0,1.0,7.0,18.0,11.0,9.0,12.0,1.0,9.0,57.0,10.0,48.0,19.0,34.0,33.0,0.0,12.0,16.0,9.0,4.0,6.0,0.0,20.0,49.0,18.0,33.0,34.0,38.0,23.0,6.0,64.0,3.0,58.0,9.0,57.0,10.0,65.0,2.0,43.0,24.0,17.0,39.0,11.0,46.0,20.0,1.0,13.0,17.0,8.0,27.0,2.0,18.0,24.0,6.0,6.0,13.0,7.0,60.0,30.0,28.0,4.0,5.0,61.0,1.0,5.0,41.0,20.0,6.0,59.0,6.0,2.0,9.0,58.0,60.0,7.0,32.0,32.0,1.0,2.0,51.0,15.0,1.0,40.0,25.0,2.0,60.0,6.0,1.0,55.0,10.0,0.0,2.0,45.0,22.0,25.0,32.0,9.0,1.0,60.0,6.0,1.0,51.0,16.0,0.0,48.0,18.0,1.0,58.0,9.0,0.0,59.0,6.0,1.0,1.0,6.0,46.0,15.0,0.0,Atingiu a média
58,23237775,2017,1,2,2301,23006,23,2305803,230580305,2,2,1.0,1.0,1.0,0.0,0.0,0.0,0.0,0.0,0.0,0.0,0.0,0.0,0.0,1.0,1.0,0.0,1.0,1.0,0.0,1.0,0.0,0.0,0.0,1.0,0.0,0.0,1.0,0.0,0.0,0.0,0.0,0.0,1.0,1.0,1.0,1.0,0.0,1.0,0.0,1.0,1.0,1.0,0.0,1.0,0.0,0.0,0.0,0.0,0.0,1.0,0.0,1.0,0.0,1.0,1.0,1.0,0.0,0.0,0.0,0.0,0.0,0.0,0.0,0.0,6.0,6.0,1.0,0.0,0.0,0.0,1.0,0.0,1.0,0.0,0.0,1.0,0.0,1.0,1.0,1.0,0.0,0.0,0.0,1.0,0.0,3.0,0.0,0.0,3.0,0.0,1.0,29.0,6.0,20.0,1.0,0.0,36.0,1.0,0.0,0.0,0.0,0.0,0.0,1.0,0.0,0.0,1.0,0.0,1.0,0.0,0.0,0.0,1.0,0.0,0.0,0.0,0.0,0.0,0.0,1.0,0.0,0.0,0.0,0.0,0.0,0.0,0.0,0.0,0.0,0.0,0.0,0.0,0.0,0.0,0.0,0.0,0.0,14.0,6.0,39.0,2.0,2.0,6.0,0.0,0.0,22.0,30.0,7.0,5.0,1.0,4.0,8.0,61.0,5.0,64.0,51.0,18.0,58.0,9.0,2.0,56.0,12.0,1.0,5.0,53.0,11.0,0.0,8.0,32.0,24.0,5.0,0.0,9.0,11.0,26.0,14.0,9.0,62.0,6.0,1.0,0.0,0.0,62.0,4.0,3.0,6.0,25.0,14.0,12.0,3.0,0.0,9.0,55.0,14.0,50.0,19.0,41.0,26.0,2.0,12.0,19.0,8.0,4.0,4.0,0.0,22.0,43.0,26.0,27.0,42.0,36.0,27.0,6.0,68.0,1.0,64.0,5.0,59.0,10.0,68.0,1.0,49.0,20.0,18.0,39.0,12.0,46.0,16.0,7.0,23.0,16.0,8.0,14.0,8.0,28.0,15.0,6.0,7.0,13.0,7.0,62.0,51.0,11.0,5.0,2.0,67.0,0.0,2.0,51.0,12.0,6.0,65.0,4.0,0.0,19.0,50.0,61.0,8.0,33.0,30.0,5.0,1.0,62.0,6.0,1.0,38.0,28.0,3.0,52.0,14.0,3.0,61.0,8.0,0.0,0.0,46.0,23.0,27.0,34.0,6.0,2.0,64.0,1.0,4.0,52.0,15.0,2.0,50.0,16.0,3.0,41.0,24.0,4.0,63.0,4.0,0.0,2.0,16.0,42.0,10.0,1.0,Atingiu a média
59,23138106,2017,1,2,2305,23025,23,2306009,230600905,2,1,1.0,1.0,1.0,0.0,0.0,0.0,0.0,0.0,0.0,0.0,1.0,0.0,0.0,1.0,1.0,0.0,1.0,0.0,0.0,1.0,0.0,0.0,0.0,1.0,1.0,0.0,1.0,0.0,0.0,0.0,0.0,0.0,1.0,0.0,1.0,1.0,0.0,0.0,0.0,0.0,1.0,0.0,0.0,0.0,0.0,0.0,0.0,1.0,0.0,0.0,0.0,1.0,1.0,0.0,1.0,1.0,0.0,1.0,0.0,0.0,0.0,0.0,0.0,0.0,6.0,9.0,1.0,0.0,0.0,1.0,0.0,1.0,0.0,1.0,1.0,1.0,0.0,1.0,1.0,1.0,0.0,0.0,1.0,0.0,1.0,0.0,1.0,3.0,8.0,0.0,2.0,14.0,4.0,10.0,1.0,1.0,40.0,1.0,0.0,0.0,0.0,1.0,0.0,0.0,0.0,0.0,1.0,0.0,1.0,0.0,0.0,0.0,1.0,0.0,0.0,0.0,0.0,0.0,0.0,1.0,0.0,0.0,0.0,0.0,0.0,0.0,0.0,0.0,0.0,0.0,0.0,0.0,0.0,0.0,0.0,0.0,0.0,21.0,24.0,55.0,3.0,2.0,2.0,0.0,1.0,48.0,46.0,7.0,3.0,0.0,2.0,3.0,104.0,3.0,104.0,66.0,41.0,88.0,17.0,2.0,73.0,29.0,5.0,3.0,89.0,15.0,3.0,16.0,58.0,25.0,5.0,0.0,17.0,30.0,26.0,24.0,10.0,95.0,10.0,1.0,0.0,1.0,88.0,12.0,7.0,7.0,25.0,13.0,18.0,18.0,13.0,13.0,91.0,16.0,75.0,32.0,46.0,52.0,9.0,8.0,27.0,18.0,12.0,10.0,2.0,30.0,72.0,35.0,43.0,64.0,70.0,28.0,9.0,102.0,5.0,98.0,9.0,93.0,14.0,105.0,2.0,78.0,29.0,40.0,53.0,14.0,74.0,30.0,3.0,23.0,24.0,12.0,44.0,4.0,39.0,26.0,7.0,12.0,23.0,16.0,91.0,91.0,9.0,6.0,1.0,98.0,1.0,8.0,96.0,10.0,1.0,99.0,7.0,1.0,40.0,67.0,87.0,20.0,78.0,27.0,2.0,0.0,99.0,7.0,1.0,61.0,45.0,1.0,100.0,7.0,0.0,104.0,3.0,0.0,0.0,66.0,41.0,70.0,32.0,4.0,1.0,91.0,16.0,0.0,86.0,20.0,1.0,69.0,38.0,0.0,89.0,18.0,0.0,99.0,7.0,1.0,0.0,29.0,53.0,23.0,2.0,Atingiu a média
60,23125586,2017,1,2,2305,23022,23,2306207,230620705,2,1,1.0,1.0,1.0,0.0,0.0,0.0,0.0,0.0,0.0,0.0,0.0,0.0,0.0,1.0,1.0,0.0,1.0,0.0,0.0,1.0,0.0,0.0,0.0,1.0,1.0,0.0,1.0,0.0,0.0,0.0,0.0,0.0,1.0,1.0,1.0,1.0,1.0,1.0,0.0,1.0,1.0,1.0,0.0,1.0,0.0,0.0,0.0,1.0,0.0,0.0,0.0,1.0,1.0,0.0,1.0,1.0,0.0,1.0,0.0,0.0,0.0,0.0,0.0,0.0,6.0,6.0,1.0,0.0,0.0,0.0,1.0,1.0,1.0,1.0,1.0,1.0,0.0,1.0,1.0,2.0,0.0,0.0,0.0,1.0,1.0,5.0,1.0,1.0,3.0,0.0,3.0,25.0,7.0,19.0,1.0,1.0,30.0,1.0,1.0,0.0,0.0,0.0,0.0,1.0,0.0,0.0,1.0,0.0,1.0,0.0,0.0,0.0,1.0,0.0,0.0,0.0,0.0,0.0,0.0,1.0,0.0,0.0,0.0,0.0,0.0,0.0,0.0,0.0,0.0,0.0,0.0,0.0,0.0,0.0,0.0,0.0,0.0,17.0,6.0,50.0,2.0,0.0,2.0,0.0,1.0,29.0,28.0,9.0,3.0,2.0,5.0,2.0,75.0,3.0,74.0,52.0,25.0,61.0,16.0,0.0,47.0,26.0,4.0,0.0,56.0,21.0,1.0,13.0,40.0,17.0,6.0,6.0,10.0,18.0,21.0,12.0,10.0,75.0,2.0,0.0,0.0,0.0,59.0,14.0,4.0,4.0,25.0,12.0,7.0,9.0,10.0,10.0,64.0,13.0,53.0,24.0,40.0,35.0,2.0,8.0,25.0,12.0,8.0,9.0,0.0,15.0,55.0,22.0,39.0,38.0,40.0,23.0,14.0,75.0,2.0,71.0,6.0,65.0,12.0,74.0,3.0,49.0,28.0,30.0,42.0,5.0,50.0,22.0,5.0,15.0,25.0,18.0,16.0,3.0,21.0,31.0,4.0,5.0,16.0,17.0,60.0,58.0,16.0,3.0,0.0,76.0,0.0,1.0,57.0,15.0,5.0,64.0,11.0,2.0,16.0,61.0,73.0,4.0,59.0,15.0,2.0,1.0,70.0,7.0,0.0,43.0,33.0,1.0,65.0,12.0,0.0,76.0,0.0,0.0,1.0,39.0,38.0,45.0,26.0,5.0,1.0,72.0,5.0,0.0,70.0,7.0,0.0,46.0,31.0,0.0,63.0,12.0,2.0,75.0,1.0,0.0,1.0,11.0,51.0,14.0,1.0,Atingiu a média
61,23041889,2017,1,2,2302,23010,23,2306306,230630605,2,1,1.0,1.0,1.0,0.0,0.0,0.0,0.0,0.0,0.0,0.0,0.0,0.0,0.0,1.0,1.0,0.0,0.0,0.0,0.0,1.0,0.0,0.0,0.0,1.0,1.0,0.0,1.0,0.0,0.0,0.0,0.0,1.0,1.0,1.0,1.0,1.0,0.0,0.0,1.0,1.0,1.0,1.0,1.0,1.0,0.0,0.0,0.0,1.0,0.0,0.0,1.0,1.0,0.0,0.0,1.0,1.0,1.0,1.0,1.0,0.0,0.0,1.0,0.0,0.0,10.0,10.0,1.0,0.0,0.0,0.0,1.0,1.0,1.0,0.0,1.0,1.0,0.0,0.0,1.0,2.0,0.0,0.0,0.0,2.0,1.0,1.0,0.0,1.0,4.0,0.0,0.0,23.0,8.0,15.0,1.0,1.0,47.0,1.0,0.0,0.0,0.0,0.0,0.0,1.0,0.0,0.0,0.0,0.0,1.0,0.0,0.0,0.0,1.0,0.0,0.0,0.0,0.0,0.0,0.0,1.0,0.0,0.0,0.0,0.0,0.0,0.0,0.0,0.0,0.0,0.0,0.0,0.0,0.0,0.0,0.0,0.0,0.0,14.0,16.0,132.0,3.0,3.0,6.0,0.0,4.0,68.0,79.0,16.0,3.0,1.0,3.0,9.0,165.0,10.0,164.0,145.0,29.0,150.0,23.0,1.0,135.0,37.0,2.0,3.0,151.0,20.0,5.0,46.0,90.0,31.0,2.0,0.0,17.0,37.0,55.0,36.0,29.0,163.0,10.0,1.0,0.0,0.0,157.0,13.0,4.0,6.0,38.0,32.0,36.0,31.0,11.0,20.0,160.0,14.0,136.0,38.0,110.0,59.0,5.0,17.0,41.0,33.0,13.0,26.0,4.0,40.0,135.0,39.0,87.0,87.0,106.0,58.0,10.0,167.0,7.0,159.0,15.0,149.0,25.0,169.0,5.0,134.0,40.0,73.0,87.0,14.0,120.0,49.0,5.0,47.0,52.0,41.0,27.0,7.0,70.0,59.0,12.0,13.0,20.0,10.0,164.0,134.0,30.0,8.0,2.0,163.0,3.0,8.0,145.0,29.0,0.0,166.0,8.0,0.0,31.0,143.0,159.0,15.0,140.0,32.0,2.0,0.0,164.0,9.0,1.0,113.0,61.0,0.0,158.0,16.0,0.0,161.0,12.0,1.0,0.0,116.0,58.0,106.0,63.0,5.0,0.0,170.0,4.0,0.0,151.0,22.0,1.0,123.0,51.0,0.0,148.0,26.0,0.0,165.0,9.0,0.0,0.0,44.0,103.0,27.0,0.0,Atingiu a média
62,23036010,2017,1,2,2302,23008,23,2306405,230640505,2,1,1.0,1.0,1.0,0.0,0.0,0.0,0.0,0.0,0.0,0.0,0.0,0.0,0.0,1.0,1.0,0.0,0.0,0.0,0.0,1.0,0.0,0.0,0.0,1.0,0.0,0.0,1.0,0.0,0.0,0.0,0.0,0.0,1.0,1.0,1.0,1.0,1.0,1.0,1.0,1.0,1.0,1.0,1.0,1.0,0.0,0.0,0.0,1.0,0.0,1.0,1.0,1.0,0.0,0.0,1.0,0.0,1.0,1.0,0.0,0.0,0.0,0.0,0.0,0.0,22.0,22.0,1.0,0.0,0.0,0.0,0.0,0.0,1.0,1.0,0.0,1.0,0.0,1.0,1.0,2.0,0.0,0.0,0.0,0.0,0.0,4.0,1.0,0.0,2.0,0.0,1.0,63.0,16.0,47.0,1.0,0.0,95.0,1.0,1.0,0.0,0.0,0.0,0.0,1.0,0.0,0.0,1.0,0.0,1.0,0.0,0.0,0.0,1.0,0.0,0.0,0.0,0.0,0.0,0.0,1.0,0.0,0.0,0.0,0.0,0.0,0.0,0.0,0.0,0.0,0.0,0.0,0.0,0.0,0.0,0.0,0.0,0.0,58.0,29.0,323.0,29.0,1.0,27.0,1.0,12.0,245.0,171.0,31.0,3.0,2.0,2.0,20.0,447.0,11.0,456.0,287.0,180.0,328.0,115.0,24.0,284.0,154.0,29.0,14.0,299.0,154.0,9.0,46.0,218.0,153.0,41.0,3.0,31.0,102.0,144.0,108.0,79.0,408.0,43.0,11.0,2.0,3.0,426.0,25.0,16.0,12.0,70.0,68.0,84.0,97.0,84.0,52.0,432.0,35.0,403.0,64.0,312.0,126.0,29.0,22.0,78.0,55.0,69.0,102.0,38.0,103.0,390.0,77.0,296.0,171.0,311.0,119.0,37.0,458.0,9.0,440.0,27.0,421.0,46.0,456.0,11.0,370.0,97.0,154.0,270.0,43.0,301.0,149.0,17.0,87.0,131.0,82.0,141.0,26.0,147.0,162.0,35.0,46.0,77.0,59.0,408.0,328.0,118.0,19.0,2.0,418.0,9.0,40.0,397.0,54.0,16.0,450.0,15.0,2.0,120.0,347.0,421.0,46.0,402.0,56.0,6.0,3.0,427.0,38.0,2.0,277.0,188.0,2.0,406.0,59.0,2.0,438.0,25.0,2.0,2.0,322.0,145.0,342.0,110.0,12.0,3.0,449.0,16.0,2.0,386.0,78.0,3.0,355.0,108.0,4.0,392.0,72.0,3.0,427.0,36.0,2.0,2.0,90.0,262.0,115.0,0.0,Atingiu a média
63,23036273,2017,1,2,2302,23008,23,2306405,230640505,2,1,2.0,1.0,1.0,0.0,0.0,0.0,0.0,0.0,0.0,0.0,0.0,0.0,0.0,1.0,1.0,0.0,1.0,0.0,0.0,1.0,0.0,0.0,0.0,1.0,1.0,0.0,1.0,0.0,0.0,0.0,0.0,0.0,0.0,1.0,1.0,1.0,0.0,1.0,1.0,1.0,1.0,0.0,0.0,0.0,0.0,0.0,0.0,0.0,0.0,0.0,0.0,1.0,0.0,0.0,1.0,0.0,0.0,1.0,0.0,0.0,0.0,0.0,0.0,0.0,11.0,11.0,0.0,0.0,0.0,0.0,0.0,0.0,0.0,0.0,0.0,0.0,0.0,0.0,1.0,0.0,0.0,0.0,0.0,0.0,0.0,0.0,0.0,0.0,0.0,0.0,0.0,38.0,3.0,35.0,1.0,1.0,67.0,1.0,0.0,0.0,0.0,0.0,0.0,1.0,0.0,0.0,0.0,0.0,1.0,0.0,0.0,0.0,1.0,0.0,0.0,0.0,0.0,0.0,0.0,1.0,0.0,0.0,0.0,0.0,0.0,0.0,0.0,0.0,0.0,0.0,0.0,0.0,0.0,0.0,0.0,0.0,0.0,17.0,27.0,165.0,10.0,2.0,6.0,0.0,0.0,89.0,102.0,24.0,10.0,2.0,0.0,10.0,217.0,6.0,221.0,165.0,62.0,191.0,34.0,2.0,179.0,43.0,5.0,4.0,183.0,40.0,7.0,42.0,109.0,59.0,10.0,2.0,25.0,32.0,67.0,43.0,58.0,201.0,20.0,4.0,2.0,0.0,192.0,24.0,11.0,10.0,49.0,32.0,44.0,44.0,9.0,39.0,198.0,29.0,165.0,62.0,120.0,94.0,13.0,19.0,38.0,37.0,23.0,34.0,5.0,71.0,175.0,52.0,115.0,112.0,155.0,53.0,19.0,217.0,10.0,200.0,27.0,192.0,35.0,221.0,6.0,161.0,66.0,80.0,125.0,22.0,135.0,78.0,14.0,58.0,55.0,23.0,70.0,21.0,71.0,85.0,23.0,23.0,25.0,21.0,206.0,151.0,64.0,9.0,3.0,215.0,1.0,11.0,171.0,44.0,12.0,213.0,10.0,4.0,57.0,170.0,189.0,38.0,155.0,64.0,4.0,4.0,209.0,13.0,5.0,121.0,99.0,7.0,180.0,40.0,7.0,190.0,30.0,1.0,6.0,136.0,91.0,121.0,93.0,11.0,2.0,203.0,21.0,3.0,174.0,50.0,3.0,149.0,71.0,7.0,167.0,56.0,4.0,177.0,44.0,1.0,5.0,88.0,113.0,26.0,0.0,Atingiu a média
64,23038004,2017,1,2,2302,23008,23,2306405,230640505,2,1,1.0,1.0,1.0,0.0,0.0,0.0,0.0,0.0,0.0,0.0,0.0,0.0,0.0,1.0,1.0,0.0,0.0,0.0,0.0,1.0,0.0,0.0,0.0,0.0,1.0,0.0,1.0,0.0,0.0,0.0,0.0,0.0,1.0,1.0,1.0,0.0,0.0,0.0,0.0,0.0,1.0,0.0,0.0,0.0,0.0,0.0,0.0,1.0,0.0,0.0,0.0,1.0,1.0,0.0,1.0,1.0,0.0,1.0,1.0,0.0,0.0,0.0,0.0,0.0,6.0,6.0,0.0,0.0,0.0,0.0,0.0,0.0,0.0,0.0,0.0,0.0,0.0,0.0,1.0,0.0,0.0,0.0,0.0,0.0,0.0,0.0,0.0,0.0,0.0,0.0,0.0,14.0,3.0,11.0,1.0,1.0,34.0,1.0,0.0,0.0,0.0,0.0,0.0,1.0,0.0,0.0,0.0,0.0,1.0,0.0,0.0,0.0,1.0,0.0,0.0,0.0,0.0,0.0,0.0,1.0,0.0,0.0,0.0,0.0,0.0,0.0,0.0,0.0,0.0,0.0,0.0,0.0,0.0,0.0,0.0,0.0,0.0,10.0,5.0,79.0,2.0,0.0,16.0,0.0,0.0,43.0,37.0,17.0,11.0,3.0,1.0,4.0,108.0,3.0,109.0,93.0,19.0,103.0,8.0,1.0,101.0,9.0,2.0,1.0,95.0,16.0,4.0,18.0,46.0,33.0,11.0,0.0,12.0,15.0,29.0,31.0,25.0,101.0,8.0,3.0,0.0,0.0,88.0,22.0,2.0,5.0,41.0,23.0,13.0,11.0,3.0,16.0,93.0,19.0,77.0,35.0,72.0,37.0,3.0,6.0,35.0,21.0,8.0,9.0,1.0,32.0,79.0,33.0,59.0,53.0,82.0,23.0,7.0,110.0,2.0,105.0,7.0,103.0,9.0,110.0,2.0,78.0,34.0,28.0,73.0,11.0,54.0,47.0,11.0,29.0,33.0,10.0,23.0,17.0,34.0,38.0,9.0,11.0,20.0,5.0,107.0,84.0,21.0,4.0,3.0,109.0,1.0,2.0,66.0,33.0,13.0,103.0,6.0,3.0,49.0,63.0,93.0,19.0,74.0,35.0,3.0,0.0,98.0,10.0,4.0,65.0,44.0,3.0,83.0,27.0,2.0,104.0,6.0,0.0,2.0,81.0,31.0,75.0,33.0,3.0,1.0,106.0,6.0,0.0,97.0,14.0,1.0,84.0,28.0,0.0,63.0,45.0,4.0,107.0,4.0,0.0,1.0,33.0,69.0,8.0,2.0,Atingiu a média
65,23246642,2017,1,2,2302,23013,23,2306504,230650410,2,2,1.0,1.0,1.0,0.0,0.0,0.0,0.0,0.0,0.0,0.0,0.0,0.0,0.0,1.0,1.0,0.0,0.0,0.0,0.0,1.0,0.0,0.0,0.0,0.0,1.0,0.0,1.0,0.0,0.0,0.0,0.0,0.0,1.0,1.0,1.0,1.0,0.0,1.0,0.0,1.0,1.0,1.0,0.0,1.0,0.0,0.0,0.0,1.0,0.0,1.0,0.0,1.0,1.0,1.0,1.0,1.0,1.0,0.0,0.0,0.0,0.0,0.0,0.0,0.0,6.0,5.0,1.0,0.0,1.0,1.0,0.0,0.0,0.0,1.0,1.0,1.0,0.0,1.0,1.0,2.0,0.0,2.0,1.0,0.0,0.0,0.0,1.0,2.0,1.0,0.0,1.0,40.0,8.0,32.0,1.0,0.0,30.0,1.0,0.0,0.0,0.0,0.0,0.0,1.0,0.0,0.0,0.0,0.0,1.0,0.0,0.0,0.0,1.0,1.0,0.0,0.0,0.0,0.0,0.0,1.0,0.0,0.0,0.0,0.0,0.0,0.0,0.0,0.0,0.0,0.0,1.0,0.0,0.0,0.0,0.0,0.0,0.0,8.0,4.0,24.0,0.0,0.0,1.0,0.0,0.0,14.0,19.0,2.0,1.0,0.0,1.0,4.0,33.0,1.0,36.0,29.0,8.0,35.0,2.0,0.0,30.0,7.0,0.0,1.0,33.0,3.0,0.0,7.0,24.0,3.0,3.0,0.0,4.0,12.0,7.0,7.0,7.0,35.0,2.0,0.0,0.0,0.0,32.0,3.0,2.0,1.0,11.0,8.0,6.0,6.0,2.0,3.0,34.0,3.0,27.0,10.0,17.0,18.0,2.0,3.0,11.0,4.0,7.0,1.0,0.0,11.0,24.0,13.0,8.0,29.0,24.0,11.0,2.0,37.0,0.0,32.0,5.0,27.0,10.0,37.0,0.0,28.0,9.0,6.0,19.0,12.0,26.0,10.0,1.0,5.0,8.0,8.0,14.0,2.0,16.0,16.0,0.0,0.0,5.0,2.0,35.0,28.0,5.0,3.0,1.0,37.0,0.0,0.0,32.0,2.0,3.0,36.0,1.0,0.0,3.0,34.0,34.0,3.0,13.0,23.0,1.0,0.0,35.0,1.0,1.0,15.0,21.0,1.0,33.0,4.0,0.0,26.0,10.0,1.0,0.0,24.0,13.0,13.0,20.0,4.0,0.0,34.0,3.0,0.0,35.0,2.0,0.0,23.0,14.0,0.0,30.0,7.0,0.0,26.0,11.0,0.0,0.0,6.0,12.0,19.0,0.0,Atingiu a média
66,23506989,2017,1,2,2301,23001,23,2306553,230655305,2,1,2.0,1.0,1.0,0.0,0.0,0.0,0.0,0.0,0.0,0.0,0.0,0.0,0.0,1.0,1.0,0.0,1.0,0.0,0.0,1.0,0.0,0.0,0.0,1.0,1.0,0.0,1.0,0.0,0.0,1.0,0.0,0.0,1.0,1.0,1.0,0.0,0.0,1.0,0.0,1.0,1.0,1.0,0.0,1.0,0.0,0.0,0.0,1.0,0.0,1.0,0.0,1.0,0.0,0.0,0.0,1.0,0.0,1.0,0.0,0.0,0.0,0.0,0.0,0.0,10.0,10.0,1.0,0.0,0.0,1.0,1.0,0.0,1.0,1.0,0.0,1.0,0.0,1.0,1.0,3.0,0.0,0.0,1.0,1.0,0.0,1.0,1.0,0.0,2.0,0.0,1.0,45.0,5.0,40.0,1.0,1.0,47.0,1.0,0.0,0.0,0.0,0.0,0.0,1.0,0.0,0.0,1.0,0.0,1.0,0.0,0.0,0.0,1.0,1.0,1.0,0.0,0.0,0.0,0.0,1.0,0.0,0.0,0.0,0.0,0.0,0.0,0.0,0.0,0.0,0.0,1.0,1.0,0.0,0.0,0.0,0.0,0.0,26.0,29.0,73.0,4.0,7.0,6.0,0.0,5.0,60.0,62.0,8.0,4.0,4.0,2.0,7.0,138.0,9.0,136.0,112.0,33.0,117.0,27.0,1.0,117.0,25.0,3.0,2.0,114.0,29.0,3.0,17.0,77.0,45.0,3.0,2.0,12.0,25.0,34.0,34.0,38.0,135.0,7.0,3.0,0.0,0.0,119.0,20.0,6.0,6.0,42.0,28.0,19.0,16.0,9.0,25.0,120.0,25.0,95.0,50.0,95.0,46.0,4.0,10.0,35.0,22.0,16.0,12.0,3.0,47.0,94.0,51.0,68.0,77.0,80.0,50.0,15.0,139.0,6.0,130.0,15.0,122.0,23.0,141.0,4.0,103.0,42.0,50.0,79.0,16.0,81.0,55.0,9.0,47.0,31.0,24.0,31.0,12.0,49.0,47.0,12.0,12.0,25.0,21.0,124.0,111.0,27.0,6.0,1.0,139.0,0.0,6.0,120.0,18.0,7.0,129.0,15.0,1.0,28.0,117.0,122.0,23.0,90.0,48.0,4.0,3.0,119.0,22.0,4.0,79.0,62.0,4.0,113.0,29.0,3.0,125.0,15.0,2.0,3.0,90.0,55.0,74.0,65.0,6.0,0.0,131.0,13.0,1.0,104.0,39.0,2.0,97.0,46.0,2.0,87.0,56.0,2.0,128.0,14.0,1.0,2.0,21.0,90.0,34.0,0.0,Atingiu a média
67,23007036,2017,1,2,2301,23001,23,2307254,230725405,2,1,1.0,1.0,1.0,0.0,0.0,0.0,0.0,0.0,0.0,0.0,0.0,0.0,0.0,1.0,1.0,0.0,0.0,0.0,0.0,1.0,0.0,0.0,0.0,0.0,1.0,0.0,1.0,0.0,0.0,0.0,0.0,0.0,1.0,1.0,1.0,1.0,0.0,1.0,0.0,1.0,1.0,1.0,0.0,1.0,0.0,0.0,0.0,1.0,0.0,1.0,0.0,1.0,0.0,0.0,1.0,1.0,1.0,0.0,0.0,0.0,0.0,0.0,0.0,0.0,11.0,11.0,1.0,0.0,1.0,0.0,1.0,0.0,1.0,1.0,1.0,1.0,0.0,1.0,1.0,4.0,0.0,2.0,0.0,2.0,0.0,1.0,1.0,1.0,3.0,0.0,2.0,25.0,4.0,21.0,1.0,1.0,43.0,1.0,0.0,0.0,0.0,0.0,0.0,1.0,0.0,0.0,0.0,0.0,1.0,0.0,0.0,0.0,1.0,0.0,0.0,0.0,0.0,0.0,0.0,1.0,0.0,0.0,0.0,0.0,0.0,0.0,0.0,0.0,0.0,0.0,0.0,0.0,0.0,0.0,0.0,0.0,0.0,27.0,10.0,105.0,15.0,3.0,13.0,0.0,1.0,74.0,85.0,10.0,0.0,2.0,1.0,7.0,166.0,0.0,173.0,109.0,64.0,115.0,51.0,7.0,103.0,60.0,10.0,1.0,116.0,56.0,0.0,14.0,90.0,59.0,10.0,1.0,14.0,51.0,48.0,31.0,28.0,160.0,8.0,5.0,0.0,0.0,141.0,25.0,7.0,6.0,51.0,33.0,25.0,24.0,7.0,27.0,154.0,19.0,117.0,56.0,98.0,62.0,13.0,9.0,50.0,30.0,14.0,20.0,6.0,44.0,124.0,49.0,77.0,96.0,141.0,27.0,5.0,169.0,4.0,148.0,25.0,143.0,30.0,170.0,3.0,109.0,64.0,59.0,93.0,21.0,114.0,56.0,3.0,23.0,49.0,29.0,66.0,6.0,53.0,63.0,16.0,15.0,26.0,53.0,120.0,136.0,31.0,6.0,0.0,168.0,0.0,5.0,153.0,12.0,8.0,166.0,5.0,2.0,40.0,133.0,143.0,30.0,133.0,37.0,2.0,1.0,159.0,11.0,3.0,84.0,84.0,5.0,159.0,12.0,2.0,160.0,11.0,0.0,2.0,119.0,54.0,131.0,38.0,4.0,0.0,163.0,10.0,0.0,151.0,21.0,1.0,89.0,84.0,0.0,138.0,34.0,1.0,171.0,1.0,1.0,0.0,51.0,101.0,21.0,0.0,Atingiu a média
68,23165278,2017,1,2,2307,23032,23,2307304,230730405,2,1,2.0,1.0,1.0,0.0,0.0,0.0,0.0,0.0,0.0,0.0,0.0,0.0,0.0,1.0,1.0,0.0,1.0,0.0,0.0,1.0,0.0,0.0,0.0,1.0,1.0,0.0,1.0,0.0,0.0,0.0,0.0,0.0,1.0,1.0,0.0,1.0,0.0,1.0,0.0,1.0,1.0,0.0,0.0,0.0,0.0,0.0,0.0,1.0,0.0,0.0,0.0,0.0,0.0,0.0,1.0,1.0,1.0,0.0,0.0,0.0,0.0,0.0,1.0,0.0,17.0,28.0,1.0,0.0,0.0,0.0,0.0,0.0,1.0,0.0,0.0,0.0,0.0,0.0,1.0,1.0,0.0,0.0,0.0,0.0,0.0,4.0,0.0,0.0,0.0,0.0,0.0,39.0,15.0,24.0,1.0,1.0,78.0,1.0,0.0,0.0,0.0,0.0,0.0,1.0,0.0,0.0,1.0,0.0,1.0,0.0,0.0,0.0,1.0,0.0,0.0,0.0,0.0,0.0,1.0,1.0,0.0,0.0,0.0,0.0,0.0,0.0,0.0,0.0,0.0,0.0,0.0,0.0,0.0,0.0,0.0,0.0,0.0,21.0,19.0,73.0,1.0,1.0,7.0,0.0,2.0,54.0,56.0,7.0,2.0,1.0,0.0,2.0,120.0,2.0,120.0,55.0,67.0,69.0,49.0,4.0,50.0,59.0,13.0,0.0,69.0,53.0,0.0,5.0,59.0,51.0,7.0,0.0,10.0,24.0,38.0,32.0,18.0,114.0,8.0,0.0,0.0,0.0,113.0,4.0,5.0,1.0,16.0,17.0,21.0,46.0,16.0,5.0,121.0,1.0,103.0,19.0,81.0,41.0,0.0,7.0,11.0,12.0,14.0,41.0,12.0,25.0,104.0,18.0,75.0,47.0,85.0,31.0,6.0,118.0,4.0,114.0,8.0,101.0,21.0,121.0,1.0,94.0,28.0,41.0,71.0,10.0,90.0,28.0,4.0,12.0,33.0,31.0,43.0,3.0,47.0,41.0,9.0,14.0,11.0,13.0,109.0,82.0,36.0,4.0,0.0,97.0,3.0,22.0,104.0,12.0,6.0,117.0,3.0,2.0,12.0,110.0,105.0,17.0,105.0,17.0,0.0,0.0,109.0,13.0,0.0,84.0,38.0,0.0,111.0,11.0,0.0,114.0,8.0,0.0,0.0,87.0,35.0,84.0,38.0,0.0,0.0,117.0,5.0,0.0,98.0,24.0,0.0,101.0,21.0,0.0,110.0,12.0,0.0,119.0,3.0,0.0,0.0,12.0,79.0,31.0,0.0,Atingiu a média
69,23165430,2017,1,2,2307,23032,23,2307304,230730405,2,1,2.0,1.0,1.0,0.0,0.0,0.0,0.0,0.0,0.0,0.0,0.0,0.0,0.0,1.0,1.0,0.0,0.0,0.0,0.0,1.0,0.0,0.0,0.0,0.0,1.0,0.0,1.0,0.0,0.0,0.0,0.0,0.0,1.0,1.0,1.0,1.0,1.0,1.0,0.0,1.0,1.0,1.0,0.0,1.0,0.0,0.0,0.0,1.0,0.0,1.0,1.0,1.0,0.0,0.0,1.0,1.0,1.0,1.0,0.0,0.0,0.0,1.0,0.0,0.0,16.0,16.0,1.0,0.0,1.0,0.0,0.0,0.0,1.0,1.0,1.0,1.0,0.0,1.0,1.0,2.0,0.0,1.0,0.0,0.0,0.0,1.0,2.0,1.0,7.0,0.0,1.0,39.0,15.0,24.0,1.0,1.0,64.0,1.0,1.0,0.0,0.0,0.0,0.0,1.0,0.0,0.0,1.0,0.0,1.0,0.0,0.0,0.0,1.0,0.0,0.0,0.0,0.0,0.0,0.0,1.0,0.0,0.0,0.0,0.0,0.0,0.0,0.0,0.0,0.0,0.0,0.0,0.0,0.0,0.0,0.0,0.0,0.0,89.0,36.0,161.0,29.0,8.0,17.0,0.0,8.0,178.0,130.0,21.0,1.0,1.0,1.0,4.0,336.0,6.0,334.0,173.0,167.0,209.0,124.0,7.0,126.0,169.0,45.0,2.0,188.0,150.0,3.0,18.0,203.0,102.0,14.0,1.0,22.0,79.0,123.0,74.0,41.0,328.0,9.0,2.0,0.0,1.0,293.0,28.0,19.0,4.0,33.0,37.0,59.0,138.0,52.0,17.0,328.0,12.0,277.0,63.0,207.0,116.0,17.0,11.0,32.0,45.0,56.0,112.0,29.0,55.0,308.0,32.0,200.0,140.0,171.0,136.0,33.0,333.0,7.0,304.0,36.0,281.0,59.0,329.0,11.0,229.0,111.0,102.0,181.0,57.0,241.0,91.0,8.0,34.0,78.0,76.0,144.0,8.0,98.0,127.0,26.0,28.0,61.0,75.0,265.0,225.0,107.0,8.0,0.0,292.0,9.0,39.0,278.0,54.0,8.0,324.0,16.0,0.0,33.0,307.0,267.0,73.0,187.0,128.0,17.0,8.0,261.0,67.0,12.0,192.0,136.0,12.0,314.0,17.0,9.0,210.0,106.0,17.0,7.0,198.0,142.0,223.0,96.0,20.0,1.0,314.0,23.0,3.0,241.0,96.0,3.0,230.0,108.0,2.0,304.0,34.0,2.0,319.0,18.0,1.0,2.0,35.0,167.0,136.0,2.0,Atingiu a média
70,23545585,2017,1,2,2304,23019,23,2307635,230763505,2,2,2.0,1.0,1.0,0.0,0.0,0.0,0.0,0.0,0.0,0.0,0.0,0.0,0.0,1.0,0.0,0.0,1.0,1.0,0.0,1.0,0.0,0.0,0.0,0.0,1.0,0.0,0.0,1.0,0.0,1.0,0.0,0.0,1.0,1.0,1.0,1.0,0.0,1.0,0.0,1.0,1.0,1.0,0.0,1.0,0.0,0.0,0.0,0.0,0.0,1.0,1.0,1.0,0.0,0.0,1.0,1.0,0.0,1.0,0.0,0.0,0.0,0.0,0.0,0.0,8.0,8.0,1.0,0.0,1.0,0.0,0.0,1.0,0.0,1.0,1.0,1.0,0.0,1.0,1.0,2.0,0.0,2.0,0.0,0.0,1.0,0.0,1.0,2.0,2.0,0.0,1.0,30.0,9.0,21.0,1.0,1.0,29.0,1.0,0.0,0.0,1.0,0.0,0.0,1.0,0.0,0.0,0.0,0.0,1.0,0.0,0.0,0.0,1.0,1.0,1.0,0.0,0.0,0.0,0.0,1.0,0.0,0.0,0.0,0.0,0.0,0.0,0.0,0.0,0.0,0.0,1.0,1.0,0.0,0.0,0.0,0.0,0.0,2.0,4.0,20.0,1.0,1.0,7.0,0.0,0.0,6.0,18.0,5.0,2.0,1.0,3.0,1.0,34.0,1.0,34.0,29.0,6.0,30.0,3.0,2.0,28.0,7.0,0.0,1.0,28.0,6.0,0.0,2.0,17.0,14.0,2.0,0.0,2.0,4.0,14.0,9.0,6.0,34.0,0.0,0.0,0.0,1.0,27.0,7.0,1.0,1.0,18.0,9.0,2.0,1.0,1.0,3.0,32.0,3.0,28.0,7.0,23.0,8.0,4.0,5.0,10.0,4.0,3.0,2.0,0.0,11.0,22.0,13.0,14.0,21.0,11.0,21.0,3.0,35.0,0.0,33.0,2.0,26.0,9.0,33.0,2.0,24.0,11.0,9.0,23.0,3.0,14.0,17.0,4.0,11.0,6.0,4.0,10.0,4.0,7.0,11.0,3.0,6.0,8.0,3.0,32.0,11.0,16.0,8.0,0.0,34.0,0.0,1.0,20.0,13.0,2.0,27.0,4.0,4.0,6.0,29.0,26.0,9.0,14.0,20.0,0.0,1.0,28.0,7.0,0.0,9.0,26.0,0.0,26.0,8.0,1.0,31.0,4.0,0.0,0.0,24.0,11.0,17.0,15.0,2.0,1.0,33.0,1.0,1.0,25.0,9.0,1.0,27.0,7.0,1.0,22.0,12.0,1.0,29.0,5.0,0.0,1.0,7.0,25.0,3.0,0.0,Atingiu a média
71,23223030,2017,1,2,2303,23016,23,2307650,230765005,2,1,2.0,1.0,1.0,0.0,0.0,0.0,0.0,0.0,0.0,0.0,0.0,0.0,0.0,1.0,1.0,0.0,0.0,0.0,0.0,1.0,0.0,0.0,0.0,1.0,0.0,0.0,1.0,0.0,0.0,1.0,0.0,0.0,1.0,1.0,1.0,1.0,0.0,1.0,0.0,1.0,1.0,1.0,0.0,1.0,0.0,0.0,0.0,1.0,0.0,1.0,1.0,1.0,1.0,0.0,0.0,0.0,1.0,1.0,0.0,0.0,0.0,0.0,0.0,0.0,14.0,17.0,1.0,0.0,0.0,0.0,1.0,0.0,1.0,1.0,1.0,1.0,0.0,1.0,1.0,2.0,0.0,0.0,0.0,1.0,0.0,2.0,3.0,2.0,4.0,0.0,1.0,50.0,9.0,40.0,1.0,1.0,60.0,1.0,0.0,0.0,0.0,0.0,0.0,1.0,0.0,0.0,1.0,0.0,1.0,0.0,0.0,0.0,1.0,0.0,0.0,0.0,0.0,0.0,0.0,1.0,0.0,0.0,0.0,0.0,0.0,0.0,0.0,0.0,0.0,0.0,0.0,0.0,0.0,0.0,0.0,0.0,0.0,51.0,33.0,188.0,15.0,4.0,18.0,0.0,8.0,166.0,107.0,25.0,3.0,0.0,0.0,10.0,299.0,7.0,302.0,123.0,186.0,182.0,111.0,16.0,138.0,140.0,31.0,2.0,198.0,109.0,4.0,29.0,165.0,99.0,12.0,0.0,28.0,76.0,123.0,47.0,35.0,294.0,9.0,3.0,3.0,0.0,271.0,25.0,13.0,2.0,31.0,32.0,61.0,132.0,33.0,18.0,303.0,6.0,258.0,51.0,181.0,112.0,16.0,9.0,25.0,33.0,47.0,118.0,16.0,61.0,282.0,27.0,192.0,117.0,155.0,119.0,35.0,305.0,4.0,268.0,41.0,259.0,50.0,298.0,11.0,199.0,110.0,96.0,177.0,36.0,219.0,87.0,3.0,36.0,79.0,71.0,114.0,9.0,100.0,117.0,32.0,29.0,31.0,66.0,243.0,210.0,92.0,7.0,0.0,270.0,3.0,36.0,261.0,43.0,5.0,300.0,9.0,0.0,28.0,281.0,278.0,31.0,171.0,97.0,9.0,32.0,233.0,41.0,35.0,165.0,104.0,40.0,259.0,16.0,34.0,184.0,74.0,18.0,33.0,180.0,129.0,158.0,110.0,26.0,15.0,255.0,29.0,25.0,177.0,108.0,24.0,199.0,87.0,23.0,236.0,50.0,23.0,253.0,33.0,5.0,18.0,46.0,177.0,85.0,1.0,Atingiu a média
72,23065842,2017,1,2,2303,23016,23,2304400,230440005,2,1,2.0,1.0,3.0,0.0,0.0,0.0,0.0,0.0,0.0,0.0,0.0,0.0,0.0,1.0,1.0,0.0,0.0,0.0,0.0,1.0,0.0,0.0,0.0,1.0,0.0,0.0,1.0,0.0,0.0,0.0,0.0,0.0,1.0,1.0,1.0,0.0,1.0,1.0,0.0,1.0,1.0,1.0,0.0,1.0,0.0,0.0,0.0,1.0,0.0,0.0,0.0,1.0,0.0,0.0,1.0,1.0,0.0,1.0,1.0,0.0,0.0,0.0,0.0,0.0,10.0,10.0,1.0,0.0,0.0,0.0,1.0,1.0,1.0,0.0,0.0,0.0,0.0,0.0,1.0,1.0,0.0,0.0,0.0,1.0,1.0,1.0,0.0,0.0,0.0,0.0,0.0,26.0,6.0,20.0,1.0,1.0,58.0,1.0,1.0,0.0,0.0,0.0,0.0,1.0,0.0,0.0,0.0,0.0,1.0,0.0,0.0,0.0,1.0,1.0,0.0,0.0,0.0,0.0,1.0,1.0,0.0,0.0,0.0,0.0,0.0,0.0,0.0,0.0,0.0,0.0,1.0,0.0,0.0,0.0,0.0,0.0,0.0,7.0,5.0,26.0,0.0,1.0,0.0,0.0,0.0,5.0,8.0,10.0,4.0,3.0,9.0,2.0,37.0,0.0,39.0,15.0,24.0,29.0,10.0,0.0,25.0,10.0,4.0,0.0,27.0,12.0,0.0,15.0,14.0,6.0,4.0,0.0,9.0,10.0,10.0,5.0,5.0,35.0,3.0,1.0,0.0,0.0,19.0,15.0,5.0,1.0,7.0,7.0,7.0,8.0,1.0,8.0,32.0,7.0,28.0,11.0,13.0,24.0,2.0,3.0,6.0,4.0,4.0,11.0,1.0,10.0,33.0,6.0,27.0,12.0,13.0,15.0,11.0,36.0,3.0,35.0,4.0,34.0,5.0,35.0,4.0,26.0,13.0,15.0,17.0,7.0,33.0,4.0,2.0,7.0,7.0,9.0,13.0,3.0,8.0,14.0,9.0,4.0,4.0,17.0,22.0,17.0,14.0,7.0,1.0,37.0,1.0,1.0,15.0,16.0,8.0,22.0,11.0,6.0,15.0,24.0,33.0,6.0,19.0,16.0,2.0,2.0,28.0,8.0,3.0,20.0,15.0,4.0,35.0,1.0,3.0,36.0,1.0,0.0,2.0,33.0,6.0,24.0,11.0,3.0,1.0,36.0,2.0,1.0,30.0,8.0,1.0,24.0,14.0,1.0,32.0,6.0,1.0,34.0,4.0,0.0,1.0,1.0,28.0,10.0,0.0,Não Atingiu a média
73,23168749,2017,1,2,2307,23033,23,2300101,230010105,2,1,1.0,1.0,1.0,0.0,0.0,0.0,0.0,0.0,0.0,0.0,0.0,0.0,0.0,1.0,1.0,0.0,0.0,0.0,0.0,1.0,0.0,0.0,0.0,1.0,0.0,0.0,1.0,0.0,0.0,0.0,0.0,0.0,1.0,1.0,1.0,1.0,1.0,1.0,0.0,1.0,1.0,0.0,1.0,1.0,0.0,0.0,0.0,1.0,0.0,1.0,1.0,1.0,0.0,0.0,1.0,1.0,0.0,1.0,0.0,0.0,0.0,0.0,0.0,0.0,7.0,7.0,1.0,0.0,0.0,0.0,0.0,0.0,0.0,1.0,1.0,1.0,0.0,1.0,1.0,1.0,0.0,0.0,0.0,0.0,0.0,0.0,3.0,4.0,5.0,0.0,4.0,29.0,7.0,22.0,1.0,1.0,31.0,1.0,1.0,0.0,0.0,0.0,0.0,1.0,0.0,0.0,0.0,0.0,1.0,0.0,0.0,0.0,1.0,1.0,0.0,0.0,0.0,0.0,1.0,1.0,0.0,0.0,0.0,0.0,0.0,0.0,0.0,0.0,0.0,1.0,1.0,0.0,0.0,0.0,0.0,0.0,0.0,10.0,6.0,33.0,1.0,5.0,1.0,0.0,6.0,27.0,15.0,3.0,2.0,0.0,3.0,3.0,53.0,0.0,56.0,39.0,17.0,40.0,15.0,1.0,40.0,16.0,0.0,1.0,49.0,6.0,0.0,3.0,29.0,23.0,1.0,0.0,6.0,12.0,18.0,15.0,5.0,52.0,3.0,1.0,0.0,0.0,47.0,7.0,2.0,2.0,16.0,6.0,7.0,12.0,7.0,6.0,49.0,7.0,45.0,11.0,36.0,17.0,3.0,3.0,13.0,13.0,2.0,9.0,2.0,14.0,40.0,16.0,32.0,24.0,40.0,13.0,3.0,53.0,3.0,51.0,5.0,46.0,10.0,54.0,2.0,40.0,16.0,17.0,34.0,5.0,32.0,21.0,3.0,16.0,17.0,6.0,16.0,1.0,20.0,14.0,4.0,5.0,13.0,7.0,49.0,37.0,16.0,3.0,0.0,50.0,1.0,5.0,44.0,10.0,2.0,48.0,5.0,3.0,15.0,41.0,51.0,5.0,42.0,14.0,0.0,0.0,49.0,6.0,1.0,29.0,26.0,1.0,46.0,10.0,0.0,55.0,1.0,0.0,0.0,38.0,18.0,44.0,12.0,0.0,0.0,56.0,0.0,0.0,43.0,13.0,0.0,44.0,12.0,0.0,28.0,27.0,1.0,55.0,0.0,0.0,1.0,19.0,32.0,5.0,0.0,Não Atingiu a média
74,23051850,2017,1,2,2302,23013,23,2300150,230015005,2,1,1.0,1.0,1.0,0.0,0.0,0.0,0.0,0.0,0.0,0.0,0.0,0.0,0.0,1.0,1.0,0.0,0.0,0.0,0.0,1.0,0.0,0.0,0.0,1.0,0.0,0.0,1.0,0.0,0.0,0.0,0.0,0.0,1.0,1.0,1.0,1.0,0.0,1.0,0.0,1.0,1.0,0.0,1.0,1.0,0.0,0.0,0.0,1.0,0.0,1.0,1.0,1.0,1.0,0.0,1.0,1.0,0.0,1.0,1.0,0.0,0.0,0.0,0.0,0.0,8.0,7.0,1.0,0.0,0.0,1.0,0.0,0.0,0.0,1.0,1.0,1.0,0.0,1.0,1.0,1.0,0.0,0.0,1.0,0.0,0.0,0.0,1.0,2.0,4.0,0.0,1.0,32.0,7.0,25.0,1.0,1.0,43.0,1.0,0.0,0.0,0.0,0.0,0.0,1.0,0.0,0.0,0.0,0.0,1.0,0.0,0.0,0.0,1.0,1.0,0.0,0.0,0.0,0.0,0.0,1.0,0.0,0.0,0.0,0.0,0.0,0.0,0.0,0.0,0.0,0.0,1.0,0.0,0.0,0.0,0.0,0.0,0.0,16.0,8.0,50.0,6.0,1.0,2.0,0.0,1.0,20.0,34.0,14.0,6.0,4.0,4.0,5.0,78.0,2.0,81.0,65.0,18.0,67.0,13.0,3.0,61.0,22.0,0.0,1.0,69.0,13.0,1.0,18.0,43.0,16.0,5.0,0.0,19.0,12.0,23.0,17.0,12.0,75.0,7.0,1.0,0.0,0.0,66.0,12.0,5.0,3.0,15.0,15.0,19.0,16.0,9.0,6.0,68.0,15.0,57.0,26.0,37.0,38.0,8.0,5.0,14.0,12.0,14.0,19.0,4.0,15.0,63.0,20.0,43.0,40.0,41.0,24.0,18.0,80.0,3.0,72.0,11.0,66.0,17.0,80.0,3.0,53.0,30.0,23.0,44.0,16.0,51.0,28.0,4.0,23.0,21.0,15.0,18.0,6.0,25.0,28.0,5.0,9.0,16.0,10.0,73.0,46.0,31.0,4.0,2.0,77.0,0.0,6.0,45.0,26.0,12.0,73.0,10.0,0.0,13.0,70.0,54.0,29.0,37.0,34.0,10.0,2.0,71.0,10.0,2.0,40.0,40.0,3.0,71.0,9.0,3.0,76.0,6.0,1.0,0.0,60.0,23.0,43.0,35.0,3.0,2.0,78.0,3.0,2.0,65.0,16.0,2.0,56.0,25.0,2.0,50.0,29.0,4.0,79.0,2.0,0.0,2.0,5.0,42.0,34.0,2.0,Não Atingiu a média
75,23236477,2017,1,2,2301,23001,23,2300200,230020005,2,1,2.0,1.0,1.0,0.0,0.0,0.0,0.0,0.0,0.0,0.0,0.0,0.0,0.0,1.0,1.0,0.0,1.0,0.0,0.0,1.0,0.0,0.0,0.0,1.0,1.0,0.0,1.0,0.0,0.0,0.0,0.0,0.0,1.0,1.0,1.0,1.0,0.0,1.0,0.0,1.0,1.0,0.0,0.0,0.0,0.0,0.0,0.0,0.0,0.0,1.0,0.0,1.0,1.0,0.0,1.0,1.0,1.0,1.0,1.0,0.0,0.0,0.0,0.0,0.0,12.0,12.0,1.0,0.0,0.0,0.0,0.0,0.0,0.0,0.0,1.0,1.0,0.0,0.0,1.0,3.0,0.0,0.0,0.0,0.0,0.0,0.0,0.0,2.0,1.0,0.0,0.0,10.0,0.0,10.0,1.0,1.0,40.0,1.0,0.0,0.0,0.0,0.0,0.0,1.0,0.0,0.0,0.0,0.0,1.0,0.0,0.0,0.0,1.0,0.0,0.0,0.0,0.0,0.0,0.0,1.0,0.0,0.0,0.0,0.0,0.0,0.0,0.0,0.0,0.0,0.0,0.0,0.0,0.0,0.0,0.0,0.0,0.0,13.0,7.0,43.0,2.0,0.0,7.0,0.0,0.0,23.0,28.0,11.0,5.0,1.0,4.0,6.0,66.0,1.0,71.0,53.0,19.0,65.0,5.0,2.0,60.0,12.0,0.0,4.0,48.0,20.0,1.0,13.0,29.0,20.0,9.0,1.0,9.0,9.0,14.0,23.0,16.0,60.0,10.0,1.0,1.0,0.0,57.0,12.0,3.0,2.0,24.0,14.0,5.0,3.0,3.0,21.0,56.0,16.0,39.0,33.0,46.0,22.0,4.0,5.0,16.0,10.0,3.0,3.0,2.0,33.0,52.0,20.0,33.0,39.0,47.0,19.0,6.0,70.0,2.0,66.0,6.0,58.0,14.0,68.0,4.0,53.0,19.0,17.0,42.0,13.0,49.0,23.0,0.0,11.0,26.0,14.0,17.0,4.0,13.0,27.0,8.0,11.0,13.0,8.0,64.0,41.0,26.0,5.0,0.0,68.0,0.0,4.0,42.0,24.0,6.0,63.0,5.0,4.0,24.0,48.0,60.0,12.0,40.0,28.0,4.0,0.0,64.0,5.0,3.0,40.0,28.0,4.0,63.0,6.0,3.0,66.0,6.0,0.0,0.0,39.0,33.0,33.0,33.0,5.0,1.0,68.0,3.0,1.0,60.0,12.0,0.0,41.0,30.0,1.0,56.0,15.0,1.0,53.0,17.0,1.0,1.0,17.0,40.0,14.0,1.0,Não Atingiu a média
76,23545410,2017,1,2,2301,23001,23,2300200,230020005,2,2,1.0,1.0,1.0,0.0,0.0,0.0,0.0,0.0,0.0,0.0,0.0,0.0,0.0,1.0,0.0,1.0,0.0,0.0,0.0,1.0,0.0,0.0,0.0,0.0,1.0,0.0,1.0,0.0,0.0,0.0,0.0,0.0,1.0,1.0,1.0,1.0,1.0,1.0,0.0,1.0,1.0,0.0,0.0,0.0,0.0,0.0,0.0,1.0,0.0,1.0,0.0,1.0,0.0,0.0,1.0,1.0,0.0,1.0,0.0,0.0,0.0,1.0,0.0,0.0,10.0,8.0,1.0,0.0,1.0,1.0,1.0,0.0,0.0,1.0,1.0,1.0,0.0,1.0,1.0,3.0,0.0,2.0,1.0,1.0,0.0,0.0,1.0,2.0,3.0,0.0,1.0,38.0,5.0,33.0,1.0,0.0,36.0,1.0,1.0,0.0,0.0,0.0,0.0,1.0,0.0,0.0,1.0,0.0,1.0,0.0,0.0,0.0,1.0,0.0,0.0,0.0,0.0,0.0,0.0,1.0,0.0,0.0,0.0,0.0,0.0,0.0,0.0,0.0,0.0,0.0,0.0,0.0,0.0,0.0,0.0,0.0,0.0,24.0,8.0,57.0,2.0,3.0,5.0,0.0,0.0,33.0,33.0,17.0,10.0,3.0,3.0,4.0,95.0,2.0,97.0,78.0,21.0,78.0,18.0,3.0,79.0,16.0,4.0,1.0,71.0,27.0,0.0,3.0,55.0,35.0,6.0,1.0,9.0,8.0,23.0,34.0,24.0,94.0,4.0,1.0,0.0,0.0,80.0,17.0,2.0,11.0,35.0,21.0,6.0,6.0,2.0,18.0,67.0,32.0,51.0,48.0,59.0,37.0,3.0,12.0,26.0,16.0,2.0,5.0,1.0,37.0,55.0,44.0,32.0,67.0,76.0,16.0,7.0,94.0,5.0,89.0,10.0,81.0,18.0,95.0,4.0,66.0,33.0,24.0,54.0,21.0,47.0,44.0,8.0,21.0,27.0,12.0,29.0,10.0,27.0,26.0,11.0,12.0,23.0,12.0,87.0,66.0,27.0,3.0,3.0,98.0,1.0,0.0,49.0,37.0,13.0,86.0,12.0,1.0,40.0,59.0,83.0,16.0,53.0,40.0,5.0,1.0,84.0,14.0,1.0,56.0,41.0,2.0,77.0,20.0,2.0,94.0,2.0,1.0,2.0,69.0,30.0,46.0,46.0,6.0,1.0,90.0,8.0,1.0,71.0,27.0,1.0,62.0,35.0,2.0,69.0,28.0,2.0,95.0,4.0,0.0,0.0,24.0,60.0,15.0,0.0,Não Atingiu a média
77,23034009,2017,1,2,2302,23008,23,2300754,230075405,2,1,1.0,1.0,1.0,0.0,0.0,0.0,0.0,0.0,0.0,0.0,1.0,0.0,0.0,1.0,1.0,0.0,0.0,0.0,0.0,1.0,0.0,0.0,0.0,1.0,0.0,0.0,0.0,0.0,1.0,0.0,0.0,0.0,1.0,1.0,1.0,0.0,0.0,1.0,0.0,1.0,1.0,0.0,0.0,0.0,0.0,0.0,0.0,1.0,0.0,0.0,0.0,1.0,0.0,0.0,1.0,1.0,1.0,0.0,0.0,0.0,0.0,0.0,0.0,0.0,29.0,29.0,1.0,0.0,1.0,1.0,1.0,0.0,1.0,1.0,1.0,1.0,1.0,1.0,1.0,2.0,0.0,3.0,1.0,1.0,0.0,1.0,2.0,5.0,9.0,1.0,1.0,13.0,3.0,10.0,1.0,1.0,94.0,1.0,0.0,0.0,0.0,0.0,0.0,1.0,0.0,0.0,1.0,0.0,1.0,0.0,0.0,0.0,1.0,0.0,0.0,0.0,0.0,0.0,0.0,1.0,0.0,0.0,0.0,0.0,0.0,0.0,0.0,0.0,0.0,0.0,0.0,0.0,0.0,0.0,0.0,0.0,0.0,50.0,22.0,172.0,17.0,7.0,23.0,0.0,1.0,101.0,111.0,36.0,19.0,10.0,13.0,26.0,265.0,19.0,272.0,234.0,57.0,255.0,28.0,8.0,250.0,38.0,3.0,3.0,226.0,62.0,5.0,25.0,134.0,72.0,55.0,6.0,28.0,38.0,67.0,66.0,86.0,264.0,18.0,7.0,1.0,1.0,238.0,46.0,7.0,10.0,93.0,47.0,39.0,21.0,15.0,66.0,244.0,47.0,217.0,74.0,180.0,103.0,8.0,32.0,83.0,39.0,21.0,20.0,5.0,91.0,199.0,92.0,158.0,133.0,158.0,95.0,38.0,280.0,11.0,259.0,32.0,257.0,34.0,277.0,14.0,215.0,76.0,83.0,180.0,28.0,161.0,104.0,26.0,76.0,81.0,33.0,75.0,26.0,96.0,75.0,31.0,46.0,43.0,57.0,234.0,213.0,44.0,27.0,7.0,282.0,4.0,5.0,184.0,74.0,33.0,249.0,31.0,11.0,105.0,186.0,229.0,62.0,140.0,138.0,12.0,1.0,248.0,39.0,4.0,124.0,157.0,10.0,211.0,72.0,8.0,248.0,34.0,7.0,2.0,199.0,92.0,151.0,120.0,19.0,1.0,268.0,21.0,2.0,238.0,49.0,4.0,191.0,95.0,5.0,177.0,107.0,7.0,265.0,21.0,4.0,1.0,44.0,132.0,95.0,20.0,Não Atingiu a média
78,23179902,2017,1,2,2306,23027,23,2300804,230080405,2,1,1.0,1.0,1.0,0.0,0.0,0.0,0.0,0.0,0.0,0.0,0.0,0.0,0.0,1.0,1.0,0.0,0.0,0.0,0.0,1.0,0.0,0.0,0.0,1.0,0.0,0.0,1.0,0.0,0.0,0.0,0.0,0.0,1.0,1.0,1.0,1.0,0.0,1.0,1.0,1.0,1.0,0.0,1.0,1.0,0.0,0.0,0.0,1.0,0.0,1.0,1.0,1.0,1.0,0.0,1.0,1.0,0.0,1.0,0.0,0.0,0.0,1.0,0.0,0.0,5.0,5.0,1.0,1.0,1.0,0.0,0.0,0.0,0.0,1.0,1.0,1.0,0.0,1.0,1.0,2.0,1.0,1.0,0.0,0.0,0.0,0.0,1.0,1.0,2.0,0.0,2.0,22.0,3.0,19.0,1.0,1.0,24.0,1.0,0.0,0.0,0.0,0.0,0.0,1.0,0.0,0.0,1.0,0.0,1.0,0.0,0.0,0.0,1.0,1.0,1.0,0.0,0.0,0.0,1.0,1.0,0.0,0.0,0.0,0.0,0.0,0.0,0.0,0.0,0.0,0.0,1.0,1.0,0.0,0.0,0.0,0.0,0.0,28.0,22.0,49.0,3.0,13.0,9.0,0.0,0.0,39.0,50.0,13.0,10.0,3.0,9.0,6.0,118.0,3.0,121.0,93.0,31.0,101.0,22.0,1.0,89.0,31.0,4.0,3.0,107.0,14.0,2.0,12.0,76.0,28.0,6.0,1.0,14.0,15.0,41.0,29.0,24.0,109.0,13.0,2.0,0.0,0.0,101.0,20.0,3.0,16.0,36.0,17.0,12.0,18.0,9.0,16.0,93.0,31.0,86.0,38.0,77.0,41.0,6.0,25.0,27.0,28.0,10.0,6.0,2.0,26.0,73.0,51.0,53.0,71.0,89.0,22.0,13.0,119.0,5.0,115.0,9.0,111.0,13.0,121.0,3.0,89.0,35.0,32.0,76.0,16.0,73.0,43.0,8.0,36.0,27.0,23.0,29.0,9.0,37.0,38.0,10.0,19.0,20.0,17.0,107.0,91.0,22.0,6.0,5.0,121.0,0.0,3.0,83.0,28.0,13.0,110.0,11.0,3.0,37.0,87.0,101.0,23.0,80.0,37.0,4.0,3.0,105.0,15.0,4.0,63.0,54.0,7.0,105.0,17.0,2.0,115.0,4.0,2.0,3.0,74.0,50.0,74.0,44.0,5.0,1.0,111.0,10.0,3.0,99.0,23.0,2.0,80.0,41.0,3.0,91.0,32.0,1.0,118.0,3.0,2.0,1.0,23.0,65.0,36.0,0.0,Não Atingiu a média
79,23060948,2017,1,2,2303,23016,23,2301000,230100005,2,1,2.0,1.0,1.0,0.0,0.0,0.0,0.0,0.0,0.0,0.0,0.0,0.0,0.0,1.0,1.0,0.0,0.0,0.0,0.0,1.0,0.0,0.0,0.0,1.0,0.0,0.0,1.0,0.0,1.0,0.0,0.0,1.0,1.0,0.0,1.0,1.0,0.0,0.0,0.0,0.0,1.0,1.0,0.0,1.0,0.0,0.0,0.0,0.0,0.0,0.0,1.0,1.0,0.0,0.0,1.0,1.0,1.0,0.0,0.0,0.0,0.0,0.0,0.0,0.0,8.0,8.0,0.0,0.0,0.0,0.0,0.0,0.0,0.0,0.0,0.0,0.0,0.0,0.0,1.0,0.0,0.0,0.0,0.0,0.0,0.0,0.0,0.0,0.0,0.0,0.0,0.0,12.0,3.0,9.0,1.0,1.0,39.0,1.0,0.0,0.0,0.0,0.0,0.0,1.0,0.0,0.0,0.0,0.0,1.0,0.0,0.0,0.0,1.0,0.0,0.0,0.0,0.0,0.0,0.0,1.0,0.0,0.0,0.0,0.0,0.0,0.0,0.0,0.0,0.0,0.0,0.0,0.0,0.0,0.0,0.0,0.0,0.0,18.0,7.0,88.0,2.0,6.0,6.0,0.0,1.0,32.0,49.0,30.0,10.0,5.0,0.0,5.0,122.0,0.0,127.0,63.0,64.0,90.0,29.0,8.0,78.0,41.0,8.0,0.0,78.0,49.0,0.0,10.0,69.0,34.0,14.0,0.0,10.0,24.0,41.0,31.0,21.0,113.0,6.0,5.0,2.0,1.0,115.0,9.0,3.0,2.0,31.0,28.0,21.0,21.0,5.0,19.0,117.0,10.0,109.0,18.0,84.0,38.0,5.0,4.0,26.0,19.0,20.0,30.0,1.0,27.0,108.0,19.0,86.0,41.0,57.0,52.0,18.0,123.0,4.0,109.0,18.0,104.0,23.0,124.0,3.0,75.0,52.0,25.0,82.0,20.0,97.0,26.0,4.0,22.0,26.0,20.0,56.0,3.0,41.0,39.0,10.0,10.0,27.0,22.0,105.0,87.0,32.0,7.0,1.0,117.0,0.0,10.0,65.0,43.0,19.0,117.0,7.0,3.0,26.0,101.0,96.0,31.0,60.0,59.0,7.0,1.0,107.0,12.0,8.0,73.0,47.0,7.0,112.0,10.0,5.0,108.0,16.0,0.0,3.0,78.0,49.0,58.0,56.0,8.0,5.0,115.0,8.0,4.0,93.0,27.0,7.0,87.0,34.0,6.0,99.0,24.0,4.0,97.0,23.0,2.0,5.0,10.0,53.0,62.0,2.0,Não Atingiu a média
80,23246618,2017,1,2,2303,23016,23,2301000,230100005,2,2,1.0,1.0,3.0,0.0,0.0,0.0,0.0,0.0,0.0,0.0,0.0,0.0,0.0,1.0,1.0,0.0,1.0,0.0,0.0,1.0,1.0,0.0,0.0,1.0,0.0,0.0,1.0,0.0,0.0,0.0,0.0,0.0,1.0,1.0,0.0,0.0,0.0,0.0,0.0,0.0,1.0,0.0,0.0,0.0,0.0,0.0,0.0,1.0,0.0,0.0,0.0,0.0,1.0,0.0,1.0,0.0,0.0,0.0,0.0,0.0,0.0,0.0,0.0,0.0,5.0,5.0,0.0,0.0,0.0,0.0,0.0,0.0,0.0,0.0,0.0,0.0,0.0,0.0,1.0,0.0,0.0,0.0,0.0,0.0,0.0,0.0,0.0,0.0,0.0,0.0,0.0,1.0,1.0,0.0,1.0,1.0,23.0,1.0,0.0,0.0,0.0,0.0,0.0,1.0,0.0,0.0,0.0,0.0,1.0,0.0,0.0,0.0,1.0,1.0,0.0,0.0,0.0,0.0,0.0,1.0,0.0,0.0,0.0,0.0,0.0,0.0,0.0,0.0,0.0,0.0,1.0,0.0,0.0,0.0,0.0,0.0,0.0,1.0,1.0,21.0,2.0,1.0,1.0,0.0,1.0,5.0,12.0,8.0,0.0,0.0,1.0,2.0,25.0,0.0,27.0,15.0,12.0,15.0,10.0,2.0,18.0,8.0,1.0,1.0,18.0,8.0,1.0,2.0,12.0,10.0,2.0,0.0,2.0,5.0,6.0,10.0,4.0,21.0,2.0,3.0,1.0,0.0,24.0,3.0,0.0,2.0,10.0,4.0,2.0,3.0,0.0,6.0,23.0,4.0,21.0,6.0,17.0,10.0,0.0,3.0,7.0,4.0,2.0,3.0,0.0,8.0,20.0,7.0,16.0,11.0,14.0,10.0,3.0,27.0,0.0,26.0,1.0,23.0,4.0,27.0,0.0,16.0,11.0,9.0,15.0,3.0,17.0,7.0,3.0,5.0,8.0,3.0,10.0,1.0,11.0,5.0,2.0,4.0,5.0,3.0,24.0,13.0,13.0,0.0,1.0,25.0,1.0,1.0,15.0,11.0,1.0,24.0,2.0,1.0,7.0,20.0,20.0,7.0,14.0,11.0,0.0,2.0,23.0,2.0,2.0,18.0,7.0,2.0,19.0,7.0,1.0,20.0,4.0,1.0,2.0,18.0,9.0,14.0,11.0,1.0,1.0,25.0,1.0,1.0,23.0,3.0,1.0,19.0,7.0,1.0,16.0,10.0,1.0,17.0,7.0,2.0,1.0,1.0,2.0,7.0,17.0,Não Atingiu a média
81,23124121,2017,1,2,2305,23022,23,2301109,230110905,2,1,1.0,1.0,1.0,0.0,0.0,0.0,0.0,0.0,0.0,0.0,0.0,0.0,0.0,1.0,1.0,0.0,1.0,0.0,0.0,1.0,0.0,0.0,0.0,0.0,1.0,0.0,1.0,0.0,0.0,0.0,0.0,0.0,1.0,1.0,1.0,0.0,0.0,0.0,0.0,0.0,1.0,0.0,0.0,0.0,0.0,0.0,0.0,1.0,0.0,0.0,0.0,1.0,0.0,0.0,0.0,1.0,0.0,1.0,0.0,0.0,0.0,0.0,0.0,0.0,7.0,7.0,0.0,0.0,0.0,0.0,0.0,0.0,0.0,1.0,1.0,1.0,0.0,0.0,1.0,0.0,0.0,0.0,0.0,0.0,0.0,0.0,1.0,1.0,1.0,0.0,0.0,23.0,0.0,23.0,1.0,1.0,62.0,1.0,0.0,0.0,0.0,0.0,0.0,1.0,0.0,0.0,0.0,0.0,1.0,0.0,0.0,0.0,1.0,0.0,0.0,0.0,0.0,0.0,0.0,1.0,0.0,0.0,0.0,0.0,0.0,0.0,0.0,0.0,0.0,0.0,0.0,0.0,0.0,0.0,0.0,0.0,0.0,23.0,10.0,125.0,7.0,0.0,9.0,0.0,1.0,46.0,82.0,23.0,9.0,5.0,8.0,6.0,168.0,5.0,169.0,104.0,70.0,137.0,34.0,3.0,119.0,50.0,5.0,2.0,124.0,48.0,1.0,21.0,83.0,55.0,14.0,1.0,21.0,38.0,47.0,36.0,31.0,164.0,6.0,3.0,1.0,0.0,130.0,33.0,11.0,6.0,49.0,32.0,21.0,31.0,8.0,27.0,156.0,18.0,136.0,38.0,94.0,65.0,15.0,17.0,41.0,19.0,15.0,26.0,4.0,52.0,120.0,54.0,83.0,91.0,92.0,60.0,22.0,173.0,1.0,162.0,12.0,154.0,20.0,172.0,2.0,124.0,50.0,55.0,84.0,35.0,111.0,55.0,8.0,36.0,47.0,18.0,60.0,13.0,53.0,51.0,15.0,18.0,37.0,29.0,145.0,93.0,79.0,2.0,0.0,163.0,1.0,10.0,126.0,32.0,16.0,152.0,16.0,6.0,38.0,136.0,134.0,40.0,82.0,80.0,8.0,4.0,149.0,20.0,5.0,89.0,80.0,5.0,146.0,24.0,4.0,126.0,38.0,5.0,5.0,110.0,64.0,93.0,68.0,13.0,0.0,160.0,13.0,1.0,139.0,34.0,1.0,123.0,50.0,1.0,123.0,49.0,2.0,167.0,7.0,0.0,0.0,13.0,86.0,73.0,2.0,Não Atingiu a média
82,23051930,2017,1,2,2302,23013,23,2301208,230120805,2,1,1.0,1.0,1.0,0.0,0.0,0.0,0.0,0.0,0.0,0.0,1.0,0.0,0.0,1.0,1.0,0.0,1.0,0.0,0.0,1.0,0.0,0.0,0.0,1.0,1.0,0.0,1.0,0.0,0.0,0.0,0.0,0.0,1.0,1.0,1.0,1.0,0.0,1.0,0.0,1.0,1.0,1.0,1.0,1.0,0.0,0.0,0.0,1.0,0.0,1.0,1.0,1.0,1.0,0.0,1.0,1.0,0.0,1.0,1.0,0.0,0.0,0.0,0.0,0.0,10.0,10.0,1.0,1.0,1.0,1.0,1.0,1.0,0.0,1.0,1.0,1.0,0.0,1.0,1.0,4.0,1.0,1.0,1.0,5.0,1.0,0.0,2.0,2.0,1.0,0.0,2.0,36.0,7.0,20.0,1.0,0.0,55.0,1.0,0.0,0.0,0.0,0.0,0.0,1.0,0.0,0.0,1.0,0.0,1.0,0.0,0.0,0.0,1.0,1.0,1.0,0.0,0.0,0.0,0.0,1.0,0.0,0.0,0.0,0.0,0.0,0.0,0.0,0.0,0.0,0.0,1.0,1.0,0.0,0.0,0.0,0.0,0.0,16.0,9.0,94.0,5.0,3.0,14.0,0.0,2.0,39.0,67.0,24.0,2.0,5.0,2.0,3.0,138.0,2.0,139.0,88.0,53.0,117.0,22.0,2.0,120.0,18.0,3.0,1.0,107.0,33.0,2.0,16.0,74.0,39.0,10.0,2.0,20.0,20.0,37.0,37.0,25.0,124.0,10.0,7.0,0.0,0.0,120.0,18.0,3.0,11.0,30.0,22.0,18.0,22.0,10.0,28.0,107.0,34.0,96.0,45.0,85.0,49.0,7.0,22.0,29.0,15.0,14.0,6.0,2.0,53.0,84.0,57.0,66.0,75.0,80.0,49.0,12.0,138.0,3.0,126.0,15.0,119.0,22.0,137.0,4.0,84.0,57.0,39.0,86.0,16.0,91.0,40.0,10.0,32.0,36.0,23.0,40.0,10.0,39.0,39.0,22.0,14.0,27.0,20.0,121.0,58.0,69.0,9.0,5.0,134.0,2.0,5.0,108.0,23.0,10.0,124.0,12.0,5.0,43.0,98.0,121.0,20.0,61.0,73.0,6.0,1.0,123.0,18.0,0.0,84.0,56.0,1.0,107.0,32.0,2.0,133.0,8.0,0.0,0.0,77.0,64.0,51.0,69.0,20.0,1.0,126.0,15.0,0.0,115.0,25.0,1.0,88.0,52.0,1.0,93.0,44.0,4.0,130.0,11.0,0.0,0.0,22.0,87.0,32.0,0.0,Não Atingiu a média
83,23052929,2017,1,2,2302,23013,23,2301406,230140605,2,1,1.0,1.0,1.0,0.0,0.0,0.0,0.0,0.0,0.0,0.0,1.0,0.0,0.0,1.0,1.0,0.0,0.0,0.0,0.0,1.0,0.0,0.0,0.0,1.0,0.0,0.0,1.0,0.0,0.0,0.0,0.0,0.0,1.0,1.0,1.0,1.0,1.0,1.0,0.0,1.0,1.0,0.0,1.0,1.0,0.0,0.0,0.0,1.0,0.0,1.0,1.0,1.0,1.0,0.0,1.0,0.0,0.0,1.0,1.0,0.0,0.0,1.0,0.0,0.0,6.0,17.0,1.0,0.0,1.0,1.0,1.0,0.0,0.0,1.0,1.0,1.0,0.0,1.0,1.0,1.0,0.0,1.0,1.0,2.0,0.0,0.0,3.0,1.0,2.0,0.0,2.0,21.0,6.0,15.0,1.0,1.0,53.0,1.0,1.0,0.0,0.0,0.0,0.0,1.0,0.0,0.0,0.0,0.0,1.0,0.0,0.0,0.0,1.0,1.0,0.0,0.0,0.0,0.0,0.0,1.0,0.0,0.0,0.0,0.0,0.0,0.0,0.0,0.0,0.0,0.0,1.0,0.0,0.0,0.0,0.0,0.0,0.0,20.0,14.0,100.0,5.0,5.0,16.0,0.0,0.0,55.0,71.0,23.0,2.0,6.0,3.0,9.0,151.0,6.0,154.0,117.0,43.0,142.0,17.0,1.0,133.0,24.0,3.0,3.0,131.0,26.0,1.0,9.0,64.0,67.0,19.0,0.0,15.0,22.0,52.0,38.0,33.0,147.0,11.0,1.0,1.0,0.0,140.0,14.0,6.0,7.0,44.0,34.0,17.0,23.0,12.0,23.0,140.0,20.0,119.0,41.0,102.0,53.0,5.0,19.0,44.0,16.0,17.0,17.0,1.0,46.0,113.0,47.0,64.0,96.0,120.0,33.0,7.0,157.0,3.0,151.0,9.0,142.0,18.0,159.0,1.0,104.0,56.0,47.0,82.0,31.0,100.0,52.0,8.0,46.0,42.0,27.0,35.0,10.0,44.0,47.0,20.0,22.0,27.0,16.0,144.0,99.0,51.0,4.0,6.0,158.0,1.0,1.0,108.0,39.0,13.0,151.0,6.0,3.0,38.0,122.0,132.0,28.0,94.0,55.0,7.0,4.0,126.0,27.0,7.0,74.0,77.0,9.0,132.0,22.0,6.0,139.0,17.0,1.0,3.0,90.0,70.0,69.0,63.0,25.0,3.0,145.0,11.0,4.0,112.0,43.0,5.0,107.0,48.0,5.0,97.0,57.0,6.0,92.0,46.0,19.0,3.0,29.0,82.0,48.0,1.0,Não Atingiu a média
84,23227770,2017,1,2,2302,23013,23,2301406,230140605,2,2,1.0,1.0,1.0,0.0,0.0,0.0,0.0,0.0,0.0,0.0,0.0,0.0,0.0,1.0,1.0,0.0,1.0,0.0,0.0,1.0,0.0,0.0,0.0,0.0,1.0,0.0,1.0,0.0,0.0,0.0,0.0,0.0,1.0,1.0,1.0,0.0,1.0,0.0,0.0,0.0,1.0,1.0,1.0,1.0,0.0,0.0,0.0,1.0,1.0,1.0,1.0,1.0,1.0,0.0,1.0,1.0,0.0,0.0,0.0,0.0,0.0,0.0,0.0,0.0,9.0,9.0,1.0,0.0,1.0,0.0,0.0,0.0,1.0,1.0,1.0,1.0,0.0,1.0,1.0,3.0,0.0,1.0,0.0,0.0,0.0,2.0,1.0,2.0,2.0,0.0,1.0,19.0,5.0,14.0,1.0,0.0,31.0,1.0,1.0,0.0,2.0,0.0,1.0,0.0,1.0,0.0,1.0,0.0,1.0,0.0,0.0,0.0,1.0,1.0,0.0,1.0,1.0,1.0,1.0,1.0,0.0,0.0,0.0,0.0,0.0,0.0,0.0,0.0,0.0,0.0,1.0,0.0,0.0,0.0,0.0,0.0,0.0,0.0,0.0,0.0,0.0,14.0,1.0,0.0,0.0,6.0,5.0,3.0,0.0,1.0,0.0,0.0,15.0,0.0,15.0,15.0,0.0,14.0,1.0,0.0,13.0,2.0,0.0,0.0,14.0,1.0,0.0,1.0,6.0,5.0,3.0,0.0,3.0,4.0,2.0,2.0,4.0,14.0,1.0,0.0,0.0,0.0,9.0,5.0,1.0,0.0,2.0,2.0,6.0,0.0,0.0,5.0,13.0,2.0,13.0,2.0,5.0,9.0,1.0,0.0,3.0,2.0,3.0,1.0,0.0,6.0,8.0,7.0,6.0,9.0,7.0,6.0,2.0,15.0,0.0,14.0,1.0,15.0,0.0,14.0,1.0,12.0,3.0,4.0,9.0,2.0,7.0,6.0,2.0,3.0,4.0,3.0,3.0,2.0,4.0,3.0,5.0,2.0,1.0,1.0,14.0,11.0,1.0,2.0,1.0,15.0,0.0,0.0,12.0,3.0,0.0,14.0,1.0,0.0,4.0,11.0,15.0,0.0,8.0,5.0,2.0,0.0,15.0,0.0,0.0,10.0,5.0,0.0,10.0,5.0,0.0,14.0,1.0,0.0,0.0,14.0,1.0,9.0,6.0,0.0,0.0,15.0,0.0,0.0,15.0,0.0,0.0,13.0,2.0,0.0,11.0,4.0,0.0,13.0,2.0,0.0,0.0,5.0,6.0,4.0,0.0,Não Atingiu a média
85,23152737,2017,1,2,2307,23029,23,2301604,230160405,2,1,1.0,1.0,1.0,0.0,0.0,0.0,0.0,0.0,0.0,0.0,1.0,0.0,0.0,1.0,1.0,0.0,0.0,0.0,0.0,1.0,0.0,0.0,0.0,1.0,1.0,0.0,1.0,0.0,0.0,0.0,0.0,0.0,1.0,1.0,1.0,0.0,1.0,1.0,0.0,1.0,1.0,1.0,0.0,1.0,0.0,0.0,0.0,0.0,0.0,1.0,0.0,1.0,1.0,0.0,1.0,1.0,0.0,1.0,0.0,0.0,0.0,0.0,0.0,0.0,13.0,27.0,0.0,0.0,0.0,0.0,0.0,0.0,0.0,0.0,0.0,0.0,0.0,0.0,1.0,0.0,0.0,0.0,0.0,0.0,0.0,0.0,0.0,0.0,0.0,0.0,0.0,21.0,5.0,16.0,1.0,1.0,67.0,1.0,1.0,0.0,0.0,0.0,0.0,1.0,0.0,0.0,1.0,0.0,1.0,0.0,0.0,0.0,1.0,1.0,1.0,0.0,0.0,0.0,1.0,1.0,0.0,0.0,0.0,0.0,0.0,0.0,0.0,0.0,0.0,1.0,1.0,1.0,0.0,0.0,0.0,0.0,0.0,35.0,22.0,68.0,12.0,2.0,5.0,0.0,5.0,42.0,52.0,19.0,11.0,6.0,9.0,14.0,130.0,5.0,139.0,96.0,48.0,124.0,17.0,3.0,111.0,29.0,4.0,6.0,123.0,15.0,0.0,16.0,85.0,37.0,6.0,1.0,19.0,29.0,41.0,28.0,26.0,134.0,9.0,0.0,1.0,0.0,115.0,25.0,4.0,14.0,57.0,25.0,16.0,11.0,3.0,18.0,109.0,35.0,96.0,48.0,88.0,52.0,4.0,29.0,42.0,21.0,8.0,6.0,2.0,36.0,86.0,58.0,62.0,82.0,102.0,30.0,12.0,140.0,4.0,132.0,12.0,131.0,13.0,141.0,3.0,110.0,34.0,39.0,84.0,21.0,86.0,51.0,7.0,34.0,39.0,19.0,41.0,11.0,50.0,33.0,15.0,13.0,33.0,26.0,118.0,77.0,40.0,25.0,2.0,139.0,2.0,3.0,100.0,32.0,12.0,118.0,18.0,8.0,52.0,92.0,120.0,24.0,82.0,61.0,0.0,1.0,120.0,20.0,4.0,77.0,63.0,4.0,110.0,30.0,4.0,129.0,12.0,0.0,3.0,70.0,74.0,70.0,63.0,11.0,0.0,125.0,18.0,1.0,117.0,26.0,1.0,95.0,47.0,2.0,94.0,49.0,1.0,136.0,7.0,0.0,1.0,22.0,76.0,41.0,5.0,Não Atingiu a média
86,23149434,2017,1,2,2306,23028,23,2301802,230180205,2,1,1.0,1.0,1.0,0.0,0.0,0.0,0.0,0.0,0.0,0.0,0.0,0.0,0.0,1.0,1.0,0.0,0.0,0.0,0.0,1.0,0.0,0.0,0.0,0.0,1.0,0.0,1.0,0.0,0.0,0.0,0.0,0.0,1.0,1.0,1.0,1.0,1.0,1.0,0.0,1.0,1.0,1.0,0.0,1.0,0.0,0.0,0.0,1.0,0.0,1.0,1.0,1.0,0.0,0.0,1.0,0.0,0.0,1.0,0.0,0.0,0.0,0.0,0.0,0.0,4.0,4.0,1.0,0.0,0.0,0.0,1.0,1.0,0.0,1.0,1.0,1.0,0.0,1.0,1.0,1.0,0.0,0.0,0.0,1.0,1.0,0.0,3.0,1.0,2.0,0.0,1.0,26.0,6.0,20.0,1.0,1.0,28.0,1.0,1.0,0.0,0.0,0.0,0.0,1.0,0.0,0.0,1.0,0.0,1.0,0.0,0.0,0.0,1.0,0.0,0.0,0.0,0.0,0.0,0.0,1.0,0.0,0.0,0.0,0.0,0.0,0.0,0.0,0.0,0.0,0.0,0.0,0.0,0.0,0.0,0.0,0.0,0.0,9.0,3.0,22.0,0.0,3.0,3.0,0.0,2.0,9.0,13.0,6.0,5.0,1.0,4.0,1.0,39.0,0.0,40.0,23.0,17.0,27.0,12.0,1.0,16.0,21.0,3.0,1.0,35.0,4.0,1.0,6.0,19.0,12.0,2.0,0.0,4.0,8.0,12.0,11.0,5.0,38.0,2.0,0.0,0.0,0.0,33.0,3.0,4.0,1.0,9.0,2.0,8.0,15.0,1.0,4.0,36.0,4.0,32.0,8.0,24.0,13.0,3.0,3.0,16.0,5.0,4.0,6.0,1.0,5.0,30.0,10.0,19.0,21.0,24.0,9.0,7.0,38.0,2.0,35.0,5.0,31.0,9.0,39.0,1.0,32.0,8.0,14.0,21.0,5.0,25.0,14.0,1.0,8.0,16.0,4.0,12.0,0.0,14.0,11.0,4.0,2.0,9.0,4.0,36.0,26.0,10.0,4.0,0.0,34.0,1.0,5.0,25.0,12.0,3.0,34.0,2.0,4.0,10.0,30.0,34.0,6.0,23.0,15.0,1.0,1.0,33.0,5.0,2.0,22.0,16.0,2.0,36.0,2.0,2.0,29.0,7.0,1.0,3.0,24.0,16.0,19.0,19.0,2.0,0.0,38.0,1.0,1.0,31.0,9.0,0.0,26.0,13.0,1.0,31.0,9.0,0.0,38.0,2.0,0.0,0.0,14.0,18.0,8.0,0.0,Não Atingiu a média
87,23161604,2017,1,2,2307,23032,23,2301901,230190105,2,1,1.0,1.0,1.0,0.0,0.0,0.0,0.0,0.0,0.0,0.0,0.0,0.0,0.0,1.0,1.0,0.0,0.0,0.0,0.0,1.0,0.0,0.0,0.0,1.0,0.0,0.0,1.0,0.0,0.0,0.0,0.0,0.0,1.0,1.0,1.0,1.0,0.0,1.0,0.0,1.0,1.0,1.0,0.0,1.0,0.0,0.0,0.0,1.0,0.0,1.0,0.0,1.0,0.0,0.0,1.0,1.0,0.0,1.0,0.0,0.0,0.0,0.0,0.0,0.0,13.0,13.0,1.0,0.0,0.0,0.0,0.0,0.0,1.0,1.0,0.0,1.0,0.0,0.0,1.0,2.0,0.0,0.0,0.0,0.0,0.0,2.0,1.0,0.0,2.0,0.0,0.0,38.0,7.0,31.0,1.0,1.0,67.0,1.0,0.0,0.0,0.0,0.0,0.0,1.0,0.0,0.0,0.0,0.0,1.0,0.0,0.0,0.0,1.0,0.0,0.0,0.0,0.0,0.0,0.0,1.0,0.0,0.0,0.0,0.0,0.0,0.0,0.0,0.0,0.0,0.0,0.0,0.0,0.0,0.0,0.0,0.0,0.0,33.0,41.0,153.0,36.0,8.0,17.0,0.0,1.0,90.0,140.0,40.0,9.0,4.0,4.0,5.0,283.0,3.0,285.0,188.0,100.0,219.0,63.0,6.0,171.0,106.0,11.0,3.0,216.0,69.0,2.0,23.0,143.0,104.0,16.0,0.0,19.0,49.0,72.0,85.0,63.0,259.0,25.0,2.0,2.0,0.0,256.0,22.0,10.0,13.0,68.0,49.0,41.0,61.0,20.0,36.0,253.0,35.0,223.0,65.0,179.0,103.0,6.0,21.0,59.0,43.0,24.0,44.0,16.0,81.0,226.0,62.0,146.0,142.0,152.0,111.0,25.0,281.0,7.0,257.0,31.0,247.0,41.0,281.0,7.0,213.0,75.0,80.0,173.0,35.0,195.0,80.0,13.0,66.0,71.0,44.0,98.0,9.0,102.0,81.0,21.0,28.0,56.0,50.0,238.0,207.0,65.0,14.0,2.0,268.0,3.0,17.0,208.0,64.0,16.0,264.0,18.0,6.0,57.0,231.0,231.0,57.0,194.0,86.0,8.0,0.0,243.0,43.0,2.0,159.0,128.0,1.0,246.0,41.0,1.0,253.0,28.0,7.0,0.0,183.0,105.0,198.0,81.0,7.0,2.0,271.0,16.0,1.0,203.0,84.0,1.0,200.0,87.0,1.0,223.0,63.0,2.0,271.0,15.0,1.0,1.0,36.0,139.0,113.0,0.0,Não Atingiu a média
88,23236752,2017,1,2,2307,23032,23,2301901,230190105,2,2,1.0,1.0,1.0,0.0,0.0,0.0,0.0,0.0,0.0,0.0,0.0,0.0,0.0,1.0,0.0,1.0,0.0,0.0,0.0,1.0,0.0,0.0,0.0,0.0,1.0,0.0,1.0,0.0,0.0,0.0,0.0,1.0,1.0,1.0,1.0,0.0,0.0,1.0,0.0,1.0,1.0,1.0,0.0,1.0,0.0,0.0,0.0,1.0,0.0,1.0,1.0,1.0,1.0,1.0,1.0,1.0,1.0,1.0,1.0,0.0,0.0,1.0,0.0,0.0,8.0,8.0,1.0,0.0,1.0,0.0,0.0,0.0,0.0,1.0,1.0,1.0,0.0,0.0,1.0,1.0,0.0,1.0,0.0,0.0,0.0,0.0,1.0,1.0,2.0,0.0,0.0,24.0,6.0,18.0,1.0,1.0,33.0,1.0,0.0,0.0,0.0,0.0,0.0,1.0,0.0,0.0,1.0,0.0,1.0,0.0,0.0,0.0,1.0,1.0,0.0,0.0,0.0,0.0,0.0,1.0,0.0,0.0,0.0,0.0,0.0,0.0,0.0,0.0,0.0,0.0,1.0,0.0,0.0,0.0,0.0,0.0,0.0,1.0,10.0,43.0,7.0,1.0,5.0,0.0,1.0,16.0,30.0,12.0,6.0,1.0,1.0,3.0,64.0,1.0,66.0,41.0,26.0,53.0,12.0,2.0,46.0,19.0,2.0,0.0,57.0,10.0,0.0,6.0,34.0,25.0,2.0,0.0,4.0,11.0,26.0,16.0,10.0,58.0,7.0,1.0,1.0,0.0,58.0,8.0,1.0,5.0,18.0,6.0,7.0,19.0,0.0,12.0,57.0,10.0,52.0,15.0,39.0,26.0,2.0,5.0,13.0,9.0,7.0,12.0,0.0,21.0,58.0,9.0,42.0,25.0,37.0,22.0,8.0,67.0,0.0,62.0,5.0,60.0,7.0,65.0,2.0,46.0,21.0,17.0,45.0,5.0,43.0,24.0,0.0,18.0,14.0,8.0,26.0,1.0,28.0,18.0,2.0,3.0,16.0,5.0,62.0,55.0,7.0,4.0,1.0,61.0,0.0,6.0,40.0,22.0,5.0,65.0,1.0,1.0,18.0,49.0,55.0,12.0,30.0,35.0,1.0,1.0,57.0,10.0,0.0,39.0,26.0,2.0,63.0,4.0,0.0,56.0,9.0,1.0,1.0,36.0,31.0,26.0,34.0,6.0,1.0,61.0,6.0,0.0,56.0,10.0,1.0,45.0,21.0,1.0,53.0,13.0,1.0,57.0,9.0,1.0,0.0,25.0,40.0,2.0,0.0,Não Atingiu a média
89,23058463,2017,1,2,2302,23015,23,2302206,230220605,2,1,2.0,1.0,1.0,0.0,0.0,0.0,0.0,0.0,0.0,0.0,1.0,0.0,0.0,1.0,1.0,0.0,0.0,0.0,0.0,1.0,0.0,0.0,0.0,1.0,0.0,0.0,1.0,0.0,0.0,1.0,0.0,0.0,1.0,1.0,0.0,0.0,1.0,1.0,0.0,1.0,1.0,0.0,0.0,0.0,0.0,0.0,0.0,1.0,0.0,1.0,0.0,1.0,0.0,0.0,1.0,1.0,0.0,1.0,0.0,0.0,0.0,0.0,0.0,0.0,16.0,30.0,1.0,0.0,1.0,0.0,1.0,0.0,0.0,1.0,0.0,0.0,0.0,1.0,1.0,3.0,0.0,1.0,0.0,1.0,0.0,0.0,1.0,0.0,0.0,0.0,1.0,35.0,11.0,24.0,1.0,1.0,68.0,1.0,1.0,0.0,0.0,0.0,0.0,1.0,0.0,0.0,1.0,0.0,1.0,0.0,0.0,0.0,1.0,1.0,1.0,0.0,0.0,0.0,0.0,1.0,0.0,0.0,0.0,0.0,0.0,0.0,0.0,0.0,0.0,0.0,1.0,1.0,0.0,0.0,0.0,0.0,0.0,40.0,25.0,185.0,9.0,8.0,9.0,1.0,1.0,82.0,109.0,42.0,18.0,9.0,14.0,13.0,263.0,4.0,272.0,174.0,102.0,213.0,55.0,8.0,218.0,54.0,4.0,3.0,182.0,91.0,1.0,32.0,157.0,71.0,15.0,3.0,35.0,57.0,87.0,49.0,45.0,247.0,22.0,6.0,0.0,1.0,223.0,41.0,12.0,12.0,77.0,49.0,38.0,41.0,13.0,46.0,230.0,46.0,213.0,63.0,151.0,106.0,19.0,24.0,75.0,33.0,32.0,30.0,5.0,77.0,212.0,64.0,159.0,117.0,158.0,90.0,28.0,269.0,7.0,253.0,23.0,239.0,37.0,271.0,5.0,184.0,92.0,67.0,169.0,40.0,176.0,81.0,19.0,61.0,75.0,43.0,76.0,21.0,86.0,89.0,25.0,22.0,54.0,67.0,209.0,164.0,91.0,18.0,3.0,271.0,1.0,4.0,177.0,72.0,27.0,255.0,14.0,7.0,82.0,194.0,251.0,25.0,150.0,114.0,11.0,1.0,238.0,33.0,5.0,149.0,118.0,9.0,225.0,45.0,6.0,244.0,30.0,1.0,1.0,164.0,112.0,123.0,132.0,21.0,0.0,251.0,25.0,0.0,215.0,61.0,0.0,175.0,98.0,3.0,188.0,86.0,2.0,227.0,46.0,3.0,0.0,27.0,126.0,115.0,8.0,Não Atingiu a média
90,23545453,2017,1,2,2301,23001,23,2302305,230230505,2,2,1.0,1.0,1.0,0.0,0.0,0.0,0.0,0.0,0.0,0.0,0.0,0.0,0.0,1.0,1.0,0.0,0.0,0.0,0.0,1.0,0.0,0.0,0.0,1.0,1.0,0.0,1.0,0.0,0.0,0.0,0.0,0.0,1.0,1.0,1.0,1.0,0.0,1.0,0.0,1.0,1.0,1.0,0.0,1.0,0.0,0.0,0.0,1.0,0.0,1.0,1.0,1.0,1.0,1.0,1.0,1.0,0.0,1.0,1.0,0.0,0.0,1.0,0.0,0.0,8.0,6.0,1.0,0.0,1.0,0.0,0.0,0.0,1.0,1.0,1.0,1.0,0.0,1.0,1.0,1.0,0.0,1.0,0.0,0.0,0.0,1.0,1.0,1.0,1.0,0.0,1.0,15.0,8.0,15.0,1.0,0.0,30.0,1.0,0.0,0.0,0.0,0.0,0.0,1.0,0.0,0.0,1.0,0.0,1.0,0.0,0.0,0.0,1.0,0.0,0.0,0.0,0.0,0.0,0.0,1.0,0.0,0.0,0.0,0.0,0.0,0.0,0.0,0.0,0.0,0.0,0.0,0.0,0.0,0.0,0.0,0.0,0.0,4.0,5.0,38.0,4.0,1.0,2.0,0.0,0.0,27.0,19.0,4.0,4.0,0.0,0.0,2.0,52.0,2.0,52.0,44.0,10.0,42.0,11.0,1.0,42.0,11.0,1.0,0.0,40.0,14.0,0.0,9.0,25.0,15.0,5.0,0.0,8.0,12.0,10.0,16.0,8.0,49.0,4.0,1.0,0.0,0.0,42.0,8.0,4.0,2.0,14.0,10.0,7.0,2.0,2.0,17.0,43.0,11.0,41.0,13.0,32.0,17.0,5.0,3.0,13.0,5.0,6.0,1.0,0.0,26.0,35.0,19.0,30.0,24.0,42.0,8.0,4.0,53.0,1.0,50.0,4.0,47.0,7.0,53.0,1.0,42.0,12.0,11.0,39.0,4.0,35.0,13.0,6.0,10.0,10.0,13.0,17.0,4.0,23.0,8.0,2.0,4.0,17.0,9.0,45.0,28.0,20.0,5.0,1.0,53.0,0.0,1.0,37.0,15.0,2.0,49.0,3.0,2.0,20.0,34.0,48.0,6.0,22.0,30.0,1.0,1.0,48.0,6.0,0.0,24.0,30.0,0.0,42.0,12.0,0.0,49.0,5.0,0.0,0.0,30.0,24.0,15.0,34.0,5.0,0.0,48.0,6.0,0.0,46.0,8.0,0.0,31.0,23.0,0.0,35.0,19.0,0.0,49.0,5.0,0.0,0.0,6.0,39.0,9.0,0.0,Não Atingiu a média
91,23169249,2017,1,2,2307,23033,23,2302503,230250305,2,1,1.0,1.0,1.0,0.0,0.0,0.0,0.0,0.0,0.0,0.0,0.0,0.0,0.0,1.0,1.0,0.0,0.0,0.0,0.0,1.0,0.0,0.0,0.0,1.0,0.0,0.0,1.0,0.0,0.0,0.0,0.0,0.0,1.0,1.0,1.0,0.0,1.0,1.0,0.0,1.0,1.0,0.0,0.0,0.0,0.0,0.0,0.0,1.0,0.0,0.0,0.0,1.0,0.0,0.0,1.0,1.0,0.0,1.0,0.0,0.0,0.0,0.0,0.0,0.0,9.0,9.0,1.0,0.0,0.0,0.0,1.0,0.0,1.0,1.0,1.0,1.0,0.0,1.0,1.0,2.0,0.0,0.0,0.0,1.0,0.0,1.0,1.0,1.0,1.0,0.0,1.0,25.0,6.0,17.0,1.0,0.0,97.0,1.0,0.0,0.0,0.0,0.0,0.0,1.0,0.0,0.0,0.0,0.0,1.0,0.0,0.0,0.0,1.0,1.0,1.0,0.0,0.0,0.0,0.0,1.0,0.0,0.0,0.0,0.0,0.0,0.0,0.0,0.0,0.0,0.0,1.0,1.0,0.0,0.0,0.0,0.0,0.0,23.0,11.0,88.0,3.0,5.0,10.0,0.0,1.0,44.0,59.0,20.0,13.0,0.0,3.0,8.0,132.0,2.0,138.0,87.0,53.0,111.0,23.0,6.0,101.0,32.0,7.0,2.0,116.0,22.0,0.0,13.0,88.0,31.0,8.0,0.0,21.0,24.0,40.0,38.0,17.0,125.0,12.0,2.0,1.0,0.0,124.0,14.0,2.0,16.0,37.0,25.0,20.0,14.0,6.0,22.0,110.0,30.0,109.0,31.0,89.0,46.0,5.0,21.0,27.0,16.0,17.0,15.0,0.0,44.0,97.0,43.0,81.0,59.0,74.0,53.0,13.0,137.0,3.0,126.0,14.0,124.0,16.0,135.0,5.0,103.0,37.0,49.0,79.0,12.0,88.0,44.0,8.0,33.0,41.0,17.0,35.0,14.0,40.0,40.0,10.0,19.0,31.0,30.0,110.0,100.0,25.0,14.0,1.0,137.0,1.0,2.0,92.0,39.0,9.0,128.0,10.0,2.0,51.0,89.0,116.0,24.0,88.0,51.0,0.0,1.0,118.0,20.0,2.0,74.0,64.0,2.0,111.0,27.0,2.0,129.0,10.0,0.0,1.0,104.0,36.0,87.0,48.0,4.0,1.0,133.0,7.0,0.0,106.0,33.0,1.0,101.0,38.0,1.0,84.0,54.0,2.0,130.0,9.0,1.0,0.0,32.0,73.0,34.0,1.0,Não Atingiu a média
92,23234814,2017,1,2,2307,23033,23,2302503,230250305,2,1,2.0,1.0,1.0,0.0,0.0,0.0,0.0,0.0,0.0,0.0,1.0,0.0,0.0,1.0,1.0,0.0,1.0,0.0,0.0,1.0,0.0,0.0,0.0,1.0,0.0,0.0,1.0,0.0,0.0,0.0,0.0,0.0,1.0,1.0,0.0,1.0,0.0,1.0,0.0,1.0,1.0,1.0,0.0,1.0,0.0,0.0,0.0,1.0,0.0,1.0,1.0,1.0,1.0,0.0,1.0,1.0,1.0,1.0,0.0,0.0,0.0,0.0,0.0,0.0,14.0,14.0,0.0,0.0,0.0,0.0,1.0,0.0,1.0,1.0,1.0,1.0,0.0,1.0,1.0,0.0,0.0,0.0,0.0,1.0,0.0,1.0,3.0,1.0,4.0,0.0,1.0,23.0,8.0,15.0,1.0,1.0,54.0,1.0,0.0,0.0,0.0,0.0,0.0,1.0,0.0,0.0,0.0,0.0,1.0,0.0,0.0,0.0,1.0,0.0,0.0,0.0,0.0,0.0,0.0,1.0,0.0,0.0,0.0,0.0,0.0,0.0,0.0,0.0,0.0,0.0,0.0,0.0,0.0,0.0,0.0,0.0,0.0,30.0,15.0,61.0,2.0,2.0,5.0,0.0,1.0,41.0,50.0,12.0,8.0,3.0,0.0,4.0,111.0,3.0,112.0,75.0,40.0,80.0,32.0,3.0,68.0,39.0,8.0,2.0,90.0,23.0,1.0,5.0,65.0,40.0,4.0,3.0,12.0,21.0,37.0,25.0,17.0,102.0,11.0,1.0,1.0,0.0,97.0,9.0,9.0,6.0,27.0,23.0,13.0,24.0,8.0,14.0,101.0,14.0,90.0,25.0,81.0,27.0,7.0,12.0,28.0,18.0,9.0,18.0,2.0,28.0,89.0,26.0,70.0,45.0,57.0,42.0,16.0,113.0,2.0,105.0,10.0,109.0,6.0,111.0,4.0,85.0,30.0,34.0,71.0,10.0,81.0,31.0,3.0,32.0,26.0,17.0,35.0,5.0,43.0,23.0,11.0,16.0,22.0,17.0,98.0,83.0,23.0,9.0,0.0,106.0,0.0,9.0,77.0,32.0,6.0,111.0,2.0,2.0,29.0,86.0,98.0,17.0,76.0,37.0,0.0,2.0,101.0,12.0,2.0,64.0,49.0,2.0,100.0,13.0,2.0,101.0,10.0,2.0,2.0,71.0,44.0,52.0,53.0,9.0,1.0,101.0,13.0,1.0,98.0,16.0,1.0,81.0,33.0,1.0,85.0,29.0,1.0,95.0,17.0,1.0,2.0,36.0,63.0,16.0,0.0,Não Atingiu a média
93,23002468,2017,1,2,2301,23001,23,2302602,230260205,2,1,2.0,1.0,1.0,0.0,0.0,0.0,0.0,0.0,0.0,0.0,1.0,1.0,0.0,1.0,1.0,0.0,0.0,0.0,0.0,1.0,0.0,0.0,0.0,0.0,1.0,0.0,1.0,0.0,0.0,0.0,0.0,0.0,1.0,1.0,1.0,1.0,0.0,0.0,0.0,0.0,1.0,1.0,1.0,1.0,0.0,0.0,0.0,1.0,0.0,0.0,0.0,1.0,0.0,0.0,1.0,1.0,0.0,1.0,0.0,0.0,0.0,1.0,0.0,0.0,8.0,14.0,1.0,0.0,0.0,0.0,1.0,0.0,1.0,1.0,1.0,1.0,0.0,1.0,1.0,1.0,0.0,0.0,0.0,1.0,0.0,1.0,2.0,2.0,3.0,0.0,1.0,50.0,12.0,38.0,1.0,1.0,64.0,1.0,0.0,0.0,0.0,0.0,0.0,1.0,0.0,0.0,1.0,0.0,1.0,0.0,0.0,0.0,1.0,0.0,0.0,0.0,0.0,0.0,0.0,1.0,0.0,0.0,0.0,0.0,0.0,0.0,0.0,0.0,0.0,0.0,0.0,0.0,0.0,0.0,0.0,0.0,0.0,30.0,34.0,145.0,10.0,6.0,10.0,0.0,0.0,76.0,106.0,23.0,10.0,4.0,16.0,9.0,226.0,7.0,228.0,172.0,63.0,200.0,33.0,2.0,179.0,49.0,7.0,1.0,186.0,48.0,4.0,44.0,114.0,58.0,15.0,1.0,20.0,53.0,60.0,49.0,52.0,214.0,18.0,3.0,0.0,0.0,205.0,27.0,3.0,16.0,72.0,46.0,30.0,28.0,15.0,28.0,187.0,48.0,167.0,68.0,143.0,81.0,11.0,32.0,58.0,28.0,24.0,33.0,13.0,47.0,165.0,70.0,130.0,105.0,163.0,53.0,19.0,232.0,3.0,220.0,15.0,209.0,26.0,230.0,5.0,178.0,57.0,77.0,138.0,20.0,163.0,69.0,3.0,50.0,74.0,44.0,50.0,17.0,80.0,61.0,15.0,32.0,47.0,44.0,191.0,134.0,85.0,11.0,5.0,223.0,3.0,9.0,161.0,64.0,10.0,208.0,19.0,8.0,71.0,164.0,203.0,32.0,152.0,53.0,5.0,25.0,163.0,38.0,34.0,100.0,100.0,35.0,184.0,28.0,23.0,182.0,19.0,2.0,32.0,176.0,59.0,146.0,77.0,10.0,2.0,220.0,13.0,2.0,196.0,37.0,2.0,162.0,70.0,3.0,172.0,59.0,4.0,218.0,15.0,0.0,2.0,35.0,124.0,62.0,14.0,Não Atingiu a média
94,23252863,2017,1,2,2301,23001,23,2302602,230260205,2,2,1.0,1.0,1.0,0.0,0.0,0.0,0.0,0.0,0.0,0.0,0.0,0.0,0.0,1.0,0.0,1.0,0.0,0.0,0.0,1.0,0.0,0.0,0.0,0.0,1.0,0.0,0.0,0.0,0.0,0.0,0.0,1.0,1.0,1.0,1.0,1.0,0.0,1.0,0.0,1.0,1.0,1.0,1.0,1.0,0.0,0.0,0.0,1.0,0.0,1.0,1.0,1.0,1.0,1.0,1.0,1.0,0.0,1.0,0.0,0.0,0.0,1.0,1.0,0.0,6.0,6.0,1.0,0.0,1.0,0.0,0.0,0.0,0.0,1.0,1.0,1.0,0.0,0.0,1.0,2.0,0.0,1.0,0.0,0.0,0.0,0.0,1.0,1.0,1.0,0.0,0.0,73.0,11.0,62.0,1.0,0.0,30.0,1.0,0.0,0.0,0.0,0.0,0.0,1.0,0.0,0.0,0.0,0.0,1.0,0.0,0.0,0.0,1.0,1.0,0.0,0.0,0.0,0.0,0.0,1.0,0.0,0.0,0.0,0.0,0.0,0.0,0.0,0.0,0.0,0.0,1.0,0.0,0.0,0.0,0.0,0.0,0.0,7.0,6.0,47.0,2.0,1.0,11.0,0.0,0.0,14.0,41.0,13.0,3.0,1.0,2.0,1.0,73.0,0.0,74.0,64.0,10.0,65.0,9.0,0.0,73.0,0.0,1.0,1.0,64.0,9.0,0.0,8.0,36.0,24.0,6.0,0.0,9.0,9.0,24.0,16.0,16.0,68.0,6.0,0.0,0.0,0.0,63.0,9.0,2.0,2.0,30.0,18.0,3.0,3.0,0.0,18.0,61.0,13.0,50.0,24.0,55.0,16.0,3.0,11.0,24.0,9.0,2.0,4.0,0.0,24.0,46.0,28.0,34.0,40.0,60.0,13.0,1.0,68.0,6.0,65.0,9.0,60.0,14.0,70.0,4.0,45.0,29.0,17.0,54.0,3.0,40.0,28.0,6.0,27.0,11.0,12.0,16.0,8.0,28.0,17.0,9.0,4.0,16.0,10.0,64.0,35.0,33.0,5.0,1.0,73.0,1.0,0.0,43.0,25.0,6.0,67.0,7.0,0.0,37.0,37.0,57.0,17.0,37.0,33.0,3.0,1.0,66.0,7.0,1.0,31.0,41.0,2.0,68.0,5.0,1.0,65.0,8.0,0.0,1.0,35.0,39.0,33.0,35.0,5.0,1.0,65.0,7.0,2.0,65.0,7.0,2.0,43.0,29.0,2.0,56.0,16.0,2.0,63.0,10.0,0.0,1.0,6.0,50.0,17.0,1.0,Não Atingiu a média
95,23054409,2017,1,2,2302,23013,23,2302909,230290905,2,1,2.0,1.0,1.0,0.0,0.0,0.0,0.0,0.0,0.0,0.0,1.0,0.0,0.0,1.0,1.0,0.0,0.0,0.0,0.0,1.0,0.0,0.0,0.0,0.0,1.0,0.0,1.0,0.0,0.0,0.0,0.0,0.0,1.0,1.0,1.0,1.0,0.0,1.0,0.0,1.0,1.0,0.0,1.0,1.0,0.0,0.0,0.0,1.0,0.0,0.0,0.0,1.0,1.0,0.0,1.0,0.0,0.0,1.0,0.0,0.0,0.0,1.0,0.0,0.0,9.0,12.0,1.0,0.0,0.0,0.0,0.0,0.0,0.0,1.0,0.0,1.0,0.0,0.0,1.0,3.0,0.0,0.0,0.0,0.0,0.0,0.0,1.0,0.0,1.0,0.0,0.0,20.0,5.0,15.0,1.0,1.0,63.0,1.0,0.0,0.0,0.0,0.0,0.0,1.0,0.0,0.0,0.0,0.0,1.0,0.0,0.0,0.0,1.0,1.0,0.0,0.0,0.0,0.0,0.0,1.0,0.0,0.0,0.0,0.0,0.0,0.0,0.0,0.0,0.0,0.0,1.0,0.0,0.0,0.0,0.0,0.0,0.0,26.0,22.0,91.0,7.0,1.0,23.0,0.0,2.0,46.0,80.0,22.0,6.0,5.0,9.0,7.0,163.0,6.0,164.0,103.0,67.0,145.0,20.0,5.0,123.0,41.0,6.0,3.0,144.0,23.0,2.0,26.0,78.0,50.0,14.0,0.0,22.0,27.0,52.0,40.0,29.0,144.0,25.0,0.0,1.0,0.0,143.0,24.0,3.0,5.0,30.0,35.0,32.0,27.0,12.0,29.0,141.0,29.0,137.0,33.0,104.0,62.0,4.0,15.0,44.0,30.0,15.0,18.0,1.0,47.0,113.0,57.0,83.0,87.0,104.0,55.0,11.0,166.0,4.0,163.0,7.0,157.0,13.0,166.0,4.0,117.0,53.0,53.0,88.0,29.0,99.0,54.0,17.0,42.0,42.0,33.0,35.0,18.0,44.0,52.0,15.0,29.0,30.0,23.0,147.0,131.0,30.0,4.0,5.0,159.0,2.0,9.0,123.0,38.0,9.0,140.0,22.0,8.0,61.0,109.0,154.0,16.0,100.0,64.0,5.0,1.0,148.0,20.0,2.0,83.0,85.0,2.0,135.0,34.0,1.0,154.0,13.0,2.0,1.0,118.0,52.0,98.0,61.0,9.0,2.0,159.0,11.0,0.0,142.0,27.0,1.0,106.0,64.0,0.0,116.0,54.0,0.0,154.0,15.0,0.0,1.0,37.0,89.0,42.0,2.0,Não Atingiu a média
96,23156210,2017,1,2,2307,23030,23,2303204,230320405,2,1,1.0,1.0,1.0,0.0,0.0,0.0,0.0,0.0,0.0,0.0,0.0,0.0,0.0,1.0,1.0,0.0,1.0,0.0,0.0,1.0,0.0,0.0,0.0,0.0,1.0,0.0,1.0,0.0,0.0,1.0,0.0,0.0,1.0,1.0,1.0,1.0,0.0,1.0,0.0,1.0,1.0,1.0,0.0,1.0,0.0,0.0,0.0,1.0,0.0,1.0,1.0,1.0,0.0,0.0,1.0,1.0,1.0,1.0,0.0,0.0,0.0,0.0,0.0,0.0,7.0,7.0,1.0,1.0,1.0,1.0,1.0,1.0,1.0,1.0,1.0,1.0,1.0,1.0,1.0,5.0,1.0,2.0,1.0,3.0,1.0,3.0,2.0,5.0,1.0,1.0,4.0,22.0,2.0,20.0,1.0,1.0,40.0,1.0,0.0,0.0,0.0,0.0,0.0,1.0,0.0,0.0,1.0,0.0,1.0,0.0,0.0,0.0,1.0,0.0,0.0,0.0,0.0,0.0,0.0,1.0,0.0,0.0,0.0,0.0,0.0,0.0,0.0,0.0,0.0,0.0,0.0,0.0,0.0,0.0,0.0,0.0,0.0,35.0,12.0,69.0,4.0,1.0,8.0,1.0,4.0,38.0,55.0,17.0,10.0,1.0,3.0,3.0,126.0,6.0,123.0,73.0,56.0,104.0,23.0,2.0,84.0,35.0,10.0,1.0,106.0,22.0,1.0,11.0,76.0,33.0,8.0,3.0,13.0,30.0,33.0,29.0,21.0,117.0,11.0,0.0,1.0,0.0,109.0,19.0,1.0,7.0,43.0,27.0,12.0,17.0,12.0,11.0,103.0,26.0,94.0,35.0,83.0,44.0,2.0,16.0,36.0,23.0,12.0,7.0,3.0,32.0,81.0,48.0,57.0,72.0,74.0,45.0,10.0,124.0,5.0,115.0,14.0,111.0,18.0,126.0,3.0,95.0,34.0,45.0,70.0,14.0,74.0,46.0,9.0,37.0,28.0,18.0,36.0,10.0,37.0,39.0,15.0,13.0,25.0,31.0,98.0,82.0,36.0,9.0,2.0,124.0,1.0,4.0,76.0,44.0,9.0,114.0,12.0,3.0,28.0,101.0,110.0,19.0,84.0,36.0,6.0,3.0,107.0,19.0,3.0,71.0,57.0,1.0,106.0,23.0,0.0,100.0,22.0,4.0,3.0,75.0,54.0,79.0,39.0,10.0,1.0,111.0,17.0,1.0,101.0,27.0,1.0,81.0,47.0,1.0,93.0,36.0,0.0,104.0,21.0,3.0,1.0,28.0,76.0,25.0,0.0,Não Atingiu a média
97,23059699,2017,1,2,2302,23015,23,2303501,230350105,2,1,1.0,1.0,1.0,0.0,0.0,0.0,0.0,0.0,0.0,0.0,1.0,0.0,0.0,1.0,0.0,1.0,0.0,0.0,0.0,1.0,0.0,0.0,0.0,0.0,1.0,0.0,1.0,0.0,0.0,0.0,0.0,0.0,1.0,1.0,1.0,1.0,1.0,1.0,0.0,1.0,1.0,1.0,0.0,1.0,0.0,0.0,0.0,1.0,0.0,1.0,1.0,1.0,0.0,0.0,1.0,1.0,1.0,1.0,0.0,0.0,0.0,0.0,0.0,0.0,15.0,18.0,1.0,0.0,1.0,1.0,0.0,1.0,1.0,1.0,1.0,1.0,0.0,1.0,1.0,2.0,0.0,1.0,1.0,0.0,1.0,1.0,1.0,2.0,1.0,0.0,1.0,33.0,7.0,26.0,1.0,1.0,85.0,1.0,1.0,0.0,0.0,0.0,0.0,1.0,0.0,0.0,1.0,0.0,1.0,0.0,0.0,0.0,1.0,1.0,0.0,0.0,0.0,0.0,0.0,1.0,0.0,0.0,0.0,0.0,0.0,0.0,0.0,0.0,0.0,0.0,1.0,0.0,0.0,0.0,0.0,0.0,0.0,52.0,18.0,256.0,14.0,12.0,17.0,0.0,1.0,116.0,153.0,57.0,21.0,3.0,18.0,12.0,357.0,6.0,363.0,267.0,102.0,288.0,73.0,8.0,304.0,57.0,8.0,4.0,278.0,87.0,8.0,60.0,191.0,96.0,14.0,1.0,38.0,94.0,106.0,74.0,56.0,334.0,24.0,7.0,3.0,1.0,311.0,48.0,10.0,19.0,105.0,61.0,60.0,60.0,10.0,54.0,307.0,62.0,266.0,103.0,192.0,165.0,12.0,34.0,86.0,55.0,34.0,52.0,6.0,102.0,264.0,105.0,191.0,178.0,189.0,132.0,48.0,355.0,14.0,340.0,29.0,323.0,46.0,349.0,20.0,247.0,122.0,114.0,186.0,69.0,232.0,114.0,23.0,107.0,89.0,50.0,98.0,25.0,122.0,129.0,25.0,29.0,64.0,64.0,305.0,229.0,123.0,15.0,2.0,350.0,2.0,17.0,240.0,86.0,43.0,336.0,26.0,7.0,71.0,298.0,322.0,47.0,232.0,114.0,17.0,6.0,318.0,44.0,7.0,187.0,172.0,10.0,304.0,60.0,5.0,321.0,38.0,4.0,6.0,218.0,151.0,184.0,148.0,30.0,7.0,322.0,39.0,8.0,284.0,79.0,6.0,196.0,164.0,9.0,238.0,123.0,8.0,319.0,41.0,2.0,7.0,78.0,197.0,92.0,2.0,Não Atingiu a média
98,23106590,2017,1,2,2304,23020,23,2303600,230360005,2,1,1.0,1.0,1.0,0.0,0.0,0.0,0.0,0.0,0.0,0.0,1.0,0.0,0.0,1.0,1.0,0.0,1.0,0.0,0.0,1.0,0.0,0.0,0.0,0.0,1.0,0.0,1.0,0.0,0.0,0.0,0.0,0.0,1.0,1.0,1.0,1.0,0.0,1.0,0.0,1.0,1.0,1.0,1.0,1.0,0.0,0.0,0.0,1.0,0.0,0.0,1.0,1.0,1.0,0.0,1.0,0.0,0.0,1.0,1.0,0.0,0.0,0.0,0.0,0.0,5.0,8.0,1.0,0.0,0.0,0.0,0.0,1.0,1.0,0.0,0.0,1.0,0.0,0.0,1.0,1.0,0.0,0.0,0.0,0.0,1.0,2.0,0.0,0.0,2.0,0.0,0.0,36.0,11.0,25.0,1.0,1.0,43.0,1.0,0.0,0.0,0.0,0.0,0.0,1.0,0.0,0.0,0.0,0.0,1.0,0.0,0.0,0.0,1.0,1.0,1.0,0.0,0.0,0.0,0.0,1.0,0.0,0.0,0.0,0.0,0.0,0.0,0.0,0.0,0.0,0.0,1.0,1.0,0.0,0.0,0.0,0.0,0.0,21.0,4.0,57.0,3.0,2.0,3.0,0.0,3.0,46.0,24.0,6.0,3.0,1.0,7.0,2.0,88.0,0.0,90.0,45.0,45.0,71.0,15.0,4.0,58.0,27.0,5.0,11.0,68.0,11.0,2.0,12.0,42.0,29.0,5.0,1.0,6.0,20.0,36.0,8.0,19.0,80.0,6.0,4.0,0.0,0.0,74.0,14.0,2.0,9.0,27.0,16.0,7.0,15.0,12.0,4.0,70.0,20.0,73.0,17.0,59.0,30.0,1.0,18.0,19.0,21.0,7.0,7.0,2.0,16.0,62.0,28.0,46.0,44.0,60.0,23.0,7.0,89.0,1.0,85.0,5.0,78.0,12.0,87.0,3.0,73.0,17.0,31.0,47.0,12.0,61.0,27.0,2.0,23.0,19.0,20.0,26.0,2.0,24.0,35.0,10.0,12.0,9.0,27.0,63.0,47.0,34.0,7.0,2.0,86.0,0.0,4.0,79.0,10.0,1.0,80.0,9.0,1.0,25.0,65.0,78.0,12.0,59.0,30.0,1.0,0.0,74.0,15.0,1.0,55.0,34.0,1.0,78.0,12.0,0.0,84.0,6.0,0.0,0.0,49.0,41.0,47.0,34.0,8.0,1.0,80.0,10.0,0.0,62.0,28.0,0.0,61.0,27.0,2.0,65.0,24.0,1.0,82.0,6.0,1.0,1.0,17.0,53.0,19.0,1.0,Não Atingiu a média
99,23219181,2017,1,2,2301,23007,23,2303659,230365905,2,1,1.0,1.0,1.0,0.0,0.0,0.0,0.0,0.0,0.0,0.0,0.0,0.0,0.0,1.0,1.0,0.0,0.0,0.0,0.0,1.0,0.0,0.0,0.0,0.0,1.0,0.0,1.0,0.0,0.0,0.0,0.0,0.0,1.0,1.0,1.0,1.0,0.0,1.0,0.0,1.0,1.0,0.0,1.0,1.0,0.0,0.0,0.0,1.0,0.0,1.0,0.0,1.0,0.0,0.0,1.0,1.0,0.0,1.0,0.0,0.0,0.0,0.0,0.0,0.0,8.0,6.0,1.0,0.0,1.0,1.0,0.0,0.0,1.0,0.0,1.0,1.0,0.0,0.0,1.0,1.0,0.0,1.0,1.0,0.0,0.0,1.0,0.0,1.0,3.0,0.0,0.0,26.0,6.0,20.0,1.0,1.0,32.0,1.0,0.0,0.0,0.0,0.0,0.0,1.0,0.0,0.0,1.0,0.0,1.0,0.0,0.0,0.0,1.0,1.0,0.0,0.0,0.0,0.0,0.0,1.0,0.0,0.0,0.0,0.0,0.0,0.0,0.0,0.0,0.0,0.0,1.0,0.0,0.0,0.0,0.0,0.0,0.0,15.0,3.0,56.0,6.0,2.0,1.0,0.0,1.0,23.0,36.0,7.0,1.0,0.0,15.0,1.0,82.0,3.0,80.0,51.0,32.0,68.0,13.0,2.0,60.0,21.0,2.0,1.0,69.0,13.0,1.0,7.0,40.0,24.0,11.0,0.0,10.0,19.0,24.0,12.0,18.0,76.0,6.0,0.0,0.0,1.0,65.0,14.0,4.0,7.0,19.0,15.0,24.0,8.0,3.0,7.0,65.0,18.0,62.0,21.0,46.0,33.0,4.0,19.0,22.0,9.0,10.0,5.0,0.0,18.0,47.0,36.0,32.0,51.0,55.0,23.0,5.0,78.0,5.0,75.0,8.0,70.0,13.0,79.0,4.0,59.0,24.0,28.0,44.0,11.0,54.0,27.0,2.0,13.0,27.0,11.0,26.0,6.0,32.0,21.0,10.0,13.0,7.0,13.0,70.0,53.0,21.0,7.0,2.0,81.0,0.0,2.0,66.0,14.0,3.0,68.0,11.0,4.0,23.0,60.0,74.0,9.0,49.0,31.0,1.0,2.0,68.0,13.0,2.0,47.0,33.0,3.0,74.0,7.0,2.0,66.0,14.0,0.0,3.0,39.0,44.0,45.0,31.0,5.0,2.0,75.0,7.0,1.0,63.0,19.0,1.0,52.0,29.0,2.0,58.0,24.0,1.0,64.0,17.0,1.0,1.0,20.0,56.0,7.0,0.0,Não Atingiu a média
100,23062126,2017,1,2,2303,23016,23,2303709,230370905,2,1,1.0,1.0,1.0,0.0,0.0,0.0,0.0,0.0,0.0,0.0,0.0,0.0,0.0,1.0,1.0,0.0,1.0,0.0,0.0,1.0,0.0,0.0,0.0,1.0,1.0,0.0,1.0,0.0,0.0,0.0,0.0,0.0,1.0,1.0,1.0,0.0,1.0,0.0,0.0,0.0,1.0,0.0,0.0,0.0,0.0,0.0,0.0,0.0,0.0,1.0,0.0,1.0,0.0,0.0,1.0,1.0,0.0,0.0,0.0,0.0,0.0,0.0,0.0,0.0,13.0,13.0,1.0,0.0,0.0,0.0,0.0,0.0,0.0,1.0,0.0,1.0,0.0,0.0,1.0,2.0,0.0,0.0,0.0,0.0,0.0,0.0,1.0,0.0,2.0,0.0,0.0,22.0,4.0,18.0,1.0,1.0,84.0,1.0,1.0,0.0,0.0,0.0,0.0,1.0,0.0,0.0,1.0,0.0,1.0,0.0,0.0,0.0,1.0,0.0,0.0,0.0,0.0,0.0,0.0,1.0,0.0,0.0,0.0,0.0,0.0,0.0,0.0,0.0,0.0,0.0,0.0,0.0,0.0,0.0,0.0,0.0,0.0,64.0,31.0,235.0,23.0,16.0,27.0,0.0,4.0,115.0,169.0,72.0,21.0,6.0,9.0,9.0,387.0,6.0,390.0,186.0,210.0,255.0,118.0,23.0,232.0,141.0,23.0,6.0,256.0,134.0,6.0,51.0,214.0,97.0,28.0,3.0,42.0,90.0,124.0,75.0,62.0,359.0,23.0,8.0,5.0,1.0,348.0,42.0,6.0,13.0,73.0,64.0,79.0,113.0,22.0,32.0,369.0,27.0,326.0,70.0,224.0,153.0,19.0,25.0,62.0,47.0,58.0,97.0,12.0,95.0,336.0,60.0,254.0,142.0,175.0,152.0,69.0,388.0,8.0,357.0,39.0,346.0,50.0,383.0,13.0,267.0,129.0,112.0,215.0,69.0,269.0,103.0,24.0,57.0,117.0,71.0,134.0,17.0,116.0,156.0,34.0,43.0,47.0,80.0,316.0,277.0,104.0,13.0,2.0,359.0,6.0,31.0,274.0,95.0,27.0,365.0,20.0,11.0,52.0,344.0,312.0,84.0,233.0,141.0,13.0,9.0,325.0,67.0,4.0,227.0,157.0,12.0,330.0,58.0,8.0,346.0,43.0,5.0,2.0,248.0,148.0,264.0,110.0,21.0,1.0,364.0,28.0,4.0,296.0,96.0,4.0,254.0,137.0,5.0,293.0,99.0,4.0,369.0,24.0,3.0,0.0,46.0,206.0,144.0,0.0,Não Atingiu a média
101,23062720,2017,1,2,2303,23016,23,2303709,230370905,2,1,2.0,1.0,1.0,0.0,0.0,0.0,0.0,0.0,0.0,0.0,0.0,1.0,0.0,1.0,1.0,1.0,1.0,0.0,0.0,1.0,0.0,0.0,0.0,1.0,0.0,0.0,1.0,0.0,0.0,0.0,0.0,0.0,1.0,1.0,1.0,1.0,0.0,1.0,0.0,1.0,1.0,1.0,0.0,1.0,0.0,0.0,0.0,1.0,0.0,0.0,0.0,1.0,0.0,0.0,1.0,1.0,0.0,1.0,0.0,0.0,0.0,1.0,0.0,0.0,10.0,10.0,0.0,0.0,0.0,0.0,0.0,0.0,0.0,0.0,0.0,0.0,0.0,0.0,1.0,0.0,0.0,0.0,0.0,0.0,0.0,0.0,0.0,0.0,0.0,0.0,0.0,45.0,6.0,39.0,1.0,1.0,63.0,1.0,0.0,0.0,0.0,1.0,0.0,0.0,0.0,0.0,1.0,1.0,1.0,0.0,0.0,0.0,1.0,0.0,0.0,0.0,0.0,0.0,0.0,1.0,0.0,0.0,0.0,0.0,0.0,0.0,0.0,0.0,0.0,0.0,0.0,0.0,0.0,0.0,0.0,0.0,0.0,32.0,16.0,89.0,3.0,1.0,5.0,0.0,1.0,34.0,57.0,24.0,14.0,4.0,12.0,4.0,142.0,2.0,144.0,73.0,73.0,111.0,33.0,2.0,100.0,42.0,4.0,2.0,115.0,29.0,6.0,26.0,68.0,33.0,13.0,2.0,16.0,29.0,40.0,30.0,29.0,138.0,8.0,0.0,0.0,0.0,107.0,33.0,6.0,4.0,38.0,24.0,21.0,37.0,2.0,20.0,135.0,11.0,111.0,35.0,69.0,67.0,10.0,17.0,24.0,22.0,9.0,33.0,2.0,39.0,115.0,31.0,75.0,71.0,73.0,45.0,28.0,138.0,8.0,127.0,19.0,109.0,37.0,141.0,5.0,84.0,62.0,42.0,82.0,22.0,101.0,42.0,3.0,25.0,38.0,26.0,53.0,4.0,53.0,46.0,15.0,11.0,21.0,27.0,119.0,91.0,44.0,8.0,3.0,138.0,2.0,6.0,92.0,44.0,10.0,116.0,24.0,6.0,32.0,114.0,116.0,30.0,112.0,30.0,3.0,1.0,122.0,23.0,1.0,76.0,68.0,2.0,135.0,9.0,2.0,141.0,4.0,0.0,1.0,70.0,76.0,94.0,48.0,3.0,1.0,134.0,10.0,2.0,106.0,37.0,3.0,86.0,58.0,2.0,120.0,23.0,3.0,130.0,10.0,2.0,4.0,36.0,73.0,37.0,0.0,Não Atingiu a média
102,23062738,2017,1,2,2303,23016,23,2303709,230370905,2,1,1.0,1.0,1.0,0.0,0.0,0.0,0.0,0.0,0.0,0.0,0.0,0.0,0.0,1.0,1.0,0.0,0.0,0.0,0.0,1.0,0.0,0.0,0.0,1.0,0.0,0.0,1.0,0.0,0.0,0.0,0.0,0.0,1.0,1.0,1.0,1.0,0.0,1.0,0.0,1.0,1.0,0.0,0.0,0.0,0.0,0.0,0.0,1.0,0.0,1.0,0.0,1.0,0.0,0.0,1.0,1.0,0.0,1.0,0.0,0.0,0.0,0.0,0.0,0.0,12.0,12.0,1.0,0.0,1.0,0.0,1.0,1.0,0.0,1.0,1.0,1.0,0.0,0.0,1.0,3.0,0.0,2.0,0.0,1.0,1.0,0.0,1.0,1.0,3.0,0.0,0.0,28.0,5.0,23.0,1.0,1.0,55.0,1.0,0.0,0.0,0.0,0.0,0.0,1.0,0.0,0.0,1.0,0.0,1.0,0.0,0.0,0.0,1.0,1.0,1.0,0.0,0.0,0.0,0.0,1.0,0.0,0.0,0.0,0.0,0.0,0.0,0.0,0.0,0.0,0.0,1.0,1.0,0.0,0.0,0.0,0.0,0.0,35.0,22.0,163.0,8.0,8.0,16.0,0.0,2.0,104.0,97.0,24.0,15.0,4.0,6.0,2.0,250.0,6.0,246.0,101.0,151.0,178.0,68.0,6.0,144.0,98.0,10.0,1.0,193.0,58.0,2.0,34.0,161.0,46.0,9.0,0.0,25.0,64.0,75.0,54.0,34.0,233.0,14.0,3.0,1.0,1.0,207.0,37.0,8.0,6.0,44.0,30.0,43.0,69.0,14.0,46.0,233.0,19.0,208.0,44.0,127.0,117.0,8.0,4.0,33.0,35.0,34.0,62.0,6.0,78.0,227.0,25.0,160.0,92.0,86.0,125.0,41.0,248.0,4.0,228.0,24.0,213.0,39.0,246.0,6.0,161.0,91.0,64.0,146.0,42.0,178.0,59.0,15.0,27.0,54.0,41.0,117.0,13.0,74.0,94.0,23.0,30.0,31.0,47.0,205.0,159.0,79.0,10.0,4.0,215.0,8.0,29.0,181.0,54.0,17.0,230.0,17.0,5.0,28.0,224.0,207.0,45.0,117.0,121.0,6.0,8.0,214.0,32.0,6.0,126.0,121.0,5.0,218.0,28.0,6.0,231.0,14.0,1.0,6.0,130.0,122.0,148.0,85.0,13.0,6.0,226.0,18.0,8.0,190.0,53.0,9.0,146.0,98.0,8.0,189.0,56.0,7.0,234.0,13.0,0.0,5.0,26.0,116.0,108.0,2.0,Não Atingiu a média
103,23004088,2017,1,2,2301,23001,23,2303907,230390705,2,1,1.0,1.0,1.0,0.0,0.0,0.0,0.0,0.0,0.0,0.0,0.0,0.0,0.0,1.0,1.0,0.0,0.0,0.0,0.0,1.0,0.0,0.0,0.0,0.0,0.0,1.0,1.0,0.0,0.0,0.0,0.0,0.0,1.0,1.0,1.0,1.0,0.0,0.0,1.0,1.0,1.0,1.0,1.0,1.0,0.0,0.0,0.0,1.0,0.0,1.0,0.0,1.0,1.0,0.0,1.0,1.0,0.0,1.0,0.0,0.0,0.0,0.0,0.0,0.0,7.0,7.0,1.0,0.0,0.0,0.0,1.0,0.0,1.0,1.0,1.0,1.0,0.0,1.0,1.0,1.0,0.0,0.0,0.0,1.0,0.0,2.0,4.0,4.0,4.0,0.0,1.0,27.0,6.0,21.0,1.0,1.0,49.0,1.0,0.0,0.0,0.0,0.0,0.0,1.0,0.0,0.0,1.0,0.0,1.0,0.0,0.0,0.0,1.0,1.0,0.0,0.0,0.0,0.0,0.0,1.0,0.0,0.0,0.0,0.0,0.0,0.0,0.0,0.0,0.0,0.0,1.0,0.0,0.0,0.0,0.0,0.0,0.0,14.0,10.0,80.0,3.0,0.0,9.0,0.0,1.0,25.0,58.0,13.0,8.0,6.0,5.0,8.0,108.0,3.0,113.0,96.0,20.0,109.0,7.0,0.0,98.0,17.0,1.0,7.0,99.0,10.0,2.0,23.0,57.0,30.0,4.0,0.0,12.0,22.0,33.0,27.0,22.0,111.0,4.0,1.0,0.0,0.0,95.0,18.0,3.0,8.0,28.0,25.0,12.0,12.0,8.0,23.0,89.0,27.0,73.0,43.0,76.0,35.0,5.0,19.0,23.0,19.0,7.0,9.0,2.0,37.0,75.0,41.0,51.0,65.0,76.0,31.0,9.0,111.0,5.0,103.0,13.0,99.0,17.0,109.0,7.0,87.0,29.0,43.0,66.0,7.0,77.0,34.0,5.0,41.0,36.0,10.0,23.0,6.0,50.0,33.0,9.0,5.0,19.0,18.0,98.0,75.0,35.0,4.0,2.0,113.0,1.0,2.0,74.0,35.0,7.0,104.0,10.0,2.0,45.0,71.0,96.0,20.0,69.0,45.0,2.0,0.0,106.0,8.0,2.0,73.0,43.0,0.0,102.0,14.0,0.0,107.0,8.0,1.0,0.0,78.0,38.0,63.0,48.0,5.0,0.0,111.0,5.0,0.0,98.0,18.0,0.0,88.0,28.0,0.0,87.0,29.0,0.0,110.0,6.0,0.0,0.0,43.0,60.0,13.0,0.0,Não Atingiu a média
104,23098775,2017,1,2,2304,23019,23,2303931,230393105,2,1,1.0,1.0,1.0,0.0,0.0,0.0,0.0,0.0,0.0,0.0,1.0,0.0,0.0,1.0,1.0,0.0,0.0,0.0,0.0,1.0,0.0,0.0,0.0,0.0,1.0,0.0,1.0,0.0,0.0,0.0,0.0,0.0,1.0,1.0,1.0,1.0,0.0,1.0,0.0,1.0,1.0,1.0,0.0,1.0,0.0,0.0,0.0,1.0,0.0,1.0,1.0,1.0,1.0,0.0,1.0,1.0,0.0,1.0,0.0,0.0,0.0,0.0,0.0,0.0,10.0,13.0,1.0,1.0,1.0,0.0,1.0,1.0,1.0,1.0,1.0,1.0,1.0,0.0,1.0,2.0,1.0,2.0,0.0,1.0,2.0,1.0,1.0,2.0,3.0,1.0,0.0,43.0,8.0,35.0,1.0,1.0,45.0,1.0,0.0,0.0,0.0,0.0,0.0,1.0,0.0,0.0,0.0,0.0,1.0,0.0,0.0,0.0,1.0,0.0,0.0,0.0,0.0,0.0,0.0,1.0,0.0,0.0,0.0,0.0,0.0,0.0,0.0,0.0,0.0,0.0,0.0,0.0,0.0,0.0,0.0,0.0,0.0,12.0,30.0,71.0,7.0,1.0,10.0,0.0,0.0,34.0,63.0,18.0,7.0,5.0,4.0,6.0,125.0,4.0,127.0,86.0,45.0,120.0,10.0,1.0,109.0,18.0,4.0,2.0,109.0,20.0,2.0,19.0,61.0,36.0,13.0,1.0,10.0,25.0,33.0,32.0,30.0,124.0,5.0,1.0,1.0,0.0,116.0,12.0,3.0,11.0,40.0,18.0,15.0,16.0,6.0,25.0,105.0,26.0,90.0,41.0,80.0,45.0,6.0,24.0,36.0,13.0,7.0,8.0,0.0,43.0,72.0,59.0,47.0,84.0,80.0,35.0,16.0,129.0,2.0,120.0,11.0,107.0,24.0,126.0,5.0,91.0,40.0,47.0,67.0,17.0,74.0,48.0,9.0,35.0,33.0,18.0,34.0,11.0,49.0,43.0,10.0,10.0,19.0,8.0,123.0,99.0,17.0,13.0,2.0,130.0,0.0,1.0,105.0,18.0,8.0,118.0,9.0,4.0,44.0,87.0,110.0,21.0,70.0,57.0,4.0,0.0,123.0,8.0,0.0,52.0,78.0,1.0,89.0,40.0,2.0,120.0,11.0,0.0,0.0,77.0,54.0,58.0,63.0,10.0,0.0,116.0,15.0,0.0,123.0,8.0,0.0,69.0,62.0,0.0,72.0,59.0,0.0,116.0,13.0,2.0,0.0,19.0,76.0,36.0,0.0,Não Atingiu a média
105,23085347,2017,1,2,2304,23018,23,2304103,230410305,2,1,1.0,1.0,1.0,0.0,0.0,0.0,0.0,0.0,0.0,0.0,1.0,0.0,0.0,1.0,1.0,0.0,0.0,0.0,0.0,1.0,0.0,0.0,0.0,1.0,1.0,0.0,1.0,0.0,0.0,0.0,0.0,0.0,1.0,1.0,1.0,0.0,0.0,1.0,0.0,1.0,1.0,1.0,0.0,1.0,0.0,0.0,0.0,1.0,0.0,1.0,0.0,0.0,0.0,0.0,1.0,0.0,0.0,1.0,1.0,0.0,0.0,0.0,0.0,0.0,7.0,25.0,1.0,0.0,1.0,0.0,1.0,1.0,1.0,1.0,1.0,1.0,0.0,1.0,1.0,4.0,0.0,1.0,0.0,2.0,1.0,1.0,1.0,1.0,1.0,0.0,1.0,20.0,5.0,15.0,1.0,1.0,53.0,1.0,0.0,0.0,0.0,0.0,0.0,1.0,0.0,0.0,1.0,0.0,1.0,0.0,0.0,0.0,1.0,0.0,0.0,0.0,0.0,0.0,1.0,1.0,0.0,0.0,0.0,0.0,0.0,0.0,0.0,0.0,0.0,0.0,0.0,0.0,0.0,0.0,0.0,0.0,0.0,16.0,13.0,56.0,7.0,9.0,9.0,1.0,1.0,30.0,41.0,10.0,10.0,5.0,12.0,5.0,105.0,2.0,108.0,72.0,38.0,99.0,11.0,0.0,89.0,19.0,2.0,5.0,95.0,10.0,2.0,27.0,67.0,10.0,4.0,2.0,10.0,28.0,34.0,20.0,16.0,100.0,7.0,0.0,3.0,0.0,91.0,16.0,3.0,14.0,28.0,23.0,14.0,14.0,0.0,17.0,84.0,26.0,73.0,37.0,62.0,44.0,4.0,21.0,27.0,19.0,7.0,7.0,1.0,28.0,64.0,46.0,50.0,60.0,74.0,22.0,14.0,107.0,3.0,99.0,11.0,93.0,17.0,105.0,5.0,85.0,25.0,31.0,68.0,11.0,74.0,32.0,4.0,30.0,23.0,12.0,31.0,14.0,36.0,33.0,8.0,16.0,17.0,23.0,87.0,54.0,43.0,11.0,2.0,105.0,1.0,4.0,68.0,28.0,14.0,90.0,12.0,8.0,34.0,76.0,91.0,19.0,68.0,37.0,4.0,1.0,98.0,10.0,2.0,71.0,35.0,4.0,92.0,15.0,3.0,102.0,7.0,1.0,0.0,78.0,32.0,58.0,46.0,5.0,1.0,98.0,12.0,0.0,92.0,15.0,3.0,74.0,33.0,3.0,78.0,29.0,3.0,102.0,7.0,1.0,0.0,21.0,43.0,37.0,9.0,Não Atingiu a média
106,23162961,2017,1,2,2307,23032,23,2304202,230420205,2,1,2.0,1.0,1.0,0.0,0.0,0.0,0.0,0.0,0.0,0.0,0.0,0.0,0.0,1.0,1.0,0.0,1.0,0.0,0.0,1.0,0.0,0.0,0.0,1.0,0.0,0.0,1.0,1.0,0.0,0.0,0.0,0.0,1.0,1.0,1.0,1.0,0.0,0.0,0.0,0.0,1.0,1.0,0.0,1.0,0.0,0.0,0.0,1.0,0.0,1.0,1.0,1.0,1.0,0.0,1.0,1.0,0.0,1.0,1.0,0.0,0.0,1.0,0.0,0.0,9.0,9.0,1.0,0.0,1.0,1.0,1.0,0.0,1.0,1.0,1.0,1.0,1.0,1.0,1.0,3.0,0.0,2.0,1.0,2.0,0.0,3.0,1.0,1.0,4.0,1.0,1.0,21.0,9.0,12.0,1.0,1.0,60.0,1.0,0.0,0.0,0.0,0.0,0.0,1.0,0.0,0.0,1.0,0.0,1.0,0.0,0.0,0.0,1.0,1.0,0.0,0.0,0.0,0.0,1.0,1.0,0.0,0.0,0.0,0.0,0.0,0.0,0.0,0.0,0.0,0.0,1.0,0.0,0.0,0.0,0.0,0.0,0.0,22.0,32.0,56.0,6.0,4.0,4.0,0.0,1.0,34.0,47.0,19.0,6.0,2.0,15.0,5.0,119.0,0.0,124.0,83.0,41.0,99.0,22.0,3.0,87.0,34.0,3.0,2.0,103.0,19.0,2.0,12.0,82.0,25.0,3.0,1.0,13.0,25.0,40.0,26.0,19.0,113.0,7.0,2.0,2.0,0.0,82.0,33.0,9.0,8.0,27.0,21.0,16.0,31.0,6.0,15.0,107.0,17.0,97.0,27.0,54.0,66.0,4.0,17.0,27.0,9.0,20.0,20.0,6.0,25.0,87.0,37.0,56.0,68.0,56.0,39.0,29.0,122.0,2.0,113.0,11.0,107.0,17.0,117.0,7.0,83.0,41.0,39.0,65.0,20.0,82.0,36.0,6.0,25.0,37.0,20.0,32.0,10.0,40.0,40.0,14.0,13.0,17.0,20.0,104.0,53.0,51.0,15.0,5.0,113.0,4.0,7.0,77.0,33.0,14.0,98.0,21.0,5.0,35.0,89.0,110.0,14.0,73.0,48.0,3.0,0.0,113.0,10.0,1.0,60.0,62.0,2.0,107.0,15.0,2.0,106.0,16.0,2.0,0.0,75.0,49.0,64.0,52.0,8.0,0.0,114.0,10.0,0.0,91.0,32.0,1.0,91.0,32.0,1.0,86.0,37.0,1.0,122.0,2.0,0.0,0.0,16.0,64.0,44.0,0.0,Não Atingiu a média
107,23242426,2017,1,2,2301,23002,23,2304236,230423605,2,1,1.0,1.0,1.0,0.0,0.0,0.0,0.0,0.0,0.0,0.0,0.0,0.0,0.0,1.0,1.0,0.0,0.0,0.0,0.0,1.0,0.0,0.0,0.0,0.0,1.0,0.0,1.0,0.0,0.0,0.0,0.0,0.0,1.0,1.0,1.0,1.0,1.0,1.0,0.0,1.0,1.0,1.0,0.0,1.0,0.0,0.0,0.0,1.0,0.0,0.0,1.0,1.0,0.0,0.0,1.0,1.0,0.0,1.0,0.0,0.0,0.0,0.0,0.0,0.0,10.0,10.0,1.0,0.0,0.0,0.0,0.0,0.0,1.0,1.0,1.0,1.0,0.0,1.0,1.0,1.0,0.0,0.0,0.0,0.0,0.0,3.0,1.0,1.0,10.0,0.0,2.0,41.0,6.0,25.0,1.0,0.0,54.0,1.0,1.0,0.0,0.0,0.0,0.0,1.0,0.0,0.0,1.0,0.0,1.0,0.0,0.0,0.0,1.0,1.0,1.0,0.0,0.0,0.0,0.0,1.0,0.0,0.0,0.0,0.0,0.0,0.0,0.0,0.0,0.0,1.0,1.0,1.0,0.0,0.0,0.0,0.0,0.0,31.0,12.0,134.0,10.0,5.0,15.0,0.0,1.0,76.0,95.0,17.0,7.0,2.0,9.0,6.0,201.0,7.0,200.0,137.0,70.0,162.0,44.0,1.0,120.0,82.0,5.0,4.0,167.0,36.0,1.0,9.0,84.0,96.0,17.0,0.0,25.0,60.0,56.0,37.0,29.0,193.0,11.0,2.0,1.0,0.0,174.0,23.0,10.0,13.0,59.0,32.0,33.0,14.0,15.0,41.0,156.0,51.0,140.0,67.0,127.0,73.0,7.0,19.0,42.0,34.0,16.0,13.0,4.0,79.0,126.0,81.0,93.0,114.0,141.0,50.0,16.0,199.0,8.0,188.0,19.0,174.0,33.0,203.0,4.0,150.0,57.0,55.0,129.0,23.0,126.0,69.0,12.0,42.0,59.0,44.0,56.0,6.0,60.0,77.0,20.0,18.0,32.0,23.0,184.0,116.0,75.0,11.0,5.0,204.0,1.0,2.0,178.0,23.0,6.0,186.0,19.0,2.0,48.0,159.0,160.0,47.0,122.0,71.0,14.0,0.0,180.0,26.0,1.0,111.0,96.0,0.0,179.0,26.0,2.0,193.0,11.0,3.0,0.0,132.0,75.0,108.0,82.0,13.0,4.0,190.0,14.0,3.0,159.0,45.0,3.0,145.0,59.0,3.0,176.0,28.0,3.0,186.0,15.0,3.0,3.0,26.0,124.0,57.0,0.0,Não Atingiu a média
108,23252650,2017,1,2,2301,23002,23,2304236,230423605,2,2,1.0,1.0,1.0,0.0,0.0,0.0,0.0,0.0,0.0,0.0,0.0,0.0,0.0,1.0,1.0,0.0,1.0,0.0,0.0,1.0,0.0,0.0,0.0,0.0,1.0,0.0,0.0,1.0,1.0,1.0,1.0,1.0,1.0,0.0,0.0,0.0,0.0,0.0,0.0,0.0,1.0,0.0,0.0,0.0,0.0,0.0,0.0,1.0,0.0,0.0,0.0,0.0,0.0,0.0,0.0,0.0,0.0,0.0,0.0,0.0,0.0,0.0,0.0,0.0,2.0,2.0,0.0,0.0,0.0,0.0,0.0,0.0,0.0,0.0,0.0,0.0,0.0,0.0,1.0,0.0,0.0,0.0,0.0,0.0,0.0,0.0,0.0,0.0,0.0,0.0,0.0,4.0,1.0,2.0,1.0,0.0,23.0,1.0,0.0,0.0,3.0,0.0,0.0,1.0,0.0,0.0,0.0,0.0,1.0,0.0,0.0,0.0,1.0,0.0,0.0,0.0,0.0,0.0,0.0,1.0,0.0,0.0,0.0,0.0,0.0,0.0,0.0,0.0,0.0,0.0,0.0,0.0,0.0,0.0,0.0,0.0,0.0,4.0,3.0,15.0,0.0,0.0,1.0,0.0,0.0,7.0,13.0,0.0,1.0,1.0,1.0,0.0,23.0,0.0,23.0,15.0,8.0,21.0,2.0,0.0,18.0,4.0,1.0,0.0,16.0,7.0,0.0,2.0,7.0,13.0,1.0,0.0,2.0,2.0,8.0,7.0,4.0,22.0,1.0,0.0,0.0,0.0,15.0,7.0,1.0,6.0,4.0,5.0,1.0,1.0,1.0,5.0,8.0,15.0,7.0,16.0,15.0,8.0,0.0,8.0,5.0,1.0,1.0,0.0,0.0,8.0,5.0,18.0,4.0,19.0,19.0,3.0,1.0,23.0,0.0,20.0,3.0,19.0,4.0,23.0,0.0,15.0,8.0,3.0,14.0,6.0,11.0,9.0,3.0,6.0,5.0,2.0,9.0,1.0,7.0,5.0,5.0,2.0,4.0,1.0,22.0,12.0,6.0,4.0,1.0,23.0,0.0,0.0,21.0,2.0,0.0,18.0,2.0,3.0,12.0,11.0,22.0,1.0,15.0,8.0,0.0,0.0,19.0,4.0,0.0,11.0,12.0,0.0,21.0,2.0,0.0,19.0,4.0,0.0,0.0,9.0,14.0,11.0,8.0,3.0,1.0,18.0,4.0,1.0,16.0,6.0,1.0,11.0,11.0,1.0,21.0,2.0,0.0,19.0,4.0,0.0,0.0,0.0,3.0,9.0,11.0,Não Atingiu a média
109,23064510,2017,1,2,2303,23016,23,2304285,230428505,2,1,1.0,1.0,1.0,0.0,0.0,0.0,0.0,0.0,0.0,0.0,1.0,0.0,0.0,1.0,1.0,0.0,1.0,0.0,0.0,1.0,0.0,0.0,0.0,1.0,0.0,0.0,1.0,0.0,0.0,0.0,0.0,0.0,1.0,1.0,1.0,1.0,0.0,0.0,0.0,0.0,1.0,0.0,1.0,1.0,0.0,0.0,0.0,0.0,0.0,0.0,0.0,1.0,0.0,0.0,1.0,0.0,0.0,0.0,0.0,0.0,0.0,0.0,0.0,0.0,10.0,10.0,0.0,0.0,0.0,0.0,1.0,1.0,0.0,0.0,0.0,0.0,0.0,0.0,1.0,0.0,0.0,0.0,0.0,2.0,2.0,0.0,0.0,0.0,0.0,0.0,0.0,18.0,6.0,12.0,1.0,1.0,45.0,1.0,0.0,0.0,0.0,0.0,0.0,1.0,0.0,0.0,0.0,0.0,1.0,0.0,0.0,0.0,1.0,1.0,0.0,0.0,0.0,0.0,0.0,1.0,0.0,0.0,0.0,0.0,0.0,0.0,0.0,0.0,0.0,0.0,1.0,0.0,0.0,0.0,0.0,0.0,0.0,12.0,5.0,64.0,8.0,3.0,14.0,0.0,0.0,29.0,51.0,12.0,5.0,3.0,6.0,3.0,103.0,1.0,105.0,56.0,50.0,70.0,28.0,8.0,75.0,29.0,2.0,0.0,68.0,38.0,1.0,15.0,51.0,29.0,10.0,1.0,5.0,16.0,34.0,31.0,19.0,90.0,10.0,3.0,1.0,2.0,84.0,18.0,4.0,5.0,28.0,12.0,12.0,28.0,5.0,16.0,92.0,14.0,84.0,22.0,67.0,34.0,5.0,10.0,21.0,10.0,14.0,20.0,2.0,29.0,82.0,24.0,59.0,47.0,66.0,31.0,9.0,103.0,3.0,90.0,16.0,86.0,20.0,101.0,5.0,67.0,39.0,36.0,52.0,18.0,63.0,34.0,9.0,31.0,26.0,14.0,30.0,5.0,39.0,37.0,7.0,7.0,16.0,31.0,75.0,61.0,40.0,4.0,1.0,102.0,1.0,3.0,63.0,32.0,11.0,82.0,21.0,3.0,36.0,70.0,82.0,24.0,61.0,37.0,7.0,1.0,81.0,23.0,2.0,60.0,43.0,3.0,86.0,17.0,3.0,92.0,11.0,1.0,2.0,70.0,36.0,46.0,45.0,11.0,4.0,92.0,9.0,5.0,71.0,31.0,4.0,72.0,29.0,5.0,71.0,29.0,6.0,76.0,24.0,3.0,3.0,36.0,55.0,15.0,0.0,Não Atingiu a média
110,23510986,2017,1,2,2303,23016,23,2304285,230428505,2,1,1.0,1.0,1.0,0.0,0.0,0.0,0.0,0.0,0.0,0.0,0.0,0.0,0.0,1.0,0.0,1.0,1.0,0.0,0.0,1.0,0.0,0.0,0.0,0.0,1.0,0.0,1.0,0.0,0.0,0.0,0.0,0.0,1.0,1.0,1.0,1.0,0.0,1.0,0.0,1.0,1.0,1.0,0.0,1.0,0.0,0.0,0.0,0.0,0.0,1.0,0.0,1.0,1.0,0.0,1.0,1.0,0.0,1.0,0.0,0.0,0.0,0.0,0.0,0.0,7.0,7.0,1.0,0.0,1.0,0.0,0.0,0.0,0.0,1.0,1.0,1.0,0.0,1.0,1.0,4.0,0.0,3.0,0.0,0.0,0.0,0.0,5.0,2.0,3.0,0.0,2.0,72.0,19.0,53.0,1.0,1.0,52.0,1.0,0.0,0.0,0.0,0.0,0.0,1.0,0.0,0.0,0.0,0.0,1.0,0.0,0.0,0.0,1.0,1.0,1.0,0.0,0.0,0.0,0.0,1.0,0.0,0.0,0.0,0.0,0.0,0.0,0.0,0.0,0.0,0.0,1.0,1.0,0.0,0.0,0.0,0.0,0.0,14.0,16.0,69.0,11.0,2.0,15.0,0.0,0.0,45.0,60.0,7.0,2.0,4.0,9.0,6.0,121.0,4.0,123.0,62.0,65.0,89.0,35.0,3.0,91.0,32.0,4.0,2.0,78.0,47.0,2.0,15.0,72.0,32.0,6.0,1.0,10.0,37.0,35.0,23.0,21.0,114.0,10.0,3.0,0.0,0.0,92.0,29.0,6.0,5.0,31.0,17.0,14.0,38.0,4.0,18.0,110.0,17.0,100.0,27.0,67.0,54.0,6.0,12.0,13.0,21.0,13.0,33.0,2.0,33.0,104.0,23.0,76.0,51.0,67.0,40.0,20.0,120.0,7.0,111.0,16.0,112.0,15.0,119.0,8.0,85.0,42.0,29.0,73.0,25.0,71.0,47.0,9.0,33.0,34.0,16.0,34.0,10.0,34.0,48.0,6.0,9.0,30.0,37.0,90.0,73.0,44.0,6.0,4.0,122.0,0.0,5.0,85.0,32.0,10.0,111.0,12.0,4.0,27.0,100.0,104.0,23.0,67.0,42.0,8.0,10.0,92.0,25.0,10.0,57.0,56.0,14.0,105.0,13.0,9.0,103.0,14.0,1.0,9.0,68.0,59.0,65.0,43.0,13.0,6.0,106.0,14.0,7.0,88.0,31.0,8.0,75.0,43.0,9.0,99.0,22.0,6.0,112.0,9.0,3.0,3.0,24.0,80.0,23.0,0.0,Não Atingiu a média
111,23065273,2017,1,2,2303,23016,23,2304400,230440005,2,1,1.0,1.0,1.0,0.0,0.0,0.0,0.0,0.0,0.0,0.0,0.0,0.0,0.0,1.0,1.0,0.0,0.0,0.0,0.0,1.0,0.0,0.0,0.0,1.0,1.0,0.0,1.0,0.0,0.0,0.0,0.0,0.0,1.0,1.0,1.0,0.0,0.0,1.0,0.0,1.0,1.0,1.0,0.0,1.0,0.0,0.0,0.0,0.0,0.0,0.0,0.0,1.0,0.0,0.0,1.0,1.0,0.0,0.0,0.0,0.0,0.0,0.0,0.0,0.0,26.0,26.0,1.0,0.0,0.0,0.0,0.0,0.0,1.0,1.0,0.0,1.0,0.0,0.0,1.0,3.0,0.0,0.0,0.0,0.0,0.0,2.0,1.0,0.0,1.0,0.0,0.0,46.0,6.0,40.0,1.0,1.0,75.0,1.0,0.0,0.0,0.0,0.0,0.0,1.0,0.0,0.0,1.0,0.0,1.0,0.0,0.0,0.0,1.0,0.0,0.0,0.0,0.0,0.0,1.0,1.0,0.0,0.0,0.0,0.0,0.0,0.0,0.0,0.0,0.0,0.0,0.0,0.0,0.0,0.0,0.0,0.0,0.0,8.0,23.0,49.0,5.0,1.0,3.0,0.0,0.0,11.0,31.0,16.0,15.0,2.0,14.0,6.0,83.0,1.0,88.0,43.0,46.0,72.0,16.0,1.0,60.0,22.0,7.0,1.0,77.0,11.0,5.0,24.0,45.0,15.0,0.0,0.0,11.0,23.0,31.0,11.0,13.0,74.0,12.0,2.0,1.0,0.0,65.0,23.0,1.0,4.0,27.0,12.0,15.0,17.0,1.0,13.0,74.0,15.0,60.0,29.0,34.0,52.0,3.0,7.0,17.0,14.0,14.0,16.0,1.0,20.0,69.0,20.0,47.0,42.0,30.0,25.0,34.0,80.0,9.0,75.0,14.0,75.0,14.0,81.0,8.0,53.0,36.0,18.0,57.0,14.0,62.0,22.0,5.0,12.0,22.0,17.0,31.0,7.0,26.0,40.0,9.0,8.0,6.0,25.0,64.0,35.0,43.0,6.0,5.0,83.0,1.0,5.0,48.0,30.0,11.0,66.0,14.0,9.0,24.0,65.0,78.0,11.0,55.0,27.0,6.0,1.0,72.0,17.0,0.0,49.0,39.0,1.0,79.0,10.0,0.0,73.0,11.0,3.0,2.0,53.0,36.0,53.0,29.0,6.0,1.0,81.0,7.0,1.0,67.0,22.0,0.0,63.0,26.0,0.0,68.0,21.0,0.0,76.0,12.0,1.0,0.0,11.0,50.0,27.0,1.0,Não Atingiu a média
112,23067268,2017,1,2,2303,23016,23,2304400,230440005,2,1,1.0,1.0,1.0,0.0,0.0,0.0,0.0,0.0,0.0,0.0,0.0,0.0,0.0,1.0,1.0,0.0,0.0,0.0,0.0,1.0,0.0,0.0,0.0,1.0,1.0,0.0,1.0,0.0,0.0,0.0,0.0,0.0,0.0,1.0,0.0,0.0,0.0,0.0,0.0,0.0,1.0,0.0,0.0,0.0,0.0,0.0,0.0,0.0,0.0,0.0,0.0,0.0,1.0,0.0,1.0,1.0,0.0,1.0,0.0,0.0,0.0,0.0,0.0,0.0,10.0,10.0,0.0,0.0,0.0,0.0,0.0,0.0,0.0,0.0,0.0,0.0,0.0,0.0,1.0,0.0,0.0,0.0,0.0,0.0,0.0,0.0,0.0,0.0,0.0,0.0,0.0,12.0,0.0,12.0,1.0,0.0,70.0,1.0,0.0,0.0,0.0,0.0,0.0,1.0,0.0,0.0,0.0,0.0,1.0,0.0,0.0,0.0,1.0,0.0,0.0,0.0,0.0,0.0,1.0,1.0,0.0,0.0,0.0,0.0,0.0,0.0,0.0,0.0,0.0,0.0,0.0,0.0,0.0,0.0,0.0,0.0,0.0,4.0,2.0,26.0,4.0,3.0,2.0,0.0,0.0,8.0,17.0,6.0,2.0,2.0,6.0,1.0,40.0,1.0,40.0,16.0,25.0,31.0,9.0,1.0,23.0,14.0,4.0,1.0,29.0,11.0,3.0,12.0,16.0,7.0,3.0,2.0,6.0,8.0,10.0,8.0,7.0,40.0,1.0,0.0,0.0,0.0,32.0,6.0,3.0,1.0,7.0,7.0,10.0,11.0,2.0,3.0,40.0,1.0,37.0,4.0,13.0,27.0,1.0,2.0,5.0,5.0,4.0,17.0,1.0,7.0,36.0,5.0,25.0,16.0,8.0,24.0,9.0,41.0,0.0,40.0,1.0,34.0,7.0,41.0,0.0,28.0,13.0,12.0,26.0,3.0,33.0,8.0,0.0,8.0,8.0,6.0,17.0,2.0,13.0,20.0,3.0,2.0,3.0,16.0,25.0,22.0,15.0,3.0,1.0,34.0,2.0,5.0,22.0,15.0,4.0,35.0,4.0,2.0,4.0,37.0,36.0,5.0,20.0,21.0,0.0,0.0,36.0,5.0,0.0,22.0,18.0,1.0,38.0,2.0,1.0,37.0,4.0,0.0,0.0,21.0,20.0,18.0,20.0,3.0,0.0,40.0,1.0,0.0,30.0,11.0,0.0,31.0,10.0,0.0,35.0,6.0,0.0,37.0,4.0,0.0,0.0,5.0,20.0,16.0,0.0,Não Atingiu a média
113,23067918,2017,1,2,2303,23016,23,2304400,230440005,2,1,2.0,1.0,1.0,0.0,0.0,0.0,0.0,0.0,0.0,0.0,0.0,0.0,0.0,1.0,1.0,0.0,0.0,0.0,0.0,1.0,0.0,0.0,0.0,1.0,1.0,0.0,1.0,0.0,0.0,0.0,0.0,0.0,1.0,1.0,1.0,0.0,0.0,1.0,0.0,1.0,1.0,1.0,0.0,1.0,0.0,0.0,0.0,1.0,0.0,1.0,1.0,1.0,0.0,0.0,1.0,1.0,0.0,1.0,0.0,0.0,0.0,0.0,0.0,0.0,13.0,10.0,1.0,0.0,0.0,0.0,1.0,1.0,1.0,0.0,1.0,0.0,0.0,1.0,1.0,1.0,0.0,0.0,0.0,1.0,2.0,1.0,0.0,3.0,0.0,0.0,1.0,28.0,8.0,20.0,1.0,1.0,84.0,1.0,0.0,0.0,0.0,0.0,0.0,1.0,0.0,0.0,1.0,0.0,1.0,0.0,0.0,1.0,1.0,1.0,1.0,0.0,0.0,0.0,1.0,1.0,0.0,0.0,0.0,0.0,0.0,0.0,0.0,0.0,0.0,0.0,1.0,1.0,1.0,0.0,0.0,0.0,0.0,17.0,10.0,81.0,8.0,4.0,3.0,0.0,2.0,38.0,55.0,19.0,3.0,4.0,2.0,3.0,120.0,1.0,122.0,42.0,81.0,78.0,37.0,8.0,63.0,44.0,16.0,1.0,70.0,52.0,0.0,16.0,62.0,36.0,9.0,1.0,18.0,30.0,26.0,32.0,16.0,117.0,4.0,0.0,2.0,0.0,96.0,23.0,4.0,1.0,16.0,18.0,33.0,30.0,9.0,16.0,118.0,5.0,99.0,24.0,58.0,58.0,7.0,4.0,14.0,18.0,18.0,34.0,7.0,28.0,111.0,12.0,72.0,51.0,40.0,51.0,32.0,118.0,5.0,98.0,25.0,89.0,34.0,117.0,6.0,65.0,58.0,39.0,60.0,24.0,84.0,36.0,3.0,20.0,30.0,22.0,47.0,4.0,52.0,37.0,11.0,4.0,19.0,54.0,69.0,74.0,42.0,6.0,1.0,99.0,1.0,23.0,83.0,30.0,10.0,111.0,11.0,1.0,13.0,110.0,108.0,15.0,43.0,71.0,6.0,3.0,101.0,16.0,6.0,62.0,54.0,7.0,105.0,14.0,4.0,83.0,33.0,3.0,4.0,57.0,66.0,27.0,63.0,20.0,13.0,98.0,14.0,11.0,83.0,27.0,13.0,68.0,42.0,13.0,87.0,24.0,12.0,68.0,35.0,5.0,15.0,10.0,61.0,51.0,1.0,Não Atingiu a média
114,23068566,2017,1,2,2303,23016,23,2304400,230440005,2,1,2.0,1.0,1.0,0.0,0.0,0.0,0.0,0.0,0.0,0.0,0.0,0.0,0.0,1.0,1.0,0.0,0.0,0.0,0.0,1.0,0.0,0.0,0.0,1.0,0.0,0.0,1.0,0.0,0.0,0.0,0.0,0.0,1.0,1.0,1.0,1.0,0.0,1.0,0.0,1.0,1.0,1.0,0.0,1.0,0.0,0.0,0.0,1.0,0.0,1.0,0.0,1.0,0.0,0.0,0.0,1.0,1.0,1.0,0.0,0.0,0.0,0.0,0.0,0.0,16.0,16.0,0.0,0.0,0.0,0.0,0.0,0.0,0.0,0.0,0.0,0.0,0.0,0.0,1.0,0.0,0.0,0.0,0.0,0.0,0.0,0.0,0.0,0.0,0.0,0.0,0.0,15.0,3.0,12.0,1.0,1.0,46.0,1.0,0.0,0.0,0.0,0.0,0.0,1.0,0.0,0.0,0.0,0.0,1.0,0.0,0.0,0.0,1.0,0.0,0.0,0.0,0.0,0.0,0.0,1.0,0.0,0.0,0.0,0.0,0.0,0.0,0.0,0.0,0.0,0.0,0.0,0.0,0.0,0.0,0.0,0.0,0.0,16.0,14.0,122.0,7.0,3.0,16.0,0.0,0.0,41.0,63.0,30.0,14.0,9.0,21.0,7.0,171.0,1.0,177.0,92.0,86.0,132.0,42.0,4.0,105.0,66.0,7.0,3.0,133.0,42.0,4.0,35.0,97.0,32.0,10.0,1.0,29.0,44.0,46.0,28.0,30.0,159.0,16.0,2.0,1.0,0.0,138.0,37.0,3.0,6.0,42.0,35.0,37.0,40.0,3.0,15.0,161.0,17.0,133.0,45.0,75.0,101.0,2.0,11.0,32.0,25.0,27.0,31.0,4.0,48.0,148.0,30.0,98.0,80.0,68.0,76.0,34.0,166.0,12.0,154.0,24.0,144.0,34.0,167.0,11.0,112.0,66.0,43.0,112.0,23.0,123.0,52.0,3.0,27.0,53.0,25.0,63.0,10.0,60.0,69.0,13.0,20.0,16.0,41.0,137.0,84.0,77.0,16.0,1.0,158.0,6.0,14.0,100.0,53.0,25.0,135.0,33.0,10.0,25.0,153.0,146.0,32.0,100.0,70.0,5.0,3.0,143.0,29.0,6.0,105.0,69.0,4.0,154.0,19.0,5.0,157.0,18.0,1.0,2.0,118.0,60.0,84.0,82.0,8.0,4.0,165.0,8.0,5.0,119.0,55.0,4.0,115.0,59.0,4.0,136.0,38.0,4.0,154.0,19.0,2.0,3.0,19.0,88.0,71.0,0.0,Não Atingiu a média
115,23068710,2017,1,2,2303,23016,23,2304400,230440005,2,1,1.0,1.0,1.0,0.0,0.0,0.0,0.0,0.0,0.0,0.0,0.0,1.0,0.0,1.0,1.0,0.0,0.0,0.0,0.0,1.0,0.0,0.0,0.0,1.0,0.0,0.0,1.0,0.0,0.0,0.0,0.0,0.0,1.0,1.0,1.0,0.0,0.0,0.0,0.0,0.0,1.0,0.0,0.0,0.0,0.0,0.0,0.0,1.0,0.0,1.0,1.0,1.0,0.0,0.0,1.0,0.0,0.0,1.0,0.0,0.0,0.0,1.0,0.0,0.0,13.0,6.0,0.0,0.0,0.0,0.0,0.0,0.0,0.0,0.0,0.0,0.0,0.0,0.0,1.0,0.0,0.0,0.0,0.0,0.0,0.0,0.0,0.0,0.0,0.0,0.0,0.0,30.0,5.0,20.0,1.0,1.0,84.0,1.0,0.0,0.0,0.0,0.0,0.0,1.0,0.0,0.0,1.0,0.0,1.0,0.0,0.0,0.0,1.0,0.0,0.0,0.0,0.0,0.0,1.0,1.0,0.0,0.0,0.0,0.0,0.0,0.0,0.0,0.0,0.0,0.0,0.0,0.0,0.0,0.0,0.0,0.0,0.0,6.0,12.0,41.0,0.0,0.0,6.0,0.0,0.0,12.0,22.0,10.0,4.0,6.0,11.0,3.0,62.0,1.0,64.0,36.0,29.0,52.0,13.0,0.0,50.0,11.0,4.0,1.0,51.0,13.0,3.0,18.0,33.0,8.0,3.0,1.0,9.0,15.0,16.0,14.0,10.0,60.0,3.0,0.0,1.0,1.0,46.0,16.0,3.0,4.0,19.0,12.0,9.0,13.0,1.0,7.0,55.0,10.0,49.0,16.0,23.0,39.0,3.0,5.0,10.0,11.0,8.0,9.0,1.0,21.0,51.0,14.0,37.0,28.0,22.0,23.0,20.0,60.0,5.0,55.0,10.0,49.0,16.0,62.0,3.0,40.0,25.0,18.0,41.0,6.0,44.0,17.0,4.0,13.0,18.0,14.0,16.0,4.0,17.0,18.0,8.0,8.0,14.0,20.0,45.0,29.0,23.0,11.0,2.0,58.0,0.0,7.0,42.0,17.0,6.0,51.0,5.0,9.0,13.0,52.0,55.0,10.0,46.0,18.0,1.0,0.0,58.0,5.0,2.0,42.0,20.0,3.0,58.0,5.0,2.0,60.0,4.0,1.0,0.0,38.0,27.0,38.0,24.0,3.0,0.0,63.0,2.0,0.0,52.0,13.0,0.0,47.0,18.0,0.0,44.0,20.0,1.0,49.0,14.0,2.0,0.0,7.0,36.0,18.0,4.0,Não Atingiu a média
116,23068914,2017,1,2,2303,23016,23,2304400,230440005,2,1,2.0,1.0,1.0,0.0,0.0,0.0,0.0,0.0,0.0,0.0,0.0,0.0,0.0,1.0,1.0,0.0,0.0,0.0,0.0,1.0,0.0,0.0,0.0,1.0,0.0,0.0,1.0,0.0,0.0,0.0,0.0,0.0,1.0,1.0,1.0,1.0,0.0,0.0,0.0,0.0,1.0,1.0,1.0,1.0,0.0,0.0,0.0,1.0,0.0,1.0,1.0,1.0,1.0,0.0,1.0,1.0,1.0,1.0,0.0,0.0,0.0,1.0,1.0,0.0,10.0,10.0,1.0,0.0,1.0,1.0,1.0,0.0,1.0,1.0,1.0,1.0,1.0,1.0,1.0,2.0,0.0,1.0,1.0,1.0,0.0,2.0,1.0,1.0,2.0,1.0,2.0,24.0,4.0,20.0,1.0,1.0,75.0,1.0,0.0,0.0,0.0,0.0,0.0,1.0,0.0,0.0,1.0,0.0,1.0,0.0,0.0,0.0,1.0,0.0,0.0,0.0,0.0,0.0,1.0,1.0,0.0,0.0,0.0,0.0,0.0,0.0,0.0,0.0,0.0,0.0,0.0,0.0,0.0,0.0,0.0,0.0,0.0,9.0,8.0,65.0,7.0,3.0,7.0,0.0,1.0,20.0,43.0,21.0,7.0,2.0,5.0,4.0,95.0,2.0,97.0,48.0,51.0,75.0,24.0,0.0,61.0,33.0,5.0,0.0,76.0,23.0,3.0,25.0,47.0,23.0,1.0,0.0,13.0,25.0,26.0,21.0,14.0,93.0,3.0,1.0,2.0,0.0,80.0,15.0,4.0,3.0,19.0,21.0,21.0,18.0,1.0,16.0,84.0,15.0,70.0,29.0,45.0,50.0,4.0,5.0,17.0,19.0,13.0,15.0,2.0,28.0,83.0,16.0,47.0,52.0,52.0,30.0,17.0,98.0,1.0,87.0,12.0,75.0,24.0,96.0,3.0,52.0,47.0,26.0,51.0,22.0,69.0,27.0,3.0,10.0,26.0,20.0,41.0,2.0,28.0,44.0,7.0,9.0,11.0,18.0,81.0,44.0,43.0,10.0,2.0,94.0,2.0,3.0,57.0,28.0,14.0,85.0,11.0,3.0,18.0,81.0,77.0,22.0,56.0,39.0,4.0,0.0,87.0,11.0,1.0,52.0,46.0,1.0,80.0,19.0,0.0,88.0,11.0,0.0,0.0,52.0,47.0,51.0,41.0,6.0,1.0,93.0,5.0,1.0,74.0,24.0,1.0,53.0,45.0,1.0,70.0,29.0,0.0,85.0,12.0,1.0,1.0,11.0,48.0,40.0,0.0,Não Atingiu a média
117,23068973,2017,1,2,2303,23016,23,2304400,230440005,2,1,1.0,1.0,3.0,0.0,0.0,0.0,0.0,0.0,0.0,0.0,0.0,0.0,0.0,1.0,1.0,0.0,0.0,0.0,0.0,1.0,0.0,0.0,0.0,1.0,0.0,0.0,1.0,0.0,0.0,0.0,0.0,0.0,1.0,1.0,1.0,0.0,0.0,0.0,0.0,0.0,1.0,0.0,0.0,0.0,0.0,0.0,0.0,0.0,0.0,0.0,0.0,1.0,0.0,0.0,0.0,1.0,0.0,0.0,0.0,0.0,0.0,0.0,0.0,0.0,12.0,12.0,1.0,0.0,0.0,0.0,0.0,0.0,1.0,0.0,0.0,1.0,0.0,0.0,1.0,1.0,0.0,0.0,0.0,0.0,0.0,1.0,0.0,0.0,2.0,0.0,0.0,14.0,3.0,11.0,1.0,1.0,76.0,1.0,0.0,0.0,0.0,0.0,0.0,1.0,0.0,0.0,0.0,0.0,1.0,0.0,0.0,0.0,1.0,0.0,0.0,0.0,0.0,0.0,1.0,1.0,0.0,0.0,0.0,0.0,0.0,0.0,0.0,0.0,0.0,0.0,0.0,0.0,0.0,0.0,0.0,0.0,0.0,15.0,4.0,21.0,1.0,0.0,6.0,0.0,0.0,10.0,20.0,9.0,4.0,0.0,4.0,2.0,45.0,2.0,45.0,17.0,30.0,39.0,7.0,1.0,29.0,16.0,2.0,0.0,36.0,11.0,2.0,14.0,20.0,9.0,2.0,3.0,4.0,9.0,19.0,5.0,7.0,42.0,4.0,0.0,1.0,0.0,30.0,14.0,3.0,2.0,6.0,10.0,4.0,17.0,2.0,6.0,42.0,5.0,37.0,10.0,17.0,27.0,3.0,3.0,5.0,7.0,4.0,11.0,2.0,15.0,40.0,7.0,24.0,23.0,15.0,16.0,16.0,45.0,2.0,39.0,8.0,40.0,7.0,44.0,3.0,33.0,14.0,15.0,25.0,7.0,32.0,14.0,1.0,8.0,12.0,6.0,17.0,4.0,10.0,22.0,5.0,7.0,3.0,22.0,25.0,22.0,20.0,4.0,1.0,43.0,2.0,2.0,28.0,13.0,6.0,37.0,8.0,2.0,3.0,44.0,43.0,4.0,27.0,17.0,2.0,1.0,39.0,6.0,2.0,29.0,15.0,3.0,42.0,2.0,3.0,36.0,8.0,1.0,2.0,32.0,15.0,21.0,23.0,1.0,2.0,43.0,2.0,2.0,40.0,6.0,1.0,37.0,9.0,1.0,42.0,4.0,1.0,36.0,10.0,0.0,1.0,10.0,15.0,22.0,0.0,Não Atingiu a média
118,23069163,2017,1,2,2303,23016,23,2304400,230440005,2,1,2.0,1.0,1.0,0.0,0.0,0.0,0.0,0.0,0.0,0.0,0.0,0.0,0.0,1.0,1.0,0.0,0.0,0.0,0.0,1.0,0.0,0.0,0.0,1.0,1.0,0.0,1.0,0.0,0.0,0.0,0.0,0.0,1.0,1.0,1.0,1.0,0.0,1.0,0.0,1.0,1.0,0.0,1.0,1.0,0.0,0.0,0.0,1.0,0.0,0.0,0.0,1.0,0.0,0.0,1.0,1.0,1.0,1.0,0.0,0.0,0.0,0.0,0.0,0.0,14.0,14.0,1.0,0.0,0.0,0.0,0.0,0.0,1.0,1.0,1.0,1.0,0.0,1.0,1.0,2.0,0.0,0.0,0.0,0.0,0.0,2.0,1.0,1.0,2.0,0.0,3.0,39.0,8.0,31.0,1.0,1.0,65.0,1.0,0.0,0.0,0.0,0.0,0.0,1.0,0.0,0.0,1.0,0.0,1.0,0.0,0.0,0.0,1.0,1.0,1.0,0.0,0.0,0.0,1.0,1.0,0.0,0.0,0.0,0.0,0.0,0.0,0.0,0.0,0.0,0.0,1.0,1.0,0.0,0.0,0.0,0.0,0.0,13.0,11.0,65.0,7.0,2.0,9.0,1.0,3.0,25.0,57.0,14.0,2.0,3.0,2.0,4.0,103.0,2.0,105.0,54.0,53.0,90.0,15.0,2.0,63.0,38.0,6.0,0.0,87.0,20.0,2.0,21.0,63.0,19.0,2.0,0.0,14.0,24.0,28.0,24.0,17.0,99.0,8.0,0.0,0.0,0.0,89.0,14.0,4.0,6.0,28.0,21.0,19.0,15.0,0.0,18.0,95.0,12.0,79.0,28.0,57.0,43.0,7.0,10.0,24.0,12.0,13.0,14.0,2.0,32.0,84.0,23.0,58.0,49.0,49.0,42.0,16.0,104.0,3.0,96.0,11.0,93.0,14.0,104.0,3.0,74.0,33.0,21.0,67.0,19.0,64.0,40.0,3.0,19.0,27.0,18.0,36.0,7.0,30.0,45.0,8.0,10.0,14.0,21.0,86.0,68.0,34.0,5.0,0.0,100.0,1.0,6.0,78.0,25.0,4.0,96.0,10.0,1.0,17.0,90.0,92.0,15.0,62.0,40.0,4.0,1.0,87.0,18.0,2.0,61.0,44.0,2.0,93.0,13.0,1.0,90.0,16.0,0.0,1.0,51.0,56.0,43.0,55.0,7.0,2.0,100.0,5.0,2.0,81.0,23.0,3.0,63.0,41.0,3.0,74.0,32.0,1.0,91.0,12.0,1.0,3.0,18.0,54.0,35.0,0.0,Não Atingiu a média
119,23069244,2017,1,2,2303,23016,23,2304400,230440005,2,1,2.0,1.0,1.0,0.0,0.0,0.0,0.0,0.0,0.0,0.0,0.0,0.0,0.0,1.0,1.0,0.0,0.0,0.0,0.0,1.0,0.0,0.0,0.0,1.0,0.0,0.0,1.0,0.0,0.0,0.0,0.0,0.0,1.0,1.0,1.0,1.0,0.0,1.0,0.0,1.0,1.0,1.0,0.0,1.0,0.0,0.0,0.0,1.0,0.0,1.0,0.0,1.0,0.0,0.0,0.0,1.0,0.0,1.0,0.0,0.0,0.0,0.0,0.0,0.0,15.0,15.0,1.0,0.0,1.0,0.0,1.0,0.0,1.0,1.0,1.0,1.0,0.0,0.0,1.0,6.0,0.0,2.0,0.0,1.0,0.0,1.0,1.0,2.0,2.0,0.0,0.0,20.0,4.0,16.0,1.0,1.0,67.0,1.0,0.0,0.0,0.0,0.0,0.0,1.0,0.0,0.0,0.0,0.0,1.0,0.0,0.0,0.0,1.0,0.0,0.0,0.0,0.0,0.0,0.0,1.0,0.0,0.0,0.0,0.0,0.0,0.0,0.0,0.0,0.0,0.0,0.0,0.0,0.0,0.0,0.0,0.0,0.0,29.0,16.0,104.0,15.0,4.0,13.0,0.0,1.0,41.0,89.0,25.0,14.0,2.0,9.0,6.0,175.0,2.0,179.0,79.0,102.0,126.0,49.0,6.0,101.0,69.0,11.0,0.0,118.0,63.0,3.0,31.0,100.0,35.0,12.0,0.0,31.0,52.0,56.0,20.0,22.0,168.0,13.0,0.0,0.0,0.0,152.0,23.0,6.0,5.0,28.0,29.0,36.0,58.0,8.0,17.0,164.0,17.0,125.0,56.0,83.0,91.0,7.0,9.0,21.0,18.0,24.0,46.0,10.0,53.0,152.0,29.0,93.0,88.0,45.0,66.0,70.0,175.0,6.0,146.0,35.0,139.0,42.0,175.0,6.0,97.0,84.0,44.0,92.0,45.0,130.0,47.0,4.0,30.0,45.0,31.0,71.0,4.0,64.0,53.0,19.0,19.0,26.0,64.0,117.0,84.0,85.0,10.0,2.0,156.0,4.0,21.0,118.0,52.0,11.0,158.0,16.0,7.0,22.0,159.0,131.0,50.0,83.0,71.0,9.0,18.0,128.0,28.0,25.0,91.0,65.0,25.0,145.0,14.0,22.0,113.0,39.0,6.0,23.0,111.0,70.0,95.0,68.0,13.0,5.0,166.0,10.0,5.0,109.0,67.0,5.0,112.0,64.0,5.0,132.0,43.0,6.0,142.0,30.0,3.0,6.0,9.0,94.0,77.0,1.0,Não Atingiu a média
120,23069430,2017,1,2,2303,23016,23,2304400,230440005,2,1,1.0,1.0,1.0,0.0,0.0,0.0,0.0,0.0,0.0,0.0,0.0,0.0,0.0,1.0,1.0,0.0,0.0,0.0,0.0,1.0,0.0,0.0,0.0,0.0,1.0,0.0,1.0,0.0,0.0,0.0,0.0,0.0,1.0,1.0,1.0,0.0,0.0,1.0,0.0,1.0,1.0,1.0,0.0,1.0,0.0,0.0,0.0,0.0,0.0,0.0,0.0,0.0,0.0,0.0,1.0,1.0,0.0,1.0,0.0,0.0,0.0,0.0,0.0,0.0,18.0,19.0,0.0,0.0,0.0,0.0,0.0,0.0,0.0,0.0,0.0,0.0,0.0,0.0,1.0,0.0,0.0,0.0,0.0,0.0,0.0,0.0,0.0,0.0,0.0,0.0,0.0,27.0,7.0,20.0,1.0,1.0,116.0,1.0,0.0,0.0,0.0,0.0,0.0,1.0,0.0,0.0,1.0,0.0,1.0,0.0,0.0,0.0,1.0,1.0,0.0,0.0,0.0,0.0,0.0,1.0,0.0,0.0,0.0,0.0,0.0,0.0,0.0,0.0,0.0,0.0,1.0,0.0,0.0,0.0,0.0,0.0,0.0,58.0,47.0,253.0,16.0,3.0,19.0,1.0,3.0,147.0,168.0,46.0,14.0,10.0,7.0,13.0,383.0,4.0,392.0,133.0,263.0,216.0,164.0,16.0,192.0,176.0,28.0,2.0,235.0,159.0,2.0,49.0,208.0,116.0,21.0,2.0,45.0,97.0,151.0,74.0,27.0,374.0,17.0,2.0,1.0,2.0,356.0,28.0,12.0,7.0,48.0,72.0,55.0,142.0,39.0,33.0,374.0,22.0,313.0,83.0,243.0,138.0,15.0,12.0,47.0,62.0,49.0,136.0,21.0,69.0,354.0,42.0,239.0,157.0,159.0,149.0,88.0,387.0,9.0,346.0,50.0,325.0,71.0,388.0,8.0,266.0,130.0,122.0,202.0,72.0,300.0,90.0,6.0,46.0,104.0,86.0,154.0,6.0,162.0,135.0,27.0,18.0,54.0,79.0,317.0,212.0,163.0,19.0,2.0,342.0,10.0,44.0,273.0,90.0,33.0,365.0,22.0,9.0,25.0,371.0,299.0,97.0,180.0,179.0,28.0,9.0,319.0,58.0,19.0,217.0,161.0,18.0,367.0,16.0,13.0,282.0,93.0,7.0,14.0,198.0,198.0,154.0,185.0,39.0,18.0,356.0,24.0,16.0,278.0,99.0,19.0,237.0,139.0,20.0,336.0,43.0,17.0,249.0,102.0,22.0,23.0,61.0,210.0,124.0,1.0,Não Atingiu a média
121,23069457,2017,1,2,2303,23016,23,2304400,230440005,2,1,2.0,1.0,1.0,0.0,0.0,0.0,0.0,0.0,0.0,0.0,0.0,0.0,0.0,1.0,1.0,0.0,0.0,0.0,0.0,1.0,0.0,0.0,0.0,0.0,1.0,0.0,1.0,0.0,0.0,0.0,0.0,0.0,1.0,1.0,1.0,0.0,0.0,1.0,0.0,1.0,1.0,1.0,0.0,1.0,0.0,0.0,0.0,1.0,0.0,1.0,1.0,0.0,0.0,0.0,1.0,0.0,0.0,1.0,0.0,0.0,0.0,0.0,0.0,0.0,12.0,12.0,0.0,0.0,0.0,0.0,0.0,0.0,0.0,0.0,0.0,0.0,0.0,0.0,1.0,0.0,0.0,0.0,0.0,0.0,0.0,0.0,0.0,0.0,0.0,0.0,0.0,22.0,3.0,15.0,1.0,1.0,62.0,1.0,0.0,0.0,0.0,0.0,0.0,1.0,0.0,0.0,0.0,0.0,1.0,0.0,0.0,0.0,1.0,0.0,0.0,0.0,0.0,0.0,1.0,1.0,0.0,0.0,0.0,0.0,0.0,0.0,0.0,0.0,0.0,0.0,0.0,0.0,0.0,0.0,0.0,0.0,0.0,14.0,15.0,59.0,9.0,3.0,8.0,0.0,0.0,25.0,43.0,16.0,9.0,7.0,8.0,8.0,100.0,4.0,104.0,45.0,63.0,76.0,30.0,2.0,67.0,35.0,6.0,1.0,77.0,30.0,1.0,25.0,57.0,20.0,5.0,2.0,15.0,24.0,27.0,26.0,14.0,95.0,12.0,0.0,0.0,1.0,76.0,31.0,1.0,3.0,17.0,20.0,22.0,24.0,7.0,15.0,102.0,6.0,73.0,35.0,57.0,48.0,3.0,9.0,20.0,13.0,16.0,17.0,6.0,27.0,78.0,30.0,52.0,56.0,28.0,43.0,37.0,104.0,4.0,94.0,14.0,86.0,22.0,102.0,6.0,61.0,47.0,27.0,65.0,16.0,85.0,19.0,4.0,16.0,25.0,15.0,44.0,8.0,23.0,48.0,14.0,13.0,10.0,38.0,70.0,57.0,41.0,8.0,2.0,97.0,0.0,11.0,71.0,28.0,9.0,88.0,15.0,5.0,20.0,88.0,89.0,19.0,52.0,51.0,3.0,2.0,92.0,13.0,3.0,71.0,33.0,4.0,97.0,7.0,4.0,88.0,14.0,4.0,2.0,54.0,54.0,37.0,60.0,10.0,1.0,95.0,10.0,3.0,75.0,31.0,2.0,72.0,33.0,3.0,81.0,24.0,3.0,75.0,26.0,4.0,3.0,17.0,49.0,42.0,0.0,Não Atingiu a média
122,23069961,2017,1,2,2303,23016,23,2304400,230440005,2,1,1.0,1.0,1.0,0.0,0.0,0.0,0.0,0.0,0.0,0.0,0.0,0.0,0.0,1.0,1.0,0.0,1.0,0.0,0.0,1.0,0.0,0.0,0.0,1.0,1.0,0.0,1.0,0.0,0.0,0.0,0.0,0.0,1.0,1.0,1.0,1.0,0.0,0.0,0.0,0.0,1.0,1.0,1.0,1.0,0.0,0.0,0.0,1.0,0.0,1.0,0.0,1.0,1.0,0.0,1.0,1.0,0.0,0.0,0.0,0.0,0.0,0.0,0.0,0.0,12.0,12.0,1.0,0.0,0.0,0.0,1.0,0.0,1.0,0.0,1.0,1.0,0.0,1.0,1.0,2.0,0.0,0.0,0.0,1.0,0.0,2.0,0.0,5.0,3.0,0.0,3.0,25.0,4.0,21.0,1.0,1.0,94.0,1.0,0.0,0.0,0.0,0.0,0.0,1.0,0.0,0.0,1.0,0.0,1.0,0.0,0.0,0.0,1.0,0.0,0.0,0.0,0.0,0.0,0.0,1.0,0.0,0.0,0.0,0.0,0.0,0.0,0.0,0.0,0.0,0.0,0.0,0.0,0.0,0.0,0.0,0.0,0.0,46.0,30.0,115.0,9.0,7.0,6.0,0.0,1.0,66.0,81.0,35.0,12.0,5.0,13.0,5.0,208.0,1.0,212.0,97.0,116.0,159.0,54.0,0.0,122.0,81.0,10.0,1.0,155.0,57.0,2.0,55.0,107.0,39.0,10.0,1.0,25.0,52.0,53.0,38.0,44.0,202.0,10.0,1.0,0.0,0.0,175.0,31.0,7.0,10.0,34.0,37.0,52.0,57.0,6.0,17.0,191.0,22.0,159.0,54.0,122.0,86.0,5.0,6.0,27.0,24.0,45.0,52.0,7.0,52.0,189.0,24.0,131.0,82.0,128.0,52.0,33.0,202.0,11.0,182.0,31.0,163.0,50.0,204.0,9.0,129.0,84.0,63.0,118.0,32.0,163.0,48.0,2.0,33.0,57.0,34.0,88.0,1.0,62.0,77.0,32.0,16.0,26.0,45.0,168.0,108.0,93.0,9.0,3.0,195.0,2.0,16.0,143.0,50.0,20.0,185.0,24.0,4.0,22.0,191.0,167.0,46.0,129.0,80.0,3.0,1.0,190.0,21.0,2.0,120.0,87.0,6.0,202.0,7.0,4.0,185.0,23.0,4.0,1.0,116.0,97.0,127.0,70.0,12.0,4.0,188.0,17.0,8.0,166.0,40.0,7.0,131.0,73.0,9.0,186.0,20.0,7.0,172.0,28.0,8.0,5.0,35.0,123.0,55.0,0.0,Não Atingiu a média
123,23070161,2017,1,2,2303,23016,23,2304400,230440005,2,1,2.0,1.0,1.0,0.0,0.0,0.0,0.0,0.0,0.0,0.0,0.0,0.0,0.0,1.0,1.0,0.0,0.0,0.0,0.0,1.0,0.0,0.0,0.0,1.0,0.0,0.0,1.0,0.0,0.0,0.0,0.0,0.0,1.0,1.0,1.0,1.0,0.0,0.0,1.0,1.0,1.0,1.0,1.0,1.0,0.0,0.0,0.0,1.0,0.0,0.0,0.0,1.0,1.0,0.0,1.0,1.0,0.0,1.0,1.0,0.0,0.0,1.0,0.0,0.0,9.0,6.0,1.0,0.0,1.0,0.0,1.0,0.0,1.0,0.0,1.0,1.0,0.0,1.0,1.0,4.0,0.0,1.0,0.0,1.0,0.0,2.0,0.0,1.0,2.0,0.0,2.0,25.0,6.0,19.0,1.0,1.0,31.0,1.0,0.0,0.0,0.0,0.0,0.0,1.0,0.0,0.0,0.0,0.0,1.0,0.0,0.0,0.0,1.0,0.0,0.0,0.0,0.0,0.0,1.0,1.0,0.0,0.0,0.0,0.0,0.0,0.0,0.0,0.0,0.0,0.0,0.0,0.0,0.0,0.0,0.0,0.0,0.0,4.0,6.0,14.0,2.0,2.0,3.0,0.0,1.0,3.0,15.0,7.0,1.0,2.0,2.0,0.0,31.0,0.0,31.0,13.0,18.0,21.0,7.0,3.0,22.0,8.0,1.0,0.0,25.0,6.0,1.0,10.0,12.0,5.0,3.0,1.0,0.0,7.0,7.0,11.0,5.0,30.0,1.0,0.0,0.0,0.0,23.0,5.0,3.0,0.0,4.0,5.0,6.0,9.0,1.0,6.0,27.0,4.0,23.0,8.0,12.0,18.0,1.0,0.0,1.0,3.0,8.0,7.0,2.0,10.0,28.0,3.0,20.0,11.0,6.0,12.0,13.0,30.0,1.0,22.0,9.0,22.0,9.0,29.0,2.0,18.0,13.0,9.0,18.0,4.0,22.0,8.0,1.0,3.0,8.0,4.0,16.0,0.0,13.0,11.0,0.0,1.0,6.0,4.0,27.0,12.0,17.0,2.0,0.0,29.0,0.0,2.0,16.0,13.0,2.0,23.0,7.0,1.0,3.0,28.0,23.0,8.0,9.0,19.0,3.0,0.0,26.0,5.0,0.0,21.0,9.0,1.0,29.0,2.0,0.0,26.0,5.0,0.0,0.0,18.0,13.0,6.0,22.0,1.0,2.0,26.0,3.0,2.0,19.0,10.0,2.0,18.0,11.0,2.0,16.0,13.0,2.0,21.0,8.0,0.0,2.0,2.0,18.0,11.0,0.0,Não Atingiu a média
124,23070978,2017,1,2,2303,23016,23,2304400,230440005,2,1,2.0,1.0,1.0,0.0,0.0,0.0,0.0,0.0,0.0,0.0,0.0,0.0,0.0,1.0,1.0,0.0,0.0,0.0,0.0,1.0,0.0,0.0,0.0,1.0,1.0,0.0,1.0,0.0,0.0,0.0,0.0,0.0,1.0,1.0,0.0,0.0,0.0,1.0,0.0,1.0,1.0,1.0,0.0,1.0,0.0,0.0,0.0,1.0,0.0,0.0,0.0,1.0,0.0,1.0,1.0,1.0,0.0,0.0,0.0,0.0,0.0,0.0,0.0,0.0,12.0,12.0,1.0,0.0,1.0,0.0,1.0,0.0,1.0,1.0,1.0,1.0,1.0,1.0,1.0,2.0,0.0,2.0,0.0,1.0,0.0,1.0,2.0,3.0,4.0,1.0,3.0,27.0,6.0,21.0,1.0,1.0,84.0,1.0,0.0,0.0,0.0,0.0,0.0,1.0,0.0,0.0,1.0,0.0,1.0,0.0,0.0,0.0,1.0,0.0,0.0,0.0,0.0,0.0,1.0,1.0,0.0,0.0,0.0,0.0,0.0,0.0,0.0,0.0,0.0,0.0,0.0,0.0,0.0,0.0,0.0,0.0,0.0,40.0,27.0,147.0,15.0,6.0,16.0,0.0,3.0,78.0,89.0,45.0,15.0,3.0,18.0,8.0,243.0,2.0,249.0,102.0,149.0,182.0,57.0,12.0,147.0,83.0,21.0,0.0,176.0,75.0,6.0,62.0,122.0,44.0,17.0,0.0,37.0,60.0,69.0,48.0,37.0,229.0,19.0,3.0,0.0,0.0,195.0,48.0,8.0,10.0,35.0,46.0,48.0,68.0,13.0,31.0,235.0,16.0,199.0,52.0,119.0,123.0,9.0,11.0,38.0,35.0,39.0,57.0,9.0,62.0,214.0,37.0,143.0,108.0,94.0,93.0,64.0,241.0,10.0,219.0,32.0,209.0,42.0,241.0,10.0,155.0,96.0,63.0,153.0,35.0,192.0,49.0,10.0,38.0,56.0,41.0,106.0,10.0,69.0,85.0,33.0,18.0,46.0,51.0,200.0,138.0,92.0,18.0,3.0,215.0,4.0,32.0,150.0,75.0,26.0,216.0,29.0,6.0,40.0,211.0,208.0,43.0,158.0,85.0,7.0,1.0,205.0,37.0,9.0,153.0,94.0,4.0,234.0,16.0,1.0,211.0,38.0,1.0,1.0,138.0,113.0,121.0,110.0,14.0,6.0,234.0,11.0,6.0,172.0,69.0,10.0,162.0,79.0,10.0,209.0,32.0,10.0,187.0,52.0,7.0,5.0,29.0,143.0,79.0,0.0,Não Atingiu a média
125,23071001,2017,1,2,2303,23016,23,2304400,230440005,2,1,1.0,1.0,1.0,0.0,0.0,0.0,0.0,0.0,0.0,0.0,0.0,0.0,0.0,1.0,1.0,0.0,1.0,0.0,0.0,1.0,0.0,0.0,0.0,1.0,1.0,0.0,1.0,0.0,0.0,0.0,0.0,0.0,1.0,1.0,1.0,1.0,0.0,1.0,0.0,1.0,1.0,1.0,1.0,1.0,0.0,0.0,0.0,1.0,0.0,1.0,1.0,1.0,1.0,0.0,1.0,1.0,0.0,1.0,0.0,0.0,0.0,0.0,0.0,0.0,12.0,10.0,1.0,0.0,0.0,0.0,1.0,0.0,0.0,1.0,0.0,1.0,1.0,1.0,1.0,3.0,0.0,0.0,0.0,1.0,0.0,0.0,1.0,0.0,5.0,1.0,2.0,29.0,11.0,18.0,1.0,1.0,65.0,1.0,0.0,0.0,0.0,0.0,0.0,1.0,0.0,0.0,0.0,0.0,1.0,0.0,0.0,0.0,1.0,0.0,0.0,0.0,0.0,0.0,1.0,1.0,0.0,0.0,0.0,0.0,0.0,0.0,0.0,0.0,0.0,0.0,0.0,0.0,0.0,0.0,0.0,0.0,0.0,23.0,14.0,77.0,6.0,3.0,5.0,0.0,3.0,32.0,50.0,20.0,10.0,2.0,11.0,5.0,123.0,0.0,128.0,53.0,75.0,97.0,26.0,5.0,91.0,35.0,2.0,2.0,95.0,31.0,2.0,39.0,59.0,20.0,8.0,4.0,20.0,23.0,34.0,22.0,25.0,114.0,8.0,2.0,2.0,2.0,92.0,32.0,4.0,6.0,17.0,29.0,29.0,34.0,0.0,13.0,118.0,10.0,98.0,30.0,54.0,71.0,3.0,7.0,21.0,21.0,21.0,21.0,0.0,37.0,100.0,28.0,74.0,54.0,47.0,43.0,38.0,124.0,4.0,110.0,18.0,110.0,18.0,123.0,5.0,73.0,55.0,30.0,79.0,19.0,97.0,27.0,4.0,16.0,29.0,19.0,60.0,4.0,43.0,44.0,12.0,12.0,17.0,32.0,96.0,62.0,48.0,16.0,2.0,109.0,2.0,17.0,80.0,33.0,15.0,100.0,25.0,3.0,17.0,111.0,104.0,24.0,61.0,57.0,5.0,5.0,96.0,27.0,5.0,72.0,50.0,6.0,104.0,20.0,4.0,100.0,24.0,2.0,2.0,74.0,54.0,60.0,55.0,12.0,1.0,117.0,10.0,1.0,88.0,39.0,1.0,83.0,44.0,1.0,82.0,45.0,1.0,115.0,11.0,0.0,2.0,20.0,79.0,28.0,1.0,Não Atingiu a média
126,23071354,2017,1,2,2303,23016,23,2304400,230440005,2,1,0.0,1.0,1.0,0.0,0.0,0.0,0.0,0.0,0.0,0.0,0.0,0.0,0.0,1.0,1.0,0.0,0.0,0.0,0.0,1.0,0.0,0.0,0.0,1.0,0.0,0.0,1.0,0.0,0.0,0.0,0.0,0.0,1.0,1.0,1.0,0.0,0.0,0.0,0.0,0.0,1.0,0.0,0.0,0.0,0.0,0.0,0.0,1.0,0.0,0.0,0.0,1.0,0.0,0.0,1.0,1.0,0.0,1.0,0.0,0.0,0.0,0.0,0.0,0.0,11.0,11.0,0.0,0.0,0.0,0.0,0.0,0.0,0.0,0.0,0.0,0.0,0.0,0.0,1.0,0.0,0.0,0.0,0.0,0.0,0.0,0.0,0.0,0.0,0.0,0.0,0.0,19.0,7.0,12.0,1.0,1.0,63.0,1.0,0.0,0.0,0.0,0.0,0.0,1.0,0.0,0.0,1.0,0.0,1.0,0.0,0.0,0.0,1.0,1.0,0.0,0.0,0.0,0.0,1.0,1.0,0.0,0.0,0.0,0.0,0.0,0.0,0.0,0.0,0.0,0.0,1.0,0.0,0.0,0.0,0.0,0.0,0.0,7.0,5.0,35.0,1.0,0.0,2.0,0.0,0.0,13.0,24.0,9.0,3.0,1.0,0.0,3.0,47.0,3.0,47.0,23.0,27.0,41.0,9.0,0.0,34.0,14.0,2.0,1.0,36.0,13.0,2.0,6.0,31.0,9.0,2.0,2.0,1.0,10.0,22.0,7.0,8.0,41.0,4.0,5.0,0.0,0.0,39.0,8.0,3.0,0.0,13.0,10.0,9.0,12.0,0.0,6.0,46.0,4.0,38.0,12.0,21.0,27.0,2.0,3.0,10.0,5.0,4.0,13.0,1.0,14.0,38.0,12.0,25.0,25.0,21.0,20.0,9.0,45.0,5.0,44.0,6.0,36.0,14.0,47.0,3.0,29.0,21.0,7.0,31.0,12.0,35.0,13.0,2.0,12.0,15.0,10.0,11.0,2.0,15.0,19.0,5.0,3.0,8.0,10.0,40.0,29.0,15.0,6.0,0.0,47.0,0.0,3.0,31.0,16.0,3.0,43.0,7.0,0.0,7.0,43.0,42.0,8.0,25.0,23.0,0.0,2.0,35.0,11.0,4.0,24.0,21.0,5.0,42.0,5.0,3.0,34.0,11.0,1.0,4.0,20.0,30.0,15.0,28.0,4.0,3.0,40.0,7.0,3.0,33.0,14.0,3.0,30.0,17.0,3.0,37.0,10.0,3.0,35.0,11.0,2.0,2.0,4.0,30.0,16.0,0.0,Não Atingiu a média
127,23071460,2017,1,2,2303,23016,23,2304400,230440005,2,1,2.0,1.0,1.0,0.0,0.0,0.0,0.0,0.0,0.0,0.0,0.0,0.0,0.0,1.0,1.0,0.0,0.0,0.0,0.0,1.0,0.0,0.0,0.0,1.0,1.0,0.0,1.0,0.0,0.0,0.0,0.0,0.0,1.0,1.0,1.0,1.0,0.0,0.0,1.0,1.0,1.0,1.0,0.0,1.0,0.0,0.0,0.0,1.0,0.0,0.0,1.0,1.0,1.0,0.0,1.0,0.0,0.0,1.0,0.0,0.0,0.0,0.0,0.0,0.0,10.0,10.0,1.0,0.0,1.0,0.0,0.0,0.0,1.0,1.0,0.0,1.0,0.0,1.0,1.0,2.0,0.0,2.0,0.0,0.0,0.0,1.0,1.0,0.0,1.0,0.0,1.0,21.0,6.0,15.0,1.0,1.0,93.0,1.0,0.0,0.0,0.0,0.0,0.0,1.0,0.0,0.0,1.0,0.0,1.0,0.0,0.0,0.0,1.0,1.0,1.0,0.0,0.0,0.0,0.0,1.0,0.0,0.0,0.0,0.0,0.0,0.0,0.0,0.0,0.0,0.0,1.0,1.0,0.0,0.0,0.0,0.0,0.0,40.0,37.0,122.0,9.0,6.0,12.0,1.0,0.0,47.0,81.0,43.0,16.0,8.0,30.0,9.0,217.0,4.0,222.0,118.0,108.0,172.0,49.0,5.0,147.0,68.0,11.0,3.0,171.0,52.0,5.0,62.0,109.0,40.0,10.0,2.0,34.0,51.0,61.0,51.0,27.0,213.0,8.0,4.0,0.0,1.0,163.0,58.0,5.0,11.0,52.0,42.0,48.0,41.0,6.0,26.0,190.0,36.0,162.0,64.0,101.0,115.0,10.0,13.0,45.0,39.0,28.0,41.0,3.0,57.0,185.0,41.0,116.0,110.0,98.0,73.0,55.0,214.0,12.0,194.0,32.0,186.0,40.0,216.0,10.0,139.0,87.0,56.0,123.0,47.0,150.0,66.0,10.0,38.0,54.0,35.0,95.0,4.0,73.0,83.0,21.0,18.0,31.0,65.0,161.0,94.0,107.0,20.0,5.0,210.0,4.0,12.0,145.0,51.0,30.0,179.0,31.0,16.0,44.0,182.0,181.0,45.0,117.0,98.0,9.0,2.0,173.0,48.0,5.0,127.0,95.0,4.0,209.0,14.0,3.0,189.0,32.0,1.0,4.0,122.0,104.0,93.0,109.0,22.0,2.0,212.0,10.0,4.0,153.0,68.0,5.0,136.0,85.0,5.0,170.0,50.0,6.0,172.0,49.0,0.0,5.0,41.0,123.0,62.0,0.0,Não Atingiu a média
128,23072008,2017,1,2,2303,23016,23,2304400,230440005,2,1,1.0,1.0,1.0,0.0,0.0,0.0,0.0,0.0,0.0,0.0,0.0,0.0,0.0,1.0,1.0,0.0,0.0,0.0,0.0,1.0,0.0,0.0,0.0,1.0,1.0,0.0,1.0,0.0,0.0,0.0,0.0,0.0,0.0,1.0,1.0,1.0,0.0,0.0,1.0,1.0,1.0,1.0,1.0,1.0,0.0,0.0,0.0,1.0,0.0,0.0,0.0,1.0,1.0,1.0,1.0,1.0,0.0,1.0,0.0,0.0,0.0,0.0,0.0,0.0,16.0,9.0,0.0,0.0,0.0,0.0,1.0,0.0,1.0,0.0,1.0,1.0,0.0,0.0,1.0,0.0,0.0,0.0,0.0,1.0,0.0,1.0,0.0,1.0,1.0,0.0,0.0,16.0,3.0,13.0,1.0,1.0,62.0,1.0,0.0,0.0,0.0,0.0,0.0,1.0,0.0,0.0,0.0,0.0,1.0,0.0,0.0,0.0,1.0,1.0,1.0,0.0,0.0,0.0,1.0,1.0,0.0,0.0,0.0,0.0,0.0,0.0,0.0,0.0,0.0,0.0,1.0,1.0,0.0,0.0,0.0,0.0,0.0,19.0,7.0,63.0,6.0,3.0,7.0,0.0,1.0,16.0,32.0,15.0,22.0,4.0,15.0,2.0,103.0,2.0,103.0,56.0,49.0,81.0,22.0,2.0,68.0,29.0,8.0,1.0,86.0,18.0,5.0,31.0,53.0,11.0,5.0,1.0,14.0,27.0,33.0,20.0,10.0,102.0,2.0,1.0,0.0,0.0,80.0,20.0,5.0,6.0,20.0,18.0,22.0,28.0,4.0,7.0,91.0,14.0,82.0,23.0,46.0,56.0,3.0,7.0,17.0,21.0,16.0,20.0,2.0,22.0,86.0,19.0,49.0,56.0,30.0,39.0,36.0,98.0,7.0,88.0,17.0,87.0,18.0,102.0,3.0,53.0,52.0,25.0,65.0,15.0,70.0,29.0,6.0,19.0,25.0,15.0,37.0,9.0,35.0,34.0,8.0,13.0,15.0,38.0,67.0,39.0,52.0,11.0,3.0,95.0,5.0,5.0,49.0,30.0,26.0,75.0,25.0,5.0,24.0,81.0,84.0,21.0,46.0,48.0,9.0,2.0,80.0,19.0,6.0,59.0,39.0,7.0,84.0,14.0,7.0,81.0,20.0,2.0,2.0,70.0,35.0,45.0,49.0,9.0,2.0,95.0,6.0,4.0,73.0,30.0,2.0,76.0,28.0,1.0,82.0,22.0,1.0,81.0,20.0,0.0,4.0,11.0,63.0,31.0,0.0,Não Atingiu a média
129,23072571,2017,1,2,2303,23016,23,2304400,230440005,2,1,1.0,1.0,1.0,0.0,0.0,0.0,0.0,0.0,0.0,0.0,0.0,0.0,0.0,1.0,1.0,1.0,0.0,0.0,0.0,1.0,0.0,0.0,0.0,0.0,0.0,1.0,1.0,0.0,0.0,0.0,0.0,0.0,1.0,1.0,1.0,1.0,0.0,1.0,1.0,1.0,1.0,1.0,0.0,1.0,0.0,0.0,0.0,1.0,0.0,0.0,1.0,1.0,0.0,0.0,0.0,0.0,0.0,1.0,0.0,0.0,0.0,0.0,0.0,0.0,11.0,11.0,0.0,0.0,0.0,0.0,0.0,0.0,0.0,0.0,0.0,0.0,0.0,0.0,1.0,0.0,0.0,0.0,0.0,0.0,0.0,0.0,0.0,0.0,0.0,0.0,0.0,26.0,7.0,19.0,1.0,1.0,47.0,1.0,0.0,0.0,0.0,0.0,0.0,1.0,0.0,0.0,0.0,0.0,1.0,0.0,0.0,0.0,1.0,0.0,0.0,0.0,0.0,0.0,0.0,1.0,0.0,0.0,0.0,0.0,0.0,0.0,0.0,0.0,0.0,0.0,0.0,0.0,0.0,0.0,0.0,0.0,0.0,6.0,6.0,38.0,2.0,2.0,4.0,0.0,0.0,17.0,23.0,11.0,5.0,2.0,0.0,1.0,57.0,0.0,58.0,29.0,29.0,46.0,12.0,0.0,29.0,27.0,2.0,0.0,46.0,12.0,3.0,8.0,34.0,12.0,1.0,0.0,8.0,16.0,15.0,10.0,9.0,55.0,3.0,0.0,0.0,0.0,49.0,6.0,3.0,1.0,5.0,7.0,16.0,18.0,0.0,11.0,55.0,3.0,43.0,15.0,25.0,32.0,1.0,1.0,5.0,7.0,8.0,16.0,1.0,20.0,50.0,8.0,27.0,31.0,18.0,32.0,8.0,55.0,3.0,53.0,5.0,53.0,5.0,57.0,1.0,35.0,23.0,14.0,29.0,15.0,38.0,17.0,3.0,4.0,10.0,13.0,26.0,5.0,18.0,22.0,6.0,8.0,4.0,11.0,47.0,30.0,24.0,4.0,0.0,54.0,0.0,4.0,36.0,18.0,4.0,49.0,8.0,1.0,9.0,49.0,50.0,8.0,31.0,23.0,4.0,0.0,46.0,9.0,3.0,30.0,25.0,3.0,50.0,6.0,2.0,44.0,11.0,1.0,2.0,30.0,28.0,23.0,29.0,6.0,0.0,50.0,8.0,0.0,43.0,15.0,0.0,32.0,26.0,0.0,43.0,14.0,1.0,48.0,10.0,0.0,0.0,9.0,25.0,24.0,0.0,Não Atingiu a média
130,23073713,2017,1,2,2303,23016,23,2304400,230440005,2,1,1.0,1.0,1.0,0.0,0.0,0.0,0.0,0.0,0.0,0.0,0.0,0.0,0.0,1.0,1.0,0.0,0.0,0.0,0.0,1.0,0.0,0.0,0.0,0.0,1.0,0.0,1.0,0.0,0.0,0.0,0.0,0.0,1.0,1.0,1.0,1.0,1.0,1.0,1.0,1.0,1.0,1.0,1.0,1.0,0.0,0.0,0.0,1.0,0.0,1.0,1.0,1.0,1.0,0.0,1.0,1.0,0.0,1.0,1.0,0.0,0.0,0.0,0.0,0.0,13.0,13.0,1.0,0.0,1.0,0.0,1.0,0.0,1.0,1.0,1.0,1.0,0.0,0.0,1.0,3.0,0.0,2.0,0.0,1.0,0.0,4.0,2.0,2.0,2.0,0.0,0.0,16.0,12.0,4.0,1.0,1.0,75.0,1.0,1.0,0.0,0.0,0.0,0.0,1.0,0.0,0.0,1.0,0.0,1.0,0.0,0.0,0.0,1.0,1.0,1.0,0.0,0.0,0.0,1.0,1.0,0.0,0.0,0.0,0.0,0.0,0.0,0.0,0.0,0.0,1.0,1.0,1.0,0.0,0.0,0.0,0.0,0.0,14.0,12.0,59.0,2.0,1.0,10.0,0.0,0.0,24.0,43.0,11.0,14.0,2.0,4.0,7.0,91.0,2.0,96.0,46.0,52.0,75.0,19.0,4.0,64.0,32.0,2.0,0.0,68.0,30.0,2.0,25.0,45.0,24.0,2.0,3.0,7.0,23.0,36.0,17.0,12.0,90.0,7.0,0.0,1.0,0.0,84.0,10.0,4.0,7.0,16.0,24.0,27.0,16.0,1.0,7.0,85.0,13.0,73.0,25.0,56.0,39.0,3.0,6.0,22.0,19.0,16.0,11.0,2.0,22.0,79.0,19.0,53.0,45.0,48.0,34.0,16.0,94.0,4.0,85.0,13.0,77.0,21.0,95.0,3.0,53.0,45.0,34.0,56.0,8.0,60.0,36.0,2.0,14.0,18.0,22.0,36.0,8.0,37.0,31.0,9.0,10.0,11.0,20.0,78.0,52.0,37.0,8.0,1.0,95.0,1.0,2.0,64.0,24.0,10.0,79.0,16.0,3.0,17.0,81.0,76.0,22.0,55.0,37.0,3.0,3.0,81.0,14.0,3.0,53.0,41.0,4.0,83.0,11.0,4.0,81.0,13.0,1.0,3.0,47.0,51.0,48.0,40.0,9.0,1.0,89.0,7.0,2.0,69.0,26.0,3.0,60.0,35.0,3.0,68.0,26.0,4.0,81.0,13.0,1.0,3.0,17.0,53.0,26.0,2.0,Não Atingiu a média
131,23075023,2017,1,2,2303,23016,23,2304400,230440005,2,1,2.0,1.0,1.0,0.0,0.0,0.0,0.0,0.0,0.0,0.0,0.0,0.0,0.0,1.0,1.0,0.0,0.0,0.0,0.0,1.0,0.0,0.0,0.0,1.0,0.0,0.0,1.0,0.0,0.0,0.0,0.0,0.0,1.0,1.0,1.0,0.0,0.0,1.0,0.0,1.0,1.0,0.0,0.0,0.0,0.0,0.0,0.0,1.0,0.0,0.0,0.0,1.0,0.0,1.0,1.0,1.0,0.0,1.0,0.0,0.0,0.0,0.0,0.0,0.0,10.0,10.0,0.0,0.0,0.0,0.0,1.0,0.0,0.0,0.0,0.0,1.0,0.0,0.0,1.0,0.0,0.0,0.0,0.0,1.0,0.0,0.0,0.0,0.0,2.0,0.0,0.0,22.0,4.0,18.0,1.0,1.0,89.0,1.0,0.0,0.0,0.0,0.0,0.0,1.0,0.0,0.0,0.0,0.0,1.0,0.0,0.0,0.0,1.0,0.0,0.0,0.0,0.0,0.0,1.0,1.0,0.0,0.0,0.0,0.0,0.0,0.0,0.0,0.0,0.0,0.0,0.0,0.0,0.0,0.0,0.0,0.0,0.0,18.0,21.0,84.0,7.0,5.0,4.0,0.0,1.0,25.0,46.0,29.0,20.0,1.0,17.0,4.0,135.0,2.0,137.0,67.0,72.0,110.0,28.0,1.0,101.0,34.0,4.0,0.0,106.0,33.0,6.0,33.0,61.0,28.0,11.0,4.0,17.0,43.0,32.0,21.0,22.0,125.0,10.0,3.0,1.0,0.0,91.0,39.0,9.0,7.0,34.0,28.0,28.0,26.0,1.0,15.0,121.0,18.0,98.0,41.0,65.0,68.0,6.0,12.0,23.0,19.0,17.0,27.0,0.0,41.0,111.0,28.0,72.0,67.0,63.0,48.0,28.0,133.0,6.0,112.0,27.0,109.0,30.0,131.0,8.0,76.0,63.0,37.0,85.0,17.0,108.0,28.0,3.0,30.0,43.0,22.0,36.0,8.0,43.0,51.0,11.0,17.0,17.0,54.0,85.0,72.0,52.0,13.0,2.0,124.0,3.0,12.0,73.0,43.0,23.0,108.0,21.0,10.0,32.0,107.0,121.0,18.0,72.0,58.0,5.0,4.0,118.0,18.0,3.0,72.0,63.0,4.0,130.0,7.0,2.0,107.0,25.0,3.0,4.0,74.0,65.0,68.0,56.0,13.0,2.0,124.0,13.0,2.0,98.0,39.0,2.0,85.0,52.0,2.0,114.0,24.0,1.0,115.0,20.0,4.0,0.0,13.0,62.0,62.0,2.0,Não Atingiu a média
132,23075430,2017,1,2,2303,23016,23,2304400,230440005,2,1,2.0,1.0,1.0,0.0,0.0,0.0,0.0,0.0,0.0,0.0,0.0,0.0,0.0,1.0,1.0,0.0,0.0,0.0,0.0,1.0,0.0,0.0,0.0,1.0,0.0,0.0,1.0,0.0,0.0,1.0,0.0,0.0,1.0,1.0,1.0,0.0,0.0,0.0,0.0,0.0,1.0,1.0,0.0,1.0,0.0,0.0,0.0,1.0,0.0,1.0,0.0,1.0,1.0,0.0,0.0,1.0,0.0,1.0,0.0,0.0,0.0,0.0,0.0,0.0,9.0,9.0,1.0,0.0,0.0,0.0,1.0,0.0,1.0,1.0,1.0,1.0,0.0,1.0,1.0,2.0,0.0,0.0,0.0,1.0,0.0,1.0,1.0,1.0,1.0,0.0,1.0,25.0,5.0,20.0,1.0,1.0,104.0,1.0,0.0,0.0,0.0,0.0,0.0,1.0,0.0,0.0,1.0,0.0,1.0,0.0,0.0,0.0,1.0,1.0,1.0,0.0,0.0,0.0,0.0,1.0,0.0,0.0,0.0,0.0,0.0,0.0,0.0,0.0,0.0,0.0,1.0,1.0,0.0,0.0,0.0,0.0,0.0,35.0,26.0,122.0,10.0,3.0,17.0,0.0,2.0,44.0,84.0,34.0,20.0,10.0,19.0,6.0,207.0,2.0,211.0,81.0,132.0,141.0,71.0,1.0,129.0,71.0,13.0,0.0,147.0,66.0,4.0,23.0,112.0,62.0,12.0,2.0,24.0,54.0,68.0,32.0,33.0,199.0,9.0,2.0,1.0,2.0,166.0,38.0,9.0,7.0,42.0,40.0,35.0,49.0,8.0,32.0,197.0,16.0,163.0,50.0,99.0,109.0,5.0,10.0,32.0,34.0,23.0,47.0,7.0,60.0,180.0,33.0,116.0,97.0,81.0,80.0,52.0,202.0,11.0,174.0,39.0,161.0,52.0,201.0,12.0,120.0,93.0,47.0,129.0,37.0,150.0,60.0,3.0,24.0,49.0,54.0,83.0,3.0,75.0,72.0,17.0,18.0,31.0,54.0,159.0,96.0,90.0,23.0,4.0,188.0,6.0,19.0,120.0,56.0,37.0,168.0,39.0,6.0,21.0,192.0,160.0,53.0,121.0,77.0,13.0,2.0,173.0,36.0,4.0,107.0,100.0,6.0,191.0,18.0,4.0,163.0,38.0,10.0,2.0,113.0,100.0,118.0,79.0,15.0,1.0,195.0,18.0,0.0,169.0,44.0,0.0,138.0,75.0,0.0,191.0,21.0,1.0,173.0,36.0,3.0,1.0,28.0,101.0,84.0,0.0,Não Atingiu a média
133,23077140,2017,1,2,2303,23016,23,2304400,230440005,2,1,1.0,1.0,1.0,0.0,0.0,0.0,0.0,0.0,0.0,0.0,0.0,1.0,0.0,1.0,1.0,0.0,0.0,0.0,0.0,1.0,0.0,0.0,0.0,1.0,0.0,0.0,1.0,0.0,0.0,0.0,0.0,0.0,1.0,1.0,1.0,1.0,1.0,1.0,0.0,1.0,1.0,0.0,0.0,0.0,0.0,0.0,0.0,1.0,0.0,1.0,0.0,1.0,0.0,1.0,0.0,0.0,1.0,1.0,0.0,0.0,0.0,0.0,0.0,0.0,30.0,30.0,0.0,0.0,0.0,0.0,0.0,0.0,0.0,0.0,0.0,0.0,0.0,0.0,1.0,0.0,0.0,0.0,0.0,0.0,0.0,0.0,0.0,0.0,0.0,0.0,0.0,21.0,6.0,15.0,1.0,1.0,126.0,1.0,1.0,0.0,0.0,0.0,0.0,1.0,0.0,0.0,1.0,0.0,1.0,0.0,0.0,0.0,1.0,1.0,0.0,0.0,0.0,0.0,1.0,1.0,0.0,0.0,0.0,0.0,0.0,0.0,0.0,0.0,0.0,1.0,1.0,0.0,0.0,0.0,0.0,0.0,0.0,18.0,13.0,95.0,6.0,9.0,14.0,0.0,1.0,28.0,60.0,36.0,13.0,12.0,5.0,7.0,148.0,3.0,152.0,59.0,96.0,116.0,33.0,6.0,104.0,43.0,8.0,0.0,121.0,34.0,6.0,35.0,69.0,33.0,12.0,3.0,15.0,33.0,50.0,31.0,23.0,142.0,12.0,1.0,0.0,0.0,129.0,20.0,6.0,3.0,35.0,41.0,24.0,29.0,4.0,19.0,143.0,12.0,130.0,25.0,75.0,72.0,8.0,11.0,28.0,23.0,18.0,36.0,6.0,33.0,130.0,25.0,86.0,69.0,44.0,61.0,50.0,147.0,8.0,130.0,25.0,119.0,36.0,143.0,12.0,93.0,62.0,43.0,85.0,27.0,97.0,51.0,7.0,24.0,34.0,31.0,57.0,9.0,51.0,64.0,16.0,13.0,11.0,48.0,107.0,101.0,38.0,12.0,4.0,139.0,4.0,12.0,83.0,50.0,22.0,131.0,16.0,8.0,22.0,133.0,131.0,24.0,75.0,74.0,2.0,4.0,123.0,28.0,4.0,75.0,75.0,5.0,129.0,20.0,6.0,134.0,18.0,2.0,1.0,89.0,66.0,57.0,78.0,18.0,2.0,135.0,16.0,4.0,116.0,36.0,3.0,90.0,62.0,3.0,121.0,32.0,2.0,129.0,24.0,1.0,1.0,20.0,77.0,58.0,0.0,Não Atingiu a média
134,23077883,2017,1,2,2303,23016,23,2304400,230440005,2,1,0.0,1.0,1.0,0.0,0.0,0.0,0.0,0.0,0.0,0.0,1.0,0.0,0.0,1.0,1.0,0.0,0.0,0.0,0.0,1.0,0.0,0.0,0.0,0.0,1.0,0.0,1.0,0.0,0.0,0.0,0.0,0.0,1.0,1.0,1.0,1.0,1.0,0.0,0.0,0.0,1.0,0.0,1.0,1.0,0.0,0.0,0.0,1.0,0.0,1.0,1.0,1.0,1.0,0.0,1.0,1.0,0.0,1.0,0.0,0.0,0.0,1.0,0.0,0.0,11.0,11.0,1.0,0.0,0.0,0.0,1.0,1.0,1.0,1.0,1.0,1.0,0.0,1.0,1.0,1.0,0.0,0.0,0.0,1.0,1.0,1.0,1.0,1.0,1.0,0.0,1.0,29.0,9.0,20.0,1.0,1.0,63.0,1.0,1.0,0.0,0.0,0.0,0.0,1.0,0.0,1.0,1.0,0.0,1.0,0.0,0.0,0.0,1.0,1.0,0.0,0.0,0.0,0.0,0.0,1.0,0.0,0.0,0.0,0.0,0.0,0.0,0.0,0.0,0.0,0.0,1.0,0.0,0.0,0.0,0.0,0.0,0.0,12.0,15.0,65.0,8.0,3.0,6.0,0.0,0.0,22.0,44.0,22.0,6.0,5.0,10.0,7.0,102.0,2.0,107.0,48.0,61.0,77.0,29.0,3.0,73.0,35.0,1.0,0.0,79.0,30.0,2.0,17.0,58.0,23.0,9.0,0.0,14.0,19.0,35.0,21.0,20.0,96.0,7.0,3.0,2.0,1.0,85.0,21.0,3.0,4.0,15.0,23.0,24.0,24.0,8.0,11.0,104.0,5.0,92.0,17.0,51.0,51.0,7.0,7.0,13.0,19.0,18.0,22.0,3.0,27.0,88.0,21.0,69.0,40.0,26.0,62.0,21.0,105.0,4.0,92.0,17.0,93.0,16.0,104.0,5.0,61.0,48.0,30.0,65.0,14.0,77.0,28.0,4.0,25.0,26.0,21.0,35.0,2.0,27.0,43.0,16.0,9.0,14.0,29.0,80.0,57.0,39.0,9.0,4.0,101.0,0.0,8.0,53.0,38.0,18.0,92.0,13.0,4.0,13.0,96.0,80.0,29.0,44.0,53.0,7.0,5.0,84.0,17.0,8.0,47.0,54.0,8.0,92.0,9.0,8.0,76.0,26.0,2.0,5.0,50.0,59.0,43.0,47.0,16.0,3.0,96.0,8.0,5.0,74.0,31.0,4.0,65.0,39.0,5.0,89.0,15.0,5.0,91.0,13.0,2.0,3.0,14.0,67.0,28.0,0.0,Não Atingiu a média
135,23078561,2017,1,2,2303,23016,23,2304400,230440005,2,1,2.0,1.0,1.0,0.0,0.0,0.0,0.0,0.0,0.0,0.0,0.0,0.0,0.0,1.0,1.0,1.0,0.0,0.0,0.0,1.0,0.0,0.0,0.0,1.0,0.0,0.0,1.0,0.0,0.0,0.0,0.0,0.0,1.0,1.0,1.0,0.0,1.0,1.0,0.0,1.0,1.0,0.0,0.0,0.0,0.0,0.0,0.0,1.0,0.0,1.0,0.0,0.0,0.0,0.0,1.0,1.0,0.0,1.0,0.0,0.0,0.0,0.0,0.0,0.0,10.0,10.0,1.0,0.0,1.0,0.0,1.0,0.0,1.0,1.0,1.0,1.0,0.0,1.0,1.0,1.0,0.0,1.0,0.0,1.0,0.0,1.0,1.0,3.0,3.0,0.0,1.0,25.0,10.0,15.0,1.0,1.0,74.0,1.0,1.0,0.0,0.0,0.0,0.0,1.0,0.0,0.0,1.0,0.0,1.0,0.0,0.0,0.0,1.0,0.0,0.0,0.0,0.0,0.0,0.0,1.0,0.0,0.0,0.0,0.0,0.0,0.0,0.0,0.0,0.0,0.0,0.0,0.0,0.0,0.0,0.0,0.0,0.0,27.0,15.0,93.0,5.0,1.0,6.0,0.0,0.0,51.0,41.0,23.0,14.0,6.0,12.0,4.0,143.0,0.0,147.0,68.0,79.0,119.0,28.0,0.0,80.0,59.0,8.0,1.0,124.0,22.0,3.0,44.0,74.0,18.0,8.0,0.0,23.0,26.0,48.0,27.0,23.0,140.0,6.0,1.0,0.0,0.0,120.0,25.0,2.0,4.0,15.0,35.0,40.0,40.0,2.0,11.0,137.0,10.0,115.0,32.0,83.0,58.0,6.0,6.0,21.0,18.0,26.0,37.0,4.0,35.0,128.0,19.0,80.0,67.0,70.0,48.0,29.0,139.0,8.0,123.0,24.0,117.0,30.0,142.0,5.0,80.0,67.0,38.0,90.0,19.0,114.0,31.0,2.0,20.0,41.0,31.0,53.0,2.0,46.0,53.0,14.0,14.0,20.0,36.0,111.0,60.0,73.0,9.0,5.0,133.0,3.0,11.0,92.0,38.0,17.0,119.0,23.0,5.0,18.0,129.0,118.0,29.0,89.0,52.0,2.0,4.0,125.0,16.0,6.0,95.0,43.0,9.0,134.0,9.0,4.0,124.0,19.0,0.0,4.0,73.0,74.0,60.0,66.0,16.0,5.0,134.0,7.0,6.0,107.0,33.0,7.0,99.0,41.0,7.0,115.0,26.0,6.0,111.0,28.0,2.0,6.0,19.0,72.0,55.0,1.0,Não Atingiu a média
136,23078669,2017,1,2,2303,23016,23,2304400,230440005,2,1,2.0,1.0,1.0,0.0,0.0,0.0,0.0,0.0,0.0,0.0,0.0,0.0,0.0,1.0,1.0,0.0,0.0,0.0,0.0,1.0,0.0,0.0,0.0,1.0,0.0,0.0,1.0,0.0,0.0,0.0,0.0,0.0,1.0,1.0,1.0,0.0,1.0,1.0,0.0,1.0,1.0,1.0,0.0,1.0,0.0,0.0,1.0,0.0,0.0,1.0,1.0,1.0,0.0,0.0,1.0,1.0,0.0,1.0,0.0,0.0,0.0,0.0,0.0,0.0,14.0,13.0,1.0,0.0,0.0,0.0,0.0,0.0,1.0,0.0,1.0,1.0,0.0,0.0,1.0,1.0,0.0,0.0,0.0,0.0,0.0,1.0,0.0,1.0,1.0,0.0,0.0,12.0,2.0,10.0,1.0,1.0,68.0,1.0,1.0,0.0,0.0,0.0,0.0,1.0,0.0,0.0,0.0,0.0,1.0,0.0,0.0,0.0,1.0,0.0,0.0,0.0,0.0,0.0,1.0,1.0,0.0,0.0,0.0,0.0,0.0,0.0,0.0,0.0,0.0,0.0,0.0,0.0,0.0,0.0,0.0,0.0,0.0,13.0,1.0,36.0,1.0,1.0,5.0,0.0,0.0,16.0,22.0,11.0,6.0,0.0,2.0,2.0,55.0,0.0,57.0,27.0,30.0,35.0,22.0,0.0,35.0,21.0,1.0,1.0,42.0,14.0,1.0,9.0,34.0,10.0,3.0,1.0,5.0,12.0,20.0,9.0,10.0,55.0,2.0,0.0,0.0,0.0,45.0,9.0,3.0,0.0,12.0,8.0,7.0,13.0,5.0,12.0,54.0,3.0,44.0,13.0,30.0,23.0,4.0,0.0,9.0,7.0,10.0,13.0,3.0,15.0,57.0,0.0,36.0,21.0,20.0,28.0,9.0,57.0,0.0,51.0,6.0,43.0,14.0,57.0,0.0,34.0,23.0,17.0,31.0,9.0,40.0,16.0,1.0,5.0,11.0,14.0,25.0,2.0,18.0,22.0,5.0,2.0,10.0,10.0,47.0,25.0,27.0,4.0,1.0,48.0,3.0,6.0,34.0,20.0,3.0,51.0,5.0,1.0,13.0,44.0,53.0,4.0,36.0,17.0,4.0,0.0,47.0,10.0,0.0,27.0,29.0,1.0,52.0,5.0,0.0,53.0,3.0,1.0,0.0,29.0,28.0,19.0,26.0,9.0,3.0,51.0,4.0,2.0,38.0,17.0,2.0,32.0,24.0,1.0,37.0,18.0,2.0,41.0,13.0,1.0,2.0,8.0,31.0,18.0,0.0,Não Atingiu a média
137,23186224,2017,1,2,2303,23016,23,2304400,230440005,2,1,1.0,1.0,2.0,0.0,0.0,0.0,0.0,0.0,0.0,0.0,0.0,0.0,0.0,1.0,1.0,0.0,0.0,0.0,0.0,1.0,0.0,0.0,0.0,1.0,0.0,0.0,1.0,0.0,0.0,0.0,0.0,0.0,0.0,1.0,1.0,0.0,0.0,0.0,0.0,0.0,1.0,1.0,0.0,1.0,0.0,0.0,0.0,0.0,0.0,0.0,0.0,1.0,0.0,0.0,1.0,1.0,0.0,1.0,0.0,0.0,0.0,0.0,0.0,0.0,21.0,21.0,0.0,0.0,0.0,0.0,0.0,0.0,0.0,0.0,0.0,0.0,0.0,0.0,1.0,0.0,0.0,0.0,0.0,0.0,0.0,0.0,0.0,0.0,0.0,0.0,0.0,27.0,4.0,23.0,1.0,1.0,117.0,1.0,1.0,0.0,0.0,0.0,0.0,1.0,0.0,0.0,0.0,0.0,1.0,0.0,0.0,1.0,1.0,1.0,1.0,0.0,0.0,1.0,1.0,1.0,0.0,0.0,0.0,0.0,0.0,0.0,0.0,0.0,0.0,0.0,1.0,1.0,1.0,0.0,0.0,0.0,0.0,12.0,8.0,55.0,7.0,3.0,9.0,0.0,0.0,23.0,35.0,18.0,6.0,2.0,10.0,3.0,91.0,1.0,93.0,44.0,50.0,75.0,17.0,2.0,61.0,27.0,6.0,0.0,67.0,27.0,3.0,28.0,46.0,12.0,5.0,0.0,17.0,14.0,24.0,23.0,16.0,90.0,4.0,0.0,0.0,0.0,73.0,20.0,1.0,7.0,19.0,19.0,19.0,22.0,3.0,5.0,81.0,13.0,69.0,25.0,49.0,43.0,2.0,11.0,20.0,17.0,16.0,11.0,1.0,18.0,75.0,19.0,54.0,40.0,43.0,30.0,21.0,89.0,5.0,80.0,14.0,79.0,15.0,91.0,3.0,60.0,34.0,30.0,52.0,12.0,69.0,25.0,0.0,12.0,26.0,17.0,31.0,8.0,31.0,34.0,6.0,9.0,14.0,22.0,72.0,38.0,45.0,8.0,3.0,86.0,0.0,8.0,54.0,27.0,13.0,79.0,10.0,5.0,19.0,75.0,85.0,9.0,69.0,19.0,3.0,3.0,70.0,22.0,2.0,45.0,43.0,6.0,84.0,9.0,1.0,88.0,4.0,1.0,1.0,50.0,44.0,41.0,47.0,6.0,0.0,84.0,9.0,1.0,71.0,22.0,1.0,53.0,40.0,1.0,84.0,9.0,1.0,82.0,9.0,1.0,2.0,9.0,55.0,28.0,2.0,Não Atingiu a média
138,23187735,2017,1,2,2303,23016,23,2304400,230440005,2,1,1.0,1.0,1.0,0.0,0.0,0.0,0.0,0.0,0.0,0.0,0.0,0.0,0.0,1.0,1.0,0.0,0.0,0.0,0.0,1.0,0.0,0.0,0.0,0.0,1.0,0.0,1.0,0.0,0.0,0.0,0.0,0.0,1.0,1.0,1.0,0.0,0.0,1.0,0.0,1.0,1.0,0.0,1.0,1.0,0.0,0.0,0.0,1.0,0.0,0.0,0.0,1.0,0.0,0.0,1.0,1.0,0.0,0.0,1.0,0.0,0.0,0.0,0.0,0.0,8.0,6.0,1.0,0.0,1.0,1.0,1.0,1.0,1.0,1.0,1.0,1.0,1.0,1.0,1.0,3.0,0.0,3.0,1.0,1.0,1.0,1.0,2.0,4.0,2.0,1.0,2.0,20.0,5.0,19.0,1.0,1.0,58.0,1.0,0.0,0.0,0.0,0.0,0.0,1.0,0.0,0.0,1.0,0.0,1.0,0.0,0.0,0.0,1.0,0.0,0.0,0.0,0.0,0.0,1.0,1.0,0.0,0.0,0.0,0.0,0.0,0.0,0.0,0.0,0.0,0.0,0.0,0.0,0.0,0.0,0.0,0.0,0.0,10.0,7.0,38.0,4.0,1.0,2.0,0.0,2.0,14.0,22.0,13.0,5.0,2.0,4.0,3.0,59.0,1.0,61.0,28.0,34.0,46.0,16.0,0.0,37.0,22.0,3.0,0.0,45.0,17.0,1.0,15.0,35.0,10.0,1.0,1.0,16.0,9.0,16.0,12.0,8.0,56.0,3.0,2.0,1.0,0.0,46.0,16.0,0.0,2.0,16.0,12.0,5.0,16.0,2.0,9.0,54.0,8.0,46.0,16.0,28.0,33.0,1.0,6.0,6.0,11.0,6.0,12.0,1.0,20.0,51.0,11.0,35.0,27.0,37.0,15.0,10.0,57.0,5.0,54.0,8.0,49.0,13.0,57.0,5.0,41.0,21.0,13.0,38.0,11.0,43.0,18.0,1.0,14.0,14.0,11.0,21.0,2.0,13.0,24.0,4.0,10.0,11.0,19.0,43.0,36.0,19.0,4.0,3.0,56.0,0.0,6.0,31.0,24.0,7.0,55.0,2.0,5.0,16.0,46.0,53.0,9.0,35.0,23.0,4.0,0.0,53.0,8.0,1.0,35.0,25.0,2.0,55.0,6.0,1.0,52.0,7.0,2.0,1.0,34.0,28.0,33.0,22.0,6.0,1.0,57.0,4.0,1.0,45.0,14.0,3.0,40.0,20.0,2.0,48.0,12.0,2.0,55.0,5.0,0.0,2.0,3.0,41.0,18.0,0.0,Não Atingiu a média
139,23214457,2017,1,2,2303,23016,23,2304400,230440005,2,1,1.0,1.0,1.0,0.0,0.0,0.0,0.0,0.0,0.0,0.0,0.0,0.0,0.0,1.0,1.0,0.0,0.0,0.0,0.0,1.0,0.0,0.0,0.0,1.0,0.0,0.0,1.0,0.0,0.0,0.0,0.0,0.0,1.0,1.0,1.0,1.0,0.0,1.0,0.0,1.0,1.0,1.0,0.0,1.0,0.0,0.0,0.0,1.0,0.0,1.0,0.0,1.0,1.0,0.0,1.0,1.0,0.0,1.0,0.0,0.0,0.0,0.0,0.0,0.0,12.0,12.0,1.0,0.0,0.0,0.0,1.0,1.0,1.0,0.0,1.0,1.0,1.0,1.0,1.0,3.0,0.0,0.0,0.0,1.0,1.0,1.0,0.0,1.0,1.0,1.0,1.0,35.0,7.0,28.0,1.0,1.0,72.0,1.0,0.0,0.0,0.0,0.0,0.0,1.0,0.0,0.0,1.0,0.0,1.0,0.0,0.0,0.0,1.0,0.0,0.0,0.0,0.0,0.0,1.0,1.0,0.0,0.0,0.0,0.0,0.0,0.0,0.0,0.0,0.0,0.0,0.0,0.0,0.0,0.0,0.0,0.0,0.0,29.0,18.0,125.0,9.0,5.0,11.0,0.0,3.0,57.0,76.0,28.0,9.0,8.0,16.0,4.0,193.0,12.0,185.0,74.0,123.0,132.0,61.0,4.0,123.0,66.0,8.0,2.0,136.0,59.0,2.0,41.0,106.0,42.0,6.0,3.0,28.0,45.0,58.0,36.0,27.0,186.0,8.0,1.0,2.0,0.0,154.0,38.0,5.0,5.0,35.0,34.0,34.0,51.0,5.0,33.0,183.0,14.0,156.0,41.0,97.0,91.0,9.0,12.0,34.0,29.0,24.0,38.0,4.0,56.0,162.0,35.0,112.0,85.0,136.0,40.0,21.0,187.0,10.0,180.0,17.0,170.0,27.0,189.0,8.0,126.0,71.0,63.0,115.0,19.0,133.0,55.0,9.0,40.0,67.0,36.0,48.0,6.0,56.0,67.0,18.0,16.0,40.0,67.0,130.0,100.0,81.0,9.0,7.0,181.0,1.0,15.0,125.0,55.0,17.0,180.0,12.0,5.0,21.0,176.0,154.0,43.0,138.0,55.0,3.0,1.0,174.0,21.0,2.0,122.0,74.0,1.0,175.0,21.0,1.0,178.0,16.0,2.0,1.0,134.0,63.0,132.0,55.0,8.0,2.0,186.0,8.0,3.0,160.0,35.0,2.0,134.0,60.0,3.0,148.0,46.0,3.0,155.0,37.0,3.0,2.0,42.0,107.0,48.0,0.0,Não Atingiu a média
140,23225360,2017,1,2,2303,23016,23,2304400,230440005,2,1,1.0,1.0,2.0,0.0,0.0,0.0,0.0,0.0,0.0,0.0,0.0,0.0,0.0,1.0,1.0,0.0,0.0,0.0,0.0,1.0,0.0,0.0,0.0,0.0,0.0,1.0,1.0,0.0,0.0,0.0,0.0,0.0,1.0,1.0,1.0,0.0,1.0,1.0,0.0,1.0,1.0,1.0,0.0,1.0,0.0,0.0,0.0,1.0,0.0,1.0,1.0,1.0,1.0,0.0,1.0,1.0,0.0,1.0,0.0,0.0,0.0,0.0,0.0,0.0,15.0,15.0,1.0,0.0,0.0,0.0,1.0,1.0,0.0,1.0,1.0,1.0,0.0,1.0,1.0,2.0,0.0,0.0,0.0,1.0,1.0,0.0,2.0,4.0,4.0,0.0,1.0,33.0,14.0,19.0,1.0,1.0,79.0,1.0,0.0,0.0,0.0,0.0,0.0,1.0,0.0,0.0,0.0,0.0,1.0,0.0,0.0,0.0,1.0,0.0,0.0,0.0,0.0,0.0,1.0,1.0,0.0,0.0,0.0,0.0,0.0,0.0,0.0,0.0,0.0,0.0,0.0,0.0,0.0,0.0,0.0,0.0,0.0,15.0,15.0,83.0,6.0,3.0,13.0,0.0,4.0,28.0,55.0,22.0,11.0,3.0,12.0,4.0,131.0,3.0,132.0,57.0,78.0,113.0,20.0,2.0,89.0,44.0,2.0,0.0,109.0,26.0,4.0,33.0,62.0,34.0,2.0,1.0,8.0,27.0,46.0,33.0,20.0,123.0,11.0,1.0,0.0,0.0,106.0,25.0,4.0,7.0,39.0,38.0,20.0,21.0,2.0,8.0,116.0,19.0,98.0,37.0,67.0,62.0,6.0,11.0,29.0,20.0,18.0,17.0,2.0,38.0,108.0,27.0,77.0,58.0,47.0,55.0,33.0,130.0,5.0,109.0,26.0,103.0,32.0,132.0,3.0,73.0,62.0,34.0,83.0,18.0,96.0,35.0,4.0,24.0,36.0,25.0,45.0,5.0,44.0,50.0,17.0,11.0,13.0,37.0,98.0,48.0,68.0,16.0,3.0,122.0,1.0,12.0,85.0,31.0,19.0,111.0,16.0,8.0,22.0,113.0,99.0,36.0,63.0,62.0,10.0,0.0,118.0,15.0,2.0,81.0,51.0,3.0,118.0,15.0,2.0,128.0,7.0,0.0,0.0,77.0,58.0,64.0,66.0,5.0,0.0,129.0,6.0,0.0,116.0,18.0,1.0,92.0,43.0,0.0,107.0,28.0,0.0,131.0,3.0,1.0,0.0,8.0,59.0,67.0,1.0,Não Atingiu a média
141,23227818,2017,1,2,2303,23016,23,2304400,230440005,2,1,1.0,1.0,2.0,0.0,0.0,0.0,0.0,0.0,0.0,0.0,0.0,0.0,0.0,1.0,1.0,0.0,0.0,0.0,0.0,1.0,0.0,0.0,0.0,1.0,0.0,0.0,1.0,0.0,0.0,0.0,0.0,0.0,1.0,1.0,1.0,1.0,0.0,1.0,0.0,1.0,1.0,0.0,1.0,1.0,0.0,0.0,0.0,1.0,0.0,0.0,0.0,1.0,1.0,0.0,1.0,1.0,0.0,1.0,0.0,0.0,0.0,0.0,0.0,0.0,10.0,10.0,1.0,0.0,1.0,0.0,0.0,0.0,0.0,1.0,1.0,1.0,0.0,1.0,1.0,4.0,0.0,2.0,0.0,0.0,0.0,0.0,1.0,6.0,5.0,0.0,4.0,8.0,3.0,5.0,1.0,1.0,92.0,1.0,0.0,0.0,0.0,0.0,0.0,1.0,0.0,0.0,1.0,0.0,1.0,0.0,0.0,0.0,1.0,1.0,0.0,0.0,0.0,0.0,1.0,1.0,0.0,0.0,0.0,0.0,0.0,0.0,0.0,0.0,0.0,0.0,1.0,0.0,0.0,0.0,0.0,0.0,0.0,14.0,5.0,47.0,7.0,1.0,6.0,0.0,2.0,16.0,35.0,8.0,9.0,3.0,7.0,1.0,79.0,1.0,79.0,26.0,54.0,56.0,22.0,2.0,48.0,29.0,3.0,0.0,51.0,29.0,1.0,21.0,27.0,25.0,6.0,1.0,5.0,15.0,23.0,20.0,16.0,68.0,9.0,3.0,0.0,0.0,64.0,15.0,1.0,2.0,19.0,9.0,14.0,21.0,2.0,13.0,72.0,8.0,58.0,22.0,34.0,44.0,2.0,7.0,11.0,11.0,16.0,12.0,1.0,22.0,62.0,18.0,42.0,38.0,25.0,37.0,18.0,73.0,7.0,68.0,12.0,64.0,16.0,73.0,7.0,50.0,30.0,27.0,43.0,10.0,59.0,19.0,2.0,13.0,18.0,7.0,37.0,5.0,23.0,31.0,5.0,8.0,13.0,21.0,59.0,46.0,24.0,9.0,1.0,77.0,1.0,2.0,47.0,23.0,10.0,60.0,14.0,6.0,12.0,68.0,65.0,15.0,39.0,37.0,3.0,1.0,70.0,9.0,1.0,47.0,33.0,0.0,75.0,4.0,1.0,65.0,14.0,0.0,1.0,51.0,29.0,35.0,37.0,8.0,0.0,77.0,3.0,0.0,63.0,16.0,1.0,50.0,29.0,1.0,70.0,9.0,1.0,73.0,7.0,0.0,0.0,7.0,52.0,21.0,0.0,Não Atingiu a média
142,23252294,2017,1,2,2303,23016,23,2304400,230440005,2,1,2.0,1.0,1.0,0.0,0.0,0.0,0.0,0.0,0.0,0.0,0.0,0.0,0.0,1.0,1.0,0.0,1.0,0.0,0.0,1.0,0.0,0.0,0.0,0.0,1.0,0.0,1.0,0.0,0.0,1.0,0.0,0.0,1.0,1.0,1.0,1.0,0.0,1.0,0.0,1.0,1.0,1.0,0.0,1.0,0.0,0.0,0.0,0.0,0.0,1.0,0.0,1.0,1.0,1.0,1.0,0.0,0.0,1.0,0.0,0.0,0.0,0.0,0.0,0.0,12.0,12.0,1.0,0.0,1.0,0.0,1.0,0.0,1.0,0.0,1.0,1.0,0.0,0.0,1.0,1.0,0.0,1.0,0.0,1.0,0.0,1.0,0.0,1.0,1.0,0.0,0.0,44.0,4.0,40.0,1.0,0.0,59.0,1.0,0.0,0.0,0.0,0.0,0.0,1.0,0.0,0.0,1.0,0.0,1.0,0.0,0.0,0.0,1.0,1.0,1.0,0.0,0.0,0.0,0.0,1.0,0.0,0.0,0.0,0.0,0.0,0.0,0.0,0.0,0.0,0.0,1.0,1.0,0.0,0.0,0.0,0.0,0.0,15.0,17.0,93.0,7.0,6.0,8.0,1.0,1.0,26.0,62.0,25.0,12.0,6.0,13.0,2.0,144.0,2.0,144.0,64.0,82.0,121.0,24.0,1.0,102.0,33.0,11.0,0.0,108.0,38.0,1.0,27.0,83.0,33.0,2.0,2.0,26.0,26.0,49.0,18.0,25.0,127.0,9.0,7.0,3.0,0.0,114.0,26.0,6.0,7.0,30.0,30.0,23.0,35.0,3.0,18.0,128.0,18.0,106.0,40.0,65.0,70.0,11.0,8.0,24.0,19.0,22.0,25.0,4.0,44.0,118.0,28.0,83.0,63.0,68.0,57.0,21.0,138.0,8.0,130.0,16.0,116.0,30.0,141.0,5.0,100.0,46.0,29.0,94.0,23.0,94.0,46.0,6.0,30.0,28.0,31.0,55.0,2.0,44.0,55.0,16.0,17.0,14.0,48.0,98.0,62.0,72.0,11.0,1.0,132.0,0.0,14.0,65.0,60.0,21.0,112.0,27.0,7.0,31.0,115.0,124.0,22.0,73.0,65.0,6.0,2.0,119.0,26.0,1.0,84.0,57.0,5.0,129.0,16.0,1.0,134.0,11.0,0.0,1.0,76.0,70.0,56.0,76.0,13.0,1.0,130.0,14.0,2.0,107.0,37.0,2.0,81.0,63.0,2.0,115.0,30.0,1.0,131.0,13.0,0.0,2.0,21.0,73.0,52.0,0.0,Não Atingiu a média
143,23264985,2017,1,2,2303,23016,23,2304400,230440005,2,1,1.0,1.0,2.0,0.0,0.0,0.0,0.0,0.0,0.0,0.0,0.0,0.0,0.0,1.0,1.0,0.0,0.0,0.0,0.0,1.0,0.0,0.0,0.0,1.0,0.0,0.0,1.0,0.0,0.0,0.0,0.0,0.0,1.0,1.0,0.0,0.0,0.0,1.0,0.0,1.0,1.0,1.0,0.0,1.0,0.0,0.0,0.0,1.0,0.0,0.0,0.0,1.0,0.0,0.0,1.0,0.0,0.0,1.0,0.0,0.0,0.0,0.0,0.0,0.0,8.0,8.0,1.0,0.0,1.0,0.0,1.0,0.0,1.0,0.0,1.0,1.0,1.0,0.0,1.0,1.0,0.0,2.0,0.0,1.0,0.0,1.0,0.0,2.0,2.0,1.0,0.0,8.0,6.0,2.0,1.0,1.0,40.0,1.0,0.0,0.0,0.0,0.0,0.0,1.0,0.0,0.0,0.0,0.0,1.0,0.0,0.0,0.0,1.0,1.0,0.0,0.0,0.0,0.0,1.0,1.0,0.0,0.0,0.0,0.0,0.0,0.0,0.0,0.0,0.0,1.0,1.0,0.0,0.0,0.0,0.0,0.0,0.0,6.0,2.0,28.0,3.0,4.0,3.0,0.0,1.0,6.0,10.0,10.0,8.0,4.0,7.0,3.0,43.0,0.0,46.0,28.0,18.0,36.0,10.0,0.0,30.0,16.0,0.0,1.0,37.0,8.0,1.0,13.0,27.0,4.0,1.0,0.0,7.0,5.0,15.0,11.0,8.0,43.0,1.0,2.0,0.0,0.0,35.0,11.0,0.0,0.0,13.0,7.0,10.0,9.0,1.0,6.0,39.0,7.0,35.0,11.0,24.0,21.0,1.0,4.0,12.0,7.0,8.0,5.0,1.0,9.0,38.0,8.0,25.0,21.0,19.0,14.0,13.0,45.0,1.0,42.0,4.0,39.0,7.0,46.0,0.0,28.0,18.0,18.0,24.0,4.0,31.0,15.0,0.0,8.0,18.0,10.0,10.0,0.0,13.0,12.0,8.0,5.0,8.0,17.0,29.0,23.0,22.0,1.0,0.0,42.0,2.0,2.0,19.0,13.0,14.0,33.0,10.0,3.0,8.0,38.0,42.0,4.0,24.0,20.0,1.0,1.0,40.0,5.0,1.0,31.0,14.0,1.0,43.0,3.0,0.0,33.0,12.0,0.0,1.0,35.0,11.0,28.0,15.0,2.0,1.0,45.0,1.0,0.0,40.0,6.0,0.0,29.0,17.0,0.0,36.0,9.0,1.0,38.0,7.0,0.0,1.0,15.0,24.0,7.0,0.0,Não Atingiu a média
144,23005033,2017,1,2,2301,23001,23,2304707,230470705,2,1,1.0,1.0,1.0,0.0,0.0,0.0,0.0,0.0,0.0,0.0,1.0,0.0,0.0,1.0,1.0,0.0,0.0,0.0,0.0,1.0,0.0,0.0,0.0,0.0,1.0,0.0,1.0,0.0,0.0,0.0,0.0,0.0,1.0,1.0,1.0,1.0,0.0,1.0,0.0,1.0,1.0,1.0,1.0,1.0,0.0,0.0,0.0,1.0,0.0,1.0,0.0,1.0,0.0,0.0,1.0,1.0,0.0,1.0,0.0,0.0,0.0,0.0,0.0,0.0,8.0,22.0,1.0,0.0,0.0,0.0,0.0,0.0,1.0,0.0,0.0,1.0,0.0,0.0,1.0,2.0,0.0,0.0,0.0,0.0,0.0,1.0,0.0,0.0,3.0,0.0,0.0,24.0,8.0,16.0,1.0,1.0,85.0,1.0,0.0,0.0,0.0,0.0,0.0,1.0,0.0,0.0,0.0,0.0,1.0,0.0,0.0,0.0,1.0,0.0,0.0,0.0,0.0,0.0,0.0,1.0,0.0,0.0,0.0,0.0,0.0,0.0,0.0,0.0,0.0,0.0,0.0,0.0,0.0,0.0,0.0,0.0,0.0,24.0,20.0,155.0,14.0,6.0,22.0,0.0,4.0,84.0,99.0,27.0,8.0,6.0,13.0,13.0,228.0,8.0,233.0,210.0,31.0,216.0,20.0,5.0,206.0,31.0,4.0,21.0,185.0,35.0,8.0,55.0,107.0,60.0,11.0,1.0,16.0,38.0,63.0,52.0,71.0,219.0,19.0,2.0,1.0,0.0,200.0,36.0,5.0,40.0,67.0,33.0,28.0,6.0,19.0,48.0,158.0,83.0,146.0,95.0,155.0,76.0,10.0,51.0,54.0,31.0,13.0,7.0,2.0,83.0,140.0,101.0,111.0,130.0,167.0,57.0,17.0,229.0,12.0,222.0,19.0,215.0,26.0,233.0,8.0,191.0,50.0,90.0,124.0,27.0,150.0,74.0,17.0,79.0,62.0,26.0,47.0,27.0,84.0,67.0,20.0,26.0,44.0,43.0,198.0,92.0,98.0,38.0,13.0,236.0,0.0,5.0,149.0,74.0,18.0,213.0,21.0,7.0,110.0,131.0,213.0,28.0,154.0,78.0,5.0,4.0,214.0,24.0,3.0,131.0,106.0,4.0,161.0,73.0,7.0,213.0,24.0,0.0,4.0,147.0,94.0,138.0,87.0,10.0,6.0,224.0,10.0,7.0,182.0,54.0,5.0,170.0,67.0,4.0,127.0,108.0,6.0,210.0,21.0,5.0,5.0,26.0,73.0,42.0,100.0,Não Atingiu a média
145,23078901,2017,1,2,2303,23016,23,2304954,230495405,2,1,2.0,1.0,1.0,0.0,0.0,0.0,0.0,0.0,0.0,0.0,1.0,0.0,0.0,1.0,1.0,0.0,0.0,0.0,0.0,1.0,0.0,0.0,0.0,1.0,0.0,0.0,1.0,0.0,0.0,0.0,0.0,0.0,1.0,1.0,1.0,1.0,1.0,1.0,0.0,1.0,1.0,1.0,0.0,1.0,0.0,0.0,0.0,1.0,0.0,0.0,0.0,1.0,0.0,0.0,1.0,1.0,0.0,1.0,0.0,0.0,0.0,0.0,0.0,0.0,9.0,9.0,1.0,0.0,0.0,0.0,1.0,0.0,0.0,1.0,0.0,1.0,0.0,0.0,1.0,2.0,0.0,0.0,0.0,1.0,0.0,0.0,1.0,0.0,2.0,0.0,0.0,34.0,11.0,23.0,1.0,1.0,43.0,1.0,1.0,0.0,0.0,0.0,0.0,1.0,0.0,0.0,0.0,0.0,1.0,0.0,0.0,0.0,1.0,1.0,0.0,0.0,0.0,0.0,0.0,1.0,0.0,0.0,0.0,0.0,0.0,0.0,0.0,0.0,0.0,0.0,1.0,0.0,0.0,0.0,0.0,0.0,0.0,18.0,10.0,70.0,0.0,1.0,6.0,0.0,0.0,37.0,37.0,18.0,3.0,3.0,7.0,6.0,99.0,2.0,103.0,65.0,40.0,86.0,15.0,4.0,82.0,22.0,1.0,1.0,79.0,25.0,0.0,26.0,48.0,27.0,4.0,0.0,13.0,24.0,30.0,15.0,23.0,86.0,15.0,3.0,1.0,0.0,88.0,14.0,3.0,10.0,40.0,12.0,15.0,16.0,4.0,8.0,82.0,23.0,74.0,31.0,65.0,35.0,5.0,13.0,31.0,14.0,8.0,11.0,0.0,28.0,73.0,32.0,56.0,49.0,75.0,22.0,8.0,99.0,6.0,94.0,11.0,93.0,12.0,99.0,6.0,82.0,23.0,36.0,55.0,14.0,64.0,37.0,4.0,35.0,23.0,15.0,27.0,5.0,42.0,28.0,10.0,9.0,16.0,12.0,93.0,61.0,36.0,6.0,2.0,98.0,2.0,5.0,74.0,25.0,6.0,89.0,14.0,2.0,28.0,77.0,97.0,8.0,60.0,38.0,5.0,2.0,87.0,15.0,3.0,68.0,33.0,4.0,93.0,9.0,3.0,90.0,12.0,0.0,3.0,70.0,35.0,46.0,49.0,8.0,2.0,99.0,5.0,1.0,73.0,31.0,1.0,85.0,19.0,1.0,68.0,34.0,3.0,98.0,6.0,0.0,1.0,21.0,64.0,20.0,0.0,Não Atingiu a média
146,23031530,2017,1,2,2301,23007,23,2305209,230520905,2,1,0.0,1.0,1.0,0.0,0.0,0.0,0.0,0.0,0.0,0.0,0.0,0.0,0.0,1.0,1.0,0.0,0.0,0.0,0.0,1.0,0.0,0.0,0.0,0.0,1.0,0.0,1.0,0.0,0.0,0.0,0.0,0.0,0.0,1.0,0.0,0.0,0.0,0.0,0.0,0.0,1.0,0.0,0.0,0.0,0.0,0.0,0.0,0.0,0.0,1.0,0.0,0.0,0.0,0.0,1.0,1.0,0.0,1.0,0.0,0.0,0.0,0.0,0.0,0.0,9.0,9.0,0.0,0.0,0.0,0.0,0.0,0.0,0.0,0.0,0.0,0.0,0.0,0.0,0.0,0.0,0.0,0.0,0.0,0.0,0.0,0.0,0.0,0.0,0.0,0.0,0.0,0.0,0.0,0.0,0.0,0.0,47.0,1.0,0.0,0.0,0.0,0.0,0.0,1.0,0.0,0.0,0.0,0.0,1.0,0.0,0.0,0.0,1.0,1.0,1.0,0.0,0.0,0.0,0.0,1.0,0.0,0.0,0.0,0.0,0.0,0.0,0.0,0.0,0.0,0.0,1.0,1.0,0.0,0.0,0.0,0.0,0.0,15.0,8.0,60.0,3.0,0.0,11.0,0.0,0.0,28.0,36.0,14.0,5.0,4.0,10.0,8.0,89.0,2.0,95.0,71.0,26.0,93.0,3.0,1.0,80.0,17.0,0.0,4.0,83.0,10.0,2.0,9.0,65.0,14.0,7.0,1.0,10.0,22.0,35.0,15.0,14.0,87.0,9.0,1.0,0.0,0.0,73.0,22.0,2.0,11.0,28.0,25.0,5.0,10.0,3.0,15.0,74.0,23.0,57.0,40.0,51.0,45.0,1.0,15.0,27.0,17.0,7.0,2.0,0.0,29.0,56.0,41.0,37.0,60.0,54.0,29.0,14.0,95.0,2.0,86.0,11.0,73.0,24.0,94.0,3.0,59.0,38.0,21.0,55.0,21.0,51.0,36.0,10.0,21.0,31.0,9.0,25.0,11.0,31.0,33.0,5.0,10.0,18.0,8.0,89.0,52.0,37.0,7.0,1.0,92.0,2.0,3.0,69.0,24.0,4.0,76.0,17.0,4.0,28.0,69.0,83.0,14.0,69.0,23.0,5.0,0.0,82.0,15.0,0.0,53.0,42.0,2.0,74.0,22.0,1.0,90.0,6.0,0.0,1.0,49.0,48.0,49.0,39.0,8.0,1.0,86.0,11.0,0.0,71.0,26.0,0.0,66.0,31.0,0.0,65.0,32.0,0.0,91.0,5.0,1.0,0.0,23.0,55.0,11.0,8.0,Não Atingiu a média
147,23545550,2017,1,2,2303,23017,23,2305233,230523312,2,2,1.0,1.0,1.0,0.0,0.0,0.0,0.0,0.0,0.0,0.0,0.0,0.0,0.0,1.0,0.0,1.0,0.0,0.0,0.0,1.0,0.0,0.0,0.0,0.0,1.0,0.0,1.0,0.0,0.0,0.0,0.0,0.0,1.0,1.0,1.0,1.0,0.0,1.0,0.0,1.0,1.0,1.0,0.0,1.0,0.0,0.0,0.0,1.0,0.0,1.0,0.0,1.0,1.0,0.0,1.0,1.0,0.0,1.0,0.0,0.0,0.0,0.0,0.0,0.0,10.0,10.0,1.0,0.0,0.0,0.0,0.0,0.0,0.0,0.0,0.0,0.0,0.0,0.0,1.0,2.0,0.0,0.0,0.0,0.0,0.0,0.0,0.0,0.0,0.0,0.0,0.0,41.0,10.0,31.0,1.0,1.0,51.0,1.0,0.0,0.0,0.0,0.0,0.0,1.0,0.0,0.0,0.0,0.0,1.0,0.0,0.0,0.0,1.0,1.0,1.0,0.0,0.0,0.0,0.0,1.0,0.0,0.0,0.0,0.0,0.0,0.0,0.0,0.0,0.0,0.0,1.0,1.0,0.0,0.0,0.0,0.0,0.0,24.0,18.0,141.0,5.0,4.0,9.0,1.0,2.0,65.0,100.0,17.0,8.0,3.0,5.0,7.0,194.0,4.0,197.0,111.0,90.0,137.0,59.0,5.0,137.0,50.0,14.0,0.0,119.0,82.0,1.0,24.0,103.0,66.0,7.0,1.0,18.0,42.0,70.0,38.0,32.0,176.0,18.0,6.0,1.0,0.0,175.0,20.0,6.0,11.0,43.0,50.0,34.0,35.0,5.0,23.0,176.0,25.0,147.0,54.0,116.0,74.0,11.0,17.0,51.0,29.0,21.0,22.0,5.0,56.0,147.0,54.0,114.0,87.0,91.0,83.0,27.0,196.0,5.0,180.0,21.0,170.0,31.0,195.0,6.0,135.0,66.0,58.0,117.0,26.0,138.0,56.0,7.0,39.0,56.0,33.0,63.0,10.0,76.0,59.0,16.0,14.0,36.0,35.0,166.0,119.0,67.0,14.0,1.0,188.0,4.0,9.0,158.0,37.0,6.0,185.0,14.0,2.0,54.0,147.0,178.0,23.0,139.0,51.0,10.0,1.0,173.0,22.0,6.0,107.0,91.0,3.0,170.0,28.0,3.0,180.0,14.0,4.0,3.0,118.0,83.0,114.0,68.0,13.0,6.0,181.0,15.0,5.0,163.0,34.0,4.0,124.0,69.0,8.0,131.0,63.0,7.0,179.0,14.0,1.0,7.0,27.0,108.0,65.0,1.0,Não Atingiu a média
148,23249900,2017,1,2,2301,23002,23,2305308,230530805,2,1,2.0,1.0,1.0,0.0,0.0,0.0,0.0,0.0,0.0,0.0,1.0,0.0,0.0,1.0,1.0,0.0,0.0,0.0,0.0,1.0,0.0,0.0,0.0,0.0,1.0,0.0,1.0,0.0,0.0,0.0,0.0,0.0,0.0,1.0,1.0,0.0,0.0,0.0,0.0,0.0,1.0,0.0,0.0,0.0,0.0,0.0,0.0,0.0,0.0,0.0,0.0,1.0,0.0,0.0,1.0,1.0,0.0,0.0,0.0,0.0,0.0,0.0,0.0,0.0,3.0,3.0,1.0,0.0,0.0,0.0,0.0,1.0,1.0,0.0,1.0,0.0,0.0,0.0,1.0,1.0,0.0,0.0,0.0,0.0,1.0,1.0,0.0,1.0,0.0,0.0,0.0,4.0,1.0,3.0,1.0,0.0,37.0,1.0,0.0,0.0,0.0,0.0,0.0,1.0,0.0,0.0,0.0,0.0,1.0,0.0,0.0,0.0,1.0,1.0,0.0,0.0,0.0,0.0,0.0,1.0,0.0,0.0,0.0,0.0,0.0,0.0,0.0,0.0,0.0,0.0,1.0,0.0,0.0,0.0,0.0,0.0,0.0,16.0,3.0,60.0,3.0,0.0,1.0,0.0,10.0,33.0,21.0,9.0,2.0,3.0,5.0,5.0,78.0,1.0,82.0,59.0,24.0,70.0,10.0,3.0,61.0,20.0,2.0,4.0,65.0,14.0,1.0,4.0,35.0,38.0,5.0,2.0,13.0,18.0,25.0,12.0,13.0,78.0,4.0,1.0,0.0,0.0,67.0,14.0,2.0,7.0,29.0,15.0,10.0,5.0,2.0,15.0,69.0,14.0,55.0,28.0,51.0,30.0,2.0,13.0,22.0,14.0,7.0,4.0,1.0,22.0,51.0,32.0,37.0,46.0,51.0,28.0,4.0,81.0,2.0,79.0,4.0,77.0,6.0,83.0,0.0,63.0,20.0,30.0,43.0,10.0,51.0,26.0,6.0,15.0,28.0,13.0,19.0,8.0,29.0,28.0,7.0,14.0,5.0,15.0,68.0,50.0,31.0,2.0,0.0,82.0,0.0,1.0,66.0,13.0,4.0,75.0,8.0,0.0,27.0,56.0,73.0,10.0,58.0,25.0,0.0,0.0,79.0,4.0,0.0,47.0,35.0,1.0,71.0,12.0,0.0,74.0,8.0,1.0,0.0,64.0,19.0,54.0,24.0,5.0,0.0,78.0,4.0,1.0,69.0,13.0,1.0,66.0,16.0,1.0,54.0,28.0,1.0,68.0,13.0,1.0,1.0,12.0,39.0,23.0,9.0,Não Atingiu a média
149,23125314,2017,1,2,2305,23022,23,2305357,230535705,2,1,1.0,1.0,1.0,0.0,0.0,0.0,0.0,0.0,0.0,0.0,0.0,0.0,0.0,1.0,1.0,0.0,0.0,0.0,0.0,1.0,0.0,0.0,0.0,0.0,0.0,1.0,1.0,0.0,0.0,0.0,1.0,0.0,1.0,0.0,1.0,0.0,0.0,0.0,0.0,0.0,1.0,0.0,0.0,0.0,0.0,0.0,0.0,1.0,0.0,1.0,0.0,1.0,1.0,0.0,1.0,1.0,0.0,1.0,0.0,0.0,0.0,0.0,0.0,0.0,8.0,8.0,0.0,0.0,0.0,0.0,0.0,0.0,0.0,0.0,0.0,0.0,0.0,0.0,1.0,0.0,0.0,0.0,0.0,0.0,0.0,0.0,0.0,0.0,0.0,0.0,0.0,36.0,0.0,36.0,1.0,0.0,48.0,1.0,1.0,0.0,0.0,0.0,0.0,1.0,0.0,0.0,0.0,0.0,1.0,0.0,0.0,0.0,1.0,1.0,0.0,0.0,0.0,0.0,0.0,1.0,0.0,0.0,0.0,0.0,0.0,0.0,0.0,0.0,0.0,0.0,1.0,0.0,0.0,0.0,0.0,0.0,0.0,27.0,18.0,83.0,9.0,5.0,4.0,0.0,3.0,38.0,35.0,31.0,19.0,11.0,9.0,5.0,141.0,0.0,146.0,80.0,66.0,119.0,24.0,3.0,100.0,42.0,4.0,0.0,113.0,33.0,2.0,11.0,77.0,48.0,8.0,0.0,15.0,31.0,42.0,43.0,15.0,126.0,18.0,2.0,0.0,0.0,120.0,21.0,5.0,9.0,45.0,31.0,20.0,23.0,8.0,10.0,126.0,20.0,108.0,38.0,99.0,38.0,9.0,25.0,42.0,22.0,13.0,15.0,5.0,24.0,95.0,51.0,71.0,75.0,107.0,32.0,7.0,142.0,4.0,130.0,16.0,126.0,20.0,142.0,4.0,104.0,42.0,48.0,76.0,22.0,96.0,43.0,7.0,32.0,48.0,19.0,45.0,2.0,48.0,36.0,10.0,13.0,39.0,30.0,116.0,101.0,37.0,8.0,0.0,139.0,1.0,6.0,74.0,47.0,25.0,134.0,8.0,4.0,25.0,121.0,106.0,40.0,70.0,63.0,10.0,3.0,120.0,19.0,7.0,71.0,67.0,8.0,124.0,16.0,6.0,120.0,19.0,3.0,4.0,93.0,53.0,61.0,67.0,16.0,2.0,129.0,14.0,3.0,121.0,22.0,3.0,80.0,61.0,5.0,122.0,20.0,4.0,112.0,31.0,1.0,2.0,32.0,94.0,20.0,0.0,Não Atingiu a média
150,23140518,2017,1,2,2306,23026,23,2305407,230540705,2,1,1.0,1.0,1.0,0.0,0.0,0.0,0.0,0.0,0.0,0.0,0.0,0.0,0.0,1.0,1.0,0.0,1.0,0.0,0.0,1.0,0.0,0.0,0.0,0.0,1.0,0.0,1.0,0.0,0.0,0.0,0.0,0.0,0.0,1.0,1.0,1.0,0.0,1.0,0.0,1.0,1.0,1.0,1.0,1.0,0.0,0.0,0.0,1.0,0.0,0.0,1.0,1.0,1.0,1.0,1.0,1.0,1.0,1.0,1.0,0.0,0.0,0.0,0.0,0.0,17.0,14.0,1.0,0.0,1.0,0.0,1.0,0.0,1.0,1.0,1.0,1.0,1.0,1.0,1.0,3.0,0.0,1.0,0.0,1.0,0.0,2.0,2.0,2.0,1.0,1.0,1.0,59.0,17.0,42.0,1.0,0.0,54.0,1.0,0.0,0.0,0.0,0.0,0.0,1.0,0.0,0.0,1.0,0.0,1.0,0.0,0.0,0.0,1.0,0.0,0.0,0.0,0.0,0.0,0.0,1.0,0.0,0.0,0.0,0.0,0.0,0.0,0.0,0.0,0.0,0.0,0.0,0.0,0.0,0.0,0.0,0.0,0.0,39.0,24.0,146.0,9.0,3.0,8.0,1.0,9.0,92.0,86.0,28.0,9.0,2.0,2.0,4.0,225.0,2.0,227.0,162.0,67.0,185.0,41.0,3.0,161.0,60.0,8.0,1.0,185.0,43.0,1.0,39.0,142.0,41.0,6.0,1.0,22.0,50.0,83.0,45.0,28.0,218.0,9.0,2.0,0.0,0.0,207.0,17.0,5.0,13.0,50.0,30.0,33.0,43.0,28.0,32.0,184.0,45.0,161.0,68.0,153.0,71.0,5.0,19.0,57.0,30.0,29.0,34.0,3.0,57.0,157.0,72.0,108.0,121.0,133.0,72.0,24.0,227.0,2.0,211.0,18.0,194.0,35.0,223.0,6.0,169.0,60.0,71.0,125.0,33.0,164.0,59.0,6.0,42.0,58.0,36.0,91.0,2.0,79.0,86.0,12.0,19.0,33.0,21.0,208.0,114.0,89.0,26.0,0.0,198.0,4.0,27.0,180.0,40.0,9.0,214.0,14.0,1.0,61.0,168.0,206.0,23.0,152.0,70.0,5.0,2.0,205.0,22.0,2.0,136.0,87.0,6.0,210.0,15.0,4.0,196.0,30.0,2.0,1.0,142.0,87.0,130.0,88.0,10.0,1.0,213.0,12.0,4.0,197.0,29.0,3.0,156.0,68.0,5.0,186.0,37.0,6.0,196.0,30.0,2.0,1.0,49.0,139.0,39.0,2.0,Não Atingiu a média
151,23142804,2017,1,2,2306,23026,23,2305506,230550605,2,1,2.0,1.0,1.0,0.0,0.0,0.0,0.0,0.0,0.0,0.0,0.0,0.0,0.0,1.0,1.0,0.0,0.0,0.0,0.0,1.0,0.0,0.0,0.0,1.0,1.0,0.0,1.0,0.0,0.0,0.0,0.0,0.0,1.0,1.0,1.0,0.0,0.0,1.0,0.0,1.0,1.0,1.0,1.0,1.0,0.0,0.0,0.0,1.0,0.0,0.0,0.0,1.0,0.0,1.0,1.0,1.0,0.0,1.0,0.0,0.0,0.0,1.0,0.0,0.0,7.0,7.0,1.0,0.0,0.0,0.0,0.0,0.0,1.0,0.0,0.0,1.0,0.0,0.0,1.0,1.0,0.0,0.0,0.0,0.0,0.0,2.0,0.0,0.0,1.0,0.0,0.0,40.0,2.0,30.0,1.0,1.0,45.0,1.0,0.0,0.0,0.0,0.0,0.0,1.0,0.0,0.0,1.0,0.0,1.0,0.0,0.0,0.0,1.0,0.0,0.0,0.0,0.0,0.0,0.0,1.0,0.0,0.0,0.0,0.0,0.0,0.0,0.0,0.0,0.0,0.0,0.0,0.0,0.0,0.0,0.0,0.0,0.0,10.0,7.0,59.0,3.0,3.0,3.0,0.0,0.0,18.0,34.0,18.0,9.0,4.0,2.0,7.0,78.0,3.0,82.0,48.0,37.0,75.0,9.0,1.0,63.0,21.0,1.0,0.0,69.0,16.0,0.0,23.0,45.0,11.0,6.0,0.0,13.0,19.0,26.0,18.0,9.0,71.0,12.0,2.0,0.0,0.0,63.0,15.0,7.0,9.0,23.0,16.0,15.0,8.0,0.0,14.0,63.0,22.0,52.0,33.0,41.0,39.0,5.0,10.0,16.0,9.0,5.0,6.0,0.0,39.0,50.0,35.0,36.0,49.0,55.0,27.0,3.0,85.0,0.0,79.0,6.0,76.0,9.0,84.0,1.0,63.0,22.0,21.0,52.0,12.0,61.0,18.0,6.0,21.0,18.0,19.0,24.0,3.0,27.0,28.0,7.0,3.0,20.0,8.0,77.0,58.0,24.0,1.0,2.0,78.0,2.0,5.0,55.0,24.0,6.0,79.0,6.0,0.0,33.0,52.0,77.0,8.0,49.0,32.0,4.0,0.0,81.0,3.0,1.0,38.0,46.0,1.0,64.0,19.0,2.0,82.0,3.0,0.0,0.0,46.0,39.0,39.0,37.0,7.0,2.0,77.0,7.0,1.0,75.0,8.0,2.0,59.0,24.0,2.0,56.0,26.0,3.0,73.0,11.0,0.0,1.0,9.0,45.0,30.0,1.0,Não Atingiu a média
152,23217510,2017,1,2,2304,23018,23,2305654,230565405,2,1,1.0,1.0,1.0,0.0,0.0,0.0,0.0,0.0,0.0,0.0,0.0,0.0,0.0,1.0,1.0,0.0,1.0,0.0,0.0,1.0,0.0,0.0,0.0,1.0,1.0,0.0,1.0,0.0,0.0,0.0,0.0,0.0,1.0,1.0,1.0,1.0,0.0,1.0,0.0,1.0,1.0,1.0,0.0,1.0,0.0,0.0,0.0,1.0,0.0,0.0,0.0,1.0,1.0,0.0,1.0,1.0,0.0,1.0,0.0,0.0,0.0,0.0,0.0,0.0,7.0,7.0,1.0,0.0,0.0,1.0,1.0,1.0,1.0,0.0,1.0,1.0,1.0,1.0,1.0,1.0,0.0,0.0,1.0,1.0,1.0,2.0,0.0,1.0,1.0,1.0,1.0,21.0,7.0,14.0,1.0,0.0,32.0,1.0,0.0,0.0,0.0,0.0,0.0,1.0,0.0,0.0,0.0,0.0,1.0,0.0,0.0,0.0,1.0,1.0,0.0,0.0,0.0,0.0,0.0,1.0,0.0,0.0,0.0,0.0,0.0,0.0,0.0,0.0,0.0,0.0,1.0,0.0,0.0,0.0,0.0,0.0,0.0,19.0,5.0,71.0,5.0,7.0,4.0,0.0,0.0,35.0,55.0,12.0,2.0,1.0,6.0,1.0,110.0,1.0,110.0,54.0,57.0,98.0,11.0,2.0,68.0,41.0,2.0,1.0,95.0,15.0,0.0,12.0,54.0,36.0,9.0,1.0,14.0,33.0,29.0,21.0,13.0,99.0,9.0,2.0,1.0,0.0,91.0,17.0,3.0,6.0,44.0,25.0,15.0,9.0,4.0,8.0,94.0,17.0,85.0,26.0,70.0,36.0,5.0,18.0,43.0,18.0,9.0,6.0,2.0,15.0,87.0,24.0,64.0,47.0,98.0,6.0,7.0,107.0,4.0,104.0,7.0,97.0,14.0,108.0,3.0,75.0,36.0,24.0,68.0,19.0,61.0,44.0,6.0,28.0,37.0,18.0,27.0,1.0,35.0,40.0,11.0,11.0,14.0,23.0,88.0,69.0,26.0,13.0,3.0,109.0,1.0,1.0,91.0,15.0,5.0,102.0,6.0,3.0,40.0,71.0,96.0,15.0,72.0,35.0,4.0,0.0,98.0,13.0,0.0,53.0,56.0,2.0,101.0,10.0,0.0,106.0,4.0,1.0,0.0,63.0,48.0,57.0,46.0,8.0,0.0,101.0,10.0,0.0,93.0,17.0,1.0,69.0,41.0,1.0,83.0,27.0,1.0,105.0,6.0,0.0,0.0,26.0,51.0,34.0,0.0,Não Atingiu a média
153,23026693,2017,1,2,2301,23006,23,2305803,230580305,2,1,2.0,1.0,1.0,0.0,0.0,0.0,0.0,0.0,0.0,0.0,0.0,0.0,0.0,1.0,1.0,0.0,0.0,0.0,0.0,1.0,0.0,0.0,0.0,0.0,1.0,0.0,1.0,0.0,0.0,0.0,0.0,0.0,0.0,1.0,1.0,0.0,0.0,1.0,0.0,1.0,1.0,1.0,0.0,1.0,0.0,0.0,0.0,1.0,0.0,0.0,0.0,1.0,0.0,0.0,1.0,1.0,0.0,1.0,0.0,0.0,0.0,0.0,0.0,0.0,7.0,7.0,1.0,0.0,1.0,1.0,0.0,0.0,1.0,1.0,1.0,1.0,1.0,1.0,1.0,4.0,0.0,1.0,1.0,0.0,0.0,1.0,2.0,1.0,3.0,1.0,1.0,24.0,5.0,16.0,1.0,1.0,47.0,1.0,0.0,0.0,0.0,0.0,0.0,1.0,0.0,0.0,1.0,0.0,1.0,0.0,0.0,0.0,1.0,1.0,0.0,0.0,0.0,0.0,0.0,1.0,0.0,0.0,0.0,0.0,0.0,0.0,0.0,0.0,0.0,0.0,1.0,0.0,0.0,0.0,0.0,0.0,0.0,23.0,9.0,61.0,6.0,3.0,6.0,0.0,2.0,39.0,35.0,20.0,7.0,1.0,4.0,2.0,106.0,2.0,106.0,69.0,39.0,96.0,12.0,0.0,72.0,35.0,1.0,1.0,88.0,19.0,1.0,14.0,61.0,28.0,4.0,1.0,6.0,26.0,33.0,28.0,14.0,104.0,3.0,1.0,0.0,0.0,96.0,8.0,4.0,7.0,28.0,24.0,12.0,16.0,0.0,21.0,88.0,20.0,75.0,33.0,81.0,25.0,2.0,12.0,21.0,19.0,10.0,12.0,1.0,33.0,72.0,36.0,54.0,54.0,79.0,23.0,6.0,104.0,4.0,102.0,6.0,92.0,16.0,103.0,5.0,79.0,29.0,41.0,56.0,11.0,66.0,39.0,3.0,20.0,31.0,19.0,34.0,4.0,38.0,37.0,10.0,10.0,13.0,5.0,103.0,65.0,36.0,7.0,0.0,103.0,0.0,5.0,72.0,29.0,7.0,105.0,2.0,1.0,20.0,88.0,98.0,10.0,72.0,33.0,1.0,2.0,95.0,11.0,2.0,60.0,47.0,1.0,94.0,12.0,2.0,104.0,3.0,0.0,1.0,68.0,40.0,44.0,58.0,5.0,1.0,102.0,5.0,1.0,83.0,23.0,2.0,83.0,22.0,3.0,84.0,22.0,2.0,97.0,10.0,0.0,1.0,34.0,60.0,14.0,0.0,Não Atingiu a média
154,23137924,2017,1,2,2305,23025,23,2306009,230600905,2,1,1.0,1.0,1.0,0.0,0.0,0.0,0.0,0.0,0.0,0.0,1.0,0.0,0.0,1.0,1.0,0.0,0.0,0.0,0.0,1.0,0.0,0.0,0.0,1.0,1.0,0.0,1.0,0.0,0.0,0.0,0.0,0.0,1.0,1.0,1.0,1.0,1.0,0.0,0.0,0.0,1.0,1.0,0.0,1.0,0.0,0.0,0.0,1.0,0.0,1.0,1.0,1.0,0.0,0.0,1.0,0.0,0.0,1.0,1.0,0.0,0.0,0.0,0.0,0.0,5.0,8.0,1.0,0.0,1.0,0.0,0.0,0.0,0.0,1.0,0.0,1.0,0.0,0.0,1.0,1.0,0.0,1.0,0.0,0.0,0.0,0.0,1.0,0.0,1.0,0.0,0.0,16.0,3.0,13.0,1.0,1.0,42.0,1.0,1.0,0.0,0.0,0.0,0.0,1.0,0.0,0.0,0.0,0.0,1.0,0.0,0.0,0.0,1.0,1.0,0.0,0.0,0.0,0.0,0.0,1.0,0.0,0.0,0.0,0.0,0.0,0.0,0.0,0.0,0.0,0.0,1.0,0.0,0.0,0.0,0.0,0.0,0.0,11.0,7.0,35.0,3.0,1.0,2.0,0.0,1.0,27.0,21.0,5.0,4.0,0.0,1.0,1.0,58.0,2.0,57.0,36.0,23.0,48.0,11.0,0.0,44.0,13.0,2.0,0.0,49.0,10.0,0.0,10.0,36.0,13.0,0.0,0.0,9.0,17.0,18.0,9.0,6.0,50.0,9.0,0.0,0.0,0.0,44.0,8.0,7.0,0.0,16.0,9.0,8.0,13.0,4.0,9.0,53.0,6.0,45.0,14.0,33.0,23.0,3.0,6.0,17.0,9.0,4.0,10.0,1.0,12.0,38.0,21.0,28.0,31.0,44.0,12.0,3.0,57.0,2.0,51.0,8.0,51.0,8.0,59.0,0.0,41.0,18.0,20.0,31.0,8.0,41.0,14.0,4.0,13.0,15.0,11.0,13.0,7.0,19.0,23.0,5.0,6.0,6.0,10.0,49.0,48.0,10.0,1.0,0.0,58.0,0.0,1.0,47.0,11.0,1.0,55.0,2.0,2.0,14.0,45.0,49.0,10.0,38.0,20.0,1.0,0.0,52.0,5.0,2.0,34.0,24.0,1.0,50.0,9.0,0.0,55.0,4.0,0.0,0.0,40.0,19.0,32.0,24.0,3.0,0.0,54.0,5.0,0.0,50.0,9.0,0.0,40.0,19.0,0.0,44.0,15.0,0.0,58.0,1.0,0.0,0.0,17.0,34.0,8.0,0.0,Não Atingiu a média
155,23019565,2017,1,2,2301,23005,23,2306108,230610805,2,1,1.0,1.0,1.0,0.0,0.0,0.0,0.0,0.0,0.0,0.0,1.0,0.0,0.0,1.0,1.0,0.0,1.0,0.0,0.0,1.0,0.0,0.0,0.0,1.0,0.0,0.0,1.0,0.0,0.0,0.0,0.0,1.0,1.0,1.0,0.0,0.0,1.0,1.0,0.0,1.0,1.0,0.0,1.0,1.0,0.0,0.0,0.0,1.0,0.0,1.0,0.0,1.0,0.0,1.0,1.0,0.0,0.0,1.0,0.0,0.0,0.0,0.0,0.0,0.0,14.0,14.0,0.0,0.0,0.0,0.0,1.0,0.0,1.0,0.0,0.0,0.0,0.0,0.0,1.0,0.0,0.0,0.0,0.0,1.0,0.0,2.0,0.0,0.0,0.0,0.0,0.0,16.0,6.0,10.0,1.0,1.0,58.0,1.0,1.0,0.0,0.0,0.0,0.0,1.0,0.0,0.0,1.0,0.0,1.0,0.0,0.0,0.0,1.0,1.0,1.0,0.0,0.0,0.0,0.0,1.0,0.0,0.0,0.0,0.0,0.0,0.0,0.0,0.0,0.0,0.0,1.0,1.0,0.0,0.0,0.0,0.0,0.0,20.0,8.0,127.0,9.0,3.0,11.0,0.0,3.0,64.0,75.0,22.0,7.0,3.0,4.0,13.0,165.0,8.0,170.0,148.0,30.0,155.0,19.0,4.0,151.0,25.0,2.0,6.0,147.0,25.0,7.0,34.0,82.0,46.0,9.0,1.0,15.0,32.0,40.0,32.0,58.0,149.0,24.0,3.0,1.0,1.0,145.0,25.0,8.0,11.0,54.0,29.0,25.0,20.0,3.0,36.0,130.0,48.0,127.0,51.0,99.0,73.0,6.0,19.0,48.0,23.0,17.0,9.0,3.0,59.0,112.0,66.0,85.0,93.0,145.0,28.0,5.0,170.0,8.0,165.0,13.0,166.0,12.0,173.0,5.0,134.0,44.0,68.0,96.0,14.0,113.0,56.0,9.0,48.0,47.0,29.0,43.0,11.0,69.0,51.0,15.0,12.0,31.0,25.0,153.0,93.0,58.0,23.0,4.0,175.0,0.0,3.0,129.0,46.0,3.0,156.0,18.0,4.0,51.0,127.0,160.0,18.0,143.0,31.0,2.0,2.0,159.0,17.0,2.0,114.0,63.0,1.0,146.0,31.0,1.0,164.0,12.0,0.0,2.0,105.0,73.0,105.0,61.0,11.0,1.0,167.0,11.0,0.0,141.0,36.0,1.0,125.0,52.0,1.0,127.0,50.0,1.0,164.0,13.0,0.0,1.0,66.0,99.0,12.0,1.0,Não Atingiu a média
156,23545518,2017,1,2,2301,23005,23,2306108,230610805,2,2,1.0,1.0,1.0,0.0,0.0,0.0,0.0,0.0,0.0,0.0,0.0,0.0,0.0,0.0,0.0,1.0,1.0,0.0,0.0,1.0,0.0,0.0,0.0,0.0,1.0,0.0,1.0,0.0,0.0,0.0,0.0,0.0,1.0,1.0,1.0,1.0,0.0,1.0,0.0,1.0,1.0,1.0,0.0,1.0,0.0,0.0,0.0,1.0,0.0,1.0,0.0,1.0,0.0,1.0,1.0,1.0,0.0,0.0,1.0,0.0,0.0,0.0,0.0,0.0,10.0,8.0,1.0,0.0,1.0,1.0,1.0,1.0,1.0,1.0,1.0,1.0,0.0,1.0,1.0,1.0,0.0,2.0,1.0,1.0,1.0,1.0,3.0,2.0,1.0,0.0,1.0,31.0,5.0,15.0,1.0,0.0,30.0,1.0,0.0,0.0,0.0,0.0,0.0,1.0,0.0,0.0,0.0,0.0,1.0,0.0,0.0,0.0,1.0,1.0,0.0,0.0,0.0,0.0,0.0,1.0,0.0,0.0,0.0,0.0,0.0,0.0,0.0,0.0,0.0,0.0,1.0,0.0,0.0,0.0,0.0,0.0,0.0,7.0,7.0,62.0,2.0,0.0,5.0,0.0,1.0,41.0,25.0,13.0,1.0,1.0,1.0,2.0,81.0,8.0,75.0,74.0,9.0,82.0,1.0,0.0,70.0,11.0,2.0,2.0,68.0,13.0,0.0,4.0,51.0,22.0,6.0,1.0,5.0,14.0,12.0,23.0,28.0,75.0,8.0,0.0,0.0,0.0,68.0,9.0,6.0,7.0,23.0,13.0,7.0,12.0,3.0,18.0,64.0,19.0,59.0,24.0,52.0,25.0,6.0,18.0,17.0,7.0,4.0,7.0,1.0,29.0,50.0,33.0,44.0,39.0,68.0,13.0,2.0,79.0,4.0,73.0,10.0,73.0,10.0,77.0,6.0,67.0,16.0,26.0,51.0,6.0,49.0,27.0,7.0,21.0,20.0,14.0,22.0,6.0,25.0,24.0,10.0,7.0,17.0,5.0,78.0,23.0,45.0,10.0,5.0,82.0,0.0,1.0,65.0,15.0,3.0,78.0,2.0,3.0,31.0,52.0,77.0,6.0,53.0,27.0,2.0,1.0,70.0,12.0,1.0,43.0,37.0,3.0,70.0,11.0,2.0,73.0,9.0,0.0,1.0,57.0,26.0,39.0,40.0,4.0,0.0,80.0,3.0,0.0,61.0,19.0,3.0,65.0,18.0,0.0,61.0,20.0,2.0,70.0,13.0,0.0,0.0,19.0,50.0,12.0,2.0,Não Atingiu a média
157,23076194,2017,1,2,2303,23016,23,2306256,230625605,2,1,2.0,1.0,1.0,0.0,0.0,0.0,0.0,0.0,0.0,0.0,1.0,0.0,1.0,1.0,1.0,0.0,0.0,0.0,0.0,1.0,0.0,0.0,0.0,0.0,1.0,0.0,1.0,0.0,0.0,0.0,0.0,0.0,1.0,1.0,1.0,1.0,0.0,0.0,1.0,1.0,1.0,1.0,0.0,1.0,0.0,0.0,0.0,1.0,0.0,1.0,1.0,1.0,1.0,0.0,1.0,0.0,0.0,1.0,0.0,0.0,0.0,1.0,0.0,0.0,7.0,7.0,1.0,0.0,1.0,0.0,1.0,1.0,1.0,1.0,1.0,1.0,1.0,0.0,1.0,1.0,0.0,1.0,0.0,1.0,1.0,1.0,1.0,1.0,1.0,1.0,0.0,21.0,7.0,14.0,1.0,1.0,32.0,1.0,0.0,0.0,0.0,0.0,0.0,1.0,0.0,0.0,0.0,0.0,1.0,0.0,0.0,0.0,1.0,1.0,0.0,0.0,0.0,0.0,0.0,1.0,0.0,0.0,0.0,0.0,0.0,0.0,0.0,0.0,0.0,0.0,1.0,0.0,0.0,0.0,0.0,0.0,0.0,4.0,2.0,36.0,0.0,1.0,4.0,0.0,1.0,12.0,21.0,9.0,4.0,0.0,0.0,2.0,45.0,1.0,46.0,30.0,17.0,35.0,10.0,2.0,31.0,14.0,2.0,0.0,32.0,15.0,0.0,7.0,26.0,10.0,4.0,0.0,7.0,6.0,13.0,11.0,10.0,41.0,5.0,1.0,0.0,0.0,40.0,6.0,1.0,0.0,10.0,9.0,8.0,11.0,1.0,8.0,40.0,7.0,35.0,12.0,24.0,20.0,3.0,3.0,9.0,6.0,3.0,9.0,1.0,16.0,35.0,12.0,26.0,21.0,23.0,20.0,4.0,46.0,1.0,44.0,3.0,44.0,3.0,45.0,2.0,30.0,17.0,12.0,31.0,4.0,33.0,12.0,2.0,7.0,15.0,6.0,14.0,5.0,25.0,15.0,0.0,2.0,5.0,5.0,42.0,32.0,14.0,0.0,1.0,44.0,0.0,3.0,31.0,12.0,4.0,43.0,4.0,0.0,11.0,36.0,41.0,6.0,23.0,24.0,0.0,0.0,41.0,6.0,0.0,22.0,24.0,1.0,38.0,8.0,1.0,42.0,5.0,0.0,0.0,23.0,24.0,18.0,26.0,3.0,0.0,44.0,2.0,1.0,37.0,10.0,0.0,29.0,18.0,0.0,25.0,21.0,1.0,34.0,12.0,1.0,0.0,14.0,24.0,9.0,0.0,Não Atingiu a média
158,23462329,2017,1,2,2303,23016,23,2306256,230625605,2,2,1.0,1.0,1.0,0.0,0.0,0.0,0.0,0.0,0.0,0.0,0.0,0.0,0.0,1.0,1.0,0.0,0.0,0.0,0.0,1.0,0.0,0.0,0.0,0.0,1.0,0.0,1.0,0.0,0.0,1.0,0.0,0.0,1.0,1.0,1.0,1.0,0.0,1.0,0.0,1.0,1.0,0.0,1.0,1.0,0.0,0.0,0.0,1.0,0.0,1.0,0.0,1.0,1.0,0.0,1.0,1.0,0.0,1.0,0.0,0.0,0.0,0.0,0.0,0.0,5.0,5.0,1.0,0.0,0.0,0.0,0.0,0.0,1.0,1.0,0.0,1.0,0.0,0.0,1.0,1.0,0.0,0.0,0.0,0.0,0.0,1.0,1.0,0.0,1.0,0.0,0.0,25.0,5.0,20.0,1.0,0.0,26.0,1.0,0.0,0.0,0.0,0.0,0.0,1.0,0.0,0.0,1.0,0.0,1.0,0.0,0.0,0.0,1.0,1.0,1.0,0.0,0.0,0.0,0.0,1.0,0.0,0.0,0.0,0.0,0.0,0.0,0.0,0.0,0.0,0.0,1.0,1.0,0.0,0.0,0.0,0.0,0.0,5.0,1.0,56.0,2.0,2.0,2.0,0.0,0.0,22.0,32.0,9.0,3.0,1.0,1.0,2.0,66.0,1.0,67.0,41.0,27.0,53.0,14.0,1.0,54.0,11.0,3.0,0.0,51.0,17.0,0.0,13.0,30.0,21.0,4.0,0.0,6.0,9.0,24.0,17.0,12.0,64.0,4.0,0.0,0.0,0.0,56.0,7.0,5.0,4.0,17.0,9.0,9.0,16.0,3.0,10.0,52.0,16.0,45.0,23.0,42.0,22.0,4.0,7.0,13.0,10.0,8.0,11.0,0.0,19.0,47.0,21.0,33.0,35.0,25.0,38.0,5.0,67.0,1.0,63.0,5.0,57.0,11.0,67.0,1.0,45.0,23.0,17.0,37.0,14.0,38.0,26.0,4.0,19.0,24.0,10.0,13.0,2.0,25.0,21.0,5.0,3.0,14.0,8.0,60.0,35.0,29.0,2.0,2.0,66.0,0.0,2.0,48.0,17.0,3.0,60.0,8.0,0.0,9.0,59.0,61.0,7.0,56.0,11.0,1.0,0.0,61.0,6.0,1.0,35.0,32.0,1.0,58.0,9.0,1.0,64.0,4.0,0.0,0.0,43.0,25.0,46.0,20.0,2.0,0.0,64.0,4.0,0.0,53.0,15.0,0.0,40.0,28.0,0.0,43.0,25.0,0.0,68.0,0.0,0.0,0.0,16.0,30.0,22.0,0.0,Não Atingiu a média
159,23041811,2017,1,2,2302,23010,23,2306306,230630605,2,1,2.0,1.0,1.0,0.0,0.0,0.0,0.0,0.0,0.0,0.0,1.0,0.0,0.0,1.0,1.0,1.0,1.0,1.0,0.0,1.0,0.0,0.0,0.0,1.0,1.0,0.0,1.0,0.0,0.0,0.0,0.0,0.0,1.0,1.0,0.0,0.0,0.0,1.0,0.0,1.0,1.0,0.0,0.0,0.0,0.0,0.0,0.0,1.0,0.0,1.0,0.0,1.0,0.0,0.0,1.0,1.0,0.0,1.0,0.0,0.0,0.0,0.0,0.0,0.0,15.0,9.0,1.0,0.0,0.0,0.0,1.0,0.0,1.0,1.0,1.0,1.0,0.0,0.0,1.0,2.0,0.0,0.0,0.0,1.0,0.0,1.0,1.0,1.0,2.0,0.0,0.0,25.0,7.0,18.0,1.0,1.0,44.0,1.0,0.0,0.0,0.0,0.0,0.0,1.0,0.0,0.0,1.0,0.0,1.0,0.0,0.0,0.0,1.0,0.0,0.0,0.0,0.0,0.0,0.0,1.0,0.0,0.0,0.0,0.0,0.0,0.0,0.0,0.0,0.0,0.0,0.0,0.0,0.0,0.0,0.0,0.0,0.0,20.0,13.0,113.0,4.0,9.0,19.0,0.0,4.0,49.0,89.0,17.0,5.0,4.0,10.0,8.0,170.0,4.0,174.0,151.0,27.0,163.0,13.0,2.0,153.0,22.0,3.0,6.0,155.0,17.0,6.0,31.0,80.0,54.0,7.0,2.0,18.0,32.0,49.0,39.0,38.0,165.0,9.0,4.0,0.0,0.0,157.0,18.0,3.0,18.0,61.0,34.0,15.0,18.0,5.0,27.0,138.0,40.0,129.0,49.0,123.0,50.0,5.0,35.0,47.0,22.0,12.0,12.0,3.0,47.0,113.0,65.0,91.0,87.0,140.0,29.0,9.0,172.0,6.0,166.0,12.0,167.0,11.0,172.0,6.0,142.0,36.0,69.0,97.0,12.0,105.0,61.0,12.0,57.0,53.0,23.0,26.0,19.0,61.0,53.0,14.0,11.0,39.0,20.0,158.0,122.0,45.0,5.0,6.0,173.0,1.0,4.0,133.0,36.0,9.0,159.0,17.0,2.0,73.0,105.0,164.0,14.0,119.0,53.0,5.0,1.0,167.0,10.0,1.0,96.0,80.0,2.0,131.0,47.0,0.0,161.0,13.0,4.0,0.0,124.0,54.0,108.0,61.0,8.0,1.0,162.0,14.0,2.0,167.0,11.0,0.0,123.0,54.0,1.0,107.0,69.0,2.0,158.0,19.0,1.0,0.0,66.0,84.0,27.0,1.0,Não Atingiu a média
160,23041854,2017,1,2,2302,23010,23,2306306,230630605,2,1,2.0,1.0,1.0,0.0,0.0,0.0,0.0,0.0,0.0,0.0,0.0,0.0,0.0,1.0,1.0,0.0,1.0,0.0,0.0,1.0,0.0,0.0,0.0,1.0,1.0,0.0,1.0,0.0,0.0,1.0,0.0,0.0,1.0,1.0,1.0,0.0,1.0,1.0,0.0,1.0,1.0,0.0,0.0,0.0,0.0,0.0,0.0,1.0,0.0,1.0,1.0,1.0,0.0,0.0,1.0,1.0,1.0,1.0,1.0,0.0,0.0,0.0,0.0,0.0,14.0,14.0,0.0,0.0,0.0,0.0,0.0,0.0,0.0,0.0,0.0,0.0,0.0,0.0,1.0,0.0,0.0,0.0,0.0,0.0,0.0,0.0,0.0,0.0,0.0,0.0,0.0,25.0,10.0,15.0,1.0,1.0,45.0,1.0,1.0,0.0,0.0,0.0,0.0,1.0,0.0,0.0,1.0,0.0,1.0,0.0,0.0,0.0,1.0,0.0,0.0,0.0,0.0,0.0,0.0,1.0,0.0,0.0,0.0,0.0,0.0,0.0,0.0,0.0,0.0,0.0,0.0,0.0,0.0,0.0,0.0,0.0,0.0,44.0,14.0,154.0,10.0,10.0,23.0,0.0,6.0,61.0,124.0,36.0,17.0,4.0,7.0,9.0,246.0,11.0,244.0,199.0,56.0,225.0,26.0,4.0,202.0,51.0,2.0,7.0,208.0,40.0,10.0,61.0,128.0,35.0,21.0,1.0,24.0,51.0,74.0,55.0,50.0,229.0,19.0,4.0,0.0,3.0,216.0,33.0,6.0,12.0,72.0,58.0,25.0,25.0,9.0,54.0,214.0,41.0,188.0,67.0,144.0,102.0,9.0,21.0,54.0,36.0,24.0,24.0,6.0,90.0,179.0,76.0,118.0,137.0,161.0,75.0,19.0,249.0,6.0,235.0,20.0,215.0,40.0,248.0,7.0,172.0,83.0,73.0,153.0,29.0,171.0,72.0,12.0,60.0,65.0,51.0,58.0,21.0,86.0,75.0,19.0,23.0,52.0,35.0,220.0,165.0,70.0,18.0,2.0,239.0,1.0,15.0,195.0,46.0,14.0,234.0,15.0,6.0,73.0,182.0,217.0,38.0,152.0,91.0,9.0,3.0,225.0,29.0,1.0,146.0,106.0,3.0,210.0,42.0,3.0,209.0,39.0,6.0,1.0,144.0,111.0,139.0,100.0,16.0,0.0,235.0,18.0,2.0,207.0,47.0,1.0,173.0,78.0,4.0,200.0,55.0,0.0,225.0,27.0,2.0,1.0,50.0,122.0,80.0,3.0,Não Atingiu a média
161,23035684,2017,1,2,2302,23008,23,2306405,230640505,2,1,1.0,1.0,1.0,0.0,0.0,0.0,0.0,0.0,0.0,0.0,0.0,0.0,0.0,1.0,1.0,0.0,0.0,0.0,0.0,1.0,0.0,0.0,0.0,1.0,1.0,0.0,1.0,0.0,0.0,0.0,0.0,0.0,1.0,1.0,1.0,0.0,0.0,1.0,0.0,1.0,1.0,0.0,0.0,0.0,0.0,0.0,0.0,1.0,0.0,1.0,0.0,1.0,0.0,0.0,1.0,0.0,0.0,1.0,0.0,0.0,0.0,0.0,0.0,0.0,11.0,25.0,0.0,0.0,0.0,0.0,0.0,0.0,0.0,0.0,0.0,0.0,0.0,0.0,1.0,0.0,0.0,0.0,0.0,0.0,0.0,0.0,0.0,0.0,0.0,0.0,0.0,36.0,6.0,30.0,1.0,1.0,83.0,1.0,0.0,0.0,0.0,0.0,0.0,1.0,0.0,0.0,1.0,0.0,1.0,0.0,0.0,0.0,1.0,0.0,0.0,0.0,0.0,0.0,0.0,1.0,0.0,0.0,0.0,0.0,0.0,0.0,0.0,0.0,0.0,0.0,0.0,0.0,0.0,0.0,0.0,0.0,0.0,37.0,30.0,199.0,11.0,12.0,19.0,0.0,2.0,117.0,131.0,36.0,12.0,7.0,3.0,15.0,293.0,6.0,302.0,238.0,70.0,265.0,36.0,7.0,243.0,57.0,8.0,6.0,233.0,69.0,1.0,39.0,143.0,91.0,34.0,2.0,21.0,57.0,82.0,68.0,78.0,277.0,19.0,8.0,3.0,1.0,262.0,35.0,11.0,10.0,78.0,40.0,50.0,50.0,15.0,65.0,260.0,48.0,241.0,67.0,189.0,105.0,14.0,24.0,58.0,48.0,31.0,29.0,7.0,111.0,227.0,81.0,175.0,133.0,216.0,75.0,17.0,300.0,8.0,288.0,20.0,272.0,36.0,304.0,4.0,227.0,81.0,113.0,170.0,25.0,187.0,91.0,30.0,59.0,91.0,44.0,84.0,30.0,100.0,107.0,21.0,27.0,53.0,33.0,275.0,209.0,70.0,23.0,6.0,281.0,6.0,21.0,232.0,63.0,13.0,290.0,16.0,2.0,99.0,209.0,258.0,50.0,224.0,77.0,4.0,3.0,275.0,26.0,7.0,148.0,149.0,11.0,228.0,73.0,7.0,268.0,32.0,3.0,5.0,202.0,106.0,209.0,90.0,7.0,2.0,290.0,15.0,3.0,255.0,51.0,2.0,200.0,103.0,5.0,181.0,119.0,8.0,286.0,20.0,0.0,2.0,50.0,126.0,95.0,37.0,Não Atingiu a média
162,23264888,2017,1,2,2302,23008,23,2306405,230640505,2,2,2.0,1.0,1.0,0.0,0.0,0.0,0.0,0.0,0.0,0.0,0.0,0.0,0.0,0.0,0.0,0.0,1.0,0.0,0.0,1.0,0.0,0.0,0.0,0.0,1.0,0.0,1.0,0.0,0.0,0.0,0.0,0.0,1.0,1.0,1.0,1.0,0.0,1.0,0.0,1.0,1.0,1.0,0.0,1.0,0.0,0.0,0.0,1.0,0.0,1.0,1.0,1.0,1.0,1.0,1.0,1.0,1.0,1.0,1.0,0.0,0.0,0.0,1.0,0.0,12.0,7.0,1.0,0.0,1.0,0.0,0.0,0.0,1.0,0.0,1.0,1.0,0.0,0.0,1.0,2.0,0.0,1.0,0.0,0.0,0.0,1.0,0.0,1.0,1.0,0.0,0.0,62.0,22.0,40.0,1.0,1.0,38.0,1.0,0.0,0.0,0.0,0.0,0.0,1.0,0.0,0.0,0.0,0.0,1.0,0.0,0.0,0.0,1.0,0.0,0.0,0.0,0.0,0.0,0.0,1.0,0.0,0.0,0.0,0.0,0.0,0.0,0.0,0.0,0.0,0.0,0.0,0.0,0.0,0.0,0.0,0.0,0.0,34.0,8.0,94.0,8.0,11.0,10.0,0.0,4.0,62.0,63.0,19.0,10.0,3.0,4.0,9.0,156.0,8.0,157.0,140.0,25.0,137.0,22.0,6.0,139.0,25.0,1.0,10.0,124.0,31.0,3.0,12.0,65.0,55.0,30.0,0.0,9.0,23.0,39.0,43.0,51.0,155.0,6.0,4.0,0.0,0.0,145.0,17.0,3.0,6.0,41.0,35.0,26.0,24.0,10.0,23.0,146.0,19.0,127.0,38.0,121.0,38.0,6.0,23.0,40.0,35.0,8.0,11.0,2.0,46.0,115.0,50.0,91.0,74.0,120.0,37.0,8.0,163.0,2.0,155.0,10.0,146.0,19.0,163.0,2.0,130.0,35.0,50.0,101.0,14.0,82.0,60.0,23.0,52.0,42.0,18.0,32.0,21.0,46.0,47.0,13.0,28.0,31.0,16.0,149.0,120.0,33.0,10.0,2.0,161.0,2.0,2.0,128.0,27.0,10.0,160.0,5.0,0.0,54.0,111.0,148.0,17.0,112.0,46.0,5.0,2.0,147.0,12.0,6.0,84.0,75.0,6.0,114.0,47.0,4.0,145.0,13.0,4.0,3.0,131.0,34.0,111.0,43.0,8.0,3.0,156.0,7.0,2.0,134.0,29.0,2.0,107.0,56.0,2.0,88.0,75.0,2.0,144.0,15.0,3.0,3.0,38.0,84.0,42.0,1.0,Não Atingiu a média
163,23054808,2017,1,2,2302,23013,23,2306504,230650405,2,1,1.0,1.0,1.0,0.0,0.0,0.0,0.0,0.0,0.0,0.0,0.0,0.0,0.0,1.0,1.0,0.0,0.0,0.0,0.0,1.0,0.0,0.0,0.0,0.0,1.0,0.0,1.0,0.0,0.0,0.0,0.0,0.0,1.0,1.0,1.0,0.0,1.0,1.0,0.0,1.0,1.0,1.0,1.0,1.0,0.0,0.0,0.0,1.0,0.0,1.0,0.0,1.0,1.0,0.0,1.0,1.0,0.0,1.0,0.0,0.0,0.0,1.0,0.0,0.0,10.0,10.0,1.0,0.0,0.0,0.0,0.0,0.0,1.0,0.0,1.0,1.0,0.0,1.0,1.0,1.0,0.0,0.0,0.0,0.0,0.0,1.0,0.0,2.0,2.0,0.0,2.0,45.0,10.0,35.0,1.0,1.0,61.0,1.0,1.0,0.0,0.0,0.0,0.0,1.0,0.0,0.0,1.0,0.0,1.0,0.0,0.0,0.0,1.0,1.0,0.0,0.0,0.0,0.0,0.0,1.0,0.0,0.0,0.0,0.0,0.0,0.0,0.0,0.0,0.0,0.0,1.0,0.0,0.0,0.0,0.0,0.0,0.0,23.0,27.0,84.0,17.0,3.0,8.0,0.0,4.0,50.0,65.0,23.0,14.0,2.0,4.0,8.0,154.0,2.0,160.0,113.0,49.0,140.0,20.0,2.0,123.0,37.0,2.0,3.0,127.0,32.0,3.0,17.0,89.0,44.0,9.0,0.0,19.0,43.0,43.0,30.0,27.0,144.0,14.0,2.0,2.0,0.0,138.0,21.0,3.0,11.0,46.0,30.0,22.0,21.0,7.0,25.0,134.0,28.0,110.0,52.0,93.0,63.0,6.0,15.0,41.0,28.0,21.0,9.0,6.0,42.0,103.0,59.0,76.0,86.0,81.0,59.0,22.0,156.0,6.0,146.0,16.0,141.0,21.0,152.0,10.0,116.0,46.0,53.0,97.0,12.0,100.0,55.0,7.0,42.0,54.0,21.0,34.0,11.0,57.0,48.0,13.0,14.0,30.0,24.0,138.0,117.0,29.0,10.0,6.0,157.0,1.0,4.0,100.0,46.0,16.0,147.0,10.0,5.0,47.0,115.0,150.0,12.0,134.0,27.0,1.0,0.0,143.0,15.0,4.0,83.0,76.0,3.0,134.0,27.0,1.0,152.0,10.0,0.0,0.0,116.0,46.0,109.0,45.0,6.0,2.0,152.0,7.0,3.0,120.0,38.0,4.0,109.0,50.0,3.0,101.0,54.0,7.0,135.0,24.0,0.0,3.0,37.0,92.0,32.0,1.0,Não Atingiu a média
164,23545437,2017,1,2,2301,23001,23,2306553,230655305,2,1,2.0,1.0,1.0,0.0,0.0,0.0,0.0,0.0,0.0,0.0,0.0,0.0,0.0,1.0,1.0,1.0,1.0,0.0,0.0,1.0,0.0,0.0,0.0,1.0,1.0,0.0,1.0,0.0,0.0,0.0,0.0,0.0,1.0,1.0,1.0,1.0,0.0,1.0,0.0,1.0,1.0,0.0,1.0,1.0,0.0,0.0,0.0,1.0,0.0,1.0,1.0,1.0,1.0,0.0,1.0,1.0,0.0,1.0,1.0,0.0,0.0,1.0,0.0,0.0,8.0,8.0,1.0,0.0,1.0,0.0,0.0,0.0,0.0,1.0,1.0,1.0,0.0,0.0,1.0,2.0,0.0,1.0,0.0,0.0,0.0,0.0,1.0,2.0,1.0,0.0,0.0,15.0,3.0,12.0,1.0,1.0,30.0,1.0,0.0,0.0,0.0,0.0,0.0,1.0,0.0,0.0,1.0,0.0,1.0,0.0,0.0,0.0,1.0,0.0,0.0,0.0,0.0,0.0,0.0,1.0,0.0,0.0,0.0,0.0,0.0,0.0,0.0,0.0,0.0,0.0,0.0,0.0,0.0,0.0,0.0,0.0,0.0,11.0,7.0,43.0,2.0,7.0,6.0,0.0,1.0,35.0,33.0,2.0,2.0,2.0,1.0,5.0,71.0,3.0,73.0,55.0,21.0,66.0,10.0,0.0,57.0,17.0,2.0,1.0,54.0,21.0,2.0,7.0,23.0,32.0,12.0,0.0,7.0,11.0,24.0,15.0,19.0,70.0,5.0,1.0,0.0,0.0,61.0,12.0,3.0,7.0,18.0,11.0,11.0,11.0,4.0,14.0,56.0,20.0,51.0,25.0,46.0,27.0,3.0,8.0,14.0,18.0,9.0,2.0,2.0,23.0,49.0,27.0,41.0,35.0,60.0,15.0,1.0,74.0,2.0,67.0,9.0,65.0,11.0,75.0,1.0,53.0,23.0,37.0,36.0,3.0,47.0,24.0,5.0,15.0,30.0,9.0,15.0,7.0,39.0,21.0,3.0,5.0,8.0,9.0,67.0,51.0,20.0,4.0,1.0,71.0,2.0,3.0,63.0,10.0,3.0,70.0,6.0,0.0,23.0,53.0,70.0,6.0,51.0,23.0,1.0,1.0,69.0,7.0,0.0,51.0,25.0,0.0,62.0,14.0,0.0,73.0,3.0,0.0,0.0,42.0,34.0,36.0,35.0,5.0,0.0,73.0,3.0,0.0,65.0,11.0,0.0,62.0,13.0,1.0,51.0,25.0,0.0,72.0,3.0,1.0,0.0,57.0,19.0,0.0,0.0,Não Atingiu a média
165,23134488,2017,1,2,2305,23024,23,2306702,230670205,2,1,1.0,1.0,1.0,0.0,0.0,0.0,0.0,0.0,0.0,0.0,0.0,0.0,0.0,1.0,1.0,0.0,0.0,0.0,0.0,1.0,0.0,0.0,0.0,0.0,1.0,0.0,1.0,0.0,0.0,0.0,0.0,0.0,1.0,1.0,1.0,0.0,1.0,1.0,0.0,1.0,1.0,1.0,0.0,1.0,0.0,0.0,0.0,1.0,0.0,1.0,0.0,1.0,1.0,0.0,1.0,1.0,1.0,1.0,0.0,0.0,0.0,0.0,0.0,0.0,8.0,8.0,1.0,0.0,1.0,0.0,0.0,0.0,1.0,1.0,1.0,1.0,0.0,1.0,1.0,3.0,0.0,2.0,0.0,0.0,0.0,1.0,2.0,1.0,4.0,0.0,1.0,27.0,5.0,22.0,1.0,1.0,45.0,1.0,1.0,0.0,0.0,0.0,0.0,1.0,0.0,0.0,1.0,0.0,1.0,0.0,0.0,0.0,1.0,1.0,0.0,0.0,0.0,0.0,0.0,1.0,0.0,0.0,0.0,0.0,0.0,0.0,0.0,0.0,0.0,0.0,1.0,0.0,0.0,0.0,0.0,0.0,0.0,32.0,11.0,103.0,7.0,3.0,7.0,0.0,14.0,64.0,46.0,21.0,10.0,6.0,2.0,7.0,156.0,5.0,158.0,95.0,68.0,134.0,27.0,2.0,124.0,37.0,2.0,2.0,124.0,37.0,1.0,22.0,91.0,41.0,8.0,1.0,16.0,37.0,57.0,29.0,23.0,153.0,8.0,0.0,2.0,0.0,132.0,25.0,6.0,9.0,47.0,25.0,18.0,40.0,11.0,13.0,135.0,28.0,122.0,41.0,91.0,60.0,12.0,23.0,50.0,17.0,17.0,22.0,3.0,31.0,95.0,68.0,73.0,90.0,114.0,35.0,14.0,160.0,3.0,146.0,17.0,139.0,24.0,153.0,10.0,113.0,50.0,46.0,89.0,28.0,105.0,46.0,12.0,41.0,43.0,15.0,58.0,6.0,46.0,54.0,16.0,19.0,28.0,28.0,135.0,113.0,32.0,17.0,1.0,154.0,1.0,8.0,118.0,37.0,8.0,143.0,18.0,2.0,41.0,122.0,122.0,41.0,79.0,73.0,11.0,0.0,122.0,37.0,4.0,75.0,83.0,5.0,122.0,35.0,6.0,156.0,4.0,0.0,3.0,107.0,56.0,90.0,61.0,11.0,1.0,143.0,18.0,2.0,106.0,55.0,2.0,93.0,67.0,3.0,95.0,64.0,4.0,159.0,3.0,0.0,1.0,28.0,71.0,64.0,0.0,Não Atingiu a média
166,23170492,2017,1,2,2307,23033,23,2307205,230720505,2,1,1.0,1.0,1.0,0.0,0.0,0.0,0.0,0.0,0.0,0.0,0.0,0.0,0.0,1.0,0.0,1.0,1.0,0.0,0.0,1.0,0.0,0.0,0.0,0.0,1.0,0.0,1.0,0.0,0.0,0.0,0.0,1.0,1.0,1.0,1.0,1.0,1.0,1.0,0.0,1.0,1.0,0.0,0.0,0.0,0.0,0.0,0.0,1.0,0.0,1.0,0.0,1.0,0.0,0.0,1.0,1.0,1.0,1.0,0.0,0.0,0.0,0.0,0.0,0.0,8.0,8.0,1.0,0.0,1.0,1.0,0.0,0.0,1.0,1.0,1.0,1.0,0.0,1.0,1.0,2.0,0.0,2.0,1.0,0.0,0.0,2.0,2.0,1.0,4.0,0.0,2.0,33.0,12.0,21.0,1.0,1.0,46.0,1.0,1.0,0.0,0.0,0.0,0.0,1.0,0.0,0.0,1.0,0.0,1.0,0.0,0.0,0.0,1.0,1.0,0.0,0.0,0.0,0.0,0.0,1.0,0.0,0.0,0.0,0.0,0.0,0.0,0.0,0.0,0.0,0.0,1.0,0.0,0.0,0.0,0.0,0.0,0.0,13.0,3.0,31.0,2.0,1.0,8.0,0.0,0.0,24.0,28.0,5.0,0.0,0.0,1.0,2.0,56.0,3.0,55.0,34.0,24.0,37.0,17.0,4.0,39.0,17.0,2.0,0.0,38.0,20.0,0.0,5.0,23.0,25.0,5.0,0.0,7.0,8.0,25.0,13.0,5.0,48.0,7.0,2.0,1.0,0.0,50.0,7.0,1.0,3.0,15.0,6.0,1.0,19.0,8.0,6.0,48.0,10.0,41.0,17.0,43.0,14.0,1.0,4.0,13.0,6.0,7.0,16.0,1.0,11.0,43.0,15.0,25.0,33.0,39.0,19.0,0.0,56.0,2.0,54.0,4.0,54.0,4.0,57.0,1.0,42.0,16.0,19.0,35.0,4.0,30.0,24.0,4.0,23.0,15.0,6.0,12.0,2.0,19.0,23.0,2.0,5.0,9.0,6.0,52.0,37.0,17.0,3.0,1.0,56.0,0.0,2.0,38.0,17.0,3.0,57.0,1.0,0.0,13.0,45.0,47.0,11.0,37.0,18.0,3.0,0.0,53.0,3.0,2.0,33.0,21.0,4.0,45.0,11.0,2.0,52.0,5.0,0.0,1.0,38.0,20.0,33.0,23.0,2.0,0.0,54.0,4.0,0.0,45.0,12.0,1.0,43.0,14.0,1.0,38.0,20.0,0.0,54.0,3.0,1.0,0.0,23.0,30.0,5.0,0.0,Não Atingiu a média
167,23164808,2017,1,2,2307,23032,23,2307304,230730405,2,1,2.0,1.0,1.0,0.0,0.0,0.0,0.0,0.0,0.0,0.0,0.0,0.0,0.0,1.0,1.0,0.0,1.0,0.0,0.0,1.0,0.0,0.0,0.0,0.0,1.0,0.0,1.0,0.0,0.0,0.0,0.0,0.0,1.0,1.0,1.0,1.0,0.0,1.0,1.0,1.0,1.0,1.0,1.0,1.0,0.0,0.0,1.0,1.0,0.0,1.0,1.0,1.0,1.0,0.0,1.0,0.0,0.0,1.0,1.0,0.0,0.0,0.0,0.0,0.0,20.0,20.0,1.0,0.0,1.0,1.0,1.0,0.0,1.0,1.0,1.0,1.0,0.0,1.0,1.0,2.0,0.0,2.0,1.0,1.0,0.0,1.0,2.0,1.0,16.0,0.0,1.0,37.0,7.0,30.0,1.0,1.0,94.0,1.0,0.0,0.0,0.0,0.0,0.0,1.0,0.0,0.0,1.0,0.0,1.0,0.0,0.0,0.0,1.0,0.0,0.0,0.0,0.0,0.0,0.0,1.0,0.0,0.0,0.0,0.0,0.0,0.0,0.0,0.0,0.0,0.0,0.0,0.0,0.0,0.0,0.0,0.0,0.0,78.0,51.0,266.0,17.0,7.0,21.0,0.0,2.0,139.0,188.0,67.0,17.0,13.0,14.0,8.0,432.0,3.0,437.0,276.0,164.0,339.0,90.0,11.0,269.0,154.0,17.0,4.0,345.0,91.0,0.0,54.0,291.0,78.0,17.0,2.0,42.0,73.0,123.0,100.0,100.0,403.0,25.0,9.0,1.0,2.0,360.0,67.0,13.0,25.0,104.0,83.0,75.0,90.0,16.0,47.0,391.0,49.0,317.0,123.0,246.0,182.0,12.0,38.0,76.0,76.0,54.0,67.0,9.0,120.0,318.0,122.0,201.0,239.0,238.0,142.0,60.0,425.0,15.0,386.0,54.0,368.0,72.0,424.0,16.0,283.0,157.0,125.0,260.0,55.0,304.0,127.0,9.0,95.0,126.0,76.0,123.0,20.0,146.0,154.0,34.0,46.0,60.0,103.0,337.0,301.0,110.0,21.0,8.0,409.0,6.0,25.0,293.0,114.0,33.0,394.0,37.0,9.0,104.0,336.0,381.0,59.0,305.0,123.0,10.0,2.0,389.0,50.0,1.0,274.0,161.0,5.0,385.0,54.0,1.0,402.0,36.0,1.0,1.0,250.0,190.0,260.0,155.0,24.0,1.0,416.0,24.0,0.0,348.0,90.0,2.0,306.0,132.0,2.0,341.0,98.0,1.0,402.0,29.0,8.0,1.0,83.0,247.0,109.0,1.0,Não Atingiu a média
168,23164867,2017,1,2,2307,23032,23,2307304,230730405,2,1,1.0,1.0,1.0,0.0,0.0,0.0,0.0,0.0,0.0,0.0,0.0,0.0,0.0,1.0,1.0,0.0,0.0,0.0,0.0,1.0,0.0,0.0,0.0,1.0,1.0,0.0,1.0,0.0,0.0,0.0,0.0,0.0,1.0,1.0,1.0,0.0,1.0,1.0,0.0,1.0,1.0,0.0,0.0,0.0,0.0,0.0,0.0,1.0,0.0,1.0,0.0,1.0,1.0,0.0,1.0,1.0,0.0,0.0,0.0,0.0,0.0,0.0,0.0,0.0,11.0,11.0,1.0,1.0,1.0,1.0,1.0,1.0,1.0,1.0,1.0,1.0,0.0,1.0,1.0,1.0,1.0,2.0,1.0,1.0,1.0,2.0,1.0,1.0,1.0,0.0,1.0,5.0,5.0,5.0,1.0,1.0,83.0,1.0,1.0,0.0,0.0,0.0,0.0,1.0,0.0,0.0,1.0,0.0,1.0,0.0,0.0,0.0,1.0,1.0,1.0,0.0,0.0,0.0,0.0,1.0,0.0,0.0,0.0,0.0,0.0,0.0,0.0,0.0,0.0,0.0,1.0,1.0,0.0,0.0,0.0,0.0,0.0,31.0,13.0,85.0,8.0,1.0,6.0,0.0,2.0,57.0,51.0,18.0,12.0,2.0,2.0,2.0,142.0,1.0,143.0,87.0,57.0,108.0,35.0,1.0,69.0,64.0,11.0,2.0,94.0,48.0,2.0,11.0,87.0,39.0,5.0,1.0,17.0,33.0,37.0,38.0,18.0,131.0,12.0,1.0,0.0,0.0,124.0,14.0,6.0,3.0,23.0,18.0,26.0,53.0,4.0,17.0,133.0,11.0,108.0,36.0,76.0,65.0,3.0,12.0,19.0,31.0,16.0,32.0,1.0,33.0,124.0,20.0,73.0,71.0,81.0,52.0,11.0,141.0,3.0,129.0,15.0,122.0,22.0,141.0,3.0,95.0,49.0,36.0,89.0,19.0,101.0,38.0,5.0,19.0,36.0,35.0,49.0,5.0,49.0,37.0,20.0,14.0,24.0,28.0,116.0,100.0,36.0,7.0,1.0,131.0,2.0,11.0,98.0,33.0,13.0,126.0,14.0,4.0,22.0,122.0,122.0,22.0,84.0,54.0,2.0,4.0,112.0,26.0,6.0,79.0,58.0,7.0,135.0,3.0,6.0,90.0,41.0,6.0,7.0,68.0,76.0,79.0,56.0,9.0,0.0,133.0,11.0,0.0,105.0,38.0,1.0,96.0,46.0,2.0,125.0,18.0,1.0,140.0,3.0,0.0,1.0,8.0,76.0,59.0,1.0,Não Atingiu a média
169,23165197,2017,1,2,2307,23032,23,2307304,230730405,2,1,2.0,1.0,1.0,0.0,0.0,0.0,0.0,0.0,0.0,0.0,0.0,0.0,0.0,1.0,1.0,0.0,0.0,0.0,0.0,1.0,0.0,0.0,0.0,1.0,1.0,0.0,1.0,0.0,0.0,0.0,0.0,0.0,1.0,1.0,1.0,0.0,1.0,0.0,0.0,0.0,1.0,0.0,0.0,0.0,0.0,0.0,1.0,0.0,0.0,0.0,0.0,0.0,0.0,0.0,1.0,1.0,0.0,1.0,0.0,0.0,0.0,0.0,0.0,0.0,11.0,11.0,1.0,0.0,0.0,0.0,0.0,0.0,1.0,1.0,1.0,0.0,0.0,0.0,1.0,1.0,0.0,0.0,0.0,0.0,0.0,1.0,1.0,1.0,0.0,0.0,0.0,37.0,8.0,25.0,1.0,1.0,51.0,1.0,1.0,0.0,0.0,0.0,0.0,1.0,0.0,0.0,1.0,0.0,1.0,0.0,0.0,0.0,1.0,1.0,0.0,0.0,0.0,0.0,0.0,1.0,0.0,0.0,0.0,0.0,0.0,0.0,0.0,0.0,0.0,0.0,1.0,0.0,0.0,0.0,0.0,0.0,0.0,29.0,10.0,64.0,4.0,0.0,10.0,0.0,1.0,34.0,53.0,14.0,6.0,4.0,5.0,0.0,117.0,0.0,117.0,56.0,61.0,86.0,28.0,3.0,63.0,43.0,11.0,0.0,82.0,35.0,0.0,17.0,69.0,24.0,7.0,1.0,17.0,22.0,33.0,27.0,17.0,107.0,9.0,0.0,1.0,0.0,97.0,16.0,4.0,6.0,22.0,22.0,16.0,21.0,8.0,22.0,105.0,12.0,88.0,29.0,60.0,47.0,10.0,7.0,19.0,16.0,20.0,15.0,2.0,38.0,97.0,20.0,72.0,45.0,53.0,45.0,19.0,113.0,4.0,103.0,14.0,95.0,22.0,114.0,3.0,79.0,38.0,21.0,72.0,24.0,79.0,34.0,4.0,22.0,18.0,23.0,52.0,2.0,39.0,38.0,7.0,12.0,21.0,30.0,87.0,85.0,26.0,5.0,1.0,105.0,5.0,7.0,76.0,34.0,7.0,97.0,15.0,5.0,25.0,92.0,95.0,22.0,62.0,53.0,1.0,1.0,81.0,31.0,5.0,55.0,59.0,3.0,109.0,6.0,2.0,89.0,26.0,1.0,1.0,71.0,46.0,68.0,45.0,3.0,1.0,112.0,5.0,0.0,74.0,42.0,1.0,76.0,40.0,1.0,99.0,17.0,1.0,93.0,20.0,4.0,0.0,17.0,58.0,41.0,1.0,Não Atingiu a média
170,23165618,2017,1,2,2307,23032,23,2307304,230730405,2,1,1.0,1.0,1.0,0.0,0.0,0.0,0.0,0.0,0.0,0.0,0.0,0.0,0.0,1.0,1.0,0.0,0.0,0.0,0.0,1.0,0.0,0.0,0.0,1.0,0.0,0.0,1.0,0.0,0.0,0.0,0.0,0.0,1.0,1.0,1.0,0.0,1.0,0.0,0.0,0.0,1.0,1.0,1.0,1.0,0.0,0.0,0.0,1.0,0.0,1.0,1.0,1.0,0.0,0.0,1.0,1.0,0.0,0.0,1.0,0.0,0.0,0.0,0.0,0.0,11.0,11.0,1.0,0.0,1.0,0.0,1.0,0.0,1.0,1.0,1.0,1.0,0.0,1.0,1.0,2.0,0.0,1.0,0.0,1.0,0.0,1.0,1.0,1.0,2.0,0.0,1.0,21.0,6.0,15.0,1.0,1.0,80.0,1.0,1.0,0.0,0.0,0.0,0.0,1.0,0.0,0.0,1.0,0.0,1.0,0.0,0.0,0.0,1.0,1.0,0.0,0.0,0.0,0.0,0.0,1.0,0.0,0.0,0.0,0.0,0.0,0.0,0.0,0.0,0.0,0.0,1.0,0.0,0.0,0.0,0.0,0.0,0.0,43.0,30.0,147.0,20.0,5.0,13.0,1.0,3.0,87.0,93.0,32.0,18.0,9.0,15.0,9.0,249.0,2.0,256.0,141.0,117.0,203.0,51.0,4.0,144.0,101.0,13.0,3.0,195.0,60.0,1.0,32.0,150.0,66.0,9.0,2.0,30.0,55.0,75.0,50.0,46.0,242.0,11.0,2.0,2.0,1.0,205.0,46.0,7.0,16.0,58.0,39.0,39.0,57.0,19.0,30.0,226.0,32.0,198.0,60.0,146.0,99.0,13.0,15.0,53.0,35.0,35.0,44.0,4.0,72.0,205.0,53.0,154.0,104.0,161.0,68.0,29.0,253.0,5.0,235.0,23.0,228.0,30.0,254.0,4.0,189.0,69.0,79.0,154.0,25.0,152.0,94.0,12.0,55.0,67.0,44.0,79.0,13.0,79.0,92.0,18.0,31.0,38.0,60.0,198.0,185.0,54.0,16.0,3.0,232.0,5.0,21.0,172.0,72.0,14.0,216.0,33.0,9.0,67.0,191.0,220.0,38.0,173.0,81.0,2.0,2.0,224.0,27.0,7.0,153.0,98.0,7.0,227.0,24.0,7.0,228.0,25.0,4.0,1.0,168.0,90.0,151.0,101.0,5.0,1.0,245.0,12.0,1.0,201.0,55.0,2.0,194.0,61.0,3.0,201.0,54.0,3.0,242.0,14.0,1.0,1.0,34.0,140.0,83.0,1.0,Não Atingiu a média
171,23079495,2017,1,2,2303,23016,23,2307650,230765005,2,1,2.0,1.0,1.0,0.0,0.0,0.0,0.0,0.0,0.0,0.0,0.0,0.0,0.0,1.0,1.0,0.0,0.0,0.0,0.0,1.0,0.0,0.0,0.0,1.0,0.0,0.0,1.0,0.0,0.0,0.0,0.0,0.0,1.0,1.0,1.0,1.0,0.0,1.0,0.0,1.0,1.0,0.0,1.0,1.0,0.0,0.0,0.0,1.0,0.0,1.0,0.0,0.0,0.0,0.0,1.0,1.0,0.0,1.0,1.0,0.0,0.0,1.0,0.0,0.0,10.0,10.0,0.0,0.0,0.0,0.0,0.0,0.0,0.0,0.0,0.0,0.0,0.0,0.0,1.0,0.0,0.0,0.0,0.0,0.0,0.0,0.0,0.0,0.0,0.0,0.0,0.0,14.0,4.0,10.0,1.0,1.0,57.0,1.0,1.0,0.0,0.0,0.0,0.0,1.0,0.0,0.0,1.0,0.0,1.0,0.0,0.0,0.0,1.0,1.0,0.0,0.0,0.0,0.0,0.0,1.0,0.0,0.0,0.0,0.0,0.0,0.0,0.0,0.0,0.0,0.0,1.0,0.0,0.0,0.0,0.0,0.0,0.0,24.0,18.0,110.0,6.0,3.0,14.0,1.0,4.0,58.0,66.0,26.0,7.0,6.0,7.0,5.0,170.0,2.0,173.0,76.0,99.0,116.0,51.0,8.0,109.0,58.0,8.0,1.0,117.0,57.0,3.0,22.0,95.0,46.0,9.0,1.0,17.0,36.0,59.0,39.0,23.0,167.0,3.0,3.0,1.0,1.0,139.0,28.0,8.0,7.0,25.0,22.0,28.0,66.0,9.0,18.0,156.0,19.0,133.0,42.0,79.0,87.0,9.0,3.0,21.0,23.0,32.0,42.0,3.0,51.0,149.0,26.0,107.0,68.0,70.0,73.0,32.0,172.0,3.0,152.0,23.0,141.0,34.0,171.0,4.0,108.0,67.0,51.0,100.0,24.0,119.0,51.0,5.0,22.0,50.0,32.0,62.0,9.0,51.0,66.0,13.0,15.0,30.0,59.0,116.0,101.0,57.0,12.0,5.0,157.0,4.0,14.0,112.0,51.0,12.0,154.0,16.0,5.0,27.0,148.0,143.0,32.0,84.0,79.0,10.0,2.0,138.0,34.0,3.0,92.0,79.0,4.0,153.0,19.0,3.0,123.0,42.0,7.0,3.0,101.0,74.0,96.0,62.0,14.0,3.0,156.0,16.0,3.0,122.0,50.0,3.0,93.0,79.0,3.0,127.0,46.0,2.0,130.0,37.0,5.0,3.0,56.0,90.0,28.0,1.0,Não Atingiu a média
172,23223081,2017,1,2,2303,23016,23,2307650,230765005,2,1,1.0,1.0,3.0,0.0,0.0,0.0,0.0,0.0,0.0,0.0,0.0,0.0,0.0,1.0,1.0,0.0,0.0,0.0,0.0,1.0,0.0,0.0,0.0,0.0,1.0,0.0,1.0,0.0,0.0,0.0,0.0,0.0,1.0,1.0,1.0,0.0,0.0,0.0,0.0,0.0,1.0,0.0,0.0,0.0,0.0,0.0,0.0,1.0,0.0,0.0,0.0,1.0,0.0,0.0,1.0,1.0,0.0,1.0,0.0,0.0,0.0,0.0,0.0,0.0,6.0,6.0,0.0,0.0,0.0,0.0,0.0,0.0,0.0,0.0,0.0,0.0,0.0,0.0,1.0,0.0,0.0,0.0,0.0,0.0,0.0,0.0,0.0,0.0,0.0,0.0,0.0,20.0,3.0,16.0,1.0,1.0,40.0,1.0,0.0,0.0,0.0,0.0,0.0,1.0,0.0,0.0,0.0,0.0,1.0,0.0,0.0,0.0,1.0,1.0,1.0,0.0,0.0,0.0,0.0,1.0,0.0,0.0,0.0,0.0,0.0,0.0,0.0,0.0,0.0,0.0,1.0,1.0,0.0,0.0,0.0,0.0,0.0,17.0,15.0,96.0,2.0,3.0,4.0,0.0,0.0,51.0,54.0,13.0,4.0,1.0,14.0,3.0,134.0,0.0,137.0,82.0,55.0,96.0,36.0,5.0,92.0,42.0,3.0,0.0,96.0,41.0,1.0,16.0,77.0,31.0,12.0,1.0,10.0,24.0,46.0,33.0,23.0,121.0,12.0,4.0,0.0,0.0,111.0,20.0,6.0,5.0,29.0,26.0,26.0,32.0,6.0,13.0,125.0,12.0,103.0,34.0,74.0,53.0,10.0,13.0,25.0,23.0,20.0,26.0,3.0,27.0,102.0,35.0,79.0,58.0,83.0,30.0,24.0,134.0,3.0,124.0,13.0,114.0,23.0,134.0,3.0,90.0,47.0,44.0,70.0,23.0,91.0,42.0,4.0,34.0,38.0,20.0,39.0,6.0,40.0,63.0,6.0,9.0,19.0,40.0,97.0,97.0,33.0,2.0,5.0,130.0,1.0,6.0,96.0,35.0,6.0,120.0,14.0,3.0,32.0,105.0,117.0,20.0,91.0,43.0,3.0,0.0,115.0,20.0,2.0,79.0,54.0,4.0,125.0,11.0,1.0,125.0,9.0,1.0,2.0,90.0,47.0,82.0,49.0,3.0,3.0,128.0,6.0,3.0,107.0,28.0,2.0,85.0,49.0,3.0,109.0,25.0,3.0,114.0,18.0,1.0,4.0,28.0,81.0,28.0,0.0,Não Atingiu a média
