,ID_ESCOLA,NU_ANO_CENSO,TP_SITUACAO_FUNCIONAMENTO,CO_REGIAO,CO_MESORREGIAO,CO_MICRORREGIAO,CO_UF,CO_MUNICIPIO,CO_DISTRITO,TP_DEPENDENCIA,TP_LOCALIZACAO,TP_REGULAMENTACAO,IN_LOCAL_FUNC_PREDIO_ESCOLAR,TP_OCUPACAO_PREDIO_ESCOLAR,IN_LOCAL_FUNC_SALAS_EMPRESA,IN_LOCAL_FUNC_SOCIOEDUCATIVO,IN_LOCAL_FUNC_UNID_PRISIONAL,IN_LOCAL_FUNC_PRISIONAL_SOCIO,IN_LOCAL_FUNC_TEMPLO_IGREJA,IN_LOCAL_FUNC_CASA_PROFESSOR,IN_LOCAL_FUNC_GALPAO,IN_LOCAL_FUNC_SALAS_OUTRA_ESC,IN_LOCAL_FUNC_OUTROS,IN_PREDIO_COMPARTILHADO,IN_AGUA_FILTRADA,IN_AGUA_REDE_PUBLICA,IN_AGUA_POCO_ARTESIANO,IN_AGUA_CACIMBA,IN_AGUA_FONTE_RIO,IN_AGUA_INEXISTENTE,IN_ENERGIA_REDE_PUBLICA,IN_ENERGIA_GERADOR,IN_ENERGIA_OUTROS,IN_ENERGIA_INEXISTENTE,IN_ESGOTO_REDE_PUBLICA,IN_ESGOTO_FOSSA,IN_ESGOTO_INEXISTENTE,IN_LIXO_COLETA_PERIODICA,IN_LIXO_QUEIMA,IN_LIXO_JOGA_OUTRA_AREA,IN_LIXO_RECICLA,IN_LIXO_ENTERRA,IN_LIXO_OUTROS,IN_SALA_DIRETORIA,IN_SALA_PROFESSOR,IN_LABORATORIO_INFORMATICA,IN_LABORATORIO_CIENCIAS,IN_SALA_ATENDIMENTO_ESPECIAL,IN_QUADRA_ESPORTES_COBERTA,IN_QUADRA_ESPORTES_DESCOBERTA,IN_QUADRA_ESPORTES,IN_COZINHA,IN_BIBLIOTECA,IN_SALA_LEITURA,IN_BIBLIOTECA_SALA_LEITURA,IN_PARQUE_INFANTIL,IN_BERCARIO,IN_BANHEIRO_FORA_PREDIO,IN_BANHEIRO_DENTRO_PREDIO,IN_BANHEIRO_EI,IN_BANHEIRO_PNE,IN_DEPENDENCIAS_PNE,IN_SECRETARIA,IN_BANHEIRO_CHUVEIRO,IN_REFEITORIO,IN_DESPENSA,IN_ALMOXARIFADO,IN_AUDITORIO,IN_PATIO_COBERTO,IN_PATIO_DESCOBERTO,IN_ALOJAM_ALUNO,IN_ALOJAM_PROFESSOR,IN_AREA_VERDE,IN_LAVANDERIA,IN_DEPENDENCIAS_OUTRAS,NU_SALAS_EXISTENTES,NU_SALAS_UTILIZADAS,IN_EQUIP_TV,IN_EQUIP_VIDEOCASSETE,IN_EQUIP_DVD,IN_EQUIP_PARABOLICA,IN_EQUIP_COPIADORA,IN_EQUIP_RETROPROJETOR,IN_EQUIP_IMPRESSORA,IN_EQUIP_IMPRESSORA_MULT,IN_EQUIP_SOM,IN_EQUIP_MULTIMIDIA,IN_EQUIP_FAX,IN_EQUIP_FOTO,IN_COMPUTADOR,NU_EQUIP_TV,NU_EQUIP_VIDEOCASSETE,NU_EQUIP_DVD,NU_EQUIP_PARABOLICA,NU_EQUIP_COPIADORA,NU_EQUIP_RETROPROJETOR,NU_EQUIP_IMPRESSORA,NU_EQUIP_IMPRESSORA_MULT,NU_EQUIP_SOM,NU_EQUIP_MULTIMIDIA,NU_EQUIP_FAX,NU_EQUIP_FOTO,NU_COMPUTADOR,NU_COMP_ADMINISTRATIVO,NU_COMP_ALUNO,IN_INTERNET,IN_BANDA_LARGA,NU_FUNCIONARIOS,IN_ALIMENTACAO,TP_AEE,TP_ATIVIDADE_COMPLEMENTAR,TP_LOCALIZACAO_DIFERENCIADA,IN_MATERIAL_ESP_QUILOMBOLA,IN_MATERIAL_ESP_INDIGENA,IN_MATERIAL_ESP_NAO_UTILIZA,IN_EDUCACAO_INDIGENA,IN_BRASIL_ALFABETIZADO,IN_FINAL_SEMANA,IN_FORMACAO_ALTERNANCIA,IN_MEDIACAO_PRESENCIAL,IN_MEDIACAO_SEMIPRESENCIAL,IN_MEDIACAO_EAD,IN_ESPECIAL_EXCLUSIVA,IN_REGULAR,IN_EJA,IN_PROFISSIONALIZANTE,IN_COMUM_CRECHE,IN_COMUM_PRE,IN_COMUM_FUND_AI,IN_COMUM_FUND_AF,IN_COMUM_MEDIO_MEDIO,IN_COMUM_MEDIO_INTEGRADO,IN_COMUM_MEDIO_NORMAL,IN_ESP_EXCLUSIVA_CRECHE,IN_ESP_EXCLUSIVA_PRE,IN_ESP_EXCLUSIVA_FUND_AI,IN_ESP_EXCLUSIVA_FUND_AF,IN_ESP_EXCLUSIVA_MEDIO_MEDIO,IN_ESP_EXCLUSIVA_MEDIO_INTEGR,IN_ESP_EXCLUSIVA_MEDIO_NORMAL,IN_COMUM_EJA_FUND,IN_COMUM_EJA_MEDIO,IN_COMUM_EJA_PROF,IN_ESP_EXCLUSIVA_EJA_FUND,IN_ESP_EXCLUSIVA_EJA_MEDIO,IN_ESP_EXCLUSIVA_EJA_PROF,IN_COMUM_PROF,IN_ESP_EXCLUSIVA_PROF,TX_RESP_Q002_A,TX_RESP_Q002_B,TX_RESP_Q002_C,TX_RESP_Q002_D,TX_RESP_Q002_E,TX_RESP_Q002_F,TX_RESP_Q004_A,TX_RESP_Q004_B,TX_RESP_Q004_C,TX_RESP_Q004_D,TX_RESP_Q004_E,TX_RESP_Q004_F,TX_RESP_Q004_G,TX_RESP_Q004_H,TX_RESP_Q005_A,TX_RESP_Q005_B,TX_RESP_Q008_A,TX_RESP_Q008_B,TX_RESP_Q011_A,TX_RESP_Q011_B,TX_RESP_Q012_A,TX_RESP_Q012_B,TX_RESP_Q012_C,TX_RESP_Q013_A,TX_RESP_Q013_B,TX_RESP_Q013_C,TX_RESP_Q014_A,TX_RESP_Q014_B,TX_RESP_Q014_C,TX_RESP_Q015_A,TX_RESP_Q015_B,TX_RESP_Q015_C,TX_RESP_Q015_D,TX_RESP_Q015_E,TX_RESP_Q016_A,TX_RESP_Q016_B,TX_RESP_Q016_C,TX_RESP_Q016_D,TX_RESP_Q016_E,TX_RESP_Q016_F,TX_RESP_Q017_A,TX_RESP_Q017_B,TX_RESP_Q017_C,TX_RESP_Q017_D,TX_RESP_Q017_E,TX_RESP_Q018_A,TX_RESP_Q018_B,TX_RESP_Q018_C,TX_RESP_Q019_A,TX_RESP_Q019_B,TX_RESP_Q019_C,TX_RESP_Q019_D,TX_RESP_Q019_E,TX_RESP_Q019_F,TX_RESP_Q019_G,TX_RESP_Q020_A,TX_RESP_Q020_B,TX_RESP_Q021_A,TX_RESP_Q021_B,TX_RESP_Q022_A,TX_RESP_Q022_B,TX_RESP_Q022_C,TX_RESP_Q023_A,TX_RESP_Q023_B,TX_RESP_Q023_C,TX_RESP_Q023_D,TX_RESP_Q023_E,TX_RESP_Q023_F,TX_RESP_Q023_G,TX_RESP_Q024_A,TX_RESP_Q024_B,TX_RESP_Q025_A,TX_RESP_Q025_B,TX_RESP_Q026_A,TX_RESP_Q026_B,TX_RESP_Q026_C,TX_RESP_Q027_A,TX_RESP_Q027_B,TX_RESP_Q028_A,TX_RESP_Q028_B,TX_RESP_Q029_A,TX_RESP_Q029_B,TX_RESP_Q030_A,TX_RESP_Q030_B,TX_RESP_Q031_A,TX_RESP_Q031_B,TX_RESP_Q034_A,TX_RESP_Q034_B,TX_RESP_Q034_C,TX_RESP_Q035_A,TX_RESP_Q035_B,TX_RESP_Q035_C,TX_RESP_Q036_A,TX_RESP_Q036_B,TX_RESP_Q036_C,TX_RESP_Q036_D,TX_RESP_Q036_E,TX_RESP_Q037_A,TX_RESP_Q037_B,TX_RESP_Q037_C,TX_RESP_Q037_D,TX_RESP_Q037_E,TX_RESP_Q038_A,TX_RESP_Q038_B,TX_RESP_Q039_A,TX_RESP_Q039_B,TX_RESP_Q039_C,TX_RESP_Q039_D,TX_RESP_Q040_A,TX_RESP_Q040_B,TX_RESP_Q040_C,TX_RESP_Q041_A,TX_RESP_Q041_B,TX_RESP_Q041_C,TX_RESP_Q042_A,TX_RESP_Q042_B,TX_RESP_Q042_C,TX_RESP_Q043_A,TX_RESP_Q043_B,TX_RESP_Q044_A,TX_RESP_Q044_B,TX_RESP_Q045_A,TX_RESP_Q045_B,TX_RESP_Q045_C,TX_RESP_Q045_D,TX_RESP_Q048_A,TX_RESP_Q048_B,TX_RESP_Q048_C,TX_RESP_Q049_A,TX_RESP_Q049_B,TX_RESP_Q049_C,TX_RESP_Q050_A,TX_RESP_Q050_B,TX_RESP_Q050_C,TX_RESP_Q051_A,TX_RESP_Q051_B,TX_RESP_Q051_C,TX_RESP_Q051_D,TX_RESP_Q052_A,TX_RESP_Q052_B,TX_RESP_Q053_A,TX_RESP_Q053_B,TX_RESP_Q053_C,TX_RESP_Q053_D,TX_RESP_Q054_A,TX_RESP_Q054_B,TX_RESP_Q054_C,TX_RESP_Q055_A,TX_RESP_Q055_B,TX_RESP_Q055_C,TX_RESP_Q056_A,TX_RESP_Q056_B,TX_RESP_Q056_C,TX_RESP_Q058_A,TX_RESP_Q058_B,TX_RESP_Q058_C,TX_RESP_Q059_A,TX_RESP_Q059_B,TX_RESP_Q059_C,TX_RESP_Q059_D,TX_RESP_Q060_A,TX_RESP_Q060_B,TX_RESP_Q060_C,TX_RESP_Q060_D,Classe-IDEB
0,23252600,2017,1,2,2301,23001,23,2300200,230020040,2,2,1.0,1.0,1.0,0.0,0.0,0.0,0.0,0.0,0.0,0.0,0.0,0.0,0.0,1.0,1.0,0.0,1.0,0.0,0.0,1.0,0.0,0.0,0.0,0.0,1.0,0.0,1.0,0.0,0.0,0.0,0.0,0.0,1.0,1.0,1.0,1.0,0.0,1.0,0.0,1.0,1.0,1.0,1.0,1.0,0.0,0.0,0.0,1.0,0.0,1.0,1.0,1.0,1.0,1.0,1.0,1.0,0.0,1.0,0.0,0.0,0.0,0.0,1.0,0.0,8.0,8.0,1.0,0.0,1.0,0.0,0.0,0.0,0.0,1.0,0.0,1.0,0.0,0.0,1.0,2.0,0.0,2.0,0.0,0.0,0.0,0.0,2.0,0.0,2.0,0.0,0.0,69.0,13.0,56.0,1.0,1.0,23.0,1.0,0.0,0.0,0.0,0.0,0.0,1.0,0.0,0.0,0.0,0.0,1.0,0.0,0.0,0.0,1.0,0.0,0.0,0.0,0.0,0.0,0.0,1.0,0.0,0.0,0.0,0.0,0.0,0.0,0.0,0.0,0.0,0.0,0.0,0.0,0.0,0.0,0.0,0.0,0.0,9.0,4.0,24.0,1.0,2.0,2.0,0.0,0.0,18.0,11.0,8.0,3.0,1.0,1.0,2.0,40.0,0.0,42.0,33.0,9.0,29.0,11.0,2.0,31.0,10.0,1.0,4.0,29.0,9.0,3.0,3.0,13.0,17.0,6.0,0.0,10.0,5.0,7.0,5.0,15.0,38.0,3.0,0.0,0.0,1.0,34.0,6.0,2.0,1.0,14.0,5.0,5.0,3.0,2.0,12.0,28.0,14.0,24.0,18.0,21.0,21.0,0.0,2.0,15.0,5.0,3.0,0.0,1.0,16.0,31.0,11.0,18.0,24.0,36.0,4.0,2.0,41.0,1.0,39.0,3.0,34.0,8.0,41.0,1.0,30.0,12.0,10.0,26.0,6.0,21.0,16.0,5.0,7.0,13.0,5.0,13.0,4.0,15.0,10.0,2.0,3.0,12.0,4.0,38.0,31.0,9.0,2.0,0.0,40.0,0.0,2.0,25.0,15.0,2.0,35.0,6.0,1.0,16.0,26.0,35.0,7.0,19.0,21.0,1.0,1.0,31.0,10.0,1.0,17.0,23.0,2.0,29.0,11.0,2.0,36.0,3.0,2.0,1.0,27.0,15.0,28.0,11.0,3.0,0.0,37.0,5.0,0.0,33.0,9.0,0.0,25.0,17.0,0.0,27.0,15.0,0.0,40.0,1.0,0.0,1.0,9.0,25.0,8.0,0.0,Atingiu a média
1,23052643,2017,1,2,2302,23013,23,2301208,230120805,2,2,1.0,1.0,1.0,0.0,0.0,0.0,0.0,0.0,0.0,0.0,1.0,0.0,0.0,1.0,1.0,0.0,1.0,0.0,0.0,1.0,0.0,0.0,0.0,0.0,1.0,0.0,1.0,0.0,0.0,0.0,0.0,0.0,1.0,1.0,1.0,0.0,1.0,1.0,0.0,1.0,1.0,0.0,0.0,0.0,0.0,0.0,0.0,1.0,0.0,0.0,1.0,1.0,0.0,0.0,1.0,1.0,0.0,0.0,1.0,0.0,0.0,1.0,0.0,0.0,8.0,8.0,0.0,0.0,0.0,0.0,0.0,0.0,0.0,0.0,0.0,0.0,0.0,0.0,1.0,0.0,0.0,0.0,0.0,0.0,0.0,0.0,0.0,0.0,0.0,0.0,0.0,17.0,5.0,12.0,1.0,1.0,32.0,1.0,1.0,0.0,0.0,0.0,0.0,1.0,0.0,0.0,0.0,0.0,1.0,0.0,0.0,0.0,1.0,1.0,0.0,0.0,0.0,0.0,0.0,1.0,0.0,0.0,0.0,0.0,0.0,0.0,0.0,0.0,0.0,0.0,1.0,0.0,0.0,0.0,0.0,0.0,0.0,7.0,5.0,62.0,4.0,0.0,2.0,0.0,1.0,32.0,33.0,8.0,5.0,0.0,1.0,4.0,76.0,2.0,78.0,54.0,26.0,69.0,10.0,1.0,58.0,21.0,1.0,0.0,62.0,18.0,0.0,10.0,34.0,32.0,4.0,0.0,12.0,15.0,22.0,19.0,12.0,73.0,6.0,1.0,0.0,0.0,64.0,10.0,6.0,4.0,20.0,16.0,11.0,12.0,8.0,9.0,63.0,17.0,58.0,22.0,46.0,29.0,5.0,12.0,19.0,13.0,3.0,10.0,2.0,21.0,42.0,38.0,33.0,47.0,72.0,6.0,2.0,79.0,1.0,77.0,3.0,76.0,4.0,79.0,1.0,68.0,12.0,32.0,44.0,4.0,58.0,20.0,2.0,18.0,27.0,19.0,14.0,2.0,27.0,33.0,2.0,5.0,13.0,7.0,73.0,42.0,31.0,6.0,1.0,80.0,0.0,0.0,57.0,17.0,6.0,76.0,3.0,1.0,24.0,56.0,71.0,9.0,59.0,21.0,0.0,0.0,72.0,8.0,0.0,49.0,31.0,0.0,72.0,8.0,0.0,75.0,5.0,0.0,0.0,55.0,25.0,60.0,19.0,1.0,0.0,78.0,2.0,0.0,72.0,8.0,0.0,55.0,25.0,0.0,61.0,19.0,0.0,79.0,1.0,0.0,0.0,11.0,48.0,21.0,0.0,Atingiu a média
2,23225190,2017,1,2,2304,23018,23,2301257,230125705,2,1,1.0,1.0,1.0,0.0,0.0,0.0,0.0,0.0,0.0,0.0,0.0,0.0,0.0,1.0,1.0,1.0,0.0,0.0,0.0,1.0,0.0,0.0,0.0,0.0,1.0,0.0,1.0,0.0,0.0,0.0,0.0,0.0,1.0,1.0,1.0,1.0,1.0,1.0,0.0,1.0,1.0,1.0,0.0,1.0,0.0,0.0,0.0,1.0,0.0,1.0,0.0,1.0,1.0,1.0,1.0,1.0,1.0,0.0,0.0,0.0,0.0,0.0,0.0,0.0,8.0,8.0,1.0,0.0,1.0,1.0,1.0,0.0,1.0,1.0,1.0,1.0,0.0,1.0,1.0,1.0,0.0,1.0,1.0,1.0,0.0,1.0,1.0,1.0,1.0,0.0,1.0,22.0,4.0,18.0,1.0,0.0,42.0,1.0,1.0,0.0,0.0,0.0,0.0,1.0,0.0,0.0,0.0,0.0,1.0,0.0,0.0,0.0,1.0,1.0,0.0,0.0,0.0,0.0,0.0,1.0,0.0,0.0,0.0,0.0,0.0,0.0,0.0,0.0,0.0,0.0,1.0,0.0,0.0,0.0,0.0,0.0,0.0,22.0,8.0,83.0,3.0,1.0,5.0,0.0,0.0,42.0,43.0,12.0,7.0,9.0,9.0,2.0,120.0,2.0,120.0,75.0,47.0,105.0,16.0,1.0,89.0,32.0,1.0,0.0,110.0,12.0,0.0,8.0,67.0,39.0,8.0,2.0,15.0,23.0,44.0,19.0,19.0,111.0,9.0,1.0,0.0,1.0,95.0,24.0,3.0,11.0,46.0,23.0,4.0,14.0,5.0,19.0,95.0,27.0,86.0,36.0,81.0,38.0,3.0,20.0,39.0,12.0,10.0,5.0,3.0,33.0,70.0,52.0,58.0,64.0,98.0,13.0,11.0,119.0,3.0,117.0,5.0,113.0,9.0,120.0,2.0,90.0,32.0,41.0,67.0,14.0,71.0,44.0,7.0,36.0,30.0,21.0,28.0,7.0,33.0,46.0,17.0,10.0,16.0,25.0,97.0,75.0,28.0,15.0,4.0,121.0,1.0,0.0,83.0,32.0,7.0,103.0,15.0,4.0,52.0,70.0,86.0,36.0,79.0,36.0,7.0,0.0,105.0,17.0,0.0,65.0,57.0,0.0,106.0,16.0,0.0,118.0,4.0,0.0,0.0,95.0,27.0,79.0,38.0,5.0,0.0,114.0,8.0,0.0,100.0,22.0,0.0,89.0,33.0,0.0,89.0,33.0,0.0,113.0,9.0,0.0,0.0,43.0,64.0,15.0,0.0,Atingiu a média
3,23105828,2017,1,2,2304,23020,23,2301505,230150505,2,1,1.0,1.0,1.0,0.0,0.0,0.0,0.0,0.0,0.0,0.0,0.0,0.0,0.0,1.0,1.0,0.0,0.0,0.0,0.0,1.0,0.0,0.0,0.0,1.0,1.0,0.0,1.0,0.0,0.0,0.0,0.0,0.0,1.0,1.0,1.0,0.0,1.0,1.0,0.0,1.0,1.0,1.0,0.0,1.0,0.0,0.0,0.0,1.0,0.0,0.0,0.0,1.0,1.0,0.0,1.0,0.0,0.0,0.0,0.0,0.0,0.0,0.0,0.0,0.0,8.0,8.0,1.0,0.0,1.0,1.0,1.0,1.0,1.0,0.0,1.0,1.0,0.0,1.0,1.0,3.0,0.0,1.0,1.0,1.0,1.0,2.0,0.0,1.0,1.0,0.0,1.0,33.0,8.0,25.0,1.0,0.0,35.0,1.0,1.0,0.0,0.0,0.0,0.0,1.0,0.0,0.0,0.0,0.0,1.0,0.0,0.0,0.0,1.0,1.0,0.0,0.0,0.0,0.0,0.0,1.0,0.0,0.0,0.0,0.0,0.0,0.0,0.0,0.0,0.0,0.0,1.0,0.0,0.0,0.0,0.0,0.0,0.0,9.0,3.0,48.0,1.0,2.0,3.0,0.0,1.0,22.0,34.0,6.0,0.0,1.0,2.0,0.0,66.0,0.0,66.0,44.0,22.0,61.0,4.0,1.0,50.0,14.0,2.0,2.0,53.0,11.0,0.0,12.0,33.0,20.0,1.0,0.0,8.0,18.0,20.0,13.0,7.0,62.0,3.0,0.0,1.0,0.0,50.0,13.0,3.0,6.0,19.0,7.0,6.0,9.0,12.0,7.0,53.0,13.0,44.0,22.0,32.0,29.0,5.0,10.0,9.0,11.0,8.0,6.0,3.0,19.0,45.0,21.0,31.0,35.0,56.0,6.0,4.0,65.0,1.0,60.0,6.0,59.0,7.0,65.0,1.0,50.0,16.0,18.0,43.0,5.0,42.0,21.0,3.0,19.0,16.0,13.0,17.0,1.0,23.0,24.0,7.0,6.0,6.0,6.0,60.0,49.0,12.0,5.0,0.0,59.0,1.0,6.0,57.0,7.0,2.0,59.0,5.0,2.0,15.0,51.0,65.0,1.0,51.0,15.0,0.0,0.0,62.0,3.0,1.0,43.0,21.0,2.0,54.0,11.0,1.0,62.0,3.0,0.0,1.0,49.0,17.0,41.0,24.0,1.0,0.0,64.0,2.0,0.0,57.0,8.0,1.0,47.0,18.0,1.0,39.0,26.0,1.0,65.0,1.0,0.0,0.0,12.0,47.0,7.0,0.0,Atingiu a média
4,23158514,2017,1,2,2307,23031,23,2301703,230170305,2,1,1.0,1.0,1.0,0.0,0.0,0.0,0.0,0.0,0.0,0.0,1.0,0.0,0.0,1.0,1.0,0.0,1.0,0.0,0.0,1.0,0.0,0.0,0.0,1.0,1.0,0.0,1.0,0.0,0.0,0.0,0.0,0.0,1.0,1.0,1.0,1.0,0.0,0.0,0.0,0.0,1.0,0.0,1.0,1.0,0.0,0.0,0.0,1.0,0.0,1.0,0.0,1.0,1.0,0.0,1.0,1.0,0.0,1.0,1.0,0.0,0.0,1.0,0.0,0.0,6.0,5.0,1.0,0.0,1.0,0.0,0.0,0.0,1.0,1.0,0.0,1.0,1.0,1.0,1.0,7.0,0.0,1.0,0.0,0.0,0.0,1.0,2.0,0.0,1.0,1.0,1.0,23.0,10.0,13.0,1.0,0.0,44.0,1.0,0.0,0.0,0.0,0.0,0.0,1.0,0.0,0.0,1.0,0.0,1.0,0.0,0.0,0.0,1.0,1.0,0.0,0.0,0.0,0.0,0.0,1.0,0.0,0.0,0.0,0.0,0.0,0.0,0.0,0.0,0.0,0.0,1.0,0.0,0.0,0.0,0.0,0.0,0.0,11.0,6.0,48.0,7.0,1.0,5.0,0.0,1.0,22.0,40.0,8.0,5.0,2.0,0.0,4.0,74.0,0.0,78.0,52.0,26.0,66.0,12.0,0.0,57.0,21.0,0.0,2.0,63.0,13.0,0.0,17.0,46.0,13.0,2.0,0.0,11.0,12.0,29.0,20.0,6.0,76.0,2.0,0.0,0.0,0.0,65.0,11.0,2.0,1.0,30.0,18.0,7.0,12.0,8.0,2.0,64.0,14.0,57.0,21.0,59.0,17.0,2.0,11.0,28.0,14.0,8.0,9.0,2.0,6.0,57.0,21.0,42.0,36.0,53.0,18.0,7.0,77.0,1.0,73.0,5.0,69.0,9.0,76.0,2.0,64.0,14.0,23.0,45.0,10.0,40.0,37.0,1.0,14.0,27.0,12.0,23.0,2.0,29.0,24.0,6.0,6.0,13.0,11.0,67.0,28.0,44.0,3.0,3.0,74.0,1.0,3.0,49.0,25.0,4.0,70.0,7.0,1.0,8.0,70.0,62.0,16.0,50.0,28.0,0.0,0.0,70.0,7.0,1.0,42.0,36.0,0.0,73.0,5.0,0.0,64.0,13.0,1.0,0.0,52.0,26.0,47.0,27.0,4.0,0.0,65.0,13.0,0.0,63.0,15.0,0.0,57.0,21.0,0.0,60.0,18.0,0.0,67.0,8.0,3.0,0.0,9.0,38.0,23.0,8.0,Atingiu a média
5,23159545,2017,1,2,2307,23031,23,2302008,230200805,2,1,2.0,1.0,1.0,0.0,0.0,0.0,0.0,0.0,0.0,0.0,0.0,0.0,0.0,1.0,1.0,1.0,1.0,0.0,0.0,1.0,0.0,0.0,0.0,0.0,1.0,0.0,1.0,0.0,0.0,0.0,0.0,0.0,0.0,1.0,1.0,0.0,1.0,1.0,0.0,1.0,1.0,0.0,1.0,1.0,0.0,0.0,0.0,1.0,0.0,1.0,0.0,1.0,1.0,0.0,1.0,1.0,0.0,1.0,1.0,0.0,0.0,1.0,0.0,0.0,6.0,6.0,1.0,0.0,0.0,1.0,1.0,1.0,1.0,0.0,1.0,1.0,1.0,1.0,1.0,7.0,0.0,0.0,1.0,1.0,1.0,1.0,0.0,1.0,2.0,1.0,1.0,28.0,5.0,23.0,1.0,1.0,36.0,1.0,1.0,0.0,0.0,0.0,0.0,1.0,0.0,0.0,1.0,0.0,1.0,0.0,0.0,0.0,1.0,1.0,1.0,0.0,0.0,0.0,0.0,1.0,0.0,0.0,0.0,0.0,0.0,0.0,0.0,0.0,0.0,0.0,1.0,1.0,0.0,0.0,0.0,0.0,0.0,32.0,10.0,70.0,4.0,3.0,8.0,0.0,11.0,54.0,43.0,8.0,6.0,2.0,3.0,5.0,122.0,4.0,123.0,92.0,35.0,104.0,21.0,2.0,80.0,42.0,5.0,1.0,110.0,16.0,2.0,10.0,88.0,23.0,4.0,1.0,18.0,25.0,40.0,28.0,15.0,121.0,4.0,2.0,0.0,0.0,106.0,11.0,10.0,5.0,41.0,23.0,17.0,25.0,7.0,9.0,115.0,12.0,93.0,34.0,80.0,42.0,5.0,14.0,38.0,23.0,8.0,18.0,4.0,22.0,91.0,36.0,61.0,66.0,91.0,26.0,10.0,126.0,1.0,125.0,2.0,113.0,14.0,126.0,1.0,109.0,18.0,43.0,77.0,7.0,80.0,42.0,5.0,24.0,41.0,18.0,41.0,3.0,46.0,43.0,9.0,8.0,21.0,18.0,109.0,64.0,51.0,11.0,1.0,124.0,1.0,2.0,80.0,35.0,12.0,121.0,4.0,2.0,18.0,109.0,108.0,19.0,99.0,26.0,1.0,1.0,117.0,7.0,3.0,78.0,45.0,4.0,109.0,17.0,1.0,104.0,21.0,2.0,0.0,91.0,36.0,95.0,29.0,3.0,0.0,122.0,5.0,0.0,114.0,13.0,0.0,98.0,27.0,2.0,98.0,27.0,2.0,124.0,3.0,0.0,0.0,38.0,77.0,11.0,1.0,Atingiu a média
6,23159766,2017,1,2,2307,23031,23,2302008,230200805,2,1,2.0,1.0,1.0,0.0,0.0,0.0,0.0,0.0,0.0,0.0,1.0,0.0,0.0,1.0,1.0,0.0,1.0,0.0,0.0,1.0,0.0,0.0,0.0,0.0,1.0,0.0,1.0,1.0,0.0,0.0,0.0,0.0,1.0,1.0,1.0,0.0,0.0,1.0,0.0,1.0,1.0,0.0,0.0,0.0,0.0,0.0,0.0,1.0,0.0,1.0,0.0,1.0,0.0,0.0,1.0,1.0,0.0,0.0,0.0,0.0,0.0,0.0,0.0,0.0,8.0,5.0,1.0,1.0,0.0,0.0,1.0,1.0,0.0,1.0,0.0,1.0,1.0,1.0,1.0,1.0,2.0,0.0,0.0,1.0,1.0,0.0,1.0,0.0,3.0,1.0,1.0,20.0,5.0,9.0,1.0,0.0,29.0,1.0,0.0,0.0,0.0,0.0,0.0,1.0,0.0,0.0,0.0,0.0,1.0,0.0,0.0,0.0,1.0,0.0,0.0,0.0,0.0,0.0,0.0,1.0,0.0,0.0,0.0,0.0,0.0,0.0,0.0,0.0,0.0,0.0,0.0,0.0,0.0,0.0,0.0,0.0,0.0,10.0,4.0,40.0,3.0,0.0,3.0,2.0,13.0,14.0,12.0,12.0,6.0,1.0,0.0,1.0,59.0,1.0,59.0,38.0,22.0,48.0,11.0,1.0,37.0,20.0,3.0,1.0,51.0,8.0,1.0,3.0,36.0,18.0,2.0,1.0,5.0,9.0,22.0,12.0,11.0,56.0,4.0,0.0,0.0,0.0,52.0,5.0,3.0,1.0,23.0,14.0,3.0,12.0,3.0,4.0,53.0,7.0,47.0,13.0,38.0,20.0,2.0,4.0,21.0,12.0,5.0,7.0,1.0,10.0,50.0,10.0,29.0,31.0,42.0,15.0,3.0,58.0,2.0,55.0,5.0,51.0,9.0,59.0,1.0,43.0,17.0,12.0,35.0,13.0,36.0,18.0,6.0,14.0,18.0,14.0,12.0,2.0,22.0,18.0,4.0,9.0,7.0,7.0,53.0,23.0,30.0,4.0,3.0,60.0,0.0,0.0,29.0,23.0,8.0,56.0,4.0,0.0,8.0,52.0,44.0,16.0,36.0,21.0,3.0,0.0,52.0,8.0,0.0,30.0,30.0,0.0,44.0,16.0,0.0,59.0,1.0,0.0,0.0,33.0,27.0,33.0,20.0,7.0,0.0,53.0,7.0,0.0,52.0,8.0,0.0,38.0,22.0,0.0,40.0,20.0,0.0,58.0,2.0,0.0,0.0,12.0,29.0,19.0,0.0,Atingiu a média
7,23053380,2017,1,2,2302,23013,23,2302107,230210705,2,1,1.0,1.0,1.0,0.0,0.0,0.0,0.0,0.0,0.0,0.0,0.0,0.0,1.0,1.0,1.0,0.0,0.0,0.0,0.0,1.0,0.0,0.0,0.0,1.0,0.0,0.0,1.0,0.0,0.0,0.0,0.0,1.0,1.0,1.0,1.0,1.0,0.0,0.0,0.0,0.0,1.0,1.0,1.0,1.0,0.0,0.0,0.0,1.0,0.0,0.0,1.0,1.0,0.0,0.0,1.0,1.0,0.0,0.0,1.0,0.0,0.0,0.0,0.0,0.0,10.0,7.0,1.0,0.0,0.0,0.0,1.0,0.0,1.0,1.0,1.0,1.0,0.0,1.0,1.0,1.0,0.0,0.0,0.0,1.0,0.0,2.0,1.0,1.0,2.0,0.0,2.0,9.0,2.0,7.0,1.0,1.0,27.0,1.0,0.0,0.0,0.0,0.0,0.0,1.0,0.0,0.0,0.0,0.0,1.0,0.0,0.0,0.0,1.0,0.0,0.0,0.0,0.0,0.0,1.0,1.0,0.0,0.0,0.0,0.0,0.0,0.0,0.0,0.0,0.0,0.0,0.0,0.0,0.0,0.0,0.0,0.0,0.0,5.0,2.0,12.0,0.0,0.0,0.0,0.0,0.0,4.0,8.0,5.0,0.0,2.0,0.0,1.0,18.0,0.0,19.0,10.0,9.0,15.0,4.0,0.0,10.0,9.0,0.0,0.0,15.0,4.0,0.0,3.0,6.0,5.0,5.0,1.0,1.0,4.0,6.0,3.0,4.0,18.0,1.0,0.0,0.0,0.0,15.0,3.0,1.0,1.0,3.0,4.0,2.0,6.0,0.0,3.0,18.0,1.0,14.0,5.0,12.0,6.0,1.0,2.0,3.0,4.0,2.0,1.0,0.0,7.0,15.0,4.0,9.0,10.0,9.0,8.0,2.0,19.0,0.0,16.0,3.0,16.0,3.0,18.0,1.0,12.0,7.0,4.0,15.0,0.0,13.0,4.0,2.0,1.0,7.0,2.0,6.0,3.0,5.0,8.0,0.0,0.0,6.0,1.0,18.0,12.0,4.0,1.0,2.0,19.0,0.0,0.0,11.0,8.0,0.0,17.0,0.0,2.0,5.0,14.0,18.0,1.0,11.0,7.0,1.0,0.0,16.0,3.0,0.0,11.0,8.0,0.0,16.0,3.0,0.0,17.0,2.0,0.0,0.0,15.0,4.0,9.0,8.0,2.0,0.0,18.0,1.0,0.0,16.0,3.0,0.0,17.0,2.0,0.0,16.0,3.0,0.0,18.0,1.0,0.0,0.0,4.0,9.0,6.0,0.0,Atingiu a média
8,23244828,2017,1,2,2302,23015,23,2302206,230220625,2,1,2.0,1.0,1.0,0.0,0.0,0.0,0.0,0.0,0.0,0.0,0.0,0.0,0.0,1.0,0.0,1.0,0.0,0.0,0.0,1.0,0.0,0.0,0.0,0.0,1.0,0.0,1.0,0.0,0.0,0.0,1.0,0.0,1.0,1.0,1.0,1.0,0.0,1.0,0.0,1.0,1.0,1.0,0.0,1.0,1.0,1.0,0.0,1.0,0.0,1.0,1.0,1.0,1.0,0.0,1.0,1.0,0.0,1.0,0.0,0.0,0.0,1.0,0.0,0.0,8.0,8.0,1.0,0.0,1.0,1.0,1.0,0.0,1.0,1.0,1.0,1.0,0.0,1.0,1.0,3.0,0.0,2.0,1.0,1.0,0.0,2.0,1.0,1.0,4.0,0.0,2.0,44.0,5.0,39.0,1.0,1.0,74.0,1.0,0.0,0.0,0.0,0.0,0.0,1.0,0.0,0.0,0.0,0.0,1.0,0.0,0.0,0.0,1.0,1.0,0.0,0.0,0.0,0.0,0.0,1.0,0.0,0.0,0.0,0.0,0.0,0.0,0.0,0.0,0.0,0.0,1.0,0.0,0.0,0.0,0.0,0.0,0.0,39.0,20.0,173.0,3.0,7.0,5.0,0.0,0.0,69.0,120.0,31.0,15.0,6.0,6.0,6.0,241.0,2.0,245.0,165.0,82.0,191.0,50.0,6.0,192.0,51.0,4.0,1.0,171.0,75.0,0.0,23.0,118.0,88.0,18.0,1.0,26.0,52.0,80.0,49.0,39.0,215.0,23.0,7.0,1.0,1.0,195.0,37.0,15.0,11.0,86.0,43.0,28.0,33.0,5.0,41.0,210.0,37.0,184.0,63.0,139.0,98.0,10.0,26.0,69.0,37.0,20.0,20.0,4.0,71.0,170.0,77.0,123.0,124.0,202.0,31.0,14.0,241.0,6.0,222.0,25.0,204.0,43.0,243.0,4.0,181.0,66.0,80.0,142.0,25.0,149.0,87.0,11.0,56.0,77.0,43.0,64.0,7.0,87.0,81.0,24.0,25.0,30.0,51.0,196.0,131.0,104.0,11.0,1.0,246.0,1.0,0.0,184.0,48.0,15.0,232.0,10.0,5.0,54.0,193.0,193.0,54.0,166.0,72.0,9.0,0.0,226.0,18.0,3.0,137.0,107.0,3.0,195.0,49.0,3.0,210.0,35.0,1.0,1.0,184.0,63.0,172.0,66.0,9.0,0.0,231.0,15.0,1.0,224.0,22.0,1.0,156.0,90.0,1.0,183.0,60.0,4.0,241.0,5.0,1.0,0.0,37.0,122.0,77.0,11.0,Atingiu a média
9,23153261,2017,1,2,2307,23029,23,2302701,230270105,2,1,1.0,1.0,1.0,0.0,0.0,0.0,0.0,0.0,0.0,0.0,1.0,0.0,0.0,1.0,1.0,0.0,1.0,0.0,0.0,1.0,0.0,0.0,0.0,1.0,1.0,0.0,1.0,0.0,0.0,0.0,0.0,0.0,1.0,1.0,1.0,1.0,0.0,0.0,0.0,0.0,1.0,1.0,1.0,1.0,0.0,0.0,0.0,1.0,0.0,0.0,0.0,1.0,0.0,0.0,1.0,1.0,1.0,1.0,0.0,0.0,0.0,0.0,0.0,0.0,9.0,24.0,1.0,0.0,1.0,1.0,1.0,0.0,1.0,1.0,1.0,1.0,1.0,0.0,1.0,2.0,0.0,1.0,1.0,1.0,0.0,1.0,2.0,1.0,2.0,1.0,0.0,48.0,7.0,41.0,1.0,1.0,83.0,1.0,0.0,0.0,0.0,0.0,0.0,1.0,0.0,0.0,0.0,0.0,1.0,0.0,0.0,0.0,1.0,0.0,0.0,0.0,0.0,0.0,0.0,1.0,0.0,0.0,0.0,0.0,0.0,0.0,0.0,0.0,0.0,0.0,0.0,0.0,0.0,0.0,0.0,0.0,0.0,54.0,34.0,109.0,17.0,5.0,15.0,0.0,11.0,92.0,96.0,22.0,10.0,2.0,1.0,8.0,226.0,5.0,229.0,149.0,85.0,194.0,37.0,3.0,152.0,71.0,11.0,9.0,179.0,46.0,2.0,16.0,118.0,82.0,16.0,1.0,25.0,51.0,81.0,39.0,37.0,219.0,14.0,1.0,0.0,0.0,196.0,27.0,11.0,10.0,67.0,38.0,32.0,39.0,26.0,22.0,199.0,35.0,171.0,63.0,138.0,91.0,5.0,27.0,59.0,37.0,25.0,28.0,10.0,48.0,153.0,81.0,108.0,126.0,191.0,36.0,7.0,227.0,7.0,217.0,17.0,213.0,21.0,228.0,6.0,172.0,62.0,85.0,126.0,23.0,145.0,85.0,4.0,45.0,68.0,46.0,62.0,13.0,68.0,82.0,21.0,27.0,36.0,39.0,195.0,148.0,66.0,17.0,3.0,218.0,3.0,13.0,179.0,45.0,10.0,220.0,13.0,1.0,63.0,171.0,210.0,24.0,167.0,65.0,2.0,0.0,203.0,30.0,1.0,129.0,105.0,0.0,199.0,35.0,0.0,211.0,20.0,3.0,0.0,158.0,76.0,161.0,64.0,8.0,1.0,217.0,16.0,1.0,187.0,46.0,1.0,170.0,62.0,2.0,177.0,54.0,3.0,216.0,16.0,2.0,0.0,38.0,129.0,53.0,14.0,Atingiu a média
10,23047895,2017,1,2,2302,23012,23,2302800,230280005,2,1,1.0,1.0,1.0,0.0,0.0,0.0,0.0,0.0,0.0,0.0,1.0,1.0,0.0,1.0,1.0,0.0,0.0,0.0,0.0,1.0,0.0,0.0,0.0,1.0,0.0,0.0,1.0,0.0,0.0,0.0,0.0,0.0,1.0,1.0,1.0,1.0,0.0,1.0,0.0,1.0,1.0,1.0,0.0,1.0,0.0,0.0,0.0,1.0,0.0,1.0,1.0,1.0,0.0,0.0,0.0,1.0,0.0,0.0,0.0,0.0,0.0,1.0,0.0,0.0,10.0,16.0,1.0,0.0,0.0,0.0,0.0,0.0,0.0,1.0,0.0,1.0,1.0,0.0,1.0,2.0,0.0,0.0,0.0,0.0,0.0,0.0,1.0,0.0,10.0,1.0,0.0,80.0,7.0,73.0,1.0,1.0,96.0,1.0,0.0,0.0,0.0,0.0,0.0,1.0,0.0,0.0,0.0,0.0,1.0,0.0,0.0,0.0,1.0,1.0,1.0,0.0,0.0,0.0,0.0,1.0,0.0,0.0,0.0,0.0,0.0,0.0,0.0,0.0,0.0,0.0,1.0,1.0,0.0,0.0,0.0,0.0,0.0,55.0,25.0,178.0,18.0,5.0,21.0,2.0,2.0,83.0,142.0,41.0,21.0,7.0,4.0,11.0,291.0,5.0,297.0,206.0,96.0,254.0,45.0,3.0,222.0,71.0,9.0,6.0,244.0,52.0,12.0,49.0,161.0,68.0,12.0,3.0,30.0,62.0,80.0,66.0,61.0,285.0,11.0,4.0,2.0,0.0,240.0,43.0,19.0,17.0,81.0,59.0,39.0,40.0,12.0,54.0,250.0,52.0,212.0,90.0,160.0,130.0,12.0,45.0,61.0,47.0,21.0,28.0,5.0,95.0,191.0,111.0,139.0,163.0,196.0,86.0,20.0,291.0,11.0,275.0,27.0,257.0,45.0,288.0,14.0,200.0,102.0,94.0,166.0,42.0,183.0,103.0,16.0,65.0,90.0,39.0,88.0,20.0,104.0,109.0,23.0,28.0,38.0,44.0,258.0,173.0,82.0,35.0,12.0,291.0,2.0,9.0,215.0,72.0,15.0,282.0,16.0,4.0,72.0,230.0,264.0,38.0,177.0,103.0,13.0,9.0,257.0,38.0,7.0,158.0,133.0,11.0,248.0,47.0,7.0,278.0,13.0,2.0,9.0,200.0,102.0,189.0,95.0,14.0,4.0,270.0,27.0,5.0,243.0,54.0,5.0,204.0,94.0,4.0,210.0,88.0,4.0,282.0,16.0,1.0,3.0,64.0,154.0,75.0,9.0,Atingiu a média
11,23252472,2017,1,2,2302,23012,23,2302800,230280005,2,2,0.0,1.0,1.0,0.0,0.0,0.0,0.0,0.0,0.0,0.0,0.0,0.0,0.0,1.0,1.0,0.0,0.0,0.0,0.0,1.0,0.0,0.0,0.0,0.0,1.0,0.0,1.0,0.0,0.0,0.0,0.0,0.0,0.0,1.0,0.0,1.0,0.0,0.0,0.0,0.0,1.0,1.0,0.0,1.0,0.0,0.0,0.0,0.0,0.0,0.0,0.0,1.0,0.0,0.0,1.0,1.0,0.0,0.0,0.0,0.0,0.0,0.0,0.0,0.0,14.0,6.0,1.0,0.0,1.0,0.0,0.0,0.0,0.0,1.0,0.0,1.0,0.0,0.0,1.0,2.0,0.0,2.0,0.0,0.0,0.0,0.0,1.0,0.0,3.0,0.0,0.0,45.0,4.0,42.0,1.0,0.0,23.0,1.0,0.0,0.0,1.0,0.0,0.0,1.0,0.0,0.0,1.0,0.0,1.0,0.0,0.0,0.0,1.0,1.0,0.0,0.0,0.0,0.0,0.0,1.0,0.0,0.0,0.0,0.0,0.0,0.0,0.0,0.0,0.0,0.0,1.0,0.0,0.0,0.0,0.0,0.0,0.0,11.0,9.0,59.0,4.0,1.0,7.0,0.0,0.0,28.0,40.0,15.0,4.0,1.0,3.0,3.0,88.0,3.0,88.0,69.0,22.0,80.0,8.0,3.0,81.0,10.0,0.0,1.0,79.0,11.0,3.0,13.0,42.0,26.0,7.0,1.0,7.0,19.0,33.0,18.0,13.0,85.0,6.0,0.0,0.0,0.0,75.0,11.0,5.0,2.0,38.0,19.0,8.0,9.0,1.0,14.0,76.0,15.0,66.0,25.0,61.0,25.0,5.0,14.0,34.0,14.0,2.0,4.0,2.0,21.0,53.0,38.0,41.0,50.0,54.0,30.0,7.0,89.0,2.0,77.0,14.0,72.0,19.0,89.0,2.0,67.0,24.0,26.0,57.0,8.0,62.0,23.0,6.0,24.0,32.0,16.0,13.0,6.0,28.0,32.0,6.0,12.0,13.0,5.0,86.0,52.0,30.0,8.0,1.0,90.0,1.0,0.0,63.0,26.0,2.0,86.0,3.0,2.0,20.0,71.0,84.0,7.0,59.0,31.0,1.0,0.0,80.0,10.0,1.0,47.0,44.0,0.0,72.0,19.0,0.0,85.0,6.0,0.0,0.0,59.0,32.0,45.0,40.0,5.0,1.0,84.0,6.0,1.0,81.0,10.0,0.0,65.0,24.0,2.0,54.0,35.0,2.0,86.0,4.0,0.0,1.0,21.0,56.0,14.0,0.0,Atingiu a média
12,23156201,2017,1,2,2307,23030,23,2303204,230320405,2,1,1.0,1.0,1.0,0.0,0.0,0.0,0.0,0.0,0.0,0.0,0.0,0.0,0.0,1.0,1.0,0.0,0.0,0.0,0.0,1.0,0.0,0.0,0.0,0.0,1.0,0.0,1.0,0.0,0.0,0.0,0.0,0.0,1.0,1.0,1.0,1.0,0.0,1.0,0.0,1.0,1.0,0.0,1.0,1.0,0.0,0.0,0.0,1.0,0.0,0.0,1.0,1.0,0.0,0.0,1.0,1.0,0.0,1.0,1.0,0.0,0.0,0.0,0.0,0.0,7.0,7.0,1.0,0.0,0.0,1.0,0.0,0.0,0.0,0.0,0.0,1.0,0.0,0.0,1.0,1.0,0.0,0.0,1.0,0.0,0.0,0.0,0.0,0.0,3.0,0.0,0.0,16.0,4.0,12.0,1.0,1.0,47.0,1.0,0.0,0.0,0.0,0.0,0.0,1.0,0.0,0.0,0.0,0.0,1.0,0.0,0.0,0.0,1.0,1.0,0.0,0.0,0.0,0.0,1.0,1.0,0.0,0.0,0.0,0.0,0.0,0.0,0.0,0.0,0.0,0.0,1.0,0.0,0.0,0.0,0.0,0.0,0.0,12.0,7.0,104.0,6.0,4.0,9.0,0.0,6.0,43.0,53.0,25.0,9.0,2.0,4.0,1.0,141.0,1.0,141.0,100.0,42.0,115.0,25.0,2.0,102.0,36.0,4.0,3.0,122.0,17.0,0.0,24.0,61.0,50.0,7.0,0.0,12.0,28.0,34.0,38.0,30.0,137.0,3.0,2.0,0.0,0.0,126.0,11.0,5.0,8.0,51.0,31.0,15.0,17.0,7.0,13.0,112.0,30.0,87.0,55.0,89.0,45.0,8.0,20.0,37.0,30.0,11.0,11.0,2.0,31.0,94.0,48.0,66.0,76.0,110.0,23.0,9.0,137.0,5.0,129.0,13.0,126.0,16.0,135.0,7.0,107.0,35.0,46.0,86.0,10.0,85.0,50.0,7.0,38.0,57.0,17.0,24.0,6.0,45.0,37.0,18.0,25.0,17.0,26.0,116.0,81.0,39.0,20.0,2.0,134.0,1.0,7.0,83.0,50.0,9.0,135.0,6.0,1.0,27.0,115.0,108.0,34.0,97.0,42.0,2.0,1.0,130.0,11.0,1.0,70.0,70.0,2.0,115.0,24.0,3.0,132.0,9.0,0.0,1.0,105.0,37.0,115.0,26.0,1.0,0.0,140.0,2.0,0.0,123.0,18.0,1.0,101.0,41.0,0.0,97.0,44.0,1.0,136.0,6.0,0.0,0.0,24.0,89.0,29.0,0.0,Atingiu a média
13,23145633,2017,1,2,2306,23027,23,2303303,230330305,2,1,1.0,1.0,3.0,0.0,0.0,0.0,0.0,0.0,0.0,0.0,1.0,0.0,0.0,1.0,1.0,0.0,0.0,0.0,0.0,1.0,0.0,0.0,0.0,0.0,1.0,0.0,1.0,0.0,0.0,0.0,0.0,0.0,1.0,1.0,1.0,0.0,1.0,0.0,0.0,0.0,1.0,0.0,1.0,1.0,0.0,0.0,0.0,0.0,0.0,1.0,1.0,1.0,0.0,0.0,1.0,1.0,0.0,1.0,0.0,0.0,0.0,0.0,0.0,0.0,12.0,12.0,1.0,0.0,0.0,0.0,0.0,0.0,0.0,0.0,0.0,1.0,1.0,1.0,1.0,7.0,0.0,0.0,0.0,0.0,0.0,0.0,0.0,0.0,5.0,1.0,1.0,30.0,4.0,26.0,1.0,1.0,45.0,1.0,1.0,0.0,0.0,0.0,0.0,1.0,0.0,0.0,0.0,0.0,1.0,0.0,0.0,0.0,1.0,1.0,1.0,0.0,0.0,0.0,0.0,1.0,0.0,0.0,0.0,0.0,0.0,0.0,0.0,0.0,0.0,0.0,1.0,1.0,0.0,0.0,0.0,0.0,0.0,31.0,12.0,75.0,8.0,4.0,2.0,0.0,0.0,46.0,54.0,17.0,5.0,3.0,7.0,4.0,128.0,1.0,131.0,90.0,42.0,112.0,18.0,2.0,100.0,30.0,2.0,1.0,120.0,11.0,0.0,15.0,78.0,34.0,5.0,0.0,13.0,41.0,42.0,20.0,16.0,126.0,5.0,1.0,0.0,0.0,117.0,13.0,2.0,5.0,39.0,35.0,21.0,9.0,10.0,13.0,118.0,14.0,113.0,19.0,82.0,48.0,2.0,19.0,42.0,25.0,5.0,9.0,2.0,30.0,91.0,41.0,67.0,65.0,102.0,23.0,7.0,130.0,2.0,124.0,8.0,118.0,14.0,129.0,3.0,107.0,25.0,42.0,72.0,18.0,88.0,38.0,6.0,21.0,31.0,25.0,49.0,6.0,38.0,41.0,12.0,19.0,22.0,14.0,118.0,73.0,43.0,15.0,1.0,128.0,1.0,3.0,103.0,19.0,10.0,124.0,6.0,2.0,19.0,113.0,121.0,11.0,86.0,41.0,5.0,0.0,112.0,19.0,1.0,60.0,70.0,2.0,108.0,22.0,2.0,123.0,7.0,0.0,2.0,93.0,39.0,74.0,51.0,7.0,0.0,124.0,8.0,0.0,110.0,22.0,0.0,88.0,43.0,1.0,93.0,37.0,2.0,126.0,5.0,1.0,0.0,21.0,66.0,42.0,3.0,Atingiu a média
14,23008814,2017,1,2,2301,23002,23,2303402,230340205,2,1,2.0,1.0,1.0,0.0,0.0,0.0,0.0,0.0,0.0,0.0,0.0,0.0,0.0,1.0,1.0,0.0,0.0,0.0,0.0,1.0,0.0,0.0,0.0,0.0,1.0,0.0,1.0,0.0,0.0,0.0,0.0,0.0,1.0,1.0,1.0,1.0,0.0,1.0,0.0,1.0,1.0,1.0,1.0,1.0,0.0,0.0,0.0,1.0,0.0,1.0,1.0,1.0,0.0,1.0,1.0,1.0,0.0,1.0,0.0,0.0,0.0,1.0,0.0,0.0,8.0,8.0,1.0,0.0,0.0,0.0,1.0,0.0,0.0,1.0,1.0,1.0,1.0,1.0,1.0,1.0,0.0,0.0,0.0,1.0,0.0,0.0,2.0,3.0,3.0,1.0,1.0,18.0,8.0,10.0,1.0,0.0,35.0,1.0,0.0,0.0,0.0,0.0,0.0,1.0,0.0,0.0,1.0,0.0,1.0,0.0,0.0,0.0,1.0,0.0,0.0,0.0,0.0,0.0,0.0,1.0,0.0,0.0,0.0,0.0,0.0,0.0,0.0,0.0,0.0,0.0,0.0,0.0,0.0,0.0,0.0,0.0,0.0,34.0,4.0,41.0,5.0,1.0,1.0,0.0,1.0,37.0,29.0,9.0,4.0,2.0,4.0,0.0,86.0,1.0,85.0,56.0,30.0,62.0,22.0,2.0,66.0,20.0,0.0,1.0,63.0,22.0,1.0,2.0,27.0,49.0,7.0,0.0,5.0,21.0,27.0,21.0,12.0,80.0,4.0,1.0,1.0,0.0,69.0,16.0,1.0,5.0,24.0,16.0,7.0,11.0,2.0,21.0,74.0,12.0,65.0,21.0,56.0,26.0,4.0,9.0,21.0,16.0,4.0,6.0,1.0,29.0,63.0,23.0,48.0,38.0,59.0,16.0,11.0,84.0,2.0,84.0,2.0,80.0,6.0,84.0,2.0,65.0,21.0,34.0,48.0,4.0,66.0,18.0,2.0,25.0,28.0,11.0,19.0,3.0,15.0,36.0,8.0,10.0,17.0,17.0,69.0,57.0,25.0,4.0,0.0,83.0,0.0,3.0,61.0,23.0,2.0,75.0,9.0,2.0,33.0,53.0,82.0,4.0,57.0,28.0,1.0,0.0,79.0,7.0,0.0,48.0,36.0,2.0,75.0,10.0,1.0,82.0,4.0,0.0,0.0,67.0,19.0,49.0,33.0,4.0,0.0,83.0,3.0,0.0,74.0,11.0,1.0,62.0,24.0,0.0,60.0,24.0,2.0,78.0,7.0,1.0,0.0,19.0,51.0,16.0,0.0,Atingiu a média
15,23245000,2017,1,2,2301,23002,23,2303402,230340205,2,1,1.0,1.0,1.0,0.0,0.0,0.0,0.0,0.0,0.0,0.0,0.0,0.0,1.0,1.0,1.0,0.0,0.0,0.0,0.0,1.0,0.0,0.0,0.0,0.0,1.0,0.0,1.0,0.0,0.0,0.0,0.0,0.0,1.0,1.0,1.0,1.0,1.0,1.0,0.0,1.0,1.0,0.0,0.0,0.0,0.0,0.0,0.0,1.0,0.0,1.0,1.0,1.0,0.0,0.0,1.0,1.0,0.0,1.0,1.0,0.0,0.0,0.0,0.0,0.0,7.0,6.0,1.0,0.0,0.0,1.0,1.0,0.0,1.0,1.0,1.0,1.0,1.0,1.0,1.0,2.0,0.0,0.0,2.0,1.0,0.0,3.0,2.0,3.0,2.0,1.0,1.0,24.0,5.0,19.0,1.0,1.0,39.0,1.0,1.0,0.0,0.0,0.0,0.0,1.0,0.0,0.0,1.0,0.0,1.0,0.0,0.0,0.0,1.0,0.0,0.0,0.0,0.0,0.0,0.0,1.0,0.0,0.0,0.0,0.0,0.0,0.0,0.0,0.0,0.0,0.0,0.0,0.0,0.0,0.0,0.0,0.0,0.0,25.0,9.0,40.0,7.0,0.0,1.0,1.0,2.0,36.0,27.0,8.0,3.0,2.0,3.0,0.0,82.0,1.0,81.0,56.0,26.0,62.0,16.0,4.0,61.0,20.0,1.0,2.0,61.0,19.0,0.0,0.0,23.0,45.0,14.0,1.0,3.0,20.0,23.0,22.0,13.0,75.0,5.0,1.0,1.0,0.0,73.0,5.0,4.0,5.0,26.0,10.0,10.0,13.0,8.0,10.0,65.0,17.0,63.0,19.0,64.0,17.0,1.0,9.0,24.0,14.0,10.0,8.0,2.0,15.0,57.0,25.0,41.0,41.0,57.0,20.0,5.0,80.0,2.0,75.0,7.0,75.0,7.0,80.0,2.0,61.0,21.0,27.0,46.0,9.0,54.0,24.0,4.0,14.0,25.0,14.0,22.0,7.0,17.0,31.0,11.0,7.0,16.0,14.0,68.0,44.0,32.0,5.0,1.0,80.0,0.0,2.0,57.0,19.0,6.0,75.0,6.0,1.0,34.0,48.0,77.0,5.0,47.0,31.0,4.0,0.0,78.0,4.0,0.0,47.0,35.0,0.0,72.0,10.0,0.0,79.0,3.0,0.0,0.0,56.0,26.0,41.0,34.0,7.0,0.0,76.0,6.0,0.0,64.0,18.0,0.0,59.0,23.0,0.0,58.0,24.0,0.0,78.0,4.0,0.0,0.0,15.0,53.0,14.0,0.0,Atingiu a média
16,23265000,2017,1,2,2302,23015,23,2303501,230350105,2,1,0.0,1.0,1.0,0.0,0.0,0.0,0.0,0.0,0.0,0.0,0.0,0.0,0.0,1.0,0.0,1.0,1.0,0.0,0.0,1.0,0.0,0.0,0.0,0.0,1.0,0.0,1.0,0.0,0.0,0.0,0.0,0.0,1.0,1.0,1.0,1.0,0.0,1.0,0.0,1.0,1.0,0.0,0.0,0.0,0.0,0.0,0.0,0.0,0.0,1.0,0.0,1.0,0.0,0.0,1.0,1.0,0.0,1.0,0.0,0.0,0.0,0.0,0.0,0.0,6.0,6.0,0.0,0.0,0.0,0.0,1.0,1.0,1.0,1.0,0.0,1.0,0.0,0.0,1.0,0.0,0.0,0.0,0.0,1.0,1.0,1.0,1.0,0.0,1.0,0.0,0.0,39.0,12.0,27.0,1.0,1.0,18.0,1.0,0.0,0.0,0.0,0.0,0.0,1.0,0.0,0.0,0.0,0.0,1.0,0.0,0.0,0.0,1.0,0.0,0.0,0.0,0.0,0.0,0.0,1.0,0.0,0.0,0.0,0.0,0.0,0.0,0.0,0.0,0.0,0.0,0.0,0.0,0.0,0.0,0.0,0.0,0.0,14.0,7.0,36.0,2.0,0.0,8.0,0.0,0.0,35.0,19.0,8.0,1.0,2.0,2.0,2.0,65.0,0.0,67.0,34.0,33.0,46.0,18.0,3.0,45.0,19.0,3.0,1.0,40.0,26.0,1.0,8.0,34.0,18.0,6.0,0.0,8.0,16.0,26.0,12.0,5.0,58.0,6.0,0.0,2.0,1.0,53.0,8.0,6.0,0.0,13.0,14.0,10.0,11.0,4.0,15.0,60.0,7.0,51.0,16.0,36.0,27.0,4.0,5.0,10.0,10.0,6.0,10.0,2.0,24.0,52.0,15.0,32.0,35.0,37.0,23.0,7.0,66.0,1.0,59.0,8.0,60.0,7.0,66.0,1.0,49.0,18.0,24.0,33.0,10.0,48.0,15.0,4.0,8.0,14.0,12.0,28.0,5.0,20.0,22.0,8.0,5.0,12.0,13.0,54.0,41.0,24.0,1.0,1.0,62.0,1.0,4.0,53.0,10.0,4.0,63.0,2.0,2.0,6.0,61.0,59.0,8.0,36.0,29.0,2.0,0.0,57.0,9.0,1.0,41.0,25.0,1.0,58.0,8.0,1.0,62.0,2.0,2.0,1.0,42.0,25.0,27.0,34.0,5.0,1.0,60.0,6.0,1.0,49.0,17.0,1.0,43.0,23.0,1.0,53.0,13.0,1.0,57.0,7.0,2.0,1.0,13.0,39.0,15.0,0.0,Atingiu a média
17,23062347,2017,1,2,2303,23016,23,2303709,230370905,2,1,2.0,1.0,1.0,0.0,0.0,0.0,0.0,0.0,0.0,0.0,0.0,0.0,0.0,1.0,1.0,0.0,0.0,0.0,0.0,1.0,0.0,0.0,0.0,1.0,0.0,0.0,1.0,0.0,0.0,0.0,0.0,0.0,1.0,1.0,1.0,0.0,0.0,1.0,0.0,1.0,1.0,1.0,0.0,1.0,0.0,0.0,0.0,0.0,0.0,1.0,0.0,1.0,0.0,0.0,1.0,0.0,0.0,1.0,0.0,0.0,0.0,0.0,0.0,0.0,10.0,10.0,0.0,0.0,0.0,0.0,0.0,0.0,0.0,0.0,0.0,0.0,0.0,0.0,1.0,0.0,0.0,0.0,0.0,0.0,0.0,0.0,0.0,0.0,0.0,0.0,0.0,29.0,29.0,29.0,1.0,1.0,43.0,1.0,0.0,0.0,0.0,0.0,0.0,1.0,0.0,0.0,0.0,0.0,1.0,0.0,0.0,0.0,1.0,0.0,0.0,0.0,0.0,0.0,0.0,1.0,0.0,0.0,0.0,0.0,0.0,0.0,0.0,0.0,0.0,0.0,0.0,0.0,0.0,0.0,0.0,0.0,0.0,42.0,15.0,154.0,19.0,4.0,12.0,0.0,1.0,111.0,114.0,18.0,1.0,1.0,0.0,6.0,240.0,2.0,244.0,103.0,143.0,160.0,79.0,7.0,131.0,107.0,8.0,1.0,168.0,77.0,0.0,31.0,147.0,55.0,13.0,1.0,28.0,65.0,73.0,46.0,33.0,238.0,7.0,0.0,1.0,0.0,215.0,12.0,19.0,3.0,28.0,36.0,67.0,86.0,7.0,19.0,236.0,10.0,190.0,56.0,148.0,87.0,11.0,5.0,22.0,37.0,50.0,74.0,10.0,48.0,214.0,32.0,151.0,95.0,132.0,79.0,35.0,241.0,5.0,223.0,23.0,209.0,37.0,242.0,4.0,160.0,86.0,83.0,133.0,30.0,196.0,46.0,4.0,17.0,61.0,66.0,99.0,3.0,72.0,110.0,17.0,16.0,31.0,26.0,220.0,141.0,101.0,4.0,0.0,222.0,4.0,20.0,205.0,35.0,6.0,238.0,8.0,0.0,12.0,234.0,201.0,45.0,189.0,52.0,4.0,1.0,218.0,27.0,1.0,159.0,86.0,1.0,236.0,10.0,0.0,221.0,24.0,1.0,0.0,156.0,90.0,178.0,61.0,7.0,0.0,239.0,7.0,0.0,200.0,46.0,0.0,188.0,58.0,0.0,217.0,29.0,0.0,240.0,6.0,0.0,0.0,25.0,168.0,52.0,1.0,Atingiu a média
18,23545496,2017,1,2,2301,23003,23,2304004,230400405,2,2,2.0,1.0,1.0,0.0,0.0,0.0,0.0,0.0,0.0,0.0,0.0,0.0,0.0,0.0,1.0,0.0,0.0,0.0,0.0,1.0,0.0,0.0,0.0,0.0,1.0,0.0,1.0,1.0,0.0,0.0,0.0,0.0,1.0,1.0,1.0,1.0,0.0,1.0,0.0,1.0,1.0,1.0,1.0,1.0,0.0,0.0,0.0,1.0,0.0,1.0,1.0,1.0,0.0,1.0,1.0,1.0,0.0,0.0,0.0,0.0,0.0,1.0,0.0,0.0,8.0,8.0,1.0,0.0,1.0,0.0,1.0,0.0,1.0,1.0,1.0,1.0,0.0,1.0,1.0,2.0,0.0,2.0,0.0,1.0,0.0,1.0,2.0,1.0,2.0,0.0,1.0,28.0,4.0,26.0,1.0,0.0,32.0,1.0,0.0,0.0,0.0,0.0,0.0,1.0,0.0,0.0,0.0,0.0,1.0,0.0,0.0,0.0,1.0,0.0,0.0,0.0,0.0,0.0,0.0,1.0,0.0,0.0,0.0,0.0,0.0,0.0,0.0,0.0,0.0,0.0,0.0,0.0,0.0,0.0,0.0,0.0,0.0,6.0,4.0,33.0,2.0,1.0,5.0,0.0,0.0,23.0,21.0,3.0,1.0,1.0,2.0,0.0,51.0,0.0,51.0,45.0,6.0,45.0,6.0,0.0,41.0,9.0,1.0,2.0,43.0,6.0,1.0,8.0,25.0,16.0,1.0,0.0,1.0,8.0,9.0,14.0,19.0,50.0,1.0,0.0,0.0,0.0,47.0,4.0,0.0,8.0,21.0,4.0,3.0,6.0,3.0,6.0,36.0,15.0,28.0,23.0,38.0,13.0,0.0,10.0,25.0,5.0,2.0,0.0,2.0,7.0,21.0,30.0,15.0,36.0,39.0,9.0,3.0,51.0,0.0,47.0,4.0,46.0,5.0,49.0,2.0,41.0,10.0,24.0,22.0,5.0,28.0,19.0,4.0,15.0,20.0,6.0,7.0,3.0,18.0,21.0,2.0,3.0,7.0,8.0,43.0,34.0,13.0,4.0,0.0,51.0,0.0,0.0,42.0,9.0,0.0,47.0,2.0,2.0,13.0,38.0,46.0,5.0,40.0,10.0,1.0,0.0,51.0,0.0,0.0,31.0,19.0,1.0,38.0,13.0,0.0,48.0,3.0,0.0,0.0,41.0,10.0,35.0,15.0,1.0,0.0,49.0,1.0,1.0,50.0,1.0,0.0,44.0,7.0,0.0,26.0,25.0,0.0,43.0,8.0,0.0,0.0,18.0,28.0,5.0,0.0,Atingiu a média
19,23085550,2017,1,2,2304,23018,23,2304103,230410305,2,1,1.0,1.0,1.0,0.0,0.0,0.0,0.0,0.0,0.0,0.0,0.0,0.0,0.0,1.0,1.0,0.0,0.0,0.0,0.0,1.0,0.0,0.0,0.0,1.0,0.0,0.0,1.0,0.0,1.0,0.0,0.0,0.0,1.0,1.0,1.0,1.0,0.0,1.0,0.0,1.0,1.0,1.0,0.0,1.0,0.0,0.0,0.0,1.0,0.0,1.0,1.0,1.0,0.0,0.0,1.0,0.0,1.0,1.0,0.0,0.0,0.0,0.0,0.0,0.0,10.0,10.0,1.0,1.0,1.0,0.0,1.0,1.0,1.0,0.0,1.0,1.0,0.0,1.0,1.0,3.0,2.0,2.0,0.0,1.0,1.0,1.0,0.0,3.0,2.0,0.0,7.0,28.0,6.0,22.0,1.0,0.0,38.0,1.0,0.0,0.0,0.0,0.0,0.0,1.0,0.0,0.0,0.0,0.0,1.0,0.0,0.0,0.0,1.0,0.0,0.0,0.0,0.0,0.0,0.0,1.0,0.0,0.0,0.0,0.0,0.0,0.0,0.0,0.0,0.0,0.0,0.0,0.0,0.0,0.0,0.0,0.0,0.0,5.0,2.0,28.0,0.0,3.0,1.0,0.0,1.0,17.0,15.0,4.0,1.0,1.0,0.0,1.0,38.0,0.0,39.0,22.0,17.0,30.0,9.0,0.0,31.0,7.0,1.0,0.0,33.0,6.0,0.0,5.0,25.0,7.0,2.0,0.0,6.0,6.0,15.0,10.0,2.0,35.0,4.0,0.0,0.0,0.0,35.0,2.0,2.0,2.0,6.0,6.0,3.0,10.0,3.0,9.0,35.0,4.0,33.0,6.0,24.0,12.0,3.0,2.0,9.0,2.0,8.0,2.0,1.0,15.0,29.0,10.0,20.0,19.0,30.0,8.0,1.0,39.0,0.0,38.0,1.0,35.0,4.0,39.0,0.0,31.0,8.0,15.0,21.0,3.0,28.0,9.0,2.0,6.0,6.0,8.0,16.0,3.0,16.0,10.0,2.0,4.0,7.0,6.0,33.0,21.0,16.0,2.0,0.0,38.0,0.0,1.0,28.0,10.0,1.0,38.0,1.0,0.0,6.0,33.0,32.0,7.0,25.0,14.0,0.0,0.0,36.0,2.0,1.0,20.0,18.0,1.0,35.0,3.0,1.0,30.0,7.0,1.0,1.0,23.0,16.0,26.0,12.0,0.0,1.0,35.0,3.0,1.0,34.0,4.0,1.0,24.0,14.0,1.0,27.0,11.0,1.0,32.0,6.0,0.0,1.0,10.0,22.0,7.0,0.0,Atingiu a média
20,23255269,2017,1,2,2307,23032,23,2304202,230420205,2,1,1.0,1.0,1.0,0.0,0.0,0.0,0.0,0.0,0.0,0.0,0.0,0.0,0.0,1.0,1.0,0.0,1.0,0.0,0.0,1.0,0.0,0.0,0.0,1.0,1.0,0.0,1.0,0.0,0.0,0.0,0.0,0.0,1.0,1.0,1.0,1.0,0.0,1.0,0.0,1.0,1.0,0.0,0.0,0.0,0.0,0.0,0.0,1.0,0.0,1.0,1.0,1.0,0.0,0.0,0.0,0.0,1.0,0.0,0.0,0.0,0.0,0.0,0.0,0.0,15.0,12.0,1.0,0.0,1.0,1.0,1.0,1.0,1.0,1.0,0.0,1.0,0.0,1.0,1.0,5.0,0.0,3.0,1.0,1.0,1.0,1.0,1.0,0.0,5.0,0.0,1.0,26.0,4.0,20.0,1.0,1.0,53.0,1.0,0.0,0.0,0.0,0.0,0.0,1.0,0.0,0.0,1.0,0.0,1.0,0.0,0.0,0.0,1.0,0.0,0.0,0.0,0.0,0.0,0.0,1.0,0.0,0.0,0.0,0.0,0.0,0.0,0.0,0.0,0.0,0.0,0.0,0.0,0.0,0.0,0.0,0.0,0.0,24.0,25.0,69.0,7.0,4.0,3.0,0.0,4.0,69.0,49.0,5.0,2.0,2.0,1.0,2.0,130.0,0.0,132.0,75.0,57.0,93.0,37.0,2.0,59.0,65.0,8.0,0.0,88.0,44.0,1.0,12.0,78.0,37.0,4.0,0.0,12.0,28.0,48.0,26.0,18.0,120.0,9.0,2.0,1.0,0.0,111.0,15.0,6.0,2.0,10.0,13.0,18.0,62.0,17.0,10.0,129.0,3.0,108.0,24.0,78.0,51.0,3.0,4.0,14.0,21.0,19.0,45.0,4.0,25.0,119.0,13.0,67.0,65.0,46.0,73.0,13.0,131.0,1.0,117.0,15.0,110.0,22.0,131.0,1.0,87.0,45.0,41.0,71.0,20.0,91.0,39.0,2.0,13.0,35.0,30.0,53.0,1.0,43.0,54.0,8.0,8.0,19.0,11.0,121.0,88.0,39.0,5.0,0.0,108.0,0.0,24.0,106.0,20.0,6.0,129.0,3.0,0.0,11.0,121.0,108.0,24.0,103.0,27.0,2.0,0.0,122.0,10.0,0.0,90.0,42.0,0.0,125.0,7.0,0.0,110.0,22.0,0.0,0.0,84.0,48.0,94.0,34.0,3.0,1.0,125.0,6.0,1.0,94.0,37.0,1.0,110.0,21.0,1.0,121.0,10.0,1.0,118.0,10.0,1.0,3.0,28.0,82.0,22.0,0.0,Atingiu a média
21,23264616,2017,1,2,2307,23032,23,2304202,230420205,2,1,1.0,1.0,1.0,0.0,0.0,0.0,0.0,0.0,0.0,0.0,0.0,0.0,0.0,1.0,1.0,0.0,0.0,0.0,0.0,1.0,0.0,0.0,0.0,0.0,1.0,0.0,1.0,0.0,0.0,0.0,0.0,0.0,1.0,1.0,1.0,1.0,0.0,0.0,0.0,0.0,1.0,1.0,1.0,1.0,0.0,0.0,0.0,1.0,0.0,1.0,1.0,1.0,1.0,0.0,1.0,1.0,0.0,1.0,0.0,0.0,0.0,1.0,0.0,0.0,5.0,5.0,1.0,1.0,1.0,0.0,1.0,1.0,1.0,1.0,1.0,1.0,0.0,1.0,1.0,3.0,1.0,3.0,0.0,1.0,1.0,1.0,1.0,3.0,4.0,0.0,3.0,20.0,3.0,17.0,1.0,1.0,37.0,1.0,0.0,0.0,0.0,0.0,0.0,1.0,0.0,0.0,0.0,0.0,1.0,0.0,0.0,0.0,1.0,0.0,0.0,0.0,0.0,0.0,0.0,1.0,0.0,0.0,0.0,0.0,0.0,0.0,0.0,0.0,0.0,0.0,0.0,0.0,0.0,0.0,0.0,0.0,0.0,9.0,21.0,63.0,6.0,1.0,3.0,0.0,3.0,33.0,37.0,15.0,8.0,3.0,4.0,2.0,101.0,1.0,102.0,73.0,30.0,85.0,17.0,1.0,63.0,36.0,4.0,2.0,85.0,16.0,0.0,8.0,62.0,24.0,9.0,0.0,12.0,16.0,23.0,31.0,21.0,98.0,4.0,0.0,1.0,0.0,87.0,13.0,3.0,4.0,29.0,18.0,14.0,16.0,7.0,15.0,90.0,13.0,80.0,23.0,72.0,26.0,5.0,13.0,28.0,20.0,6.0,11.0,0.0,25.0,71.0,32.0,46.0,57.0,63.0,34.0,6.0,101.0,2.0,90.0,13.0,83.0,20.0,100.0,3.0,71.0,32.0,26.0,64.0,13.0,56.0,43.0,4.0,21.0,33.0,20.0,26.0,3.0,34.0,34.0,10.0,10.0,15.0,12.0,91.0,44.0,49.0,9.0,1.0,100.0,1.0,2.0,71.0,19.0,13.0,96.0,5.0,2.0,26.0,77.0,90.0,13.0,58.0,41.0,4.0,0.0,97.0,4.0,2.0,61.0,41.0,1.0,88.0,15.0,0.0,89.0,11.0,3.0,0.0,69.0,34.0,58.0,39.0,6.0,0.0,98.0,5.0,0.0,83.0,18.0,2.0,76.0,27.0,0.0,68.0,35.0,0.0,101.0,2.0,0.0,0.0,23.0,69.0,11.0,0.0,Atingiu a média
22,23004258,2017,1,2,2301,23001,23,2304251,230425105,2,1,2.0,1.0,1.0,0.0,0.0,0.0,0.0,0.0,0.0,0.0,0.0,0.0,0.0,1.0,1.0,0.0,0.0,0.0,0.0,1.0,0.0,0.0,0.0,1.0,0.0,0.0,1.0,0.0,0.0,1.0,0.0,0.0,1.0,1.0,1.0,1.0,1.0,1.0,0.0,1.0,1.0,0.0,0.0,0.0,0.0,0.0,0.0,0.0,0.0,1.0,1.0,1.0,0.0,0.0,0.0,1.0,1.0,0.0,0.0,0.0,0.0,0.0,1.0,0.0,11.0,11.0,1.0,0.0,0.0,0.0,1.0,0.0,1.0,1.0,1.0,1.0,0.0,0.0,1.0,2.0,0.0,0.0,0.0,3.0,0.0,3.0,2.0,1.0,2.0,0.0,0.0,33.0,8.0,10.0,1.0,1.0,54.0,1.0,1.0,0.0,0.0,0.0,0.0,1.0,0.0,0.0,1.0,0.0,1.0,0.0,0.0,0.0,1.0,1.0,0.0,0.0,0.0,0.0,0.0,1.0,0.0,0.0,0.0,0.0,0.0,0.0,0.0,0.0,0.0,0.0,1.0,0.0,0.0,0.0,0.0,0.0,0.0,44.0,17.0,117.0,10.0,4.0,11.0,0.0,5.0,59.0,111.0,19.0,3.0,0.0,6.0,12.0,191.0,5.0,198.0,142.0,61.0,155.0,41.0,7.0,144.0,51.0,8.0,2.0,145.0,56.0,2.0,22.0,97.0,66.0,16.0,2.0,20.0,36.0,70.0,39.0,36.0,190.0,10.0,2.0,1.0,0.0,183.0,15.0,5.0,11.0,61.0,35.0,23.0,20.0,8.0,45.0,176.0,27.0,145.0,58.0,125.0,66.0,12.0,18.0,59.0,25.0,17.0,15.0,4.0,65.0,145.0,58.0,102.0,101.0,131.0,59.0,13.0,195.0,8.0,170.0,33.0,166.0,37.0,198.0,5.0,123.0,80.0,58.0,108.0,37.0,132.0,57.0,14.0,36.0,52.0,35.0,69.0,11.0,70.0,57.0,16.0,23.0,37.0,36.0,167.0,137.0,53.0,9.0,4.0,190.0,1.0,12.0,180.0,19.0,4.0,193.0,6.0,4.0,55.0,148.0,154.0,49.0,124.0,67.0,10.0,2.0,172.0,25.0,6.0,97.0,101.0,5.0,162.0,38.0,3.0,195.0,4.0,0.0,4.0,111.0,92.0,92.0,89.0,17.0,5.0,182.0,18.0,3.0,155.0,44.0,4.0,128.0,72.0,3.0,135.0,65.0,3.0,163.0,20.0,17.0,3.0,46.0,125.0,29.0,3.0,Atingiu a média
23,23252626,2017,1,2,2301,23001,23,2304251,230425105,2,2,2.0,1.0,1.0,0.0,0.0,0.0,0.0,0.0,0.0,0.0,0.0,0.0,0.0,1.0,1.0,0.0,0.0,0.0,0.0,1.0,0.0,0.0,0.0,0.0,1.0,0.0,1.0,0.0,0.0,1.0,0.0,0.0,1.0,1.0,0.0,1.0,0.0,1.0,0.0,1.0,1.0,1.0,0.0,1.0,0.0,0.0,0.0,1.0,0.0,1.0,1.0,1.0,1.0,0.0,1.0,1.0,0.0,1.0,1.0,0.0,0.0,0.0,1.0,0.0,8.0,8.0,1.0,0.0,1.0,0.0,1.0,0.0,0.0,0.0,0.0,0.0,0.0,0.0,1.0,2.0,0.0,2.0,0.0,1.0,0.0,0.0,0.0,0.0,0.0,0.0,0.0,72.0,17.0,55.0,1.0,1.0,31.0,1.0,0.0,0.0,0.0,0.0,0.0,1.0,0.0,0.0,0.0,0.0,1.0,0.0,0.0,0.0,1.0,1.0,0.0,0.0,0.0,0.0,0.0,1.0,0.0,0.0,0.0,0.0,0.0,0.0,0.0,0.0,0.0,0.0,1.0,0.0,0.0,0.0,0.0,0.0,0.0,12.0,2.0,72.0,2.0,0.0,2.0,0.0,0.0,22.0,50.0,12.0,0.0,3.0,3.0,5.0,85.0,2.0,88.0,65.0,25.0,71.0,17.0,2.0,68.0,21.0,1.0,1.0,56.0,33.0,0.0,11.0,33.0,39.0,7.0,1.0,7.0,15.0,26.0,16.0,25.0,87.0,2.0,0.0,0.0,1.0,73.0,13.0,4.0,3.0,25.0,18.0,12.0,5.0,4.0,23.0,79.0,11.0,69.0,21.0,60.0,20.0,10.0,12.0,19.0,16.0,5.0,7.0,1.0,30.0,57.0,33.0,41.0,49.0,63.0,24.0,3.0,88.0,2.0,81.0,9.0,73.0,17.0,89.0,1.0,64.0,26.0,29.0,54.0,7.0,54.0,32.0,4.0,24.0,21.0,13.0,29.0,3.0,33.0,27.0,7.0,6.0,17.0,20.0,70.0,57.0,21.0,10.0,2.0,90.0,0.0,0.0,77.0,10.0,3.0,83.0,4.0,3.0,17.0,73.0,77.0,13.0,49.0,27.0,6.0,8.0,73.0,6.0,11.0,42.0,36.0,12.0,66.0,13.0,11.0,65.0,12.0,2.0,11.0,58.0,32.0,40.0,41.0,7.0,2.0,81.0,7.0,2.0,83.0,5.0,2.0,57.0,31.0,2.0,64.0,24.0,2.0,72.0,14.0,2.0,2.0,2.0,39.0,43.0,6.0,Atingiu a média
24,23018445,2017,1,2,2301,23005,23,2304350,230435005,2,1,2.0,1.0,1.0,0.0,0.0,0.0,0.0,0.0,0.0,0.0,0.0,0.0,0.0,1.0,1.0,0.0,0.0,0.0,0.0,1.0,0.0,0.0,0.0,1.0,1.0,0.0,1.0,0.0,0.0,0.0,0.0,0.0,1.0,1.0,1.0,1.0,1.0,1.0,0.0,1.0,1.0,1.0,0.0,1.0,0.0,0.0,0.0,1.0,0.0,1.0,0.0,1.0,1.0,0.0,1.0,1.0,0.0,1.0,0.0,0.0,0.0,0.0,0.0,0.0,13.0,13.0,1.0,0.0,1.0,1.0,0.0,0.0,1.0,0.0,1.0,1.0,0.0,0.0,1.0,3.0,0.0,1.0,1.0,0.0,0.0,1.0,0.0,2.0,1.0,0.0,0.0,30.0,10.0,20.0,1.0,1.0,61.0,1.0,1.0,0.0,0.0,0.0,0.0,1.0,0.0,0.0,0.0,0.0,1.0,0.0,0.0,0.0,1.0,1.0,1.0,0.0,0.0,0.0,0.0,1.0,0.0,0.0,0.0,0.0,0.0,0.0,0.0,0.0,0.0,0.0,1.0,1.0,0.0,0.0,0.0,0.0,0.0,44.0,21.0,235.0,13.0,6.0,25.0,0.0,4.0,158.0,143.0,12.0,9.0,3.0,15.0,20.0,324.0,9.0,335.0,188.0,156.0,291.0,51.0,2.0,240.0,92.0,12.0,6.0,282.0,56.0,11.0,90.0,185.0,48.0,10.0,3.0,31.0,62.0,100.0,77.0,71.0,298.0,31.0,12.0,2.0,1.0,296.0,36.0,12.0,23.0,90.0,48.0,57.0,48.0,16.0,62.0,268.0,76.0,233.0,111.0,189.0,134.0,21.0,41.0,62.0,47.0,40.0,41.0,7.0,106.0,218.0,126.0,158.0,186.0,189.0,122.0,33.0,335.0,9.0,306.0,38.0,307.0,37.0,335.0,9.0,248.0,96.0,128.0,183.0,33.0,211.0,106.0,27.0,78.0,86.0,55.0,90.0,35.0,99.0,105.0,25.0,40.0,75.0,48.0,296.0,232.0,94.0,14.0,4.0,327.0,6.0,11.0,281.0,50.0,13.0,311.0,22.0,11.0,87.0,257.0,316.0,28.0,202.0,120.0,17.0,5.0,300.0,40.0,4.0,217.0,120.0,7.0,289.0,49.0,6.0,308.0,26.0,3.0,7.0,210.0,134.0,154.0,157.0,30.0,3.0,317.0,22.0,5.0,280.0,60.0,4.0,246.0,92.0,6.0,258.0,82.0,4.0,302.0,35.0,4.0,3.0,99.0,175.0,70.0,0.0,Atingiu a média
25,23064684,2017,1,2,2303,23016,23,2304400,230440005,2,1,1.0,1.0,1.0,0.0,0.0,0.0,0.0,0.0,0.0,0.0,0.0,0.0,0.0,1.0,1.0,0.0,0.0,0.0,0.0,1.0,0.0,0.0,0.0,1.0,1.0,0.0,1.0,0.0,0.0,0.0,0.0,0.0,1.0,1.0,1.0,1.0,1.0,1.0,0.0,1.0,1.0,1.0,0.0,1.0,0.0,0.0,0.0,1.0,0.0,1.0,1.0,1.0,1.0,0.0,1.0,1.0,1.0,1.0,0.0,0.0,0.0,0.0,0.0,0.0,22.0,22.0,1.0,0.0,0.0,0.0,1.0,0.0,1.0,1.0,0.0,1.0,0.0,1.0,1.0,3.0,0.0,0.0,0.0,1.0,0.0,5.0,1.0,0.0,9.0,0.0,1.0,49.0,11.0,38.0,1.0,1.0,142.0,1.0,1.0,1.0,0.0,0.0,0.0,1.0,0.0,0.0,0.0,0.0,1.0,0.0,0.0,0.0,1.0,0.0,0.0,0.0,0.0,0.0,0.0,1.0,0.0,0.0,0.0,0.0,0.0,0.0,0.0,0.0,0.0,0.0,0.0,0.0,0.0,0.0,0.0,0.0,0.0,119.0,66.0,274.0,26.0,5.0,30.0,3.0,12.0,273.0,180.0,44.0,5.0,2.0,1.0,14.0,506.0,4.0,516.0,185.0,335.0,302.0,199.0,19.0,215.0,252.0,53.0,1.0,340.0,179.0,8.0,71.0,308.0,107.0,26.0,2.0,60.0,133.0,180.0,96.0,49.0,509.0,4.0,5.0,2.0,0.0,468.0,33.0,19.0,5.0,69.0,71.0,88.0,206.0,57.0,24.0,500.0,20.0,394.0,126.0,320.0,186.0,14.0,7.0,55.0,78.0,91.0,178.0,43.0,68.0,491.0,29.0,317.0,203.0,184.0,172.0,164.0,510.0,10.0,458.0,62.0,445.0,75.0,509.0,11.0,333.0,187.0,201.0,257.0,62.0,386.0,122.0,12.0,65.0,146.0,139.0,153.0,17.0,184.0,195.0,42.0,25.0,74.0,67.0,453.0,268.0,237.0,14.0,1.0,444.0,19.0,57.0,435.0,70.0,15.0,499.0,16.0,5.0,29.0,491.0,407.0,113.0,227.0,181.0,33.0,79.0,375.0,72.0,73.0,276.0,170.0,74.0,423.0,32.0,65.0,146.0,213.0,74.0,87.0,273.0,247.0,209.0,218.0,73.0,20.0,451.0,45.0,24.0,351.0,143.0,26.0,379.0,118.0,23.0,432.0,65.0,23.0,289.0,174.0,33.0,24.0,187.0,252.0,81.0,0.0,Atingiu a média
26,23065249,2017,1,2,2303,23016,23,2304400,230440005,2,1,1.0,1.0,1.0,0.0,0.0,0.0,0.0,0.0,0.0,0.0,0.0,0.0,0.0,1.0,1.0,1.0,0.0,0.0,0.0,1.0,0.0,0.0,0.0,1.0,0.0,0.0,1.0,0.0,0.0,0.0,0.0,0.0,1.0,1.0,1.0,1.0,0.0,1.0,0.0,1.0,1.0,1.0,0.0,1.0,0.0,0.0,0.0,1.0,0.0,1.0,0.0,1.0,0.0,1.0,1.0,1.0,0.0,0.0,1.0,0.0,0.0,0.0,0.0,0.0,16.0,13.0,1.0,0.0,0.0,0.0,1.0,0.0,1.0,0.0,0.0,1.0,1.0,1.0,1.0,4.0,0.0,0.0,0.0,2.0,0.0,4.0,0.0,0.0,2.0,1.0,1.0,28.0,6.0,22.0,1.0,1.0,51.0,1.0,0.0,0.0,0.0,0.0,0.0,1.0,0.0,0.0,0.0,0.0,1.0,0.0,0.0,0.0,1.0,0.0,0.0,0.0,0.0,0.0,0.0,1.0,0.0,0.0,0.0,0.0,0.0,0.0,0.0,0.0,0.0,0.0,0.0,0.0,0.0,0.0,0.0,0.0,0.0,15.0,14.0,82.0,7.0,2.0,5.0,0.0,2.0,38.0,58.0,20.0,6.0,1.0,0.0,3.0,122.0,1.0,124.0,60.0,65.0,86.0,36.0,3.0,69.0,52.0,4.0,1.0,83.0,41.0,6.0,31.0,59.0,25.0,4.0,0.0,16.0,30.0,36.0,24.0,19.0,116.0,5.0,1.0,2.0,1.0,108.0,10.0,7.0,4.0,17.0,20.0,28.0,34.0,7.0,15.0,116.0,9.0,102.0,23.0,67.0,47.0,11.0,6.0,16.0,23.0,15.0,26.0,2.0,37.0,107.0,18.0,63.0,62.0,36.0,58.0,31.0,122.0,3.0,105.0,20.0,99.0,26.0,121.0,4.0,65.0,60.0,32.0,71.0,22.0,95.0,28.0,2.0,15.0,25.0,31.0,50.0,4.0,47.0,47.0,13.0,7.0,11.0,18.0,107.0,62.0,57.0,5.0,1.0,114.0,0.0,11.0,87.0,30.0,8.0,118.0,5.0,2.0,13.0,112.0,104.0,21.0,69.0,51.0,5.0,0.0,98.0,25.0,2.0,64.0,58.0,3.0,118.0,7.0,0.0,111.0,7.0,6.0,1.0,55.0,70.0,39.0,54.0,20.0,12.0,100.0,18.0,7.0,78.0,40.0,7.0,67.0,50.0,8.0,86.0,30.0,9.0,71.0,40.0,5.0,9.0,12.0,65.0,48.0,0.0,Atingiu a média
27,23067233,2017,1,2,2303,23016,23,2304400,230440005,2,1,2.0,1.0,1.0,0.0,0.0,0.0,0.0,0.0,0.0,0.0,0.0,0.0,0.0,1.0,1.0,0.0,0.0,0.0,0.0,1.0,0.0,0.0,0.0,1.0,0.0,0.0,1.0,0.0,0.0,0.0,0.0,0.0,1.0,1.0,1.0,1.0,0.0,1.0,0.0,1.0,1.0,1.0,0.0,1.0,0.0,0.0,0.0,1.0,0.0,1.0,1.0,1.0,1.0,0.0,1.0,1.0,0.0,1.0,0.0,0.0,0.0,0.0,0.0,0.0,8.0,8.0,1.0,1.0,1.0,1.0,1.0,1.0,1.0,1.0,1.0,1.0,1.0,1.0,1.0,3.0,1.0,1.0,1.0,1.0,1.0,1.0,1.0,1.0,1.0,1.0,1.0,14.0,4.0,10.0,1.0,1.0,66.0,1.0,0.0,0.0,0.0,0.0,0.0,1.0,0.0,0.0,0.0,0.0,1.0,0.0,0.0,0.0,1.0,0.0,0.0,0.0,0.0,0.0,1.0,1.0,0.0,0.0,0.0,0.0,0.0,0.0,0.0,0.0,0.0,0.0,0.0,0.0,0.0,0.0,0.0,0.0,0.0,11.0,2.0,52.0,6.0,2.0,4.0,0.0,0.0,33.0,32.0,8.0,4.0,0.0,0.0,2.0,75.0,0.0,77.0,37.0,40.0,52.0,20.0,5.0,39.0,34.0,4.0,1.0,59.0,17.0,3.0,19.0,42.0,10.0,3.0,0.0,12.0,19.0,24.0,13.0,9.0,73.0,2.0,1.0,1.0,0.0,58.0,14.0,5.0,1.0,9.0,8.0,15.0,31.0,4.0,9.0,75.0,2.0,62.0,15.0,32.0,41.0,4.0,2.0,8.0,5.0,5.0,30.0,2.0,25.0,67.0,10.0,46.0,31.0,34.0,34.0,9.0,76.0,1.0,70.0,7.0,67.0,10.0,76.0,1.0,36.0,41.0,22.0,46.0,9.0,58.0,18.0,1.0,7.0,18.0,12.0,39.0,1.0,19.0,37.0,9.0,5.0,7.0,11.0,66.0,36.0,37.0,4.0,0.0,70.0,0.0,7.0,53.0,16.0,8.0,75.0,2.0,0.0,6.0,71.0,56.0,21.0,44.0,30.0,3.0,0.0,63.0,13.0,1.0,43.0,33.0,1.0,68.0,8.0,1.0,58.0,19.0,0.0,0.0,38.0,39.0,56.0,16.0,2.0,3.0,68.0,7.0,2.0,56.0,19.0,2.0,53.0,22.0,2.0,61.0,14.0,2.0,64.0,11.0,0.0,2.0,7.0,31.0,37.0,2.0,Atingiu a média
28,23068523,2017,1,2,2303,23016,23,2304400,230440005,2,1,1.0,1.0,1.0,0.0,0.0,0.0,0.0,0.0,0.0,0.0,0.0,0.0,0.0,1.0,1.0,0.0,1.0,0.0,0.0,1.0,0.0,0.0,0.0,0.0,1.0,0.0,1.0,0.0,0.0,0.0,0.0,0.0,1.0,1.0,1.0,1.0,0.0,1.0,0.0,1.0,1.0,0.0,1.0,1.0,0.0,0.0,0.0,1.0,0.0,1.0,0.0,0.0,0.0,1.0,0.0,0.0,1.0,1.0,0.0,0.0,0.0,0.0,0.0,0.0,12.0,12.0,0.0,0.0,0.0,0.0,0.0,0.0,0.0,0.0,0.0,0.0,0.0,0.0,1.0,0.0,0.0,0.0,0.0,0.0,0.0,0.0,0.0,0.0,0.0,0.0,0.0,34.0,10.0,24.0,1.0,1.0,69.0,1.0,0.0,0.0,0.0,0.0,0.0,1.0,0.0,0.0,0.0,0.0,1.0,0.0,0.0,0.0,1.0,1.0,0.0,0.0,0.0,0.0,0.0,1.0,0.0,0.0,0.0,0.0,0.0,0.0,0.0,0.0,0.0,0.0,1.0,0.0,0.0,0.0,0.0,0.0,0.0,40.0,21.0,171.0,8.0,3.0,12.0,0.0,4.0,131.0,96.0,21.0,3.0,0.0,0.0,5.0,250.0,0.0,255.0,68.0,187.0,118.0,122.0,15.0,107.0,122.0,26.0,0.0,138.0,117.0,4.0,21.0,130.0,83.0,17.0,0.0,25.0,68.0,104.0,39.0,19.0,241.0,12.0,1.0,1.0,0.0,229.0,17.0,9.0,2.0,22.0,29.0,41.0,119.0,29.0,13.0,252.0,3.0,208.0,47.0,146.0,95.0,14.0,6.0,21.0,35.0,31.0,99.0,16.0,47.0,242.0,13.0,147.0,108.0,112.0,99.0,44.0,248.0,7.0,212.0,43.0,202.0,53.0,245.0,10.0,152.0,103.0,95.0,123.0,37.0,194.0,55.0,6.0,26.0,56.0,60.0,111.0,2.0,75.0,99.0,31.0,12.0,38.0,44.0,211.0,138.0,102.0,12.0,3.0,209.0,6.0,40.0,200.0,48.0,7.0,242.0,12.0,1.0,5.0,250.0,202.0,53.0,109.0,121.0,13.0,12.0,193.0,44.0,18.0,126.0,109.0,20.0,231.0,10.0,14.0,126.0,107.0,10.0,12.0,137.0,118.0,105.0,106.0,31.0,13.0,224.0,20.0,11.0,189.0,56.0,10.0,142.0,104.0,9.0,214.0,34.0,7.0,219.0,21.0,1.0,14.0,41.0,152.0,62.0,0.0,Atingiu a média
29,23068809,2017,1,2,2303,23016,23,2304400,230440005,2,1,1.0,1.0,2.0,0.0,0.0,0.0,0.0,0.0,0.0,0.0,0.0,0.0,0.0,1.0,1.0,1.0,0.0,0.0,0.0,1.0,0.0,0.0,0.0,1.0,0.0,0.0,1.0,0.0,0.0,1.0,0.0,0.0,1.0,1.0,0.0,1.0,0.0,0.0,0.0,0.0,1.0,1.0,0.0,1.0,0.0,0.0,0.0,1.0,0.0,1.0,1.0,1.0,0.0,1.0,1.0,1.0,1.0,1.0,0.0,0.0,0.0,1.0,0.0,0.0,10.0,10.0,1.0,0.0,0.0,0.0,1.0,0.0,1.0,0.0,1.0,1.0,0.0,0.0,1.0,1.0,0.0,0.0,0.0,1.0,0.0,2.0,0.0,4.0,3.0,0.0,0.0,15.0,2.0,13.0,1.0,1.0,54.0,1.0,0.0,0.0,0.0,0.0,0.0,1.0,0.0,0.0,0.0,0.0,1.0,0.0,0.0,0.0,1.0,0.0,0.0,0.0,0.0,0.0,0.0,1.0,0.0,0.0,0.0,0.0,0.0,0.0,0.0,0.0,0.0,0.0,0.0,0.0,0.0,0.0,0.0,0.0,0.0,28.0,13.0,68.0,10.0,7.0,10.0,1.0,3.0,43.0,44.0,20.0,12.0,4.0,9.0,1.0,135.0,0.0,136.0,67.0,69.0,101.0,34.0,1.0,80.0,50.0,6.0,0.0,98.0,38.0,1.0,35.0,68.0,27.0,5.0,1.0,17.0,26.0,36.0,26.0,30.0,130.0,6.0,0.0,0.0,0.0,113.0,20.0,3.0,3.0,23.0,24.0,36.0,32.0,6.0,12.0,124.0,12.0,101.0,35.0,64.0,68.0,4.0,4.0,26.0,22.0,18.0,29.0,2.0,35.0,118.0,18.0,76.0,60.0,54.0,55.0,27.0,130.0,6.0,121.0,15.0,110.0,26.0,132.0,4.0,89.0,47.0,42.0,78.0,16.0,101.0,32.0,3.0,19.0,42.0,20.0,49.0,6.0,39.0,53.0,17.0,16.0,11.0,36.0,100.0,68.0,54.0,12.0,2.0,121.0,4.0,11.0,85.0,38.0,13.0,112.0,21.0,3.0,11.0,125.0,115.0,21.0,80.0,52.0,1.0,3.0,110.0,25.0,1.0,87.0,48.0,1.0,126.0,9.0,1.0,110.0,22.0,0.0,4.0,93.0,43.0,66.0,59.0,5.0,6.0,122.0,12.0,2.0,96.0,38.0,2.0,94.0,38.0,4.0,113.0,18.0,5.0,106.0,20.0,4.0,6.0,33.0,82.0,21.0,0.0,Atingiu a média
30,23069171,2017,1,2,2303,23016,23,2304400,230440005,2,1,1.0,1.0,2.0,0.0,0.0,0.0,0.0,0.0,0.0,0.0,1.0,1.0,0.0,1.0,1.0,0.0,0.0,0.0,0.0,1.0,0.0,0.0,0.0,1.0,1.0,0.0,1.0,0.0,0.0,0.0,0.0,0.0,1.0,1.0,1.0,0.0,0.0,0.0,0.0,0.0,1.0,1.0,0.0,1.0,0.0,0.0,1.0,1.0,0.0,0.0,0.0,1.0,0.0,0.0,1.0,0.0,0.0,0.0,0.0,0.0,0.0,0.0,0.0,0.0,7.0,7.0,0.0,0.0,0.0,0.0,0.0,0.0,0.0,0.0,0.0,0.0,0.0,0.0,1.0,0.0,0.0,0.0,0.0,0.0,0.0,0.0,0.0,0.0,0.0,0.0,0.0,59.0,0.0,20.0,1.0,1.0,44.0,1.0,0.0,0.0,0.0,0.0,0.0,1.0,0.0,0.0,0.0,0.0,1.0,0.0,0.0,0.0,1.0,0.0,0.0,0.0,0.0,0.0,1.0,1.0,0.0,0.0,0.0,0.0,0.0,0.0,0.0,0.0,0.0,0.0,0.0,0.0,0.0,0.0,0.0,0.0,0.0,14.0,16.0,36.0,5.0,1.0,6.0,0.0,2.0,23.0,35.0,11.0,6.0,1.0,0.0,4.0,74.0,0.0,78.0,29.0,49.0,58.0,19.0,1.0,34.0,29.0,15.0,0.0,47.0,31.0,2.0,17.0,33.0,24.0,2.0,2.0,10.0,15.0,23.0,18.0,10.0,77.0,1.0,0.0,0.0,0.0,64.0,11.0,3.0,1.0,9.0,6.0,13.0,32.0,9.0,8.0,73.0,5.0,61.0,17.0,52.0,25.0,1.0,4.0,6.0,13.0,10.0,24.0,4.0,17.0,69.0,9.0,44.0,34.0,22.0,32.0,24.0,76.0,2.0,69.0,9.0,67.0,11.0,76.0,2.0,51.0,27.0,23.0,44.0,11.0,61.0,16.0,1.0,5.0,20.0,18.0,32.0,3.0,30.0,26.0,6.0,8.0,8.0,25.0,53.0,46.0,25.0,7.0,0.0,70.0,2.0,6.0,50.0,24.0,4.0,73.0,5.0,0.0,2.0,76.0,52.0,26.0,34.0,36.0,3.0,5.0,67.0,8.0,3.0,38.0,37.0,3.0,73.0,2.0,3.0,36.0,38.0,2.0,2.0,45.0,33.0,32.0,38.0,5.0,3.0,73.0,2.0,3.0,64.0,9.0,5.0,46.0,28.0,4.0,69.0,6.0,3.0,58.0,14.0,3.0,3.0,20.0,38.0,20.0,0.0,Atingiu a média
31,23069546,2017,1,2,2303,23016,23,2304400,230440005,2,1,1.0,1.0,1.0,0.0,0.0,0.0,0.0,0.0,0.0,0.0,0.0,0.0,0.0,1.0,1.0,0.0,0.0,0.0,0.0,1.0,0.0,0.0,0.0,0.0,1.0,0.0,1.0,0.0,0.0,0.0,0.0,0.0,1.0,1.0,1.0,1.0,0.0,0.0,0.0,0.0,1.0,1.0,1.0,1.0,0.0,0.0,0.0,1.0,0.0,0.0,0.0,1.0,0.0,1.0,1.0,1.0,0.0,1.0,0.0,0.0,0.0,0.0,0.0,0.0,9.0,8.0,1.0,0.0,1.0,0.0,1.0,1.0,1.0,1.0,1.0,1.0,0.0,1.0,1.0,2.0,0.0,1.0,0.0,1.0,1.0,4.0,1.0,3.0,5.0,0.0,1.0,32.0,5.0,27.0,1.0,1.0,66.0,1.0,0.0,0.0,0.0,0.0,0.0,1.0,0.0,0.0,0.0,0.0,1.0,0.0,0.0,0.0,1.0,0.0,0.0,0.0,0.0,0.0,1.0,1.0,0.0,0.0,0.0,0.0,0.0,0.0,0.0,0.0,0.0,0.0,0.0,0.0,0.0,0.0,0.0,0.0,0.0,30.0,14.0,85.0,6.0,4.0,13.0,0.0,1.0,29.0,59.0,27.0,12.0,10.0,14.0,4.0,148.0,3.0,149.0,63.0,89.0,104.0,44.0,4.0,95.0,50.0,7.0,0.0,113.0,39.0,3.0,30.0,78.0,30.0,11.0,5.0,17.0,34.0,39.0,31.0,26.0,140.0,9.0,1.0,2.0,0.0,120.0,28.0,4.0,7.0,32.0,30.0,27.0,31.0,10.0,15.0,135.0,17.0,113.0,39.0,72.0,76.0,4.0,13.0,17.0,25.0,20.0,33.0,4.0,40.0,130.0,22.0,76.0,76.0,64.0,46.0,42.0,146.0,6.0,130.0,22.0,122.0,30.0,145.0,7.0,92.0,60.0,48.0,88.0,16.0,106.0,41.0,5.0,28.0,37.0,37.0,41.0,9.0,43.0,60.0,19.0,15.0,15.0,40.0,112.0,67.0,69.0,13.0,3.0,133.0,0.0,19.0,85.0,47.0,20.0,119.0,26.0,7.0,24.0,128.0,129.0,23.0,109.0,31.0,0.0,12.0,132.0,9.0,11.0,79.0,61.0,12.0,132.0,9.0,11.0,117.0,20.0,4.0,11.0,84.0,68.0,89.0,50.0,9.0,4.0,139.0,8.0,5.0,120.0,26.0,6.0,117.0,30.0,5.0,124.0,24.0,4.0,137.0,12.0,1.0,2.0,17.0,91.0,43.0,1.0,Atingiu a média
32,23070820,2017,1,2,2303,23016,23,2304400,230440005,2,1,1.0,1.0,1.0,0.0,0.0,0.0,0.0,0.0,0.0,0.0,1.0,1.0,0.0,1.0,1.0,0.0,0.0,0.0,0.0,1.0,0.0,0.0,0.0,1.0,1.0,0.0,1.0,0.0,0.0,0.0,0.0,0.0,1.0,1.0,1.0,1.0,0.0,1.0,0.0,1.0,1.0,0.0,0.0,0.0,0.0,0.0,0.0,1.0,0.0,0.0,0.0,1.0,0.0,0.0,0.0,1.0,0.0,1.0,1.0,0.0,0.0,0.0,0.0,0.0,7.0,5.0,1.0,0.0,0.0,0.0,1.0,0.0,0.0,0.0,1.0,0.0,0.0,0.0,1.0,1.0,0.0,0.0,0.0,1.0,0.0,0.0,0.0,1.0,0.0,0.0,0.0,20.0,5.0,20.0,1.0,1.0,39.0,1.0,0.0,0.0,0.0,0.0,0.0,1.0,0.0,0.0,1.0,0.0,1.0,0.0,0.0,0.0,1.0,0.0,0.0,0.0,0.0,0.0,1.0,1.0,0.0,0.0,0.0,0.0,0.0,0.0,0.0,0.0,0.0,0.0,0.0,0.0,0.0,0.0,0.0,0.0,0.0,8.0,5.0,20.0,1.0,0.0,2.0,0.0,1.0,14.0,12.0,5.0,3.0,1.0,0.0,0.0,36.0,0.0,36.0,19.0,17.0,27.0,7.0,2.0,25.0,9.0,2.0,0.0,29.0,7.0,1.0,3.0,24.0,6.0,2.0,0.0,6.0,9.0,11.0,3.0,7.0,35.0,1.0,0.0,0.0,0.0,29.0,5.0,2.0,1.0,5.0,12.0,2.0,12.0,2.0,2.0,35.0,1.0,29.0,7.0,23.0,12.0,1.0,0.0,4.0,10.0,4.0,12.0,1.0,5.0,33.0,3.0,23.0,13.0,13.0,17.0,6.0,36.0,0.0,28.0,8.0,22.0,14.0,35.0,1.0,21.0,15.0,5.0,21.0,10.0,27.0,9.0,0.0,1.0,8.0,9.0,17.0,1.0,8.0,14.0,5.0,5.0,4.0,6.0,30.0,16.0,19.0,1.0,0.0,33.0,2.0,1.0,26.0,8.0,2.0,31.0,4.0,1.0,4.0,32.0,29.0,7.0,24.0,9.0,3.0,0.0,30.0,6.0,0.0,20.0,15.0,1.0,34.0,2.0,0.0,30.0,6.0,0.0,0.0,17.0,19.0,17.0,12.0,6.0,1.0,32.0,3.0,1.0,22.0,13.0,1.0,26.0,8.0,2.0,29.0,6.0,1.0,28.0,6.0,1.0,1.0,5.0,21.0,10.0,0.0,Atingiu a média
33,23071087,2017,1,2,2303,23016,23,2304400,230440005,2,1,2.0,1.0,1.0,0.0,0.0,0.0,0.0,0.0,0.0,0.0,0.0,0.0,0.0,1.0,1.0,0.0,1.0,0.0,0.0,1.0,0.0,0.0,0.0,1.0,0.0,0.0,1.0,0.0,0.0,1.0,0.0,0.0,1.0,1.0,1.0,1.0,0.0,1.0,0.0,1.0,1.0,1.0,0.0,1.0,0.0,0.0,0.0,1.0,0.0,0.0,1.0,1.0,1.0,0.0,1.0,1.0,1.0,1.0,1.0,0.0,0.0,1.0,0.0,0.0,20.0,19.0,1.0,0.0,0.0,0.0,1.0,1.0,1.0,1.0,0.0,1.0,0.0,0.0,1.0,2.0,0.0,0.0,0.0,1.0,1.0,1.0,1.0,0.0,3.0,0.0,0.0,34.0,7.0,27.0,1.0,1.0,75.0,1.0,0.0,0.0,0.0,0.0,0.0,1.0,0.0,0.0,0.0,0.0,1.0,0.0,0.0,0.0,1.0,0.0,0.0,0.0,0.0,0.0,0.0,1.0,0.0,0.0,0.0,0.0,0.0,0.0,0.0,0.0,0.0,0.0,0.0,0.0,0.0,0.0,0.0,0.0,0.0,49.0,27.0,137.0,7.0,2.0,10.0,0.0,5.0,78.0,85.0,44.0,17.0,2.0,1.0,3.0,229.0,3.0,229.0,90.0,142.0,146.0,72.0,14.0,95.0,112.0,25.0,0.0,146.0,86.0,2.0,33.0,117.0,65.0,15.0,2.0,23.0,62.0,72.0,35.0,38.0,213.0,17.0,1.0,0.0,1.0,200.0,17.0,15.0,4.0,24.0,35.0,51.0,83.0,22.0,13.0,222.0,10.0,182.0,50.0,124.0,92.0,16.0,8.0,21.0,35.0,44.0,69.0,17.0,38.0,211.0,21.0,138.0,94.0,61.0,87.0,84.0,221.0,11.0,193.0,39.0,182.0,50.0,225.0,7.0,136.0,96.0,73.0,125.0,34.0,154.0,72.0,6.0,22.0,46.0,51.0,107.0,6.0,70.0,84.0,21.0,18.0,39.0,47.0,185.0,120.0,103.0,6.0,3.0,179.0,8.0,45.0,151.0,61.0,20.0,213.0,18.0,1.0,25.0,207.0,188.0,44.0,89.0,117.0,15.0,11.0,182.0,40.0,10.0,121.0,95.0,16.0,200.0,19.0,13.0,148.0,65.0,8.0,11.0,117.0,115.0,92.0,103.0,25.0,12.0,200.0,16.0,16.0,152.0,64.0,16.0,131.0,84.0,17.0,187.0,27.0,18.0,135.0,68.0,13.0,16.0,24.0,136.0,72.0,0.0,Atingiu a média
34,23071095,2017,1,2,2303,23016,23,2304400,230440005,2,1,1.0,1.0,1.0,0.0,0.0,0.0,0.0,0.0,0.0,0.0,0.0,0.0,0.0,1.0,1.0,0.0,1.0,0.0,0.0,1.0,0.0,0.0,0.0,1.0,1.0,0.0,1.0,0.0,0.0,0.0,0.0,0.0,1.0,1.0,1.0,1.0,0.0,1.0,0.0,1.0,1.0,1.0,0.0,1.0,0.0,0.0,0.0,1.0,0.0,1.0,0.0,1.0,1.0,0.0,1.0,1.0,0.0,0.0,1.0,0.0,0.0,0.0,0.0,0.0,10.0,10.0,0.0,0.0,1.0,0.0,1.0,1.0,1.0,0.0,1.0,0.0,0.0,1.0,1.0,0.0,0.0,1.0,0.0,1.0,1.0,1.0,0.0,2.0,0.0,0.0,1.0,9.0,1.0,8.0,1.0,1.0,72.0,1.0,0.0,0.0,0.0,0.0,0.0,1.0,0.0,0.0,1.0,0.0,1.0,0.0,0.0,0.0,1.0,0.0,0.0,0.0,0.0,0.0,1.0,1.0,0.0,0.0,0.0,0.0,0.0,0.0,0.0,0.0,0.0,0.0,0.0,0.0,0.0,0.0,0.0,0.0,0.0,9.0,9.0,50.0,4.0,2.0,1.0,0.0,1.0,25.0,27.0,13.0,5.0,2.0,2.0,2.0,73.0,1.0,74.0,28.0,47.0,58.0,17.0,0.0,40.0,27.0,8.0,1.0,56.0,18.0,0.0,14.0,43.0,14.0,4.0,0.0,14.0,18.0,18.0,12.0,13.0,70.0,5.0,0.0,0.0,0.0,59.0,14.0,2.0,0.0,5.0,15.0,21.0,24.0,3.0,7.0,71.0,4.0,55.0,20.0,33.0,42.0,0.0,3.0,6.0,8.0,15.0,21.0,3.0,19.0,66.0,9.0,34.0,41.0,20.0,27.0,28.0,71.0,4.0,60.0,15.0,60.0,15.0,73.0,2.0,40.0,35.0,33.0,35.0,7.0,52.0,22.0,1.0,7.0,14.0,26.0,25.0,3.0,26.0,30.0,6.0,5.0,8.0,25.0,50.0,35.0,37.0,3.0,0.0,66.0,1.0,8.0,45.0,22.0,8.0,68.0,6.0,1.0,6.0,69.0,59.0,16.0,33.0,36.0,6.0,0.0,63.0,12.0,0.0,52.0,22.0,1.0,68.0,7.0,0.0,67.0,7.0,1.0,0.0,37.0,38.0,29.0,37.0,9.0,0.0,71.0,4.0,0.0,52.0,22.0,1.0,51.0,24.0,0.0,59.0,15.0,1.0,64.0,10.0,1.0,0.0,11.0,33.0,31.0,0.0,Atingiu a média
35,23071591,2017,1,2,2303,23016,23,2304400,230440005,2,1,2.0,1.0,3.0,0.0,0.0,0.0,0.0,0.0,0.0,0.0,0.0,0.0,0.0,1.0,1.0,0.0,0.0,0.0,0.0,1.0,0.0,0.0,0.0,1.0,0.0,0.0,1.0,0.0,0.0,1.0,0.0,0.0,1.0,1.0,1.0,1.0,0.0,1.0,0.0,1.0,1.0,1.0,0.0,1.0,0.0,0.0,0.0,0.0,0.0,1.0,0.0,1.0,0.0,1.0,0.0,1.0,1.0,1.0,0.0,0.0,0.0,0.0,0.0,0.0,17.0,17.0,1.0,0.0,1.0,1.0,1.0,1.0,1.0,0.0,1.0,1.0,0.0,1.0,1.0,4.0,0.0,2.0,1.0,1.0,6.0,1.0,0.0,5.0,7.0,0.0,1.0,43.0,3.0,40.0,1.0,1.0,64.0,1.0,0.0,0.0,0.0,0.0,0.0,1.0,0.0,0.0,1.0,0.0,1.0,0.0,0.0,0.0,1.0,0.0,0.0,0.0,0.0,0.0,0.0,1.0,0.0,0.0,0.0,0.0,0.0,0.0,0.0,0.0,0.0,0.0,0.0,0.0,0.0,0.0,0.0,0.0,0.0,32.0,19.0,98.0,15.0,7.0,6.0,0.0,2.0,79.0,78.0,15.0,3.0,0.0,0.0,5.0,172.0,2.0,175.0,55.0,122.0,97.0,71.0,9.0,88.0,72.0,17.0,0.0,113.0,64.0,2.0,18.0,102.0,45.0,10.0,0.0,17.0,40.0,61.0,41.0,18.0,165.0,8.0,1.0,3.0,0.0,162.0,8.0,7.0,2.0,14.0,27.0,53.0,62.0,7.0,12.0,167.0,10.0,139.0,38.0,96.0,66.0,15.0,3.0,20.0,24.0,25.0,62.0,7.0,36.0,162.0,15.0,113.0,64.0,44.0,92.0,41.0,171.0,6.0,147.0,30.0,142.0,35.0,168.0,9.0,110.0,67.0,62.0,93.0,22.0,134.0,40.0,3.0,19.0,37.0,46.0,72.0,3.0,47.0,77.0,16.0,12.0,25.0,33.0,144.0,90.0,85.0,2.0,0.0,150.0,4.0,23.0,130.0,40.0,7.0,167.0,10.0,0.0,11.0,166.0,148.0,29.0,80.0,89.0,7.0,1.0,144.0,32.0,1.0,104.0,71.0,2.0,172.0,4.0,1.0,145.0,28.0,3.0,1.0,70.0,107.0,57.0,90.0,24.0,6.0,158.0,15.0,4.0,117.0,56.0,4.0,115.0,58.0,4.0,150.0,23.0,4.0,127.0,42.0,5.0,3.0,22.0,106.0,49.0,0.0,Atingiu a média
36,23072865,2017,1,2,2303,23016,23,2304400,230440005,2,1,2.0,1.0,1.0,0.0,0.0,0.0,0.0,0.0,0.0,0.0,0.0,0.0,0.0,1.0,1.0,0.0,0.0,0.0,0.0,1.0,0.0,0.0,0.0,1.0,0.0,0.0,1.0,0.0,0.0,0.0,0.0,0.0,1.0,1.0,1.0,1.0,0.0,0.0,1.0,1.0,1.0,1.0,1.0,1.0,0.0,0.0,0.0,1.0,0.0,0.0,0.0,1.0,0.0,1.0,0.0,1.0,1.0,1.0,0.0,0.0,0.0,0.0,0.0,0.0,14.0,14.0,1.0,0.0,1.0,0.0,0.0,0.0,1.0,1.0,1.0,1.0,0.0,1.0,1.0,1.0,0.0,1.0,0.0,0.0,0.0,2.0,1.0,1.0,1.0,0.0,1.0,30.0,6.0,20.0,1.0,1.0,101.0,1.0,0.0,0.0,0.0,0.0,0.0,1.0,0.0,0.0,0.0,0.0,1.0,0.0,0.0,0.0,1.0,0.0,0.0,0.0,0.0,0.0,0.0,1.0,0.0,0.0,0.0,0.0,0.0,0.0,0.0,0.0,0.0,0.0,0.0,0.0,0.0,0.0,0.0,0.0,0.0,26.0,21.0,70.0,4.0,0.0,10.0,0.0,5.0,74.0,45.0,5.0,1.0,1.0,0.0,0.0,131.0,1.0,130.0,44.0,87.0,70.0,54.0,7.0,46.0,72.0,13.0,0.0,73.0,58.0,1.0,17.0,73.0,28.0,12.0,0.0,12.0,31.0,51.0,23.0,14.0,129.0,1.0,1.0,0.0,0.0,116.0,10.0,5.0,1.0,11.0,10.0,17.0,66.0,19.0,7.0,130.0,1.0,108.0,23.0,80.0,46.0,5.0,1.0,11.0,13.0,17.0,57.0,13.0,19.0,127.0,4.0,82.0,49.0,51.0,47.0,33.0,127.0,4.0,112.0,19.0,110.0,21.0,129.0,2.0,79.0,52.0,57.0,62.0,12.0,103.0,28.0,0.0,9.0,48.0,34.0,37.0,3.0,58.0,39.0,10.0,7.0,17.0,7.0,124.0,77.0,52.0,2.0,0.0,111.0,9.0,11.0,121.0,9.0,1.0,127.0,2.0,2.0,3.0,128.0,109.0,22.0,75.0,43.0,4.0,9.0,102.0,23.0,6.0,73.0,51.0,7.0,125.0,1.0,5.0,67.0,50.0,6.0,8.0,72.0,59.0,58.0,64.0,8.0,1.0,118.0,11.0,2.0,92.0,35.0,4.0,84.0,45.0,2.0,122.0,6.0,3.0,71.0,50.0,8.0,2.0,14.0,52.0,65.0,0.0,Atingiu a média
37,23073527,2017,1,2,2303,23016,23,2304400,230440005,2,1,1.0,1.0,1.0,0.0,0.0,0.0,0.0,0.0,0.0,0.0,0.0,0.0,0.0,1.0,1.0,0.0,0.0,0.0,0.0,1.0,0.0,0.0,0.0,1.0,0.0,0.0,1.0,0.0,0.0,0.0,0.0,0.0,0.0,1.0,1.0,0.0,1.0,0.0,0.0,0.0,1.0,0.0,1.0,1.0,0.0,0.0,0.0,1.0,0.0,1.0,0.0,0.0,0.0,0.0,1.0,1.0,0.0,0.0,0.0,0.0,0.0,0.0,0.0,0.0,11.0,11.0,1.0,0.0,0.0,0.0,1.0,0.0,1.0,0.0,1.0,1.0,0.0,0.0,1.0,3.0,0.0,0.0,0.0,1.0,0.0,2.0,0.0,5.0,2.0,0.0,0.0,25.0,5.0,15.0,1.0,1.0,52.0,1.0,1.0,0.0,0.0,0.0,0.0,1.0,0.0,0.0,0.0,0.0,1.0,0.0,0.0,0.0,1.0,0.0,0.0,0.0,0.0,0.0,1.0,1.0,0.0,0.0,0.0,0.0,0.0,0.0,0.0,0.0,0.0,0.0,0.0,0.0,0.0,0.0,0.0,0.0,0.0,2.0,3.0,13.0,0.0,1.0,0.0,0.0,0.0,3.0,9.0,4.0,2.0,0.0,1.0,0.0,19.0,0.0,19.0,8.0,11.0,16.0,2.0,1.0,15.0,4.0,0.0,0.0,14.0,5.0,1.0,4.0,11.0,2.0,1.0,0.0,2.0,4.0,5.0,3.0,5.0,19.0,0.0,0.0,0.0,0.0,16.0,2.0,1.0,0.0,2.0,4.0,3.0,5.0,0.0,5.0,13.0,6.0,12.0,7.0,7.0,10.0,2.0,1.0,1.0,5.0,1.0,3.0,0.0,8.0,16.0,3.0,9.0,10.0,10.0,8.0,1.0,19.0,0.0,17.0,2.0,14.0,5.0,19.0,0.0,12.0,7.0,2.0,11.0,6.0,9.0,9.0,1.0,4.0,2.0,4.0,8.0,1.0,9.0,9.0,0.0,1.0,0.0,0.0,19.0,9.0,9.0,1.0,0.0,17.0,1.0,1.0,7.0,7.0,5.0,16.0,2.0,1.0,4.0,15.0,13.0,6.0,11.0,7.0,1.0,0.0,13.0,6.0,0.0,7.0,11.0,1.0,18.0,1.0,0.0,17.0,2.0,0.0,0.0,14.0,5.0,14.0,5.0,0.0,0.0,16.0,3.0,0.0,16.0,3.0,0.0,8.0,11.0,0.0,14.0,5.0,0.0,19.0,0.0,0.0,0.0,4.0,9.0,6.0,0.0,Atingiu a média
38,23075686,2017,1,2,2303,23016,23,2304400,230440005,2,1,1.0,1.0,2.0,0.0,0.0,0.0,0.0,0.0,0.0,0.0,0.0,0.0,0.0,1.0,1.0,1.0,1.0,0.0,0.0,1.0,0.0,0.0,0.0,1.0,0.0,0.0,1.0,0.0,0.0,0.0,0.0,0.0,1.0,1.0,1.0,0.0,0.0,1.0,0.0,1.0,1.0,1.0,0.0,1.0,0.0,0.0,0.0,1.0,0.0,1.0,0.0,1.0,1.0,0.0,1.0,1.0,1.0,1.0,0.0,0.0,0.0,0.0,0.0,0.0,9.0,9.0,1.0,0.0,0.0,0.0,1.0,0.0,1.0,0.0,1.0,1.0,1.0,1.0,1.0,2.0,0.0,0.0,0.0,1.0,0.0,2.0,0.0,2.0,3.0,1.0,1.0,30.0,3.0,26.0,1.0,1.0,66.0,1.0,0.0,0.0,0.0,0.0,0.0,1.0,0.0,0.0,1.0,0.0,1.0,0.0,0.0,0.0,1.0,0.0,0.0,0.0,0.0,0.0,1.0,1.0,0.0,0.0,0.0,0.0,0.0,0.0,0.0,0.0,0.0,0.0,0.0,0.0,0.0,0.0,0.0,0.0,0.0,44.0,15.0,102.0,9.0,1.0,8.0,0.0,1.0,64.0,74.0,24.0,5.0,4.0,7.0,6.0,173.0,1.0,178.0,64.0,115.0,107.0,70.0,2.0,93.0,79.0,7.0,1.0,127.0,51.0,3.0,28.0,103.0,42.0,3.0,1.0,12.0,39.0,70.0,41.0,16.0,174.0,4.0,1.0,0.0,0.0,154.0,17.0,8.0,2.0,23.0,31.0,33.0,75.0,4.0,11.0,172.0,7.0,143.0,36.0,112.0,58.0,9.0,5.0,25.0,32.0,25.0,64.0,5.0,23.0,165.0,14.0,106.0,73.0,68.0,74.0,37.0,175.0,4.0,154.0,25.0,144.0,35.0,177.0,2.0,120.0,59.0,58.0,98.0,23.0,121.0,55.0,3.0,25.0,56.0,40.0,56.0,2.0,53.0,82.0,10.0,16.0,18.0,29.0,150.0,96.0,77.0,6.0,0.0,150.0,8.0,21.0,115.0,49.0,15.0,164.0,12.0,3.0,12.0,167.0,154.0,25.0,119.0,53.0,7.0,0.0,142.0,36.0,1.0,101.0,76.0,2.0,161.0,18.0,0.0,168.0,10.0,1.0,0.0,123.0,56.0,116.0,58.0,5.0,0.0,168.0,11.0,0.0,132.0,47.0,0.0,110.0,69.0,0.0,146.0,33.0,0.0,157.0,21.0,1.0,0.0,36.0,100.0,43.0,0.0,Atingiu a média
39,23075775,2017,1,2,2303,23016,23,2304400,230440005,2,1,1.0,1.0,1.0,0.0,0.0,0.0,0.0,0.0,0.0,0.0,0.0,0.0,0.0,1.0,1.0,0.0,0.0,0.0,0.0,1.0,0.0,0.0,0.0,0.0,1.0,0.0,1.0,0.0,0.0,1.0,0.0,0.0,1.0,1.0,1.0,0.0,1.0,1.0,0.0,1.0,1.0,1.0,1.0,1.0,0.0,0.0,0.0,0.0,0.0,1.0,0.0,1.0,1.0,0.0,0.0,1.0,1.0,1.0,0.0,0.0,0.0,0.0,0.0,0.0,19.0,19.0,1.0,0.0,0.0,0.0,1.0,0.0,1.0,1.0,1.0,1.0,0.0,0.0,1.0,1.0,0.0,0.0,0.0,2.0,0.0,4.0,4.0,1.0,1.0,0.0,0.0,22.0,6.0,22.0,1.0,1.0,54.0,1.0,1.0,0.0,0.0,0.0,0.0,1.0,0.0,0.0,0.0,0.0,1.0,0.0,0.0,0.0,1.0,0.0,0.0,0.0,0.0,0.0,1.0,1.0,0.0,0.0,0.0,0.0,0.0,0.0,0.0,0.0,0.0,0.0,0.0,0.0,0.0,0.0,0.0,0.0,0.0,5.0,2.0,16.0,0.0,0.0,4.0,0.0,1.0,6.0,11.0,3.0,4.0,0.0,2.0,0.0,27.0,0.0,27.0,7.0,20.0,20.0,5.0,2.0,16.0,11.0,0.0,0.0,20.0,7.0,0.0,4.0,16.0,6.0,1.0,0.0,1.0,10.0,6.0,8.0,2.0,24.0,0.0,2.0,1.0,0.0,22.0,4.0,1.0,0.0,2.0,5.0,6.0,8.0,0.0,6.0,26.0,1.0,22.0,5.0,14.0,10.0,3.0,0.0,5.0,3.0,5.0,4.0,1.0,9.0,22.0,5.0,16.0,11.0,14.0,8.0,5.0,24.0,3.0,20.0,7.0,19.0,8.0,25.0,2.0,15.0,12.0,9.0,14.0,4.0,17.0,7.0,3.0,5.0,9.0,2.0,10.0,1.0,9.0,8.0,0.0,2.0,8.0,9.0,18.0,10.0,14.0,3.0,0.0,26.0,1.0,0.0,19.0,3.0,5.0,27.0,0.0,0.0,2.0,25.0,22.0,5.0,10.0,15.0,2.0,0.0,21.0,6.0,0.0,11.0,16.0,0.0,22.0,5.0,0.0,22.0,5.0,0.0,0.0,14.0,13.0,10.0,13.0,3.0,1.0,23.0,3.0,1.0,17.0,9.0,1.0,16.0,10.0,1.0,18.0,9.0,0.0,17.0,8.0,1.0,1.0,7.0,15.0,5.0,0.0,Atingiu a média
40,23078529,2017,1,2,2303,23016,23,2304400,230440005,2,1,1.0,1.0,1.0,0.0,0.0,0.0,0.0,0.0,0.0,0.0,0.0,0.0,0.0,1.0,1.0,0.0,0.0,0.0,0.0,1.0,0.0,0.0,0.0,1.0,0.0,0.0,1.0,0.0,0.0,0.0,0.0,0.0,1.0,1.0,1.0,1.0,0.0,0.0,0.0,0.0,1.0,1.0,0.0,1.0,0.0,0.0,0.0,1.0,0.0,0.0,0.0,1.0,1.0,0.0,1.0,1.0,1.0,0.0,0.0,0.0,0.0,0.0,0.0,0.0,6.0,6.0,1.0,1.0,1.0,0.0,1.0,1.0,1.0,1.0,1.0,1.0,0.0,1.0,1.0,6.0,1.0,1.0,0.0,4.0,1.0,4.0,3.0,2.0,4.0,0.0,2.0,21.0,6.0,15.0,1.0,1.0,47.0,1.0,0.0,0.0,0.0,0.0,0.0,1.0,0.0,0.0,1.0,0.0,1.0,0.0,0.0,0.0,1.0,0.0,0.0,0.0,0.0,0.0,0.0,1.0,0.0,0.0,0.0,0.0,0.0,0.0,0.0,0.0,0.0,0.0,0.0,0.0,0.0,0.0,0.0,0.0,0.0,6.0,13.0,18.0,4.0,1.0,3.0,0.0,0.0,14.0,18.0,7.0,2.0,2.0,2.0,0.0,45.0,0.0,45.0,18.0,27.0,31.0,12.0,2.0,27.0,11.0,7.0,0.0,28.0,17.0,1.0,9.0,18.0,15.0,2.0,2.0,6.0,12.0,11.0,7.0,7.0,40.0,1.0,4.0,0.0,0.0,35.0,6.0,4.0,3.0,2.0,6.0,10.0,16.0,1.0,7.0,43.0,2.0,31.0,14.0,22.0,20.0,3.0,2.0,4.0,1.0,9.0,13.0,2.0,14.0,40.0,5.0,25.0,20.0,10.0,19.0,16.0,42.0,3.0,36.0,9.0,29.0,16.0,43.0,2.0,21.0,24.0,15.0,22.0,8.0,30.0,13.0,2.0,9.0,12.0,10.0,13.0,1.0,15.0,15.0,2.0,2.0,11.0,25.0,20.0,23.0,19.0,3.0,0.0,39.0,0.0,6.0,23.0,16.0,6.0,40.0,4.0,1.0,3.0,42.0,40.0,5.0,16.0,26.0,2.0,1.0,36.0,7.0,2.0,23.0,20.0,2.0,42.0,1.0,2.0,34.0,10.0,0.0,1.0,22.0,23.0,16.0,15.0,14.0,0.0,41.0,3.0,1.0,32.0,12.0,1.0,33.0,11.0,1.0,39.0,5.0,1.0,38.0,4.0,2.0,1.0,8.0,27.0,10.0,0.0,Atingiu a média
41,23078758,2017,1,2,2303,23016,23,2304400,230440005,2,1,1.0,1.0,1.0,0.0,0.0,0.0,0.0,0.0,0.0,0.0,0.0,0.0,0.0,1.0,1.0,0.0,0.0,0.0,0.0,1.0,0.0,0.0,0.0,1.0,1.0,0.0,1.0,0.0,0.0,0.0,0.0,0.0,1.0,1.0,1.0,1.0,1.0,1.0,0.0,1.0,1.0,1.0,1.0,1.0,0.0,0.0,0.0,1.0,0.0,1.0,0.0,1.0,0.0,0.0,0.0,0.0,0.0,1.0,0.0,0.0,0.0,0.0,0.0,0.0,10.0,10.0,1.0,0.0,1.0,0.0,1.0,1.0,1.0,1.0,1.0,1.0,0.0,1.0,1.0,3.0,0.0,2.0,0.0,4.0,1.0,6.0,6.0,9.0,9.0,0.0,2.0,26.0,6.0,20.0,1.0,1.0,55.0,1.0,1.0,0.0,0.0,0.0,0.0,1.0,0.0,0.0,0.0,0.0,1.0,0.0,0.0,0.0,1.0,0.0,0.0,0.0,0.0,0.0,1.0,1.0,0.0,0.0,0.0,0.0,0.0,0.0,0.0,0.0,0.0,0.0,0.0,0.0,0.0,0.0,0.0,0.0,0.0,4.0,3.0,28.0,0.0,3.0,3.0,0.0,0.0,15.0,13.0,10.0,1.0,1.0,1.0,0.0,41.0,0.0,41.0,16.0,25.0,27.0,11.0,3.0,21.0,16.0,4.0,0.0,26.0,15.0,0.0,3.0,27.0,9.0,2.0,0.0,4.0,10.0,14.0,9.0,4.0,39.0,2.0,0.0,0.0,0.0,35.0,4.0,2.0,0.0,9.0,8.0,4.0,13.0,3.0,4.0,39.0,2.0,36.0,5.0,26.0,12.0,3.0,0.0,8.0,8.0,9.0,7.0,1.0,8.0,37.0,4.0,27.0,14.0,24.0,12.0,5.0,41.0,0.0,39.0,2.0,32.0,9.0,40.0,1.0,27.0,14.0,9.0,28.0,4.0,26.0,14.0,1.0,6.0,6.0,9.0,20.0,0.0,13.0,16.0,3.0,3.0,6.0,3.0,38.0,20.0,16.0,5.0,0.0,38.0,0.0,3.0,18.0,17.0,6.0,41.0,0.0,0.0,8.0,33.0,34.0,7.0,33.0,6.0,1.0,1.0,38.0,1.0,2.0,24.0,16.0,1.0,35.0,5.0,1.0,40.0,0.0,0.0,1.0,16.0,25.0,25.0,13.0,3.0,0.0,40.0,1.0,0.0,37.0,4.0,0.0,29.0,12.0,0.0,35.0,6.0,0.0,40.0,1.0,0.0,0.0,8.0,26.0,7.0,0.0,Atingiu a média
42,23186488,2017,1,2,2303,23016,23,2304400,230440005,2,1,2.0,1.0,1.0,0.0,0.0,0.0,0.0,0.0,0.0,0.0,0.0,0.0,0.0,1.0,1.0,0.0,0.0,0.0,0.0,1.0,0.0,0.0,0.0,1.0,0.0,0.0,1.0,0.0,0.0,0.0,0.0,0.0,1.0,1.0,1.0,1.0,0.0,0.0,1.0,1.0,1.0,1.0,0.0,1.0,0.0,0.0,0.0,1.0,0.0,1.0,1.0,1.0,1.0,1.0,1.0,1.0,1.0,1.0,0.0,0.0,0.0,0.0,0.0,0.0,20.0,20.0,1.0,0.0,1.0,0.0,1.0,0.0,1.0,1.0,1.0,1.0,0.0,0.0,1.0,2.0,0.0,1.0,0.0,1.0,0.0,3.0,2.0,3.0,3.0,0.0,0.0,50.0,13.0,37.0,1.0,1.0,99.0,1.0,0.0,0.0,0.0,0.0,0.0,1.0,0.0,0.0,0.0,0.0,1.0,0.0,0.0,0.0,1.0,0.0,0.0,0.0,0.0,0.0,1.0,1.0,0.0,0.0,0.0,0.0,0.0,0.0,0.0,0.0,0.0,0.0,0.0,0.0,0.0,0.0,0.0,0.0,0.0,59.0,38.0,211.0,26.0,4.0,14.0,0.0,5.0,133.0,162.0,39.0,11.0,2.0,0.0,9.0,343.0,5.0,347.0,125.0,227.0,207.0,135.0,10.0,169.0,156.0,27.0,2.0,233.0,117.0,4.0,45.0,209.0,77.0,17.0,1.0,41.0,81.0,122.0,66.0,41.0,339.0,8.0,4.0,1.0,0.0,305.0,33.0,14.0,1.0,36.0,43.0,74.0,141.0,30.0,27.0,337.0,15.0,274.0,78.0,195.0,142.0,15.0,6.0,25.0,51.0,55.0,134.0,20.0,61.0,334.0,18.0,227.0,125.0,128.0,153.0,71.0,342.0,10.0,293.0,59.0,285.0,67.0,343.0,9.0,235.0,117.0,121.0,183.0,48.0,288.0,61.0,3.0,25.0,63.0,98.0,159.0,7.0,132.0,132.0,24.0,15.0,49.0,67.0,285.0,184.0,153.0,14.0,1.0,292.0,13.0,47.0,255.0,81.0,16.0,337.0,15.0,0.0,22.0,330.0,307.0,45.0,210.0,130.0,8.0,4.0,292.0,53.0,7.0,199.0,144.0,9.0,330.0,14.0,8.0,277.0,65.0,3.0,7.0,215.0,137.0,181.0,147.0,22.0,2.0,335.0,14.0,3.0,261.0,87.0,4.0,264.0,83.0,5.0,287.0,61.0,4.0,331.0,19.0,0.0,2.0,45.0,189.0,117.0,1.0,Atingiu a média
43,23188545,2017,1,2,2303,23016,23,2304400,230440005,2,1,1.0,1.0,1.0,0.0,0.0,0.0,0.0,0.0,0.0,0.0,0.0,0.0,0.0,1.0,1.0,0.0,1.0,0.0,0.0,1.0,0.0,0.0,0.0,1.0,0.0,0.0,1.0,1.0,0.0,0.0,0.0,0.0,1.0,1.0,1.0,1.0,1.0,1.0,1.0,1.0,1.0,1.0,0.0,1.0,0.0,0.0,0.0,1.0,0.0,1.0,1.0,1.0,1.0,1.0,1.0,1.0,1.0,0.0,1.0,0.0,0.0,0.0,0.0,0.0,16.0,16.0,1.0,0.0,1.0,0.0,0.0,0.0,0.0,1.0,1.0,1.0,0.0,1.0,1.0,2.0,0.0,1.0,0.0,0.0,0.0,0.0,3.0,2.0,2.0,0.0,1.0,45.0,2.0,43.0,1.0,1.0,97.0,1.0,1.0,0.0,0.0,0.0,0.0,1.0,0.0,0.0,1.0,0.0,1.0,0.0,0.0,1.0,1.0,1.0,0.0,0.0,0.0,0.0,1.0,1.0,0.0,0.0,0.0,0.0,0.0,0.0,0.0,0.0,0.0,0.0,0.0,0.0,1.0,0.0,0.0,0.0,0.0,30.0,15.0,124.0,14.0,3.0,7.0,0.0,1.0,58.0,71.0,28.0,12.0,7.0,16.0,4.0,189.0,2.0,191.0,114.0,79.0,153.0,38.0,2.0,136.0,51.0,6.0,3.0,147.0,43.0,7.0,52.0,98.0,28.0,8.0,2.0,25.0,45.0,56.0,33.0,32.0,181.0,9.0,2.0,1.0,0.0,140.0,42.0,11.0,5.0,44.0,41.0,35.0,42.0,4.0,22.0,175.0,18.0,146.0,47.0,89.0,95.0,9.0,10.0,29.0,33.0,28.0,44.0,6.0,43.0,158.0,35.0,107.0,86.0,86.0,71.0,36.0,181.0,12.0,158.0,35.0,149.0,44.0,180.0,13.0,104.0,89.0,63.0,99.0,31.0,135.0,49.0,9.0,30.0,44.0,36.0,76.0,7.0,60.0,60.0,28.0,17.0,28.0,40.0,153.0,81.0,92.0,14.0,6.0,179.0,1.0,13.0,134.0,39.0,20.0,165.0,22.0,6.0,23.0,170.0,163.0,30.0,115.0,68.0,8.0,2.0,153.0,36.0,4.0,109.0,79.0,5.0,172.0,18.0,3.0,167.0,25.0,1.0,0.0,116.0,77.0,102.0,81.0,9.0,1.0,179.0,12.0,2.0,146.0,46.0,1.0,124.0,67.0,2.0,149.0,42.0,2.0,159.0,30.0,4.0,0.0,21.0,92.0,80.0,0.0,Atingiu a média
44,23198710,2017,1,2,2303,23016,23,2304400,230440005,2,1,2.0,1.0,1.0,0.0,0.0,0.0,0.0,0.0,0.0,1.0,0.0,0.0,0.0,1.0,1.0,1.0,0.0,0.0,0.0,1.0,0.0,0.0,0.0,1.0,1.0,0.0,1.0,0.0,0.0,0.0,0.0,0.0,1.0,1.0,1.0,1.0,0.0,1.0,0.0,1.0,1.0,1.0,1.0,1.0,1.0,0.0,0.0,1.0,1.0,0.0,0.0,1.0,0.0,1.0,1.0,1.0,1.0,0.0,0.0,0.0,0.0,0.0,0.0,0.0,46.0,39.0,1.0,0.0,1.0,0.0,1.0,0.0,1.0,1.0,1.0,1.0,1.0,1.0,1.0,11.0,0.0,2.0,0.0,3.0,0.0,4.0,8.0,3.0,6.0,1.0,1.0,36.0,23.0,13.0,1.0,1.0,237.0,1.0,0.0,0.0,0.0,0.0,0.0,1.0,0.0,0.0,0.0,0.0,1.0,0.0,0.0,0.0,1.0,0.0,0.0,0.0,0.0,1.0,1.0,1.0,0.0,0.0,0.0,0.0,0.0,0.0,0.0,0.0,0.0,0.0,0.0,0.0,0.0,0.0,0.0,0.0,0.0,45.0,11.0,92.0,8.0,0.0,3.0,0.0,2.0,75.0,63.0,17.0,2.0,0.0,0.0,1.0,158.0,1.0,158.0,36.0,123.0,52.0,92.0,15.0,33.0,83.0,43.0,0.0,74.0,85.0,0.0,4.0,88.0,51.0,16.0,0.0,17.0,41.0,62.0,28.0,11.0,153.0,5.0,0.0,1.0,0.0,148.0,8.0,3.0,0.0,6.0,6.0,26.0,83.0,36.0,2.0,159.0,0.0,132.0,27.0,97.0,57.0,5.0,0.0,4.0,13.0,18.0,79.0,34.0,11.0,157.0,2.0,114.0,45.0,65.0,62.0,32.0,157.0,2.0,140.0,19.0,140.0,19.0,155.0,4.0,113.0,46.0,55.0,82.0,22.0,136.0,23.0,0.0,8.0,51.0,45.0,54.0,1.0,79.0,42.0,7.0,1.0,30.0,8.0,151.0,85.0,73.0,1.0,0.0,154.0,0.0,5.0,126.0,28.0,5.0,157.0,2.0,0.0,2.0,157.0,99.0,60.0,86.0,64.0,7.0,2.0,145.0,13.0,1.0,83.0,74.0,2.0,148.0,10.0,1.0,135.0,21.0,2.0,1.0,95.0,64.0,77.0,66.0,16.0,0.0,146.0,12.0,1.0,130.0,28.0,1.0,105.0,54.0,0.0,148.0,11.0,0.0,130.0,27.0,2.0,0.0,18.0,67.0,74.0,0.0,Atingiu a média
45,23215534,2017,1,2,2303,23016,23,2304400,230440005,2,1,1.0,1.0,1.0,0.0,0.0,0.0,0.0,0.0,0.0,0.0,0.0,0.0,0.0,1.0,1.0,0.0,1.0,0.0,0.0,1.0,0.0,0.0,0.0,1.0,0.0,0.0,1.0,0.0,0.0,0.0,0.0,0.0,1.0,1.0,1.0,1.0,0.0,1.0,0.0,1.0,1.0,1.0,0.0,1.0,0.0,0.0,0.0,1.0,1.0,1.0,1.0,1.0,1.0,1.0,1.0,1.0,1.0,1.0,1.0,0.0,0.0,0.0,0.0,0.0,25.0,25.0,1.0,1.0,1.0,0.0,1.0,0.0,0.0,1.0,1.0,1.0,0.0,0.0,1.0,3.0,2.0,2.0,0.0,1.0,0.0,0.0,2.0,3.0,3.0,0.0,0.0,40.0,15.0,25.0,1.0,1.0,98.0,1.0,0.0,0.0,0.0,0.0,0.0,1.0,0.0,0.0,0.0,0.0,1.0,0.0,0.0,0.0,1.0,0.0,0.0,0.0,0.0,1.0,1.0,1.0,0.0,0.0,0.0,0.0,0.0,0.0,0.0,0.0,0.0,0.0,0.0,0.0,0.0,0.0,0.0,0.0,0.0,23.0,7.0,56.0,2.0,2.0,5.0,0.0,1.0,44.0,42.0,7.0,1.0,0.0,0.0,0.0,95.0,0.0,95.0,16.0,79.0,37.0,48.0,10.0,22.0,47.0,26.0,0.0,31.0,64.0,0.0,1.0,46.0,37.0,11.0,0.0,6.0,25.0,42.0,15.0,7.0,90.0,5.0,0.0,0.0,0.0,87.0,4.0,4.0,1.0,2.0,3.0,14.0,52.0,20.0,3.0,93.0,2.0,73.0,22.0,60.0,32.0,3.0,0.0,3.0,4.0,12.0,44.0,25.0,7.0,94.0,1.0,65.0,30.0,37.0,39.0,19.0,94.0,1.0,85.0,10.0,82.0,13.0,92.0,3.0,73.0,22.0,43.0,43.0,9.0,82.0,11.0,2.0,14.0,36.0,29.0,15.0,1.0,53.0,20.0,2.0,1.0,19.0,4.0,91.0,61.0,32.0,2.0,0.0,85.0,0.0,10.0,74.0,19.0,2.0,94.0,1.0,0.0,1.0,94.0,65.0,30.0,51.0,39.0,5.0,0.0,82.0,13.0,0.0,62.0,32.0,1.0,94.0,1.0,0.0,61.0,29.0,4.0,1.0,63.0,32.0,54.0,39.0,2.0,0.0,93.0,2.0,0.0,77.0,17.0,1.0,71.0,24.0,0.0,90.0,4.0,1.0,53.0,38.0,4.0,0.0,7.0,58.0,30.0,0.0,Atingiu a média
46,23225416,2017,1,2,2303,23016,23,2304400,230440005,2,1,1.0,1.0,1.0,0.0,0.0,0.0,0.0,0.0,0.0,0.0,0.0,0.0,0.0,1.0,1.0,1.0,1.0,0.0,0.0,1.0,0.0,0.0,0.0,1.0,1.0,0.0,1.0,0.0,0.0,0.0,0.0,0.0,1.0,1.0,1.0,1.0,0.0,0.0,0.0,0.0,1.0,1.0,1.0,1.0,0.0,0.0,0.0,1.0,0.0,1.0,1.0,1.0,1.0,0.0,1.0,1.0,1.0,1.0,1.0,0.0,0.0,0.0,1.0,0.0,13.0,13.0,1.0,0.0,1.0,0.0,1.0,1.0,1.0,1.0,1.0,1.0,0.0,1.0,1.0,8.0,0.0,2.0,0.0,2.0,1.0,2.0,4.0,4.0,4.0,0.0,1.0,48.0,8.0,40.0,1.0,1.0,109.0,1.0,0.0,0.0,0.0,0.0,0.0,1.0,0.0,0.0,1.0,0.0,1.0,0.0,0.0,0.0,1.0,0.0,0.0,0.0,0.0,0.0,0.0,1.0,0.0,0.0,0.0,0.0,0.0,0.0,0.0,0.0,0.0,0.0,0.0,0.0,0.0,0.0,0.0,0.0,0.0,71.0,51.0,227.0,21.0,4.0,10.0,0.0,8.0,182.0,152.0,22.0,12.0,2.0,6.0,11.0,373.0,2.0,382.0,148.0,236.0,222.0,147.0,15.0,174.0,175.0,35.0,0.0,239.0,145.0,2.0,63.0,211.0,76.0,32.0,4.0,47.0,90.0,119.0,73.0,51.0,366.0,13.0,4.0,1.0,0.0,344.0,31.0,9.0,6.0,62.0,56.0,74.0,132.0,28.0,26.0,365.0,19.0,313.0,71.0,225.0,143.0,16.0,9.0,60.0,67.0,37.0,114.0,23.0,74.0,352.0,32.0,253.0,131.0,123.0,168.0,93.0,369.0,15.0,332.0,52.0,321.0,63.0,367.0,17.0,246.0,138.0,126.0,199.0,59.0,272.0,102.0,10.0,43.0,75.0,90.0,167.0,9.0,122.0,146.0,36.0,33.0,47.0,68.0,316.0,195.0,171.0,14.0,4.0,329.0,7.0,48.0,321.0,51.0,12.0,360.0,19.0,5.0,37.0,347.0,290.0,94.0,230.0,134.0,15.0,5.0,328.0,51.0,5.0,215.0,161.0,8.0,337.0,41.0,6.0,320.0,50.0,8.0,6.0,263.0,121.0,249.0,116.0,16.0,3.0,360.0,20.0,4.0,289.0,91.0,4.0,249.0,131.0,4.0,288.0,91.0,5.0,308.0,63.0,7.0,6.0,52.0,203.0,128.0,1.0,Atingiu a média
47,23225491,2017,1,2,2303,23016,23,2304400,230440005,2,1,2.0,1.0,2.0,0.0,0.0,0.0,0.0,0.0,0.0,0.0,0.0,0.0,0.0,1.0,0.0,1.0,0.0,0.0,0.0,1.0,0.0,0.0,0.0,1.0,0.0,0.0,1.0,0.0,0.0,0.0,0.0,0.0,1.0,1.0,1.0,0.0,0.0,0.0,1.0,1.0,1.0,1.0,0.0,1.0,0.0,0.0,0.0,1.0,0.0,0.0,0.0,1.0,0.0,0.0,1.0,1.0,0.0,0.0,0.0,0.0,0.0,0.0,0.0,0.0,14.0,14.0,1.0,1.0,1.0,0.0,1.0,1.0,0.0,1.0,1.0,0.0,0.0,0.0,1.0,2.0,1.0,2.0,0.0,1.0,1.0,0.0,1.0,6.0,0.0,0.0,0.0,20.0,6.0,20.0,1.0,1.0,96.0,1.0,0.0,0.0,0.0,0.0,0.0,1.0,0.0,0.0,0.0,0.0,1.0,0.0,0.0,0.0,1.0,0.0,0.0,0.0,0.0,0.0,1.0,1.0,0.0,0.0,0.0,0.0,0.0,0.0,0.0,0.0,0.0,0.0,0.0,0.0,0.0,0.0,0.0,0.0,0.0,49.0,30.0,161.0,13.0,7.0,20.0,0.0,4.0,91.0,110.0,39.0,15.0,11.0,10.0,7.0,273.0,3.0,277.0,118.0,162.0,199.0,74.0,7.0,139.0,117.0,24.0,0.0,201.0,79.0,8.0,63.0,139.0,58.0,12.0,0.0,34.0,76.0,97.0,46.0,27.0,244.0,27.0,7.0,1.0,1.0,239.0,29.0,12.0,5.0,47.0,47.0,65.0,85.0,8.0,23.0,259.0,21.0,213.0,67.0,140.0,131.0,9.0,14.0,41.0,36.0,37.0,76.0,9.0,67.0,242.0,38.0,148.0,132.0,145.0,94.0,41.0,271.0,9.0,246.0,34.0,228.0,52.0,272.0,8.0,177.0,103.0,83.0,160.0,37.0,204.0,60.0,16.0,29.0,62.0,71.0,114.0,4.0,91.0,101.0,23.0,28.0,37.0,63.0,217.0,152.0,114.0,13.0,1.0,237.0,8.0,35.0,195.0,65.0,20.0,245.0,32.0,3.0,40.0,240.0,237.0,43.0,193.0,75.0,6.0,6.0,232.0,37.0,11.0,163.0,104.0,13.0,248.0,24.0,8.0,247.0,23.0,2.0,8.0,175.0,105.0,152.0,112.0,12.0,4.0,265.0,9.0,6.0,188.0,87.0,5.0,160.0,115.0,5.0,228.0,47.0,5.0,246.0,28.0,1.0,5.0,33.0,103.0,140.0,4.0,Atingiu a média
48,23225505,2017,1,2,2303,23016,23,2304400,230440005,2,1,2.0,1.0,2.0,0.0,0.0,0.0,0.0,0.0,0.0,0.0,0.0,0.0,0.0,1.0,1.0,0.0,0.0,0.0,0.0,1.0,0.0,0.0,0.0,1.0,0.0,0.0,1.0,0.0,0.0,0.0,0.0,0.0,1.0,1.0,1.0,0.0,1.0,1.0,0.0,1.0,1.0,0.0,1.0,1.0,0.0,0.0,0.0,1.0,0.0,0.0,0.0,1.0,0.0,0.0,1.0,1.0,0.0,0.0,1.0,0.0,0.0,0.0,0.0,0.0,9.0,9.0,1.0,0.0,1.0,0.0,1.0,0.0,1.0,0.0,1.0,1.0,0.0,1.0,1.0,2.0,0.0,1.0,0.0,1.0,0.0,1.0,0.0,7.0,2.0,0.0,1.0,21.0,7.0,14.0,1.0,1.0,47.0,1.0,1.0,0.0,0.0,0.0,0.0,1.0,0.0,0.0,0.0,0.0,1.0,0.0,0.0,0.0,1.0,0.0,0.0,0.0,0.0,0.0,1.0,1.0,0.0,0.0,0.0,0.0,0.0,0.0,0.0,0.0,0.0,0.0,0.0,0.0,0.0,0.0,0.0,0.0,0.0,2.0,2.0,25.0,2.0,0.0,0.0,0.0,0.0,13.0,13.0,3.0,2.0,0.0,0.0,0.0,31.0,0.0,31.0,10.0,21.0,19.0,11.0,1.0,18.0,12.0,1.0,0.0,20.0,11.0,0.0,7.0,17.0,5.0,2.0,0.0,5.0,6.0,6.0,6.0,8.0,28.0,3.0,0.0,0.0,0.0,25.0,1.0,5.0,0.0,3.0,6.0,10.0,10.0,0.0,2.0,31.0,0.0,23.0,8.0,16.0,13.0,2.0,0.0,3.0,6.0,4.0,15.0,0.0,3.0,29.0,2.0,19.0,12.0,12.0,13.0,6.0,29.0,2.0,25.0,6.0,22.0,9.0,30.0,1.0,19.0,12.0,4.0,20.0,7.0,19.0,12.0,0.0,1.0,3.0,7.0,20.0,0.0,7.0,14.0,1.0,4.0,5.0,4.0,27.0,14.0,13.0,3.0,1.0,27.0,0.0,4.0,25.0,3.0,3.0,30.0,1.0,0.0,3.0,28.0,26.0,5.0,16.0,12.0,3.0,0.0,24.0,6.0,1.0,13.0,18.0,0.0,27.0,4.0,0.0,29.0,2.0,0.0,0.0,18.0,13.0,14.0,12.0,5.0,0.0,27.0,4.0,0.0,23.0,7.0,1.0,14.0,17.0,0.0,25.0,5.0,1.0,28.0,3.0,0.0,0.0,2.0,13.0,16.0,0.0,Atingiu a média
49,23259639,2017,1,2,2303,23016,23,2304400,230440005,2,1,1.0,1.0,3.0,0.0,0.0,0.0,0.0,0.0,0.0,0.0,0.0,0.0,0.0,0.0,1.0,0.0,0.0,0.0,0.0,1.0,0.0,0.0,0.0,1.0,0.0,0.0,1.0,0.0,0.0,0.0,0.0,0.0,1.0,1.0,1.0,0.0,0.0,1.0,1.0,1.0,0.0,1.0,0.0,1.0,0.0,0.0,0.0,0.0,0.0,1.0,0.0,1.0,1.0,1.0,0.0,0.0,1.0,0.0,0.0,0.0,0.0,0.0,0.0,0.0,7.0,7.0,1.0,0.0,1.0,0.0,1.0,0.0,1.0,0.0,1.0,1.0,0.0,1.0,1.0,3.0,0.0,1.0,0.0,1.0,0.0,1.0,0.0,1.0,1.0,0.0,1.0,17.0,4.0,13.0,1.0,1.0,32.0,1.0,0.0,0.0,0.0,0.0,0.0,1.0,0.0,0.0,0.0,0.0,1.0,0.0,0.0,0.0,1.0,0.0,0.0,0.0,0.0,0.0,0.0,1.0,0.0,0.0,0.0,0.0,0.0,0.0,0.0,0.0,0.0,0.0,0.0,0.0,0.0,0.0,0.0,0.0,0.0,14.0,6.0,37.0,2.0,1.0,1.0,0.0,2.0,24.0,25.0,9.0,1.0,0.0,0.0,0.0,61.0,0.0,61.0,21.0,40.0,35.0,25.0,1.0,36.0,24.0,1.0,0.0,46.0,15.0,0.0,5.0,46.0,10.0,0.0,0.0,7.0,18.0,25.0,5.0,6.0,57.0,4.0,0.0,0.0,0.0,53.0,6.0,2.0,2.0,5.0,13.0,15.0,17.0,4.0,5.0,55.0,6.0,44.0,17.0,39.0,19.0,3.0,4.0,6.0,7.0,14.0,13.0,1.0,16.0,51.0,10.0,33.0,28.0,39.0,19.0,3.0,60.0,1.0,57.0,4.0,48.0,13.0,59.0,2.0,35.0,26.0,16.0,41.0,4.0,41.0,20.0,0.0,5.0,16.0,15.0,23.0,2.0,19.0,29.0,3.0,4.0,6.0,12.0,49.0,33.0,22.0,5.0,1.0,19.0,2.0,40.0,53.0,6.0,2.0,58.0,2.0,1.0,4.0,57.0,54.0,7.0,39.0,21.0,1.0,0.0,55.0,6.0,0.0,43.0,18.0,0.0,54.0,7.0,0.0,44.0,17.0,0.0,0.0,36.0,25.0,40.0,16.0,4.0,1.0,59.0,2.0,0.0,41.0,19.0,1.0,44.0,17.0,0.0,59.0,2.0,0.0,50.0,8.0,2.0,1.0,4.0,24.0,31.0,2.0,Atingiu a média
50,23264721,2017,1,2,2303,23016,23,2304400,230440005,2,1,1.0,1.0,2.0,0.0,0.0,0.0,0.0,0.0,0.0,0.0,0.0,0.0,0.0,1.0,1.0,0.0,0.0,0.0,0.0,1.0,0.0,0.0,0.0,1.0,0.0,0.0,1.0,0.0,0.0,0.0,0.0,0.0,1.0,1.0,0.0,1.0,0.0,0.0,0.0,0.0,1.0,1.0,0.0,1.0,0.0,0.0,0.0,1.0,0.0,1.0,0.0,1.0,0.0,1.0,1.0,0.0,0.0,1.0,0.0,0.0,0.0,1.0,0.0,0.0,13.0,12.0,1.0,0.0,1.0,0.0,1.0,1.0,1.0,0.0,1.0,1.0,0.0,1.0,1.0,4.0,0.0,3.0,0.0,1.0,1.0,3.0,0.0,3.0,2.0,0.0,1.0,6.0,6.0,0.0,1.0,1.0,37.0,1.0,0.0,0.0,0.0,0.0,0.0,1.0,0.0,0.0,1.0,0.0,1.0,0.0,0.0,0.0,1.0,1.0,1.0,0.0,0.0,0.0,1.0,1.0,0.0,0.0,0.0,0.0,0.0,0.0,0.0,0.0,0.0,0.0,1.0,1.0,0.0,0.0,0.0,0.0,0.0,9.0,9.0,38.0,0.0,1.0,4.0,0.0,0.0,18.0,31.0,7.0,3.0,2.0,0.0,3.0,58.0,0.0,61.0,30.0,31.0,46.0,14.0,1.0,40.0,18.0,3.0,0.0,43.0,18.0,2.0,13.0,33.0,8.0,5.0,0.0,7.0,16.0,10.0,13.0,15.0,56.0,3.0,1.0,1.0,0.0,53.0,4.0,4.0,2.0,17.0,6.0,19.0,14.0,0.0,3.0,53.0,8.0,39.0,22.0,29.0,27.0,5.0,1.0,10.0,10.0,12.0,13.0,0.0,15.0,52.0,9.0,30.0,31.0,14.0,29.0,18.0,59.0,2.0,51.0,10.0,42.0,19.0,58.0,3.0,26.0,35.0,15.0,31.0,15.0,43.0,16.0,2.0,5.0,13.0,12.0,29.0,2.0,17.0,19.0,4.0,5.0,16.0,20.0,41.0,33.0,23.0,5.0,0.0,55.0,1.0,5.0,47.0,9.0,5.0,56.0,5.0,0.0,5.0,56.0,52.0,9.0,34.0,24.0,3.0,0.0,44.0,17.0,0.0,30.0,30.0,1.0,55.0,6.0,0.0,57.0,4.0,0.0,0.0,28.0,33.0,23.0,33.0,5.0,0.0,53.0,7.0,1.0,43.0,18.0,0.0,33.0,27.0,1.0,42.0,18.0,1.0,58.0,3.0,0.0,0.0,11.0,29.0,21.0,0.0,Atingiu a média
51,23015705,2017,1,2,2301,23003,23,2304509,230450905,2,1,2.0,1.0,1.0,0.0,0.0,0.0,0.0,0.0,0.0,0.0,0.0,0.0,0.0,1.0,1.0,0.0,1.0,0.0,0.0,1.0,0.0,0.0,0.0,1.0,1.0,0.0,1.0,0.0,0.0,0.0,0.0,0.0,1.0,1.0,1.0,1.0,0.0,1.0,0.0,1.0,1.0,1.0,1.0,1.0,0.0,0.0,0.0,1.0,0.0,1.0,0.0,1.0,0.0,1.0,1.0,1.0,0.0,1.0,0.0,0.0,0.0,0.0,0.0,0.0,10.0,10.0,1.0,0.0,1.0,1.0,1.0,0.0,1.0,1.0,1.0,1.0,1.0,1.0,1.0,2.0,0.0,1.0,1.0,1.0,0.0,1.0,1.0,1.0,4.0,1.0,2.0,26.0,4.0,22.0,1.0,1.0,48.0,1.0,0.0,0.0,0.0,0.0,0.0,1.0,0.0,0.0,0.0,0.0,1.0,0.0,0.0,0.0,1.0,0.0,0.0,0.0,0.0,0.0,0.0,1.0,0.0,0.0,0.0,0.0,0.0,0.0,0.0,0.0,0.0,0.0,0.0,0.0,0.0,0.0,0.0,0.0,0.0,23.0,10.0,105.0,7.0,7.0,8.0,0.0,1.0,66.0,46.0,23.0,15.0,4.0,5.0,12.0,148.0,5.0,155.0,109.0,51.0,142.0,16.0,2.0,121.0,36.0,3.0,3.0,128.0,29.0,2.0,35.0,90.0,30.0,3.0,1.0,31.0,35.0,36.0,26.0,31.0,148.0,10.0,1.0,0.0,1.0,118.0,39.0,3.0,14.0,42.0,22.0,19.0,25.0,9.0,29.0,117.0,43.0,107.0,53.0,98.0,55.0,7.0,23.0,42.0,29.0,12.0,15.0,2.0,37.0,93.0,67.0,70.0,90.0,100.0,42.0,18.0,155.0,5.0,147.0,13.0,148.0,12.0,157.0,3.0,121.0,39.0,56.0,82.0,22.0,103.0,50.0,7.0,54.0,46.0,21.0,24.0,15.0,39.0,55.0,21.0,19.0,26.0,29.0,131.0,123.0,32.0,5.0,0.0,157.0,0.0,3.0,105.0,40.0,15.0,143.0,13.0,4.0,70.0,90.0,139.0,21.0,103.0,54.0,3.0,0.0,136.0,22.0,2.0,102.0,53.0,5.0,133.0,24.0,3.0,143.0,17.0,0.0,0.0,105.0,55.0,118.0,33.0,7.0,2.0,153.0,6.0,1.0,121.0,38.0,1.0,129.0,28.0,3.0,135.0,24.0,1.0,150.0,8.0,2.0,0.0,49.0,84.0,26.0,1.0,Atingiu a média
52,23019344,2017,1,2,2301,23005,23,2304905,230490505,2,1,2.0,1.0,1.0,0.0,0.0,0.0,0.0,0.0,0.0,0.0,0.0,0.0,0.0,1.0,1.0,0.0,0.0,0.0,0.0,1.0,0.0,0.0,0.0,1.0,0.0,0.0,1.0,0.0,0.0,0.0,0.0,0.0,1.0,1.0,1.0,0.0,1.0,0.0,0.0,0.0,1.0,0.0,0.0,0.0,0.0,0.0,0.0,0.0,0.0,1.0,1.0,1.0,0.0,0.0,1.0,1.0,0.0,1.0,0.0,0.0,0.0,0.0,0.0,0.0,6.0,6.0,1.0,0.0,0.0,1.0,1.0,0.0,1.0,0.0,1.0,1.0,0.0,0.0,1.0,1.0,0.0,0.0,1.0,1.0,0.0,5.0,0.0,2.0,4.0,0.0,0.0,20.0,1.0,17.0,1.0,0.0,38.0,1.0,1.0,0.0,0.0,0.0,0.0,1.0,0.0,0.0,0.0,0.0,1.0,0.0,0.0,0.0,1.0,0.0,0.0,0.0,0.0,0.0,0.0,1.0,0.0,0.0,0.0,0.0,0.0,0.0,0.0,0.0,0.0,0.0,0.0,0.0,0.0,0.0,0.0,0.0,0.0,19.0,7.0,90.0,5.0,4.0,5.0,0.0,1.0,36.0,64.0,22.0,2.0,2.0,3.0,2.0,128.0,2.0,128.0,80.0,50.0,104.0,26.0,0.0,82.0,44.0,4.0,2.0,106.0,22.0,0.0,38.0,73.0,15.0,4.0,2.0,10.0,30.0,42.0,24.0,22.0,119.0,9.0,1.0,0.0,1.0,111.0,15.0,4.0,14.0,31.0,24.0,16.0,19.0,5.0,21.0,104.0,26.0,90.0,40.0,76.0,51.0,3.0,13.0,22.0,22.0,12.0,15.0,2.0,44.0,96.0,34.0,51.0,79.0,81.0,37.0,12.0,126.0,4.0,120.0,10.0,112.0,18.0,127.0,3.0,83.0,47.0,39.0,72.0,19.0,89.0,34.0,7.0,33.0,29.0,21.0,35.0,12.0,42.0,44.0,9.0,14.0,21.0,21.0,109.0,70.0,49.0,9.0,2.0,126.0,1.0,3.0,117.0,11.0,2.0,127.0,3.0,0.0,16.0,114.0,115.0,15.0,105.0,21.0,4.0,0.0,114.0,16.0,0.0,72.0,58.0,0.0,97.0,33.0,0.0,128.0,2.0,0.0,0.0,82.0,48.0,94.0,31.0,5.0,0.0,117.0,13.0,0.0,114.0,16.0,0.0,87.0,43.0,0.0,79.0,50.0,1.0,128.0,1.0,1.0,0.0,24.0,69.0,37.0,0.0,Atingiu a média
53,23054530,2017,1,2,2302,23013,23,2305100,230510005,2,1,1.0,1.0,1.0,0.0,0.0,0.0,0.0,0.0,0.0,0.0,0.0,0.0,0.0,1.0,1.0,0.0,0.0,0.0,0.0,1.0,0.0,0.0,0.0,1.0,0.0,0.0,1.0,0.0,0.0,0.0,0.0,0.0,1.0,1.0,1.0,1.0,0.0,1.0,0.0,1.0,1.0,1.0,1.0,1.0,0.0,0.0,0.0,1.0,0.0,0.0,1.0,1.0,1.0,0.0,1.0,0.0,1.0,0.0,1.0,0.0,0.0,1.0,0.0,0.0,4.0,4.0,0.0,0.0,1.0,0.0,1.0,0.0,1.0,1.0,1.0,1.0,1.0,1.0,1.0,0.0,0.0,1.0,0.0,1.0,0.0,2.0,1.0,2.0,1.0,1.0,1.0,14.0,4.0,10.0,1.0,1.0,26.0,1.0,0.0,0.0,0.0,0.0,0.0,1.0,0.0,0.0,1.0,0.0,1.0,0.0,0.0,0.0,1.0,0.0,0.0,0.0,0.0,0.0,0.0,1.0,0.0,0.0,0.0,0.0,0.0,0.0,0.0,0.0,0.0,0.0,0.0,0.0,0.0,0.0,0.0,0.0,0.0,10.0,9.0,41.0,11.0,2.0,4.0,0.0,1.0,18.0,43.0,6.0,4.0,4.0,1.0,2.0,75.0,2.0,75.0,53.0,24.0,54.0,19.0,4.0,61.0,11.0,5.0,1.0,61.0,15.0,0.0,4.0,30.0,27.0,16.0,0.0,5.0,10.0,26.0,18.0,18.0,69.0,5.0,2.0,1.0,0.0,70.0,5.0,2.0,5.0,22.0,6.0,13.0,13.0,3.0,15.0,67.0,10.0,51.0,26.0,48.0,25.0,4.0,7.0,18.0,8.0,8.0,9.0,5.0,22.0,49.0,28.0,35.0,42.0,49.0,21.0,7.0,75.0,2.0,71.0,6.0,61.0,16.0,77.0,0.0,44.0,33.0,22.0,46.0,9.0,58.0,16.0,3.0,19.0,17.0,19.0,18.0,4.0,31.0,22.0,7.0,8.0,9.0,13.0,64.0,62.0,14.0,0.0,1.0,72.0,0.0,5.0,61.0,11.0,5.0,71.0,5.0,1.0,21.0,56.0,55.0,22.0,40.0,34.0,3.0,0.0,72.0,5.0,0.0,48.0,29.0,0.0,65.0,12.0,0.0,67.0,10.0,0.0,0.0,37.0,40.0,31.0,39.0,7.0,0.0,69.0,8.0,0.0,68.0,9.0,0.0,46.0,31.0,0.0,58.0,19.0,0.0,74.0,3.0,0.0,0.0,6.0,51.0,20.0,0.0,Atingiu a média
54,23142375,2017,1,2,2306,23026,23,2305506,230550605,2,1,1.0,1.0,1.0,0.0,0.0,0.0,0.0,0.0,0.0,0.0,0.0,0.0,0.0,1.0,1.0,0.0,0.0,0.0,0.0,1.0,0.0,0.0,0.0,0.0,1.0,0.0,1.0,0.0,0.0,0.0,0.0,0.0,1.0,1.0,1.0,1.0,1.0,1.0,0.0,1.0,1.0,1.0,0.0,1.0,0.0,0.0,0.0,1.0,0.0,1.0,0.0,1.0,1.0,0.0,0.0,1.0,0.0,1.0,0.0,0.0,0.0,0.0,0.0,0.0,8.0,8.0,1.0,0.0,1.0,1.0,0.0,0.0,0.0,1.0,1.0,1.0,0.0,1.0,1.0,2.0,0.0,2.0,1.0,0.0,0.0,0.0,2.0,2.0,1.0,0.0,1.0,25.0,2.0,17.0,1.0,1.0,41.0,1.0,1.0,0.0,0.0,0.0,0.0,1.0,0.0,0.0,1.0,0.0,1.0,0.0,0.0,0.0,1.0,0.0,0.0,0.0,0.0,0.0,0.0,1.0,0.0,0.0,0.0,0.0,0.0,0.0,0.0,0.0,0.0,0.0,0.0,0.0,0.0,0.0,0.0,0.0,0.0,13.0,7.0,50.0,2.0,0.0,5.0,0.0,0.0,23.0,32.0,13.0,6.0,1.0,2.0,2.0,75.0,2.0,75.0,40.0,37.0,60.0,16.0,1.0,54.0,16.0,7.0,1.0,54.0,22.0,1.0,13.0,53.0,9.0,1.0,1.0,16.0,21.0,19.0,12.0,8.0,73.0,2.0,2.0,0.0,0.0,56.0,20.0,1.0,3.0,16.0,14.0,12.0,15.0,2.0,15.0,67.0,10.0,52.0,25.0,38.0,36.0,3.0,4.0,17.0,12.0,6.0,9.0,2.0,27.0,58.0,19.0,39.0,38.0,58.0,14.0,5.0,70.0,7.0,62.0,15.0,64.0,13.0,71.0,6.0,52.0,25.0,19.0,49.0,9.0,51.0,21.0,5.0,12.0,19.0,15.0,28.0,3.0,24.0,27.0,4.0,7.0,15.0,11.0,66.0,49.0,26.0,1.0,1.0,74.0,2.0,1.0,58.0,15.0,4.0,70.0,5.0,2.0,10.0,67.0,65.0,12.0,37.0,37.0,3.0,0.0,64.0,12.0,1.0,39.0,37.0,1.0,71.0,5.0,1.0,50.0,21.0,5.0,1.0,47.0,30.0,37.0,29.0,11.0,0.0,67.0,10.0,0.0,59.0,18.0,0.0,47.0,30.0,0.0,69.0,8.0,0.0,66.0,10.0,1.0,0.0,19.0,44.0,14.0,0.0,Atingiu a média
55,23461667,2017,1,2,2306,23026,23,2305506,230550605,2,2,1.0,1.0,1.0,0.0,0.0,0.0,0.0,0.0,0.0,0.0,0.0,0.0,0.0,1.0,1.0,1.0,0.0,0.0,0.0,1.0,0.0,0.0,0.0,0.0,1.0,0.0,1.0,0.0,0.0,0.0,0.0,0.0,0.0,1.0,1.0,1.0,0.0,0.0,0.0,0.0,1.0,0.0,0.0,0.0,0.0,0.0,0.0,1.0,0.0,1.0,0.0,1.0,0.0,0.0,1.0,0.0,0.0,1.0,0.0,0.0,0.0,0.0,0.0,0.0,5.0,5.0,1.0,0.0,1.0,0.0,0.0,0.0,0.0,1.0,1.0,1.0,0.0,0.0,1.0,1.0,0.0,1.0,0.0,0.0,0.0,0.0,1.0,2.0,2.0,0.0,0.0,11.0,7.0,4.0,1.0,1.0,33.0,1.0,0.0,0.0,0.0,0.0,0.0,1.0,0.0,0.0,1.0,0.0,1.0,0.0,0.0,0.0,1.0,1.0,1.0,0.0,0.0,0.0,0.0,1.0,0.0,0.0,0.0,0.0,0.0,0.0,0.0,0.0,0.0,0.0,1.0,1.0,0.0,0.0,0.0,0.0,0.0,21.0,5.0,39.0,7.0,1.0,4.0,0.0,4.0,37.0,25.0,6.0,4.0,1.0,0.0,1.0,76.0,0.0,77.0,47.0,30.0,68.0,7.0,2.0,52.0,22.0,3.0,0.0,69.0,8.0,0.0,14.0,52.0,9.0,2.0,0.0,4.0,22.0,24.0,16.0,11.0,73.0,3.0,1.0,0.0,0.0,67.0,6.0,4.0,2.0,36.0,9.0,10.0,11.0,3.0,6.0,63.0,14.0,58.0,19.0,54.0,19.0,4.0,14.0,27.0,6.0,4.0,8.0,1.0,17.0,34.0,43.0,26.0,51.0,46.0,19.0,12.0,77.0,0.0,73.0,4.0,69.0,8.0,76.0,1.0,50.0,27.0,27.0,37.0,13.0,49.0,27.0,1.0,14.0,25.0,19.0,17.0,2.0,23.0,33.0,11.0,2.0,8.0,6.0,71.0,56.0,16.0,5.0,0.0,75.0,0.0,2.0,63.0,12.0,2.0,71.0,5.0,1.0,6.0,71.0,73.0,4.0,46.0,30.0,1.0,0.0,73.0,4.0,0.0,51.0,26.0,0.0,72.0,5.0,0.0,75.0,2.0,0.0,0.0,63.0,14.0,50.0,24.0,2.0,1.0,76.0,0.0,1.0,69.0,7.0,1.0,63.0,13.0,1.0,63.0,13.0,1.0,68.0,8.0,0.0,1.0,10.0,53.0,14.0,0.0,Atingiu a média
56,23026596,2017,1,2,2301,23006,23,2305803,230580305,2,1,2.0,1.0,1.0,0.0,0.0,0.0,0.0,0.0,0.0,0.0,0.0,0.0,0.0,1.0,1.0,0.0,0.0,0.0,0.0,1.0,0.0,0.0,0.0,1.0,1.0,0.0,1.0,0.0,0.0,0.0,0.0,0.0,1.0,1.0,1.0,0.0,1.0,0.0,0.0,0.0,1.0,1.0,0.0,1.0,0.0,0.0,0.0,1.0,0.0,0.0,0.0,1.0,1.0,0.0,1.0,1.0,0.0,1.0,0.0,0.0,0.0,0.0,0.0,0.0,9.0,8.0,1.0,0.0,0.0,1.0,1.0,0.0,1.0,1.0,1.0,1.0,0.0,0.0,1.0,1.0,0.0,0.0,1.0,1.0,0.0,2.0,1.0,1.0,2.0,0.0,0.0,21.0,6.0,15.0,1.0,1.0,32.0,1.0,1.0,0.0,0.0,0.0,0.0,1.0,0.0,0.0,1.0,0.0,1.0,0.0,0.0,0.0,1.0,0.0,0.0,0.0,0.0,0.0,0.0,1.0,0.0,0.0,0.0,0.0,0.0,0.0,0.0,0.0,0.0,0.0,0.0,0.0,0.0,0.0,0.0,0.0,0.0,16.0,3.0,31.0,2.0,3.0,3.0,0.0,1.0,12.0,16.0,12.0,6.0,7.0,4.0,3.0,55.0,2.0,56.0,40.0,18.0,41.0,17.0,0.0,42.0,16.0,0.0,1.0,47.0,10.0,0.0,6.0,33.0,18.0,1.0,0.0,7.0,15.0,9.0,13.0,14.0,48.0,8.0,1.0,1.0,0.0,51.0,5.0,2.0,1.0,14.0,13.0,2.0,7.0,4.0,17.0,52.0,6.0,48.0,10.0,39.0,14.0,5.0,6.0,11.0,8.0,4.0,8.0,1.0,20.0,46.0,12.0,36.0,22.0,24.0,26.0,8.0,57.0,1.0,53.0,5.0,53.0,5.0,54.0,4.0,42.0,16.0,22.0,29.0,7.0,38.0,18.0,2.0,12.0,19.0,10.0,16.0,1.0,16.0,19.0,7.0,4.0,12.0,6.0,52.0,35.0,21.0,2.0,0.0,56.0,0.0,2.0,36.0,14.0,8.0,51.0,5.0,2.0,13.0,45.0,56.0,2.0,32.0,25.0,1.0,0.0,51.0,7.0,0.0,36.0,22.0,0.0,49.0,8.0,1.0,53.0,5.0,0.0,0.0,42.0,16.0,30.0,22.0,6.0,0.0,50.0,8.0,0.0,42.0,16.0,0.0,47.0,11.0,0.0,46.0,11.0,1.0,53.0,5.0,0.0,0.0,15.0,33.0,10.0,0.0,Atingiu a média
57,23027584,2017,1,2,2301,23006,23,2305803,230580305,2,1,0.0,1.0,1.0,0.0,0.0,0.0,0.0,0.0,0.0,1.0,0.0,0.0,0.0,1.0,1.0,0.0,1.0,0.0,0.0,1.0,0.0,0.0,0.0,1.0,1.0,0.0,1.0,0.0,0.0,0.0,0.0,1.0,0.0,1.0,0.0,0.0,0.0,0.0,1.0,1.0,1.0,1.0,0.0,1.0,0.0,0.0,0.0,0.0,0.0,1.0,1.0,1.0,1.0,0.0,1.0,1.0,0.0,1.0,0.0,0.0,0.0,1.0,0.0,0.0,5.0,5.0,1.0,0.0,1.0,1.0,0.0,0.0,1.0,1.0,1.0,0.0,0.0,1.0,1.0,1.0,0.0,1.0,1.0,0.0,0.0,2.0,2.0,1.0,0.0,0.0,1.0,19.0,4.0,15.0,1.0,1.0,29.0,1.0,0.0,0.0,0.0,0.0,0.0,1.0,0.0,0.0,1.0,0.0,1.0,0.0,0.0,0.0,1.0,0.0,0.0,0.0,0.0,0.0,0.0,1.0,0.0,0.0,0.0,0.0,0.0,0.0,0.0,0.0,0.0,0.0,0.0,0.0,0.0,0.0,0.0,0.0,0.0,15.0,3.0,42.0,3.0,2.0,2.0,0.0,2.0,14.0,24.0,9.0,12.0,3.0,3.0,1.0,66.0,1.0,66.0,39.0,28.0,57.0,8.0,2.0,38.0,28.0,1.0,0.0,54.0,13.0,0.0,5.0,41.0,19.0,2.0,0.0,8.0,16.0,21.0,12.0,10.0,63.0,4.0,0.0,0.0,0.0,55.0,11.0,1.0,7.0,18.0,11.0,9.0,12.0,1.0,9.0,57.0,10.0,48.0,19.0,34.0,33.0,0.0,12.0,16.0,9.0,4.0,6.0,0.0,20.0,49.0,18.0,33.0,34.0,38.0,23.0,6.0,64.0,3.0,58.0,9.0,57.0,10.0,65.0,2.0,43.0,24.0,17.0,39.0,11.0,46.0,20.0,1.0,13.0,17.0,8.0,27.0,2.0,18.0,24.0,6.0,6.0,13.0,7.0,60.0,30.0,28.0,4.0,5.0,61.0,1.0,5.0,41.0,20.0,6.0,59.0,6.0,2.0,9.0,58.0,60.0,7.0,32.0,32.0,1.0,2.0,51.0,15.0,1.0,40.0,25.0,2.0,60.0,6.0,1.0,55.0,10.0,0.0,2.0,45.0,22.0,25.0,32.0,9.0,1.0,60.0,6.0,1.0,51.0,16.0,0.0,48.0,18.0,1.0,58.0,9.0,0.0,59.0,6.0,1.0,1.0,6.0,46.0,15.0,0.0,Atingiu a média
58,23237775,2017,1,2,2301,23006,23,2305803,230580305,2,2,1.0,1.0,1.0,0.0,0.0,0.0,0.0,0.0,0.0,0.0,0.0,0.0,0.0,1.0,1.0,0.0,1.0,1.0,0.0,1.0,0.0,0.0,0.0,1.0,0.0,0.0,1.0,0.0,0.0,0.0,0.0,0.0,1.0,1.0,1.0,1.0,0.0,1.0,0.0,1.0,1.0,1.0,0.0,1.0,0.0,0.0,0.0,0.0,0.0,1.0,0.0,1.0,0.0,1.0,1.0,1.0,0.0,0.0,0.0,0.0,0.0,0.0,0.0,0.0,6.0,6.0,1.0,0.0,0.0,0.0,1.0,0.0,1.0,0.0,0.0,1.0,0.0,1.0,1.0,1.0,0.0,0.0,0.0,1.0,0.0,3.0,0.0,0.0,3.0,0.0,1.0,29.0,6.0,20.0,1.0,0.0,36.0,1.0,0.0,0.0,0.0,0.0,0.0,1.0,0.0,0.0,1.0,0.0,1.0,0.0,0.0,0.0,1.0,0.0,0.0,0.0,0.0,0.0,0.0,1.0,0.0,0.0,0.0,0.0,0.0,0.0,0.0,0.0,0.0,0.0,0.0,0.0,0.0,0.0,0.0,0.0,0.0,14.0,6.0,39.0,2.0,2.0,6.0,0.0,0.0,22.0,30.0,7.0,5.0,1.0,4.0,8.0,61.0,5.0,64.0,51.0,18.0,58.0,9.0,2.0,56.0,12.0,1.0,5.0,53.0,11.0,0.0,8.0,32.0,24.0,5.0,0.0,9.0,11.0,26.0,14.0,9.0,62.0,6.0,1.0,0.0,0.0,62.0,4.0,3.0,6.0,25.0,14.0,12.0,3.0,0.0,9.0,55.0,14.0,50.0,19.0,41.0,26.0,2.0,12.0,19.0,8.0,4.0,4.0,0.0,22.0,43.0,26.0,27.0,42.0,36.0,27.0,6.0,68.0,1.0,64.0,5.0,59.0,10.0,68.0,1.0,49.0,20.0,18.0,39.0,12.0,46.0,16.0,7.0,23.0,16.0,8.0,14.0,8.0,28.0,15.0,6.0,7.0,13.0,7.0,62.0,51.0,11.0,5.0,2.0,67.0,0.0,2.0,51.0,12.0,6.0,65.0,4.0,0.0,19.0,50.0,61.0,8.0,33.0,30.0,5.0,1.0,62.0,6.0,1.0,38.0,28.0,3.0,52.0,14.0,3.0,61.0,8.0,0.0,0.0,46.0,23.0,27.0,34.0,6.0,2.0,64.0,1.0,4.0,52.0,15.0,2.0,50.0,16.0,3.0,41.0,24.0,4.0,63.0,4.0,0.0,2.0,16.0,42.0,10.0,1.0,Atingiu a média
59,23138106,2017,1,2,2305,23025,23,2306009,230600905,2,1,1.0,1.0,1.0,0.0,0.0,0.0,0.0,0.0,0.0,0.0,1.0,0.0,0.0,1.0,1.0,0.0,1.0,0.0,0.0,1.0,0.0,0.0,0.0,1.0,1.0,0.0,1.0,0.0,0.0,0.0,0.0,0.0,1.0,0.0,1.0,1.0,0.0,0.0,0.0,0.0,1.0,0.0,0.0,0.0,0.0,0.0,0.0,1.0,0.0,0.0,0.0,1.0,1.0,0.0,1.0,1.0,0.0,1.0,0.0,0.0,0.0,0.0,0.0,0.0,6.0,9.0,1.0,0.0,0.0,1.0,0.0,1.0,0.0,1.0,1.0,1.0,0.0,1.0,1.0,1.0,0.0,0.0,1.0,0.0,1.0,0.0,1.0,3.0,8.0,0.0,2.0,14.0,4.0,10.0,1.0,1.0,40.0,1.0,0.0,0.0,0.0,1.0,0.0,0.0,0.0,0.0,1.0,0.0,1.0,0.0,0.0,0.0,1.0,0.0,0.0,0.0,0.0,0.0,0.0,1.0,0.0,0.0,0.0,0.0,0.0,0.0,0.0,0.0,0.0,0.0,0.0,0.0,0.0,0.0,0.0,0.0,0.0,21.0,24.0,55.0,3.0,2.0,2.0,0.0,1.0,48.0,46.0,7.0,3.0,0.0,2.0,3.0,104.0,3.0,104.0,66.0,41.0,88.0,17.0,2.0,73.0,29.0,5.0,3.0,89.0,15.0,3.0,16.0,58.0,25.0,5.0,0.0,17.0,30.0,26.0,24.0,10.0,95.0,10.0,1.0,0.0,1.0,88.0,12.0,7.0,7.0,25.0,13.0,18.0,18.0,13.0,13.0,91.0,16.0,75.0,32.0,46.0,52.0,9.0,8.0,27.0,18.0,12.0,10.0,2.0,30.0,72.0,35.0,43.0,64.0,70.0,28.0,9.0,102.0,5.0,98.0,9.0,93.0,14.0,105.0,2.0,78.0,29.0,40.0,53.0,14.0,74.0,30.0,3.0,23.0,24.0,12.0,44.0,4.0,39.0,26.0,7.0,12.0,23.0,16.0,91.0,91.0,9.0,6.0,1.0,98.0,1.0,8.0,96.0,10.0,1.0,99.0,7.0,1.0,40.0,67.0,87.0,20.0,78.0,27.0,2.0,0.0,99.0,7.0,1.0,61.0,45.0,1.0,100.0,7.0,0.0,104.0,3.0,0.0,0.0,66.0,41.0,70.0,32.0,4.0,1.0,91.0,16.0,0.0,86.0,20.0,1.0,69.0,38.0,0.0,89.0,18.0,0.0,99.0,7.0,1.0,0.0,29.0,53.0,23.0,2.0,Atingiu a média
60,23125586,2017,1,2,2305,23022,23,2306207,230620705,2,1,1.0,1.0,1.0,0.0,0.0,0.0,0.0,0.0,0.0,0.0,0.0,0.0,0.0,1.0,1.0,0.0,1.0,0.0,0.0,1.0,0.0,0.0,0.0,1.0,1.0,0.0,1.0,0.0,0.0,0.0,0.0,0.0,1.0,1.0,1.0,1.0,1.0,1.0,0.0,1.0,1.0,1.0,0.0,1.0,0.0,0.0,0.0,1.0,0.0,0.0,0.0,1.0,1.0,0.0,1.0,1.0,0.0,1.0,0.0,0.0,0.0,0.0,0.0,0.0,6.0,6.0,1.0,0.0,0.0,0.0,1.0,1.0,1.0,1.0,1.0,1.0,0.0,1.0,1.0,2.0,0.0,0.0,0.0,1.0,1.0,5.0,1.0,1.0,3.0,0.0,3.0,25.0,7.0,19.0,1.0,1.0,30.0,1.0,1.0,0.0,0.0,0.0,0.0,1.0,0.0,0.0,1.0,0.0,1.0,0.0,0.0,0.0,1.0,0.0,0.0,0.0,0.0,0.0,0.0,1.0,0.0,0.0,0.0,0.0,0.0,0.0,0.0,0.0,0.0,0.0,0.0,0.0,0.0,0.0,0.0,0.0,0.0,17.0,6.0,50.0,2.0,0.0,2.0,0.0,1.0,29.0,28.0,9.0,3.0,2.0,5.0,2.0,75.0,3.0,74.0,52.0,25.0,61.0,16.0,0.0,47.0,26.0,4.0,0.0,56.0,21.0,1.0,13.0,40.0,17.0,6.0,6.0,10.0,18.0,21.0,12.0,10.0,75.0,2.0,0.0,0.0,0.0,59.0,14.0,4.0,4.0,25.0,12.0,7.0,9.0,10.0,10.0,64.0,13.0,53.0,24.0,40.0,35.0,2.0,8.0,25.0,12.0,8.0,9.0,0.0,15.0,55.0,22.0,39.0,38.0,40.0,23.0,14.0,75.0,2.0,71.0,6.0,65.0,12.0,74.0,3.0,49.0,28.0,30.0,42.0,5.0,50.0,22.0,5.0,15.0,25.0,18.0,16.0,3.0,21.0,31.0,4.0,5.0,16.0,17.0,60.0,58.0,16.0,3.0,0.0,76.0,0.0,1.0,57.0,15.0,5.0,64.0,11.0,2.0,16.0,61.0,73.0,4.0,59.0,15.0,2.0,1.0,70.0,7.0,0.0,43.0,33.0,1.0,65.0,12.0,0.0,76.0,0.0,0.0,1.0,39.0,38.0,45.0,26.0,5.0,1.0,72.0,5.0,0.0,70.0,7.0,0.0,46.0,31.0,0.0,63.0,12.0,2.0,75.0,1.0,0.0,1.0,11.0,51.0,14.0,1.0,Atingiu a média
61,23041889,2017,1,2,2302,23010,23,2306306,230630605,2,1,1.0,1.0,1.0,0.0,0.0,0.0,0.0,0.0,0.0,0.0,0.0,0.0,0.0,1.0,1.0,0.0,0.0,0.0,0.0,1.0,0.0,0.0,0.0,1.0,1.0,0.0,1.0,0.0,0.0,0.0,0.0,1.0,1.0,1.0,1.0,1.0,0.0,0.0,1.0,1.0,1.0,1.0,1.0,1.0,0.0,0.0,0.0,1.0,0.0,0.0,1.0,1.0,0.0,0.0,1.0,1.0,1.0,1.0,1.0,0.0,0.0,1.0,0.0,0.0,10.0,10.0,1.0,0.0,0.0,0.0,1.0,1.0,1.0,0.0,1.0,1.0,0.0,0.0,1.0,2.0,0.0,0.0,0.0,2.0,1.0,1.0,0.0,1.0,4.0,0.0,0.0,23.0,8.0,15.0,1.0,1.0,47.0,1.0,0.0,0.0,0.0,0.0,0.0,1.0,0.0,0.0,0.0,0.0,1.0,0.0,0.0,0.0,1.0,0.0,0.0,0.0,0.0,0.0,0.0,1.0,0.0,0.0,0.0,0.0,0.0,0.0,0.0,0.0,0.0,0.0,0.0,0.0,0.0,0.0,0.0,0.0,0.0,14.0,16.0,132.0,3.0,3.0,6.0,0.0,4.0,68.0,79.0,16.0,3.0,1.0,3.0,9.0,165.0,10.0,164.0,145.0,29.0,150.0,23.0,1.0,135.0,37.0,2.0,3.0,151.0,20.0,5.0,46.0,90.0,31.0,2.0,0.0,17.0,37.0,55.0,36.0,29.0,163.0,10.0,1.0,0.0,0.0,157.0,13.0,4.0,6.0,38.0,32.0,36.0,31.0,11.0,20.0,160.0,14.0,136.0,38.0,110.0,59.0,5.0,17.0,41.0,33.0,13.0,26.0,4.0,40.0,135.0,39.0,87.0,87.0,106.0,58.0,10.0,167.0,7.0,159.0,15.0,149.0,25.0,169.0,5.0,134.0,40.0,73.0,87.0,14.0,120.0,49.0,5.0,47.0,52.0,41.0,27.0,7.0,70.0,59.0,12.0,13.0,20.0,10.0,164.0,134.0,30.0,8.0,2.0,163.0,3.0,8.0,145.0,29.0,0.0,166.0,8.0,0.0,31.0,143.0,159.0,15.0,140.0,32.0,2.0,0.0,164.0,9.0,1.0,113.0,61.0,0.0,158.0,16.0,0.0,161.0,12.0,1.0,0.0,116.0,58.0,106.0,63.0,5.0,0.0,170.0,4.0,0.0,151.0,22.0,1.0,123.0,51.0,0.0,148.0,26.0,0.0,165.0,9.0,0.0,0.0,44.0,103.0,27.0,0.0,Atingiu a média
62,23036010,2017,1,2,2302,23008,23,2306405,230640505,2,1,1.0,1.0,1.0,0.0,0.0,0.0,0.0,0.0,0.0,0.0,0.0,0.0,0.0,1.0,1.0,0.0,0.0,0.0,0.0,1.0,0.0,0.0,0.0,1.0,0.0,0.0,1.0,0.0,0.0,0.0,0.0,0.0,1.0,1.0,1.0,1.0,1.0,1.0,1.0,1.0,1.0,1.0,1.0,1.0,0.0,0.0,0.0,1.0,0.0,1.0,1.0,1.0,0.0,0.0,1.0,0.0,1.0,1.0,0.0,0.0,0.0,0.0,0.0,0.0,22.0,22.0,1.0,0.0,0.0,0.0,0.0,0.0,1.0,1.0,0.0,1.0,0.0,1.0,1.0,2.0,0.0,0.0,0.0,0.0,0.0,4.0,1.0,0.0,2.0,0.0,1.0,63.0,16.0,47.0,1.0,0.0,95.0,1.0,1.0,0.0,0.0,0.0,0.0,1.0,0.0,0.0,1.0,0.0,1.0,0.0,0.0,0.0,1.0,0.0,0.0,0.0,0.0,0.0,0.0,1.0,0.0,0.0,0.0,0.0,0.0,0.0,0.0,0.0,0.0,0.0,0.0,0.0,0.0,0.0,0.0,0.0,0.0,58.0,29.0,323.0,29.0,1.0,27.0,1.0,12.0,245.0,171.0,31.0,3.0,2.0,2.0,20.0,447.0,11.0,456.0,287.0,180.0,328.0,115.0,24.0,284.0,154.0,29.0,14.0,299.0,154.0,9.0,46.0,218.0,153.0,41.0,3.0,31.0,102.0,144.0,108.0,79.0,408.0,43.0,11.0,2.0,3.0,426.0,25.0,16.0,12.0,70.0,68.0,84.0,97.0,84.0,52.0,432.0,35.0,403.0,64.0,312.0,126.0,29.0,22.0,78.0,55.0,69.0,102.0,38.0,103.0,390.0,77.0,296.0,171.0,311.0,119.0,37.0,458.0,9.0,440.0,27.0,421.0,46.0,456.0,11.0,370.0,97.0,154.0,270.0,43.0,301.0,149.0,17.0,87.0,131.0,82.0,141.0,26.0,147.0,162.0,35.0,46.0,77.0,59.0,408.0,328.0,118.0,19.0,2.0,418.0,9.0,40.0,397.0,54.0,16.0,450.0,15.0,2.0,120.0,347.0,421.0,46.0,402.0,56.0,6.0,3.0,427.0,38.0,2.0,277.0,188.0,2.0,406.0,59.0,2.0,438.0,25.0,2.0,2.0,322.0,145.0,342.0,110.0,12.0,3.0,449.0,16.0,2.0,386.0,78.0,3.0,355.0,108.0,4.0,392.0,72.0,3.0,427.0,36.0,2.0,2.0,90.0,262.0,115.0,0.0,Atingiu a média
63,23036273,2017,1,2,2302,23008,23,2306405,230640505,2,1,2.0,1.0,1.0,0.0,0.0,0.0,0.0,0.0,0.0,0.0,0.0,0.0,0.0,1.0,1.0,0.0,1.0,0.0,0.0,1.0,0.0,0.0,0.0,1.0,1.0,0.0,1.0,0.0,0.0,0.0,0.0,0.0,0.0,1.0,1.0,1.0,0.0,1.0,1.0,1.0,1.0,0.0,0.0,0.0,0.0,0.0,0.0,0.0,0.0,0.0,0.0,1.0,0.0,0.0,1.0,0.0,0.0,1.0,0.0,0.0,0.0,0.0,0.0,0.0,11.0,11.0,0.0,0.0,0.0,0.0,0.0,0.0,0.0,0.0,0.0,0.0,0.0,0.0,1.0,0.0,0.0,0.0,0.0,0.0,0.0,0.0,0.0,0.0,0.0,0.0,0.0,38.0,3.0,35.0,1.0,1.0,67.0,1.0,0.0,0.0,0.0,0.0,0.0,1.0,0.0,0.0,0.0,0.0,1.0,0.0,0.0,0.0,1.0,0.0,0.0,0.0,0.0,0.0,0.0,1.0,0.0,0.0,0.0,0.0,0.0,0.0,0.0,0.0,0.0,0.0,0.0,0.0,0.0,0.0,0.0,0.0,0.0,17.0,27.0,165.0,10.0,2.0,6.0,0.0,0.0,89.0,102.0,24.0,10.0,2.0,0.0,10.0,217.0,6.0,221.0,165.0,62.0,191.0,34.0,2.0,179.0,43.0,5.0,4.0,183.0,40.0,7.0,42.0,109.0,59.0,10.0,2.0,25.0,32.0,67.0,43.0,58.0,201.0,20.0,4.0,2.0,0.0,192.0,24.0,11.0,10.0,49.0,32.0,44.0,44.0,9.0,39.0,198.0,29.0,165.0,62.0,120.0,94.0,13.0,19.0,38.0,37.0,23.0,34.0,5.0,71.0,175.0,52.0,115.0,112.0,155.0,53.0,19.0,217.0,10.0,200.0,27.0,192.0,35.0,221.0,6.0,161.0,66.0,80.0,125.0,22.0,135.0,78.0,14.0,58.0,55.0,23.0,70.0,21.0,71.0,85.0,23.0,23.0,25.0,21.0,206.0,151.0,64.0,9.0,3.0,215.0,1.0,11.0,171.0,44.0,12.0,213.0,10.0,4.0,57.0,170.0,189.0,38.0,155.0,64.0,4.0,4.0,209.0,13.0,5.0,121.0,99.0,7.0,180.0,40.0,7.0,190.0,30.0,1.0,6.0,136.0,91.0,121.0,93.0,11.0,2.0,203.0,21.0,3.0,174.0,50.0,3.0,149.0,71.0,7.0,167.0,56.0,4.0,177.0,44.0,1.0,5.0,88.0,113.0,26.0,0.0,Atingiu a média
64,23038004,2017,1,2,2302,23008,23,2306405,230640505,2,1,1.0,1.0,1.0,0.0,0.0,0.0,0.0,0.0,0.0,0.0,0.0,0.0,0.0,1.0,1.0,0.0,0.0,0.0,0.0,1.0,0.0,0.0,0.0,0.0,1.0,0.0,1.0,0.0,0.0,0.0,0.0,0.0,1.0,1.0,1.0,0.0,0.0,0.0,0.0,0.0,1.0,0.0,0.0,0.0,0.0,0.0,0.0,1.0,0.0,0.0,0.0,1.0,1.0,0.0,1.0,1.0,0.0,1.0,1.0,0.0,0.0,0.0,0.0,0.0,6.0,6.0,0.0,0.0,0.0,0.0,0.0,0.0,0.0,0.0,0.0,0.0,0.0,0.0,1.0,0.0,0.0,0.0,0.0,0.0,0.0,0.0,0.0,0.0,0.0,0.0,0.0,14.0,3.0,11.0,1.0,1.0,34.0,1.0,0.0,0.0,0.0,0.0,0.0,1.0,0.0,0.0,0.0,0.0,1.0,0.0,0.0,0.0,1.0,0.0,0.0,0.0,0.0,0.0,0.0,1.0,0.0,0.0,0.0,0.0,0.0,0.0,0.0,0.0,0.0,0.0,0.0,0.0,0.0,0.0,0.0,0.0,0.0,10.0,5.0,79.0,2.0,0.0,16.0,0.0,0.0,43.0,37.0,17.0,11.0,3.0,1.0,4.0,108.0,3.0,109.0,93.0,19.0,103.0,8.0,1.0,101.0,9.0,2.0,1.0,95.0,16.0,4.0,18.0,46.0,33.0,11.0,0.0,12.0,15.0,29.0,31.0,25.0,101.0,8.0,3.0,0.0,0.0,88.0,22.0,2.0,5.0,41.0,23.0,13.0,11.0,3.0,16.0,93.0,19.0,77.0,35.0,72.0,37.0,3.0,6.0,35.0,21.0,8.0,9.0,1.0,32.0,79.0,33.0,59.0,53.0,82.0,23.0,7.0,110.0,2.0,105.0,7.0,103.0,9.0,110.0,2.0,78.0,34.0,28.0,73.0,11.0,54.0,47.0,11.0,29.0,33.0,10.0,23.0,17.0,34.0,38.0,9.0,11.0,20.0,5.0,107.0,84.0,21.0,4.0,3.0,109.0,1.0,2.0,66.0,33.0,13.0,103.0,6.0,3.0,49.0,63.0,93.0,19.0,74.0,35.0,3.0,0.0,98.0,10.0,4.0,65.0,44.0,3.0,83.0,27.0,2.0,104.0,6.0,0.0,2.0,81.0,31.0,75.0,33.0,3.0,1.0,106.0,6.0,0.0,97.0,14.0,1.0,84.0,28.0,0.0,63.0,45.0,4.0,107.0,4.0,0.0,1.0,33.0,69.0,8.0,2.0,Atingiu a média
65,23246642,2017,1,2,2302,23013,23,2306504,230650410,2,2,1.0,1.0,1.0,0.0,0.0,0.0,0.0,0.0,0.0,0.0,0.0,0.0,0.0,1.0,1.0,0.0,0.0,0.0,0.0,1.0,0.0,0.0,0.0,0.0,1.0,0.0,1.0,0.0,0.0,0.0,0.0,0.0,1.0,1.0,1.0,1.0,0.0,1.0,0.0,1.0,1.0,1.0,0.0,1.0,0.0,0.0,0.0,1.0,0.0,1.0,0.0,1.0,1.0,1.0,1.0,1.0,1.0,0.0,0.0,0.0,0.0,0.0,0.0,0.0,6.0,5.0,1.0,0.0,1.0,1.0,0.0,0.0,0.0,1.0,1.0,1.0,0.0,1.0,1.0,2.0,0.0,2.0,1.0,0.0,0.0,0.0,1.0,2.0,1.0,0.0,1.0,40.0,8.0,32.0,1.0,0.0,30.0,1.0,0.0,0.0,0.0,0.0,0.0,1.0,0.0,0.0,0.0,0.0,1.0,0.0,0.0,0.0,1.0,1.0,0.0,0.0,0.0,0.0,0.0,1.0,0.0,0.0,0.0,0.0,0.0,0.0,0.0,0.0,0.0,0.0,1.0,0.0,0.0,0.0,0.0,0.0,0.0,8.0,4.0,24.0,0.0,0.0,1.0,0.0,0.0,14.0,19.0,2.0,1.0,0.0,1.0,4.0,33.0,1.0,36.0,29.0,8.0,35.0,2.0,0.0,30.0,7.0,0.0,1.0,33.0,3.0,0.0,7.0,24.0,3.0,3.0,0.0,4.0,12.0,7.0,7.0,7.0,35.0,2.0,0.0,0.0,0.0,32.0,3.0,2.0,1.0,11.0,8.0,6.0,6.0,2.0,3.0,34.0,3.0,27.0,10.0,17.0,18.0,2.0,3.0,11.0,4.0,7.0,1.0,0.0,11.0,24.0,13.0,8.0,29.0,24.0,11.0,2.0,37.0,0.0,32.0,5.0,27.0,10.0,37.0,0.0,28.0,9.0,6.0,19.0,12.0,26.0,10.0,1.0,5.0,8.0,8.0,14.0,2.0,16.0,16.0,0.0,0.0,5.0,2.0,35.0,28.0,5.0,3.0,1.0,37.0,0.0,0.0,32.0,2.0,3.0,36.0,1.0,0.0,3.0,34.0,34.0,3.0,13.0,23.0,1.0,0.0,35.0,1.0,1.0,15.0,21.0,1.0,33.0,4.0,0.0,26.0,10.0,1.0,0.0,24.0,13.0,13.0,20.0,4.0,0.0,34.0,3.0,0.0,35.0,2.0,0.0,23.0,14.0,0.0,30.0,7.0,0.0,26.0,11.0,0.0,0.0,6.0,12.0,19.0,0.0,Atingiu a média
66,23506989,2017,1,2,2301,23001,23,2306553,230655305,2,1,2.0,1.0,1.0,0.0,0.0,0.0,0.0,0.0,0.0,0.0,0.0,0.0,0.0,1.0,1.0,0.0,1.0,0.0,0.0,1.0,0.0,0.0,0.0,1.0,1.0,0.0,1.0,0.0,0.0,1.0,0.0,0.0,1.0,1.0,1.0,0.0,0.0,1.0,0.0,1.0,1.0,1.0,0.0,1.0,0.0,0.0,0.0,1.0,0.0,1.0,0.0,1.0,0.0,0.0,0.0,1.0,0.0,1.0,0.0,0.0,0.0,0.0,0.0,0.0,10.0,10.0,1.0,0.0,0.0,1.0,1.0,0.0,1.0,1.0,0.0,1.0,0.0,1.0,1.0,3.0,0.0,0.0,1.0,1.0,0.0,1.0,1.0,0.0,2.0,0.0,1.0,45.0,5.0,40.0,1.0,1.0,47.0,1.0,0.0,0.0,0.0,0.0,0.0,1.0,0.0,0.0,1.0,0.0,1.0,0.0,0.0,0.0,1.0,1.0,1.0,0.0,0.0,0.0,0.0,1.0,0.0,0.0,0.0,0.0,0.0,0.0,0.0,0.0,0.0,0.0,1.0,1.0,0.0,0.0,0.0,0.0,0.0,26.0,29.0,73.0,4.0,7.0,6.0,0.0,5.0,60.0,62.0,8.0,4.0,4.0,2.0,7.0,138.0,9.0,136.0,112.0,33.0,117.0,27.0,1.0,117.0,25.0,3.0,2.0,114.0,29.0,3.0,17.0,77.0,45.0,3.0,2.0,12.0,25.0,34.0,34.0,38.0,135.0,7.0,3.0,0.0,0.0,119.0,20.0,6.0,6.0,42.0,28.0,19.0,16.0,9.0,25.0,120.0,25.0,95.0,50.0,95.0,46.0,4.0,10.0,35.0,22.0,16.0,12.0,3.0,47.0,94.0,51.0,68.0,77.0,80.0,50.0,15.0,139.0,6.0,130.0,15.0,122.0,23.0,141.0,4.0,103.0,42.0,50.0,79.0,16.0,81.0,55.0,9.0,47.0,31.0,24.0,31.0,12.0,49.0,47.0,12.0,12.0,25.0,21.0,124.0,111.0,27.0,6.0,1.0,139.0,0.0,6.0,120.0,18.0,7.0,129.0,15.0,1.0,28.0,117.0,122.0,23.0,90.0,48.0,4.0,3.0,119.0,22.0,4.0,79.0,62.0,4.0,113.0,29.0,3.0,125.0,15.0,2.0,3.0,90.0,55.0,74.0,65.0,6.0,0.0,131.0,13.0,1.0,104.0,39.0,2.0,97.0,46.0,2.0,87.0,56.0,2.0,128.0,14.0,1.0,2.0,21.0,90.0,34.0,0.0,Atingiu a média
67,23007036,2017,1,2,2301,23001,23,2307254,230725405,2,1,1.0,1.0,1.0,0.0,0.0,0.0,0.0,0.0,0.0,0.0,0.0,0.0,0.0,1.0,1.0,0.0,0.0,0.0,0.0,1.0,0.0,0.0,0.0,0.0,1.0,0.0,1.0,0.0,0.0,0.0,0.0,0.0,1.0,1.0,1.0,1.0,0.0,1.0,0.0,1.0,1.0,1.0,0.0,1.0,0.0,0.0,0.0,1.0,0.0,1.0,0.0,1.0,0.0,0.0,1.0,1.0,1.0,0.0,0.0,0.0,0.0,0.0,0.0,0.0,11.0,11.0,1.0,0.0,1.0,0.0,1.0,0.0,1.0,1.0,1.0,1.0,0.0,1.0,1.0,4.0,0.0,2.0,0.0,2.0,0.0,1.0,1.0,1.0,3.0,0.0,2.0,25.0,4.0,21.0,1.0,1.0,43.0,1.0,0.0,0.0,0.0,0.0,0.0,1.0,0.0,0.0,0.0,0.0,1.0,0.0,0.0,0.0,1.0,0.0,0.0,0.0,0.0,0.0,0.0,1.0,0.0,0.0,0.0,0.0,0.0,0.0,0.0,0.0,0.0,0.0,0.0,0.0,0.0,0.0,0.0,0.0,0.0,27.0,10.0,105.0,15.0,3.0,13.0,0.0,1.0,74.0,85.0,10.0,0.0,2.0,1.0,7.0,166.0,0.0,173.0,109.0,64.0,115.0,51.0,7.0,103.0,60.0,10.0,1.0,116.0,56.0,0.0,14.0,90.0,59.0,10.0,1.0,14.0,51.0,48.0,31.0,28.0,160.0,8.0,5.0,0.0,0.0,141.0,25.0,7.0,6.0,51.0,33.0,25.0,24.0,7.0,27.0,154.0,19.0,117.0,56.0,98.0,62.0,13.0,9.0,50.0,30.0,14.0,20.0,6.0,44.0,124.0,49.0,77.0,96.0,141.0,27.0,5.0,169.0,4.0,148.0,25.0,143.0,30.0,170.0,3.0,109.0,64.0,59.0,93.0,21.0,114.0,56.0,3.0,23.0,49.0,29.0,66.0,6.0,53.0,63.0,16.0,15.0,26.0,53.0,120.0,136.0,31.0,6.0,0.0,168.0,0.0,5.0,153.0,12.0,8.0,166.0,5.0,2.0,40.0,133.0,143.0,30.0,133.0,37.0,2.0,1.0,159.0,11.0,3.0,84.0,84.0,5.0,159.0,12.0,2.0,160.0,11.0,0.0,2.0,119.0,54.0,131.0,38.0,4.0,0.0,163.0,10.0,0.0,151.0,21.0,1.0,89.0,84.0,0.0,138.0,34.0,1.0,171.0,1.0,1.0,0.0,51.0,101.0,21.0,0.0,Atingiu a média
68,23165278,2017,1,2,2307,23032,23,2307304,230730405,2,1,2.0,1.0,1.0,0.0,0.0,0.0,0.0,0.0,0.0,0.0,0.0,0.0,0.0,1.0,1.0,0.0,1.0,0.0,0.0,1.0,0.0,0.0,0.0,1.0,1.0,0.0,1.0,0.0,0.0,0.0,0.0,0.0,1.0,1.0,0.0,1.0,0.0,1.0,0.0,1.0,1.0,0.0,0.0,0.0,0.0,0.0,0.0,1.0,0.0,0.0,0.0,0.0,0.0,0.0,1.0,1.0,1.0,0.0,0.0,0.0,0.0,0.0,1.0,0.0,17.0,28.0,1.0,0.0,0.0,0.0,0.0,0.0,1.0,0.0,0.0,0.0,0.0,0.0,1.0,1.0,0.0,0.0,0.0,0.0,0.0,4.0,0.0,0.0,0.0,0.0,0.0,39.0,15.0,24.0,1.0,1.0,78.0,1.0,0.0,0.0,0.0,0.0,0.0,1.0,0.0,0.0,1.0,0.0,1.0,0.0,0.0,0.0,1.0,0.0,0.0,0.0,0.0,0.0,1.0,1.0,0.0,0.0,0.0,0.0,0.0,0.0,0.0,0.0,0.0,0.0,0.0,0.0,0.0,0.0,0.0,0.0,0.0,21.0,19.0,73.0,1.0,1.0,7.0,0.0,2.0,54.0,56.0,7.0,2.0,1.0,0.0,2.0,120.0,2.0,120.0,55.0,67.0,69.0,49.0,4.0,50.0,59.0,13.0,0.0,69.0,53.0,0.0,5.0,59.0,51.0,7.0,0.0,10.0,24.0,38.0,32.0,18.0,114.0,8.0,0.0,0.0,0.0,113.0,4.0,5.0,1.0,16.0,17.0,21.0,46.0,16.0,5.0,121.0,1.0,103.0,19.0,81.0,41.0,0.0,7.0,11.0,12.0,14.0,41.0,12.0,25.0,104.0,18.0,75.0,47.0,85.0,31.0,6.0,118.0,4.0,114.0,8.0,101.0,21.0,121.0,1.0,94.0,28.0,41.0,71.0,10.0,90.0,28.0,4.0,12.0,33.0,31.0,43.0,3.0,47.0,41.0,9.0,14.0,11.0,13.0,109.0,82.0,36.0,4.0,0.0,97.0,3.0,22.0,104.0,12.0,6.0,117.0,3.0,2.0,12.0,110.0,105.0,17.0,105.0,17.0,0.0,0.0,109.0,13.0,0.0,84.0,38.0,0.0,111.0,11.0,0.0,114.0,8.0,0.0,0.0,87.0,35.0,84.0,38.0,0.0,0.0,117.0,5.0,0.0,98.0,24.0,0.0,101.0,21.0,0.0,110.0,12.0,0.0,119.0,3.0,0.0,0.0,12.0,79.0,31.0,0.0,Atingiu a média
69,23165430,2017,1,2,2307,23032,23,2307304,230730405,2,1,2.0,1.0,1.0,0.0,0.0,0.0,0.0,0.0,0.0,0.0,0.0,0.0,0.0,1.0,1.0,0.0,0.0,0.0,0.0,1.0,0.0,0.0,0.0,0.0,1.0,0.0,1.0,0.0,0.0,0.0,0.0,0.0,1.0,1.0,1.0,1.0,1.0,1.0,0.0,1.0,1.0,1.0,0.0,1.0,0.0,0.0,0.0,1.0,0.0,1.0,1.0,1.0,0.0,0.0,1.0,1.0,1.0,1.0,0.0,0.0,0.0,1.0,0.0,0.0,16.0,16.0,1.0,0.0,1.0,0.0,0.0,0.0,1.0,1.0,1.0,1.0,0.0,1.0,1.0,2.0,0.0,1.0,0.0,0.0,0.0,1.0,2.0,1.0,7.0,0.0,1.0,39.0,15.0,24.0,1.0,1.0,64.0,1.0,1.0,0.0,0.0,0.0,0.0,1.0,0.0,0.0,1.0,0.0,1.0,0.0,0.0,0.0,1.0,0.0,0.0,0.0,0.0,0.0,0.0,1.0,0.0,0.0,0.0,0.0,0.0,0.0,0.0,0.0,0.0,0.0,0.0,0.0,0.0,0.0,0.0,0.0,0.0,89.0,36.0,161.0,29.0,8.0,17.0,0.0,8.0,178.0,130.0,21.0,1.0,1.0,1.0,4.0,336.0,6.0,334.0,173.0,167.0,209.0,124.0,7.0,126.0,169.0,45.0,2.0,188.0,150.0,3.0,18.0,203.0,102.0,14.0,1.0,22.0,79.0,123.0,74.0,41.0,328.0,9.0,2.0,0.0,1.0,293.0,28.0,19.0,4.0,33.0,37.0,59.0,138.0,52.0,17.0,328.0,12.0,277.0,63.0,207.0,116.0,17.0,11.0,32.0,45.0,56.0,112.0,29.0,55.0,308.0,32.0,200.0,140.0,171.0,136.0,33.0,333.0,7.0,304.0,36.0,281.0,59.0,329.0,11.0,229.0,111.0,102.0,181.0,57.0,241.0,91.0,8.0,34.0,78.0,76.0,144.0,8.0,98.0,127.0,26.0,28.0,61.0,75.0,265.0,225.0,107.0,8.0,0.0,292.0,9.0,39.0,278.0,54.0,8.0,324.0,16.0,0.0,33.0,307.0,267.0,73.0,187.0,128.0,17.0,8.0,261.0,67.0,12.0,192.0,136.0,12.0,314.0,17.0,9.0,210.0,106.0,17.0,7.0,198.0,142.0,223.0,96.0,20.0,1.0,314.0,23.0,3.0,241.0,96.0,3.0,230.0,108.0,2.0,304.0,34.0,2.0,319.0,18.0,1.0,2.0,35.0,167.0,136.0,2.0,Atingiu a média
70,23545585,2017,1,2,2304,23019,23,2307635,230763505,2,2,2.0,1.0,1.0,0.0,0.0,0.0,0.0,0.0,0.0,0.0,0.0,0.0,0.0,1.0,0.0,0.0,1.0,1.0,0.0,1.0,0.0,0.0,0.0,0.0,1.0,0.0,0.0,1.0,0.0,1.0,0.0,0.0,1.0,1.0,1.0,1.0,0.0,1.0,0.0,1.0,1.0,1.0,0.0,1.0,0.0,0.0,0.0,0.0,0.0,1.0,1.0,1.0,0.0,0.0,1.0,1.0,0.0,1.0,0.0,0.0,0.0,0.0,0.0,0.0,8.0,8.0,1.0,0.0,1.0,0.0,0.0,1.0,0.0,1.0,1.0,1.0,0.0,1.0,1.0,2.0,0.0,2.0,0.0,0.0,1.0,0.0,1.0,2.0,2.0,0.0,1.0,30.0,9.0,21.0,1.0,1.0,29.0,1.0,0.0,0.0,1.0,0.0,0.0,1.0,0.0,0.0,0.0,0.0,1.0,0.0,0.0,0.0,1.0,1.0,1.0,0.0,0.0,0.0,0.0,1.0,0.0,0.0,0.0,0.0,0.0,0.0,0.0,0.0,0.0,0.0,1.0,1.0,0.0,0.0,0.0,0.0,0.0,2.0,4.0,20.0,1.0,1.0,7.0,0.0,0.0,6.0,18.0,5.0,2.0,1.0,3.0,1.0,34.0,1.0,34.0,29.0,6.0,30.0,3.0,2.0,28.0,7.0,0.0,1.0,28.0,6.0,0.0,2.0,17.0,14.0,2.0,0.0,2.0,4.0,14.0,9.0,6.0,34.0,0.0,0.0,0.0,1.0,27.0,7.0,1.0,1.0,18.0,9.0,2.0,1.0,1.0,3.0,32.0,3.0,28.0,7.0,23.0,8.0,4.0,5.0,10.0,4.0,3.0,2.0,0.0,11.0,22.0,13.0,14.0,21.0,11.0,21.0,3.0,35.0,0.0,33.0,2.0,26.0,9.0,33.0,2.0,24.0,11.0,9.0,23.0,3.0,14.0,17.0,4.0,11.0,6.0,4.0,10.0,4.0,7.0,11.0,3.0,6.0,8.0,3.0,32.0,11.0,16.0,8.0,0.0,34.0,0.0,1.0,20.0,13.0,2.0,27.0,4.0,4.0,6.0,29.0,26.0,9.0,14.0,20.0,0.0,1.0,28.0,7.0,0.0,9.0,26.0,0.0,26.0,8.0,1.0,31.0,4.0,0.0,0.0,24.0,11.0,17.0,15.0,2.0,1.0,33.0,1.0,1.0,25.0,9.0,1.0,27.0,7.0,1.0,22.0,12.0,1.0,29.0,5.0,0.0,1.0,7.0,25.0,3.0,0.0,Atingiu a média
71,23223030,2017,1,2,2303,23016,23,2307650,230765005,2,1,2.0,1.0,1.0,0.0,0.0,0.0,0.0,0.0,0.0,0.0,0.0,0.0,0.0,1.0,1.0,0.0,0.0,0.0,0.0,1.0,0.0,0.0,0.0,1.0,0.0,0.0,1.0,0.0,0.0,1.0,0.0,0.0,1.0,1.0,1.0,1.0,0.0,1.0,0.0,1.0,1.0,1.0,0.0,1.0,0.0,0.0,0.0,1.0,0.0,1.0,1.0,1.0,1.0,0.0,0.0,0.0,1.0,1.0,0.0,0.0,0.0,0.0,0.0,0.0,14.0,17.0,1.0,0.0,0.0,0.0,1.0,0.0,1.0,1.0,1.0,1.0,0.0,1.0,1.0,2.0,0.0,0.0,0.0,1.0,0.0,2.0,3.0,2.0,4.0,0.0,1.0,50.0,9.0,40.0,1.0,1.0,60.0,1.0,0.0,0.0,0.0,0.0,0.0,1.0,0.0,0.0,1.0,0.0,1.0,0.0,0.0,0.0,1.0,0.0,0.0,0.0,0.0,0.0,0.0,1.0,0.0,0.0,0.0,0.0,0.0,0.0,0.0,0.0,0.0,0.0,0.0,0.0,0.0,0.0,0.0,0.0,0.0,51.0,33.0,188.0,15.0,4.0,18.0,0.0,8.0,166.0,107.0,25.0,3.0,0.0,0.0,10.0,299.0,7.0,302.0,123.0,186.0,182.0,111.0,16.0,138.0,140.0,31.0,2.0,198.0,109.0,4.0,29.0,165.0,99.0,12.0,0.0,28.0,76.0,123.0,47.0,35.0,294.0,9.0,3.0,3.0,0.0,271.0,25.0,13.0,2.0,31.0,32.0,61.0,132.0,33.0,18.0,303.0,6.0,258.0,51.0,181.0,112.0,16.0,9.0,25.0,33.0,47.0,118.0,16.0,61.0,282.0,27.0,192.0,117.0,155.0,119.0,35.0,305.0,4.0,268.0,41.0,259.0,50.0,298.0,11.0,199.0,110.0,96.0,177.0,36.0,219.0,87.0,3.0,36.0,79.0,71.0,114.0,9.0,100.0,117.0,32.0,29.0,31.0,66.0,243.0,210.0,92.0,7.0,0.0,270.0,3.0,36.0,261.0,43.0,5.0,300.0,9.0,0.0,28.0,281.0,278.0,31.0,171.0,97.0,9.0,32.0,233.0,41.0,35.0,165.0,104.0,40.0,259.0,16.0,34.0,184.0,74.0,18.0,33.0,180.0,129.0,158.0,110.0,26.0,15.0,255.0,29.0,25.0,177.0,108.0,24.0,199.0,87.0,23.0,236.0,50.0,23.0,253.0,33.0,5.0,18.0,46.0,177.0,85.0,1.0,Atingiu a média
72,23068455,2017,1,2,2302,23015,23,2304399,230439962,2,0,1.3846153846153848,1.0,1.153846153846154,0.0,0.0,-4.336808689942018e-19,-4.336808689942018e-19,0.0,0.0,0.0,0.01923076923076919,0.019230769230769242,5.204170427930421e-18,1.0,0.9999999999999999,0.03846153846153841,0.17307692307692313,-8.673617379884035e-19,0.0,1.0,-1.734723475976807e-18,0.0,0.0,0.8846153846153847,0.3653846153846154,0.019230769230769246,1.0,6.938893903907228e-18,-2.0816681711721685e-17,0.11538461538461539,-1.734723475976807e-18,0.03846153846153848,0.9807692307692308,1.0,0.9615384615384616,0.48076923076923084,0.26923076923076916,0.6153846153846154,0.1538461538461538,0.7692307692307693,0.9807692307692307,0.7500000000000001,0.2692307692307692,0.8461538461538461,0.0,0.0,0.038461538461538464,0.7692307692307693,-4.336808689942018e-19,0.5961538461538461,0.28846153846153844,0.9038461538461539,0.44230769230769224,0.19230769230769235,0.846153846153846,0.8653846153846154,0.21153846153846154,0.8269230769230769,0.15384615384615388,0.03846153846153847,0.0,0.15384615384615385,0.01923076923076923,0.0,11.903846153846152,11.134615384615385,0.75,0.019230769230769156,0.38461538461538464,0.07692307692307687,0.5192307692307693,0.326923076923077,0.6538461538461539,0.5192307692307692,0.6153846153846154,0.7115384615384615,0.09615384615384613,0.5,1.0,1.5,0.03846153846153846,0.576923076923077,0.07692307692307693,0.5384615384615384,0.4230769230769232,0.903846153846154,0.6153846153846154,1.3269230769230769,1.4230769230769225,0.09615384615384613,0.8076923076923076,24.076923076923077,5.750000000000001,18.307692307692307,1.0,0.9423076923076922,66.63461538461539,1.0,0.24999999999999994,0.03846153846153845,4.163336342344337e-17,-4.336808689942018e-19,5.204170427930421e-18,1.0,-1.734723475976807e-18,0.019230769230769218,0.5384615384615383,0.019230769230769208,1.0,0.0,0.0,0.09615384615384609,1.0,0.4807692307692307,0.25,-8.673617379884035e-19,-8.673617379884035e-19,-1.0408340855860843e-17,0.7115384615384618,1.0,0.0,-4.336808689942018e-19,0.0,0.0,0.0,0.0,0.0,0.0,0.0,0.11538461538461542,0.42307692307692296,0.25000000000000006,0.09615384615384609,0.0,0.0,0.0,0.0,17.15384615384616,12.346153846153847,70.32692307692311,5.576923076923078,2.596153846153847,7.2115384615384635,0.09615384615384613,1.057692307692307,30.480769230769237,46.269230769230774,18.442307692307693,7.576923076923075,3.5576923076923066,7.730769230769232,3.730769230769231,111.48076923076925,1.4038461538461546,113.80769230769226,51.480769230769226,63.73076923076923,82.86538461538457,29.038461538461537,3.307692307692308,69.63461538461542,38.71153846153846,6.865384615384615,0.5961538461538467,82.38461538461539,32.23076923076923,2.692307692307692,23.096153846153847,59.73076923076921,23.34615384615384,6.3461538461538485,1.1346153846153848,14.365384615384617,26.78846153846154,33.500000000000014,22.384615384615387,17.038461538461533,105.67307692307692,6.999999999999998,1.6153846153846152,0.5961538461538463,0.32692307692307687,91.75,19.30769230769231,4.153846153846155,3.500000000000004,21.09615384615385,20.326923076923084,21.55769230769231,30.07692307692308,4.326923076923075,14.32692307692307,104.90384615384617,10.307692307692298,87.69230769230768,27.51923076923077,56.09615384615387,54.3076923076923,4.807692307692307,5.6923076923077005,17.21153846153846,15.865384615384613,16.0,26.673076923076923,3.5384615384615383,30.23076923076923,97.28846153846153,17.923076923076934,65.65384615384616,49.557692307692285,44.19230769230768,43.57692307692307,27.442307692307693,110.30769230769228,4.903846153846154,99.32692307692307,15.884615384615385,93.01923076923075,22.192307692307693,110.48076923076924,4.730769230769231,69.40384615384615,45.80769230769231,30.76923076923076,65.6346153846154,18.807692307692303,82.15384615384617,29.13461538461538,3.9230769230769242,17.692307692307693,28.461538461538453,21.153846153846153,43.51923076923077,4.384615384615383,37.01923076923077,41.78846153846154,10.288461538461535,10.34615384615385,15.769230769230766,28.30769230769231,86.90384615384616,59.90384615384614,46.153846153846146,7.615384615384617,1.538461538461538,101.24999999999999,2.5769230769230775,11.384615384615387,71.19230769230772,32.30769230769232,11.71153846153846,97.80769230769232,13.076923076923078,4.326923076923077,18.000000000000007,97.21153846153847,94.55769230769232,20.653846153846153,61.8076923076923,45.40384615384617,4.9230769230769225,3.0769230769230775,92.57692307692307,18.096153846153847,4.538461538461538,63.98076923076924,46.250000000000014,4.98076923076923,102.11538461538464,9.346153846153854,3.7499999999999996,92.17307692307692,17.692307692307693,1.8461538461538463,3.4999999999999996,64.46153846153844,50.749999999999986,53.269230769230795,49.86538461538461,8.980769230769232,3.0961538461538463,103.55769230769226,8.48076923076923,3.1730769230769234,79.55769230769234,31.96153846153846,3.6923076923076916,72.42307692307692,39.07692307692307,3.7115384615384617,89.01923076923073,22.596153846153847,3.5961538461538463,88.24999999999997,20.923076923076927,2.5961538461538463,3.4423076923076916,16.500000000000004,60.92307692307691,37.153846153846146,0.6346153846153837,Não Atingiu a média
73,23234523,2017,1,2,2303,23016,23,2307650,230765005,2,1,1.3333333333333333,1.0,2.333333333333333,0.0,0.0,0.0,0.0,0.0,0.0,0.0,0.3333333333333333,6.938893903907228e-18,0.0,1.0,1.0,0.0,0.3333333333333333,0.0,0.0,1.0,0.0,0.0,0.0,0.33333333333333337,0.6666666666666666,0.0,1.0,0.0,6.938893903907228e-18,0.0,0.0,0.0,1.0,0.6666666666666667,1.0,0.33333333333333337,0.0,0.6666666666666666,0.0,0.6666666666666666,1.0,0.33333333333333337,5.551115123125783e-17,0.33333333333333337,0.0,0.0,6.938893903907228e-18,0.6666666666666667,0.0,0.33333333333333337,0.3333333333333333,1.0,5.551115123125783e-17,0.0,0.6666666666666667,1.0,2.7755575615628914e-17,1.0,0.0,0.0,0.0,0.0,3.469446951953614e-18,0.0,8.0,8.666666666666668,0.33333333333333337,0.0,5.551115123125783e-17,0.33333333333333337,0.0,0.0,0.0,0.33333333333333337,0.0,0.33333333333333337,2.7755575615628914e-17,0.33333333333333337,1.0,0.6666666666666667,0.0,0.0,0.33333333333333337,0.0,0.0,0.0,0.33333333333333337,2.220446049250313e-16,0.6666666666666667,2.7755575615628914e-17,0.33333333333333337,27.0,3.666666666666667,15.666666666666668,1.0,1.0,47.66666666666667,1.0,5.551115123125783e-17,3.469446951953614e-18,0.6666666666666666,0.0,0.33333333333333326,0.6666666666666667,0.33333333333333337,0.0,0.0,0.0,1.0,0.0,0.0,3.469446951953614e-18,1.0,1.0,0.6666666666666666,0.3333333333333333,0.3333333333333333,0.3333333333333333,0.3333333333333333,1.0,0.0,0.0,0.0,0.0,0.0,0.0,0.0,0.0,0.0,0.33333333333333337,1.0,0.6666666666666667,3.469446951953614e-18,0.0,0.0,0.0,0.0,13.666666666666668,17.0,93.66666666666667,3.666666666666667,4.333333333333333,8.333333333333334,1.3877787807814457e-17,1.0,40.0,59.333333333333336,17.666666666666668,8.333333333333334,5.333333333333333,9.0,4.333333333333333,136.33333333333334,0.3333333333333335,140.33333333333334,76.0,64.66666666666667,102.0,34.333333333333336,4.333333333333334,93.66666666666667,40.666666666666664,6.333333333333334,0.6666666666666667,101.33333333333333,38.66666666666667,2.6666666666666665,21.333333333333332,76.66666666666667,31.666666666666668,8.333333333333334,1.6666666666666665,13.0,26.0,40.666666666666664,35.0,24.333333333333332,121.66666666666667,15.666666666666668,3.333333333333333,0.0,0.0,116.33333333333333,20.333333333333332,4.0,4.333333333333334,35.666666666666664,24.333333333333332,29.666666666666668,27.0,4.0,15.666666666666668,127.33333333333333,13.333333333333334,111.0,29.666666666666668,78.33333333333333,56.0,6.333333333333333,10.0,26.666666666666668,23.0,21.333333333333332,21.666666666666668,5.333333333333333,32.666666666666664,108.33333333333333,32.333333333333336,84.66666666666667,56.0,70.0,46.666666666666664,24.0,135.66666666666666,5.0,126.0,14.666666666666666,119.66666666666667,21.0,136.66666666666666,4.0,89.66666666666667,51.0,43.666666666666664,76.0,21.0,93.0,43.0,4.666666666666667,31.666666666666668,40.0,20.333333333333332,41.0,7.666666666666666,47.333333333333336,54.0,10.333333333333334,11.0,18.0,39.333333333333336,101.33333333333333,84.0,46.666666666666664,7.333333333333334,2.6666666666666665,134.0,2.0,4.666666666666667,87.33333333333333,43.666666666666664,9.666666666666668,123.0,13.666666666666666,4.0,29.666666666666668,111.0,117.66666666666667,23.0,78.33333333333333,53.0,6.0,3.333333333333333,112.0,25.333333333333332,3.3333333333333335,83.0,53.666666666666664,4.0,123.33333333333333,14.0,3.3333333333333335,112.33333333333333,24.0,1.0,3.3333333333333335,80.33333333333333,60.333333333333336,79.33333333333333,51.0,8.0,2.3333333333333335,128.0,10.333333333333334,2.3333333333333335,101.0,37.666666666666664,2.0,85.0,53.33333333333333,2.3333333333333335,110.33333333333333,28.0,2.3333333333333335,123.33333333333334,14.333333333333334,1.0,2.0,20.0,71.33333333333333,47.333333333333336,2.0,Não Atingiu a média
74,23259162,2017,1,2,2301,23006,23,2302804,230280407,2,1,2.0,1.0,1.0,0.0,0.0,0.0,0.0,0.0,0.0,0.0,0.0,0.0,0.0,1.0,0.5,0.0,1.0,0.0,0.0,1.0,0.0,0.0,0.0,0.5,0.5,0.0,1.0,0.0,0.0,0.0,0.0,0.0,1.0,1.0,1.0,1.0,0.0,1.0,0.0,1.0,1.0,1.0,1.0,1.0,0.0,0.0,0.0,1.0,0.0,1.0,1.0,1.0,1.0,1.0,1.0,1.0,0.5,0.5,0.0,0.0,0.0,0.0,0.5,0.0,8.0,8.0,1.0,0.0,0.5,0.0,0.0,0.0,0.5,1.0,0.5,1.0,0.0,0.5,1.0,1.5,0.0,1.0,0.0,0.0,0.0,0.5,1.0,0.5,2.0,0.0,0.5,40.5,9.5,25.0,1.0,0.5,35.0,1.0,0.0,0.0,0.0,0.0,0.0,1.0,0.0,0.0,0.5,0.0,1.0,0.0,0.0,0.0,1.0,0.0,0.0,0.0,0.0,0.0,0.0,1.0,0.0,0.0,0.0,0.0,0.0,0.0,0.0,0.0,0.0,0.0,0.0,0.0,0.0,0.0,0.0,0.0,0.0,7.0,6.5,44.5,3.0,2.0,6.0,0.0,2.5,16.0,36.5,9.5,3.0,0.5,1.0,0.5,68.5,0.5,68.5,57.5,11.5,59.0,10.0,0.0,59.5,9.0,0.5,1.0,59.5,8.5,0.0,14.0,31.0,19.5,4.5,0.5,4.5,12.5,16.0,20.0,15.5,63.0,5.5,0.5,0.0,0.0,61.0,5.5,2.5,6.5,25.5,11.0,8.5,4.0,2.0,11.5,55.0,14.0,49.0,20.0,40.0,26.5,2.5,12.0,19.5,7.5,3.0,4.0,0.5,22.5,39.5,29.5,25.0,44.0,50.0,16.0,3.0,67.0,2.0,64.5,4.5,59.0,10.0,67.5,1.5,50.0,19.0,23.5,37.5,8.0,43.0,23.0,3.0,22.0,24.0,9.0,12.0,2.0,19.5,22.0,8.0,6.0,13.5,9.5,59.5,41.5,21.0,5.0,1.5,65.5,1.0,2.5,45.5,21.0,2.5,67.0,1.5,0.5,18.5,50.5,59.0,10.0,48.5,17.0,1.5,2.0,59.5,8.5,1.0,32.5,34.5,2.0,57.5,9.5,2.0,58.5,7.5,0.5,2.5,42.0,27.0,39.5,25.5,3.5,0.5,64.0,4.5,0.5,57.5,11.0,0.5,49.5,19.0,0.5,46.5,22.0,0.5,61.5,7.0,0.0,0.5,26.5,35.5,7.0,0.0,Não Atingiu a média
75,23058049,2017,1,2,2302,23015,23,2300980,230098065,2,1,1.6,1.0,1.0,0.0,0.0,-4.336808689942018e-19,-4.336808689942018e-19,0.0,0.0,0.0,0.19999999999999998,-6.938893903907228e-18,0.0,1.0,0.6,0.39999999999999997,0.0,-8.673617379884035e-19,0.0,1.0,-1.734723475976807e-18,0.0,0.0,0.4,0.6,0.0,1.0,0.0,0.19999999999999998,0.0,-1.734723475976807e-18,0.20000000000000004,1.0,0.8,1.0,0.8,-5.551115123125783e-17,0.39999999999999997,0.0,0.39999999999999997,1.0,1.0,0.0,1.0,0.0,0.0,0.2,0.4,-4.336808689942018e-19,0.8,0.4,1.0,0.6,0.0,1.0,0.8,0.4,0.6,0.2,0.0,0.0,0.2,-3.469446951953614e-18,0.0,8.0,9.0,0.20000000000000007,-6.938893903907228e-18,-5.551115123125783e-17,0.2,0.19999999999999996,0.0,0.0,0.4,0.2,0.39999999999999997,0.19999999999999998,0.0,1.0,0.19999999999999996,0.0,0.0,0.4000000000000001,0.19999999999999996,-5.551115123125783e-17,-1.1102230246251565e-16,0.39999999999999997,0.3999999999999999,0.8,0.19999999999999998,-1.1102230246251565e-16,25.6,4.6,20.8,1.0,0.6,42.2,1.0,0.0,0.0,-6.938893903907228e-18,-4.336808689942018e-19,0.0,1.0,-1.734723475976807e-18,0.0,0.19999999999999996,0.0,1.0,0.0,0.0,-3.469446951953614e-18,1.0,0.19999999999999996,0.2,-8.673617379884035e-19,-8.673617379884035e-19,0.0,0.0,1.0,0.0,-4.336808689942018e-19,0.0,0.0,0.0,0.0,0.0,0.0,0.0,0.0,0.19999999999999996,0.2,-3.469446951953614e-18,0.0,0.0,0.0,0.0,17.2,9.0,73.2,4.0,4.2,7.0,0.2,0.6000000000000001,22.400000000000002,50.2,20.6,9.0,4.4,7.2,3.5999999999999996,111.0,0.7999999999999998,113.8,73.8,40.8,88.2,24.0,2.4,85.6,26.0,3.0,1.2,81.8,31.6,1.4,15.399999999999999,64.0,26.4,7.4,0.6000000000000001,12.4,23.2,37.6,21.8,19.0,102.4,7.6,2.6,1.6,0.4,91.8,19.4,3.4,3.8,36.4,18.8,17.4,17.799999999999997,3.1999999999999997,17.2,99.6,15.0,85.6,29.0,62.6,46.2,5.8,8.2,27.6,14.0,13.2,16.6,2.0,33.0,84.0,30.6,58.0,56.6,58.2,39.8,16.6,110.6,4.0,101.8,12.8,95.0,19.6,111.4,3.2,75.4,39.2,35.0,64.2,15.399999999999999,76.0,32.6,6.0,30.6,26.2,15.0,34.8,8.0,33.6,37.4,11.0,13.4,19.2,28.8,85.8,78.6,29.599999999999998,5.3999999999999995,1.0,108.4,0.9999999999999999,5.199999999999999,62.0,36.6,16.0,98.2,11.6,4.8,26.8,87.8,98.6,16.0,67.2,43.4,2.8,1.2,98.2,13.399999999999999,3.0,64.0,47.0,3.6,96.0,15.8,2.8,99.2,12.8,0.19999999999999996,2.4,67.6,47.0,50.8,51.0,10.0,2.8,104.6,6.8,3.2,85.8,25.0,3.8,72.4,38.0,4.2,81.2,30.0,3.4,85.6,20.6,4.800000000000001,3.6,18.0,60.8,34.2,1.5999999999999999,Não Atingiu a média
76,23545652,2017,1,2,2304,23021,23,2305320,230532008,2,2,1.0,1.0,2.0,0.0,0.0,0.0,0.0,0.0,0.0,0.0,0.49999999999999994,0.0,0.0,1.0,0.5,0.5,0.0,0.0,0.0,1.0,0.0,0.0,0.0,0.0,1.0,0.0,1.0,0.0,0.49999999999999994,0.0,0.0,0.0,0.5,0.5,1.0,0.5,0.0,0.5,0.5,1.0,1.0,0.5,0.0,0.5,0.0,0.0,0.0,1.0,0.0,0.5,0.0,0.5,0.5,0.0,1.0,0.5,0.0,1.0,0.0,0.0,0.0,0.0,0.0,0.0,7.0,8.5,1.0,0.0,0.5,0.0,0.0,0.0,0.5,0.5,0.5,0.5,0.5,0.0,1.0,1.5,0.0,0.5,0.0,0.0,0.0,0.5,0.5,0.5,0.5,0.5,0.0,25.0,6.5,18.5,1.0,1.0,43.0,1.0,0.0,0.0,0.0,0.0,0.0,1.0,0.0,0.0,0.5,0.0,1.0,0.0,0.0,0.0,1.0,0.5,0.5,0.0,0.0,0.0,0.0,1.0,0.0,0.0,0.0,0.0,0.0,0.0,0.0,0.0,0.0,0.0,0.5,0.5,0.0,0.0,0.0,0.0,0.0,23.5,10.5,102.5,4.0,2.0,7.0,0.5,1.5,51.5,71.0,13.5,5.5,3.0,3.0,4.0,145.5,3.5,146.0,93.5,56.0,103.5,43.0,3.0,106.0,35.5,8.0,1.0,103.0,45.5,0.5,17.0,76.5,49.0,6.5,1.0,15.0,33.0,50.5,28.5,21.5,135.0,10.0,4.0,0.5,0.0,129.0,16.5,4.0,8.0,37.5,35.5,23.0,24.5,4.5,16.5,128.5,21.0,106.5,43.0,94.5,48.0,7.0,17.0,41.0,25.5,14.0,13.5,2.5,36.0,102.0,47.5,78.5,71.0,87.0,48.0,14.5,146.0,3.5,135.5,14.0,128.5,21.0,146.0,3.5,109.5,40.0,45.0,87.0,17.5,97.5,46.5,5.5,38.0,44.0,21.5,37.5,8.5,50.5,40.0,13.5,16.5,29.0,20.5,129.0,73.0,63.5,10.0,3.0,142.0,3.0,4.5,115.0,30.5,4.0,137.0,11.0,1.5,42.5,107.0,133.0,16.5,105.0,36.0,5.5,3.0,128.0,15.5,6.0,78.0,68.5,3.0,125.5,21.0,3.0,131.5,12.0,3.0,3.0,99.0,50.5,95.0,42.5,8.5,3.5,136.5,9.5,3.5,117.0,29.5,3.0,96.0,49.0,4.5,98.5,47.0,4.0,134.5,10.0,0.5,4.5,16.0,64.5,43.0,26.000000000000004,Não Atingiu a média
77,23254950,2017,1,2,2302,23012,23,2304323,230432355,2,1,1.3333333333333333,1.0,1.1666666666666667,0.0,0.0,0.0,0.0,0.0,0.0,0.0,0.0,0.0,0.0,1.0,1.0,0.16666666666666666,0.3333333333333333,0.0,0.0,1.0,0.0,0.0,0.0,0.33333333333333337,0.8333333333333333,0.0,0.8333333333333334,0.16666666666666669,0.16666666666666663,0.3333333333333333,0.16666666666666669,0.16666666666666669,1.0,0.6666666666666667,0.6666666666666667,0.5,0.16666666666666669,0.8333333333333333,0.0,0.8333333333333334,1.0,0.6666666666666666,0.16666666666666666,0.6666666666666666,0.0,0.0,0.0,0.8333333333333334,0.0,0.3333333333333333,0.3333333333333333,0.8333333333333334,0.5,0.33333333333333337,0.8333333333333334,0.33333333333333337,0.16666666666666666,0.8333333333333334,0.16666666666666669,0.0,0.0,0.0,3.469446951953614e-18,0.0,8.333333333333334,8.333333333333334,0.8333333333333334,0.0,0.6666666666666666,0.16666666666666669,0.6666666666666666,0.33333333333333337,0.8333333333333333,0.5,0.8333333333333333,0.8333333333333334,0.16666666666666666,0.5,1.0,1.6666666666666667,0.0,0.8333333333333334,0.16666666666666669,0.8333333333333333,0.8333333333333333,1.1666666666666667,0.6666666666666667,2.0,3.6666666666666665,0.16666666666666666,0.8333333333333333,26.833333333333332,4.833333333333334,20.666666666666668,1.0,0.49999999999999994,46.5,1.0,0.16666666666666666,0.0,0.5000000000000002,0.0,0.0,1.0,0.0,0.0,0.5,0.0,1.0,0.0,0.0,3.469446951953614e-18,1.0,0.5,0.3333333333333333,0.0,0.0,0.0,0.16666666666666669,1.0,0.0,0.0,0.0,0.0,0.0,0.0,0.0,0.0,0.0,0.33333333333333337,0.5,0.33333333333333337,3.469446951953614e-18,0.0,0.0,0.0,0.0,19.333333333333332,10.0,79.66666666666667,5.5,3.5,8.666666666666666,0.16666666666666666,1.1666666666666667,33.666666666666664,52.833333333333336,17.5,8.5,3.6666666666666665,9.166666666666668,2.8333333333333335,123.83333333333333,2.1666666666666665,124.5,68.5,58.166666666666664,98.66666666666667,26.5,1.5000000000000002,80.66666666666667,41.0,5.0,2.3333333333333335,95.16666666666667,29.166666666666668,1.6666666666666665,15.333333333333334,65.83333333333333,37.0,6.833333333333334,1.1666666666666667,15.333333333333334,29.0,38.5,22.333333333333336,20.333333333333332,114.16666666666667,8.0,3.1666666666666665,0.8333333333333333,0.49999999999999994,101.5,21.0,4.166666666666667,5.666666666666667,31.5,23.166666666666668,20.333333333333332,21.666666666666668,5.0,19.333333333333332,104.83333333333333,21.833333333333332,89.33333333333333,37.333333333333336,69.16666666666667,52.0,5.5,11.666666666666666,26.166666666666668,20.333333333333332,13.166666666666668,15.0,2.6666666666666665,37.666666666666664,87.83333333333333,38.833333333333336,61.833333333333336,64.83333333333333,70.33333333333333,39.333333333333336,17.0,123.0,3.666666666666667,113.66666666666667,13.0,103.33333333333333,23.333333333333332,123.16666666666667,3.5,84.0,42.666666666666664,32.0,75.5,19.166666666666668,80.66666666666667,40.166666666666664,5.833333333333333,22.666666666666668,33.5,24.0,42.0,4.5,38.166666666666664,42.5,13.333333333333334,13.333333333333334,19.333333333333332,26.5,100.16666666666667,62.0,54.0,8.833333333333334,1.8333333333333335,119.33333333333333,0.9999999999999999,6.333333333333334,85.5,29.166666666666668,12.0,109.0,13.833333333333334,3.8333333333333335,26.333333333333336,100.33333333333334,102.5,24.166666666666668,76.16666666666667,43.0,6.0,1.5,105.66666666666667,19.166666666666668,1.8333333333333335,68.66666666666667,55.5,2.5,111.5,13.833333333333334,1.3333333333333335,112.5,11.833333333333334,1.3333333333333335,1.0000000000000002,74.33333333333333,52.333333333333336,68.16666666666667,48.0,9.0,1.5,115.33333333333333,9.666666666666666,1.6666666666666667,97.66666666666667,27.166666666666664,1.8333333333333335,78.66666666666667,45.666666666666664,2.3333333333333335,102.0,23.0,1.6666666666666667,112.0,12.333333333333334,0.8333333333333335,1.5,20.666666666666668,66.83333333333333,37.333333333333336,1.8333333333333333,Não Atingiu a média
78,23134956,2017,1,2,2305,23024,23,2306751,230675155,2,1,1.0,1.0,1.0,0.0,0.0,0.0,0.0,0.0,0.0,0.0,0.0,0.0,0.0,1.0,1.0,0.0,0.0,0.0,0.0,1.0,0.0,0.0,0.0,0.5,0.5,0.0,1.0,0.0,0.0,0.0,0.0,0.0,1.0,1.0,1.0,0.5,1.0,0.5,0.0,0.5,1.0,1.0,0.5,1.0,0.0,0.0,0.0,1.0,0.0,1.0,0.5,1.0,1.0,0.0,1.0,1.0,1.0,1.0,0.0,0.0,0.0,0.0,0.0,0.0,9.5,7.5,1.0,0.5,1.0,0.5,0.5,0.5,1.0,1.0,1.0,1.0,0.5,1.0,1.0,4.0,0.5,3.0,0.5,0.5,0.9999999999999999,3.0,1.5,1.0,2.5,0.5,1.0,29.5,5.5,24.0,1.0,1.0,44.5,1.0,1.0,0.0,0.0,0.0,0.0,1.0,0.0,0.0,1.0,0.0,1.0,0.0,0.0,0.0,1.0,0.5,0.0,0.0,0.0,0.0,0.0,1.0,0.0,0.0,0.0,0.0,0.0,0.0,0.0,0.0,0.0,0.0,0.5,0.0,0.0,0.0,0.0,0.0,0.0,24.0,16.5,80.5,6.5,2.0,6.5,0.0,6.999999999999999,57.0,43.0,15.0,7.0,5.0,2.0,5.0,131.0,3.5,132.5,72.5,63.5,108.0,25.5,2.5,98.5,36.0,1.5,2.0,99.0,35.0,1.0,15.0,67.0,44.0,9.0,2.0,14.5,33.5,44.0,22.5,19.5,123.5,10.0,1.5,1.0,0.0,107.5,21.0,7.5,6.5,37.0,20.0,16.0,30.0,10.5,16.0,117.0,19.0,106.0,30.0,70.0,53.5,12.5,19.0,39.5,14.0,14.5,16.0,3.0,30.0,85.5,50.5,59.5,76.5,85.0,39.0,12.0,131.5,4.5,116.5,19.5,107.0,29.0,128.0,8.0,87.0,49.0,31.0,76.5,28.5,85.5,41.5,9.0,30.0,37.0,17.5,46.5,5.0,37.5,44.0,13.5,16.0,25.0,25.0,111.0,94.5,29.0,11.0,1.5,127.5,1.0,7.5,96.5,31.0,8.5,122.5,12.0,1.5,33.5,102.5,104.5,31.5,65.0,60.0,11.0,0.0,104.0,28.5,3.5,59.0,72.5,4.5,102.5,29.0,4.5,128.0,5.0,1.0,2.0,80.5,55.5,67.5,53.0,15.0,0.5,116.0,18.0,2.0,93.0,41.0,2.0,72.5,60.5,3.0,77.5,55.0,3.5,132.0,2.5,1.0,0.5,20.0,69.5,46.0,0.5,Não Atingiu a média
79,23250938,2017,1,2,2302,23011,23,2300254,230025455,2,1,1.5,1.0,1.0,0.0,0.0,0.0,0.0,0.0,0.0,0.0,0.49999999999999994,0.0,0.0,1.0,1.0,0.0,0.5,0.0,0.0,1.0,0.0,0.0,0.0,1.0,0.5,0.0,1.0,0.0,0.0,0.0,0.0,0.0,1.0,1.0,1.0,1.0,0.5,1.0,0.0,1.0,1.0,0.0,0.0,0.0,0.0,0.0,0.0,0.5,0.0,0.5,0.5,1.0,1.0,0.0,0.5,1.0,1.0,0.5,0.5,0.0,0.0,0.0,0.0,0.0,17.0,17.0,1.0,0.0,0.0,0.0,0.5,0.0,0.5,0.5,1.0,1.0,0.5,0.0,1.0,3.0,0.0,0.0,0.0,0.5,0.0,1.5,0.5,1.5,2.0,0.5,0.0,38.0,3.5,34.5,1.0,1.0,72.5,1.0,0.5,0.0,0.0,0.0,0.0,1.0,0.0,0.0,0.5,0.0,1.0,0.0,0.0,0.0,1.0,0.5,0.5,0.0,0.0,0.0,0.0,1.0,0.0,0.0,0.0,0.0,0.0,0.0,0.0,0.0,0.0,0.0,0.5,0.5,0.0,0.0,0.0,0.0,0.0,44.0,21.0,135.0,9.5,2.5,10.5,0.0,1.5,67.0,100.5,23.0,16.5,5.5,8.5,9.0,213.5,4.0,218.5,146.5,76.0,182.5,33.5,6.5,171.5,47.0,4.0,13.499999999999998,171.5,37.5,1.0,42.0,124.0,43.5,12.0,2.5,26.5,47.5,72.5,44.5,29.0,198.0,20.0,3.0,1.0,0.5,178.5,35.0,9.0,20.0,74.0,37.5,28.5,23.0,7.5,32.0,174.5,48.0,146.5,76.0,127.5,83.5,11.5,45.0,60.49999999999999,24.5,12.0,12.5,4.0,64.0,135.0,87.5,88.5,134.0,152.0,55.0,15.5,215.0,7.5,199.5,23.0,183.5,39.0,215.0,7.5,153.0,69.5,71.0,123.0,28.5,140.5,71.0,11.0,51.5,66.5,42.0,53.0,9.5,67.0,68.0,20.0,25.0,42.5,44.5,178.0,122.5,61.0,32.5,6.5,213.5,1.5,7.5,165.5,47.5,9.5,199.5,12.5,10.5,66.0,156.5,199.0,23.5,154.5,58.5,7.0,2.5,200.0,19.5,3.0,124.5,93.0,5.0,178.5,38.0,6.0,204.0,15.5,1.0,2.0,127.0,95.5,106.0,100.0,14.5,2.0,205.5,15.0,2.0,184.0,37.0,1.5,148.5,72.0,2.0,145.5,73.5,3.5,184.5,33.5,2.5,2.0,45.5,118.5,49.5,9.0,Não Atingiu a média
80,23099380,2017,1,2,2304,23019,23,2307635,230763505,2,1,1.0,1.0,1.0,0.0,0.0,0.0,0.0,0.0,0.0,0.0,0.0,0.0,0.0,1.0,1.0,0.0,0.0,0.0,0.0,1.0,0.0,0.0,0.0,0.0,1.0,0.0,1.0,0.0,0.0,0.0,0.0,0.0,1.0,1.0,1.0,1.0,0.0,1.0,0.0,1.0,1.0,1.0,0.0,1.0,0.0,0.0,0.0,1.0,0.0,0.0,0.0,1.0,1.0,0.0,1.0,1.0,1.0,0.0,1.0,0.0,0.0,0.0,0.0,0.0,7.0,7.0,1.0,0.0,0.0,1.0,1.0,0.0,1.0,1.0,1.0,1.0,0.0,0.0,1.0,16.0,0.0,0.0,1.0,3.0,0.0,3.0,2.0,5.0,4.0,0.0,0.0,42.0,4.0,14.0,1.0,0.0,38.0,1.0,0.0,0.0,0.0,0.0,0.0,1.0,0.0,0.0,0.0,0.0,1.0,0.0,0.0,0.0,1.0,0.0,0.0,0.0,0.0,0.0,0.0,1.0,0.0,0.0,0.0,0.0,0.0,0.0,0.0,0.0,0.0,0.0,0.0,0.0,0.0,0.0,0.0,0.0,0.0,8.0,11.0,90.0,13.0,6.0,13.0,0.0,0.0,46.0,48.0,24.0,8.0,5.0,10.0,3.0,138.0,5.0,136.0,102.0,39.0,110.0,29.0,2.0,85.0,49.0,7.0,2.0,114.0,25.0,1.0,19.0,77.0,33.0,11.0,2.0,12.0,19.0,47.0,35.0,26.0,128.0,9.0,3.0,1.0,0.0,117.0,17.0,7.0,8.0,45.0,25.0,20.0,17.0,7.0,19.0,119.0,22.0,99.0,42.0,75.0,60.0,6.0,14.0,47.0,19.0,9.0,7.0,3.0,42.0,89.0,52.0,52.0,89.0,92.0,35.0,14.0,138.0,3.0,122.0,19.0,120.0,21.0,136.0,5.0,94.0,47.0,29.0,81.0,31.0,93.0,45.0,3.0,21.0,43.0,26.0,45.0,6.0,47.0,45.0,10.0,20.0,19.0,22.0,119.0,74.0,52.0,15.0,0.0,138.0,1.0,2.0,84.0,40.0,17.0,122.0,11.0,8.0,43.0,98.0,122.0,19.0,68.0,64.0,7.0,2.0,117.0,23.0,1.0,74.0,66.0,1.0,128.0,12.0,1.0,97.0,40.0,3.0,1.0,67.0,74.0,37.0,88.0,10.0,6.0,120.0,16.0,5.0,97.0,40.0,4.0,90.0,47.0,4.0,121.0,16.0,4.0,93.0,33.0,12.0,3.0,7.0,61.0,72.0,1.0,Não Atingiu a média
81,23019565,2017,1,2,2301,23005,23,2306108,230610805,2,1,1.0,1.0,1.0,0.0,0.0,0.0,0.0,0.0,0.0,0.0,1.0,0.0,0.0,1.0,1.0,0.0,1.0,0.0,0.0,1.0,0.0,0.0,0.0,1.0,0.0,0.0,1.0,0.0,0.0,0.0,0.0,1.0,1.0,1.0,0.0,0.0,1.0,1.0,0.0,1.0,1.0,0.0,1.0,1.0,0.0,0.0,0.0,1.0,0.0,1.0,0.0,1.0,0.0,1.0,1.0,0.0,0.0,1.0,0.0,0.0,0.0,0.0,0.0,0.0,14.0,14.0,0.0,0.0,0.0,0.0,1.0,0.0,1.0,0.0,0.0,0.0,0.0,0.0,1.0,0.0,0.0,0.0,0.0,1.0,0.0,2.0,0.0,0.0,0.0,0.0,0.0,16.0,6.0,10.0,1.0,1.0,58.0,1.0,1.0,0.0,0.0,0.0,0.0,1.0,0.0,0.0,1.0,0.0,1.0,0.0,0.0,0.0,1.0,1.0,1.0,0.0,0.0,0.0,0.0,1.0,0.0,0.0,0.0,0.0,0.0,0.0,0.0,0.0,0.0,0.0,1.0,1.0,0.0,0.0,0.0,0.0,0.0,20.0,8.0,127.0,9.0,3.0,11.0,0.0,3.0,64.0,75.0,22.0,7.0,3.0,4.0,13.0,165.0,8.0,170.0,148.0,30.0,155.0,19.0,4.0,151.0,25.0,2.0,6.0,147.0,25.0,7.0,34.0,82.0,46.0,9.0,1.0,15.0,32.0,40.0,32.0,58.0,149.0,24.0,3.0,1.0,1.0,145.0,25.0,8.0,11.0,54.0,29.0,25.0,20.0,3.0,36.0,130.0,48.0,127.0,51.0,99.0,73.0,6.0,19.0,48.0,23.0,17.0,9.0,3.0,59.0,112.0,66.0,85.0,93.0,145.0,28.0,5.0,170.0,8.0,165.0,13.0,166.0,12.0,173.0,5.0,134.0,44.0,68.0,96.0,14.0,113.0,56.0,9.0,48.0,47.0,29.0,43.0,11.0,69.0,51.0,15.0,12.0,31.0,25.0,153.0,93.0,58.0,23.0,4.0,175.0,0.0,3.0,129.0,46.0,3.0,156.0,18.0,4.0,51.0,127.0,160.0,18.0,143.0,31.0,2.0,2.0,159.0,17.0,2.0,114.0,63.0,1.0,146.0,31.0,1.0,164.0,12.0,0.0,2.0,105.0,73.0,105.0,61.0,11.0,1.0,167.0,11.0,0.0,141.0,36.0,1.0,125.0,52.0,1.0,127.0,50.0,1.0,164.0,13.0,0.0,1.0,66.0,99.0,12.0,1.0,Não Atingiu a média
82,23462361,2017,1,2,2304,23021,23,2300309,230030905,2,2,1.0,1.0,1.0,0.0,0.0,0.0,0.0,0.0,0.0,0.0,0.0,0.0,0.0,1.0,1.0,1.0,1.0,0.0,0.0,1.0,0.0,0.0,0.0,0.0,1.0,0.0,1.0,1.0,0.0,0.0,0.0,0.0,1.0,1.0,1.0,1.0,0.0,1.0,0.0,1.0,1.0,1.0,0.0,1.0,0.0,0.0,0.0,1.0,0.0,1.0,1.0,1.0,1.0,1.0,1.0,1.0,1.0,1.0,1.0,0.0,0.0,0.0,1.0,0.0,8.0,8.0,1.0,0.0,0.0,0.0,0.0,0.0,0.0,1.0,1.0,1.0,0.0,1.0,1.0,3.0,0.0,0.0,0.0,0.0,0.0,0.0,2.0,3.0,1.0,0.0,2.0,49.0,6.0,36.0,1.0,1.0,32.0,1.0,0.0,0.0,0.0,0.0,0.0,1.0,0.0,0.0,1.0,0.0,1.0,0.0,0.0,0.0,1.0,1.0,1.0,0.0,0.0,0.0,0.0,1.0,0.0,0.0,0.0,0.0,0.0,0.0,0.0,0.0,0.0,0.0,1.0,1.0,0.0,0.0,0.0,0.0,0.0,13.0,1.0,40.0,0.0,0.0,6.0,0.0,0.0,12.0,33.0,9.0,0.0,3.0,3.0,1.0,59.0,1.0,59.0,32.0,28.0,53.0,6.0,1.0,51.0,9.0,0.0,5.0,48.0,7.0,0.0,9.0,36.0,14.0,1.0,0.0,6.0,14.0,25.0,13.0,2.0,56.0,4.0,0.0,0.0,0.0,46.0,9.0,5.0,1.0,18.0,17.0,6.0,7.0,2.0,9.0,51.0,9.0,40.0,20.0,42.0,14.0,4.0,14.0,14.0,13.0,4.0,3.0,0.0,12.0,32.0,28.0,16.0,44.0,35.0,21.0,4.0,58.0,2.0,54.0,6.0,47.0,13.0,58.0,2.0,39.0,21.0,15.0,39.0,6.0,37.0,23.0,0.0,16.0,19.0,10.0,13.0,2.0,18.0,22.0,2.0,6.0,12.0,11.0,49.0,34.0,15.0,10.0,1.0,60.0,0.0,0.0,45.0,11.0,4.0,57.0,3.0,0.0,13.0,47.0,52.0,8.0,39.0,16.0,2.0,3.0,48.0,9.0,3.0,26.0,30.0,4.0,50.0,7.0,3.0,51.0,7.0,0.0,2.0,35.0,25.0,40.0,14.0,3.0,3.0,55.0,2.0,3.0,41.0,15.0,4.0,43.0,13.0,4.0,52.0,5.0,3.0,50.0,7.0,0.0,3.0,14.0,29.0,17.0,0.0,Não Atingiu a média
83,23095881,2017,1,2,2304,23019,23,2301851,230185105,2,1,1.0,1.0,1.0,0.0,0.0,0.0,0.0,0.0,0.0,0.0,1.0,0.0,0.0,1.0,1.0,1.0,0.0,0.0,0.0,1.0,0.0,0.0,0.0,1.0,1.0,0.0,1.0,0.0,0.0,1.0,0.0,0.0,1.0,1.0,1.0,1.0,1.0,1.0,0.0,1.0,1.0,1.0,0.0,1.0,0.0,0.0,0.0,1.0,0.0,1.0,0.0,1.0,1.0,0.0,1.0,1.0,0.0,1.0,0.0,0.0,0.0,0.0,0.0,0.0,10.0,13.0,1.0,0.0,0.0,1.0,0.0,0.0,1.0,1.0,0.0,1.0,0.0,1.0,1.0,3.0,0.0,0.0,1.0,0.0,0.0,4.0,1.0,0.0,5.0,0.0,1.0,23.0,5.0,18.0,1.0,1.0,50.0,1.0,1.0,0.0,0.0,0.0,0.0,1.0,0.0,0.0,0.0,0.0,1.0,0.0,0.0,0.0,1.0,1.0,0.0,0.0,0.0,0.0,0.0,1.0,0.0,0.0,0.0,0.0,0.0,0.0,0.0,0.0,0.0,0.0,1.0,0.0,0.0,0.0,0.0,0.0,0.0,34.0,16.0,113.0,9.0,1.0,7.0,0.0,0.0,58.0,84.0,20.0,12.0,1.0,5.0,4.0,176.0,2.0,178.0,108.0,72.0,143.0,34.0,3.0,132.0,43.0,5.0,5.0,142.0,33.0,3.0,31.0,92.0,43.0,11.0,0.0,16.0,35.0,46.0,37.0,46.0,160.0,15.0,3.0,1.0,1.0,147.0,26.0,7.0,7.0,42.0,38.0,34.0,24.0,14.0,21.0,154.0,26.0,136.0,44.0,118.0,56.0,6.0,16.0,49.0,26.0,25.0,17.0,5.0,42.0,117.0,63.0,79.0,101.0,115.0,44.0,21.0,172.0,8.0,159.0,21.0,149.0,31.0,171.0,9.0,117.0,63.0,52.0,108.0,20.0,113.0,59.0,8.0,42.0,48.0,31.0,54.0,5.0,45.0,66.0,18.0,26.0,25.0,24.0,156.0,99.0,66.0,13.0,2.0,175.0,2.0,3.0,135.0,40.0,5.0,162.0,14.0,4.0,49.0,131.0,155.0,25.0,100.0,70.0,10.0,0.0,157.0,22.0,1.0,95.0,82.0,3.0,158.0,18.0,4.0,150.0,28.0,2.0,0.0,126.0,54.0,97.0,73.0,9.0,1.0,167.0,12.0,1.0,147.0,31.0,2.0,112.0,66.0,2.0,134.0,40.0,6.0,165.0,14.0,0.0,1.0,26.0,107.0,47.0,0.0,Não Atingiu a média
84,23545704,2017,1,2,2306,23027,23,2307403,230740305,2,2,2.0,1.0,1.0,0.0,0.0,0.0,0.0,0.0,0.0,0.0,0.0,0.0,0.0,1.0,1.0,0.0,0.0,0.0,0.0,1.0,0.0,0.0,0.0,0.0,1.0,0.0,1.0,0.0,0.0,0.0,0.0,0.0,1.0,1.0,1.0,1.0,0.0,1.0,0.0,1.0,1.0,0.0,0.0,0.0,0.0,0.0,0.0,1.0,0.0,0.0,0.0,1.0,1.0,0.0,1.0,1.0,0.0,1.0,1.0,0.0,0.0,1.0,0.0,0.0,6.0,6.0,1.0,0.0,0.0,1.0,0.0,0.0,1.0,1.0,0.0,1.0,0.0,1.0,1.0,2.0,0.0,0.0,1.0,0.0,0.0,3.0,1.0,0.0,3.0,0.0,1.0,47.0,11.0,36.0,1.0,1.0,33.0,1.0,0.0,0.0,0.0,0.0,0.0,1.0,0.0,0.0,1.0,0.0,1.0,0.0,0.0,0.0,1.0,1.0,1.0,0.0,0.0,0.0,0.0,1.0,0.0,0.0,0.0,0.0,0.0,0.0,0.0,0.0,0.0,0.0,1.0,1.0,0.0,0.0,0.0,0.0,0.0,20.0,3.0,23.0,0.0,1.0,3.0,0.0,2.0,21.0,14.0,8.0,2.0,0.0,3.0,3.0,47.0,1.0,49.0,34.0,16.0,41.0,8.0,1.0,40.0,9.0,1.0,0.0,43.0,7.0,0.0,8.0,30.0,11.0,1.0,0.0,6.0,8.0,12.0,17.0,7.0,49.0,0.0,0.0,1.0,0.0,39.0,8.0,3.0,2.0,19.0,7.0,3.0,6.0,1.0,12.0,41.0,9.0,38.0,12.0,28.0,19.0,3.0,13.0,6.0,5.0,2.0,0.0,0.0,24.0,30.0,20.0,20.0,30.0,38.0,9.0,3.0,49.0,1.0,46.0,4.0,45.0,5.0,50.0,0.0,41.0,9.0,15.0,21.0,14.0,35.0,11.0,4.0,15.0,9.0,9.0,13.0,4.0,13.0,16.0,3.0,2.0,16.0,11.0,39.0,36.0,13.0,1.0,0.0,48.0,1.0,1.0,37.0,6.0,7.0,43.0,6.0,1.0,8.0,42.0,48.0,2.0,21.0,27.0,2.0,0.0,44.0,6.0,0.0,22.0,28.0,0.0,43.0,7.0,0.0,43.0,7.0,0.0,0.0,33.0,17.0,18.0,27.0,4.0,1.0,43.0,6.0,1.0,43.0,6.0,1.0,35.0,14.0,1.0,42.0,7.0,1.0,40.0,9.0,0.0,1.0,13.0,31.0,6.0,0.0,Não Atingiu a média
85,23138332,2017,1,2,2305,23025,23,2305459,230545990,2,1,1.1428571428571428,1.0,1.0,0.0,0.0,0.0,0.0,0.0,0.0,0.0,0.0,0.0,0.0,1.0,1.0,0.0,0.4285714285714286,0.0,0.0,1.0,0.0,0.0,0.0,0.4285714285714286,0.5714285714285714,0.14285714285714288,1.0,0.14285714285714285,0.14285714285714282,0.0,0.14285714285714288,0.14285714285714288,0.8571428571428572,0.8571428571428572,1.0,0.5714285714285714,0.14285714285714285,0.7142857142857143,0.28571428571428564,0.8571428571428571,1.0,0.7142857142857143,0.42857142857142855,0.7142857142857143,0.0,0.0,0.0,1.0,0.0,0.5714285714285714,0.5714285714285714,1.0,0.857142857142857,0.4285714285714286,1.0,1.0,0.42857142857142855,1.0,0.2857142857142857,0.0,0.0,0.42857142857142855,3.469446951953614e-18,0.0,10.428571428571429,9.428571428571429,0.8571428571428571,0.14285714285714285,0.42857142857142855,0.28571428571428575,0.7142857142857143,0.4285714285714286,0.7142857142857143,0.4285714285714286,0.7142857142857143,0.8571428571428571,0.2857142857142857,0.5714285714285714,1.0,1.4285714285714286,0.14285714285714285,0.5714285714285714,0.4285714285714286,1.0,0.5714285714285714,1.1428571428571428,0.5714285714285714,1.4285714285714286,1.5714285714285716,0.2857142857142857,0.7142857142857143,39.285714285714285,6.857142857142858,31.285714285714285,1.0,0.5714285714285714,46.714285714285715,1.0,0.2857142857142857,0.0,6.938893903907228e-18,0.0,0.0,1.0,0.0,0.0,0.7142857142857143,0.0,1.0,0.0,0.0,3.469446951953614e-18,1.0,0.28571428571428575,0.14285714285714285,0.0,0.0,0.0,5.551115123125783e-17,1.0,0.0,0.0,0.0,0.0,0.0,0.0,0.0,0.0,0.0,1.3877787807814457e-17,0.2857142857142857,0.14285714285714288,3.469446951953614e-18,0.0,0.0,0.0,0.0,26.285714285714285,12.571428571428571,85.71428571428571,5.714285714285714,1.857142857142857,5.2857142857142865,0.14285714285714282,3.1428571428571423,42.57142857142857,48.85714285714286,22.142857142857142,9.714285714285714,4.571428571428571,6.2857142857142865,5.285714285714286,132.14285714285714,1.4285714285714284,136.0,86.57142857142857,50.85714285714286,113.0,21.714285714285715,2.7142857142857144,101.28571428571428,33.0,3.1428571428571432,1.7142857142857144,112.14285714285714,23.57142857142857,1.5714285714285714,25.142857142857142,76.85714285714286,28.285714285714285,5.571428571428571,0.7142857142857142,16.0,31.57142857142857,40.57142857142857,30.0,18.571428571428573,125.42857142857143,9.142857142857142,2.4285714285714284,0.4285714285714286,-5.551115123125783e-17,112.85714285714286,19.0,5.571428571428571,8.857142857142858,39.85714285714286,22.714285714285715,18.857142857142858,20.714285714285715,9.0,17.428571428571427,110.28571428571429,27.142857142857142,98.57142857142857,38.857142857142854,82.28571428571429,49.57142857142857,5.571428571428571,19.57142857142857,35.14285714285714,18.714285714285715,13.285714285714286,14.142857142857144,2.428571428571429,34.142857142857146,89.28571428571429,48.14285714285714,63.85714285714286,73.57142857142857,88.28571428571428,36.57142857142857,12.571428571428573,133.28571428571428,4.142857142857143,124.42857142857143,13.0,119.57142857142857,17.857142857142858,132.42857142857142,5.0,101.57142857142857,35.85714285714286,45.714285714285715,74.71428571428571,17.0,94.57142857142857,37.714285714285715,5.142857142857143,32.285714285714285,36.142857142857146,21.0,42.285714285714285,5.7142857142857135,42.42857142857143,42.142857142857146,12.857142857142858,13.428571428571429,26.57142857142857,21.285714285714285,116.14285714285714,81.71428571428571,40.85714285714286,12.714285714285714,2.142857142857143,127.0,1.5714285714285714,8.857142857142858,94.85714285714286,30.142857142857142,12.428571428571429,123.57142857142857,10.428571428571429,3.428571428571429,36.285714285714285,101.14285714285714,117.57142857142857,19.857142857142858,87.57142857142857,43.85714285714286,4.571428571428571,1.4285714285714286,122.85714285714286,11.714285714285715,2.857142857142857,78.42857142857143,55.42857142857143,3.5714285714285716,119.71428571428571,14.857142857142858,2.857142857142857,119.14285714285714,15.285714285714286,1.8571428571428572,1.142857142857143,89.14285714285714,48.285714285714285,75.85714285714286,50.42857142857143,9.428571428571429,1.7142857142857144,126.57142857142857,9.142857142857142,1.7142857142857144,117.42857142857143,18.142857142857142,1.8571428571428572,91.85714285714286,42.857142857142854,2.7142857142857144,101.0,33.285714285714285,3.142857142857143,119.14285714285714,15.857142857142858,1.2857142857142856,1.142857142857143,29.714285714285715,77.0,30.142857142857146,0.5714285714285716,Não Atingiu a média
86,23150562,2017,1,2,2306,23028,23,2304293,230429305,2,1,1.3333333333333333,1.0,1.0,0.0,0.0,0.0,0.0,0.0,0.0,0.0,0.3333333333333333,0.3333333333333333,0.0,1.0,1.0,0.0,0.6666666666666666,0.0,0.0,1.0,0.0,0.0,0.0,0.33333333333333337,1.0,0.0,1.0,0.0,0.3333333333333333,0.0,0.0,0.0,1.0,1.0,1.0,0.6666666666666666,0.0,0.6666666666666666,0.0,0.6666666666666666,1.0,1.0,0.3333333333333333,1.0,0.0,0.0,6.938893903907228e-18,0.6666666666666667,0.0,0.33333333333333337,0.0,1.0,0.6666666666666666,0.0,1.0,1.0,2.7755575615628914e-17,1.0,0.6666666666666667,0.0,0.0,0.0,3.469446951953614e-18,0.0,7.333333333333334,7.666666666666667,1.0,0.0,0.6666666666666666,0.6666666666666667,0.0,0.0,1.0,0.6666666666666666,0.6666666666666666,1.0,2.7755575615628914e-17,0.6666666666666666,1.0,2.333333333333333,0.0,1.6666666666666667,1.0,0.0,0.0,1.6666666666666667,1.6666666666666665,1.0,2.666666666666667,2.7755575615628914e-17,0.6666666666666666,32.333333333333336,8.0,24.333333333333332,1.0,1.0,40.66666666666667,1.0,5.551115123125783e-17,0.3333333333333333,6.938893903907228e-18,0.0,0.0,1.0,0.0,0.0,0.6666666666666666,0.0,1.0,0.0,0.0,3.469446951953614e-18,1.0,0.6666666666666666,0.0,0.0,0.0,3.469446951953614e-18,0.3333333333333333,1.0,0.0,0.0,0.0,0.0,0.0,0.0,0.0,0.0,0.0,0.0,0.6666666666666666,0.0,3.469446951953614e-18,0.0,0.0,0.0,0.0,18.0,5.666666666666667,40.0,5.666666666666667,1.3333333333333335,4.666666666666667,0.6666666666666666,3.666666666666667,31.0,24.000000000000004,7.333333333333334,2.333333333333334,1.3333333333333335,5.0,1.0,74.33333333333334,4.440892098500626e-16,75.33333333333334,50.0,25.333333333333336,62.66666666666667,12.0,0.6666666666666665,51.66666666666667,20.0,3.666666666666667,2.0,63.333333333333336,10.0,1.6666666666666667,7.666666666666668,44.0,19.333333333333336,2.666666666666667,0.0,7.000000000000001,17.666666666666664,26.0,12.666666666666668,12.0,69.66666666666667,5.0,0.666666666666667,0.0,0.0,65.0,8.333333333333332,2.0,3.3333333333333335,19.666666666666668,12.000000000000002,8.333333333333332,14.333333333333334,8.666666666666666,9.0,64.0,11.333333333333334,56.33333333333334,19.0,47.0,26.66666666666667,1.666666666666667,10.333333333333334,20.333333333333336,9.333333333333334,7.666666666666668,6.000000000000002,3.3333333333333335,18.333333333333336,47.0,28.333333333333336,35.333333333333336,40.0,40.333333333333336,25.0,10.0,73.0,2.3333333333333335,68.0,7.333333333333334,63.666666666666664,11.666666666666668,73.0,2.3333333333333335,53.66666666666667,21.666666666666668,18.333333333333336,47.66666666666667,9.333333333333334,39.66666666666667,29.666666666666668,6.0,18.666666666666668,21.0,13.666666666666668,17.000000000000004,5.0,19.0,23.0,7.0,10.666666666666668,15.666666666666668,12.333333333333332,63.0,53.66666666666667,15.333333333333336,5.0,1.3333333333333335,72.0,0.6666666666666667,2.666666666666667,53.66666666666667,13.0,8.666666666666668,68.66666666666667,4.333333333333334,2.3333333333333335,22.666666666666668,52.666666666666664,60.0,15.333333333333334,50.66666666666667,23.0,1.0,0.6666666666666667,65.66666666666667,9.333333333333334,0.3333333333333335,39.333333333333336,34.66666666666667,1.3333333333333335,59.00000000000001,15.0,1.3333333333333333,68.33333333333334,5.666666666666668,1.0,0.3333333333333335,43.333333333333336,32.0,40.0,30.666666666666664,4.333333333333334,0.3333333333333335,68.66666666666667,6.333333333333334,0.33333333333333326,64.66666666666667,10.333333333333336,0.3333333333333335,47.0,27.666666666666668,0.6666666666666665,52.66666666666667,22.0,0.666666666666667,62.33333333333333,11.0,1.3333333333333335,0.666666666666667,14.0,41.66666666666667,19.333333333333336,0.3333333333333335,Não Atingiu a média
87,23062086,2017,1,2,2302,23015,23,2303652,230365232,2,1,1.3636363636363635,1.0,1.0,0.0,0.0,-4.336808689942018e-19,-4.336808689942018e-19,0.0,0.0,0.0,0.1818181818181818,0.09090909090909094,-3.469446951953614e-18,1.0,0.8181818181818181,0.3636363636363636,0.4545454545454546,-8.673617379884035e-19,0.0,1.0,-1.734723475976807e-18,0.0,0.0,0.6363636363636364,0.45454545454545453,6.938893903907228e-18,1.0,6.938893903907228e-18,6.938893903907228e-18,0.0,-1.734723475976807e-18,6.938893903907228e-18,1.0,1.0,0.9090909090909091,0.6363636363636364,0.18181818181818182,0.5454545454545454,0.09090909090909091,0.6363636363636364,1.0,0.2727272727272729,0.09090909090909086,0.3636363636363636,0.0,0.0,-6.938893903907228e-18,0.7272727272727273,-4.336808689942018e-19,0.6363636363636364,0.09090909090909091,1.0,0.18181818181818177,0.09090909090909091,1.0,0.8181818181818182,0.09090909090909091,0.9090909090909091,0.09090909090909088,-3.469446951953614e-18,0.0,0.18181818181818182,0.0,0.0,10.363636363636363,11.0,0.7272727272727273,-6.938893903907228e-18,0.5454545454545454,0.2727272727272727,0.36363636363636365,0.3636363636363637,0.5454545454545454,0.5454545454545454,0.5454545454545455,0.7272727272727273,2.7755575615628914e-17,0.36363636363636365,1.0,1.6363636363636365,0.0,0.7272727272727273,0.27272727272727276,0.36363636363636365,0.5454545454545454,0.6363636363636365,1.0,1.7272727272727273,1.6363636363636362,2.7755575615628914e-17,0.3636363636363636,26.454545454545453,5.0,19.0,1.0,0.9090909090909091,61.72727272727273,1.0,0.1818181818181818,3.469446951953614e-18,0.0,0.0909090909090909,-3.469446951953614e-18,0.9090909090909091,-1.734723475976807e-18,-3.469446951953614e-18,0.7272727272727273,0.0909090909090909,1.0,0.0,0.0,0.0,1.0,0.5454545454545454,0.36363636363636365,-8.673617379884035e-19,-8.673617379884035e-19,3.469446951953614e-18,0.09090909090909097,1.0,0.0,-4.336808689942018e-19,0.0,0.0,0.0,0.0,0.0,0.0,0.0,1.3877787807814457e-17,0.5454545454545454,0.3636363636363637,0.0,0.0,0.0,0.0,0.0,29.54545454545455,15.90909090909091,142.1818181818182,8.454545454545457,9.0,12.000000000000002,-1.3877787807814457e-17,0.9090909090909092,65.90909090909092,87.72727272727273,33.63636363636364,12.909090909090908,5.2727272727272725,10.727272727272728,6.0,211.0909090909091,3.454545454545454,213.6363636363636,122.36363636363637,94.72727272727275,157.63636363636363,52.72727272727272,6.727272727272727,151.27272727272725,57.272727272727266,8.545454545454547,1.5454545454545454,152.8181818181818,62.72727272727272,3.0,30.63636363636364,112.36363636363637,57.90909090909091,13.181818181818183,1.1818181818181819,19.27272727272727,49.27272727272728,62.72727272727273,46.54545454545455,38.090909090909086,194.4545454545455,15.727272727272725,4.818181818181818,1.727272727272727,0.36363636363636354,180.2727272727273,30.363636363636367,6.454545454545454,7.7272727272727275,50.00000000000001,37.63636363636364,38.54545454545455,45.727272727272734,7.181818181818182,30.27272727272727,192.27272727272728,24.81818181818182,165.8181818181818,51.27272727272727,118.54545454545453,89.72727272727272,8.818181818181818,14.636363636363637,40.272727272727266,32.72727272727273,26.63636363636364,38.0,4.545454545454546,60.27272727272727,170.27272727272728,46.81818181818181,121.0909090909091,95.99999999999999,103.27272727272727,79.72727272727272,34.09090909090909,210.36363636363635,6.727272727272728,193.72727272727272,23.363636363636363,184.09090909090912,33.0,209.0,8.090909090909092,138.72727272727272,78.36363636363636,61.09090909090908,122.1818181818182,33.81818181818181,146.81818181818184,60.54545454545455,9.72727272727273,42.909090909090914,58.363636363636374,33.90909090909091,70.63636363636363,11.272727272727273,69.81818181818181,77.0909090909091,19.909090909090907,19.09090909090909,31.18181818181818,39.909090909090914,177.18181818181816,144.8181818181818,60.54545454545454,8.909090909090908,2.8181818181818183,202.0,2.909090909090909,12.181818181818182,145.81818181818184,53.63636363636365,17.636363636363633,192.09090909090907,19.181818181818183,5.8181818181818175,39.90909090909091,177.1818181818182,179.63636363636365,37.45454545454545,127.81818181818181,79.90909090909092,5.909090909090908,3.454545454545455,180.54545454545453,32.90909090909091,3.6363636363636362,117.0909090909091,95.00000000000001,5.0,185.45454545454547,27.636363636363633,4.0,189.0,22.454545454545457,2.6363636363636367,3.0000000000000004,129.36363636363637,87.72727272727272,127.27272727272728,75.9090909090909,11.81818181818182,2.090909090909091,198.7272727272727,15.18181818181818,3.1818181818181825,160.1818181818182,53.54545454545455,3.3636363636363638,132.1818181818182,81.54545454545453,3.363636363636364,163.63636363636363,50.18181818181819,3.272727272727273,197.45454545454547,15.454545454545455,1.5454545454545454,2.6363636363636362,36.18181818181818,108.54545454545455,71.09090909090908,1.2727272727272725,Não Atingiu a média
88,23462345,2017,1,2,2303,23016,23,2303709,230370905,2,2,1.0,1.0,1.0,0.0,0.0,0.0,0.0,0.0,0.0,0.0,1.0,0.0,0.0,0.0,1.0,0.0,0.0,0.0,0.0,1.0,0.0,0.0,0.0,0.0,1.0,0.0,1.0,0.0,0.0,0.0,0.0,0.0,0.0,0.0,1.0,1.0,0.0,0.0,0.0,0.0,0.0,1.0,0.0,1.0,0.0,0.0,0.0,1.0,0.0,0.0,0.0,1.0,0.0,0.0,0.0,1.0,0.0,0.0,0.0,0.0,0.0,0.0,0.0,0.0,6.0,8.0,1.0,0.0,0.0,0.0,1.0,0.0,0.0,1.0,1.0,1.0,0.0,0.0,1.0,1.0,0.0,0.0,0.0,1.0,0.0,0.0,1.0,2.0,2.0,0.0,0.0,13.0,3.0,10.0,1.0,1.0,47.0,1.0,0.0,0.0,0.0,0.0,0.0,1.0,0.0,0.0,0.0,0.0,1.0,0.0,0.0,0.0,1.0,1.0,1.0,0.0,0.0,0.0,0.0,1.0,0.0,0.0,0.0,0.0,0.0,0.0,0.0,0.0,0.0,0.0,1.0,1.0,0.0,0.0,0.0,0.0,0.0,17.0,10.0,72.0,3.0,5.0,7.0,0.0,1.0,30.0,54.0,15.0,4.0,3.0,7.0,3.0,111.0,5.0,109.0,80.0,34.0,88.0,22.0,4.0,89.0,23.0,2.0,0.0,85.0,29.0,1.0,24.0,46.0,33.0,10.0,3.0,8.0,22.0,26.0,29.0,26.0,106.0,7.0,0.0,0.0,1.0,94.0,20.0,0.0,5.0,35.0,11.0,10.0,20.0,9.0,24.0,95.0,19.0,87.0,27.0,62.0,47.0,5.0,15.0,25.0,11.0,10.0,13.0,4.0,36.0,73.0,41.0,47.0,67.0,77.0,30.0,7.0,110.0,4.0,100.0,14.0,100.0,14.0,110.0,4.0,74.0,40.0,29.0,71.0,14.0,70.0,38.0,6.0,29.0,33.0,16.0,30.0,6.0,40.0,34.0,9.0,9.0,22.0,20.0,94.0,79.0,25.0,10.0,0.0,112.0,0.0,2.0,81.0,25.0,8.0,99.0,9.0,6.0,29.0,85.0,96.0,18.0,53.0,58.0,3.0,0.0,96.0,17.0,1.0,62.0,49.0,3.0,98.0,15.0,1.0,92.0,22.0,0.0,0.0,87.0,27.0,54.0,57.0,2.0,1.0,111.0,2.0,1.0,90.0,24.0,0.0,70.0,42.0,2.0,69.0,44.0,1.0,99.0,14.0,0.0,1.0,6.0,51.0,48.0,9.0,Não Atingiu a média
89,23236299,2017,1,2,2303,23015,23,2305489,230548938,2,1,1.3333333333333333,1.0,1.0,0.0,0.0,0.0,0.0,0.0,0.0,0.0,0.33333333333333326,6.938893903907228e-18,0.0,1.0,1.0,0.0,0.3333333333333333,0.0,0.0,1.0,0.0,0.0,0.0,0.33333333333333337,1.0,0.0,1.0,0.0,6.938893903907228e-18,0.0,0.0,0.0,0.6666666666666667,1.0,1.0,0.6666666666666666,0.3333333333333333,0.6666666666666666,0.0,0.6666666666666666,1.0,0.6666666666666666,0.3333333333333333,0.6666666666666666,0.0,0.0,6.938893903907228e-18,0.6666666666666667,0.0,1.1102230246251565e-16,0.3333333333333333,1.0,0.6666666666666666,0.0,1.0,1.0,0.33333333333333326,0.6666666666666667,0.0,0.0,0.0,0.0,3.469446951953614e-18,0.0,7.666666666666667,7.666666666666667,1.0,0.3333333333333333,0.3333333333333333,0.6666666666666667,0.6666666666666666,1.0,1.0,0.33333333333333337,1.0,0.6666666666666666,0.33333333333333337,0.6666666666666666,1.0,3.333333333333333,0.6666666666666666,1.3333333333333335,1.0,0.6666666666666666,1.6666666666666665,2.3333333333333335,0.33333333333333337,4.0,1.0,0.33333333333333337,1.0,22.333333333333336,9.333333333333334,13.0,1.0,0.33333333333333337,42.0,1.0,0.3333333333333333,3.469446951953614e-18,6.938893903907228e-18,0.0,0.0,1.0,0.0,0.0,0.33333333333333337,0.0,1.0,0.0,0.0,3.469446951953614e-18,1.0,0.6666666666666666,0.0,0.0,0.0,3.469446951953614e-18,0.0,1.0,0.0,0.0,0.0,0.0,0.0,0.0,0.0,0.0,0.0,0.0,0.6666666666666666,0.0,3.469446951953614e-18,0.0,0.0,0.0,0.0,41.0,11.666666666666666,102.33333333333333,8.0,6.0,5.0,1.3877787807814457e-17,4.666666666666666,57.333333333333336,78.0,24.333333333333332,2.333333333333334,2.0,5.333333333333334,4.0,170.0,1.3333333333333335,172.66666666666666,103.66666666666666,70.33333333333333,142.33333333333331,28.0,3.6666666666666665,105.33333333333333,62.666666666666664,6.0,2.3333333333333335,134.33333333333331,37.333333333333336,2.0,22.666666666666668,91.33333333333333,50.666666666666664,7.333333333333333,1.0,20.333333333333332,43.0,57.0,32.666666666666664,20.0,158.33333333333331,11.666666666666666,3.333333333333333,0.6666666666666666,0.0,144.0,24.0,6.0,11.0,46.666666666666664,31.666666666666664,26.0,32.0,9.0,17.666666666666668,153.0,21.0,125.66666666666666,48.33333333333333,103.33333333333333,64.0,6.666666666666666,21.0,47.0,28.0,16.0,21.333333333333332,3.0,37.666666666666664,128.33333333333334,45.666666666666664,84.33333333333333,89.66666666666666,130.0,32.66666666666667,11.333333333333334,169.66666666666666,4.333333333333333,158.33333333333331,15.666666666666668,147.33333333333334,26.666666666666664,170.66666666666666,3.3333333333333335,118.33333333333333,55.666666666666664,44.0,104.0,26.0,115.33333333333333,51.0,7.666666666666666,27.0,52.33333333333333,28.666666666666664,58.66666666666666,7.333333333333333,52.33333333333333,60.333333333333336,13.0,17.666666666666668,30.666666666666664,31.0,143.0,108.33333333333333,54.0,10.0,1.6666666666666667,164.66666666666666,2.333333333333333,7.0,131.0,33.333333333333336,9.666666666666668,164.0,9.0,1.0000000000000004,35.333333333333336,138.66666666666669,149.66666666666669,24.333333333333332,103.66666666666666,64.0,6.0,0.3333333333333335,155.0,18.0,1.0,90.33333333333333,82.0,1.666666666666667,154.0,19.666666666666668,0.3333333333333335,161.0,12.0,0.6666666666666667,0.3333333333333335,98.66666666666666,75.33333333333333,85.33333333333333,73.66666666666667,13.333333333333334,1.6666666666666667,157.66666666666666,14.666666666666666,1.6666666666666667,136.0,36.0,2.0,122.66666666666666,49.333333333333336,2.0,139.66666666666666,31.666666666666668,2.6666666666666665,149.33333333333334,21.0,2.0,1.6666666666666667,26.333333333333332,88.33333333333333,56.33333333333333,3.0,Não Atingiu a média
90,23168011,2017,1,2,2307,23032,23,2307277,230727705,2,1,1.4545454545454546,1.0,1.0,0.0,0.0,-4.336808689942018e-19,-4.336808689942018e-19,0.0,0.0,0.0,-2.7755575615628914e-17,-6.938893903907228e-18,-3.469446951953614e-18,1.0,0.9090909090909091,0.18181818181818177,0.45454545454545453,-8.673617379884035e-19,0.0,1.0,-1.734723475976807e-18,0.0,0.0,0.7272727272727273,0.7272727272727273,6.938893903907228e-18,1.0,6.938893903907228e-18,6.938893903907228e-18,0.0,-1.734723475976807e-18,0.09090909090909094,0.9090909090909091,1.0,1.0,0.7272727272727273,0.6363636363636364,0.8181818181818181,0.09090909090909091,0.8181818181818182,1.0,0.6363636363636364,0.18181818181818177,0.6363636363636364,0.0,0.0,0.27272727272727276,0.9090909090909091,-4.336808689942018e-19,0.7272727272727273,0.2727272727272727,0.9090909090909091,0.45454545454545453,0.3636363636363637,1.0,0.9090909090909091,0.18181818181818182,0.8181818181818182,0.7272727272727274,-3.469446951953614e-18,0.0,0.2727272727272727,0.0,0.0,12.636363636363637,11.636363636363637,0.9090909090909091,0.09090909090909091,0.8181818181818181,0.6363636363636364,0.6363636363636364,0.09090909090909091,0.7272727272727273,0.8181818181818182,1.0,0.9090909090909091,0.1818181818181818,0.8181818181818183,1.0,1.6363636363636365,0.09090909090909091,1.272727272727273,0.6363636363636365,0.6363636363636364,0.09090909090909088,1.0,1.1818181818181819,0.9999999999999998,3.181818181818181,0.1818181818181818,0.9999999999999999,29.0,8.545454545454547,18.818181818181817,1.0,1.0,70.36363636363637,1.0,0.6363636363636362,3.469446951953614e-18,0.0,-4.336808689942018e-19,-3.469446951953614e-18,1.0,-1.734723475976807e-18,-3.469446951953614e-18,0.8181818181818181,-3.469446951953614e-18,1.0,0.0,0.0,0.0,1.0,0.5454545454545454,0.2727272727272727,-8.673617379884035e-19,-8.673617379884035e-19,3.469446951953614e-18,0.18181818181818185,1.0,0.0,0.09090909090909087,0.0,0.0,0.0,0.0,0.0,0.0,0.0,0.18181818181818185,0.5454545454545454,0.18181818181818182,0.0,0.0,0.0,0.0,0.0,30.72727272727273,21.545454545454547,105.54545454545455,8.545454545454547,3.3636363636363638,10.818181818181818,0.2727272727272727,1.9090909090909092,52.54545454545455,69.36363636363636,27.727272727272727,12.727272727272727,6.2727272727272725,9.727272727272727,5.0,175.54545454545456,2.3636363636363638,178.1818181818182,108.45454545454545,72.0909090909091,140.72727272727272,35.90909090909091,3.909090909090909,108.27272727272727,62.454545454545446,9.818181818181818,2.6363636363636367,134.27272727272728,43.63636363636364,1.636363636363636,22.363636363636363,106.63636363636364,43.0,6.909090909090909,1.4545454545454546,18.636363636363637,32.54545454545455,51.63636363636364,42.45454545454545,33.81818181818181,165.36363636363637,10.818181818181818,2.8181818181818183,0.9090909090909092,0.6363636363636362,148.0,27.363636363636367,5.181818181818182,10.272727272727273,46.81818181818182,27.727272727272727,26.81818181818182,38.27272727272728,8.545454545454545,22.090909090909093,155.9090909090909,24.636363636363637,130.8181818181818,49.72727272727273,101.63636363636363,73.72727272727272,5.181818181818182,16.363636363636363,37.63636363636363,26.27272727272727,22.181818181818183,26.727272727272727,3.1818181818181817,48.18181818181818,136.36363636363637,44.18181818181818,90.63636363636364,89.9090909090909,97.9090909090909,56.72727272727273,25.90909090909091,174.27272727272725,6.272727272727273,159.0,21.545454545454547,152.1818181818182,28.363636363636363,175.1818181818182,5.363636363636363,121.36363636363636,59.18181818181818,47.09090909090909,107.18181818181819,26.272727272727273,113.0909090909091,58.72727272727272,8.727272727272728,39.54545454545455,47.909090909090914,29.454545454545453,54.81818181818181,8.818181818181818,57.45454545454545,57.81818181818183,14.636363636363637,20.454545454545453,30.18181818181818,42.909090909090914,137.63636363636363,125.27272727272728,41.63636363636363,10.909090909090908,2.7272727272727275,166.36363636363635,2.4545454545454546,11.727272727272727,114.18181818181819,47.81818181818182,18.545454545454543,154.8181818181818,19.272727272727273,6.454545454545455,43.81818181818181,136.72727272727275,151.45454545454547,29.090909090909093,114.9090909090909,59.63636363636364,4.363636363636363,1.6363636363636362,150.45454545454544,26.454545454545453,3.6363636363636362,105.0909090909091,71.54545454545455,3.909090909090909,157.72727272727272,19.90909090909091,2.909090909090909,156.27272727272728,20.545454545454547,1.7272727272727273,2.0,106.72727272727273,73.81818181818181,105.9090909090909,64.63636363636364,8.727272727272727,1.2727272727272727,167.8181818181818,11.545454545454545,1.181818181818182,137.36363636363635,41.18181818181818,2.0,125.54545454545455,52.36363636363636,2.6363636363636367,139.27272727272728,39.18181818181818,2.090909090909091,164.36363636363637,12.81818181818182,2.3636363636363638,0.9999999999999998,30.545454545454543,94.0909090909091,54.81818181818182,1.0909090909090908,Não Atingiu a média
91,23545465,2017,1,2,2302,23008,23,2306553,230655330,2,1,1.5,1.0,1.0,0.0,0.0,0.0,0.0,0.0,0.0,0.0,0.0,0.0,0.25,1.0,0.5,0.5,0.75,0.0,0.0,1.0,0.0,0.0,0.0,0.25,0.75,0.25,0.75,0.25,0.0,0.0,0.25,0.0,0.75,1.0,0.75,0.5,0.0,0.75,0.0,0.75,1.0,0.75,0.25,1.0,0.0,0.0,0.25,1.0,0.0,0.75,0.25,0.75,0.25,0.5,0.75,1.0,0.25,0.75,0.25,0.25,0.0,0.25,0.0,0.0,9.25,9.25,0.5,0.0,0.25,0.0,0.0,0.0,0.25,0.25,0.25,0.5,0.0,0.25,1.0,1.0,0.0,0.25,0.0,0.0,0.0,0.75,0.25,0.5,0.75,0.0,0.25,18.25,4.75,14.5,1.0,0.5,29.75,1.0,0.0,0.0,0.75,0.0,0.0,1.0,0.0,0.0,0.5,0.0,1.0,0.0,0.0,0.0,1.0,0.0,0.0,0.0,0.0,0.0,0.0,1.0,0.0,0.0,0.0,0.0,0.0,0.0,0.0,0.0,0.0,0.0,0.0,0.0,0.0,0.0,0.0,0.0,0.0,7.25,4.0,38.25,2.5,2.5,4.5,0.24999999999999997,2.0,23.25,23.5,4.75,2.0,1.25,2.0,6.0,53.0,2.25,56.75,48.25,10.75,50.5,7.75,0.75,50.0,7.75,1.25,1.5,45.0,12.5,0.75,4.75,23.25,22.25,8.0,0.0,3.0,8.75,14.0,14.25,19.0,56.5,1.75,0.5,0.25,0.0,51.5,6.0,1.5,4.0,15.0,9.5,7.75,7.0,3.25,12.5,47.75,11.25,44.75,14.25,42.75,14.0,2.25,6.5,13.0,9.25,6.25,2.25,1.25,20.5,38.5,20.5,32.0,27.0,35.75,19.75,3.5,57.75,1.25,53.0,6.0,52.25,6.75,57.25,1.75,42.75,16.25,20.0,35.5,3.5,31.0,22.75,5.25,16.5,18.5,7.25,10.5,6.25,21.5,16.75,4.5,6.75,9.5,6.5,52.5,40.0,14.25,3.5,1.25,57.25,0.5,1.25,43.0,13.25,2.75,54.5,4.0,0.5,18.75,40.25,48.75,10.25,33.0,22.75,1.25,2.0,52.0,6.25,0.75,33.75,24.0,1.25,46.0,12.0,1.0,45.25,11.5,0.75,1.5,33.0,26.0,26.5,28.0,3.5,1.0,54.0,3.75,1.25,48.75,8.75,1.5,39.75,17.5,1.75,37.25,20.25,1.5,46.25,11.75,0.25,0.75,29.5,26.5,3.0,0.0,Não Atingiu a média
92,23018178,2017,1,2,2301,23005,23,2303105,230310505,2,1,1.0,1.0,1.0,0.0,0.0,0.0,0.0,0.0,0.0,0.0,0.0,0.0,0.0,1.0,1.0,0.0,1.0,0.0,0.0,1.0,0.0,0.0,0.0,1.0,1.0,0.0,1.0,0.0,0.0,1.0,0.0,0.0,1.0,1.0,1.0,0.0,1.0,1.0,0.0,1.0,1.0,1.0,0.0,1.0,0.0,0.0,0.0,0.0,0.0,1.0,1.0,1.0,0.0,0.0,1.0,1.0,0.0,1.0,0.0,0.0,0.0,0.0,0.0,0.0,10.0,9.0,0.0,0.0,0.0,0.0,0.0,0.0,0.0,0.0,0.0,0.0,0.0,0.0,1.0,0.0,0.0,0.0,0.0,0.0,0.0,0.0,0.0,0.0,0.0,0.0,0.0,9.0,4.0,5.0,1.0,1.0,43.0,1.0,1.0,0.0,0.0,0.0,0.0,1.0,0.0,0.0,1.0,0.0,1.0,0.0,0.0,0.0,1.0,1.0,0.0,0.0,0.0,0.0,0.0,1.0,0.0,0.0,0.0,0.0,0.0,0.0,0.0,0.0,0.0,0.0,1.0,0.0,0.0,0.0,0.0,0.0,0.0,16.0,19.0,88.0,6.0,2.0,13.0,0.0,4.0,58.0,58.0,16.0,7.0,1.0,0.0,7.0,137.0,3.0,141.0,96.0,48.0,128.0,15.0,1.0,99.0,39.0,6.0,3.0,117.0,24.0,0.0,25.0,76.0,35.0,8.0,2.0,14.0,36.0,36.0,33.0,23.0,128.0,14.0,1.0,1.0,0.0,123.0,18.0,3.0,12.0,36.0,32.0,16.0,15.0,8.0,25.0,107.0,37.0,94.0,50.0,82.0,56.0,6.0,16.0,38.0,15.0,11.0,10.0,4.0,50.0,92.0,52.0,67.0,77.0,67.0,59.0,18.0,140.0,4.0,134.0,10.0,121.0,23.0,140.0,4.0,101.0,43.0,40.0,83.0,21.0,89.0,47.0,8.0,33.0,36.0,30.0,36.0,9.0,47.0,59.0,10.0,9.0,19.0,14.0,130.0,40.0,88.0,11.0,5.0,142.0,0.0,2.0,112.0,24.0,8.0,137.0,5.0,2.0,25.0,119.0,102.0,42.0,119.0,24.0,1.0,0.0,135.0,9.0,0.0,75.0,69.0,0.0,106.0,38.0,0.0,132.0,12.0,0.0,0.0,77.0,67.0,113.0,30.0,1.0,0.0,139.0,5.0,0.0,115.0,29.0,0.0,99.0,45.0,0.0,79.0,65.0,0.0,141.0,3.0,0.0,0.0,24.0,77.0,43.0,0.0,Não Atingiu a média
93,23133314,2017,1,2,2305,23024,23,2301175,230117505,2,1,1.0,1.0,1.0,0.0,0.0,0.0,0.0,0.0,0.0,0.0,0.33333333333333326,6.938893903907228e-18,0.0,1.0,1.0,0.0,0.6666666666666666,0.0,0.0,1.0,0.33333333333333337,0.0,0.0,0.6666666666666666,0.6666666666666666,0.0,1.0,0.0,6.938893903907228e-18,0.0,0.0,0.0,1.0,1.0,1.0,0.33333333333333337,0.0,0.33333333333333337,0.0,0.33333333333333337,1.0,0.33333333333333337,0.3333333333333333,0.6666666666666666,0.0,0.0,6.938893903907228e-18,1.0,0.0,0.33333333333333337,0.0,1.0,5.551115123125783e-17,0.6666666666666666,0.33333333333333337,1.0,0.3333333333333333,0.6666666666666667,0.0,0.0,0.0,0.0,3.469446951953614e-18,0.0,13.333333333333332,13.0,0.33333333333333337,0.0,0.6666666666666666,0.33333333333333337,0.33333333333333337,0.33333333333333337,0.33333333333333337,0.6666666666666666,1.0,1.0,2.7755575615628914e-17,0.6666666666666666,1.0,0.3333333333333335,0.0,1.0,0.33333333333333337,0.33333333333333337,0.3333333333333333,1.6666666666666667,0.6666666666666667,1.9999999999999998,1.3333333333333335,2.7755575615628914e-17,0.6666666666666666,25.333333333333332,4.0,21.333333333333332,1.0,1.0,69.66666666666667,1.0,5.551115123125783e-17,3.469446951953614e-18,6.938893903907228e-18,0.0,0.0,1.0,0.0,0.0,0.6666666666666666,0.0,1.0,0.0,0.0,3.469446951953614e-18,1.0,0.33333333333333337,0.0,0.0,0.0,3.469446951953614e-18,0.3333333333333333,1.0,0.0,0.0,0.0,0.0,0.0,0.0,0.0,0.0,0.0,0.0,0.33333333333333337,0.0,3.469446951953614e-18,0.0,0.0,0.0,0.0,28.0,15.333333333333332,147.66666666666666,7.0,2.3333333333333335,13.0,1.3877787807814457e-17,1.3333333333333335,45.0,99.66666666666666,30.0,15.999999999999998,8.0,13.333333333333332,6.333333333333333,207.0,3.0,210.33333333333331,134.66666666666666,78.66666666666666,171.33333333333331,37.0,5.0,153.33333333333331,53.666666666666664,6.333333333333333,2.0,160.33333333333331,51.0,1.3333333333333335,19.666666666666668,112.33333333333333,65.33333333333334,14.666666666666666,1.3333333333333333,23.33333333333333,46.0,58.0,41.666666666666664,43.0,197.0,11.666666666666668,4.0,0.33333333333333337,0.3333333333333333,169.0,36.33333333333333,8.0,10.0,64.33333333333333,45.33333333333333,24.333333333333332,32.666666666666664,6.666666666666667,30.0,182.33333333333331,31.0,161.0,52.33333333333333,121.33333333333334,81.0,11.0,24.666666666666664,52.66666666666667,30.33333333333333,16.666666666666668,24.666666666666668,3.6666666666666665,60.666666666666664,147.66666666666666,65.66666666666666,104.33333333333333,109.0,138.33333333333331,55.33333333333333,19.666666666666668,208.33333333333331,5.0,196.66666666666663,16.666666666666668,185.33333333333334,28.0,207.33333333333331,6.0,149.33333333333331,64.0,65.66666666666666,119.0,28.666666666666664,133.66666666666666,71.33333333333334,8.333333333333332,53.66666666666667,57.0,29.666666666666664,61.33333333333333,11.666666666666668,62.0,65.33333333333333,23.666666666666668,25.0,37.333333333333336,40.66666666666667,172.66666666666666,102.66666666666666,91.33333333333331,17.0,2.3333333333333335,200.66666666666663,1.0,11.666666666666666,138.66666666666669,51.666666666666664,23.0,183.33333333333331,23.333333333333332,6.666666666666666,43.666666666666664,169.66666666666669,178.66666666666669,34.666666666666664,135.33333333333331,71.0,5.0,2.0,186.0,24.0,3.3333333333333335,112.33333333333333,96.0,5.0,182.33333333333331,27.666666666666664,3.3333333333333335,188.0,21.666666666666664,1.6666666666666667,2.0,135.0,78.33333333333333,122.66666666666667,78.33333333333334,10.333333333333334,2.0,197.66666666666666,13.0,2.6666666666666665,165.33333333333331,45.0,3.0,143.66666666666666,65.33333333333333,4.333333333333334,157.0,53.0,3.3333333333333335,191.33333333333334,19.0,1.0,2.0,28.666666666666664,111.33333333333333,64.33333333333333,9.0,Não Atingiu a média
94,23185281,2017,1,2,2303,23016,23,2303709,230370905,2,1,2.0,1.0,1.0,0.0,0.0,0.0,0.0,0.0,0.0,0.0,0.49999999999999994,0.0,0.0,1.0,1.0,0.0,0.0,0.0,0.0,1.0,0.0,0.0,0.0,1.0,0.0,0.0,1.0,0.0,0.0,0.0,0.0,0.0,1.0,0.5,1.0,0.5,0.0,0.5,0.0,0.5,1.0,1.0,0.0,1.0,0.0,0.0,0.5,1.0,0.0,0.5,0.0,1.0,0.0,0.5,1.0,1.0,0.5,1.0,0.5,0.0,0.0,0.5,0.0,0.0,11.5,13.0,0.5,0.0,0.0,0.0,0.0,0.0,0.5,0.5,0.0,0.5,0.0,0.0,1.0,1.0,0.0,0.0,0.0,0.0,0.0,1.0,0.5,0.0,1.0,0.0,0.0,26.0,6.5,13.0,1.0,1.0,58.0,1.0,0.0,0.0,0.0,0.0,0.0,1.0,0.0,0.0,0.0,0.0,1.0,0.0,0.0,0.0,1.0,1.0,0.0,0.0,0.0,0.0,0.0,1.0,0.0,0.0,0.0,0.0,0.0,0.0,0.0,0.0,0.0,0.0,1.0,0.0,0.0,0.0,0.0,0.0,0.0,12.5,8.0,67.0,8.5,6.0,4.0,0.0,1.0,33.0,47.0,13.0,6.5,2.0,3.5,3.5,102.5,0.5,105.5,77.0,29.0,78.0,25.0,3.0,85.5,19.5,1.0,0.0,81.5,24.5,0.5,16.5,48.0,28.5,12.5,0.5,7.5,16.5,32.0,22.5,27.0,95.0,6.5,3.5,0.5,0.5,88.5,14.5,3.0,8.0,31.0,20.5,17.0,14.5,3.0,12.0,87.5,18.5,71.0,35.0,65.0,36.0,5.0,12.0,31.5,12.5,11.5,8.5,0.5,29.5,75.5,30.5,49.5,56.5,55.0,38.0,13.0,104.5,1.5,94.0,12.0,84.0,22.0,104.0,2.0,60.0,46.0,22.5,67.5,16.0,72.5,30.0,3.5,25.5,25.0,16.5,31.5,7.5,33.0,39.0,9.5,9.0,15.5,15.0,91.0,76.0,26.0,4.0,0.0,102.5,0.5,3.0,83.5,17.0,5.5,95.5,9.5,1.0,23.5,82.5,81.0,25.0,62.0,39.0,3.5,1.5,89.5,15.5,1.0,53.0,51.5,1.5,86.0,19.0,1.0,90.0,14.0,1.0,1.0,58.5,47.5,52.0,47.5,5.5,1.0,94.5,10.5,1.0,72.5,32.0,1.5,62.0,43.0,1.0,67.5,37.5,1.0,91.5,12.0,1.5,1.0,16.0,61.0,28.5,0.5,Não Atingiu a média
95,23021097,2017,1,2,2301,23004,23,2305258,230525855,2,1,0.5,1.0,1.0,0.0,0.0,0.0,0.0,0.0,0.0,0.0,0.0,0.0,0.0,1.0,1.0,0.0,0.0,0.0,0.0,1.0,0.0,0.0,0.0,0.5,1.0,0.0,1.0,0.0,0.0,0.0,0.0,0.0,0.5,1.0,0.5,0.0,0.0,0.0,0.0,0.0,1.0,0.5,0.0,0.5,0.0,0.0,0.0,0.5,0.0,1.0,0.0,0.5,0.0,0.0,1.0,1.0,0.5,1.0,0.0,0.0,0.0,0.0,0.0,0.0,8.0,8.0,0.0,0.0,0.0,0.0,0.0,0.0,0.0,0.0,0.0,0.0,0.0,0.0,0.5,0.0,0.0,0.0,0.0,0.0,0.0,0.0,0.0,0.0,0.0,0.0,0.0,5.5,1.5,3.0,0.5,0.5,45.0,1.0,0.0,0.0,0.0,0.0,0.0,1.0,0.0,0.0,0.5,0.0,1.0,0.0,0.0,0.0,1.0,1.0,0.5,0.0,0.0,0.0,0.0,1.0,0.0,0.0,0.0,0.0,0.0,0.0,0.0,0.0,0.0,0.0,1.0,0.5,0.0,0.0,0.0,0.0,0.0,18.5,8.0,75.0,3.0,2.0,7.5,0.0,3.5,35.0,39.5,17.0,6.0,3.0,10.0,6.5,107.5,3.0,111.0,78.0,36.0,97.5,12.0,4.5,87.5,22.5,4.0,2.0,95.0,17.0,2.0,5.5,54.5,43.0,9.0,0.5,12.5,26.0,34.0,20.5,20.5,104.0,9.0,1.0,0.0,0.0,90.5,21.5,2.0,7.5,35.5,24.0,7.0,17.0,5.5,17.5,91.0,23.0,75.0,39.0,69.5,42.5,2.0,13.5,35.0,19.0,6.0,6.0,1.0,33.5,77.0,37.0,51.0,63.0,72.0,28.0,14.0,110.5,3.5,100.5,13.5,92.0,22.0,111.0,3.0,73.0,41.0,33.5,59.5,21.0,68.5,39.0,6.5,27.5,32.5,10.5,35.0,8.5,34.0,36.5,6.5,15.5,21.5,18.5,95.5,63.5,42.5,6.5,1.5,104.5,1.5,8.0,78.0,29.5,6.5,96.5,15.0,2.5,31.0,83.0,95.0,19.0,80.5,26.0,6.0,1.5,97.5,14.5,2.0,69.5,41.5,3.0,94.0,18.0,2.0,99.5,13.0,0.0,1.5,71.0,43.0,71.0,33.5,9.0,0.5,103.0,10.0,1.0,84.5,29.0,0.5,83.0,30.0,1.0,77.0,36.5,0.5,103.0,9.0,1.0,1.0,27.0,63.0,20.0,4.0,Não Atingiu a média
96,23240125,2017,1,2,2304,23021,23,2301505,230150505,2,2,0.5,1.0,1.0,0.0,0.0,0.0,0.0,0.0,0.0,0.0,0.0,0.0,0.49999999999999994,1.0,0.5,0.0,1.0,0.0,0.0,1.0,0.0,0.0,0.0,0.0,1.0,0.0,0.5,0.5,0.0,0.0,0.0,0.0,1.0,1.0,1.0,0.5,0.5,0.5,0.0,0.5,1.0,1.0,0.5,1.0,0.0,0.0,0.0,1.0,0.49999999999999994,1.0,1.0,1.0,1.0,0.5,1.0,1.0,0.0,0.5,0.5,0.0,0.0,0.0,0.0,0.0,11.0,11.0,1.0,0.0,1.0,0.0,0.5,0.0,0.5,0.5,0.5,0.5,0.0,0.5,1.0,2.5,0.0,1.5,0.0,0.5,0.0,1.0,0.5,1.0,1.0,0.0,0.5,18.0,4.5,13.5,1.0,0.0,27.5,1.0,0.5,0.0,1.0,0.0,0.49999999999999994,0.5,0.5,0.0,0.5,0.0,1.0,0.0,0.0,0.0,1.0,0.5,0.0,0.5,0.5,0.5,0.5,1.0,0.0,0.0,0.0,0.0,0.0,0.0,0.0,0.0,0.0,0.0,0.5,0.0,0.0,0.0,0.0,0.0,0.0,6.0,3.0,9.5,1.0,7.0,2.5,0.0,0.0,10.5,7.5,7.0,1.5,1.0,1.5,3.5,25.5,0.5,28.5,22.5,6.5,25.5,3.0,0.5,25.5,3.0,0.5,2.0,23.0,4.0,0.0,3.5,11.5,10.5,3.5,0.5,3.0,7.5,7.0,3.5,7.5,27.5,1.0,0.0,0.5,0.0,21.5,7.0,0.5,3.5,12.5,3.0,3.0,0.5,0.5,6.0,21.5,7.5,19.0,10.0,17.0,11.5,0.5,5.5,7.5,2.5,3.5,0.5,0.0,9.5,16.5,12.5,12.5,16.5,17.5,7.0,4.5,27.5,1.5,24.0,5.0,23.0,6.0,27.5,1.5,20.0,9.0,8.0,16.5,4.5,15.5,9.5,4.0,11.0,5.0,4.5,4.0,4.5,8.0,6.5,4.0,3.5,7.0,2.0,27.0,13.5,11.5,3.5,0.5,28.5,0.5,0.0,21.0,7.0,1.0,22.5,5.0,1.5,9.0,20.0,24.5,4.5,15.5,10.5,2.0,1.0,24.0,4.0,1.0,16.5,11.5,1.0,20.0,8.0,1.0,20.5,6.5,1.0,1.0,21.0,8.0,14.5,11.0,3.0,0.5,25.0,4.0,0.0,22.0,6.5,0.5,17.0,11.5,0.5,19.0,9.5,0.5,22.0,6.0,1.0,0.0,6.0,12.0,11.0,0.0,Não Atingiu a média
97,23051850,2017,1,2,2302,23013,23,2300150,230015005,2,1,1.0,1.0,1.0,0.0,0.0,0.0,0.0,0.0,0.0,0.0,0.0,0.0,0.0,1.0,1.0,0.0,0.0,0.0,0.0,1.0,0.0,0.0,0.0,1.0,0.0,0.0,1.0,0.0,0.0,0.0,0.0,0.0,1.0,1.0,1.0,1.0,0.0,1.0,0.0,1.0,1.0,0.0,1.0,1.0,0.0,0.0,0.0,1.0,0.0,1.0,1.0,1.0,1.0,0.0,1.0,1.0,0.0,1.0,1.0,0.0,0.0,0.0,0.0,0.0,8.0,7.0,1.0,0.0,0.0,1.0,0.0,0.0,0.0,1.0,1.0,1.0,0.0,1.0,1.0,1.0,0.0,0.0,1.0,0.0,0.0,0.0,1.0,2.0,4.0,0.0,1.0,32.0,7.0,25.0,1.0,1.0,43.0,1.0,0.0,0.0,0.0,0.0,0.0,1.0,0.0,0.0,0.0,0.0,1.0,0.0,0.0,0.0,1.0,1.0,0.0,0.0,0.0,0.0,0.0,1.0,0.0,0.0,0.0,0.0,0.0,0.0,0.0,0.0,0.0,0.0,1.0,0.0,0.0,0.0,0.0,0.0,0.0,16.0,8.0,50.0,6.0,1.0,2.0,0.0,1.0,20.0,34.0,14.0,6.0,4.0,4.0,5.0,78.0,2.0,81.0,65.0,18.0,67.0,13.0,3.0,61.0,22.0,0.0,1.0,69.0,13.0,1.0,18.0,43.0,16.0,5.0,0.0,19.0,12.0,23.0,17.0,12.0,75.0,7.0,1.0,0.0,0.0,66.0,12.0,5.0,3.0,15.0,15.0,19.0,16.0,9.0,6.0,68.0,15.0,57.0,26.0,37.0,38.0,8.0,5.0,14.0,12.0,14.0,19.0,4.0,15.0,63.0,20.0,43.0,40.0,41.0,24.0,18.0,80.0,3.0,72.0,11.0,66.0,17.0,80.0,3.0,53.0,30.0,23.0,44.0,16.0,51.0,28.0,4.0,23.0,21.0,15.0,18.0,6.0,25.0,28.0,5.0,9.0,16.0,10.0,73.0,46.0,31.0,4.0,2.0,77.0,0.0,6.0,45.0,26.0,12.0,73.0,10.0,0.0,13.0,70.0,54.0,29.0,37.0,34.0,10.0,2.0,71.0,10.0,2.0,40.0,40.0,3.0,71.0,9.0,3.0,76.0,6.0,1.0,0.0,60.0,23.0,43.0,35.0,3.0,2.0,78.0,3.0,2.0,65.0,16.0,2.0,56.0,25.0,2.0,50.0,29.0,4.0,79.0,2.0,0.0,2.0,5.0,42.0,34.0,2.0,Não Atingiu a média
98,23167859,2017,1,2,2306,23028,23,2300705,230070505,2,1,1.0,1.0,1.0,0.0,0.0,0.0,0.0,0.0,0.0,0.0,0.0,0.0,0.0,1.0,1.0,0.0,0.0,0.0,0.0,1.0,0.0,0.0,0.0,1.0,0.5,0.0,1.0,0.0,0.0,0.0,0.0,0.0,1.0,1.0,1.0,1.0,0.0,1.0,0.5,1.0,1.0,0.5,1.0,1.0,0.0,0.0,0.0,1.0,0.0,1.0,1.0,1.0,1.0,0.0,1.0,1.0,0.0,1.0,0.0,0.0,0.0,0.5,0.0,0.0,5.0,5.0,1.0,0.5,1.0,0.5,0.0,0.0,0.5,0.5,1.0,1.0,0.0,0.5,1.0,1.5,0.5,1.0,0.5,0.0,0.0,1.0,0.5,1.0,1.5,0.0,1.0,17.5,3.5,14.0,1.0,1.0,22.0,1.0,0.0,0.0,0.0,0.0,0.0,1.0,0.0,0.0,1.0,0.0,1.0,0.0,0.0,0.0,1.0,1.0,1.0,0.0,0.0,0.0,0.5,1.0,0.0,0.0,0.0,0.0,0.0,0.0,0.0,0.0,0.0,0.0,1.0,1.0,0.0,0.0,0.0,0.0,0.0,17.5,15.5,36.5,3.5,9.0,7.0,0.0,0.5,26.0,34.0,11.0,8.0,2.0,7.5,4.5,84.5,2.0,87.0,63.0,26.0,76.0,12.5,0.5,68.0,18.5,2.5,2.0,78.0,9.0,1.0,10.5,51.5,20.0,6.0,1.0,12.0,13.0,25.5,22.0,15.5,79.0,9.0,1.0,0.0,0.0,70.5,15.5,3.0,12.5,27.0,13.0,8.5,10.0,5.0,13.0,68.0,21.0,63.5,25.5,54.0,29.5,5.5,17.5,21.0,18.5,5.5,4.0,1.5,21.0,53.5,35.5,40.0,49.0,62.0,16.5,10.5,86.0,3.0,80.5,8.5,79.5,9.5,87.0,2.0,63.5,25.5,26.0,50.5,12.5,55.0,29.0,5.0,23.0,21.0,15.0,24.5,5.5,28.0,26.5,6.5,13.5,14.5,14.5,74.5,57.5,21.0,7.5,3.0,86.0,0.0,3.0,55.5,23.0,10.5,77.0,8.0,4.0,30.0,59.0,75.0,14.0,53.0,32.0,2.0,2.0,73.0,13.5,2.5,46.0,39.5,3.5,76.0,11.5,1.5,81.0,4.5,1.5,2.0,56.0,33.0,52.5,32.0,3.0,1.5,80.5,6.5,2.0,71.0,16.5,1.5,58.0,29.0,2.0,63.5,24.5,1.0,83.0,4.0,1.0,1.0,22.5,45.0,21.5,0.0,Não Atingiu a média
99,23169249,2017,1,2,2307,23033,23,2302503,230250305,2,1,1.0,1.0,1.0,0.0,0.0,0.0,0.0,0.0,0.0,0.0,0.0,0.0,0.0,1.0,1.0,0.0,0.0,0.0,0.0,1.0,0.0,0.0,0.0,1.0,0.0,0.0,1.0,0.0,0.0,0.0,0.0,0.0,1.0,1.0,1.0,0.0,1.0,1.0,0.0,1.0,1.0,0.0,0.0,0.0,0.0,0.0,0.0,1.0,0.0,0.0,0.0,1.0,0.0,0.0,1.0,1.0,0.0,1.0,0.0,0.0,0.0,0.0,0.0,0.0,9.0,9.0,1.0,0.0,0.0,0.0,1.0,0.0,1.0,1.0,1.0,1.0,0.0,1.0,1.0,2.0,0.0,0.0,0.0,1.0,0.0,1.0,1.0,1.0,1.0,0.0,1.0,25.0,6.0,17.0,1.0,0.0,97.0,1.0,0.0,0.0,0.0,0.0,0.0,1.0,0.0,0.0,0.0,0.0,1.0,0.0,0.0,0.0,1.0,1.0,1.0,0.0,0.0,0.0,0.0,1.0,0.0,0.0,0.0,0.0,0.0,0.0,0.0,0.0,0.0,0.0,1.0,1.0,0.0,0.0,0.0,0.0,0.0,23.0,11.0,88.0,3.0,5.0,10.0,0.0,1.0,44.0,59.0,20.0,13.0,0.0,3.0,8.0,132.0,2.0,138.0,87.0,53.0,111.0,23.0,6.0,101.0,32.0,7.0,2.0,116.0,22.0,0.0,13.0,88.0,31.0,8.0,0.0,21.0,24.0,40.0,38.0,17.0,125.0,12.0,2.0,1.0,0.0,124.0,14.0,2.0,16.0,37.0,25.0,20.0,14.0,6.0,22.0,110.0,30.0,109.0,31.0,89.0,46.0,5.0,21.0,27.0,16.0,17.0,15.0,0.0,44.0,97.0,43.0,81.0,59.0,74.0,53.0,13.0,137.0,3.0,126.0,14.0,124.0,16.0,135.0,5.0,103.0,37.0,49.0,79.0,12.0,88.0,44.0,8.0,33.0,41.0,17.0,35.0,14.0,40.0,40.0,10.0,19.0,31.0,30.0,110.0,100.0,25.0,14.0,1.0,137.0,1.0,2.0,92.0,39.0,9.0,128.0,10.0,2.0,51.0,89.0,116.0,24.0,88.0,51.0,0.0,1.0,118.0,20.0,2.0,74.0,64.0,2.0,111.0,27.0,2.0,129.0,10.0,0.0,1.0,104.0,36.0,87.0,48.0,4.0,1.0,133.0,7.0,0.0,106.0,33.0,1.0,101.0,38.0,1.0,84.0,54.0,2.0,130.0,9.0,1.0,0.0,32.0,73.0,34.0,1.0,Não Atingiu a média
100,23545453,2017,1,2,2301,23001,23,2302305,230230505,2,2,1.0,1.0,1.0,0.0,0.0,0.0,0.0,0.0,0.0,0.0,0.0,0.0,0.0,1.0,1.0,0.0,0.0,0.0,0.0,1.0,0.0,0.0,0.0,1.0,1.0,0.0,1.0,0.0,0.0,0.0,0.0,0.0,1.0,1.0,1.0,1.0,0.0,1.0,0.0,1.0,1.0,1.0,0.0,1.0,0.0,0.0,0.0,1.0,0.0,1.0,1.0,1.0,1.0,1.0,1.0,1.0,0.0,1.0,1.0,0.0,0.0,1.0,0.0,0.0,8.0,6.0,1.0,0.0,1.0,0.0,0.0,0.0,1.0,1.0,1.0,1.0,0.0,1.0,1.0,1.0,0.0,1.0,0.0,0.0,0.0,1.0,1.0,1.0,1.0,0.0,1.0,15.0,8.0,15.0,1.0,0.0,30.0,1.0,0.0,0.0,0.0,0.0,0.0,1.0,0.0,0.0,1.0,0.0,1.0,0.0,0.0,0.0,1.0,0.0,0.0,0.0,0.0,0.0,0.0,1.0,0.0,0.0,0.0,0.0,0.0,0.0,0.0,0.0,0.0,0.0,0.0,0.0,0.0,0.0,0.0,0.0,0.0,4.0,5.0,38.0,4.0,1.0,2.0,0.0,0.0,27.0,19.0,4.0,4.0,0.0,0.0,2.0,52.0,2.0,52.0,44.0,10.0,42.0,11.0,1.0,42.0,11.0,1.0,0.0,40.0,14.0,0.0,9.0,25.0,15.0,5.0,0.0,8.0,12.0,10.0,16.0,8.0,49.0,4.0,1.0,0.0,0.0,42.0,8.0,4.0,2.0,14.0,10.0,7.0,2.0,2.0,17.0,43.0,11.0,41.0,13.0,32.0,17.0,5.0,3.0,13.0,5.0,6.0,1.0,0.0,26.0,35.0,19.0,30.0,24.0,42.0,8.0,4.0,53.0,1.0,50.0,4.0,47.0,7.0,53.0,1.0,42.0,12.0,11.0,39.0,4.0,35.0,13.0,6.0,10.0,10.0,13.0,17.0,4.0,23.0,8.0,2.0,4.0,17.0,9.0,45.0,28.0,20.0,5.0,1.0,53.0,0.0,1.0,37.0,15.0,2.0,49.0,3.0,2.0,20.0,34.0,48.0,6.0,22.0,30.0,1.0,1.0,48.0,6.0,0.0,24.0,30.0,0.0,42.0,12.0,0.0,49.0,5.0,0.0,0.0,30.0,24.0,15.0,34.0,5.0,0.0,48.0,6.0,0.0,46.0,8.0,0.0,31.0,23.0,0.0,35.0,19.0,0.0,49.0,5.0,0.0,0.0,6.0,39.0,9.0,0.0,Não Atingiu a média
101,23157027,2017,1,2,2306,23030,23,2301782,230178225,2,1,1.2,1.0,1.0,0.0,0.0,-4.336808689942018e-19,-4.336808689942018e-19,0.0,0.0,0.0,0.19999999999999998,-6.938893903907228e-18,0.0,1.0,1.0,0.0,0.0,-8.673617379884035e-19,0.0,1.0,-1.734723475976807e-18,0.0,0.0,0.6,0.8,0.0,1.0,0.0,0.0,0.0,-1.734723475976807e-18,0.0,1.0,1.0,1.0,0.8,0.4,0.6,0.0,0.6,1.0,0.8,0.19999999999999998,1.0,0.0,0.0,-6.938893903907228e-18,0.8,-4.336808689942018e-19,1.0,0.4,1.0,0.39999999999999997,0.0,1.0,0.8,-2.7755575615628914e-17,1.0,0.0,0.0,0.0,0.2,-3.469446951953614e-18,0.0,8.8,11.6,0.8,-6.938893903907228e-18,0.19999999999999998,0.2,0.4,0.4,0.4,0.6,0.6,0.8,0.19999999999999998,0.6,1.0,1.0,0.0,0.19999999999999996,0.2,0.4,0.4,0.8,1.0,0.7999999999999999,1.4,0.19999999999999998,0.6,26.2,6.2,19.8,1.0,1.0,46.2,1.0,0.39999999999999997,0.0,-6.938893903907228e-18,-4.336808689942018e-19,0.0,1.0,-1.734723475976807e-18,0.0,0.4,0.0,1.0,0.0,0.0,-3.469446951953614e-18,1.0,0.6,0.4,-8.673617379884035e-19,-8.673617379884035e-19,0.0,0.39999999999999997,1.0,0.0,-4.336808689942018e-19,0.0,0.0,0.0,0.0,0.0,0.0,0.0,0.4,0.6,0.4,-3.469446951953614e-18,0.0,0.0,0.0,0.0,18.8,20.0,73.4,13.8,3.4,7.8,-1.3877787807814457e-17,1.8,38.4,57.8,20.2,9.2,4.4,5.4,5.4,131.8,2.6,134.6,89.8,47.4,108.4,25.0,3.8,87.8,44.8,4.6,3.2,110.2,23.8,0.9999999999999998,14.8,71.2,43.0,7.2,0.4,12.4,24.4,39.6,32.6,27.8,123.8,10.8,1.4,1.0,0.2,115.8,16.2,5.2,7.8,38.8,19.6,18.2,26.0,6.4,20.4,114.6,22.6,103.0,34.2,80.4,53.0,3.8,15.4,31.4,19.0,11.399999999999999,18.0,4.4,37.6,100.6,36.6,68.0,69.2,80.8,43.0,13.4,133.0,4.2,123.8,13.399999999999999,119.4,17.8,133.4,3.8,101.6,35.6,40.0,79.0,18.2,89.0,41.0,7.2,32.0,36.8,19.8,41.6,7.0,46.6,36.4,12.2,13.6,28.4,25.2,112.0,92.2,30.6,13.0,1.4,129.0,2.2,6.0,92.4,34.0,10.8,120.4,11.8,5.0,38.0,99.2,113.39999999999999,23.8,83.8,47.6,4.6,1.2,114.2,20.4,2.6,77.2,57.4,2.5999999999999996,115.8,19.4,2.0,119.6,13.0,2.6,2.0,85.6,51.6,81.6,47.4,7.6,0.5999999999999999,125.4,10.2,1.6,100.2,35.4,1.5999999999999999,95.2,40.0,2.0,103.4,32.2,1.5999999999999999,128.6,6.800000000000001,1.0,0.7999999999999998,26.8,69.2,40.0,1.1999999999999997,Não Atingiu a média
102,23051875,2017,1,2,2302,23012,23,2306570,230657005,2,1,1.3333333333333333,1.0,1.0,0.0,0.0,0.0,0.0,0.0,0.0,0.0,0.6666666666666665,6.938893903907228e-18,0.0,1.0,1.0,0.0,0.0,0.0,0.0,1.0,0.0,0.0,0.0,0.33333333333333337,1.0,0.0,1.0,0.0,6.938893903907228e-18,0.0,0.0,0.0,1.0,1.0,1.0,0.33333333333333337,0.3333333333333333,1.0,0.0,1.0,1.0,0.6666666666666666,0.3333333333333333,0.6666666666666666,0.0,0.0,6.938893903907228e-18,1.0,0.0,1.0,0.3333333333333333,1.0,0.6666666666666666,0.0,0.6666666666666667,0.6666666666666667,2.7755575615628914e-17,1.0,0.0,0.0,0.0,0.3333333333333333,3.469446951953614e-18,0.0,7.333333333333334,12.666666666666666,1.0,0.0,5.551115123125783e-17,0.6666666666666667,0.0,0.0,0.6666666666666666,0.33333333333333337,0.33333333333333337,0.6666666666666666,2.7755575615628914e-17,0.6666666666666666,1.0,1.3333333333333335,0.0,0.0,0.6666666666666667,0.0,0.0,0.6666666666666667,0.33333333333333337,0.6666666666666667,1.0,2.7755575615628914e-17,1.0,27.333333333333332,5.666666666666667,20.666666666666668,1.0,1.0,51.333333333333336,1.0,0.3333333333333333,3.469446951953614e-18,6.938893903907228e-18,0.0,0.0,1.0,0.0,0.0,1.0,0.0,1.0,0.0,0.0,3.469446951953614e-18,1.0,0.6666666666666666,0.3333333333333333,0.0,0.0,3.469446951953614e-18,0.0,1.0,0.0,0.0,0.0,0.0,0.0,0.0,0.0,0.0,0.0,0.0,0.6666666666666666,0.33333333333333337,3.469446951953614e-18,0.0,0.0,0.0,0.0,15.333333333333334,13.333333333333334,101.66666666666666,11.0,5.666666666666666,15.333333333333332,0.33333333333333326,3.0,48.0,67.66666666666667,24.666666666666664,12.0,1.666666666666667,5.0,6.333333333333333,156.0,2.6666666666666665,159.66666666666666,118.0,44.333333333333336,132.66666666666666,26.666666666666668,3.0,123.33333333333333,36.0,3.0,3.666666666666667,132.33333333333334,26.333333333333336,2.3333333333333335,16.333333333333336,85.66666666666667,44.33333333333333,13.666666666666666,0.0,17.666666666666668,35.666666666666664,42.333333333333336,31.666666666666664,35.0,149.66666666666666,9.666666666666666,2.0,1.0,0.0,135.66666666666666,22.333333333333332,4.333333333333333,8.666666666666666,49.0,32.666666666666664,18.0,20.666666666666668,10.333333333333332,23.0,135.33333333333334,27.0,114.66666666666667,47.666666666666664,97.0,58.0,7.333333333333333,20.333333333333332,46.33333333333333,24.0,12.666666666666668,13.0,3.6666666666666665,42.333333333333336,107.66666666666667,54.666666666666664,77.33333333333333,85.0,112.66666666666666,36.666666666666664,13.0,157.0,5.333333333333333,143.33333333333334,19.0,135.66666666666666,26.666666666666664,154.0,8.333333333333332,113.33333333333333,49.0,54.666666666666664,92.0,15.666666666666668,100.33333333333333,54.33333333333333,7.666666666666666,38.0,49.33333333333333,27.333333333333332,38.666666666666664,9.0,49.666666666666664,54.33333333333333,14.0,16.666666666666668,27.666666666666664,23.333333333333336,139.0,93.0,56.666666666666664,8.0,4.666666666666666,159.0,0.3333333333333335,3.0,110.33333333333333,42.0,10.0,147.66666666666666,11.0,3.666666666666667,46.33333333333333,116.0,148.0,14.333333333333334,123.66666666666667,37.0,1.3333333333333335,0.3333333333333335,142.33333333333334,18.0,2.0,95.0,65.33333333333333,2.0,140.66666666666666,21.0,0.6666666666666665,151.0,11.0,0.3333333333333335,0.0,102.33333333333333,60.0,98.66666666666666,55.0,8.0,0.6666666666666667,151.0,10.333333333333334,1.0,127.33333333333333,32.666666666666664,2.3333333333333335,110.0,51.0,1.3333333333333333,115.66666666666666,43.666666666666664,3.0,141.33333333333334,19.666666666666668,0.33333333333333326,1.0,25.666666666666668,77.33333333333333,46.666666666666664,12.666666666666666,Não Atingiu a média
103,23259526,2017,1,2,2302,23010,23,2306355,230635538,2,1,1.3333333333333333,1.0,1.0,0.0,0.0,0.0,0.0,0.0,0.0,0.0,2.7755575615628914e-17,6.938893903907228e-18,0.0,0.6666666666666667,0.33333333333333337,0.0,0.6666666666666666,0.0,0.0,1.0,0.0,0.0,0.0,0.33333333333333337,1.0,0.0,0.6666666666666667,0.3333333333333333,6.938893903907228e-18,0.0,0.0,0.0,1.0,1.0,1.0,0.33333333333333337,0.0,0.33333333333333337,0.0,0.33333333333333337,1.0,0.33333333333333337,5.551115123125783e-17,0.33333333333333337,0.0,0.0,6.938893903907228e-18,0.6666666666666667,0.0,0.33333333333333337,0.3333333333333333,1.0,0.6666666666666666,0.33333333333333337,1.0,1.0,0.33333333333333326,0.6666666666666667,0.33333333333333337,0.0,0.0,0.0,0.3333333333333333,0.0,8.666666666666666,7.0,0.6666666666666666,0.0,0.6666666666666666,0.0,0.33333333333333337,0.0,0.6666666666666666,0.33333333333333337,0.6666666666666666,0.6666666666666666,2.7755575615628914e-17,0.33333333333333337,1.0,1.0,0.0,0.6666666666666666,0.0,0.33333333333333337,0.0,0.6666666666666667,0.33333333333333337,1.0,0.6666666666666667,2.7755575615628914e-17,0.33333333333333337,27.666666666666664,11.0,18.666666666666668,1.0,0.6666666666666667,38.333333333333336,1.0,5.551115123125783e-17,3.469446951953614e-18,0.6666666666666666,0.0,0.0,1.0,0.3333333333333333,0.0,0.33333333333333337,0.0,1.0,0.0,0.0,3.469446951953614e-18,1.0,0.33333333333333337,0.3333333333333333,0.0,0.0,0.3333333333333333,0.3333333333333333,1.0,0.0,0.0,0.0,0.0,0.0,0.0,0.0,0.0,0.0,0.0,0.33333333333333337,0.33333333333333337,3.469446951953614e-18,0.0,0.0,0.0,0.0,18.666666666666668,8.666666666666668,82.0,6.666666666666667,8.0,8.666666666666666,1.3877787807814457e-17,2.3333333333333335,38.666666666666664,51.666666666666664,16.666666666666668,10.333333333333334,4.0,9.0,6.0,126.66666666666667,3.666666666666666,129.0,92.66666666666667,40.0,106.0,23.0,3.6666666666666665,102.0,28.0,2.666666666666667,4.0,95.66666666666667,33.0,1.6666666666666667,14.333333333333334,64.0,39.666666666666664,13.0,1.0,12.666666666666668,26.0,39.0,26.0,28.0,121.0,8.333333333333334,3.0,0.33333333333333337,0.0,108.0,20.333333333333332,4.333333333333333,5.0,38.0,26.0,18.333333333333332,23.666666666666668,6.666666666666667,15.0,119.0,13.666666666666668,104.66666666666667,28.0,77.0,49.333333333333336,6.333333333333333,14.0,32.333333333333336,24.333333333333332,9.333333333333334,19.0,2.0,31.666666666666668,98.33333333333333,34.333333333333336,75.33333333333333,57.333333333333336,87.0,32.333333333333336,13.333333333333334,131.33333333333334,1.333333333333333,122.66666666666667,10.0,117.0,15.666666666666668,130.0,2.666666666666667,96.0,36.66666666666667,37.666666666666664,77.33333333333333,17.666666666666668,79.0,43.666666666666664,10.0,33.0,36.0,17.333333333333336,34.666666666666664,11.666666666666664,40.666666666666664,38.333333333333336,13.666666666666666,17.0,23.0,19.0,113.66666666666667,86.0,40.333333333333336,5.666666666666667,0.6666666666666665,128.33333333333334,1.6666666666666667,2.666666666666667,88.0,33.333333333333336,11.333333333333334,115.66666666666667,13.333333333333334,3.666666666666667,34.666666666666664,98.0,105.0,27.666666666666668,76.0,44.666666666666664,9.333333333333332,2.6666666666666665,110.0,19.333333333333332,3.3333333333333335,65.66666666666667,63.333333333333336,3.6666666666666665,101.0,29.0,2.6666666666666665,112.33333333333333,14.666666666666666,3.333333333333333,2.3333333333333335,94.33333333333333,38.333333333333336,75.33333333333333,47.333333333333336,7.666666666666667,2.3333333333333335,119.66666666666667,10.333333333333334,2.6666666666666665,101.0,30.0,1.6666666666666667,80.33333333333333,50.666666666666664,1.6666666666666667,87.0,44.0,1.6666666666666667,113.66666666666667,13.666666666666668,2.3333333333333335,3.0,27.0,75.66666666666667,29.666666666666668,0.3333333333333335,Não Atingiu a média
104,23056336,2017,1,2,2302,23014,23,2302087,230208771,2,1,1.3333333333333333,1.0,1.0,0.0,0.0,0.0,0.0,0.0,0.0,0.0,0.3333333333333333,6.938893903907228e-18,0.0,1.0,1.0,0.3333333333333333,0.0,0.0,0.0,1.0,0.0,0.0,0.0,0.6666666666666666,0.33333333333333337,0.0,1.0,0.0,6.938893903907228e-18,0.3333333333333333,0.0,0.0,1.0,1.0,0.6666666666666667,0.6666666666666666,0.6666666666666667,1.0,0.0,1.0,1.0,0.6666666666666666,0.3333333333333333,0.6666666666666666,0.0,0.0,6.938893903907228e-18,1.0,0.0,1.0,0.6666666666666666,1.0,0.6666666666666666,0.0,1.0,1.0,0.33333333333333326,1.0,0.33333333333333337,0.0,0.0,0.0,3.469446951953614e-18,0.0,13.666666666666666,18.333333333333336,1.0,0.0,0.6666666666666666,0.0,1.0,0.33333333333333337,0.33333333333333337,1.0,0.33333333333333337,0.6666666666666666,0.33333333333333326,1.0,1.0,3.6666666666666665,0.0,0.6666666666666666,0.0,1.3333333333333333,0.3333333333333333,0.6666666666666667,2.0,0.3333333333333335,1.0,0.33333333333333326,1.0,40.0,9.0,31.0,1.0,1.0,62.666666666666664,1.0,0.6666666666666665,3.469446951953614e-18,6.938893903907228e-18,0.0,0.0,1.0,0.0,0.0,0.33333333333333337,0.0,1.0,0.0,0.0,3.469446951953614e-18,1.0,1.0,1.0,0.0,0.0,3.469446951953614e-18,0.0,1.0,0.0,0.0,0.0,0.0,0.0,0.0,0.0,0.0,0.0,0.0,1.0,1.0,3.469446951953614e-18,0.0,0.0,0.0,0.0,34.33333333333333,17.666666666666664,186.66666666666666,7.333333333333333,5.666666666666666,11.333333333333332,0.6666666666666666,3.0,77.66666666666666,108.66666666666666,37.0,14.333333333333334,6.0,15.666666666666668,13.0,250.0,7.0,256.0,168.33333333333331,94.66666666666666,207.66666666666666,50.666666666666664,4.666666666666667,203.33333333333331,55.33333333333333,4.333333333333333,2.0,192.0,69.0,2.3333333333333335,34.666666666666664,139.33333333333331,70.0,16.666666666666664,2.666666666666667,27.0,58.0,80.66666666666666,52.333333333333336,42.33333333333333,241.0,17.666666666666664,3.333333333333333,0.33333333333333337,0.6666666666666667,218.33333333333334,37.0,7.666666666666666,13.333333333333332,70.66666666666666,47.33333333333333,33.0,43.666666666666664,16.333333333333336,38.666666666666664,221.33333333333331,41.666666666666664,194.0,69.0,140.66666666666669,109.66666666666666,12.666666666666664,28.333333333333332,63.666666666666664,35.0,30.33333333333333,27.666666666666664,6.666666666666666,71.33333333333333,191.0,72.0,135.0,128.0,131.0,95.0,37.0,256.6666666666667,6.333333333333333,238.66666666666663,24.333333333333332,227.33333333333334,35.666666666666664,254.33333333333334,8.666666666666666,175.33333333333334,87.66666666666666,80.33333333333333,145.0,37.66666666666667,166.33333333333331,80.0,16.666666666666664,64.0,69.33333333333333,42.33333333333333,67.33333333333334,19.999999999999996,78.0,86.33333333333333,28.0,27.666666666666664,43.0,48.33333333333333,214.66666666666669,164.33333333333331,82.66666666666666,12.333333333333332,3.6666666666666665,247.0,5.333333333333332,10.666666666666666,166.33333333333331,72.0,24.666666666666664,236.0,20.0,7.0,78.66666666666666,184.33333333333331,228.66666666666669,34.33333333333333,158.66666666666669,93.66666666666666,9.0,1.6666666666666667,229.66666666666663,28.0,5.333333333333333,151.66666666666666,103.66666666666666,7.666666666666666,215.66666666666669,43.0,4.333333333333333,232.33333333333331,26.666666666666664,1.6666666666666667,2.3333333333333335,157.0,106.0,139.66666666666669,101.66666666666666,18.666666666666664,3.0,243.66666666666666,17.666666666666668,1.6666666666666667,201.0,59.66666666666666,2.3333333333333335,167.0,92.0,4.0,166.0,93.0,4.0,224.33333333333331,33.0,3.0,2.6666666666666665,44.333333333333336,133.33333333333331,82.0,3.333333333333333,Não Atingiu a média
105,23087259,2017,1,2,2304,23018,23,2305605,230560505,2,1,1.5,1.0,1.0,0.0,0.0,0.0,0.0,0.0,0.0,0.0,1.0,0.0,0.0,1.0,1.0,0.0,0.0,0.0,0.0,1.0,0.0,0.0,0.0,1.0,0.5,0.0,1.0,0.0,0.0,0.5,0.0,0.0,1.0,1.0,1.0,1.0,0.0,0.5,0.0,0.5,1.0,1.0,0.0,1.0,0.0,0.0,0.0,1.0,0.0,1.0,0.5,1.0,1.0,0.0,0.5,1.0,0.0,1.0,1.0,0.0,0.0,0.0,0.0,0.0,11.5,10.5,1.0,0.0,1.0,1.0,0.5,1.0,1.0,1.0,1.0,1.0,0.0,1.0,1.0,3.0,0.0,1.5,1.5,0.5,1.0,1.0,2.5,3.5,2.5,0.0,1.0,29.5,8.0,21.5,1.0,1.0,45.0,1.0,0.0,0.0,0.0,0.0,0.0,1.0,0.0,0.0,0.0,0.0,1.0,0.0,0.0,0.0,1.0,0.5,0.0,0.0,0.0,0.0,0.0,1.0,0.0,0.0,0.0,0.0,0.0,0.0,0.0,0.0,0.0,0.0,0.5,0.0,0.0,0.0,0.0,0.0,0.0,15.0,10.5,63.0,5.5,1.5,9.0,0.0,0.5,41.0,40.0,7.5,3.5,3.0,9.0,2.5,102.0,3.5,101.0,55.5,49.0,79.5,20.5,4.5,82.5,18.0,4.0,5.0,85.5,14.0,2.0,13.5,54.0,27.0,8.0,1.0,13.5,24.5,27.5,20.0,18.0,97.0,6.5,0.5,0.0,0.5,74.5,23.5,6.5,8.5,28.5,20.5,12.5,13.5,1.5,19.5,86.5,18.0,77.5,27.0,56.5,38.0,10.0,17.0,29.5,11.0,6.5,7.0,1.5,32.0,65.0,39.5,43.5,61.0,71.0,24.5,9.0,100.5,4.0,92.0,12.5,90.5,14.0,101.5,3.0,77.5,27.0,35.5,52.5,16.5,58.5,37.0,9.0,30.0,26.5,11.5,25.5,11.0,33.0,34.0,5.0,9.5,23.0,17.0,87.5,68.0,26.5,6.0,4.0,101.0,1.0,2.5,86.0,15.5,3.0,88.5,11.5,4.5,46.0,58.5,86.0,18.5,56.0,35.0,12.0,1.5,78.0,22.0,4.5,48.0,52.5,4.0,75.5,25.5,3.5,90.5,11.0,2.0,1.0,72.0,32.5,50.0,42.5,10.0,2.0,91.5,9.5,3.5,68.5,32.5,3.5,66.0,33.5,5.0,60.5,39.0,5.0,96.0,6.0,0.5,2.0,26.0,44.0,27.0,7.5,Não Atingiu a média
106,23256695,2017,1,2,2302,23013,23,2300918,230091805,2,1,1.0,1.0,1.6666666666666665,0.0,0.0,0.0,0.0,0.0,0.0,0.0,2.7755575615628914e-17,6.938893903907228e-18,0.0,0.6666666666666667,0.33333333333333337,0.3333333333333333,0.6666666666666666,0.0,0.0,1.0,0.33333333333333337,0.0,0.0,0.6666666666666666,0.6666666666666666,0.0,1.0,0.3333333333333333,6.938893903907228e-18,0.3333333333333333,0.33333333333333337,0.6666666666666666,0.6666666666666667,1.0,0.6666666666666667,0.6666666666666666,0.0,0.33333333333333337,0.0,0.33333333333333337,1.0,0.6666666666666666,0.3333333333333333,0.6666666666666666,0.0,0.0,6.938893903907228e-18,0.6666666666666667,0.0,0.6666666666666666,0.0,0.33333333333333337,1.0,0.33333333333333337,1.0,0.6666666666666667,0.6666666666666666,1.1102230246251565e-16,0.33333333333333337,0.0,0.0,0.0,0.3333333333333333,0.0,9.0,9.0,0.33333333333333337,0.0,0.3333333333333333,0.0,0.0,0.0,0.33333333333333337,0.0,0.0,1.1102230246251565e-16,2.7755575615628914e-17,0.0,1.0,0.6666666666666667,0.0,0.3333333333333333,0.0,0.0,0.0,0.33333333333333337,0.0,2.220446049250313e-16,0.0,2.7755575615628914e-17,1.1102230246251565e-16,42.0,10.0,32.0,1.0,0.6666666666666667,22.66666666666667,1.0,5.551115123125783e-17,3.469446951953614e-18,6.938893903907228e-18,0.0,0.0,1.0,0.0,0.0,0.33333333333333337,0.0,1.0,0.0,0.0,3.469446951953614e-18,1.0,0.6666666666666666,0.3333333333333333,0.0,0.0,3.469446951953614e-18,0.0,1.0,0.0,0.0,0.0,0.0,0.0,0.0,0.0,0.0,0.0,0.0,0.6666666666666666,0.33333333333333337,3.469446951953614e-18,0.0,0.0,0.0,0.0,7.333333333333334,4.0,43.333333333333336,4.0,3.0,5.333333333333334,0.33333333333333326,2.0,14.666666666666664,30.333333333333336,12.0,3.333333333333334,1.3333333333333335,3.0,2.3333333333333335,64.66666666666667,0.666666666666667,66.33333333333334,49.333333333333336,17.66666666666667,54.66666666666667,10.333333333333336,2.0,54.0,12.0,1.0,2.0,54.333333333333336,10.666666666666668,1.0,6.333333333333334,30.66666666666667,22.333333333333336,6.666666666666667,0.6666666666666667,6.666666666666668,10.333333333333332,20.0,15.333333333333334,14.0,60.66666666666667,2.666666666666666,3.0,0.6666666666666666,0.0,53.666666666666664,11.0,2.3333333333333335,4.333333333333334,23.666666666666668,10.000000000000002,10.666666666666668,6.333333333333336,1.333333333333334,10.666666666666668,56.66666666666667,10.333333333333334,51.00000000000001,16.0,39.66666666666667,24.333333333333336,3.0,9.666666666666668,21.333333333333336,8.333333333333336,5.000000000000002,4.666666666666668,0.3333333333333335,17.666666666666668,42.333333333333336,24.666666666666668,34.66666666666667,32.333333333333336,37.333333333333336,22.333333333333336,7.333333333333332,66.66666666666667,0.33333333333333304,63.66666666666667,3.333333333333334,59.33333333333333,7.666666666666668,66.33333333333334,0.666666666666667,47.66666666666667,19.333333333333336,21.666666666666668,36.0,9.333333333333334,39.66666666666667,22.333333333333336,5.0,17.333333333333336,21.0,5.333333333333336,16.000000000000004,7.333333333333333,21.666666666666668,19.333333333333332,5.0,9.0,12.0,13.333333333333332,53.66666666666667,37.0,23.66666666666667,3.333333333333334,3.0,65.33333333333334,0.6666666666666667,1.0,38.33333333333334,22.333333333333336,6.333333333333334,57.333333333333336,8.0,1.666666666666667,20.0,47.0,59.33333333333333,7.666666666666666,42.333333333333336,22.333333333333336,1.0,1.3333333333333335,59.33333333333334,6.666666666666668,1.0,36.66666666666667,28.333333333333336,2.0,55.33333333333334,11.0,0.6666666666666665,59.333333333333336,6.333333333333334,0.3333333333333335,1.0,43.0,24.0,38.333333333333336,26.333333333333332,2.0,0.3333333333333335,63.333333333333336,3.000000000000001,0.6666666666666665,56.33333333333334,9.333333333333336,1.3333333333333335,44.0,22.000000000000004,1.0,45.333333333333336,20.666666666666668,1.0,59.0,6.666666666666668,0.6666666666666665,0.666666666666667,8.333333333333334,30.0,21.0,7.666666666666666,Não Atingiu a média
107,23171867,2017,1,2,2304,23017,23,2300150,230015055,2,1,1.5,1.0,1.0,0.0,0.0,0.0,0.0,0.0,0.0,0.0,0.0,0.0,0.0,1.0,1.0,0.0,0.0,0.0,0.0,1.0,0.0,0.0,0.0,1.0,0.5,0.0,1.0,0.0,0.0,0.0,0.0,0.0,1.0,1.0,1.0,0.5,1.0,1.0,0.0,1.0,1.0,0.0,0.5,0.5,0.0,0.0,0.0,1.0,0.0,0.5,0.5,1.0,0.0,0.0,1.0,1.0,0.0,1.0,0.0,0.0,0.0,0.0,0.0,0.0,8.5,8.5,1.0,0.0,0.0,0.0,0.5,0.0,0.5,1.0,1.0,1.0,0.0,0.5,1.0,1.5,0.0,0.0,0.0,0.5,0.0,0.5,2.5,3.0,3.5,0.0,2.0,29.0,7.5,21.5,1.0,1.0,46.0,1.0,1.0,0.0,0.0,0.0,0.0,1.0,0.0,0.0,0.0,0.0,1.0,0.0,0.0,0.0,1.0,0.5,0.0,0.0,0.0,0.0,0.5,1.0,0.0,0.0,0.0,0.0,0.0,0.0,0.0,0.0,0.0,0.5,0.5,0.0,0.0,0.0,0.0,0.0,0.0,24.0,17.5,62.5,3.0,7.0,7.5,0.0,4.5,39.0,48.5,13.5,6.5,5.0,4.5,8.5,113.0,4.0,117.5,86.5,35.0,91.5,28.0,2.0,92.5,27.0,2.0,1.0,97.0,23.5,0.5,12.0,64.5,35.0,9.5,0.5,9.5,25.0,38.0,29.5,19.0,109.5,11.0,1.0,0.0,0.0,104.5,12.0,5.0,4.0,32.5,20.5,16.5,17.5,6.0,24.5,103.5,18.0,93.0,28.5,74.0,43.5,4.0,10.5,30.0,19.5,6.5,15.0,2.5,37.5,84.5,37.0,60.5,61.0,94.5,23.5,3.5,116.0,5.5,107.0,14.5,98.5,23.0,116.0,5.5,86.5,35.0,24.5,81.5,15.5,74.0,41.0,6.5,28.5,33.0,16.0,39.0,5.0,47.5,37.0,4.5,7.5,25.0,16.0,105.5,77.0,36.5,6.0,2.0,112.0,1.5,8.0,77.0,34.5,10.0,107.5,10.5,3.5,39.5,82.0,105.5,16.0,69.0,45.0,6.0,1.5,100.0,19.5,2.0,63.0,55.0,3.5,104.5,16.0,1.0,107.0,12.0,1.0,1.5,82.0,39.5,68.0,46.0,6.5,1.0,113.0,8.5,0.0,100.0,21.5,0.0,82.0,39.0,0.5,88.5,32.5,0.5,114.0,5.5,1.5,0.5,17.0,64.5,40.0,0.0,Não Atingiu a média
108,23007379,2017,1,2,2301,23001,23,2304854,230485405,2,1,1.0,1.0,1.0,0.0,0.0,0.0,0.0,0.0,0.0,0.0,0.75,0.0,0.0,1.0,1.0,0.0,0.25,0.0,0.0,1.0,0.0,0.0,0.0,0.5,0.75,0.0,1.0,0.0,0.0,0.0,0.0,0.0,1.0,1.0,1.0,1.0,0.25,0.5,0.25,0.75,1.0,1.0,0.25,1.0,0.0,0.0,0.0,1.0,0.0,0.75,0.5,1.0,0.25,0.25,1.0,0.75,0.0,1.0,0.75,0.0,0.0,0.75,0.0,0.0,10.25,15.5,0.75,0.0,0.25,0.0,0.5,0.5,1.0,0.75,0.75,1.0,0.25,0.5,1.0,1.75,0.0,0.25,0.0,1.0,0.5,1.25,0.75,1.75,2.75,0.25,0.5,24.0,6.75,15.75,1.0,0.75,61.5,1.0,0.25,0.0,0.0,0.0,0.0,1.0,0.0,0.0,0.5,0.25,1.0,0.0,0.0,0.0,1.0,0.25,0.0,0.0,0.0,0.0,0.25,1.0,0.0,0.0,0.0,0.0,0.0,0.0,0.0,0.0,0.0,0.0,0.25,0.0,0.0,0.0,0.0,0.0,0.0,25.75,12.5,124.25,10.25,3.5,13.0,0.0,4.25,64.75,77.5,23.0,7.25,4.5,8.0,12.75,176.5,8.5,180.75,141.75,47.5,153.0,31.5,4.75,142.75,42.75,3.75,9.249999999999998,142.75,37.25,3.2499999999999996,26.5,75.75,69.25,14.5,0.75,16.0,38.5,52.0,40.0,42.0,175.25,11.5,1.5,0.7500000000000001,0.25,160.5,21.25,7.5,18.75,49.75,32.75,22.75,14.5,10.5,40.25,141.25,48.0,125.25,64.0,121.25,58.75,9.25,28.0,40.25,25.5,13.5,10.25,4.0,67.75,118.25,71.0,87.0,102.25,133.75,42.25,13.25,182.5,6.75,169.75,19.5,160.75,28.5,182.75,6.5,141.75,47.5,59.5,102.5,27.25,114.5,63.5,11.25,55.5,48.75,24.75,43.5,16.75,64.5,52.0,16.5,20.25,36.0,30.0,159.25,100.75,65.25,16.25,7.0,183.25,1.25,4.75,130.25,49.5,9.5,170.0,14.5,4.75,56.5,132.75,162.0,27.25,118.25,62.75,5.25,3.0,165.25,20.5,3.5,101.25,83.0,5.0,141.75,41.75,5.75,161.0,22.25,2.5,3.5,120.75,68.5,108.25,69.5,8.5,3.0,175.75,10.25,3.2500000000000004,146.25,40.5,2.5,137.5,49.25,2.5,127.0,59.0,3.25,166.0,18.75,2.75,1.75,26.5,84.5,41.25,36.99999999999999,Não Atingiu a média
109,23462329,2017,1,2,2303,23016,23,2306256,230625605,2,2,1.0,1.0,1.0,0.0,0.0,0.0,0.0,0.0,0.0,0.0,0.0,0.0,0.0,1.0,1.0,0.0,0.0,0.0,0.0,1.0,0.0,0.0,0.0,0.0,1.0,0.0,1.0,0.0,0.0,1.0,0.0,0.0,1.0,1.0,1.0,1.0,0.0,1.0,0.0,1.0,1.0,0.0,1.0,1.0,0.0,0.0,0.0,1.0,0.0,1.0,0.0,1.0,1.0,0.0,1.0,1.0,0.0,1.0,0.0,0.0,0.0,0.0,0.0,0.0,5.0,5.0,1.0,0.0,0.0,0.0,0.0,0.0,1.0,1.0,0.0,1.0,0.0,0.0,1.0,1.0,0.0,0.0,0.0,0.0,0.0,1.0,1.0,0.0,1.0,0.0,0.0,25.0,5.0,20.0,1.0,0.0,26.0,1.0,0.0,0.0,0.0,0.0,0.0,1.0,0.0,0.0,1.0,0.0,1.0,0.0,0.0,0.0,1.0,1.0,1.0,0.0,0.0,0.0,0.0,1.0,0.0,0.0,0.0,0.0,0.0,0.0,0.0,0.0,0.0,0.0,1.0,1.0,0.0,0.0,0.0,0.0,0.0,5.0,1.0,56.0,2.0,2.0,2.0,0.0,0.0,22.0,32.0,9.0,3.0,1.0,1.0,2.0,66.0,1.0,67.0,41.0,27.0,53.0,14.0,1.0,54.0,11.0,3.0,0.0,51.0,17.0,0.0,13.0,30.0,21.0,4.0,0.0,6.0,9.0,24.0,17.0,12.0,64.0,4.0,0.0,0.0,0.0,56.0,7.0,5.0,4.0,17.0,9.0,9.0,16.0,3.0,10.0,52.0,16.0,45.0,23.0,42.0,22.0,4.0,7.0,13.0,10.0,8.0,11.0,0.0,19.0,47.0,21.0,33.0,35.0,25.0,38.0,5.0,67.0,1.0,63.0,5.0,57.0,11.0,67.0,1.0,45.0,23.0,17.0,37.0,14.0,38.0,26.0,4.0,19.0,24.0,10.0,13.0,2.0,25.0,21.0,5.0,3.0,14.0,8.0,60.0,35.0,29.0,2.0,2.0,66.0,0.0,2.0,48.0,17.0,3.0,60.0,8.0,0.0,9.0,59.0,61.0,7.0,56.0,11.0,1.0,0.0,61.0,6.0,1.0,35.0,32.0,1.0,58.0,9.0,1.0,64.0,4.0,0.0,0.0,43.0,25.0,46.0,20.0,2.0,0.0,64.0,4.0,0.0,53.0,15.0,0.0,40.0,28.0,0.0,43.0,25.0,0.0,68.0,0.0,0.0,0.0,16.0,30.0,22.0,0.0,Não Atingiu a média
110,23002291,2017,1,2,2301,23001,23,2302453,230245355,2,1,2.0,1.0,1.0,0.0,0.0,0.0,0.0,0.0,0.0,0.0,0.49999999999999994,0.5,0.0,1.0,1.0,0.0,0.0,0.0,0.0,1.0,0.0,0.0,0.0,0.5,0.5,0.0,1.0,0.0,0.0,0.0,0.0,0.0,1.0,1.0,1.0,0.5,0.5,0.5,0.0,0.5,1.0,0.5,1.0,1.0,0.0,0.0,0.0,1.0,0.0,0.5,0.0,1.0,0.0,0.0,0.5,1.0,0.5,1.0,0.0,0.0,0.0,1.0,0.0,0.0,8.0,10.0,1.0,0.0,0.0,0.0,0.5,0.0,1.0,1.0,1.0,1.0,0.0,1.0,1.0,1.0,0.0,0.0,0.0,0.5,0.0,2.0,1.5,2.0,2.5,0.0,1.0,41.5,7.5,34.0,1.0,1.0,56.5,1.0,0.5,0.0,0.0,0.0,0.0,1.0,0.0,0.0,0.5,0.0,1.0,0.0,0.0,0.0,1.0,0.0,0.0,0.0,0.0,0.0,0.0,1.0,0.0,0.0,0.0,0.0,0.0,0.0,0.0,0.0,0.0,0.0,0.0,0.0,0.0,0.0,0.0,0.0,0.0,15.5,23.5,104.5,6.5,4.5,7.5,0.0,0.5,59.5,68.0,15.5,6.5,3.0,9.0,7.5,154.5,4.5,157.5,124.0,38.0,139.5,21.0,1.5,126.5,31.0,4.5,2.5,129.0,30.5,3.5,32.0,78.5,38.0,10.0,1.0,12.5,34.5,43.0,36.0,35.0,148.0,11.5,2.5,0.0,0.0,140.5,19.0,2.5,9.5,44.0,29.0,20.0,17.5,10.0,32.0,129.0,33.0,110.5,51.5,98.5,55.5,8.0,18.5,37.5,18.5,14.5,18.5,7.0,47.5,110.5,51.5,80.5,81.5,108.0,41.0,13.0,158.5,3.5,143.5,18.5,137.0,25.0,157.0,5.0,118.0,44.0,49.0,94.5,18.5,103.5,53.5,5.0,35.0,50.5,29.0,34.5,13.0,58.0,35.5,11.5,19.5,37.5,27.0,135.0,93.0,58.0,7.0,4.0,153.0,3.0,6.0,111.5,42.0,8.5,144.0,12.0,6.0,50.5,111.5,139.5,22.5,97.5,46.0,5.0,13.5,117.0,27.0,18.0,67.5,76.5,18.0,126.5,23.5,11.999999999999998,134.0,10.0,1.5,16.5,120.0,42.0,91.5,59.0,9.0,2.5,147.0,12.5,2.5,129.5,29.0,3.5,109.0,49.5,3.5,112.0,45.5,4.5,148.0,12.0,0.0,2.0,23.0,89.5,42.5,7.0,Não Atingiu a média
111,23088118,2017,1,2,2304,23018,23,2304068,230406865,2,1,1.4,1.0,1.0,0.0,0.0,-4.336808689942018e-19,-4.336808689942018e-19,0.0,0.0,0.0,0.6,0.2,0.0,1.0,1.0,0.0,0.0,-8.673617379884035e-19,0.0,1.0,-1.734723475976807e-18,0.0,0.0,0.8,0.4,0.0,1.0,0.0,0.0,0.2,-1.734723475976807e-18,0.0,1.0,1.0,1.0,0.6,0.2,0.8,0.2,1.0,1.0,0.8,0.0,0.8,0.0,0.0,-6.938893903907228e-18,1.0,-4.336808689942018e-19,0.6,0.6000000000000001,0.8,0.8,0.2,1.0,0.8,0.4,1.0,0.4,0.0,0.0,0.0,-3.469446951953614e-18,0.0,9.8,15.8,0.8,0.2,0.8,0.6,1.0,0.6000000000000001,1.0,0.8,1.0,0.8,0.4,0.6,1.0,2.4,0.2,1.6,0.8,1.2000000000000002,0.7999999999999999,1.0,0.8,1.6,2.6,0.4,0.8,33.4,7.6,25.8,1.0,0.6,54.8,1.0,0.2,0.19999999999999998,-6.938893903907228e-18,-4.336808689942018e-19,0.0,1.0,-1.734723475976807e-18,0.19999999999999998,0.6,0.0,1.0,0.0,0.0,-3.469446951953614e-18,1.0,0.19999999999999996,0.2,-8.673617379884035e-19,-8.673617379884035e-19,0.0,0.6000000000000001,1.0,0.0,-4.336808689942018e-19,0.0,0.0,0.0,0.0,0.0,0.0,0.0,0.0,0.19999999999999996,0.2,-3.469446951953614e-18,0.0,0.0,0.0,0.0,20.2,18.0,64.2,6.2,5.2,7.8,0.19999999999999998,0.6000000000000001,32.8,51.0,14.399999999999999,9.2,4.0,9.4,4.6,117.0,2.6,119.0,76.8,44.8,107.0,13.399999999999999,1.2,90.4,27.6,3.5999999999999996,3.0,100.6,18.0,1.4,21.6,71.8,21.4,5.4,1.0,14.4,28.8,34.6,22.6,20.2,112.4,7.0,1.1999999999999997,0.8,0.2,99.6,18.2,3.8,11.2,34.0,22.6,13.2,18.2,5.2,17.2,97.8,23.8,86.4,35.2,69.0,48.4,4.2,19.0,30.2,17.8,8.399999999999999,11.799999999999999,1.7999999999999998,32.6,76.2,45.4,54.0,67.6,80.0,28.2,13.4,118.8,2.8,111.0,10.600000000000001,107.4,14.2,117.8,3.8,88.2,33.4,36.8,70.0,14.8,85.2,31.4,5.0,29.6,34.4,15.8,32.6,9.2,40.4,38.0,10.2,11.2,21.8,19.200000000000003,102.4,60.0,48.4,11.8,1.4,116.6,1.4,3.5999999999999996,80.4,30.2,11.0,105.2,10.8,5.6,35.6,86.0,106.4,15.2,81.2,35.0,3.2,2.2,106.8,12.2,2.6,65.2,52.2,4.2,98.6,19.2,3.8000000000000003,108.0,10.0,1.0,2.6,76.8,44.8,64.4,46.6,7.8,2.8,111.0,9.2,1.4,97.6,21.2,2.8,77.6,41.2,2.8,86.2,33.2,2.2,108.6,9.4,1.6,2.0,25.4,57.2,37.0,2.0,Não Atingiu a média
112,23140697,2017,1,2,2305,23025,23,2307521,230752185,2,1,1.4,1.0,1.0,0.0,0.0,-4.336808689942018e-19,-4.336808689942018e-19,0.0,0.0,0.0,0.6,0.4000000000000001,0.0,1.0,1.0,0.0,0.2,0.20000000000000004,0.0,1.0,-1.734723475976807e-18,0.0,0.0,0.8,0.6,0.0,1.0,0.0,0.19999999999999998,0.0,-1.734723475976807e-18,0.0,0.8,1.0,0.8,0.6,0.2,0.6,0.2,0.8,1.0,0.4,0.6000000000000001,0.8,0.0,0.0,-6.938893903907228e-18,0.8,-4.336808689942018e-19,0.8,0.6000000000000001,1.0,0.8,0.0,0.8,0.8,0.2,1.0,0.0,0.0,0.0,0.2,-3.469446951953614e-18,0.0,11.6,12.0,0.6,-6.938893903907228e-18,0.39999999999999997,0.4,0.4,0.4,0.6,0.6,0.6,0.6,0.4,0.4,1.0,1.0,0.0,0.6,0.6000000000000001,0.4,0.4,1.2000000000000002,1.2,1.6,1.0,0.4,0.7999999999999999,37.6,6.4,27.6,1.0,1.0,55.8,1.0,0.2,0.0,-6.938893903907228e-18,-4.336808689942018e-19,0.0,1.0,-1.734723475976807e-18,0.0,0.6,0.0,1.0,0.0,0.0,-3.469446951953614e-18,1.0,0.8,0.6000000000000001,-8.673617379884035e-19,-8.673617379884035e-19,0.0,0.0,1.0,0.0,-4.336808689942018e-19,0.0,0.0,0.0,0.0,0.0,0.0,0.0,0.0,0.8,0.6000000000000001,-3.469446951953614e-18,0.0,0.0,0.0,0.0,32.2,10.4,87.8,6.6,2.4,5.4,-1.3877787807814457e-17,3.0,50.0,46.4,20.8,7.2,9.200000000000001,8.2,7.2,137.6,1.4,143.4,79.4,65.4,111.6,31.2,2.0,88.2,50.6,6.0,2.6000000000000005,107.2,35.0,0.0,19.0,85.0,33.6,7.2,1.2000000000000002,16.0,36.6,44.6,25.2,21.2,135.2,7.0,2.0,0.4,0.2,121.8,18.0,5.0,8.2,37.2,25.0,19.2,30.2,8.2,16.8,125.6,19.2,110.0,34.8,84.6,55.800000000000004,4.4,20.4,34.8,22.0,15.4,18.4,2.4,31.4,103.0,41.8,71.2,73.6,73.0,46.0,25.8,142.6,2.2,129.2,15.6,120.0,24.8,141.4,3.4,95.8,49.0,42.0,83.2,19.6,92.8,45.4,6.6,27.8,37.8,27.6,44.4,7.2,44.2,47.2,11.2,16.2,26.0,28.0,116.8,77.0,51.4,14.0,2.4,134.8,1.2,8.8,94.4,34.8,15.6,127.4,12.8,4.6,33.4,111.39999999999999,118.2,26.6,95.2,44.6,4.4,0.6000000000000001,122.0,20.6,2.2,74.2,67.6,3.0,122.0,21.0,1.8,116.2,24.6,3.2,0.8,86.8,58.0,87.8,48.6,8.2,0.19999999999999996,132.4,11.8,0.6000000000000001,109.6,33.8,1.4,93.4,49.8,1.6,104.4,39.6,0.7999999999999998,122.2,19.6,2.8,0.19999999999999973,28.8,75.2,38.8,2.0,Não Atingiu a média
113,23009841,2017,1,2,2301,23002,23,2303955,230395555,2,1,1.0,1.0,1.0,0.0,0.0,0.0,0.0,0.0,0.0,0.0,0.49999999999999994,0.5,0.0,1.0,1.0,0.0,0.5,0.0,0.0,1.0,0.0,0.0,0.0,0.5,0.5,0.5,1.0,0.0,0.0,0.0,0.0,0.0,1.0,1.0,1.0,0.5,0.0,0.5,0.5,1.0,1.0,0.5,0.5,0.5,0.0,0.0,0.0,0.5,0.0,0.5,0.0,1.0,0.5,0.0,1.0,1.0,0.0,1.0,0.0,0.0,0.0,0.0,0.0,0.0,7.0,14.5,0.5,0.0,0.0,0.0,0.5,0.0,0.5,0.5,0.5,0.5,0.0,0.5,1.0,0.5,0.0,0.0,0.0,0.5,0.0,1.0,2.0,2.0,2.0,0.0,0.5,21.0,3.5,17.5,1.0,1.0,71.5,1.0,0.5,0.0,0.0,0.0,0.0,1.0,0.0,0.0,1.0,0.0,1.0,0.0,0.0,0.0,1.0,1.0,0.5,0.0,0.0,0.0,0.0,1.0,0.0,0.0,0.0,0.0,0.0,0.0,0.0,0.0,0.0,0.0,1.0,0.5,0.0,0.0,0.0,0.0,0.0,33.5,11.5,100.5,7.5,0.5,7.0,0.0,2.0,53.5,65.5,18.5,11.5,5.0,4.5,6.0,154.5,3.0,157.5,122.5,38.0,138.5,20.5,1.5,125.0,33.0,2.5,6.5,141.0,13.0,4.0,38.0,84.5,30.5,3.5,0.0,16.5,33.5,50.5,32.5,27.5,151.0,7.0,2.0,0.5,0.0,132.0,22.5,6.0,17.0,39.5,28.5,12.5,24.5,11.0,27.5,111.5,49.0,97.5,63.0,105.5,50.0,5.0,26.5,38.5,21.0,9.0,17.0,4.5,44.0,95.5,65.0,66.0,94.5,100.0,46.0,14.5,156.0,4.5,146.5,14.0,143.0,17.5,155.5,5.0,119.5,41.0,55.5,94.0,11.0,102.0,54.5,4.0,47.5,47.5,21.5,39.0,5.0,65.0,47.5,12.5,10.0,25.5,26.5,134.0,110.5,40.5,8.0,1.5,153.5,1.0,6.0,113.5,37.0,10.0,147.0,10.5,3.0,48.5,112.0,142.0,18.5,116.5,42.5,1.5,0.0,144.0,15.5,1.0,100.0,60.5,0.0,130.0,30.0,0.5,150.0,9.5,1.0,0.0,106.0,54.5,100.0,55.5,5.0,0.0,150.5,10.0,0.0,131.5,29.0,0.0,124.5,36.0,0.0,114.0,45.5,1.0,136.0,21.5,3.0,0.0,36.0,82.5,24.0,18.0,Não Atingiu a média
114,23080941,2017,1,2,2303,23016,23,2307665,230766545,2,1,1.4615384615384617,1.0,1.3076923076923077,0.0,0.0,-4.336808689942018e-19,-4.336808689942018e-19,0.0,0.0,0.0,0.4615384615384615,0.07692307692307696,-3.469446951953614e-18,1.0,1.0,-1.3877787807814457e-17,0.15384615384615385,-8.673617379884035e-19,0.0,1.0,-1.734723475976807e-18,0.0,0.0,0.5384615384615384,0.6153846153846154,6.938893903907228e-18,1.0,6.938893903907228e-18,6.938893903907228e-18,0.07692307692307693,-1.734723475976807e-18,6.938893903907228e-18,0.9230769230769231,1.0,0.9230769230769231,0.6923076923076923,0.23076923076923075,0.6153846153846154,-1.3877787807814457e-17,0.6153846153846154,1.0,0.6153846153846154,0.5384615384615384,1.0,0.0,0.0,-6.938893903907228e-18,1.0,-4.336808689942018e-19,0.6923076923076923,0.38461538461538464,0.8461538461538461,0.4615384615384615,0.07692307692307693,0.9230769230769231,0.6153846153846154,0.07692307692307696,0.9230769230769231,0.15384615384615388,-3.469446951953614e-18,0.0,0.46153846153846156,0.0,0.0,9.461538461538462,9.153846153846155,0.7692307692307693,-6.938893903907228e-18,0.5384615384615384,0.3076923076923077,0.6923076923076923,0.38461538461538464,0.38461538461538475,0.5384615384615384,0.7692307692307693,0.8461538461538461,0.07692307692307691,0.6153846153846154,1.0,1.5384615384615385,0.0,1.076923076923077,0.3076923076923077,0.6923076923076923,0.38461538461538464,0.6153846153846154,0.7692307692307693,1.7692307692307692,2.153846153846154,0.07692307692307691,0.6923076923076923,23.923076923076923,7.000000000000001,17.307692307692307,1.0,1.0,55.07692307692308,1.0,0.30769230769230765,3.469446951953614e-18,0.0,-4.336808689942018e-19,-3.469446951953614e-18,1.0,-1.734723475976807e-18,-3.469446951953614e-18,0.3846153846153846,-3.469446951953614e-18,1.0,0.0,0.0,0.0,1.0,0.6923076923076923,0.38461538461538464,-8.673617379884035e-19,-8.673617379884035e-19,3.469446951953614e-18,0.07692307692307698,1.0,0.0,-4.336808689942018e-19,0.0,0.0,0.0,0.0,0.0,0.0,0.0,1.3877787807814457e-17,0.6923076923076923,0.3846153846153847,0.0,0.0,0.0,0.0,0.0,18.692307692307693,13.76923076923077,96.23076923076923,6.461538461538462,4.615384615384615,10.0,0.15384615384615383,2.230769230769231,47.53846153846154,61.53846153846153,22.23076923076923,7.076923076923077,3.3076923076923075,5.6923076923076925,5.153846153846154,144.6153846153846,2.5384615384615383,147.23076923076923,70.23076923076923,79.53846153846155,110.76923076923077,34.76923076923077,4.230769230769231,95.15384615384616,46.692307692307686,7.923076923076923,1.076923076923077,108.61538461538461,40.07692307692308,2.5384615384615383,24.0,75.92307692307692,36.38461538461539,10.923076923076925,0.6923076923076924,16.615384615384613,30.846153846153847,46.92307692307692,29.69230769230769,25.0,137.23076923076923,9.0,2.1538461538461537,0.7692307692307693,0.6153846153846154,122.23076923076924,21.53846153846154,6.0,4.923076923076923,26.153846153846153,21.076923076923077,26.53846153846154,45.61538461538463,6.384615384615384,19.076923076923077,136.07692307692307,13.692307692307692,114.84615384615384,34.92307692307692,76.92307692307692,66.38461538461539,6.461538461538462,6.769230769230769,19.769230769230766,17.307692307692307,18.76923076923077,40.230769230769226,4.076923076923077,42.84615384615385,124.84615384615384,24.923076923076923,86.07692307692308,63.69230769230769,67.92307692307692,58.230769230769226,23.615384615384617,144.6153846153846,5.153846153846154,129.76923076923077,20.0,122.0,27.76923076923077,143.9230769230769,5.846153846153847,92.23076923076923,57.53846153846154,35.84615384615385,88.84615384615384,25.076923076923077,103.15384615384616,41.230769230769226,5.384615384615385,26.0,40.30769230769231,24.923076923076923,51.84615384615384,6.6923076923076925,45.53846153846154,54.769230769230774,12.307692307692308,13.461538461538462,23.69230769230769,38.15384615384616,111.61538461538461,94.6923076923077,46.84615384615385,6.076923076923075,2.1538461538461537,138.53846153846155,2.076923076923077,9.153846153846153,99.6923076923077,39.76923076923077,10.307692307692307,132.07692307692307,13.615384615384615,4.076923076923077,31.307692307692307,118.46153846153847,124.76923076923077,25.0,79.3076923076923,61.23076923076924,6.538461538461538,2.6923076923076925,120.46153846153845,25.23076923076923,4.076923076923077,80.15384615384616,64.15384615384615,5.461538461538461,128.84615384615384,16.384615384615383,4.538461538461538,122.84615384615384,20.692307692307693,2.76923076923077,3.4615384615384617,87.46153846153847,62.30769230769231,70.6923076923077,63.92307692307693,12.384615384615385,2.769230769230769,134.46153846153845,11.23076923076923,4.0769230769230775,107.0,37.84615384615385,4.9230769230769225,90.61538461538461,53.76923076923077,5.384615384615385,109.46153846153847,34.61538461538461,5.6923076923076925,116.92307692307692,25.692307692307693,3.461538461538462,3.6923076923076916,22.76923076923077,75.15384615384616,50.30769230769231,1.5384615384615383,Não Atingiu a média
115,23186999,2017,1,2,2303,23016,23,2304400,230440005,2,1,1.2,1.0,1.2,0.0,0.0,-4.336808689942018e-19,-4.336808689942018e-19,0.0,0.0,0.0,-2.7755575615628914e-17,-6.938893903907228e-18,0.0,1.0,1.0,0.0,0.2,-8.673617379884035e-19,0.0,1.0,-1.734723475976807e-18,0.0,0.0,0.4,0.8,0.0,1.0,0.0,0.0,0.4,-1.734723475976807e-18,0.0,0.8,1.0,1.0,0.6,0.2,0.8,0.2,0.8,1.0,0.6,0.4,0.8,0.0,0.0,-6.938893903907228e-18,0.8,-4.336808689942018e-19,0.39999999999999997,0.19999999999999998,1.0,0.19999999999999996,0.4,1.0,1.0,0.19999999999999998,0.8,0.6000000000000001,0.0,0.0,0.0,-3.469446951953614e-18,0.0,13.6,13.2,0.39999999999999997,0.2,0.6,0.2,0.8,0.6000000000000001,0.6,0.19999999999999996,0.6,0.8,0.2,0.8,1.0,2.0,0.2,1.4000000000000001,0.2,0.8,0.6,0.6,0.39999999999999997,1.8,1.6,0.2,2.0,23.4,5.6,18.6,1.0,1.0,78.4,1.0,0.4,0.0,-6.938893903907228e-18,-4.336808689942018e-19,0.0,1.0,-1.734723475976807e-18,0.0,0.6,0.0,1.0,0.0,0.0,0.2,1.0,0.6,0.4,-8.673617379884035e-19,-8.673617379884035e-19,0.19999999999999998,0.8,1.0,0.0,-4.336808689942018e-19,0.0,0.0,0.0,0.0,0.0,0.0,0.0,0.0,0.6,0.4000000000000001,0.2,0.0,0.0,0.0,0.0,17.2,14.8,82.4,7.4,2.1999999999999997,9.8,-1.3877787807814457e-17,1.4,37.4,51.4,23.4,10.2,2.0,8.0,3.4,130.4,1.5999999999999999,132.2,62.6,71.2,98.8,32.2,2.8,86.6,42.4,4.8,0.3999999999999999,92.8,40.6,3.2,26.8,72.6,25.2,6.0,0.4,16.8,28.8,39.0,24.8,24.0,122.4,9.0,1.8,0.4,0.2,110.2,19.4,4.2,4.6,28.2,25.4,27.4,30.4,4.8,13.0,118.4,15.4,97.4,36.4,69.6,59.8,4.4,7.199999999999999,23.8,20.6,19.4,29.4,1.4,32.0,110.6,23.2,71.8,62.0,46.599999999999994,60.2,27.0,127.8,6.0,116.6,17.2,105.8,28.0,128.6,5.2,82.6,51.2,38.4,73.6,21.8,95.6,35.0,3.1999999999999997,20.8,35.2,25.0,48.0,4.8,36.6,50.6,15.8,13.2,17.6,39.400000000000006,94.4,69.2,54.0,8.6,2.0,122.2,2.8,8.8,83.2,37.2,13.4,114.0,15.8,4.0,17.799999999999997,116.0,109.0,24.8,74.0,52.0,4.6,3.2,109.4,21.4,3.0,70.8,57.6,5.4,119.0,11.8,3.0,115.8,13.0,2.2,2.8000000000000003,77.2,56.6,60.6,61.8,10.0,1.4,121.4,10.0,2.4,99.2,32.2,2.4,85.2,45.8,2.8,110.8,20.799999999999997,2.2,109.8,20.4,1.4,2.2,19.8,75.8,37.4,0.7999999999999998,Não Atingiu a média
116,23228527,2017,1,2,2302,23015,23,2304423,230442341,2,1,1.2727272727272727,1.0,1.7272727272727275,0.0,0.0,-4.336808689942018e-19,-4.336808689942018e-19,0.0,0.0,0.0,-2.7755575615628914e-17,-6.938893903907228e-18,-3.469446951953614e-18,1.0,1.0,1.3877787807814457e-17,0.2727272727272727,-8.673617379884035e-19,0.0,1.0,0.09090909090909093,0.0,0.0,0.4545454545454546,0.27272727272727265,0.36363636363636376,1.0,6.938893903907228e-18,6.938893903907228e-18,0.0,-1.734723475976807e-18,6.938893903907228e-18,1.0,1.0,1.0,0.45454545454545453,0.1818181818181818,0.6363636363636364,0.09090909090909091,0.7272727272727273,1.0,0.7272727272727273,0.09090909090909086,0.8181818181818182,0.0,0.0,0.09090909090909091,0.9090909090909091,-4.336808689942018e-19,0.4545454545454546,0.18181818181818182,1.0,0.8181818181818181,0.09090909090909091,0.9090909090909091,0.9090909090909091,0.09090909090909091,0.6363636363636364,0.36363636363636365,-3.469446951953614e-18,0.0,0.0,0.0,0.0,10.636363636363637,9.181818181818182,0.8181818181818181,-6.938893903907228e-18,0.3636363636363636,0.09090909090909086,0.6363636363636364,0.3636363636363637,0.5454545454545454,0.7272727272727273,0.6363636363636364,0.8181818181818182,0.1818181818181818,0.8181818181818182,1.0,2.0,0.0,0.6363636363636364,0.09090909090909091,0.6363636363636364,0.4545454545454545,0.7272727272727273,0.8181818181818182,1.8181818181818181,2.1818181818181817,0.1818181818181818,1.4545454545454546,29.18181818181818,7.272727272727273,21.727272727272727,1.0,1.0,61.18181818181818,1.0,0.09090909090909088,0.09090909090909091,0.0,-4.336808689942018e-19,-3.469446951953614e-18,1.0,-1.734723475976807e-18,-3.469446951953614e-18,0.7272727272727273,-3.469446951953614e-18,1.0,0.0,0.0,0.0,1.0,0.3636363636363636,0.0,-8.673617379884035e-19,-8.673617379884035e-19,3.469446951953614e-18,0.8181818181818181,1.0,0.0,-4.336808689942018e-19,0.0,0.0,0.0,0.0,0.0,0.0,0.0,1.3877787807814457e-17,0.36363636363636365,0.0,0.0,0.0,0.0,0.0,0.0,16.272727272727273,9.545454545454545,71.0,5.454545454545454,3.0,8.727272727272727,-1.3877787807814457e-17,1.0909090909090908,26.81818181818182,46.36363636363636,17.636363636363637,8.363636363636363,3.3636363636363638,10.363636363636363,3.7272727272727275,110.27272727272728,2.2727272727272725,111.72727272727272,55.18181818181818,58.81818181818182,84.72727272727272,26.727272727272727,2.5454545454545454,73.0,36.36363636363637,4.636363636363637,1.1818181818181819,81.0,31.81818181818182,2.5454545454545454,21.90909090909091,58.63636363636364,25.454545454545453,5.454545454545455,1.272727272727273,14.09090909090909,26.272727272727273,32.54545454545455,21.727272727272727,18.09090909090909,103.36363636363636,8.636363636363637,1.5454545454545454,0.4545454545454546,-5.551115123125783e-17,89.18181818181819,21.363636363636363,3.4545454545454546,5.7272727272727275,27.363636363636363,19.90909090909091,18.18181818181818,23.545454545454543,3.272727272727272,16.0,99.0,15.0,85.18181818181819,28.81818181818182,56.18181818181817,52.0,5.818181818181818,8.727272727272727,23.454545454545453,15.90909090909091,13.454545454545453,17.909090909090907,2.4545454545454546,32.09090909090909,90.18181818181819,23.81818181818182,60.72727272727273,53.27272727272727,50.63636363636363,37.54545454545455,25.81818181818182,108.54545454545455,5.454545454545455,101.36363636363636,12.636363636363637,94.18181818181819,19.818181818181817,109.45454545454545,4.545454545454546,68.0,46.0,35.45454545454545,63.36363636363636,15.18181818181818,79.45454545454545,29.090909090909086,5.454545454545455,21.181818181818183,32.54545454545455,18.818181818181817,35.54545454545455,5.909090909090908,34.18181818181818,39.27272727272727,11.636363636363637,12.818181818181818,16.09090909090909,29.81818181818182,84.18181818181819,56.81818181818182,44.72727272727273,10.272727272727272,2.181818181818182,102.9090909090909,1.8181818181818181,9.272727272727273,67.54545454545453,33.27272727272727,13.181818181818182,95.0,14.272727272727273,4.727272727272727,19.909090909090907,94.0909090909091,94.54545454545455,19.454545454545457,65.45454545454545,42.0,4.090909090909091,2.4545454545454546,96.54545454545455,14.363636363636363,3.090909090909091,66.45454545454545,43.90909090909091,3.6363636363636362,100.0909090909091,11.18181818181818,2.7272727272727275,94.36363636363636,15.454545454545455,1.3636363636363638,2.8181818181818183,66.72727272727272,47.27272727272727,58.81818181818182,45.81818181818182,7.636363636363637,1.7272727272727273,105.27272727272728,7.0,1.7272727272727273,87.18181818181819,24.545454545454543,2.2727272727272725,74.63636363636364,37.0,2.3636363636363638,87.63636363636364,23.727272727272727,2.6363636363636362,99.72727272727273,10.727272727272728,1.6363636363636365,1.9090909090909092,17.636363636363637,59.45454545454545,36.09090909090909,0.8181818181818179,Não Atingiu a média
117,23087338,2017,1,2,2303,23017,23,2305151,230515105,2,1,1.3333333333333333,1.0,1.0,0.0,0.0,0.0,0.0,0.0,0.0,0.0,0.33333333333333326,6.938893903907228e-18,0.0,1.0,1.0,0.0,0.3333333333333333,0.0,0.0,1.0,0.0,0.0,0.0,0.33333333333333337,0.6666666666666666,0.0,1.0,0.0,6.938893903907228e-18,0.0,0.0,0.0,1.0,1.0,1.0,0.6666666666666666,0.3333333333333333,1.0,0.0,1.0,1.0,0.33333333333333337,0.3333333333333333,0.6666666666666666,0.0,0.0,6.938893903907228e-18,1.0,0.0,0.33333333333333337,0.0,1.0,0.3333333333333333,0.0,1.0,1.0,2.7755575615628914e-17,1.0,0.33333333333333337,0.0,0.0,0.0,3.469446951953614e-18,0.0,11.333333333333334,11.333333333333334,1.0,0.0,0.3333333333333333,0.6666666666666667,1.0,0.33333333333333337,0.6666666666666666,1.0,0.6666666666666666,1.0,2.7755575615628914e-17,0.33333333333333337,1.0,1.3333333333333335,0.0,1.0,0.6666666666666667,1.6666666666666665,0.3333333333333333,1.0,1.0,1.0,2.333333333333333,2.7755575615628914e-17,0.33333333333333337,29.0,9.333333333333332,19.666666666666668,1.0,1.0,59.0,1.0,0.3333333333333333,3.469446951953614e-18,6.938893903907228e-18,0.0,0.0,1.0,0.0,0.0,0.33333333333333337,0.0,1.0,0.0,0.0,3.469446951953614e-18,1.0,1.0,0.0,0.0,0.0,3.469446951953614e-18,0.0,1.0,0.0,0.0,0.0,0.0,0.0,0.0,0.0,0.0,0.0,0.0,1.0,0.0,3.469446951953614e-18,0.0,0.0,0.0,0.0,28.666666666666664,16.333333333333332,156.33333333333331,8.333333333333332,4.333333333333333,14.0,0.33333333333333326,1.0,66.0,105.66666666666666,30.0,10.333333333333334,6.0,8.666666666666666,6.666666666666666,221.33333333333331,2.3333333333333335,225.66666666666666,129.33333333333331,98.66666666666666,173.66666666666666,48.33333333333333,6.0,161.0,58.666666666666664,8.333333333333334,2.0,153.0,73.0,1.0,35.666666666666664,111.66666666666666,65.66666666666666,14.0,1.0,28.33333333333333,48.0,69.66666666666666,42.0,39.0,202.0,17.333333333333336,7.333333333333332,0.6666666666666666,0.6666666666666665,188.0,32.333333333333336,7.666666666666666,13.0,66.0,37.0,32.0,41.66666666666667,9.666666666666666,28.666666666666668,184.0,44.0,168.0,60.0,130.0,85.33333333333333,12.666666666666664,20.0,48.666666666666664,34.33333333333333,25.666666666666664,33.33333333333333,2.6666666666666665,63.33333333333333,168.0,60.0,121.00000000000001,107.0,105.0,84.33333333333333,38.66666666666667,221.33333333333331,6.666666666666666,201.33333333333331,26.666666666666668,191.66666666666669,36.33333333333333,221.33333333333331,6.666666666666666,145.33333333333331,82.66666666666666,65.33333333333333,130.0,32.666666666666664,153.33333333333331,67.33333333333333,7.333333333333333,51.0,56.0,37.33333333333333,75.0,8.666666666666666,76.66666666666666,69.66666666666667,22.0,20.333333333333332,39.33333333333333,39.333333333333336,188.66666666666666,134.66666666666669,74.33333333333333,15.333333333333332,3.6666666666666665,220.0,2.333333333333333,5.666666666666667,160.0,56.33333333333333,11.666666666666666,206.99999999999997,17.333333333333332,3.666666666666667,48.666666666666664,179.33333333333334,183.33333333333334,44.66666666666667,129.66666666666666,86.33333333333333,9.0,3.0,192.0,31.666666666666664,4.333333333333334,114.33333333333334,109.0,4.666666666666667,204.0,20.666666666666668,3.3333333333333335,190.0,31.66666666666667,2.0,4.333333333333334,140.0,88.0,124.33333333333331,83.33333333333334,16.0,4.333333333333333,209.0,16.333333333333332,2.6666666666666665,178.33333333333331,47.0,2.6666666666666665,143.0,79.66666666666666,5.333333333333334,171.0,52.0,5.0,204.66666666666669,17.0,2.6666666666666665,3.666666666666666,28.333333333333332,102.0,96.33333333333331,1.3333333333333335,Não Atingiu a média
118,23234844,2017,1,2,2302,23012,23,2303774,230377471,2,1,1.3333333333333333,1.0,1.0,0.0,0.0,0.0,0.0,0.0,0.0,0.0,2.7755575615628914e-17,6.938893903907228e-18,0.0,1.0,1.0,0.0,0.3333333333333333,0.0,0.0,1.0,0.0,0.0,0.0,0.33333333333333337,0.6666666666666666,0.0,1.0,0.0,6.938893903907228e-18,0.0,0.0,0.0,0.6666666666666667,1.0,1.0,0.6666666666666666,0.0,0.6666666666666666,0.0,0.6666666666666666,1.0,0.33333333333333337,0.3333333333333333,0.6666666666666666,0.0,0.0,6.938893903907228e-18,1.0,0.0,0.6666666666666666,0.0,0.6666666666666667,0.3333333333333333,0.0,0.6666666666666667,0.6666666666666667,0.33333333333333326,1.0,0.0,0.0,0.0,0.6666666666666666,3.469446951953614e-18,0.0,10.333333333333334,9.666666666666666,0.6666666666666666,0.0,0.3333333333333333,0.33333333333333337,0.0,0.0,0.33333333333333337,0.33333333333333337,0.6666666666666666,0.6666666666666666,2.7755575615628914e-17,0.0,1.0,1.0,0.0,0.3333333333333333,0.33333333333333337,0.0,0.0,0.33333333333333337,0.33333333333333337,0.6666666666666667,1.6666666666666667,2.7755575615628914e-17,1.1102230246251565e-16,33.333333333333336,6.333333333333333,27.0,1.0,1.0,54.666666666666664,1.0,5.551115123125783e-17,3.469446951953614e-18,6.938893903907228e-18,0.0,0.0,1.0,0.0,0.0,1.0,0.0,1.0,0.0,0.0,3.469446951953614e-18,1.0,0.6666666666666666,0.0,0.0,0.0,3.469446951953614e-18,0.0,1.0,0.0,0.0,0.0,0.0,0.0,0.0,0.0,0.0,0.0,0.0,0.6666666666666666,0.0,3.469446951953614e-18,0.0,0.0,0.0,0.0,29.666666666666664,19.333333333333332,144.0,12.666666666666668,7.0,7.666666666666667,0.33333333333333326,1.3333333333333335,66.33333333333334,95.0,27.666666666666664,11.333333333333332,7.666666666666666,10.666666666666666,5.333333333333333,215.0,3.6666666666666665,216.66666666666666,121.33333333333333,99.0,154.66666666666666,59.666666666666664,6.0,142.66666666666669,69.66666666666666,8.0,1.0,167.33333333333331,52.0,2.3333333333333335,32.0,126.33333333333333,49.0,10.666666666666666,1.3333333333333333,24.0,49.333333333333336,68.0,42.666666666666664,35.0,203.0,14.0,0.666666666666667,1.6666666666666665,0.9999999999999999,182.33333333333334,31.666666666666664,6.333333333333333,8.333333333333334,55.0,44.0,42.333333333333336,36.666666666666664,11.666666666666668,22.333333333333332,189.66666666666663,30.666666666666664,158.66666666666666,61.666666666666664,128.66666666666666,81.33333333333333,10.333333333333332,20.0,48.33333333333333,33.33333333333333,29.0,35.0,4.666666666666666,50.0,164.66666666666666,55.666666666666664,107.0,113.33333333333333,110.66666666666666,73.66666666666666,36.0,214.33333333333331,6.0,198.33333333333331,22.0,182.66666666666669,37.666666666666664,215.33333333333331,5.0,141.66666666666666,78.66666666666666,64.66666666666666,124.33333333333333,31.333333333333332,150.0,63.333333333333336,7.0,31.333333333333332,57.0,40.0,81.33333333333331,10.666666666666666,66.0,75.33333333333334,23.666666666666668,25.333333333333332,30.0,40.66666666666667,179.66666666666666,130.0,73.33333333333333,14.333333333333332,2.6666666666666665,206.0,2.666666666666666,11.666666666666666,148.33333333333331,52.33333333333333,19.666666666666664,196.66666666666666,17.333333333333332,6.333333333333332,39.666666666666664,180.66666666666669,165.0,55.33333333333333,124.0,81.33333333333333,9.333333333333332,5.666666666666668,178.66666666666666,31.333333333333332,10.333333333333332,108.33333333333333,102.66666666666666,9.333333333333332,185.0,24.666666666666664,10.666666666666664,166.0,40.0,7.000000000000001,7.333333333333332,146.33333333333334,74.0,139.0,70.0,9.0,2.3333333333333335,204.33333333333331,15.0,1.0,163.66666666666666,55.66666666666666,1.0,139.0,79.66666666666666,1.6666666666666667,156.33333333333331,61.666666666666664,2.3333333333333335,201.66666666666669,17.333333333333332,0.6666666666666665,0.666666666666667,22.333333333333332,118.33333333333333,79.33333333333333,0.3333333333333335,Não Atingiu a média
119,23032473,2017,1,2,2301,23007,23,2306395,230639505,2,1,1.6,1.0,1.4,0.0,0.0,-4.336808689942018e-19,-4.336808689942018e-19,0.0,0.0,0.0,0.6,-6.938893903907228e-18,0.0,1.0,0.8,0.39999999999999997,0.6000000000000001,0.20000000000000004,0.0,1.0,-1.734723475976807e-18,0.0,0.0,0.6,1.0,0.0,1.0,0.0,0.0,0.2,-1.734723475976807e-18,0.0,1.0,1.0,0.8,0.4,0.4,0.8,0.2,1.0,1.0,0.2,0.2,0.39999999999999997,0.0,0.0,-6.938893903907228e-18,1.0,-4.336808689942018e-19,0.8,0.4,1.0,0.19999999999999996,0.2,1.0,0.8,0.19999999999999998,0.8,0.2,0.0,0.0,0.0,-3.469446951953614e-18,0.0,11.6,13.8,0.6,-6.938893903907228e-18,0.19999999999999998,0.0,0.6,0.0,0.4,0.6,0.6,0.6,0.0,0.2,1.0,1.2,0.0,0.19999999999999996,0.0,0.6,-5.551115123125783e-17,1.0,1.2,1.0,1.6,0.0,0.19999999999999996,26.6,7.0,19.6,1.0,0.8,52.2,1.0,0.4,0.0,-6.938893903907228e-18,-4.336808689942018e-19,0.0,1.0,-1.734723475976807e-18,0.0,1.0,0.0,1.0,0.0,0.0,-3.469446951953614e-18,1.0,0.0,0.0,-8.673617379884035e-19,-8.673617379884035e-19,0.0,0.0,1.0,0.0,-4.336808689942018e-19,0.0,0.0,0.0,0.0,0.0,0.0,0.0,0.0,-1.1102230246251565e-16,0.0,-3.469446951953614e-18,0.0,0.0,0.0,0.0,30.6,16.8,133.2,7.4,9.4,15.8,-1.3877787807814457e-17,4.8,72.4,92.8,24.6,9.2,4.8,4.6,11.600000000000001,201.60000000000002,5.4,207.8,173.8,39.4,188.0,22.0,3.2,175.8,33.8,3.6,7.0,169.0,37.2,4.3999999999999995,33.4,98.2,57.8,19.400000000000002,1.2,17.2,36.0,57.400000000000006,46.0,55.4,194.2,13.0,3.9999999999999996,1.0,0.9999999999999999,183.20000000000002,24.0,6.0,10.2,58.400000000000006,40.8,28.0,23.8,9.8,42.2,177.8,35.400000000000006,160.6,52.6,136.2,69.4,7.6,22.200000000000003,46.8,34.0,17.4,18.2,5.6,69.0,150.0,63.2,112.0,101.2,150.2,51.6,11.4,207.39999999999998,5.8,198.0,15.2,188.0,25.2,208.0,5.2,154.8,58.4,73.19999999999999,122.0,18.0,126.0,72.0,15.200000000000003,53.800000000000004,60.6,31.0,47.2,20.6,73.6,65.2,16.0,20.0,38.4,26.4,186.8,146.2,50.8,12.4,3.8000000000000003,201.39999999999998,1.7999999999999998,10.0,164.0,38.6,10.6,197.4,13.2,2.5999999999999996,74.0,139.2,183.60000000000002,29.6,140.4,65.4,5.0,2.4,191.8,18.4,3.0,112.2,95.2,5.8,161.8,48.0,3.4,183.60000000000002,24.0,3.2,2.4,141.60000000000002,71.6,128.0,73.6,9.4,2.2,196.60000000000002,14.0,2.6,170.6,40.2,2.4,141.0,68.6,3.6,134.4,74.80000000000001,4.0,189.20000000000002,20.4,1.4,2.2,48.0,94.8,53.2,17.2,Não Atingiu a média
120,23545410,2017,1,2,2301,23001,23,2300200,230020005,2,2,1.0,1.0,1.0,0.0,0.0,0.0,0.0,0.0,0.0,0.0,0.0,0.0,0.0,1.0,0.0,1.0,0.0,0.0,0.0,1.0,0.0,0.0,0.0,0.0,1.0,0.0,1.0,0.0,0.0,0.0,0.0,0.0,1.0,1.0,1.0,1.0,1.0,1.0,0.0,1.0,1.0,0.0,0.0,0.0,0.0,0.0,0.0,1.0,0.0,1.0,0.0,1.0,0.0,0.0,1.0,1.0,0.0,1.0,0.0,0.0,0.0,1.0,0.0,0.0,10.0,8.0,1.0,0.0,1.0,1.0,1.0,0.0,0.0,1.0,1.0,1.0,0.0,1.0,1.0,3.0,0.0,2.0,1.0,1.0,0.0,0.0,1.0,2.0,3.0,0.0,1.0,38.0,5.0,33.0,1.0,0.0,36.0,1.0,1.0,0.0,0.0,0.0,0.0,1.0,0.0,0.0,1.0,0.0,1.0,0.0,0.0,0.0,1.0,0.0,0.0,0.0,0.0,0.0,0.0,1.0,0.0,0.0,0.0,0.0,0.0,0.0,0.0,0.0,0.0,0.0,0.0,0.0,0.0,0.0,0.0,0.0,0.0,24.0,8.0,57.0,2.0,3.0,5.0,0.0,0.0,33.0,33.0,17.0,10.0,3.0,3.0,4.0,95.0,2.0,97.0,78.0,21.0,78.0,18.0,3.0,79.0,16.0,4.0,1.0,71.0,27.0,0.0,3.0,55.0,35.0,6.0,1.0,9.0,8.0,23.0,34.0,24.0,94.0,4.0,1.0,0.0,0.0,80.0,17.0,2.0,11.0,35.0,21.0,6.0,6.0,2.0,18.0,67.0,32.0,51.0,48.0,59.0,37.0,3.0,12.0,26.0,16.0,2.0,5.0,1.0,37.0,55.0,44.0,32.0,67.0,76.0,16.0,7.0,94.0,5.0,89.0,10.0,81.0,18.0,95.0,4.0,66.0,33.0,24.0,54.0,21.0,47.0,44.0,8.0,21.0,27.0,12.0,29.0,10.0,27.0,26.0,11.0,12.0,23.0,12.0,87.0,66.0,27.0,3.0,3.0,98.0,1.0,0.0,49.0,37.0,13.0,86.0,12.0,1.0,40.0,59.0,83.0,16.0,53.0,40.0,5.0,1.0,84.0,14.0,1.0,56.0,41.0,2.0,77.0,20.0,2.0,94.0,2.0,1.0,2.0,69.0,30.0,46.0,46.0,6.0,1.0,90.0,8.0,1.0,71.0,27.0,1.0,62.0,35.0,2.0,69.0,28.0,2.0,95.0,4.0,0.0,0.0,24.0,60.0,15.0,0.0,Não Atingiu a média
121,23050586,2017,1,2,2302,23012,23,2302905,230290505,2,1,1.3333333333333333,1.0,1.6666666666666665,0.0,0.0,0.3333333333333333,0.3333333333333333,0.0,0.0,0.0,1.0,6.938893903907228e-18,0.0,0.6666666666666667,1.0,0.0,0.0,0.0,0.0,1.0,0.0,0.0,0.0,0.0,0.6666666666666666,0.33333333333333337,1.0,0.3333333333333333,6.938893903907228e-18,0.3333333333333333,0.0,0.0,1.0,1.0,1.0,1.0,0.0,0.6666666666666666,0.0,0.6666666666666666,1.0,0.33333333333333337,0.6666666666666665,0.6666666666666666,0.0,0.0,6.938893903907228e-18,1.0,0.0,0.6666666666666666,0.0,1.0,0.3333333333333333,0.33333333333333337,1.0,0.6666666666666667,0.33333333333333326,1.0,0.0,0.0,0.0,0.3333333333333333,3.469446951953614e-18,0.0,9.333333333333334,12.333333333333334,0.6666666666666666,0.0,0.3333333333333333,0.33333333333333337,0.0,0.0,0.33333333333333337,0.6666666666666666,0.33333333333333337,0.6666666666666666,2.7755575615628914e-17,0.33333333333333337,1.0,1.3333333333333335,0.0,0.6666666666666667,0.6666666666666667,0.0,0.0,0.33333333333333337,0.6666666666666667,0.6666666666666667,1.0,2.7755575615628914e-17,0.33333333333333337,20.0,4.333333333333334,13.333333333333334,1.0,0.6666666666666667,62.333333333333336,1.0,0.3333333333333333,3.469446951953614e-18,6.938893903907228e-18,0.0,0.0,1.0,0.0,0.0,0.6666666666666666,0.0,1.0,0.0,0.0,3.469446951953614e-18,1.0,1.0,0.0,0.0,0.0,3.469446951953614e-18,0.0,1.0,0.0,0.0,0.0,0.0,0.0,0.0,0.0,0.0,0.0,0.33333333333333337,1.0,0.0,3.469446951953614e-18,0.0,0.0,0.0,0.0,26.0,19.333333333333332,101.33333333333333,9.666666666666666,3.0,33.66666666666667,1.3877787807814457e-17,1.6666666666666667,58.66666666666667,94.0,24.666666666666664,6.333333333333334,2.666666666666667,5.0,8.0,185.0,8.333333333333332,184.66666666666666,129.66666666666666,63.333333333333336,156.33333333333331,32.333333333333336,4.333333333333333,140.33333333333331,45.333333333333336,7.333333333333333,3.0,155.0,35.0,2.9999999999999996,33.0,91.33333333333333,52.0,13.666666666666666,0.6666666666666667,18.666666666666668,40.0,53.666666666666664,42.0,38.0,173.33333333333331,18.666666666666664,0.3333333333333335,0.6666666666666666,0.0,167.33333333333334,20.333333333333332,5.333333333333333,8.0,49.666666666666664,37.0,32.333333333333336,27.0,15.33333333333333,23.666666666666664,166.66666666666666,26.333333333333332,143.0,50.0,117.66666666666667,69.66666666666666,5.666666666666667,23.333333333333332,49.0,31.0,15.666666666666666,23.666666666666668,5.666666666666666,44.666666666666664,131.33333333333334,61.666666666666664,84.33333333333333,108.66666666666666,115.33333333333334,58.666666666666664,19.0,189.0,4.0,177.0,16.0,166.66666666666669,26.333333333333332,189.0,4.0,132.0,61.0,63.666666666666664,99.33333333333333,29.999999999999996,120.33333333333333,60.66666666666666,12.0,39.666666666666664,47.0,40.666666666666664,52.0,13.666666666666664,48.333333333333336,67.33333333333334,22.666666666666664,24.333333333333332,30.333333333333332,26.333333333333332,166.66666666666666,126.33333333333333,54.33333333333333,9.333333333333334,3.0,182.33333333333331,0.6666666666666667,10.0,146.0,41.0,6.000000000000001,176.66666666666666,12.333333333333334,4.0,43.33333333333333,149.66666666666669,156.66666666666669,36.333333333333336,112.66666666666666,70.66666666666666,6.333333333333333,3.333333333333333,164.33333333333331,25.333333333333332,3.3333333333333335,106.33333333333333,83.33333333333333,3.3333333333333335,158.66666666666666,31.666666666666664,2.6666666666666665,167.33333333333331,21.333333333333332,1.0,3.333333333333333,134.0,59.0,136.33333333333331,48.333333333333336,7.0,1.3333333333333335,181.33333333333331,11.0,0.6666666666666665,147.33333333333331,43.666666666666664,2.0,137.66666666666666,54.33333333333333,1.0,128.33333333333334,63.666666666666664,1.0,179.0,12.0,0.33333333333333326,1.6666666666666667,43.0,96.66666666666666,46.0,7.333333333333332,Não Atingiu a média
122,23564431,2017,1,2,2301,23006,23,2305902,230590205,2,2,1.0,1.0,1.0,0.0,0.0,0.0,0.0,0.0,0.0,0.0,0.0,0.0,0.0,1.0,1.0,0.0,0.0,0.0,0.0,1.0,0.0,0.0,0.0,0.0,1.0,0.0,1.0,0.0,0.0,0.0,0.0,0.0,1.0,1.0,1.0,1.0,0.0,1.0,0.0,1.0,1.0,1.0,0.0,1.0,0.0,0.0,0.0,1.0,0.0,1.0,0.0,1.0,1.0,0.0,1.0,1.0,0.0,1.0,0.0,0.0,0.0,0.0,0.0,0.0,10.0,5.0,1.0,0.0,1.0,1.0,1.0,0.0,1.0,1.0,1.0,1.0,0.0,1.0,1.0,3.0,0.0,2.0,1.0,3.0,0.0,3.0,3.0,3.0,1.0,0.0,2.0,25.0,10.0,11.0,1.0,0.0,42.0,1.0,0.0,0.0,0.0,0.0,0.0,1.0,0.0,0.0,0.0,0.0,1.0,0.0,0.0,0.0,1.0,0.0,0.0,0.0,0.0,0.0,0.0,1.0,0.0,0.0,0.0,0.0,0.0,0.0,0.0,0.0,0.0,0.0,0.0,0.0,0.0,0.0,0.0,0.0,0.0,24.0,3.0,66.0,9.0,5.0,5.0,1.0,2.0,39.0,37.0,15.0,7.0,5.0,6.0,3.0,109.0,1.0,111.0,80.0,32.0,87.0,21.0,4.0,83.0,27.0,2.0,1.0,96.0,15.0,0.0,5.0,36.0,59.0,12.0,1.0,14.0,23.0,31.0,24.0,19.0,104.0,6.0,1.0,1.0,0.0,95.0,11.0,6.0,14.0,39.0,15.0,10.0,12.0,5.0,17.0,94.0,18.0,88.0,24.0,80.0,30.0,2.0,21.0,30.0,19.0,5.0,9.0,0.0,28.0,73.0,39.0,58.0,54.0,88.0,19.0,5.0,110.0,2.0,104.0,8.0,100.0,12.0,111.0,1.0,90.0,22.0,35.0,62.0,15.0,64.0,40.0,8.0,28.0,30.0,19.0,30.0,5.0,26.0,50.0,12.0,16.0,8.0,14.0,98.0,33.0,65.0,14.0,0.0,110.0,1.0,1.0,66.0,26.0,20.0,99.0,10.0,3.0,47.0,65.0,83.0,29.0,76.0,32.0,4.0,0.0,101.0,10.0,1.0,66.0,44.0,2.0,100.0,11.0,1.0,104.0,5.0,2.0,1.0,77.0,35.0,81.0,27.0,4.0,0.0,103.0,7.0,2.0,74.0,37.0,1.0,89.0,20.0,3.0,90.0,20.0,2.0,110.0,0.0,2.0,0.0,33.0,60.0,18.0,1.0,Não Atingiu a média
123,23163043,2017,1,2,2307,23032,23,2304202,230420205,2,1,1.4285714285714286,1.0,1.0,0.0,0.0,0.0,0.0,0.0,0.0,0.0,0.2857142857142857,0.0,0.0,1.0,1.0,0.0,0.2857142857142857,0.0,0.0,1.0,0.0,0.0,0.0,0.8571428571428572,0.14285714285714285,0.0,1.0,0.14285714285714285,0.0,0.0,0.0,0.0,1.0,1.0,0.8571428571428572,0.7142857142857143,0.14285714285714285,0.2857142857142857,0.28571428571428564,0.4285714285714286,1.0,0.5714285714285714,0.14285714285714288,0.7142857142857143,0.0,0.0,0.0,0.8571428571428571,0.0,0.4285714285714286,0.42857142857142855,1.0,0.42857142857142855,0.14285714285714288,0.7142857142857143,0.8571428571428571,0.14285714285714285,0.8571428571428571,0.4285714285714286,0.0,0.0,0.2857142857142857,3.469446951953614e-18,0.0,13.0,14.142857142857142,0.7142857142857143,0.42857142857142855,0.42857142857142855,0.5714285714285714,0.4285714285714286,0.2857142857142857,0.4285714285714286,0.5714285714285714,0.7142857142857143,0.7142857142857143,0.2857142857142857,0.5714285714285714,0.8571428571428572,2.4285714285714284,0.5714285714285714,0.5714285714285714,0.7142857142857143,0.5714285714285714,0.42857142857142855,0.8571428571428572,1.1428571428571428,1.0,2.0,0.2857142857142857,0.5714285714285714,25.571428571428573,5.857142857142857,19.571428571428573,0.8571428571428572,0.8571428571428571,54.857142857142854,1.0,0.2857142857142857,0.0,6.938893903907228e-18,0.0,0.0,1.0,0.0,0.0,0.9999999999999999,0.0,1.0,0.0,0.0,3.469446951953614e-18,1.0,0.5714285714285714,0.14285714285714285,0.0,0.0,0.0,0.5714285714285714,1.0,0.0,0.0,0.0,0.0,0.0,0.0,0.0,0.0,0.0,1.3877787807814457e-17,0.5714285714285714,0.1428571428571429,3.469446951953614e-18,0.0,0.0,0.0,0.0,12.142857142857144,16.714285714285715,46.0,5.142857142857143,2.4285714285714284,4.857142857142858,0.2857142857142857,1.2857142857142858,23.71428571428572,34.285714285714285,11.428571428571429,6.285714285714285,3.7142857142857144,6.285714285714286,2.7142857142857144,84.57142857142858,1.2857142857142856,86.0,54.0,33.28571428571429,68.71428571428572,16.285714285714285,2.2857142857142856,56.14285714285714,26.42857142857143,4.714285714285714,0.4285714285714286,70.57142857142857,16.28571428571429,0.5714285714285714,12.0,49.0,21.714285714285715,4.0,0.14285714285714302,11.142857142857142,17.142857142857146,24.285714285714285,19.285714285714285,15.285714285714286,77.71428571428572,7.285714285714286,1.7142857142857144,0.5714285714285714,-5.551115123125783e-17,65.0,17.285714285714285,5.0,3.7142857142857144,21.142857142857146,13.714285714285714,13.000000000000002,24.285714285714285,3.285714285714286,8.142857142857144,76.28571428571428,11.0,63.99999999999999,23.285714285714285,45.0,39.57142857142857,2.714285714285714,6.857142857142858,18.714285714285715,12.428571428571427,12.142857142857142,14.285714285714286,3.0,19.857142857142858,68.0,19.285714285714285,42.28571428571429,45.0,40.0,32.57142857142857,14.714285714285715,84.28571428571429,3.0,78.42857142857142,8.857142857142858,74.71428571428572,12.571428571428571,83.42857142857144,3.857142857142857,59.142857142857146,28.142857142857142,26.714285714285715,48.85714285714286,11.714285714285715,56.57142857142858,27.14285714285714,3.571428571428571,19.714285714285715,25.285714285714285,14.0,22.71428571428571,5.571428571428571,25.571428571428573,29.85714285714286,8.0,10.428571428571429,13.428571428571427,14.000000000000002,73.28571428571428,48.71428571428572,28.71428571428571,8.142857142857142,1.7142857142857144,81.42857142857142,0.857142857142857,5.0,52.99999999999999,25.857142857142858,8.428571428571429,72.57142857142858,9.571428571428571,5.142857142857142,22.42857142857143,64.85714285714286,75.71428571428572,11.571428571428573,53.14285714285714,31.857142857142858,1.2857142857142851,1.0,78.42857142857142,8.0,0.8571428571428577,49.57142857142857,36.57142857142857,1.1428571428571432,77.42857142857142,8.714285714285714,1.1428571428571432,75.0,10.857142857142858,1.0,0.4285714285714288,53.85714285714286,33.42857142857143,47.142857142857146,35.71428571428572,4.42857142857143,0.0,81.57142857142858,5.428571428571428,0.28571428571428603,69.57142857142857,17.428571428571427,0.28571428571428603,62.42857142857143,23.999999999999996,0.8571428571428577,68.0,19.0,0.28571428571428603,78.28571428571429,8.42857142857143,0.5714285714285716,0.0,17.142857142857142,48.28571428571429,21.857142857142858,4.440892098500626e-16,Não Atingiu a média
124,23017298,2017,1,2,2301,23004,23,2300487,230048705,2,1,1.0,1.0,1.0,0.0,0.0,0.0,0.0,0.0,0.0,0.0,0.3333333333333333,6.938893903907228e-18,0.0,1.0,1.0,0.0,0.3333333333333333,0.0,0.0,1.0,0.0,0.0,0.0,0.6666666666666666,0.33333333333333337,0.0,0.6666666666666667,0.0,0.3333333333333333,0.0,0.0,0.0,1.0,1.0,1.0,0.0,0.3333333333333333,1.0,0.0,1.0,1.0,0.33333333333333337,0.3333333333333333,0.6666666666666666,0.0,0.0,6.938893903907228e-18,0.6666666666666667,0.0,1.1102230246251565e-16,0.0,1.0,5.551115123125783e-17,0.0,0.6666666666666667,0.6666666666666667,0.3333333333333333,0.33333333333333337,0.0,0.0,0.0,0.3333333333333333,3.469446951953614e-18,0.0,15.0,15.0,0.6666666666666666,0.0,0.3333333333333333,0.33333333333333337,0.6666666666666666,0.0,0.6666666666666666,0.33333333333333337,0.6666666666666666,0.6666666666666666,0.33333333333333337,0.33333333333333337,1.0,1.0,0.0,1.0,0.33333333333333337,0.6666666666666666,0.0,1.3333333333333335,0.6666666666666667,2.6666666666666665,4.333333333333333,0.33333333333333337,0.33333333333333337,15.666666666666668,3.666666666666667,12.0,1.0,1.0,52.0,1.0,0.3333333333333333,3.469446951953614e-18,6.938893903907228e-18,0.0,0.0,1.0,0.0,0.0,0.33333333333333337,0.0,1.0,0.0,0.0,3.469446951953614e-18,1.0,0.6666666666666666,0.0,0.0,0.0,3.469446951953614e-18,0.0,1.0,0.0,0.0,0.0,0.0,0.0,0.0,0.0,0.0,0.0,0.0,0.6666666666666666,0.0,3.469446951953614e-18,0.0,0.0,0.0,0.0,25.666666666666664,13.0,107.33333333333333,7.333333333333333,2.3333333333333335,10.666666666666666,0.33333333333333326,1.3333333333333335,55.666666666666664,65.0,21.333333333333332,11.333333333333332,5.0,6.333333333333334,11.333333333333332,155.0,8.0,158.33333333333334,125.66666666666666,40.66666666666667,140.33333333333331,22.333333333333336,3.666666666666667,130.33333333333331,33.0,3.0,3.0,126.66666666666666,36.666666666666664,2.3333333333333335,16.0,78.33333333333333,44.666666666666664,25.0,2.0,16.333333333333332,27.0,39.666666666666664,38.0,43.33333333333333,152.33333333333334,10.333333333333334,3.0,0.33333333333333337,0.3333333333333333,139.33333333333334,23.0,4.0,7.0,49.666666666666664,28.333333333333332,19.333333333333332,14.666666666666668,9.666666666666666,37.66666666666667,137.33333333333334,29.0,117.66666666666666,48.666666666666664,105.66666666666666,54.666666666666664,6.0,15.666666666666666,48.666666666666664,21.666666666666668,10.333333333333334,13.333333333333334,4.0,52.666666666666664,113.66666666666667,52.666666666666664,84.66666666666667,81.66666666666667,96.33333333333333,49.666666666666664,20.333333333333332,160.0,6.333333333333333,149.0,17.333333333333336,143.66666666666669,22.666666666666668,159.0,7.333333333333334,118.33333333333333,48.0,50.0,99.33333333333333,17.0,97.33333333333333,58.666666666666664,10.333333333333334,36.333333333333336,45.0,24.0,49.333333333333336,11.666666666666666,57.0,44.333333333333336,14.333333333333332,23.0,27.666666666666664,26.333333333333332,140.0,129.33333333333334,23.333333333333336,11.0,2.666666666666667,162.33333333333331,1.3333333333333335,2.666666666666667,103.0,46.666666666666664,16.666666666666664,149.66666666666666,12.0,4.666666666666667,48.0,118.33333333333333,132.33333333333334,34.0,86.33333333333333,71.66666666666666,7.333333333333333,1.0,144.0,20.333333333333332,2.0,79.0,83.33333333333333,4.0,130.33333333333334,32.666666666666664,3.3333333333333335,142.66666666666666,19.333333333333332,3.333333333333333,1.0,104.66666666666666,61.666666666666664,84.0,71.33333333333334,10.666666666666666,0.3333333333333335,152.0,13.666666666666666,0.6666666666666665,135.0,30.0,1.3333333333333335,109.0,54.33333333333333,3.0,107.66666666666667,55.666666666666664,3.0,153.33333333333334,11.333333333333334,1.3333333333333335,0.3333333333333335,25.666666666666668,92.66666666666666,41.333333333333336,6.666666666666666,Não Atingiu a média
125,23462337,2017,1,2,2303,23016,23,2301000,230100005,2,2,1.0,1.0,1.0,0.0,0.0,0.0,0.0,0.0,0.0,0.0,0.0,0.0,0.0,1.0,0.0,1.0,1.0,0.0,0.0,1.0,0.0,0.0,0.0,0.0,1.0,0.0,1.0,0.0,0.0,0.0,0.0,0.0,0.0,1.0,1.0,0.0,0.0,0.0,0.0,0.0,1.0,0.0,0.0,0.0,0.0,0.0,0.0,1.0,0.0,0.0,0.0,1.0,0.0,0.0,0.0,0.0,0.0,1.0,0.0,0.0,0.0,0.0,0.0,0.0,6.0,2.0,1.0,0.0,1.0,0.0,0.0,1.0,0.0,1.0,0.0,0.0,0.0,1.0,1.0,2.0,0.0,1.0,0.0,0.0,1.0,0.0,1.0,0.0,0.0,0.0,1.0,20.0,4.0,17.0,1.0,0.0,33.0,1.0,0.0,0.0,0.0,0.0,0.0,1.0,0.0,0.0,0.0,0.0,1.0,0.0,0.0,0.0,1.0,1.0,1.0,0.0,0.0,0.0,0.0,1.0,0.0,0.0,0.0,0.0,0.0,0.0,0.0,0.0,0.0,0.0,1.0,1.0,0.0,0.0,0.0,0.0,0.0,7.0,4.0,60.0,5.0,5.0,4.0,0.0,0.0,18.0,37.0,15.0,3.0,1.0,11.0,1.0,84.0,0.0,85.0,58.0,27.0,66.0,16.0,3.0,64.0,18.0,3.0,0.0,63.0,22.0,0.0,9.0,43.0,27.0,6.0,0.0,8.0,26.0,20.0,17.0,14.0,77.0,6.0,1.0,1.0,0.0,61.0,22.0,2.0,6.0,30.0,19.0,10.0,7.0,3.0,10.0,75.0,10.0,66.0,19.0,40.0,40.0,5.0,9.0,27.0,12.0,5.0,8.0,2.0,22.0,60.0,25.0,39.0,46.0,38.0,34.0,13.0,85.0,0.0,74.0,11.0,73.0,12.0,84.0,1.0,59.0,26.0,20.0,47.0,18.0,56.0,25.0,4.0,20.0,25.0,14.0,22.0,4.0,25.0,30.0,8.0,15.0,7.0,10.0,75.0,44.0,36.0,4.0,1.0,84.0,0.0,1.0,55.0,21.0,9.0,68.0,12.0,5.0,17.0,68.0,58.0,27.0,43.0,36.0,6.0,0.0,76.0,9.0,0.0,43.0,42.0,0.0,72.0,13.0,0.0,80.0,5.0,0.0,0.0,59.0,26.0,49.0,30.0,6.0,0.0,80.0,5.0,0.0,60.0,25.0,0.0,50.0,35.0,0.0,53.0,32.0,0.0,81.0,3.0,0.0,1.0,14.0,50.0,21.0,0.0,Não Atingiu a média
126,23510986,2017,1,2,2303,23016,23,2304285,230428505,2,1,1.0,1.0,1.0,0.0,0.0,0.0,0.0,0.0,0.0,0.0,0.0,0.0,0.0,1.0,0.0,1.0,1.0,0.0,0.0,1.0,0.0,0.0,0.0,0.0,1.0,0.0,1.0,0.0,0.0,0.0,0.0,0.0,1.0,1.0,1.0,1.0,0.0,1.0,0.0,1.0,1.0,1.0,0.0,1.0,0.0,0.0,0.0,0.0,0.0,1.0,0.0,1.0,1.0,0.0,1.0,1.0,0.0,1.0,0.0,0.0,0.0,0.0,0.0,0.0,7.0,7.0,1.0,0.0,1.0,0.0,0.0,0.0,0.0,1.0,1.0,1.0,0.0,1.0,1.0,4.0,0.0,3.0,0.0,0.0,0.0,0.0,5.0,2.0,3.0,0.0,2.0,72.0,19.0,53.0,1.0,1.0,52.0,1.0,0.0,0.0,0.0,0.0,0.0,1.0,0.0,0.0,0.0,0.0,1.0,0.0,0.0,0.0,1.0,1.0,1.0,0.0,0.0,0.0,0.0,1.0,0.0,0.0,0.0,0.0,0.0,0.0,0.0,0.0,0.0,0.0,1.0,1.0,0.0,0.0,0.0,0.0,0.0,14.0,16.0,69.0,11.0,2.0,15.0,0.0,0.0,45.0,60.0,7.0,2.0,4.0,9.0,6.0,121.0,4.0,123.0,62.0,65.0,89.0,35.0,3.0,91.0,32.0,4.0,2.0,78.0,47.0,2.0,15.0,72.0,32.0,6.0,1.0,10.0,37.0,35.0,23.0,21.0,114.0,10.0,3.0,0.0,0.0,92.0,29.0,6.0,5.0,31.0,17.0,14.0,38.0,4.0,18.0,110.0,17.0,100.0,27.0,67.0,54.0,6.0,12.0,13.0,21.0,13.0,33.0,2.0,33.0,104.0,23.0,76.0,51.0,67.0,40.0,20.0,120.0,7.0,111.0,16.0,112.0,15.0,119.0,8.0,85.0,42.0,29.0,73.0,25.0,71.0,47.0,9.0,33.0,34.0,16.0,34.0,10.0,34.0,48.0,6.0,9.0,30.0,37.0,90.0,73.0,44.0,6.0,4.0,122.0,0.0,5.0,85.0,32.0,10.0,111.0,12.0,4.0,27.0,100.0,104.0,23.0,67.0,42.0,8.0,10.0,92.0,25.0,10.0,57.0,56.0,14.0,105.0,13.0,9.0,103.0,14.0,1.0,9.0,68.0,59.0,65.0,43.0,13.0,6.0,106.0,14.0,7.0,88.0,31.0,8.0,75.0,43.0,9.0,99.0,22.0,6.0,112.0,9.0,3.0,3.0,24.0,80.0,23.0,0.0,Não Atingiu a média
127,23235666,2017,1,2,2304,23016,23,2301979,230197905,2,1,1.0,1.0,1.0,0.0,0.0,0.0,0.0,0.0,0.0,0.0,0.0,0.5,0.0,1.0,0.5,0.5,0.5,0.0,0.0,1.0,0.0,0.0,0.0,0.5,1.0,0.0,1.0,0.0,0.0,0.0,0.0,0.5,1.0,0.5,1.0,0.0,0.0,1.0,0.0,1.0,1.0,1.0,0.0,1.0,0.0,0.0,0.0,1.0,0.0,0.5,0.5,0.5,0.5,0.5,1.0,0.5,0.5,1.0,0.5,0.0,0.0,1.0,0.0,0.0,9.0,9.0,0.5,0.0,0.5,0.0,0.5,0.0,0.0,0.5,0.5,0.5,0.0,0.0,1.0,0.5,0.0,0.5,0.0,2.0,0.0,0.0,0.5,0.5,1.0,0.0,0.0,14.0,4.5,9.5,1.0,1.0,45.5,1.0,0.0,0.0,0.0,0.0,0.0,1.0,0.0,0.0,1.0,0.0,1.0,0.0,0.0,0.0,1.0,1.0,0.0,0.0,0.0,0.0,0.0,1.0,0.0,0.0,0.0,0.0,0.0,0.0,0.0,0.0,0.0,0.0,1.0,0.0,0.0,0.0,0.0,0.0,0.0,5.5,12.5,88.5,9.0,1.0,16.5,0.0,1.5,31.5,66.5,17.5,9.0,3.5,3.5,5.0,128.0,2.0,131.0,103.0,30.0,116.5,14.0,2.5,108.5,22.5,2.0,3.0,113.0,17.0,2.0,17.5,75.0,33.5,5.0,0.0,7.5,22.5,38.0,33.5,31.5,122.0,9.0,1.0,1.0,0.0,118.0,11.5,3.5,8.5,47.0,14.0,15.0,15.0,5.5,28.0,103.0,30.0,92.0,41.0,85.5,40.0,7.5,18.0,36.0,12.5,8.5,10.0,1.0,47.0,78.0,55.0,56.5,76.5,102.0,21.5,9.5,129.5,3.5,124.5,8.5,120.0,13.0,130.0,3.0,98.5,34.5,46.5,77.0,9.5,80.0,48.0,5.0,46.0,30.5,15.0,32.0,9.5,50.0,36.5,4.5,11.5,30.5,18.0,115.0,95.5,24.5,8.0,5.0,127.0,0.5,5.5,85.5,36.5,11.0,123.5,7.5,2.0,47.5,85.5,115.0,18.0,82.0,47.0,3.0,1.0,121.0,10.0,2.0,72.0,57.5,3.5,108.5,23.5,1.0,122.5,9.0,0.5,1.0,80.5,52.5,73.5,53.0,6.0,0.5,125.5,7.0,0.5,119.0,12.5,1.5,90.0,41.0,2.0,97.5,34.5,1.0,125.0,7.5,0.5,0.0,24.0,63.5,27.5,18.0,Não Atingiu a média
128,23137924,2017,1,2,2305,23025,23,2306009,230600905,2,1,1.0,1.0,1.0,0.0,0.0,0.0,0.0,0.0,0.0,0.0,1.0,0.0,0.0,1.0,1.0,0.0,0.0,0.0,0.0,1.0,0.0,0.0,0.0,1.0,1.0,0.0,1.0,0.0,0.0,0.0,0.0,0.0,1.0,1.0,1.0,1.0,1.0,0.0,0.0,0.0,1.0,1.0,0.0,1.0,0.0,0.0,0.0,1.0,0.0,1.0,1.0,1.0,0.0,0.0,1.0,0.0,0.0,1.0,1.0,0.0,0.0,0.0,0.0,0.0,5.0,8.0,1.0,0.0,1.0,0.0,0.0,0.0,0.0,1.0,0.0,1.0,0.0,0.0,1.0,1.0,0.0,1.0,0.0,0.0,0.0,0.0,1.0,0.0,1.0,0.0,0.0,16.0,3.0,13.0,1.0,1.0,42.0,1.0,1.0,0.0,0.0,0.0,0.0,1.0,0.0,0.0,0.0,0.0,1.0,0.0,0.0,0.0,1.0,1.0,0.0,0.0,0.0,0.0,0.0,1.0,0.0,0.0,0.0,0.0,0.0,0.0,0.0,0.0,0.0,0.0,1.0,0.0,0.0,0.0,0.0,0.0,0.0,11.0,7.0,35.0,3.0,1.0,2.0,0.0,1.0,27.0,21.0,5.0,4.0,0.0,1.0,1.0,58.0,2.0,57.0,36.0,23.0,48.0,11.0,0.0,44.0,13.0,2.0,0.0,49.0,10.0,0.0,10.0,36.0,13.0,0.0,0.0,9.0,17.0,18.0,9.0,6.0,50.0,9.0,0.0,0.0,0.0,44.0,8.0,7.0,0.0,16.0,9.0,8.0,13.0,4.0,9.0,53.0,6.0,45.0,14.0,33.0,23.0,3.0,6.0,17.0,9.0,4.0,10.0,1.0,12.0,38.0,21.0,28.0,31.0,44.0,12.0,3.0,57.0,2.0,51.0,8.0,51.0,8.0,59.0,0.0,41.0,18.0,20.0,31.0,8.0,41.0,14.0,4.0,13.0,15.0,11.0,13.0,7.0,19.0,23.0,5.0,6.0,6.0,10.0,49.0,48.0,10.0,1.0,0.0,58.0,0.0,1.0,47.0,11.0,1.0,55.0,2.0,2.0,14.0,45.0,49.0,10.0,38.0,20.0,1.0,0.0,52.0,5.0,2.0,34.0,24.0,1.0,50.0,9.0,0.0,55.0,4.0,0.0,0.0,40.0,19.0,32.0,24.0,3.0,0.0,54.0,5.0,0.0,50.0,9.0,0.0,40.0,19.0,0.0,44.0,15.0,0.0,58.0,1.0,0.0,0.0,17.0,34.0,8.0,0.0,Não Atingiu a média
129,23139382,2017,1,2,2306,23026,23,2303808,230380805,2,1,1.0,1.0,1.0,0.0,0.0,0.0,0.0,0.0,0.0,0.0,0.0,0.0,0.0,1.0,1.0,1.0,1.0,0.0,0.0,1.0,0.0,0.0,0.0,1.0,1.0,0.0,1.0,0.0,0.0,0.0,0.0,0.0,1.0,1.0,1.0,1.0,0.0,1.0,0.0,1.0,1.0,1.0,1.0,1.0,0.0,0.0,0.0,1.0,0.0,1.0,0.0,1.0,1.0,0.0,1.0,1.0,1.0,1.0,1.0,0.0,0.0,1.0,0.0,0.0,9.0,9.0,1.0,0.0,1.0,1.0,1.0,0.0,0.0,1.0,1.0,1.0,0.0,1.0,1.0,2.0,0.0,2.0,1.0,1.0,0.0,0.0,2.0,3.0,2.0,0.0,1.0,63.0,5.0,58.0,1.0,1.0,93.0,1.0,0.0,0.0,0.0,0.0,0.0,1.0,0.0,0.0,0.0,0.0,1.0,0.0,0.0,0.0,1.0,0.0,0.0,0.0,0.0,0.0,0.0,1.0,0.0,0.0,0.0,0.0,0.0,0.0,0.0,0.0,0.0,0.0,0.0,0.0,0.0,0.0,0.0,0.0,0.0,34.0,24.0,78.0,8.0,3.0,8.0,0.0,5.0,26.0,42.0,37.0,19.0,12.0,14.0,4.0,151.0,2.0,153.0,82.0,73.0,125.0,26.0,4.0,116.0,35.0,4.0,1.0,139.0,15.0,3.0,30.0,88.0,31.0,3.0,1.0,15.0,40.0,42.0,30.0,27.0,139.0,12.0,3.0,0.0,1.0,126.0,25.0,4.0,4.0,54.0,28.0,18.0,13.0,9.0,29.0,121.0,34.0,117.0,38.0,98.0,52.0,5.0,17.0,46.0,21.0,12.0,12.0,0.0,47.0,101.0,54.0,75.0,80.0,82.0,51.0,22.0,150.0,5.0,135.0,20.0,133.0,22.0,150.0,5.0,105.0,50.0,48.0,91.0,16.0,96.0,47.0,12.0,45.0,38.0,18.0,42.0,12.0,54.0,37.0,11.0,16.0,37.0,23.0,132.0,80.0,50.0,22.0,3.0,147.0,0.0,8.0,65.0,69.0,21.0,124.0,21.0,10.0,46.0,109.0,148.0,7.0,92.0,59.0,4.0,0.0,127.0,18.0,10.0,86.0,60.0,9.0,125.0,28.0,2.0,145.0,9.0,1.0,0.0,94.0,61.0,76.0,70.0,9.0,0.0,145.0,7.0,3.0,125.0,25.0,5.0,108.0,45.0,2.0,105.0,45.0,5.0,147.0,7.0,1.0,0.0,27.0,90.0,38.0,0.0,Não Atingiu a média
130,23104147,2017,1,2,2304,23020,23,2300408,230040805,2,1,1.0,1.0,1.0,0.0,0.0,0.0,0.0,0.0,0.0,0.0,1.0,0.0,0.0,1.0,1.0,0.0,0.0,0.0,0.0,1.0,0.0,0.0,0.0,1.0,0.0,0.0,1.0,0.0,0.0,0.0,0.0,0.0,1.0,1.0,1.0,1.0,0.0,1.0,0.0,1.0,1.0,1.0,1.0,1.0,0.0,0.0,0.0,1.0,0.0,1.0,1.0,1.0,1.0,0.0,1.0,0.0,0.0,1.0,0.0,0.0,0.0,0.0,0.0,0.0,6.0,14.0,1.0,0.0,0.0,1.0,1.0,1.0,1.0,0.0,1.0,1.0,1.0,1.0,1.0,2.0,0.0,0.0,1.0,2.0,1.0,1.0,0.0,1.0,1.0,1.0,1.0,23.0,5.0,18.0,1.0,0.0,42.0,1.0,0.0,0.0,0.0,0.0,0.0,1.0,0.0,0.0,0.0,0.0,1.0,0.0,0.0,0.0,1.0,1.0,0.0,0.0,0.0,0.0,0.0,1.0,0.0,0.0,0.0,0.0,0.0,0.0,0.0,0.0,0.0,0.0,1.0,0.0,0.0,0.0,0.0,0.0,0.0,16.0,11.0,108.0,10.0,3.0,11.0,0.0,9.0,37.0,60.0,26.0,10.0,6.0,11.0,4.0,155.0,5.0,154.0,120.0,39.0,140.0,18.0,1.0,117.0,37.0,5.0,10.0,134.0,15.0,1.0,14.0,75.0,57.0,12.0,1.0,23.0,39.0,47.0,32.0,17.0,148.0,10.0,1.0,0.0,0.0,127.0,26.0,6.0,13.0,44.0,29.0,16.0,26.0,11.0,20.0,128.0,31.0,108.0,51.0,87.0,63.0,9.0,36.0,43.0,24.0,7.0,8.0,5.0,36.0,85.0,74.0,53.0,106.0,129.0,24.0,6.0,157.0,2.0,145.0,14.0,138.0,21.0,156.0,3.0,128.0,31.0,41.0,97.0,21.0,97.0,52.0,10.0,35.0,41.0,34.0,41.0,8.0,48.0,39.0,23.0,22.0,27.0,25.0,134.0,92.0,51.0,14.0,2.0,157.0,0.0,2.0,105.0,41.0,13.0,141.0,14.0,4.0,44.0,115.0,134.0,25.0,132.0,24.0,2.0,1.0,139.0,16.0,4.0,90.0,65.0,4.0,122.0,35.0,2.0,151.0,4.0,3.0,1.0,100.0,59.0,126.0,27.0,6.0,0.0,151.0,7.0,1.0,128.0,28.0,3.0,101.0,56.0,2.0,111.0,46.0,2.0,150.0,8.0,1.0,0.0,16.0,75.0,40.0,28.0,Não Atingiu a média
131,23215747,2017,1,2,2301,23001,23,2306553,230655305,2,2,1.0,1.0,1.0,0.0,0.0,0.0,0.0,0.0,0.0,0.0,0.0,0.0,0.0,1.0,0.0,0.0,1.0,0.0,0.0,1.0,0.0,0.0,0.0,0.0,1.0,0.0,0.0,0.0,1.0,0.0,0.0,0.0,0.0,0.0,1.0,0.0,0.0,1.0,0.0,1.0,1.0,1.0,0.0,1.0,0.0,0.0,0.0,1.0,0.0,0.0,0.0,0.0,0.0,0.0,0.0,0.0,0.0,1.0,0.0,0.0,0.0,0.0,0.0,0.0,5.0,5.0,1.0,0.0,1.0,0.0,0.0,0.0,1.0,0.0,0.0,1.0,0.0,1.0,1.0,1.0,0.0,1.0,0.0,0.0,0.0,1.0,0.0,0.0,1.0,0.0,2.0,8.0,1.0,7.0,1.0,1.0,31.0,1.0,0.0,0.0,2.0,0.0,1.0,0.0,1.0,0.0,1.0,0.0,1.0,0.0,0.0,0.0,1.0,0.0,0.0,0.0,0.0,1.0,1.0,1.0,0.0,0.0,0.0,0.0,0.0,0.0,0.0,0.0,0.0,0.0,0.0,0.0,0.0,0.0,0.0,0.0,0.0,0.0,0.0,1.0,0.0,8.0,1.0,0.0,0.0,0.0,4.0,2.0,0.0,1.0,3.0,3.0,7.0,2.0,8.0,6.0,4.0,10.0,0.0,0.0,10.0,0.0,0.0,1.0,8.0,1.0,0.0,2.0,2.0,4.0,2.0,1.0,1.0,1.0,2.0,2.0,3.0,7.0,3.0,0.0,0.0,0.0,6.0,4.0,0.0,0.0,3.0,0.0,1.0,0.0,1.0,5.0,9.0,1.0,8.0,2.0,6.0,3.0,1.0,2.0,3.0,0.0,0.0,0.0,1.0,4.0,8.0,2.0,6.0,4.0,3.0,6.0,1.0,8.0,2.0,8.0,2.0,8.0,2.0,9.0,1.0,8.0,2.0,2.0,6.0,2.0,6.0,3.0,1.0,1.0,4.0,0.0,2.0,3.0,4.0,2.0,2.0,1.0,1.0,1.0,9.0,7.0,0.0,2.0,1.0,9.0,0.0,1.0,4.0,5.0,1.0,6.0,1.0,3.0,7.0,3.0,7.0,3.0,6.0,2.0,1.0,1.0,5.0,4.0,1.0,8.0,2.0,0.0,8.0,2.0,0.0,9.0,1.0,0.0,0.0,3.0,7.0,4.0,5.0,1.0,0.0,9.0,0.0,1.0,6.0,4.0,0.0,7.0,3.0,0.0,7.0,3.0,0.0,9.0,1.0,0.0,0.0,2.0,8.0,0.0,0.0,Não Atingiu a média
132,23156210,2017,1,2,2307,23030,23,2303204,230320405,2,1,1.0,1.0,1.0,0.0,0.0,0.0,0.0,0.0,0.0,0.0,0.0,0.0,0.0,1.0,1.0,0.0,1.0,0.0,0.0,1.0,0.0,0.0,0.0,0.0,1.0,0.0,1.0,0.0,0.0,1.0,0.0,0.0,1.0,1.0,1.0,1.0,0.0,1.0,0.0,1.0,1.0,1.0,0.0,1.0,0.0,0.0,0.0,1.0,0.0,1.0,1.0,1.0,0.0,0.0,1.0,1.0,1.0,1.0,0.0,0.0,0.0,0.0,0.0,0.0,7.0,7.0,1.0,1.0,1.0,1.0,1.0,1.0,1.0,1.0,1.0,1.0,1.0,1.0,1.0,5.0,1.0,2.0,1.0,3.0,1.0,3.0,2.0,5.0,1.0,1.0,4.0,22.0,2.0,20.0,1.0,1.0,40.0,1.0,0.0,0.0,0.0,0.0,0.0,1.0,0.0,0.0,1.0,0.0,1.0,0.0,0.0,0.0,1.0,0.0,0.0,0.0,0.0,0.0,0.0,1.0,0.0,0.0,0.0,0.0,0.0,0.0,0.0,0.0,0.0,0.0,0.0,0.0,0.0,0.0,0.0,0.0,0.0,35.0,12.0,69.0,4.0,1.0,8.0,1.0,4.0,38.0,55.0,17.0,10.0,1.0,3.0,3.0,126.0,6.0,123.0,73.0,56.0,104.0,23.0,2.0,84.0,35.0,10.0,1.0,106.0,22.0,1.0,11.0,76.0,33.0,8.0,3.0,13.0,30.0,33.0,29.0,21.0,117.0,11.0,0.0,1.0,0.0,109.0,19.0,1.0,7.0,43.0,27.0,12.0,17.0,12.0,11.0,103.0,26.0,94.0,35.0,83.0,44.0,2.0,16.0,36.0,23.0,12.0,7.0,3.0,32.0,81.0,48.0,57.0,72.0,74.0,45.0,10.0,124.0,5.0,115.0,14.0,111.0,18.0,126.0,3.0,95.0,34.0,45.0,70.0,14.0,74.0,46.0,9.0,37.0,28.0,18.0,36.0,10.0,37.0,39.0,15.0,13.0,25.0,31.0,98.0,82.0,36.0,9.0,2.0,124.0,1.0,4.0,76.0,44.0,9.0,114.0,12.0,3.0,28.0,101.0,110.0,19.0,84.0,36.0,6.0,3.0,107.0,19.0,3.0,71.0,57.0,1.0,106.0,23.0,0.0,100.0,22.0,4.0,3.0,75.0,54.0,79.0,39.0,10.0,1.0,111.0,17.0,1.0,101.0,27.0,1.0,81.0,47.0,1.0,93.0,36.0,0.0,104.0,21.0,3.0,1.0,28.0,76.0,25.0,0.0,Não Atingiu a média
133,23157879,2017,1,2,2307,23030,23,2304806,230480605,2,1,1.0,1.0,1.0,0.0,0.0,0.0,0.0,0.0,0.0,0.0,0.0,0.0,0.0,1.0,1.0,0.0,0.0,0.0,0.0,1.0,0.0,0.0,0.0,1.0,1.0,0.0,1.0,0.0,1.0,0.0,0.0,0.0,0.0,0.0,1.0,0.0,0.0,0.0,0.0,0.0,1.0,0.0,0.0,0.0,0.0,0.0,0.0,0.0,0.0,1.0,1.0,0.0,1.0,0.0,1.0,0.0,0.0,1.0,0.0,0.0,0.0,0.0,0.0,0.0,4.0,5.0,0.0,0.0,0.0,0.0,0.0,0.0,1.0,0.0,0.0,1.0,0.0,0.0,1.0,0.0,0.0,0.0,0.0,0.0,0.0,1.0,0.0,0.0,1.0,0.0,0.0,8.0,4.0,4.0,1.0,1.0,24.0,1.0,0.0,0.0,0.0,0.0,0.0,1.0,0.0,0.0,1.0,0.0,1.0,0.0,0.0,0.0,1.0,1.0,0.0,0.0,0.0,0.0,0.0,1.0,0.0,0.0,0.0,0.0,0.0,0.0,0.0,0.0,0.0,0.0,1.0,0.0,0.0,0.0,0.0,0.0,0.0,6.0,4.0,48.0,4.0,1.0,2.0,0.0,1.0,11.0,28.0,11.0,10.0,0.0,4.0,2.0,63.0,1.0,64.0,53.0,12.0,56.0,9.0,0.0,53.0,11.0,1.0,4.0,55.0,6.0,0.0,17.0,28.0,18.0,2.0,0.0,6.0,15.0,11.0,15.0,18.0,64.0,1.0,0.0,0.0,0.0,57.0,7.0,1.0,6.0,29.0,15.0,4.0,5.0,2.0,4.0,51.0,14.0,45.0,20.0,44.0,18.0,3.0,15.0,16.0,13.0,3.0,2.0,0.0,16.0,32.0,33.0,28.0,37.0,53.0,9.0,3.0,63.0,2.0,56.0,9.0,53.0,12.0,63.0,2.0,46.0,19.0,16.0,36.0,13.0,38.0,23.0,4.0,13.0,23.0,5.0,18.0,6.0,21.0,21.0,9.0,8.0,6.0,4.0,61.0,43.0,18.0,4.0,0.0,64.0,0.0,1.0,40.0,20.0,5.0,57.0,5.0,3.0,15.0,50.0,44.0,21.0,35.0,29.0,1.0,0.0,50.0,15.0,0.0,40.0,25.0,0.0,54.0,11.0,0.0,40.0,23.0,2.0,0.0,39.0,26.0,40.0,22.0,3.0,0.0,63.0,2.0,0.0,42.0,23.0,0.0,40.0,25.0,0.0,50.0,15.0,0.0,57.0,8.0,0.0,0.0,18.0,33.0,14.0,0.0,Não Atingiu a média
134,23132813,2017,1,2,2305,23023,23,2306942,230694285,2,1,1.2,1.0,1.0,0.0,0.0,-4.336808689942018e-19,-4.336808689942018e-19,0.0,0.0,0.0,0.39999999999999997,-6.938893903907228e-18,0.0,1.0,1.0,0.0,0.0,-8.673617379884035e-19,0.0,1.0,-1.734723475976807e-18,0.0,0.0,0.8,0.6,0.0,1.0,0.0,0.2,0.0,-1.734723475976807e-18,0.0,0.8,1.0,0.8,0.6,0.4,0.39999999999999997,0.2,0.39999999999999997,1.0,0.4,0.19999999999999998,0.39999999999999997,0.0,0.0,-6.938893903907228e-18,1.0,-4.336808689942018e-19,0.6,0.6000000000000001,1.0,0.8,0.0,0.8,0.6,-2.7755575615628914e-17,1.0,0.4,0.0,0.0,0.0,-3.469446951953614e-18,0.0,7.199999999999999,8.8,0.8,0.39999999999999997,0.6,0.4,0.4,0.4,0.6,0.6,0.8,0.6,0.4,0.4,1.0,1.0,1.2000000000000004,1.2000000000000002,0.6000000000000001,0.4,0.4,1.2000000000000002,1.2,1.0,1.4,0.4,0.39999999999999997,24.6,3.0,21.8,1.0,1.0,42.8,1.0,0.4,0.0,-6.938893903907228e-18,-4.336808689942018e-19,0.0,1.0,-1.734723475976807e-18,0.0,0.6,0.0,1.0,0.0,0.0,-3.469446951953614e-18,1.0,0.4,0.4,-8.673617379884035e-19,-8.673617379884035e-19,0.0,0.0,1.0,0.0,-4.336808689942018e-19,0.0,0.0,0.0,0.0,0.0,0.0,0.0,0.0,0.4,0.4000000000000001,-3.469446951953614e-18,0.0,0.0,0.0,0.0,21.6,9.4,60.8,4.8,0.7999999999999998,5.199999999999999,-1.3877787807814457e-17,1.4,30.799999999999997,41.0,12.2,9.6,3.4,4.2,3.5999999999999996,99.0,2.2,100.4,59.4,43.2,83.0,18.799999999999997,0.7999999999999998,70.0,30.0,2.6,2.6000000000000005,82.6,17.4,0.19999999999999973,19.2,57.0,21.4,4.8,0.8,14.0,21.4,32.4,19.4,14.6,92.4,7.8,1.8,0.2,0.4,81.4,17.0,4.2,6.6,32.2,14.399999999999999,13.600000000000001,15.799999999999999,6.6,13.399999999999999,84.8,17.8,74.19999999999999,28.4,55.599999999999994,41.8,5.2,13.4,25.2,12.599999999999998,9.399999999999999,11.999999999999998,2.0,28.0,67.0,35.6,47.2,55.4,62.6,29.4,10.6,100.0,2.6,95.2,7.4,89.8,12.799999999999999,100.4,2.2,69.4,33.2,24.799999999999997,60.4,17.4,66.4,31.4,4.8,24.4,24.4,18.0,31.2,4.6,34.6,26.400000000000002,8.8,9.0,23.8,17.6,85.0,65.2,29.799999999999997,6.8,0.8,98.8,0.3999999999999999,3.3999999999999995,63.2,30.4,9.0,89.4,10.4,2.8,30.6,72.0,85.8,16.8,58.8,36.0,5.8,2.0,80.4,18.2,4.0,49.599999999999994,48.0,5.0,79.8,18.8,4.0,84.8,13.4,1.8,2.6,62.599999999999994,40.0,64.0,30.0,7.2,1.4,91.4,10.2,1.0,75.6,24.599999999999998,2.4,66.6,34.0,2.0,67.19999999999999,32.8,2.6,96.2,4.800000000000001,0.3999999999999999,1.1999999999999997,19.2,54.0,28.799999999999997,0.5999999999999996,Não Atingiu a média
135,23242627,2017,1,2,2302,23009,23,2302577,230257731,2,1,1.5,1.0,1.0,0.0,0.0,0.0,0.0,0.0,0.0,0.0,0.24999999999999997,0.0,0.0,1.0,0.75,0.25,0.25,0.0,0.0,1.0,0.25000000000000006,0.0,0.0,0.25,0.75,0.0,0.75,0.0,0.0,0.0,0.0,0.25,1.0,1.0,0.5,0.75,0.0,0.5,0.0,0.5,1.0,0.75,0.25,0.75,0.0,0.0,0.0,1.0,0.0,0.5,0.75,0.75,0.5,0.25,0.75,0.5,0.24999999999999997,0.75,0.0,0.0,0.0,0.25,0.25,0.0,7.5,7.5,0.75,0.0,0.25,0.0,0.75,0.0,0.5,0.75,0.75,1.0,0.0,0.25,1.0,1.25,0.0,0.25,0.0,0.75,0.0,0.5,1.25,0.75,2.25,0.0,0.25,35.75,7.5,28.25,1.0,0.5,36.25,1.0,0.0,0.0,0.0,0.0,0.0,1.0,0.0,0.0,0.0,0.0,1.0,0.0,0.0,0.0,1.0,0.25,0.0,0.0,0.0,0.0,0.0,1.0,0.0,0.0,0.0,0.0,0.0,0.0,0.0,0.0,0.0,0.0,0.25,0.0,0.0,0.0,0.0,0.0,0.0,13.0,9.5,61.0,4.5,1.75,7.5,0.24999999999999997,0.5,27.75,45.75,12.75,6.0,1.75,2.5,2.25,95.0,1.25,96.0,73.0,24.25,79.0,16.5,1.75,74.25,18.5,4.5,1.25,76.75,19.25,1.0,13.75,50.5,27.5,4.5,0.75,10.0,18.75,30.0,20.25,17.5,86.25,9.0,1.75,0.25,0.0,83.0,9.0,5.25,5.5,33.5,18.75,11.0,10.75,2.75,15.0,79.25,18.0,66.75,30.5,64.0,28.25,5.0,12.25,27.5,13.0,5.25,10.5,1.5,27.25,66.0,31.25,49.0,48.25,67.5,21.75,8.0,94.0,3.25,87.0,10.25,83.75,13.5,94.25,3.0,70.0,27.25,26.75,60.25,10.25,62.25,30.75,4.25,26.5,22.0,14.75,27.75,6.25,39.5,22.0,7.75,10.5,17.5,18.5,78.75,57.75,32.0,6.0,1.5,94.0,0.75,2.5,66.0,23.0,8.25,89.5,6.75,1.0,37.5,59.75,75.0,22.25,53.0,39.25,3.75,1.25,85.5,9.5,2.25,53.0,41.5,2.75,83.25,12.25,1.75,81.0,14.5,0.75,1.0,60.25,37.0,50.25,39.75,6.75,0.5,88.25,8.0,1.0,79.75,16.5,1.0,65.25,30.75,1.25,69.75,25.75,1.75,86.75,9.25,0.5,0.75,22.25,56.75,17.75,0.5,Não Atingiu a média
136,23097140,2017,1,2,2304,23019,23,2302404,230240405,2,1,1.0,1.0,1.0,0.0,0.0,0.0,0.0,0.0,0.0,0.0,1.0,0.0,0.0,1.0,1.0,0.0,1.0,0.0,0.0,1.0,0.0,0.0,0.0,1.0,1.0,0.0,1.0,0.0,0.0,0.0,0.0,0.0,1.0,1.0,1.0,1.0,1.0,1.0,0.0,1.0,1.0,1.0,0.0,1.0,0.0,0.0,0.0,1.0,0.0,1.0,1.0,1.0,1.0,0.0,1.0,1.0,0.0,1.0,1.0,0.0,0.0,0.0,0.0,0.0,12.0,36.0,1.0,0.0,0.0,0.0,1.0,1.0,1.0,1.0,0.0,1.0,1.0,1.0,1.0,3.0,0.0,0.0,0.0,1.0,1.0,4.0,1.0,0.0,12.0,1.0,4.0,108.0,13.0,95.0,1.0,1.0,135.0,1.0,1.0,0.0,0.0,0.0,0.0,1.0,0.0,0.0,1.0,0.0,1.0,0.0,0.0,0.0,1.0,1.0,1.0,0.0,0.0,0.0,0.0,1.0,0.0,0.0,0.0,0.0,0.0,0.0,0.0,0.0,0.0,0.0,1.0,1.0,0.0,0.0,0.0,0.0,0.0,73.0,15.0,242.0,22.0,11.0,32.0,0.0,1.0,91.0,156.0,63.0,43.0,10.0,31.0,19.0,376.0,7.0,388.0,263.0,132.0,331.0,60.0,4.0,324.0,65.0,6.0,10.0,344.0,41.0,7.0,70.0,205.0,99.0,14.0,7.0,57.0,90.0,95.0,74.0,72.0,382.0,12.0,0.0,1.0,0.0,296.0,85.0,14.0,32.0,133.0,65.0,50.0,30.0,14.0,71.0,315.0,80.0,265.0,130.0,221.0,160.0,14.0,67.0,107.0,50.0,24.0,16.0,1.0,130.0,225.0,170.0,156.0,239.0,295.0,62.0,38.0,378.0,17.0,348.0,47.0,327.0,68.0,376.0,19.0,288.0,107.0,121.0,210.0,64.0,231.0,137.0,27.0,107.0,122.0,41.0,89.0,36.0,111.0,116.0,32.0,47.0,89.0,55.0,340.0,109.0,159.0,113.0,14.0,393.0,0.0,2.0,222.0,143.0,30.0,327.0,55.0,13.0,128.0,267.0,350.0,45.0,284.0,105.0,4.0,2.0,348.0,42.0,5.0,201.0,187.0,7.0,315.0,76.0,4.0,376.0,12.0,2.0,5.0,290.0,105.0,240.0,125.0,21.0,9.0,363.0,24.0,8.0,327.0,59.0,9.0,223.0,162.0,10.0,272.0,111.0,12.0,354.0,29.0,3.0,9.0,36.0,194.0,150.0,15.0,Não Atingiu a média
137,23052429,2017,1,2,2302,23013,23,2301307,230130705,2,1,1.0,1.0,1.0,0.0,0.0,0.0,0.0,0.0,0.0,0.0,1.0,0.0,0.0,1.0,1.0,0.0,0.5,0.0,0.0,1.0,0.0,0.0,0.0,1.0,0.5,0.0,1.0,0.0,0.0,0.0,0.0,0.0,1.0,1.0,1.0,1.0,0.5,1.0,0.0,1.0,1.0,0.5,1.0,1.0,0.0,0.0,0.0,1.0,0.0,1.0,1.0,1.0,1.0,0.0,1.0,0.5,0.0,1.0,1.0,0.0,0.0,0.5,0.0,0.0,8.0,13.5,1.0,0.5,1.0,1.0,1.0,0.5,0.0,1.0,1.0,1.0,0.0,1.0,1.0,2.5,0.5,1.0,1.0,3.4999999999999996,0.5,0.0,2.5,1.5,1.5,0.0,2.0,28.5,6.5,17.5,1.0,0.5,54.0,1.0,0.5,0.0,0.0,0.0,0.0,1.0,0.0,0.0,0.5,0.0,1.0,0.0,0.0,0.0,1.0,1.0,0.5,0.0,0.0,0.0,0.0,1.0,0.0,0.0,0.0,0.0,0.0,0.0,0.0,0.0,0.0,0.0,1.0,0.5,0.0,0.0,0.0,0.0,0.0,18.0,11.5,97.0,5.0,4.0,15.0,0.0,1.0,47.0,69.0,23.5,2.0,5.5,2.5,6.0,144.5,4.0,146.5,102.5,48.0,129.5,19.5,1.5,126.5,21.0,3.0,2.0,119.0,29.5,1.5,12.5,69.0,53.0,14.5,1.0,17.5,21.0,44.5,37.5,29.0,135.5,10.5,4.0,0.5,0.0,130.0,16.0,4.5,9.0,37.0,28.0,17.5,22.5,11.0,25.5,123.5,27.0,107.5,43.0,93.5,51.0,6.0,20.5,36.5,15.5,15.5,11.5,1.5,49.5,98.5,52.0,65.0,85.5,100.0,41.0,9.5,147.5,3.0,138.5,12.0,130.5,20.0,148.0,2.5,94.0,56.5,43.0,84.0,23.5,95.5,46.0,9.0,39.0,39.0,25.0,37.5,10.0,41.5,43.0,21.0,18.0,27.0,18.0,132.5,78.5,60.0,6.5,5.5,146.0,1.5,3.0,108.0,31.0,11.5,137.5,9.0,4.0,40.5,110.0,126.5,24.0,77.5,64.0,6.5,2.5,124.5,22.5,3.5,79.0,66.5,5.0,119.5,27.0,4.0,136.0,12.5,0.5,1.5,83.5,67.0,60.0,66.0,22.5,2.0,135.5,13.0,2.0,113.5,34.0,3.0,97.5,50.0,3.0,95.0,50.5,5.0,111.0,28.5,9.5,1.5,25.5,84.5,40.0,0.5,Não Atingiu a média
138,23545509,2017,1,2,2301,23005,23,2306108,230610805,2,2,1.0,1.0,1.0,0.0,0.0,0.0,0.0,0.0,0.0,0.0,0.0,0.0,0.0,0.0,0.5,0.5,0.5,0.0,0.0,1.0,0.0,0.0,0.0,0.0,1.0,0.0,1.0,0.0,0.0,0.0,0.0,0.0,1.0,1.0,1.0,1.0,0.0,1.0,0.0,1.0,1.0,1.0,0.0,1.0,0.0,0.0,0.0,1.0,0.0,1.0,0.5,1.0,0.0,1.0,1.0,1.0,0.0,0.0,0.5,0.0,0.0,0.0,0.0,0.0,9.0,7.0,1.0,0.0,1.0,1.0,1.0,0.5,0.5,1.0,1.0,1.0,0.0,1.0,1.0,2.5,0.0,2.0,1.0,1.0,0.5,0.5,2.5,2.5,1.0,0.0,1.0,35.0,7.0,22.5,1.0,0.0,30.5,1.0,0.0,0.0,0.0,0.0,0.0,1.0,0.0,0.0,0.5,0.0,1.0,0.0,0.0,0.0,1.0,1.0,0.0,0.0,0.0,0.0,0.0,1.0,0.0,0.0,0.0,0.0,0.0,0.0,0.0,0.0,0.0,0.0,1.0,0.0,0.0,0.0,0.0,0.0,0.0,6.5,5.0,46.0,3.5,0.0,5.5,0.0,1.0,29.5,20.0,9.5,2.0,2.0,2.5,3.0,63.5,5.5,61.0,57.0,9.5,63.0,3.5,0.0,54.0,10.5,2.0,1.5,55.5,9.5,0.0,5.5,40.5,16.0,4.5,1.0,6.5,11.5,13.0,17.5,17.0,60.5,5.0,0.5,0.0,0.5,50.5,12.0,4.0,6.0,16.5,12.0,5.0,10.5,3.0,13.5,53.0,13.5,51.5,15.0,39.0,24.5,3.0,15.5,16.5,5.0,3.0,6.0,1.5,19.0,40.0,26.5,32.0,34.5,49.0,13.5,4.0,62.5,4.0,59.5,7.0,59.0,7.5,62.5,4.0,52.5,14.0,21.5,38.5,6.5,39.0,21.0,6.5,21.5,16.0,11.0,14.0,4.0,22.5,18.0,7.5,6.0,12.5,7.5,59.0,17.0,37.0,7.5,5.0,65.5,0.0,1.0,51.0,13.0,2.5,60.0,4.5,2.0,25.0,41.5,61.0,5.5,41.0,23.0,1.0,1.5,57.5,8.5,0.5,33.0,32.0,1.5,55.0,10.0,1.5,58.0,7.5,0.0,1.0,40.0,26.5,30.0,32.0,3.5,1.0,60.5,5.5,0.5,49.0,15.5,2.0,46.5,19.5,0.5,46.0,18.5,2.0,56.0,8.5,0.5,1.5,18.0,38.5,8.0,2.0,Não Atingiu a média
139,23075177,2017,1,2,2303,23016,23,2304400,230440005,2,1,1.2857142857142858,1.0,1.1071428571428572,0.0,0.0,-2.168404344971009e-18,-2.168404344971009e-18,0.0,0.0,0.0,0.10714285714285711,0.10714285714285716,1.734723475976807e-18,1.0,1.0,0.10714285714285714,0.1428571428571429,-4.336808689942018e-18,0.0,1.0,-8.673617379884035e-18,0.0,0.0,0.7857142857142856,0.28571428571428586,0.035714285714285726,1.0,1.3877787807814457e-17,-6.938893903907228e-18,0.07142857142857142,-8.673617379884035e-18,1.3877787807814457e-17,0.9285714285714286,0.9642857142857143,1.0,0.6785714285714286,0.4642857142857142,0.7142857142857143,0.1785714285714285,0.7857142857142857,0.9642857142857143,0.6785714285714287,0.35714285714285726,0.7142857142857143,0.0,0.0,0.14285714285714288,0.8928571428571429,-2.168404344971009e-18,0.6428571428571428,0.2857142857142857,0.9285714285714286,0.3928571428571428,0.14285714285714288,0.7142857142857142,0.8928571428571428,0.17857142857142858,0.7857142857142857,0.1785714285714286,1.734723475976807e-18,0.0,0.07142857142857144,0.03571428571428571,0.0,13.178571428571427,12.214285714285715,0.75,0.03571428571428571,0.42857142857142855,0.1071428571428571,0.642857142857143,0.28571428571428575,0.7500000000000001,0.5,0.7857142857142858,0.8571428571428571,0.10714285714285712,0.4285714285714286,1.0,1.6428571428571428,0.03571428571428572,0.7857142857142858,0.10714285714285718,0.6785714285714286,0.2857142857142857,1.2857142857142856,0.6785714285714286,2.2142857142857135,1.5357142857142858,0.10714285714285712,0.6428571428571428,27.892857142857142,6.142857142857143,21.25,1.0,0.9642857142857142,74.82142857142858,1.0,0.4642857142857143,-3.469446951953614e-18,6.938893903907228e-18,-2.168404344971009e-18,1.734723475976807e-18,1.0,-8.673617379884035e-18,0.035714285714285705,0.6785714285714285,1.734723475976807e-18,1.0,0.0,0.0,0.03571428571428571,1.0,0.3928571428571428,0.14285714285714285,-4.336808689942018e-18,-4.336808689942018e-18,-3.469446951953614e-18,0.607142857142857,1.0,0.0,-2.168404344971009e-18,0.0,0.0,0.0,0.0,0.0,0.0,0.0,0.10714285714285715,0.3928571428571428,0.14285714285714285,0.03571428571428571,0.0,0.0,0.0,0.0,19.857142857142858,15.678571428571429,80.25,5.571428571428572,2.6071428571428568,9.357142857142858,0.07142857142857142,0.7857142857142854,32.89285714285715,52.107142857142854,21.714285714285715,12.107142857142856,4.321428571428571,9.321428571428571,4.285714285714286,129.03571428571428,1.6785714285714284,131.64285714285714,59.5,73.82142857142858,96.96428571428571,33.0,3.357142857142857,82.60714285714285,44.96428571428571,5.75,0.5714285714285712,95.85714285714286,36.892857142857146,3.2857142857142856,26.464285714285715,68.92857142857143,27.39285714285714,7.250000000000001,1.4285714285714284,16.178571428571427,31.321428571428573,40.607142857142854,24.64285714285714,19.14285714285714,121.92857142857144,8.571428571428573,1.9285714285714284,0.6785714285714286,0.21428571428571422,106.32142857142858,21.607142857142858,5.392857142857142,4.607142857142858,25.071428571428577,24.678571428571427,25.107142857142858,34.67857142857143,4.607142857142856,14.571428571428575,121.39285714285714,11.928571428571425,101.17857142857142,32.142857142857146,64.92857142857142,63.14285714285714,5.249999999999999,6.821428571428576,20.35714285714285,19.75,18.42857142857143,30.428571428571427,3.2857142857142856,34.25,112.21428571428571,21.107142857142847,74.57142857142857,58.75,53.499999999999986,48.535714285714285,31.285714285714285,127.49999999999999,5.821428571428572,112.85714285714285,20.464285714285715,106.50000000000001,26.82142857142857,127.24999999999999,6.071428571428572,76.53571428571426,56.785714285714285,37.357142857142854,75.10714285714286,20.857142857142858,93.71428571428571,35.32142857142857,4.285714285714287,20.321428571428577,32.32142857142858,25.535714285714285,49.67857142857142,5.464285714285715,42.42857142857143,47.142857142857146,12.964285714285715,12.964285714285714,17.82142857142857,35.57142857142857,97.74999999999999,66.14285714285715,55.785714285714285,9.142857142857142,2.25,118.64285714285712,2.964285714285715,11.714285714285714,78.96428571428571,36.857142857142854,17.5,111.21428571428571,16.821428571428573,5.285714285714285,19.892857142857153,113.42857142857143,109.35714285714286,23.964285714285715,73.85714285714285,51.464285714285715,5.107142857142857,2.8928571428571432,107.74999999999999,21.178571428571427,4.392857142857142,73.85714285714286,54.28571428571428,5.178571428571428,117.39285714285714,11.928571428571427,3.999999999999999,109.89285714285714,18.357142857142858,2.107142857142857,2.9642857142857144,70.71428571428572,62.607142857142854,62.678571428571416,55.85714285714286,11.785714285714286,3.0,119.28571428571429,10.357142857142856,3.678571428571429,92.53571428571428,36.857142857142854,3.928571428571428,81.71428571428571,47.67857142857142,3.928571428571429,104.32142857142857,25.214285714285715,3.7857142857142856,103.7857142857143,22.75,3.7142857142857144,3.071428571428571,17.39285714285714,68.71428571428571,45.82142857142857,1.3928571428571435,Não Atingiu a média
140,23076194,2017,1,2,2303,23016,23,2306256,230625605,2,1,2.0,1.0,1.0,0.0,0.0,0.0,0.0,0.0,0.0,0.0,1.0,0.0,1.0,1.0,1.0,0.0,0.0,0.0,0.0,1.0,0.0,0.0,0.0,0.0,1.0,0.0,1.0,0.0,0.0,0.0,0.0,0.0,1.0,1.0,1.0,1.0,0.0,0.0,1.0,1.0,1.0,1.0,0.0,1.0,0.0,0.0,0.0,1.0,0.0,1.0,1.0,1.0,1.0,0.0,1.0,0.0,0.0,1.0,0.0,0.0,0.0,1.0,0.0,0.0,7.0,7.0,1.0,0.0,1.0,0.0,1.0,1.0,1.0,1.0,1.0,1.0,1.0,0.0,1.0,1.0,0.0,1.0,0.0,1.0,1.0,1.0,1.0,1.0,1.0,1.0,0.0,21.0,7.0,14.0,1.0,1.0,32.0,1.0,0.0,0.0,0.0,0.0,0.0,1.0,0.0,0.0,0.0,0.0,1.0,0.0,0.0,0.0,1.0,1.0,0.0,0.0,0.0,0.0,0.0,1.0,0.0,0.0,0.0,0.0,0.0,0.0,0.0,0.0,0.0,0.0,1.0,0.0,0.0,0.0,0.0,0.0,0.0,4.0,2.0,36.0,0.0,1.0,4.0,0.0,1.0,12.0,21.0,9.0,4.0,0.0,0.0,2.0,45.0,1.0,46.0,30.0,17.0,35.0,10.0,2.0,31.0,14.0,2.0,0.0,32.0,15.0,0.0,7.0,26.0,10.0,4.0,0.0,7.0,6.0,13.0,11.0,10.0,41.0,5.0,1.0,0.0,0.0,40.0,6.0,1.0,0.0,10.0,9.0,8.0,11.0,1.0,8.0,40.0,7.0,35.0,12.0,24.0,20.0,3.0,3.0,9.0,6.0,3.0,9.0,1.0,16.0,35.0,12.0,26.0,21.0,23.0,20.0,4.0,46.0,1.0,44.0,3.0,44.0,3.0,45.0,2.0,30.0,17.0,12.0,31.0,4.0,33.0,12.0,2.0,7.0,15.0,6.0,14.0,5.0,25.0,15.0,0.0,2.0,5.0,5.0,42.0,32.0,14.0,0.0,1.0,44.0,0.0,3.0,31.0,12.0,4.0,43.0,4.0,0.0,11.0,36.0,41.0,6.0,23.0,24.0,0.0,0.0,41.0,6.0,0.0,22.0,24.0,1.0,38.0,8.0,1.0,42.0,5.0,0.0,0.0,23.0,24.0,18.0,26.0,3.0,0.0,44.0,2.0,1.0,37.0,10.0,0.0,29.0,18.0,0.0,25.0,21.0,1.0,34.0,12.0,1.0,0.0,14.0,24.0,9.0,0.0,Não Atingiu a média
141,23125012,2017,1,2,2305,23022,23,2304459,230445905,2,1,1.0,1.0,1.0,0.0,0.0,0.0,0.0,0.0,0.0,0.0,0.0,0.0,0.0,1.0,1.0,0.0,1.0,0.0,0.0,1.0,0.0,0.0,0.0,0.0,0.0,1.0,1.0,0.0,0.0,0.0,0.0,0.0,1.0,1.0,1.0,1.0,1.0,1.0,0.0,1.0,1.0,1.0,0.0,1.0,0.0,0.0,0.0,1.0,0.0,0.0,1.0,1.0,0.0,0.0,1.0,1.0,0.0,1.0,1.0,0.0,0.0,0.0,0.0,0.0,6.0,6.0,0.0,0.0,1.0,1.0,1.0,0.0,1.0,1.0,1.0,1.0,0.0,1.0,1.0,0.0,0.0,1.0,2.0,1.0,0.0,1.0,1.0,1.0,4.0,0.0,2.0,31.0,9.0,22.0,1.0,1.0,41.0,1.0,1.0,0.0,0.0,0.0,0.0,1.0,0.0,0.0,0.0,0.0,1.0,0.0,0.0,0.0,1.0,0.0,0.0,0.0,0.0,0.0,0.0,1.0,0.0,0.0,0.0,0.0,0.0,0.0,0.0,0.0,0.0,0.0,0.0,0.0,0.0,0.0,0.0,0.0,0.0,16.0,11.0,81.0,1.0,2.0,4.0,1.0,1.0,33.0,43.0,18.0,11.0,4.0,4.0,8.0,107.0,5.0,110.0,74.0,41.0,96.0,17.0,2.0,93.0,18.0,4.0,4.0,86.0,25.0,3.0,11.0,58.0,36.0,7.0,1.0,17.0,31.0,21.0,25.0,20.0,106.0,7.0,1.0,1.0,0.0,91.0,19.0,5.0,7.0,35.0,29.0,11.0,15.0,4.0,14.0,93.0,22.0,79.0,36.0,62.0,49.0,4.0,12.0,31.0,21.0,8.0,10.0,1.0,32.0,89.0,26.0,53.0,62.0,65.0,37.0,13.0,113.0,2.0,100.0,15.0,97.0,18.0,109.0,6.0,77.0,38.0,29.0,68.0,18.0,71.0,39.0,5.0,26.0,22.0,16.0,44.0,7.0,30.0,42.0,14.0,6.0,23.0,19.0,96.0,79.0,34.0,1.0,1.0,112.0,2.0,1.0,78.0,24.0,13.0,102.0,12.0,1.0,20.0,95.0,94.0,21.0,61.0,49.0,3.0,2.0,92.0,21.0,2.0,60.0,52.0,3.0,94.0,18.0,3.0,95.0,17.0,2.0,1.0,54.0,61.0,46.0,56.0,12.0,1.0,98.0,15.0,2.0,84.0,28.0,3.0,64.0,49.0,2.0,86.0,26.0,3.0,84.0,27.0,2.0,2.0,29.0,52.0,34.0,0.0,Não Atingiu a média
142,23106590,2017,1,2,2304,23020,23,2303600,230360005,2,1,1.0,1.0,1.0,0.0,0.0,0.0,0.0,0.0,0.0,0.0,1.0,0.0,0.0,1.0,1.0,0.0,1.0,0.0,0.0,1.0,0.0,0.0,0.0,0.0,1.0,0.0,1.0,0.0,0.0,0.0,0.0,0.0,1.0,1.0,1.0,1.0,0.0,1.0,0.0,1.0,1.0,1.0,1.0,1.0,0.0,0.0,0.0,1.0,0.0,0.0,1.0,1.0,1.0,0.0,1.0,0.0,0.0,1.0,1.0,0.0,0.0,0.0,0.0,0.0,5.0,8.0,1.0,0.0,0.0,0.0,0.0,1.0,1.0,0.0,0.0,1.0,0.0,0.0,1.0,1.0,0.0,0.0,0.0,0.0,1.0,2.0,0.0,0.0,2.0,0.0,0.0,36.0,11.0,25.0,1.0,1.0,43.0,1.0,0.0,0.0,0.0,0.0,0.0,1.0,0.0,0.0,0.0,0.0,1.0,0.0,0.0,0.0,1.0,1.0,1.0,0.0,0.0,0.0,0.0,1.0,0.0,0.0,0.0,0.0,0.0,0.0,0.0,0.0,0.0,0.0,1.0,1.0,0.0,0.0,0.0,0.0,0.0,21.0,4.0,57.0,3.0,2.0,3.0,0.0,3.0,46.0,24.0,6.0,3.0,1.0,7.0,2.0,88.0,0.0,90.0,45.0,45.0,71.0,15.0,4.0,58.0,27.0,5.0,11.0,68.0,11.0,2.0,12.0,42.0,29.0,5.0,1.0,6.0,20.0,36.0,8.0,19.0,80.0,6.0,4.0,0.0,0.0,74.0,14.0,2.0,9.0,27.0,16.0,7.0,15.0,12.0,4.0,70.0,20.0,73.0,17.0,59.0,30.0,1.0,18.0,19.0,21.0,7.0,7.0,2.0,16.0,62.0,28.0,46.0,44.0,60.0,23.0,7.0,89.0,1.0,85.0,5.0,78.0,12.0,87.0,3.0,73.0,17.0,31.0,47.0,12.0,61.0,27.0,2.0,23.0,19.0,20.0,26.0,2.0,24.0,35.0,10.0,12.0,9.0,27.0,63.0,47.0,34.0,7.0,2.0,86.0,0.0,4.0,79.0,10.0,1.0,80.0,9.0,1.0,25.0,65.0,78.0,12.0,59.0,30.0,1.0,0.0,74.0,15.0,1.0,55.0,34.0,1.0,78.0,12.0,0.0,84.0,6.0,0.0,0.0,49.0,41.0,47.0,34.0,8.0,1.0,80.0,10.0,0.0,62.0,28.0,0.0,61.0,27.0,2.0,65.0,24.0,1.0,82.0,6.0,1.0,1.0,17.0,53.0,19.0,1.0,Não Atingiu a média
143,23027380,2017,1,2,2301,23006,23,2305852,230585255,2,1,1.5,1.0,1.0,0.0,0.0,0.0,0.0,0.0,0.0,0.0,0.49999999999999994,0.0,0.0,1.0,1.0,0.0,0.0,0.0,0.0,1.0,0.0,0.0,0.0,0.5,0.5,0.0,1.0,0.0,0.0,0.0,0.0,0.0,0.5,1.0,1.0,0.5,0.0,1.0,0.0,1.0,1.0,1.0,0.0,1.0,0.0,0.0,0.0,1.0,0.0,0.5,0.0,1.0,0.5,0.0,1.0,0.5,0.5,0.5,0.5,0.0,0.0,0.0,0.0,0.0,7.5,9.0,1.0,0.0,0.5,0.5,0.0,0.0,1.0,1.0,0.5,1.0,1.0,0.5,1.0,3.0,0.0,0.5,0.5,0.0,0.0,1.0,1.5,0.5,3.0,1.0,0.5,35.5,5.0,29.0,1.0,1.0,49.5,1.0,0.0,0.0,0.0,0.0,0.0,1.0,0.0,0.0,0.5,0.0,1.0,0.0,0.0,0.0,1.0,0.5,0.0,0.0,0.0,0.0,0.0,1.0,0.0,0.0,0.0,0.0,0.0,0.0,0.0,0.0,0.0,0.0,0.5,0.0,0.0,0.0,0.0,0.0,0.0,28.5,10.0,78.0,5.0,2.5,7.0,0.0,4.0,37.0,41.5,20.0,12.0,4.5,12.0,3.0,128.0,2.5,128.5,82.5,48.5,113.0,16.0,2.0,88.5,39.5,3.0,1.0,106.0,24.0,1.0,13.5,70.0,39.5,7.0,1.0,16.0,27.5,42.0,26.5,18.0,121.0,8.0,1.0,1.0,0.0,102.0,21.5,7.5,11.0,45.0,25.5,11.5,16.0,3.0,19.0,106.5,24.5,91.5,39.5,80.5,46.5,4.0,18.0,33.5,19.0,10.0,10.0,2.0,38.5,85.5,45.5,61.5,69.5,87.0,34.0,10.0,125.5,5.5,121.0,10.0,114.0,17.0,124.5,6.5,98.5,32.5,42.5,71.0,17.5,80.0,45.5,5.5,29.5,34.5,22.5,38.0,6.5,40.0,49.0,12.0,16.5,13.5,16.5,114.5,69.0,49.5,11.5,1.0,126.0,0.5,4.5,69.0,48.0,14.0,113.0,13.5,4.5,49.0,82.0,117.0,14.0,83.0,42.0,2.5,3.5,110.5,17.5,3.0,69.0,60.0,2.0,111.5,16.5,3.0,113.0,14.0,1.0,3.0,86.5,44.5,75.0,48.0,6.5,1.5,120.5,9.0,1.5,99.5,29.5,2.0,93.5,35.0,2.5,104.5,24.5,2.0,119.5,9.5,1.5,0.5,35.5,70.5,21.0,4.0,Não Atingiu a média
