NU_COMP_ALUNO;TX_RESP_Q004_B;TX_RESP_Q004_C;TX_RESP_Q004_E;TX_RESP_Q004_F;TX_RESP_Q004_H;TX_RESP_Q013_B;TX_RESP_Q013_C;TX_RESP_Q014_C;TX_RESP_Q018_B;TX_RESP_Q019_D;TX_RESP_Q019_F;TX_RESP_Q036_C;TX_RESP_Q040_C;TX_RESP_Q041_B;TX_RESP_Q041_C;TX_RESP_Q042_B;TX_RESP_Q042_C;TX_RESP_Q043_A;TX_RESP_Q060_A
0.23157894736842105;0.42857142857142855;0.0989010989010989;0.041666666666666664;0.046511627906976744;0.0967741935483871;0.06349206349206349;0.0;0.0335195530726257;0.08235294117647059;0.07954545454545454;0.08333333333333333;0.04316546762589928;0.08771929824561403;0.05673758865248226;0.046511627906976744;0.09090909090909091;0.1764705882352941;0.11023622047244094;0.1016042780748663
0.2631578947368421;0.07142857142857142;0.07326007326007326;0.19444444444444442;0.13953488372093023;0.12903225806451613;0.0873015873015873;0.0;0.07262569832402235;0.1411764705882353;0.2159090909090909;0.10714285714285714;0.10791366906474821;0.10526315789473684;0.1702127659574468;0.27906976744186046;0.18181818181818182;0.0;0.09448818897637795;0.026737967914438502
0.12631578947368421;0.14285714285714285;0.10989010989010989;0.08333333333333333;0.0;0.03225806451612903;0.05952380952380952;0.03773584905660377;0.09497206703910614;0.10588235294117647;0.045454545454545456;0.03571428571428571;0.10071942446043167;0.0;0.11347517730496454;0.046511627906976744;0.0;0.058823529411764705;0.19685039370078738;0.1016042780748663
0.22105263157894736;0.21428571428571427;0.18681318681318682;0.3333333333333333;0.2558139534883721;0.1935483870967742;0.15079365079365079;0.07547169811320754;0.22905027932960895;0.2;0.29545454545454547;0.05952380952380952;0.18705035971223022;0.19298245614035087;0.40425531914893614;0.41860465116279066;0.2909090909090909;0.23529411764705882;0.49606299212598426;0.08021390374331551
0.10526315789473684;0.0;0.08424908424908426;0.15277777777777776;0.11627906976744186;0.12903225806451613;0.047619047619047616;0.0;0.111731843575419;0.1411764705882353;0.05681818181818182;0.03571428571428571;0.10071942446043167;0.07017543859649122;0.15602836879432624;0.13953488372093023;0.09090909090909091;0.23529411764705882;0.18110236220472442;0.0909090909090909
0.5894736842105263;0.0;0.06593406593406594;0.1111111111111111;0.06976744186046512;0.03225806451612903;0.03968253968253968;0.018867924528301886;0.05027932960893855;0.07058823529411765;0.05681818181818182;0.023809523809523808;0.03597122302158273;0.03508771929824561;0.09219858156028368;0.046511627906976744;0.10909090909090909;0.058823529411764705;0.11811023622047244;0.0481283422459893
0.34736842105263155;0.0;0.12087912087912088;0.2361111111111111;0.23255813953488372;0.0967741935483871;0.06349206349206349;0.07547169811320754;0.15083798882681565;0.2;0.06818181818181818;0.023809523809523808;0.08633093525179857;0.0;0.24822695035460993;0.3023255813953488;0.21818181818181817;0.058823529411764705;0.30708661417322836;0.1283422459893048
0.6210526315789473;0.21428571428571427;0.4065934065934066;0.4861111111111111;0.6511627906976745;0.4193548387096774;0.32539682539682535;0.1509433962264151;0.30726256983240224;0.6823529411764706;0.5909090909090909;0.14285714285714285;0.5035971223021583;0.19298245614035087;0.4893617021276595;0.3023255813953488;0.36363636363636365;1.0;0.8425196850393701;0.3957219251336898
0.37894736842105264;0.0;0.04395604395604395;0.125;0.0;0.0967741935483871;0.03571428571428571;0.0;0.03910614525139665;0.10588235294117647;0.06818181818181818;0.023809523809523808;0.07194244604316546;0.0;0.06382978723404256;0.09302325581395349;0.05454545454545454;0.0;0.09448818897637795;0.0748663101604278
0.18947368421052632;0.6428571428571428;0.13553113553113552;0.3611111111111111;0.23255813953488372;0.3548387096774194;0.1468253968253968;0.09433962264150943;0.08379888268156425;0.3058823529411765;0.18181818181818182;0.13095238095238093;0.2446043165467626;0.03508771929824561;0.276595744680851;0.3023255813953488;0.2545454545454545;0.23529411764705882;0.33858267716535434;0.0855614973262032
0.14736842105263157;0.07142857142857142;0.13186813186813187;0.3055555555555555;0.3488372093023256;0.16129032258064516;0.18253968253968253;0.07547169811320754;0.17318435754189945;0.16470588235294117;0.17045454545454547;0.13095238095238093;0.1798561151079137;0.05263157894736842;0.326241134751773;0.3488372093023256;0.09090909090909091;0.11764705882352941;0.09448818897637795;0.0748663101604278
0.09473684210526316;0.07142857142857142;0.047619047619047616;0.125;0.13953488372093023;0.1935483870967742;0.023809523809523808;0.018867924528301886;0.0223463687150838;0.12941176470588234;0.05681818181818182;0.011904761904761904;0.05035971223021583;0.05263157894736842;0.11347517730496454;0.18604651162790697;0.09090909090909091;0.29411764705882354;0.17322834645669294;0.11764705882352941
0.10526315789473684;0.07142857142857142;0.36996336996337;0.5;0.4418604651162791;0.4193548387096774;0.15079365079365079;0.05660377358490566;0.3463687150837989;0.5411764705882353;0.4431818181818182;0.17857142857142855;0.23741007194244607;0.08771929824561403;0.5106382978723404;0.7674418604651163;0.5636363636363636;0.6470588235294118;0.8188976377952756;0.23529411764705882
0.5368421052631579;0.14285714285714285;0.06593406593406594;0.1388888888888889;0.09302325581395349;0.16129032258064516;0.01984126984126984;0.018867924528301886;0.03910614525139665;0.11764705882352941;0.1590909090909091;0.0;0.03597122302158273;0.017543859649122806;0.1276595744680851;0.11627906976744186;0.14545454545454545;0.058823529411764705;0.20472440944881892;0.0748663101604278
0.19999999999999998;0.0;0.14285714285714285;0.18055555555555555;0.23255813953488372;0.29032258064516125;0.12301587301587301;0.07547169811320754;0.0782122905027933;0.23529411764705882;0.13636363636363635;0.10714285714285714;0.16546762589928057;0.05263157894736842;0.1843971631205674;0.3023255813953488;0.19999999999999998;0.1764705882352941;0.28346456692913385;0.1229946524064171
0.34736842105263155;0.14285714285714285;0.08424908424908426;0.2222222222222222;0.0;0.1935483870967742;0.03968253968253968;0.018867924528301886;0.09497206703910614;0.18823529411764706;0.19318181818181818;0.03571428571428571;0.06474820143884892;0.05263157894736842;0.19148936170212766;0.11627906976744186;0.21818181818181817;0.058823529411764705;0.2204724409448819;0.1229946524064171
0.09473684210526316;0.07142857142857142;0.11721611721611722;0.41666666666666663;0.23255813953488372;0.0;0.16269841269841268;0.1509433962264151;0.2737430167597765;0.10588235294117647;0.23863636363636365;0.05952380952380952;0.14388489208633093;0.17543859649122806;0.2907801418439716;0.4418604651162791;0.12727272727272726;0.1764705882352941;0.19685039370078738;0.053475935828877004
0.3157894736842105;0.0;0.08058608058608059;0.2638888888888889;0.27906976744186046;0.3225806451612903;0.051587301587301584;0.03773584905660377;0.10614525139664804;0.29411764705882354;0.125;0.011904761904761904;0.07913669064748202;0.03508771929824561;0.24113475177304963;0.5116279069767442;0.2545454545454545;0.1764705882352941;0.2125984251968504;0.1497326203208556
0.21052631578947367;0.0;0.0989010989010989;0.3611111111111111;0.3953488372093023;0.3548387096774194;0.19047619047619047;0.05660377358490566;0.31843575418994413;0.38823529411764707;0.29545454545454547;0.07142857142857142;0.22302158273381295;0.12280701754385964;0.3404255319148936;0.4883720930232558;0.3090909090909091;0.4117647058823529;0.25984251968503935;0.0962566844919786
0.12631578947368421;0.0;0.029304029304029304;0.16666666666666666;0.13953488372093023;0.29032258064516125;0.07142857142857142;0.018867924528301886;0.0893854748603352;0.16470588235294117;0.13636363636363635;0.011904761904761904;0.02877697841726619;0.07017543859649122;0.16312056737588654;0.3023255813953488;0.14545454545454545;0.5882352941176471;0.12598425196850394;0.058823529411764705
0.0;0.07142857142857142;0.018315018315018316;0.1111111111111111;0.0;0.03225806451612903;0.031746031746031744;0.018867924528301886;0.0446927374301676;0.03529411764705882;0.022727272727272728;0.0;0.02158273381294964;0.017543859649122806;0.06382978723404256;0.023255813953488372;0.03636363636363636;0.058823529411764705;0.047244094488188976;0.0053475935828877
0.47368421052631576;0.21428571428571427;0.07692307692307693;0.25;0.13953488372093023;0.0967741935483871;0.09126984126984126;0.018867924528301886;0.09497206703910614;0.23529411764705882;0.18181818181818182;0.047619047619047616;0.05755395683453238;0.017543859649122806;0.24113475177304963;0.3023255813953488;0.2545454545454545;0.1764705882352941;0.19685039370078738;0.053475935828877004
0.17894736842105263;0.0;0.06593406593406594;0.20833333333333331;0.06976744186046512;0.3548387096774194;0.07142857142857142;0.05660377358490566;0.1229050279329609;0.2588235294117647;0.11363636363636365;0.03571428571428571;0.10071942446043167;0.017543859649122806;0.1347517730496454;0.20930232558139533;0.21818181818181817;0.29411764705882354;0.12598425196850394;0.0748663101604278
0.24210526315789474;0.07142857142857142;0.1684981684981685;0.3194444444444444;0.20930232558139533;0.25806451612903225;0.1984126984126984;0.09433962264150943;0.2681564245810056;0.38823529411764707;0.23863636363636365;0.09523809523809523;0.12949640287769784;0.17543859649122806;0.2127659574468085;0.37209302325581395;0.2909090909090909;0.3529411764705882;0.2913385826771654;0.06951871657754011
0.2736842105263158;0.07142857142857142;0.23076923076923078;0.5694444444444444;0.6046511627906976;0.4838709677419355;0.2976190476190476;0.16981132075471697;0.4916201117318436;0.5529411764705883;0.4772727272727273;0.08333333333333333;0.3956834532374101;0.40350877192982454;0.4893617021276595;0.8837209302325582;0.6;0.5882352941176471;0.4409448818897638;0.25133689839572193
0.21052631578947367;0.14285714285714285;0.14285714285714285;0.3333333333333333;0.046511627906976744;0.06451612903225806;0.07142857142857142;0.05660377358490566;0.18435754189944134;0.21176470588235294;0.20454545454545456;0.11904761904761904;0.16546762589928057;0.08771929824561403;0.14893617021276595;0.23255813953488372;0.21818181818181817;0.29411764705882354;0.33070866141732286;0.11764705882352941
0.12631578947368421;0.07142857142857142;0.11721611721611722;0.1111111111111111;0.11627906976744186;0.03225806451612903;0.08333333333333333;0.018867924528301886;0.1005586592178771;0.11764705882352941;0.125;0.09523809523809523;0.1366906474820144;0.0;0.10638297872340424;0.13953488372093023;0.05454545454545454;0.058823529411764705;0.18110236220472442;0.058823529411764705
0.18947368421052632;0.0;0.15384615384615385;0.16666666666666666;0.16279069767441862;0.29032258064516125;0.12698412698412698;0.018867924528301886;0.0670391061452514;0.2823529411764706;0.045454545454545456;0.05952380952380952;0.1510791366906475;0.0;0.2127659574468085;0.16279069767441862;0.2727272727272727;0.23529411764705882;0.4015748031496063;0.2299465240641711
0.15789473684210525;0.14285714285714285;0.09523809523809523;0.3611111111111111;0.3023255813953488;0.5483870967741935;0.14285714285714285;0.09433962264150943;0.09497206703910614;0.3411764705882353;0.11363636363636365;0.05952380952380952;0.11510791366906475;0.03508771929824561;0.35460992907801414;0.3488372093023256;0.3818181818181818;0.23529411764705882;0.2755905511811024;0.13903743315508021
0.15789473684210525;0.0;0.20146520146520147;0.3194444444444444;0.046511627906976744;0.0967741935483871;0.09523809523809523;0.05660377358490566;0.1452513966480447;0.16470588235294117;0.19318181818181818;0.14285714285714285;0.19424460431654678;0.017543859649122806;0.2624113475177305;0.3023255813953488;0.10909090909090909;0.1764705882352941;0.2913385826771654;0.1550802139037433
0.14736842105263157;0.0;0.021978021978021976;0.041666666666666664;0.0;0.0;0.007936507936507936;0.0;0.00558659217877095;0.058823529411764705;0.06818181818181818;0.0;0.02158273381294964;0.0;0.0070921985815602835;0.0;0.01818181818181818;0.0;0.023622047244094488;0.026737967914438502
0.2631578947368421;0.07142857142857142;0.08058608058608059;0.08333333333333333;0.0;0.06451612903225806;0.05555555555555555;0.03773584905660377;0.06145251396648045;0.15294117647058825;0.06818181818181818;0.14285714285714285;0.09352517985611511;0.10526315789473684;0.03546099290780142;0.046511627906976744;0.09090909090909091;0.11764705882352941;0.11023622047244094;0.0641711229946524
0.16842105263157894;0.3571428571428571;0.15384615384615385;0.2638888888888889;0.2558139534883721;0.29032258064516125;0.11507936507936507;0.07547169811320754;0.08379888268156425;0.29411764705882354;0.18181818181818182;0.03571428571428571;0.1366906474820144;0.05263157894736842;0.2127659574468085;0.27906976744186046;0.32727272727272727;0.47058823529411764;0.4015748031496063;0.11764705882352941
0.1368421052631579;0.0;0.054945054945054944;0.15277777777777776;0.06976744186046512;0.0967741935483871;0.015873015873015872;0.018867924528301886;0.03910614525139665;0.10588235294117647;0.0;0.011904761904761904;0.04316546762589928;0.0;0.06382978723404256;0.046511627906976744;0.16363636363636364;0.1764705882352941;0.10236220472440945;0.0374331550802139
0.1368421052631579;0.07142857142857142;0.08058608058608059;0.1111111111111111;0.11627906976744186;0.0;0.08333333333333333;0.0;0.07262569832402235;0.12941176470588234;0.07954545454545454;0.09523809523809523;0.08633093525179857;0.05263157894736842;0.16312056737588654;0.09302325581395349;0.12727272727272726;0.058823529411764705;0.05511811023622047;0.0481283422459893
0.10526315789473684;0.0;0.02564102564102564;0.027777777777777776;0.046511627906976744;0.0967741935483871;0.01984126984126984;0.0;0.00558659217877095;0.08235294117647059;0.011363636363636364;0.011904761904761904;0.007194244604316547;0.0;0.021276595744680847;0.046511627906976744;0.07272727272727272;0.11764705882352941;0.031496062992125984;0.0427807486631016
0.21052631578947367;0.14285714285714285;0.03296703296703297;0.08333333333333333;0.11627906976744186;0.12903225806451613;0.08333333333333333;0.05660377358490566;0.0223463687150838;0.03529411764705882;0.09090909090909091;0.011904761904761904;0.02877697841726619;0.08771929824561403;0.07092198581560283;0.06976744186046512;0.03636363636363636;0.23529411764705882;0.07086614173228346;0.0748663101604278
0.18947368421052632;0.0;0.21245421245421245;0.2777777777777778;0.27906976744186046;0.16129032258064516;0.17063492063492064;0.09433962264150943;0.18435754189944134;0.3058823529411765;0.38636363636363635;0.16666666666666666;0.22302158273381295;0.05263157894736842;0.2695035460992907;0.11627906976744186;0.2545454545454545;0.23529411764705882;0.3779527559055118;0.13903743315508021
0.3263157894736842;0.07142857142857142;0.32967032967032966;0.5555555555555556;0.20930232558139533;0.12903225806451613;0.4206349206349206;0.20754716981132074;0.38547486033519557;0.2588235294117647;0.46590909090909094;0.23809523809523808;0.3165467625899281;0.2982456140350877;0.43971631205673756;0.37209302325581395;0.32727272727272727;0.3529411764705882;0.4409448818897638;0.1925133689839572
0.23157894736842105;0.07142857142857142;0.16117216117216118;0.4722222222222222;0.4418604651162791;0.22580645161290322;0.25;0.09433962264150943;0.1675977653631285;0.2823529411764706;0.2840909090909091;0.08333333333333333;0.22302158273381295;0.08771929824561403;0.39007092198581556;0.4883720930232558;0.3090909090909091;0.29411764705882354;0.5118110236220472;0.2887700534759358
0.18947368421052632;0.07142857142857142;0.05860805860805861;0.16666666666666666;0.13953488372093023;0.03225806451612903;0.07539682539682539;0.03773584905660377;0.0558659217877095;0.09411764705882353;0.07954545454545454;0.0;0.05755395683453238;0.10526315789473684;0.14184397163120568;0.11627906976744186;0.01818181818181818;0.058823529411764705;0.13385826771653542;0.1336898395721925
0.23157894736842105;0.42857142857142855;0.21245421245421245;0.40277777777777773;0.27906976744186046;0.5806451612903225;0.1746031746031746;0.11320754716981132;0.3240223463687151;0.43529411764705883;0.3522727272727273;0.21428571428571427;0.20863309352517986;0.19298245614035087;0.47517730496453897;0.3953488372093023;0.4909090909090909;0.5294117647058824;0.44881889763779526;0.1550802139037433
0.24210526315789474;0.7857142857142857;0.1978021978021978;0.1111111111111111;0.13953488372093023;0.0967741935483871;0.16666666666666666;0.09433962264150943;0.0893854748603352;0.12941176470588234;0.19318181818181818;0.08333333333333333;0.12949640287769784;0.03508771929824561;0.23404255319148937;0.27906976744186046;0.07272727272727272;0.11764705882352941;0.13385826771653542;0.2032085561497326
0.09473684210526316;0.9285714285714285;0.05128205128205128;0.16666666666666666;0.13953488372093023;0.0;0.07936507936507936;0.05660377358490566;0.0446927374301676;0.058823529411764705;0.03409090909090909;0.03571428571428571;0.10071942446043167;0.0;0.14893617021276595;0.18604651162790697;0.07272727272727272;0.0;0.05511811023622047;0.0641711229946524
0.010526315789473684;0.14285714285714285;0.17216117216117216;0.3194444444444444;0.27906976744186046;0.1935483870967742;0.10317460317460317;0.03773584905660377;0.1340782122905028;0.1764705882352941;0.26136363636363635;0.13095238095238093;0.15827338129496404;0.08771929824561403;0.34751773049645385;0.3953488372093023;0.2545454545454545;0.1764705882352941;0.5984251968503937;0.1229946524064171
0.49473684210526314;0.14285714285714285;0.34065934065934067;0.5555555555555556;0.3023255813953488;0.4838709677419355;0.2698412698412698;0.05660377358490566;0.3240223463687151;0.38823529411764707;0.34090909090909094;0.21428571428571427;0.3956834532374101;0.2982456140350877;0.5177304964539007;0.6976744186046512;0.34545454545454546;0.29411764705882354;0.7480314960629921;0.4117647058823529
0.07368421052631578;0.0;0.014652014652014652;0.06944444444444445;0.0;0.0;0.03571428571428571;0.0;0.0223463687150838;0.03529411764705882;0.022727272727272728;0.0;0.014388489208633094;0.0;0.0425531914893617;0.0;0.0;0.11764705882352941;0.031496062992125984;0.0213903743315508
0.25263157894736843;0.07142857142857142;0.30036630036630035;0.5833333333333333;0.41860465116279066;0.45161290322580644;0.21428571428571427;0.07547169811320754;0.5083798882681564;0.4823529411764706;0.4318181818181818;0.15476190476190477;0.30935251798561153;0.07017543859649122;0.4964539007092198;0.627906976744186;0.2545454545454545;0.4117647058823529;0.6377952755905512;0.1443850267379679
0.4105263157894737;0.0;0.25274725274725274;0.4305555555555555;0.3488372093023256;0.1935483870967742;0.20238095238095238;0.07547169811320754;0.41899441340782123;0.43529411764705883;0.3181818181818182;0.05952380952380952;0.30935251798561153;0.0;0.326241134751773;0.3488372093023256;0.18181818181818182;0.29411764705882354;0.4173228346456693;0.1978609625668449
0.3157894736842105;0.07142857142857142;0.1575091575091575;0.1111111111111111;0.06976744186046512;0.06451612903225806;0.051587301587301584;0.03773584905660377;0.07262569832402235;0.12941176470588234;0.11363636363636365;0.05952380952380952;0.10071942446043167;0.05263157894736842;0.1276595744680851;0.16279069767441862;0.09090909090909091;0.23529411764705882;0.22834645669291337;0.058823529411764705
0.15789473684210525;0.0;0.0989010989010989;0.05555555555555555;0.09302325581395349;0.0;0.04365079365079365;0.018867924528301886;0.0782122905027933;0.09411764705882353;0.07954545454545454;0.023809523809523808;0.09352517985611511;0.017543859649122806;0.09219858156028368;0.046511627906976744;0.05454545454545454;0.11764705882352941;0.14960629921259844;0.0320855614973262
1.0;0.07142857142857142;0.3333333333333333;0.875;1.0;1.0;0.2579365079365079;0.11320754716981132;0.22905027932960895;1.0;0.5681818181818182;0.16666666666666666;0.2949640287769784;0.03508771929824561;1.0;0.6976744186046512;1.0;0.7647058823529411;1.0;0.1925133689839572
0.17894736842105263;0.07142857142857142;0.16117216117216118;0.2777777777777778;0.3023255813953488;0.0967741935483871;0.12698412698412698;0.1320754716981132;0.1229050279329609;0.16470588235294117;0.2272727272727273;0.07142857142857142;0.1223021582733813;0.03508771929824561;0.2624113475177305;0.20930232558139533;0.18181818181818182;0.11764705882352941;0.3937007874015748;0.1711229946524064
0.15789473684210525;0.07142857142857142;0.15018315018315018;0.16666666666666666;0.18604651162790697;0.0;0.15476190476190477;0.1509433962264151;0.12849162011173185;0.10588235294117647;0.14772727272727273;0.09523809523809523;0.1223021582733813;0.15789473684210525;0.2127659574468085;0.13953488372093023;0.03636363636363636;0.11764705882352941;0.2204724409448819;0.1925133689839572
0.39999999999999997;0.0;0.2783882783882784;0.3194444444444444;0.23255813953488372;0.5161290322580645;0.19444444444444442;0.1320754716981132;0.2681564245810056;0.3176470588235294;0.34090909090909094;0.17857142857142855;0.3165467625899281;0.15789473684210525;0.43971631205673756;0.23255813953488372;0.34545454545454546;0.47058823529411764;0.5511811023622047;0.18716577540106952
0.30526315789473685;0.07142857142857142;0.16483516483516483;0.2638888888888889;0.2558139534883721;0.22580645161290322;0.11507936507936507;0.16981132075471697;0.21787709497206706;0.21176470588235294;0.2840909090909091;0.023809523809523808;0.1510791366906475;0.017543859649122806;0.14184397163120568;0.3953488372093023;0.2909090909090909;0.058823529411764705;0.5039370078740157;0.1711229946524064
0.07368421052631578;0.0;0.040293040293040296;0.09722222222222221;0.046511627906976744;0.03225806451612903;0.023809523809523808;0.0;0.0335195530726257;0.0;0.03409090909090909;0.011904761904761904;0.06474820143884892;0.0;0.07801418439716312;0.09302325581395349;0.03636363636363636;0.058823529411764705;0.14173228346456695;0.08021390374331551
0.6526315789473685;0.0;0.05128205128205128;0.18055555555555555;0.06976744186046512;0.06451612903225806;0.0;0.018867924528301886;0.05027932960893855;0.10588235294117647;0.03409090909090909;0.0;0.08633093525179857;0.0;0.16312056737588654;0.13953488372093023;0.12727272727272726;0.0;0.28346456692913385;0.0320855614973262
0.12631578947368421;0.07142857142857142;0.0695970695970696;0.1111111111111111;0.023255813953488372;0.0;0.03571428571428571;0.0;0.05027932960893855;0.047058823529411764;0.10227272727272728;0.011904761904761904;0.07194244604316546;0.05263157894736842;0.11347517730496454;0.023255813953488372;0.0;0.0;0.15748031496062992;0.16042780748663102
0.43157894736842106;0.7857142857142857;0.336996336996337;0.3055555555555555;0.23255813953488372;0.03225806451612903;0.28174603174603174;0.20754716981132074;0.2569832402234637;0.3176470588235294;0.36363636363636365;0.30952380952380953;0.33093525179856115;0.22807017543859648;0.3049645390070922;0.23255813953488372;0.23636363636363636;0.058823529411764705;0.4881889763779528;0.2032085561497326
0.7684210526315789;0.14285714285714285;0.304029304029304;0.5694444444444444;0.4883720930232558;0.12903225806451613;0.28174603174603174;0.16981132075471697;0.2905027932960894;0.5058823529411764;0.4431818181818182;0.14285714285714285;0.28057553956834536;0.15789473684210525;0.4964539007092198;0.3488372093023256;0.2909090909090909;0.23529411764705882;0.5590551181102362;0.3422459893048128
0.21052631578947367;0.14285714285714285;0.4065934065934066;0.4722222222222222;0.16279069767441862;0.0967741935483871;0.2976190476190476;0.22641509433962265;0.40782122905027934;0.3529411764705882;0.6022727272727273;0.3333333333333333;0.539568345323741;0.3684210526315789;0.43262411347517726;0.11627906976744186;0.21818181818181817;0.1764705882352941;0.44881889763779526;0.3796791443850267
0.4421052631578947;0.0;0.10256410256410256;0.20833333333333331;0.09302325581395349;0.0967741935483871;0.03968253968253968;0.0;0.06145251396648045;0.12941176470588234;0.09090909090909091;0.011904761904761904;0.11510791366906475;0.0;0.1702127659574468;0.046511627906976744;0.05454545454545454;0.11764705882352941;0.14960629921259844;0.1122994652406417
0.15789473684210525;0.14285714285714285;0.1684981684981685;0.3055555555555555;0.13953488372093023;0.29032258064516125;0.16269841269841268;0.11320754716981132;0.12849162011173185;0.2823529411764706;0.36363636363636365;0.14285714285714285;0.23741007194244607;0.15789473684210525;0.2553191489361702;0.20930232558139533;0.39999999999999997;0.47058823529411764;0.47244094488188976;0.1978609625668449
0.05263157894736842;0.07142857142857142;0.0695970695970696;0.25;0.13953488372093023;0.0967741935483871;0.07936507936507936;0.07547169811320754;0.05027932960893855;0.08235294117647059;0.13636363636363635;0.07142857142857142;0.10071942446043167;0.0;0.14184397163120568;0.09302325581395349;0.05454545454545454;0.058823529411764705;0.07874015748031496;0.1122994652406417
0.39999999999999997;0.2857142857142857;0.047619047619047616;0.15277777777777776;0.11627906976744186;0.06451612903225806;0.03571428571428571;0.018867924528301886;0.0446927374301676;0.08235294117647059;0.09090909090909091;0.03571428571428571;0.05755395683453238;0.03508771929824561;0.15602836879432624;0.09302325581395349;0.05454545454545454;0.058823529411764705;0.11811023622047244;0.1229946524064171
0.05263157894736842;0.2857142857142857;0.21245421245421245;0.2222222222222222;0.16279069767441862;0.0;0.15476190476190477;0.11320754716981132;0.1340782122905028;0.21176470588235294;0.18181818181818182;0.09523809523809523;0.21582733812949642;0.03508771929824561;0.15602836879432624;0.18604651162790697;0.09090909090909091;0.11764705882352941;0.1889763779527559;0.1283422459893048
0.12631578947368421;0.42857142857142855;0.1575091575091575;0.3472222222222222;0.20930232558139533;0.12903225806451613;0.14285714285714285;0.07547169811320754;0.09497206703910614;0.12941176470588234;0.17045454545454547;0.08333333333333333;0.1223021582733813;0.12280701754385964;0.3404255319148936;0.20930232558139533;0.10909090909090909;0.058823529411764705;0.20472440944881892;0.1283422459893048
0.21052631578947367;0.2857142857142857;0.1391941391941392;0.2361111111111111;0.23255813953488372;0.0967741935483871;0.1388888888888889;0.18867924528301885;0.1229050279329609;0.22352941176470587;0.13636363636363635;0.14285714285714285;0.12949640287769784;0.07017543859649122;0.2978723404255319;0.20930232558139533;0.21818181818181817;0.1764705882352941;0.2125984251968504;0.1497326203208556
0.2736842105263158;0.0;0.1684981684981685;0.2361111111111111;0.11627906976744186;0.22580645161290322;0.11904761904761904;0.03773584905660377;0.06145251396648045;0.15294117647058825;0.23863636363636365;0.11904761904761904;0.1798561151079137;0.05263157894736842;0.12056737588652483;0.23255813953488372;0.10909090909090909;0.11764705882352941;0.14173228346456695;0.1122994652406417
0.10526315789473684;0.07142857142857142;0.13553113553113552;0.125;0.09302325581395349;0.12903225806451613;0.07936507936507936;0.0;0.1229050279329609;0.18823529411764706;0.07954545454545454;0.023809523809523808;0.07913669064748202;0.05263157894736842;0.14893617021276595;0.046511627906976744;0.16363636363636364;0.11764705882352941;0.25196850393700787;0.1016042780748663
0.19999999999999998;0.14285714285714285;0.13186813186813187;0.1111111111111111;0.06976744186046512;0.0967741935483871;0.07936507936507936;0.018867924528301886;0.10614525139664804;0.058823529411764705;0.11363636363636365;0.09523809523809523;0.10071942446043167;0.03508771929824561;0.12056737588652483;0.13953488372093023;0.10909090909090909;0.058823529411764705;0.25984251968503935;0.08021390374331551
0.2736842105263158;0.07142857142857142;0.4249084249084249;0.7916666666666666;0.4883720930232558;0.5806451612903225;0.22619047619047616;0.1509433962264151;0.48603351955307267;0.5647058823529412;0.6818181818181819;0.11904761904761904;0.3597122302158274;0.2982456140350877;0.5957446808510638;1.0;0.4727272727272727;0.4117647058823529;0.5511811023622047;0.41711229946524064
0.2631578947368421;0.0;0.14285714285714285;0.2361111111111111;0.046511627906976744;0.22580645161290322;0.0873015873015873;0.07547169811320754;0.2737430167597765;0.11764705882352941;0.29545454545454547;0.047619047619047616;0.12949640287769784;0.12280701754385964;0.1276595744680851;0.3488372093023256;0.14545454545454545;0.1764705882352941;0.18110236220472442;0.1336898395721925
0.21052631578947367;0.0;0.14652014652014653;0.3055555555555555;0.23255813953488372;0.3548387096774194;0.13095238095238093;0.03773584905660377;0.223463687150838;0.3058823529411765;0.29545454545454547;0.03571428571428571;0.1798561151079137;0.03508771929824561;0.24113475177304963;0.3488372093023256;0.14545454545454545;0.4117647058823529;0.25984251968503935;0.2245989304812834
0.28421052631578947;0.0;0.1282051282051282;0.1111111111111111;0.023255813953488372;0.06451612903225806;0.07539682539682539;0.05660377358490566;0.1452513966480447;0.09411764705882353;0.11363636363636365;0.047619047619047616;0.08633093525179857;0.07017543859649122;0.05673758865248226;0.09302325581395349;0.03636363636363636;0.11764705882352941;0.03937007874015748;0.06951871657754011
0.2631578947368421;0.21428571428571427;0.1684981684981685;0.08333333333333333;0.06976744186046512;0.22580645161290322;0.10714285714285714;0.09433962264150943;0.06145251396648045;0.16470588235294117;0.07954545454545454;0.14285714285714285;0.14388489208633093;0.07017543859649122;0.05673758865248226;0.023255813953488372;0.16363636363636364;0.058823529411764705;0.1889763779527559;0.0909090909090909
0.21052631578947367;0.07142857142857142;0.08424908424908426;0.09722222222222221;0.023255813953488372;0.4838709677419355;0.08333333333333333;0.03773584905660377;0.07262569832402235;0.16470588235294117;0.2727272727272727;0.03571428571428571;0.07913669064748202;0.03508771929824561;0.08510638297872342;0.06976744186046512;0.19999999999999998;0.23529411764705882;0.17322834645669294;0.10695187165775401
0.18947368421052632;0.2857142857142857;0.42124542124542125;1.0;0.4883720930232558;0.29032258064516125;0.5595238095238095;0.43396226415094336;0.7486033519553073;0.49411764705882355;0.8977272727272727;0.26190476190476186;0.5107913669064749;0.5438596491228069;0.6595744680851063;0.627906976744186;0.36363636363636365;0.6470588235294118;0.4015748031496063;0.2459893048128342
0.21052631578947367;0.0;0.3992673992673993;0.5694444444444444;0.4418604651162791;0.3225806451612903;0.2936507936507936;0.33962264150943394;0.664804469273743;0.38823529411764707;0.6590909090909091;0.08333333333333333;0.381294964028777;0.38596491228070173;0.4609929078014184;0.41860465116279066;0.45454545454545453;0.058823529411764705;0.5826771653543307;0.1550802139037433
0.30526315789473685;0.07142857142857142;0.4065934065934066;0.25;0.023255813953488372;0.0;0.4246031746031746;0.1509433962264151;0.4301675977653631;0.1411764705882353;0.7613636363636364;0.08333333333333333;0.47482014388489213;0.3508771929824561;0.23404255319148937;0.13953488372093023;0.14545454545454545;0.0;0.08661417322834646;0.1336898395721925
0.10526315789473684;0.14285714285714285;0.21611721611721613;0.4722222222222222;0.32558139534883723;0.3870967741935484;0.1865079365079365;0.018867924528301886;0.2458100558659218;0.4117647058823529;0.39772727272727276;0.07142857142857142;0.2517985611510791;0.03508771929824561;0.3404255319148936;0.2558139534883721;0.5454545454545454;0.5294117647058824;0.33858267716535434;0.32085561497326204
0.4105263157894737;0.07142857142857142;0.12454212454212454;0.3333333333333333;0.32558139534883723;0.3870967741935484;0.16666666666666666;0.07547169811320754;0.16201117318435754;0.38823529411764707;0.23863636363636365;0.023809523809523808;0.18705035971223022;0.10526315789473684;0.2978723404255319;0.23255813953488372;0.43636363636363634;0.3529411764705882;0.2440944881889764;0.1925133689839572
0.24210526315789474;0.14285714285714285;0.38095238095238093;0.3333333333333333;0.3488372093023256;0.1935483870967742;0.38888888888888884;0.18867924528301885;0.3240223463687151;0.43529411764705883;0.48863636363636365;0.16666666666666666;0.2949640287769784;0.5087719298245614;0.36879432624113473;0.3953488372093023;0.3090909090909091;0.29411764705882354;0.2125984251968504;0.13903743315508021
0.14736842105263157;0.0;0.05128205128205128;0.16666666666666666;0.06976744186046512;0.22580645161290322;0.05555555555555555;0.018867924528301886;0.111731843575419;0.22352941176470587;0.1590909090909091;0.0;0.05035971223021583;0.03508771929824561;0.1702127659574468;0.20930232558139533;0.16363636363636364;0.29411764705882354;0.14173228346456695;0.08021390374331551
0.05263157894736842;0.0;0.12087912087912088;0.38888888888888884;0.20930232558139533;0.22580645161290322;0.1746031746031746;0.1509433962264151;0.2346368715083799;0.21176470588235294;0.2840909090909091;0.047619047619047616;0.14388489208633093;0.17543859649122806;0.34751773049645385;0.37209302325581395;0.34545454545454546;0.23529411764705882;0.2755905511811024;0.11764705882352941
0.09473684210526316;0.0;0.2271062271062271;0.5416666666666666;0.32558139534883723;0.6129032258064516;0.23015873015873015;0.2830188679245283;0.37988826815642457;0.38823529411764707;0.42045454545454547;0.08333333333333333;0.19424460431654678;0.10526315789473684;0.41843971631205673;0.3023255813953488;0.45454545454545453;0.3529411764705882;0.18110236220472442;0.1016042780748663
0.19999999999999998;0.07142857142857142;0.15018315018315018;0.18055555555555555;0.09302325581395349;0.0967741935483871;0.07936507936507936;0.018867924528301886;0.18994413407821228;0.1764705882352941;0.20454545454545456;0.05952380952380952;0.1798561151079137;0.03508771929824561;0.12056737588652483;0.11627906976744186;0.16363636363636364;0.0;0.11811023622047244;0.0641711229946524
0.07368421052631578;0.07142857142857142;0.09157509157509157;0.18055555555555555;0.20930232558139533;0.12903225806451613;0.07539682539682539;0.018867924528301886;0.08379888268156425;0.16470588235294117;0.18181818181818182;0.011904761904761904;0.05755395683453238;0.07017543859649122;0.09219858156028368;0.13953488372093023;0.18181818181818182;0.11764705882352941;0.2362204724409449;0.10695187165775401
0.42105263157894735;0.14285714285714285;0.3956043956043956;0.6527777777777778;0.41860465116279066;0.4193548387096774;0.5396825396825397;0.2641509433962264;0.553072625698324;0.5058823529411764;0.8522727272727273;0.23809523809523808;0.5323741007194245;0.5087719298245614;0.6950354609929078;0.7906976744186046;0.5454545454545454;0.8235294117647058;0.4094488188976378;0.1497326203208556
0.10526315789473684;0.07142857142857142;0.10989010989010989;0.20833333333333331;0.09302325581395349;0.22580645161290322;0.09126984126984126;0.03773584905660377;0.16201117318435754;0.23529411764705882;0.11363636363636365;0.10714285714285714;0.11510791366906475;0.03508771929824561;0.16312056737588654;0.18604651162790697;0.16363636363636364;0.3529411764705882;0.2204724409448819;0.0320855614973262
0.6105263157894737;0.3571428571428571;0.09523809523809523;0.5138888888888888;0.4418604651162791;0.45161290322580644;0.1388888888888889;0.07547169811320754;0.08379888268156425;0.29411764705882354;0.20454545454545456;0.10714285714285714;0.12949640287769784;0.14035087719298245;0.47517730496453897;0.4883720930232558;0.3818181818181818;0.5882352941176471;0.35433070866141736;0.1443850267379679
0.22105263157894736;0.07142857142857142;0.09157509157509157;0.18055555555555555;0.18604651162790697;0.16129032258064516;0.06746031746031746;0.018867924528301886;0.0558659217877095;0.21176470588235294;0.13636363636363635;0.09523809523809523;0.07194244604316546;0.03508771929824561;0.23404255319148937;0.16279069767441862;0.18181818181818182;0.11764705882352941;0.3464566929133858;0.2299465240641711
0.3684210526315789;0.0;0.12454212454212454;0.25;0.16279069767441862;0.12903225806451613;0.07142857142857142;0.07547169811320754;0.111731843575419;0.1411764705882353;0.17045454545454547;0.07142857142857142;0.12949640287769784;0.017543859649122806;0.11347517730496454;0.18604651162790697;0.16363636363636364;0.23529411764705882;0.33858267716535434;0.1016042780748663
0.22105263157894736;0.07142857142857142;0.2490842490842491;0.40277777777777773;0.3488372093023256;0.12903225806451613;0.20634920634920634;0.1509433962264151;0.2458100558659218;0.44705882352941173;0.3181818181818182;0.14285714285714285;0.2517985611510791;0.07017543859649122;0.2907801418439716;0.5116279069767442;0.19999999999999998;0.058823529411764705;0.33070866141732286;0.1016042780748663
0.14736842105263157;0.21428571428571427;0.30036630036630035;0.3333333333333333;0.3488372093023256;0.12903225806451613;0.19444444444444442;0.07547169811320754;0.0893854748603352;0.3176470588235294;0.14772727272727273;0.16666666666666666;0.23741007194244607;0.17543859649122806;0.2624113475177305;0.3023255813953488;0.19999999999999998;0.23529411764705882;0.4015748031496063;0.1550802139037433
0.2736842105263158;0.0;0.08424908424908426;0.041666666666666664;0.023255813953488372;0.06451612903225806;0.03571428571428571;0.018867924528301886;0.0335195530726257;0.047058823529411764;0.03409090909090909;0.03571428571428571;0.04316546762589928;0.0;0.04964539007092198;0.0;0.03636363636363636;0.11764705882352941;0.09448818897637795;0.0962566844919786
0.12631578947368421;0.0;0.03296703296703297;0.1111111111111111;0.023255813953488372;0.22580645161290322;0.047619047619047616;0.018867924528301886;0.01675977653631285;0.08235294117647059;0.06818181818181818;0.0;0.05035971223021583;0.0;0.0425531914893617;0.09302325581395349;0.09090909090909091;0.1764705882352941;0.10236220472440945;0.08021390374331551
0.15789473684210525;0.07142857142857142;0.10989010989010989;0.1388888888888889;0.23255813953488372;0.3870967741935484;0.07539682539682539;0.03773584905660377;0.0558659217877095;0.18823529411764706;0.1590909090909091;0.0;0.08633093525179857;0.07017543859649122;0.1843971631205674;0.32558139534883723;0.21818181818181817;0.47058823529411764;0.25984251968503935;0.1122994652406417
0.23157894736842105;0.07142857142857142;0.06227106227106227;0.05555555555555555;0.023255813953488372;0.0;0.027777777777777776;0.018867924528301886;0.0335195530726257;0.023529411764705882;0.03409090909090909;0.03571428571428571;0.05755395683453238;0.017543859649122806;0.05673758865248226;0.023255813953488372;0.01818181818181818;0.0;0.03937007874015748;0.053475935828877004
0.2736842105263158;0.07142857142857142;0.12087912087912088;0.09722222222222221;0.13953488372093023;0.16129032258064516;0.1746031746031746;0.11320754716981132;0.11731843575418995;0.21176470588235294;0.09090909090909091;0.13095238095238093;0.07194244604316546;0.10526315789473684;0.14893617021276595;0.13953488372093023;0.12727272727272726;0.23529411764705882;0.07086614173228346;0.11764705882352941
0.43157894736842106;0.07142857142857142;0.21245421245421245;0.40277777777777773;0.5116279069767442;0.6129032258064516;0.17857142857142855;0.09433962264150943;0.2011173184357542;0.44705882352941173;0.26136363636363635;0.10714285714285714;0.2302158273381295;0.12280701754385964;0.5106382978723404;0.5348837209302325;0.3818181818181818;0.5294117647058824;0.5905511811023623;0.267379679144385
0.3368421052631579;0.2857142857142857;0.08424908424908426;0.19444444444444442;0.06976744186046512;0.0;0.1388888888888889;0.07547169811320754;0.05027932960893855;0.07058823529411765;0.11363636363636365;0.03571428571428571;0.06474820143884892;0.10526315789473684;0.12056737588652483;0.046511627906976744;0.09090909090909091;0.11764705882352941;0.10236220472440945;0.11764705882352941
0.2736842105263158;0.0;0.047619047619047616;0.1111111111111111;0.27906976744186046;0.29032258064516125;0.10714285714285714;0.11320754716981132;0.0893854748603352;0.27058823529411763;0.125;0.047619047619047616;0.12949640287769784;0.10526315789473684;0.19148936170212766;0.41860465116279066;0.2909090909090909;0.5882352941176471;0.2755905511811024;0.1016042780748663
0.12631578947368421;0.07142857142857142;0.12454212454212454;0.2638888888888889;0.13953488372093023;0.4838709677419355;0.1349206349206349;0.05660377358490566;0.10614525139664804;0.38823529411764707;0.18181818181818182;0.07142857142857142;0.14388489208633093;0.12280701754385964;0.2198581560283688;0.32558139534883723;0.3818181818181818;0.29411764705882354;0.2677165354330709;0.0855614973262032
0.19999999999999998;0.0;0.02564102564102564;0.06944444444444445;0.046511627906976744;0.3870967741935484;0.031746031746031744;0.03773584905660377;0.0335195530726257;0.27058823529411763;0.13636363636363635;0.011904761904761904;0.07194244604316546;0.03508771929824561;0.09219858156028368;0.13953488372093023;0.16363636363636364;0.5294117647058824;0.07086614173228346;0.0748663101604278
0.30526315789473685;0.21428571428571427;0.1794871794871795;0.18055555555555555;0.09302325581395349;0.06451612903225806;0.17857142857142855;0.20754716981132074;0.2011173184357542;0.22352941176470587;0.20454545454545456;0.047619047619047616;0.1366906474820144;0.17543859649122806;0.14184397163120568;0.18604651162790697;0.09090909090909091;0.1764705882352941;0.17322834645669294;0.0641711229946524
0.19999999999999998;0.0;0.014652014652014652;0.08333333333333333;0.16279069767441862;0.12903225806451613;0.027777777777777776;0.018867924528301886;0.0446927374301676;0.058823529411764705;0.045454545454545456;0.023809523809523808;0.014388489208633094;0.0;0.10638297872340424;0.13953488372093023;0.07272727272727272;0.23529411764705882;0.11023622047244094;0.058823529411764705
0.0;0.07142857142857142;0.13186813186813187;0.20833333333333331;0.23255813953488372;0.06451612903225806;0.11507936507936507;0.11320754716981132;0.111731843575419;0.1411764705882353;0.2272727272727273;0.03571428571428571;0.14388489208633093;0.07017543859649122;0.31205673758865243;0.11627906976744186;0.12727272727272726;0.1764705882352941;0.18110236220472442;0.13903743315508021
0.21052631578947367;0.2857142857142857;0.25274725274725274;0.06944444444444445;0.046511627906976744;0.03225806451612903;0.2579365079365079;0.1509433962264151;0.2458100558659218;0.1764705882352941;0.20454545454545456;0.20238095238095238;0.21582733812949642;0.42105263157894735;0.1276595744680851;0.13953488372093023;0.05454545454545454;0.0;0.07874015748031496;0.1497326203208556
0.17894736842105263;0.21428571428571427;0.12087912087912088;0.20833333333333331;0.18604651162790697;0.12903225806451613;0.14285714285714285;0.07547169811320754;0.0893854748603352;0.15294117647058825;0.1590909090909091;0.08333333333333333;0.14388489208633093;0.03508771929824561;0.12056737588652483;0.3023255813953488;0.09090909090909091;0.11764705882352941;0.19685039370078738;0.1229946524064171
0.2631578947368421;0.07142857142857142;0.2783882783882784;0.2361111111111111;0.16279069767441862;0.29032258064516125;0.32539682539682535;0.09433962264150943;0.2011173184357542;0.27058823529411763;0.375;0.17857142857142855;0.3165467625899281;0.03508771929824561;0.14893617021276595;0.13953488372093023;0.34545454545454546;0.11764705882352941;0.3700787401574803;0.13903743315508021
0.021052631578947368;0.0;0.02564102564102564;0.0;0.023255813953488372;0.03225806451612903;0.015873015873015872;0.018867924528301886;0.03910614525139665;0.08235294117647059;0.011363636363636364;0.011904761904761904;0.014388489208633094;0.0;0.0;0.0;0.03636363636363636;0.1764705882352941;0.08661417322834646;0.0
0.10526315789473684;0.3571428571428571;0.21611721611721613;0.2638888888888889;0.06976744186046512;0.1935483870967742;0.20238095238095238;0.1509433962264151;0.3128491620111732;0.1764705882352941;0.26136363636363635;0.09523809523809523;0.2517985611510791;0.21052631578947367;0.12056737588652483;0.09302325581395349;0.10909090909090909;0.23529411764705882;0.4251968503937008;0.2459893048128342
0.5789473684210527;0.0;0.08058608058608059;0.16666666666666666;0.0;0.0967741935483871;0.08333333333333333;0.018867924528301886;0.18435754189944134;0.15294117647058825;0.13636363636363635;0.047619047619047616;0.09352517985611511;0.0;0.05673758865248226;0.06976744186046512;0.07272727272727272;0.1764705882352941;0.12598425196850394;0.0106951871657754
0.21052631578947367;0.0;0.09523809523809523;0.1388888888888889;0.09302325581395349;0.22580645161290322;0.0992063492063492;0.11320754716981132;0.03910614525139665;0.23529411764705882;0.17045454545454547;0.03571428571428571;0.07913669064748202;0.017543859649122806;0.09929078014184398;0.06976744186046512;0.09090909090909091;0.058823529411764705;0.25196850393700787;0.13903743315508021
0.19999999999999998;0.0;0.10989010989010989;0.1111111111111111;0.023255813953488372;0.22580645161290322;0.05952380952380952;0.018867924528301886;0.0223463687150838;0.09411764705882353;0.05681818181818182;0.047619047619047616;0.09352517985611511;0.0;0.05673758865248226;0.09302325581395349;0.03636363636363636;0.1764705882352941;0.08661417322834646;0.0320855614973262
0.14736842105263157;0.14285714285714285;0.2271062271062271;0.19444444444444442;0.16279069767441862;0.29032258064516125;0.25396825396825395;0.1320754716981132;0.3240223463687151;0.3411764705882353;0.36363636363636365;0.07142857142857142;0.26618705035971224;0.15789473684210525;0.24822695035460993;0.32558139534883723;0.19999999999999998;0.4117647058823529;0.2362204724409449;0.21390374331550802
0.12631578947368421;0.0;0.10622710622710622;0.16666666666666666;0.11627906976744186;0.1935483870967742;0.11507936507936507;0.03773584905660377;0.2122905027932961;0.21176470588235294;0.13636363636363635;0.05952380952380952;0.10071942446043167;0.05263157894736842;0.2127659574468085;0.2558139534883721;0.3818181818181818;0.1764705882352941;0.2755905511811024;0.1925133689839572
0.5578947368421052;0.0;0.16483516483516483;0.09722222222222221;0.046511627906976744;0.29032258064516125;0.12698412698412698;0.07547169811320754;0.26256983240223464;0.3411764705882353;0.1590909090909091;0.047619047619047616;0.11510791366906475;0.08771929824561403;0.2127659574468085;0.23255813953488372;0.21818181818181817;0.23529411764705882;0.20472440944881892;0.1283422459893048
0.4421052631578947;0.2857142857142857;0.1391941391941392;0.125;0.046511627906976744;0.06451612903225806;0.07936507936507936;0.05660377358490566;0.0558659217877095;0.03529411764705882;0.07954545454545454;0.11904761904761904;0.07913669064748202;0.03508771929824561;0.04964539007092198;0.13953488372093023;0.09090909090909091;0.0;0.14173228346456695;0.1016042780748663
0.12631578947368421;0.5;0.09157509157509157;0.06944444444444445;0.09302325581395349;0.1935483870967742;0.0992063492063492;0.1320754716981132;0.0893854748603352;0.16470588235294117;0.14772727272727273;0.14285714285714285;0.1223021582733813;0.10526315789473684;0.1276595744680851;0.37209302325581395;0.10909090909090909;0.23529411764705882;0.28346456692913385;0.0909090909090909
0.21052631578947367;0.2857142857142857;0.5787545787545788;0.16666666666666666;0.20930232558139533;0.4838709677419355;0.36507936507936506;0.22641509433962265;0.3128491620111732;0.4235294117647059;0.6477272727272727;0.19047619047619047;0.3956834532374101;0.19298245614035087;0.3404255319148936;0.3023255813953488;0.39999999999999997;0.6470588235294118;0.6771653543307087;0.5294117647058824
0.1368421052631579;0.0;0.06593406593406594;0.19444444444444442;0.09302325581395349;0.1935483870967742;0.1111111111111111;0.018867924528301886;0.0893854748603352;0.2;0.2159090909090909;0.011904761904761904;0.11510791366906475;0.2631578947368421;0.24822695035460993;0.16279069767441862;0.19999999999999998;0.29411764705882354;0.13385826771653542;0.0855614973262032
0.39999999999999997;0.8571428571428571;1.0;0.611111111111111;0.11627906976744186;0.03225806451612903;1.0;1.0;1.0;0.38823529411764707;1.0;0.6785714285714285;1.0;1.0;0.48226950354609927;0.3488372093023256;0.2909090909090909;0.29411764705882354;0.2204724409448819;0.9999999999999999
0.23157894736842105;0.14285714285714285;0.1391941391941392;0.2777777777777778;0.13953488372093023;0.0;0.20634920634920634;0.07547169811320754;0.22905027932960895;0.11764705882352941;0.3181818181818182;0.08333333333333333;0.22302158273381295;0.19298245614035087;0.19858156028368795;0.18604651162790697;0.09090909090909091;0.11764705882352941;0.09448818897637795;0.0641711229946524
0.42105263157894735;0.0;0.040293040293040296;0.2222222222222222;0.3488372093023256;0.45161290322580644;0.0873015873015873;0.1320754716981132;0.06145251396648045;0.27058823529411763;0.17045454545454547;0.011904761904761904;0.1223021582733813;0.08771929824561403;0.19858156028368795;0.2558139534883721;0.2545454545454545;0.5294117647058824;0.18110236220472442;0.058823529411764705
0.6105263157894737;0.07142857142857142;0.07692307692307693;0.1388888888888889;0.13953488372093023;0.3225806451612903;0.06746031746031746;0.07547169811320754;0.0893854748603352;0.1411764705882353;0.18181818181818182;0.011904761904761904;0.14388489208633093;0.07017543859649122;0.1843971631205674;0.27906976744186046;0.21818181818181817;0.4117647058823529;0.14173228346456695;0.0962566844919786
0.22105263157894736;0.07142857142857142;0.040293040293040296;0.16666666666666666;0.18604651162790697;0.6451612903225806;0.10714285714285714;0.11320754716981132;0.1005586592178771;0.38823529411764707;0.17045454545454547;0.05952380952380952;0.12949640287769784;0.15789473684210525;0.2553191489361702;0.27906976744186046;0.21818181818181817;0.5882352941176471;0.11811023622047244;0.058823529411764705
0.21052631578947367;0.0;0.018315018315018316;0.1388888888888889;0.09302325581395349;0.29032258064516125;0.03968253968253968;0.07547169811320754;0.0670391061452514;0.1764705882352941;0.07954545454545454;0.011904761904761904;0.06474820143884892;0.017543859649122806;0.09929078014184398;0.18604651162790697;0.19999999999999998;0.3529411764705882;0.11023622047244094;0.0053475935828877
0.10526315789473684;0.0;0.12087912087912088;0.1111111111111111;0.09302325581395349;0.0;0.1349206349206349;0.07547169811320754;0.09497206703910614;0.16470588235294117;0.17045454545454547;0.047619047619047616;0.08633093525179857;0.12280701754385964;0.09929078014184398;0.18604651162790697;0.03636363636363636;0.0;0.03937007874015748;0.0374331550802139
0.12631578947368421;0.0;0.029304029304029304;0.08333333333333333;0.046511627906976744;0.1935483870967742;0.05555555555555555;0.07547169811320754;0.06145251396648045;0.07058823529411765;0.11363636363636365;0.023809523809523808;0.04316546762589928;0.08771929824561403;0.09219858156028368;0.09302325581395349;0.07272727272727272;0.11764705882352941;0.023622047244094488;0.026737967914438502
0.14736842105263157;0.0;0.021978021978021976;0.15277777777777776;0.20930232558139533;0.3548387096774194;0.06349206349206349;0.11320754716981132;0.0893854748603352;0.15294117647058825;0.14772727272727273;0.047619047619047616;0.07194244604316546;0.12280701754385964;0.15602836879432624;0.2558139534883721;0.18181818181818182;0.47058823529411764;0.12598425196850394;0.0427807486631016
0.21052631578947367;0.14285714285714285;0.1391941391941392;0.2638888888888889;0.06976744186046512;0.06451612903225806;0.1746031746031746;0.3018867924528302;0.2905027932960894;0.27058823529411763;0.375;0.10714285714285714;0.15827338129496404;0.40350877192982454;0.19858156028368795;0.23255813953488372;0.19999999999999998;0.058823529411764705;0.09448818897637795;0.053475935828877004
0.4105263157894737;0.14285714285714285;0.03296703296703297;0.05555555555555555;0.09302325581395349;0.03225806451612903;0.027777777777777776;0.07547169811320754;0.0446927374301676;0.047058823529411764;0.11363636363636365;0.011904761904761904;0.04316546762589928;0.07017543859649122;0.04964539007092198;0.06976744186046512;0.01818181818181818;0.058823529411764705;0.031496062992125984;0.0106951871657754
0.21052631578947367;0.21428571428571427;0.18681318681318682;0.25;0.3023255813953488;0.45161290322580644;0.18253968253968253;0.18867924528301885;0.2122905027932961;0.3176470588235294;0.2840909090909091;0.05952380952380952;0.17266187050359713;0.3157894736842105;0.24822695035460993;0.37209302325581395;0.32727272727272727;0.47058823529411764;0.11811023622047244;0.1283422459893048
0.10526315789473684;0.21428571428571427;0.047619047619047616;0.08333333333333333;0.18604651162790697;0.0967741935483871;0.09126984126984126;0.16981132075471697;0.12849162011173185;0.07058823529411765;0.10227272727272728;0.047619047619047616;0.05755395683453238;0.12280701754385964;0.07801418439716312;0.23255813953488372;0.16363636363636364;0.058823529411764705;0.05511811023622047;0.0427807486631016
0.25263157894736843;0.2857142857142857;0.47985347985347987;0.29166666666666663;0.06976744186046512;0.0;0.4841269841269841;0.49056603773584906;0.6536312849162011;0.2;0.46590909090909094;0.34523809523809523;0.43165467625899284;0.7017543859649122;0.326241134751773;0.16279069767441862;0.21818181818181817;0.058823529411764705;0.031496062992125984;0.2192513368983957
0.12631578947368421;0.0;0.15018315018315018;0.41666666666666663;0.32558139534883723;0.6774193548387096;0.26190476190476186;0.1320754716981132;0.2346368715083799;0.43529411764705883;0.42045454545454547;0.03571428571428571;0.1798561151079137;0.24561403508771928;0.36170212765957444;0.5813953488372093;0.6;0.5882352941176471;0.1889763779527559;0.1016042780748663
0.21052631578947367;0.0;0.04395604395604395;0.1388888888888889;0.09302325581395349;0.3548387096774194;0.04365079365079365;0.07547169811320754;0.07262569832402235;0.18823529411764706;0.10227272727272728;0.011904761904761904;0.10071942446043167;0.12280701754385964;0.10638297872340424;0.13953488372093023;0.09090909090909091;0.5294117647058824;0.09448818897637795;0.0374331550802139
0.1368421052631579;0.21428571428571427;0.1575091575091575;0.2777777777777778;0.27906976744186046;0.29032258064516125;0.1984126984126984;0.11320754716981132;0.2122905027932961;0.23529411764705882;0.4090909090909091;0.07142857142857142;0.14388489208633093;0.19298245614035087;0.2553191489361702;0.3023255813953488;0.3818181818181818;0.1764705882352941;0.07874015748031496;0.1764705882352941
0.25263157894736843;0.0;0.0989010989010989;0.2222222222222222;0.23255813953488372;0.12903225806451613;0.0992063492063492;0.11320754716981132;0.1340782122905028;0.12941176470588234;0.25;0.0;0.15827338129496404;0.12280701754385964;0.14893617021276595;0.20930232558139533;0.21818181818181817;0.058823529411764705;0.05511811023622047;0.0641711229946524
0.21052631578947367;0.07142857142857142;0.06227106227106227;0.18055555555555555;0.18604651162790697;0.0;0.1111111111111111;0.03773584905660377;0.1340782122905028;0.09411764705882353;0.125;0.03571428571428571;0.07913669064748202;0.12280701754385964;0.11347517730496454;0.2558139534883721;0.07272727272727272;0.058823529411764705;0.03937007874015748;0.0855614973262032
0.21052631578947367;0.07142857142857142;0.07326007326007326;0.29166666666666663;0.16279069767441862;0.16129032258064516;0.13095238095238093;0.09433962264150943;0.12849162011173185;0.1764705882352941;0.23863636363636365;0.011904761904761904;0.14388489208633093;0.05263157894736842;0.1843971631205674;0.32558139534883723;0.19999999999999998;0.1764705882352941;0.13385826771653542;0.058823529411764705
0.19999999999999998;0.07142857142857142;0.054945054945054944;0.1388888888888889;0.046511627906976744;0.0;0.09523809523809523;0.05660377358490566;0.13966480446927373;0.08235294117647059;0.11363636363636365;0.011904761904761904;0.06474820143884892;0.07017543859649122;0.09929078014184398;0.09302325581395349;0.05454545454545454;0.058823529411764705;0.023622047244094488;0.0641711229946524
0.11578947368421053;0.0;0.03663003663003663;0.125;0.09302325581395349;0.12903225806451613;0.06349206349206349;0.03773584905660377;0.06145251396648045;0.16470588235294117;0.045454545454545456;0.023809523809523808;0.04316546762589928;0.03508771929824561;0.07801418439716312;0.13953488372093023;0.14545454545454545;0.11764705882352941;0.015748031496062992;0.053475935828877004
0.21052631578947367;0.0;0.12454212454212454;0.3194444444444444;0.11627906976744186;0.6774193548387096;0.1388888888888889;0.03773584905660377;0.111731843575419;0.44705882352941173;0.23863636363636365;0.011904761904761904;0.1798561151079137;0.17543859649122806;0.22695035460992907;0.3023255813953488;0.34545454545454546;0.6470588235294118;0.2125984251968504;0.053475935828877004
0.14736842105263157;0.0;0.047619047619047616;0.2777777777777778;0.23255813953488372;0.5806451612903225;0.09523809523809523;0.018867924528301886;0.06145251396648045;0.27058823529411763;0.1590909090909091;0.011904761904761904;0.06474820143884892;0.08771929824561403;0.20567375886524822;0.27906976744186046;0.23636363636363636;0.5882352941176471;0.2204724409448819;0.06951871657754011
0.19999999999999998;0.0;0.2454212454212454;0.4444444444444444;0.16279069767441862;0.12903225806451613;0.26587301587301587;0.16981132075471697;0.30726256983240224;0.3058823529411765;0.5227272727272727;0.047619047619047616;0.302158273381295;0.2631578947368421;0.2907801418439716;0.3023255813953488;0.3818181818181818;0.11764705882352941;0.17322834645669294;0.1657754010695187
0.21052631578947367;0.07142857142857142;0.10622710622710622;0.25;0.046511627906976744;0.0;0.12698412698412698;0.2641509433962264;0.1675977653631285;0.08235294117647059;0.19318181818181818;0.11904761904761904;0.14388489208633093;0.2982456140350877;0.07092198581560283;0.2558139534883721;0.07272727272727272;0.0;0.06299212598425197;0.0427807486631016
0.3263157894736842;0.21428571428571427;0.09157509157509157;0.19444444444444442;0.046511627906976744;0.06451612903225806;0.15079365079365079;0.11320754716981132;0.111731843575419;0.16470588235294117;0.2159090909090909;0.0;0.12949640287769784;0.10526315789473684;0.16312056737588654;0.09302325581395349;0.18181818181818182;0.058823529411764705;0.12598425196850394;0.0962566844919786
0.21052631578947367;0.14285714285714285;0.08424908424908426;0.15277777777777776;0.13953488372093023;0.0;0.11507936507936507;0.2830188679245283;0.17318435754189945;0.12941176470588234;0.14772727272727273;0.10714285714285714;0.12949640287769784;0.10526315789473684;0.15602836879432624;0.09302325581395349;0.09090909090909091;0.0;0.007874015748031496;0.10695187165775401
0.17894736842105263;0.14285714285714285;0.15018315018315018;0.3194444444444444;0.16279069767441862;0.3870967741935484;0.16666666666666666;0.16981132075471697;0.19553072625698326;0.22352941176470587;0.25;0.047619047619047616;0.22302158273381295;0.19298245614035087;0.2624113475177305;0.23255813953488372;0.2545454545454545;0.23529411764705882;0.12598425196850394;0.1016042780748663
0.16842105263157894;0.07142857142857142;0.15018315018315018;0.3472222222222222;0.32558139534883723;0.29032258064516125;0.2738095238095238;0.20754716981132074;0.35195530726256985;0.27058823529411763;0.4090909090909091;0.09523809523809523;0.22302158273381295;0.3684210526315789;0.35460992907801414;0.2558139534883721;0.2909090909090909;0.4117647058823529;0.1653543307086614;0.0481283422459893
0.21052631578947367;0.21428571428571427;0.5384615384615384;0.6388888888888888;0.32558139534883723;0.22580645161290322;0.6984126984126984;0.5283018867924528;0.888268156424581;0.32941176470588235;0.625;0.46428571428571425;0.6187050359712231;0.7719298245614035;0.624113475177305;0.7674418604651163;0.39999999999999997;0.5294117647058824;0.1889763779527559;0.3262032085561497
0.15789473684210525;0.0;0.09157509157509157;0.2222222222222222;0.20930232558139533;0.25806451612903225;0.1388888888888889;0.11320754716981132;0.1675977653631285;0.36470588235294116;0.25;0.08333333333333333;0.10791366906474821;0.19298245614035087;0.1843971631205674;0.20930232558139533;0.2727272727272727;0.29411764705882354;0.14960629921259844;0.0909090909090909
0.22105263157894736;0.0;0.06227106227106227;0.2361111111111111;0.3023255813953488;0.3225806451612903;0.11507936507936507;0.05660377358490566;0.111731843575419;0.1764705882352941;0.3522727272727273;0.0;0.09352517985611511;0.05263157894736842;0.24822695035460993;0.4418604651162791;0.23636363636363636;0.23529411764705882;0.14173228346456695;0.0855614973262032
0.21052631578947367;0.14285714285714285;0.1282051282051282;0.2638888888888889;0.16279069767441862;0.0967741935483871;0.19047619047619047;0.1320754716981132;0.19553072625698326;0.09411764705882353;0.2727272727272727;0.03571428571428571;0.1798561151079137;0.3333333333333333;0.19858156028368795;0.18604651162790697;0.12727272727272726;0.11764705882352941;0.13385826771653542;0.11764705882352941
0.28421052631578947;0.07142857142857142;0.10622710622710622;0.375;0.27906976744186046;0.45161290322580644;0.1984126984126984;0.1320754716981132;0.21787709497206706;0.32941176470588235;0.3068181818181818;0.11904761904761904;0.26618705035971224;0.3333333333333333;0.3191489361702127;0.46511627906976744;0.4727272727272727;0.4117647058823529;0.18110236220472442;0.0909090909090909
0.11578947368421053;0.0;0.02564102564102564;0.027777777777777776;0.0;0.0;0.023809523809523808;0.018867924528301886;0.02793296089385475;0.058823529411764705;0.06818181818181818;0.0;0.04316546762589928;0.017543859649122806;0.014184397163120567;0.046511627906976744;0.03636363636363636;0.0;0.031496062992125984;0.0053475935828877
0.17894736842105263;0.07142857142857142;0.040293040293040296;0.09722222222222221;0.06976744186046512;0.22580645161290322;0.04365079365079365;0.05660377358490566;0.05027932960893855;0.10588235294117647;0.045454545454545456;0.023809523809523808;0.05035971223021583;0.12280701754385964;0.07801418439716312;0.046511627906976744;0.09090909090909091;0.23529411764705882;0.015748031496062992;0.0160427807486631
0.21052631578947367;0.0;0.04395604395604395;0.2222222222222222;0.16279069767441862;0.16129032258064516;0.07936507936507936;0.05660377358490566;0.07262569832402235;0.1764705882352941;0.14772727272727273;0.011904761904761904;0.09352517985611511;0.07017543859649122;0.19148936170212766;0.32558139534883723;0.2545454545454545;0.23529411764705882;0.11811023622047244;0.0481283422459893
0.10526315789473684;0.07142857142857142;0.03663003663003663;0.2222222222222222;0.046511627906976744;0.0;0.06746031746031746;0.018867924528301886;0.05027932960893855;0.09411764705882353;0.09090909090909091;0.0;0.02877697841726619;0.10526315789473684;0.09929078014184398;0.06976744186046512;0.03636363636363636;0.0;0.007874015748031496;0.0481283422459893
0.16842105263157894;0.21428571428571427;0.16117216117216118;0.3611111111111111;0.3023255813953488;0.22580645161290322;0.24603174603174602;0.16981132075471697;0.27932960893854747;0.2823529411764706;0.2272727272727273;0.09523809523809523;0.20863309352517986;0.38596491228070173;0.44680851063829785;0.20930232558139533;0.34545454545454546;0.0;0.15748031496062992;0.0641711229946524
0.22105263157894736;0.07142857142857142;0.24175824175824176;0.4861111111111111;0.27906976744186046;0.4193548387096774;0.3214285714285714;0.18867924528301885;0.31843575418994413;0.36470588235294116;0.5909090909090909;0.07142857142857142;0.2446043165467626;0.2807017543859649;0.3404255319148936;0.46511627906976744;0.43636363636363634;0.23529411764705882;0.1653543307086614;0.18716577540106952
0.11578947368421053;0.14285714285714285;0.05860805860805861;0.3333333333333333;0.09302325581395349;0.16129032258064516;0.06746031746031746;0.05660377358490566;0.09497206703910614;0.27058823529411763;0.20454545454545456;0.0;0.10791366906474821;0.10526315789473684;0.2127659574468085;0.13953488372093023;0.12727272727272726;0.3529411764705882;0.22834645669291337;0.08021390374331551
0.19999999999999998;0.07142857142857142;0.010989010989010988;0.09722222222222221;0.023255813953488372;0.06451612903225806;0.031746031746031744;0.018867924528301886;0.0335195530726257;0.058823529411764705;0.06818181818181818;0.011904761904761904;0.02877697841726619;0.03508771929824561;0.07801418439716312;0.046511627906976744;0.12727272727272726;0.058823529411764705;0.015748031496062992;0.0106951871657754
0.22105263157894736;0.0;0.07326007326007326;0.15277777777777776;0.16279069767441862;0.0;0.0992063492063492;0.1509433962264151;0.111731843575419;0.058823529411764705;0.13636363636363635;0.08333333333333333;0.11510791366906475;0.21052631578947367;0.15602836879432624;0.23255813953488372;0.14545454545454545;0.0;0.08661417322834646;0.053475935828877004
0.12631578947368421;0.07142857142857142;0.10989010989010989;0.40277777777777773;0.3023255813953488;0.5483870967741935;0.16269841269841268;0.1509433962264151;0.1564245810055866;0.43529411764705883;0.2272727272727273;0.047619047619047616;0.15827338129496404;0.3333333333333333;0.2836879432624113;0.7674418604651163;0.43636363636363634;0.47058823529411764;0.2440944881889764;0.0481283422459893
0.2631578947368421;0.21428571428571427;0.30036630036630035;0.3611111111111111;0.09302325581395349;0.16129032258064516;0.369047619047619;0.3018867924528302;0.38547486033519557;0.22352941176470587;0.5454545454545454;0.11904761904761904;0.34532374100719426;0.5614035087719298;0.39716312056737585;0.23255813953488372;0.2727272727272727;0.0;0.08661417322834646;0.11764705882352941
0.1368421052631579;0.07142857142857142;0.05860805860805861;0.18055555555555555;0.06976744186046512;0.0;0.0992063492063492;0.07547169811320754;0.1564245810055866;0.07058823529411765;0.17045454545454547;0.03571428571428571;0.07913669064748202;0.10526315789473684;0.1276595744680851;0.09302325581395349;0.09090909090909091;0.0;0.03937007874015748;0.053475935828877004
0.21052631578947367;0.07142857142857142;0.05128205128205128;0.06944444444444445;0.06976744186046512;0.0;0.03571428571428571;0.03773584905660377;0.03910614525139665;0.058823529411764705;0.022727272727272728;0.023809523809523808;0.06474820143884892;0.017543859649122806;0.0425531914893617;0.046511627906976744;0.07272727272727272;0.058823529411764705;0.023622047244094488;0.026737967914438502
0.08421052631578947;0.0;0.0;0.05555555555555555;0.13953488372093023;0.0967741935483871;0.011904761904761904;0.0;0.0223463687150838;0.07058823529411765;0.03409090909090909;0.0;0.02877697841726619;0.017543859649122806;0.04964539007092198;0.046511627906976744;0.07272727272727272;0.058823529411764705;0.031496062992125984;0.0374331550802139
0.22105263157894736;0.21428571428571427;0.2857142857142857;0.625;0.3488372093023256;0.5806451612903225;0.32936507936507936;0.3962264150943396;0.41899441340782123;0.5647058823529412;0.5454545454545454;0.15476190476190477;0.2949640287769784;0.5614035087719298;0.5177304964539007;0.6046511627906976;0.5272727272727272;0.3529411764705882;0.30708661417322836;0.1550802139037433
0.18947368421052632;0.21428571428571427;0.11721611721611722;0.2777777777777778;0.23255813953488372;0.3548387096774194;0.1388888888888889;0.03773584905660377;0.17318435754189945;0.3764705882352941;0.32954545454545453;0.0;0.1366906474820144;0.2982456140350877;0.2198581560283688;0.3488372093023256;0.45454545454545453;0.1764705882352941;0.12598425196850394;0.10695187165775401
0.10526315789473684;0.0;0.08424908424908426;0.3472222222222222;0.3488372093023256;0.29032258064516125;0.2222222222222222;0.1320754716981132;0.21787709497206706;0.24705882352941178;0.18181818181818182;0.05952380952380952;0.17266187050359713;0.2631578947368421;0.24822695035460993;0.5348837209302325;0.39999999999999997;0.23529411764705882;0.13385826771653542;0.10695187165775401
0.042105263157894736;0.3571428571428571;0.31868131868131866;0.5416666666666666;0.37209302325581395;0.3548387096774194;0.4325396825396825;0.4528301886792453;0.5307262569832403;0.43529411764705883;0.6590909090909091;0.13095238095238093;0.4388489208633094;0.6491228070175439;0.41134751773049644;0.6046511627906976;0.5454545454545454;0.3529411764705882;0.2913385826771654;0.1550802139037433
0.28421052631578947;0.3571428571428571;0.2857142857142857;0.611111111111111;0.3953488372093023;0.03225806451612903;0.4444444444444444;0.4716981132075472;0.48044692737430167;0.2;0.5795454545454546;0.26190476190476186;0.3669064748201439;0.7894736842105263;0.41843971631205673;0.46511627906976744;0.32727272727272727;0.058823529411764705;0.1889763779527559;0.1283422459893048
0.08421052631578947;0.07142857142857142;0.09157509157509157;0.18055555555555555;0.11627906976744186;0.06451612903225806;0.10714285714285714;0.1509433962264151;0.1005586592178771;0.16470588235294117;0.23863636363636365;0.03571428571428571;0.18705035971223022;0.14035087719298245;0.14184397163120568;0.18604651162790697;0.10909090909090909;0.058823529411764705;0.03937007874015748;0.058823529411764705
0.12631578947368421;0.0;0.047619047619047616;0.125;0.06976744186046512;0.0;0.05555555555555555;0.03773584905660377;0.07262569832402235;0.09411764705882353;0.10227272727272728;0.0;0.07194244604316546;0.05263157894736842;0.09929078014184398;0.06976744186046512;0.12727272727272726;0.0;0.047244094488188976;0.0213903743315508
0.18947368421052632;0.07142857142857142;0.21978021978021978;0.4444444444444444;0.27906976744186046;0.25806451612903225;0.3214285714285714;0.24528301886792453;0.39664804469273746;0.2823529411764706;0.4090909090909091;0.09523809523809523;0.3956834532374101;0.38596491228070173;0.4609929078014184;0.41860465116279066;0.32727272727272727;0.3529411764705882;0.25196850393700787;0.1657754010695187
0.15789473684210525;0.0;0.17216117216117216;0.5972222222222222;0.37209302325581395;0.967741935483871;0.2698412698412698;0.20754716981132074;0.2905027932960894;0.6823529411764706;0.5454545454545454;0.07142857142857142;0.2517985611510791;0.21052631578947367;0.34751773049645385;0.6976744186046512;0.5636363636363636;0.9411764705882353;0.33858267716535434;0.2192513368983957
0.42105263157894735;0.14285714285714285;0.2893772893772894;0.20833333333333331;0.06976744186046512;0.0;0.2857142857142857;0.32075471698113206;0.3575418994413408;0.09411764705882353;0.6022727272727273;0.08333333333333333;0.33093525179856115;0.40350877192982454;0.2695035460992907;0.16279069767441862;0.18181818181818182;0.0;0.07874015748031496;0.11764705882352941
0.1368421052631579;0.07142857142857142;0.05860805860805861;0.20833333333333331;0.5116279069767442;0.4838709677419355;0.11507936507936507;0.1509433962264151;0.1005586592178771;0.23529411764705882;0.25;0.047619047619047616;0.10791366906474821;0.08771929824561403;0.19858156028368795;0.6046511627906976;0.45454545454545453;0.29411764705882354;0.18110236220472442;0.058823529411764705
0.18947368421052632;0.07142857142857142;0.04395604395604395;0.3055555555555555;0.16279069767441862;0.3225806451612903;0.09126984126984126;0.03773584905660377;0.08379888268156425;0.22352941176470587;0.2159090909090909;0.03571428571428571;0.06474820143884892;0.07017543859649122;0.2127659574468085;0.41860465116279066;0.23636363636363636;0.5882352941176471;0.14173228346456695;0.053475935828877004
0.19999999999999998;0.0;0.08424908424908426;0.18055555555555555;0.06976744186046512;0.03225806451612903;0.13095238095238093;0.07547169811320754;0.09497206703910614;0.10588235294117647;0.14772727272727273;0.05952380952380952;0.11510791366906475;0.07017543859649122;0.12056737588652483;0.13953488372093023;0.09090909090909091;0.1764705882352941;0.07874015748031496;0.0481283422459893
0.07368421052631578;0.0;0.014652014652014652;0.09722222222222221;0.09302325581395349;0.06451612903225806;0.027777777777777776;0.018867924528301886;0.05027932960893855;0.08235294117647059;0.05681818181818182;0.0;0.06474820143884892;0.03508771929824561;0.0425531914893617;0.09302325581395349;0.07272727272727272;0.0;0.047244094488188976;0.0481283422459893
0.21052631578947367;0.0;0.040293040293040296;0.16666666666666666;0.11627906976744186;0.16129032258064516;0.06349206349206349;0.03773584905660377;0.05027932960893855;0.1411764705882353;0.06818181818181818;0.023809523809523808;0.05755395683453238;0.08771929824561403;0.1347517730496454;0.16279069767441862;0.18181818181818182;0.23529411764705882;0.047244094488188976;0.0748663101604278
0.19999999999999998;0.0;0.06227106227106227;0.15277777777777776;0.11627906976744186;0.0;0.10714285714285714;0.03773584905660377;0.0670391061452514;0.07058823529411765;0.18181818181818182;0.0;0.09352517985611511;0.07017543859649122;0.11347517730496454;0.09302325581395349;0.14545454545454545;0.058823529411764705;0.06299212598425197;0.0481283422459893
0.21052631578947367;0.3571428571428571;0.27106227106227104;0.06944444444444445;0.023255813953488372;0.0;0.2857142857142857;0.24528301886792453;0.3240223463687151;0.11764705882352941;0.19318181818181818;0.22619047619047616;0.2446043165467626;0.19298245614035087;0.04964539007092198;0.023255813953488372;0.03636363636363636;0.11764705882352941;0.015748031496062992;0.0748663101604278
0.42105263157894735;0.14285714285714285;0.2857142857142857;0.375;0.4883720930232558;0.3870967741935484;0.4246031746031746;0.2830188679245283;0.45251396648044695;0.4588235294117647;0.46590909090909094;0.11904761904761904;0.2949640287769784;0.7543859649122806;0.39716312056737585;0.627906976744186;0.5272727272727272;0.5882352941176471;0.15748031496062992;0.2620320855614973
0.30526315789473685;0.14285714285714285;0.1391941391941392;0.29166666666666663;0.3023255813953488;0.25806451612903225;0.18253968253968253;0.1320754716981132;0.18994413407821228;0.18823529411764706;0.36363636363636365;0.023809523809523808;0.15827338129496404;0.2631578947368421;0.23404255319148937;0.5581395348837209;0.19999999999999998;0.1764705882352941;0.1889763779527559;0.1283422459893048
0.10526315789473684;0.07142857142857142;0.06593406593406594;0.2222222222222222;0.20930232558139533;0.3225806451612903;0.15476190476190477;0.05660377358490566;0.11731843575418995;0.2;0.18181818181818182;0.05952380952380952;0.10071942446043167;0.05263157894736842;0.23404255319148937;0.32558139534883723;0.21818181818181817;0.11764705882352941;0.09448818897637795;0.0641711229946524
0.15789473684210525;0.0;0.010989010989010988;0.05555555555555555;0.046511627906976744;0.03225806451612903;0.015873015873015872;0.0;0.02793296089385475;0.023529411764705882;0.03409090909090909;0.0;0.02877697841726619;0.017543859649122806;0.03546099290780142;0.11627906976744186;0.03636363636363636;0.058823529411764705;0.023622047244094488;0.0213903743315508
0.042105263157894736;0.0;0.0879120879120879;0.15277777777777776;0.32558139534883723;0.12903225806451613;0.12698412698412698;0.03773584905660377;0.1675977653631285;0.11764705882352941;0.3068181818181818;0.011904761904761904;0.15827338129496404;0.03508771929824561;0.15602836879432624;0.23255813953488372;0.2909090909090909;0.1764705882352941;0.12598425196850394;0.0909090909090909
0.1368421052631579;0.0;0.10989010989010989;0.16666666666666666;0.13953488372093023;0.0;0.12301587301587301;0.09433962264150943;0.1340782122905028;0.12941176470588234;0.19318181818181818;0.023809523809523808;0.16546762589928057;0.07017543859649122;0.07801418439716312;0.16279069767441862;0.07272727272727272;0.11764705882352941;0.11811023622047244;0.0320855614973262
0.42105263157894735;0.07142857142857142;0.11355311355311355;0.4583333333333333;0.41860465116279066;0.6774193548387096;0.1746031746031746;0.11320754716981132;0.22905027932960895;0.32941176470588235;0.25;0.05952380952380952;0.2446043165467626;0.17543859649122806;0.36879432624113473;0.5348837209302325;0.2909090909090909;0.7647058823529411;0.2992125984251969;0.1122994652406417
0.21052631578947367;0.0;0.06593406593406594;0.375;0.37209302325581395;0.7419354838709677;0.1468253968253968;0.07547169811320754;0.2569832402234637;0.3411764705882353;0.17045454545454547;0.05952380952380952;0.23741007194244607;0.22807017543859648;0.375886524822695;0.5813953488372093;0.6;0.6470588235294118;0.2125984251968504;0.08021390374331551
0.47368421052631576;0.07142857142857142;0.47985347985347987;0.375;0.4883720930232558;0.6129032258064516;0.5992063492063492;0.49056603773584906;0.7206703910614526;0.5411764705882353;0.8181818181818182;0.26190476190476186;0.4460431654676259;0.8421052631578947;0.43262411347517726;0.8837209302325582;0.6363636363636364;0.7058823529411764;0.2440944881889764;0.2032085561497326
0.3894736842105263;0.0;0.010989010989010988;0.041666666666666664;0.09302325581395349;0.0;0.015873015873015872;0.0;0.01675977653631285;0.07058823529411765;0.07954545454545454;0.0;0.05035971223021583;0.05263157894736842;0.0425531914893617;0.06976744186046512;0.0;0.0;0.015748031496062992;0.053475935828877004
0.18947368421052632;0.07142857142857142;0.09157509157509157;0.40277777777777773;0.46511627906976744;0.5483870967741935;0.1349206349206349;0.07547169811320754;0.18435754189944134;0.4588235294117647;0.3181818181818182;0.011904761904761904;0.15827338129496404;0.21052631578947367;0.2907801418439716;0.5348837209302325;0.3818181818181818;0.5882352941176471;0.2440944881889764;0.06951871657754011
0.21052631578947367;0.14285714285714285;0.16117216117216118;0.4722222222222222;0.46511627906976744;0.6129032258064516;0.28174603174603174;0.24528301886792453;0.3687150837988827;0.44705882352941173;0.39772727272727276;0.09523809523809523;0.38848920863309355;0.3333333333333333;0.3829787234042553;0.8604651162790697;0.7090909090909091;0.3529411764705882;0.15748031496062992;0.1497326203208556
0.2736842105263158;0.07142857142857142;0.23443223443223443;0.3333333333333333;0.11627906976744186;0.22580645161290322;0.3134920634920635;0.1320754716981132;0.28491620111731847;0.2;0.375;0.047619047619047616;0.28776978417266186;0.3684210526315789;0.3333333333333333;0.3488372093023256;0.21818181818181817;0.1764705882352941;0.08661417322834646;0.1925133689839572
0.23157894736842105;0.07142857142857142;0.021978021978021976;0.041666666666666664;0.09302325581395349;0.06451612903225806;0.04365079365079365;0.0;0.03910614525139665;0.047058823529411764;0.06818181818181818;0.0;0.014388489208633094;0.0;0.0070921985815602835;0.11627906976744186;0.0;0.0;0.007874015748031496;0.0374331550802139
0.4105263157894737;0.14285714285714285;0.23809523809523808;0.4722222222222222;0.3953488372093023;0.22580645161290322;0.3055555555555555;0.20754716981132074;0.40782122905027934;0.29411764705882354;0.5227272727272727;0.11904761904761904;0.30935251798561153;0.24561403508771928;0.375886524822695;0.37209302325581395;0.45454545454545453;0.23529411764705882;0.18110236220472442;0.16042780748663102
0.15789473684210525;0.07142857142857142;0.10256410256410256;0.5;0.3023255813953488;0.16129032258064516;0.17063492063492064;0.1509433962264151;0.18994413407821228;0.23529411764705882;0.2727272727272727;0.047619047619047616;0.22302158273381295;0.21052631578947367;0.3404255319148936;0.5116279069767442;0.2909090909090909;0.47058823529411764;0.1653543307086614;0.10695187165775401
0.15789473684210525;0.0;0.018315018315018316;0.05555555555555555;0.06976744186046512;0.03225806451612903;0.03968253968253968;0.03773584905660377;0.05027932960893855;0.03529411764705882;0.045454545454545456;0.0;0.04316546762589928;0.03508771929824561;0.021276595744680847;0.046511627906976744;0.05454545454545454;0.0;0.015748031496062992;0.0
0.35789473684210527;0.14285714285714285;0.15018315018315018;0.4722222222222222;0.23255813953488372;0.5483870967741935;0.26587301587301587;0.11320754716981132;0.34078212290502796;0.4235294117647059;0.4431818181818182;0.05952380952380952;0.28057553956834536;0.42105263157894735;0.375886524822695;0.5813953488372093;0.4727272727272727;0.5294117647058824;0.2125984251968504;0.06951871657754011
0.21052631578947367;0.0;0.08058608058608059;0.3055555555555555;0.13953488372093023;0.3225806451612903;0.1388888888888889;0.018867924528301886;0.1675977653631285;0.24705882352941178;0.2727272727272727;0.09523809523809523;0.1510791366906475;0.14035087719298245;0.2553191489361702;0.41860465116279066;0.23636363636363636;0.23529411764705882;0.09448818897637795;0.0748663101604278
0.29473684210526313;0.07142857142857142;0.19413919413919414;0.29166666666666663;0.09302325581395349;0.1935483870967742;0.1984126984126984;0.03773584905660377;0.22905027932960895;0.24705882352941178;0.4090909090909091;0.08333333333333333;0.2733812949640288;0.2807017543859649;0.2553191489361702;0.3023255813953488;0.32727272727272727;0.23529411764705882;0.17322834645669294;0.1550802139037433
0.08421052631578947;0.14285714285714285;0.10989010989010989;0.3472222222222222;0.41860465116279066;0.0967741935483871;0.19047619047619047;0.018867924528301886;0.2346368715083799;0.15294117647058825;0.29545454545454547;0.03571428571428571;0.18705035971223022;0.24561403508771928;0.35460992907801414;0.5581395348837209;0.2727272727272727;0.11764705882352941;0.14173228346456695;0.1229946524064171
0.15789473684210525;0.0;0.05128205128205128;0.09722222222222221;0.046511627906976744;0.06451612903225806;0.04365079365079365;0.1320754716981132;0.09497206703910614;0.07058823529411765;0.11363636363636365;0.011904761904761904;0.07194244604316546;0.10526315789473684;0.09929078014184398;0.13953488372093023;0.07272727272727272;0.058823529411764705;0.015748031496062992;0.0427807486631016
0.15789473684210525;0.0;0.18681318681318682;0.3194444444444444;0.32558139534883723;0.3870967741935484;0.23412698412698413;0.1509433962264151;0.1229050279329609;0.29411764705882354;0.4545454545454546;0.023809523809523808;0.22302158273381295;0.19298245614035087;0.2553191489361702;0.3953488372093023;0.41818181818181815;0.29411764705882354;0.13385826771653542;0.1016042780748663
0.10526315789473684;0.0;0.05860805860805861;0.15277777777777776;0.13953488372093023;0.06451612903225806;0.08333333333333333;0.018867924528301886;0.0782122905027933;0.10588235294117647;0.07954545454545454;0.05952380952380952;0.10071942446043167;0.10526315789473684;0.1276595744680851;0.06976744186046512;0.09090909090909091;0.058823529411764705;0.09448818897637795;0.0427807486631016
0.19999999999999998;0.07142857142857142;0.21245421245421245;0.625;0.46511627906976744;0.8709677419354839;0.31746031746031744;0.18867924528301885;0.446927374301676;0.6823529411764706;0.5113636363636364;0.10714285714285714;0.32374100719424465;0.22807017543859648;0.43971631205673756;0.8372093023255813;0.509090909090909;0.7647058823529411;0.3700787401574803;0.1229946524064171
0.21052631578947367;0.07142857142857142;0.10622710622710622;0.4583333333333333;0.46511627906976744;0.16129032258064516;0.15079365079365079;0.1320754716981132;0.21787709497206706;0.2588235294117647;0.2159090909090909;0.011904761904761904;0.1223021582733813;0.21052631578947367;0.3049645390070922;0.41860465116279066;0.32727272727272727;0.1764705882352941;0.1653543307086614;0.06951871657754011
0.21052631578947367;0.0;0.054945054945054944;0.1388888888888889;0.023255813953488372;0.03225806451612903;0.06349206349206349;0.07547169811320754;0.08379888268156425;0.047058823529411764;0.045454545454545456;0.03571428571428571;0.06474820143884892;0.05263157894736842;0.10638297872340424;0.13953488372093023;0.0;0.0;0.05511811023622047;0.0427807486631016
0.24210526315789474;0.0;0.08424908424908426;0.25;0.13953488372093023;0.3225806451612903;0.10714285714285714;0.11320754716981132;0.15083798882681565;0.23529411764705882;0.2159090909090909;0.03571428571428571;0.1223021582733813;0.14035087719298245;0.1773049645390071;0.3023255813953488;0.18181818181818182;0.29411764705882354;0.14173228346456695;0.0481283422459893
0.28421052631578947;0.0;0.1575091575091575;0.3194444444444444;0.4418604651162791;0.3225806451612903;0.1746031746031746;0.05660377358490566;0.3128491620111732;0.2823529411764706;0.5227272727272727;0.03571428571428571;0.20863309352517986;0.19298245614035087;0.3191489361702127;0.5116279069767442;0.509090909090909;0.11764705882352941;0.11023622047244094;0.11764705882352941
0.3894736842105263;0.3571428571428571;0.48717948717948717;0.5416666666666666;0.2558139534883721;0.0;0.6190476190476191;0.5094339622641509;0.6536312849162011;0.38823529411764707;0.8409090909090909;0.3571428571428571;0.7050359712230216;0.8245614035087718;0.5602836879432623;0.37209302325581395;0.2727272727272727;0.0;0.1653543307086614;0.24064171122994651
0.21052631578947367;0.21428571428571427;0.24175824175824176;0.3611111111111111;0.18604651162790697;0.25806451612903225;0.2738095238095238;0.09433962264150943;0.36312849162011174;0.24705882352941178;0.4318181818181818;0.13095238095238093;0.26618705035971224;0.21052631578947367;0.3404255319148936;0.18604651162790697;0.34545454545454546;0.11764705882352941;0.11811023622047244;0.10695187165775401
0.19999999999999998;0.14285714285714285;0.05128205128205128;0.18055555555555555;0.11627906976744186;0.12903225806451613;0.0873015873015873;0.05660377358490566;0.09497206703910614;0.18823529411764706;0.05681818181818182;0.023809523809523808;0.07913669064748202;0.10526315789473684;0.15602836879432624;0.16279069767441862;0.03636363636363636;0.29411764705882354;0.11811023622047244;0.0160427807486631
0.042105263157894736;0.14285714285714285;0.15018315018315018;0.5138888888888888;0.3023255813953488;0.25806451612903225;0.1984126984126984;0.1320754716981132;0.2122905027932961;0.18823529411764706;0.32954545454545453;0.05952380952380952;0.22302158273381295;0.12280701754385964;0.2553191489361702;0.3953488372093023;0.36363636363636365;0.3529411764705882;0.17322834645669294;0.24064171122994651
0.4526315789473684;0.07142857142857142;0.21245421245421245;0.38888888888888884;0.27906976744186046;0.5161290322580645;0.20238095238095238;0.11320754716981132;0.24022346368715083;0.49411764705882355;0.39772727272727276;0.047619047619047616;0.2589928057553957;0.22807017543859648;0.2624113475177305;0.46511627906976744;0.39999999999999997;0.3529411764705882;0.17322834645669294;0.1122994652406417
0.1368421052631579;0.14285714285714285;0.27472527472527475;0.2361111111111111;0.046511627906976744;0.0;0.32936507936507936;0.8113207547169811;0.4748603351955307;0.09411764705882353;0.29545454545454547;0.42857142857142855;0.32374100719424465;0.08771929824561403;0.1843971631205674;0.11627906976744186;0.03636363636363636;0.0;0.007874015748031496;0.0962566844919786
0.29473684210526313;0.21428571428571427;0.2087912087912088;0.38888888888888884;0.20930232558139533;0.5161290322580645;0.26190476190476186;0.1509433962264151;0.329608938547486;0.44705882352941173;0.38636363636363635;0.05952380952380952;0.2589928057553957;0.2631578947368421;0.375886524822695;0.3953488372093023;0.21818181818181817;0.29411764705882354;0.15748031496062992;0.2245989304812834
0.2631578947368421;0.07142857142857142;0.16117216117216118;0.09722222222222221;0.023255813953488372;0.0;0.1865079365079365;0.49056603773584906;0.3575418994413408;0.047058823529411764;0.1590909090909091;0.23809523809523808;0.20863309352517986;0.17543859649122806;0.12056737588652483;0.046511627906976744;0.01818181818181818;0.0;0.0;0.0374331550802139
0.631578947368421;0.0;0.25274725274725274;0.6805555555555555;0.46511627906976744;0.5806451612903225;0.40476190476190477;0.43396226415094336;0.547486033519553;0.49411764705882355;0.5568181818181819;0.17857142857142855;0.41007194244604317;0.6140350877192982;0.5886524822695035;0.8372093023255813;0.7090909090909091;0.47058823529411764;0.2913385826771654;0.1925133689839572
0.19999999999999998;0.2857142857142857;0.10256410256410256;0.3055555555555555;0.2558139534883721;0.3870967741935484;0.1746031746031746;0.03773584905660377;0.1452513966480447;0.29411764705882354;0.2272727272727273;0.023809523809523808;0.1798561151079137;0.21052631578947367;0.20567375886524822;0.4418604651162791;0.2909090909090909;0.47058823529411764;0.1653543307086614;0.0427807486631016
0.10526315789473684;0.0;0.05128205128205128;0.125;0.11627906976744186;0.5161290322580645;0.09126984126984126;0.05660377358490566;0.0670391061452514;0.24705882352941178;0.14772727272727273;0.023809523809523808;0.10071942446043167;0.14035087719298245;0.14184397163120568;0.23255813953488372;0.2545454545454545;0.4117647058823529;0.14173228346456695;0.053475935828877004
0.42105263157894735;0.5714285714285714;0.6666666666666666;0.3055555555555555;0.27906976744186046;0.1935483870967742;0.6944444444444444;0.660377358490566;0.8100558659217877;0.36470588235294116;0.8409090909090909;0.3333333333333333;0.6474820143884893;0.8421052631578947;0.34751773049645385;0.27906976744186046;0.34545454545454546;0.29411764705882354;0.28346456692913385;0.27807486631016043
0.21052631578947367;0.2857142857142857;0.3333333333333333;0.5416666666666666;0.3488372093023256;0.3225806451612903;0.46428571428571425;0.4528301886792453;0.44134078212290506;0.3411764705882353;0.7386363636363636;0.09523809523809523;0.5107913669064749;0.6140350877192982;0.44680851063829785;0.46511627906976744;0.5818181818181818;0.1764705882352941;0.30708661417322836;0.1764705882352941
0.14736842105263157;0.0;0.047619047619047616;0.041666666666666664;0.046511627906976744;0.0;0.047619047619047616;0.018867924528301886;0.06145251396648045;0.011764705882352941;0.11363636363636365;0.0;0.05035971223021583;0.07017543859649122;0.0070921985815602835;0.06976744186046512;0.01818181818181818;0.0;0.015748031496062992;0.0106951871657754
0.05263157894736842;0.14285714285714285;0.05860805860805861;0.1111111111111111;0.20930232558139533;0.22580645161290322;0.11507936507936507;0.05660377358490566;0.16201117318435754;0.1764705882352941;0.1590909090909091;0.023809523809523808;0.05035971223021583;0.03508771929824561;0.14893617021276595;0.23255813953488372;0.2545454545454545;0.3529411764705882;0.08661417322834646;0.0374331550802139
0.14736842105263157;0.07142857142857142;0.07326007326007326;0.09722222222222221;0.16279069767441862;0.0967741935483871;0.09523809523809523;0.09433962264150943;0.09497206703910614;0.1411764705882353;0.13636363636363635;0.011904761904761904;0.07913669064748202;0.10526315789473684;0.09929078014184398;0.09302325581395349;0.10909090909090909;0.11764705882352941;0.12598425196850394;0.058823529411764705
0.14736842105263157;0.07142857142857142;0.03296703296703297;0.09722222222222221;0.06976744186046512;0.0;0.051587301587301584;0.03773584905660377;0.08379888268156425;0.0;0.09090909090909091;0.0;0.06474820143884892;0.08771929824561403;0.05673758865248226;0.06976744186046512;0.01818181818181818;0.058823529411764705;0.007874015748031496;0.0
0.5684210526315789;0.0;0.08424908424908426;0.2222222222222222;0.16279069767441862;0.3548387096774194;0.1746031746031746;0.018867924528301886;0.20670391061452514;0.21176470588235294;0.1590909090909091;0.023809523809523808;0.12949640287769784;0.08771929824561403;0.2198581560283688;0.27906976744186046;0.2727272727272727;0.3529411764705882;0.1653543307086614;0.1283422459893048
0.08421052631578947;0.0;0.047619047619047616;0.3333333333333333;0.18604651162790697;0.6129032258064516;0.09523809523809523;0.03773584905660377;0.111731843575419;0.3529411764705882;0.125;0.011904761904761904;0.04316546762589928;0.12280701754385964;0.2624113475177305;0.41860465116279066;0.3090909090909091;0.3529411764705882;0.14960629921259844;0.06951871657754011
0.09473684210526316;0.0;0.06593406593406594;0.125;0.11627906976744186;0.29032258064516125;0.06349206349206349;0.018867924528301886;0.10614525139664804;0.24705882352941178;0.1590909090909091;0.03571428571428571;0.10791366906474821;0.08771929824561403;0.16312056737588654;0.13953488372093023;0.32727272727272727;0.11764705882352941;0.15748031496062992;0.0481283422459893
0.42105263157894735;0.07142857142857142;0.09523809523809523;0.3472222222222222;0.27906976744186046;0.4193548387096774;0.13095238095238093;0.20754716981132074;0.2122905027932961;0.3058823529411765;0.26136363636363635;0.03571428571428571;0.22302158273381295;0.24561403508771928;0.41134751773049644;0.4883720930232558;0.4909090909090909;0.4117647058823529;0.2362204724409449;0.1122994652406417
0.1368421052631579;0.14285714285714285;0.0879120879120879;0.125;0.023255813953488372;0.0;0.09523809523809523;0.018867924528301886;0.08379888268156425;0.07058823529411765;0.17045454545454547;0.047619047619047616;0.10791366906474821;0.7017543859649122;0.028368794326241134;0.046511627906976744;0.03636363636363636;0.058823529411764705;0.023622047244094488;0.0213903743315508
0.0;0.0;0.06593406593406594;0.09722222222222221;0.06976744186046512;0.0;0.07142857142857142;0.05660377358490566;0.1005586592178771;0.047058823529411764;0.2159090909090909;0.0;0.08633093525179857;0.08771929824561403;0.04964539007092198;0.11627906976744186;0.09090909090909091;0.0;0.031496062992125984;0.058823529411764705
0.021052631578947368;0.07142857142857142;0.021978021978021976;0.1388888888888889;0.18604651162790697;0.22580645161290322;0.06349206349206349;0.0;0.0446927374301676;0.12941176470588234;0.11363636363636365;0.011904761904761904;0.07194244604316546;0.03508771929824561;0.07801418439716312;0.32558139534883723;0.18181818181818182;0.1764705882352941;0.05511811023622047;0.08021390374331551
0.3684210526315789;0.2857142857142857;0.22344322344322345;0.5972222222222222;0.4418604651162791;0.5806451612903225;0.3412698412698413;0.1320754716981132;0.44134078212290506;0.4588235294117647;0.4545454545454546;0.08333333333333333;0.33093525179856115;0.3333333333333333;0.41843971631205673;0.6511627906976745;0.36363636363636365;0.4117647058823529;0.19685039370078738;0.1925133689839572
0.23157894736842105;0.07142857142857142;0.12087912087912088;0.25;0.2558139534883721;0.12903225806451613;0.07142857142857142;0.07547169811320754;0.13966480446927373;0.22352941176470587;0.125;0.047619047619047616;0.11510791366906475;0.017543859649122806;0.15602836879432624;0.3023255813953488;0.21818181818181817;0.058823529411764705;0.14960629921259844;0.1550802139037433
0.23157894736842105;0.07142857142857142;0.24175824175824176;0.3194444444444444;0.3488372093023256;0.16129032258064516;0.14285714285714285;0.05660377358490566;0.16201117318435754;0.4588235294117647;0.2159090909090909;0.10714285714285714;0.1510791366906475;0.05263157894736842;0.2695035460992907;0.3488372093023256;0.23636363636363636;0.23529411764705882;0.5433070866141733;0.2620320855614973
0.18947368421052632;0.0;0.10989010989010989;0.2222222222222222;0.11627906976744186;0.03225806451612903;0.051587301587301584;0.09433962264150943;0.1564245810055866;0.2;0.17045454545454547;0.08333333333333333;0.09352517985611511;0.07017543859649122;0.20567375886524822;0.09302325581395349;0.12727272727272726;0.3529411764705882;0.33858267716535434;0.20855614973262032
0.18947368421052632;0.07142857142857142;0.10256410256410256;0.20833333333333331;0.18604651162790697;0.0967741935483871;0.05952380952380952;0.018867924528301886;0.1005586592178771;0.15294117647058825;0.125;0.03571428571428571;0.06474820143884892;0.03508771929824561;0.1773049645390071;0.23255813953488372;0.09090909090909091;0.058823529411764705;0.1889763779527559;0.1818181818181818
0.16842105263157894;0.2857142857142857;0.3076923076923077;0.375;0.18604651162790697;0.4193548387096774;0.12301587301587301;0.07547169811320754;0.19553072625698326;0.4235294117647059;0.3181818181818182;0.22619047619047616;0.18705035971223022;0.08771929824561403;0.5106382978723404;0.41860465116279066;0.3818181818181818;0.4117647058823529;0.8582677165354331;0.13903743315508021
0.14736842105263157;0.2857142857142857;0.1282051282051282;0.19444444444444442;0.06976744186046512;0.22580645161290322;0.047619047619047616;0.03773584905660377;0.08379888268156425;0.16470588235294117;0.14772727272727273;0.03571428571428571;0.05755395683453238;0.07017543859649122;0.2695035460992907;0.023255813953488372;0.23636363636363636;0.11764705882352941;0.25196850393700787;0.053475935828877004
0.042105263157894736;0.07142857142857142;0.040293040293040296;0.15277777777777776;0.23255813953488372;0.12903225806451613;0.04365079365079365;0.018867924528301886;0.0335195530726257;0.08235294117647059;0.045454545454545456;0.023809523809523808;0.03597122302158273;0.017543859649122806;0.1276595744680851;0.11627906976744186;0.09090909090909091;0.1764705882352941;0.11023622047244094;0.0962566844919786
0.17894736842105263;0.07142857142857142;0.13186813186813187;0.3055555555555555;0.046511627906976744;0.0967741935483871;0.1746031746031746;0.07547169811320754;0.1229050279329609;0.1764705882352941;0.18181818181818182;0.05952380952380952;0.1510791366906475;0.05263157894736842;0.06382978723404256;0.046511627906976744;0.05454545454545454;0.0;0.11811023622047244;0.1283422459893048
0.24210526315789474;0.0;0.13553113553113552;0.25;0.06976744186046512;0.22580645161290322;0.0873015873015873;0.018867924528301886;0.13966480446927373;0.16470588235294117;0.17045454545454547;0.047619047619047616;0.10791366906474821;0.08771929824561403;0.16312056737588654;0.13953488372093023;0.2545454545454545;0.11764705882352941;0.2125984251968504;0.1122994652406417
0.3157894736842105;0.2857142857142857;0.2087912087912088;0.4583333333333333;0.18604651162790697;0.16129032258064516;0.1984126984126984;0.11320754716981132;0.18435754189944134;0.24705882352941178;0.2159090909090909;0.047619047619047616;0.28057553956834536;0.03508771929824561;0.276595744680851;0.20930232558139533;0.3090909090909091;0.3529411764705882;0.3937007874015748;0.2032085561497326
0.031578947368421054;0.3571428571428571;0.304029304029304;0.25;0.23255813953488372;0.22580645161290322;0.30952380952380953;0.05660377358490566;0.3687150837988827;0.16470588235294117;0.3522727272727273;0.19047619047619047;0.18705035971223022;0.14035087719298245;0.2907801418439716;0.23255813953488372;0.12727272727272726;0.23529411764705882;0.2440944881889764;0.1711229946524064
0.10526315789473684;0.07142857142857142;0.06593406593406594;0.08333333333333333;0.09302325581395349;0.03225806451612903;0.04365079365079365;0.09433962264150943;0.08379888268156425;0.058823529411764705;0.14772727272727273;0.03571428571428571;0.1366906474820144;0.08771929824561403;0.06382978723404256;0.11627906976744186;0.09090909090909091;0.058823529411764705;0.15748031496062992;0.0320855614973262
0.0;0.0;0.10256410256410256;0.19444444444444442;0.11627906976744186;0.3225806451612903;0.06746031746031746;0.0;0.0558659217877095;0.2588235294117647;0.05681818181818182;0.03571428571428571;0.06474820143884892;0.05263157894736842;0.15602836879432624;0.09302325581395349;0.3090909090909091;0.23529411764705882;0.2125984251968504;0.1229946524064171
0.15789473684210525;0.21428571428571427;0.4139194139194139;0.8055555555555555;0.5348837209302325;0.4838709677419355;0.5436507936507936;0.43396226415094336;0.9273743016759777;0.8117647058823529;0.7159090909090909;0.21428571428571427;0.5107913669064749;0.17543859649122806;0.8297872340425532;0.5348837209302325;0.5454545454545454;0.4117647058823529;0.6535433070866141;0.2459893048128342
0.3263157894736842;0.14285714285714285;0.23809523809523808;0.2361111111111111;0.18604651162790697;0.16129032258064516;0.1984126984126984;0.2641509433962264;0.4581005586592179;0.23529411764705882;0.38636363636363635;0.05952380952380952;0.23741007194244607;0.15789473684210525;0.24822695035460993;0.13953488372093023;0.2545454545454545;0.11764705882352941;0.4173228346456693;0.1443850267379679
0.22105263157894736;0.0;0.1758241758241758;0.19444444444444442;0.11627906976744186;0.12903225806451613;0.06746031746031746;0.018867924528301886;0.1564245810055866;0.16470588235294117;0.20454545454545456;0.08333333333333333;0.18705035971223022;0.03508771929824561;0.16312056737588654;0.13953488372093023;0.14545454545454545;0.11764705882352941;0.25984251968503935;0.0962566844919786
0.06315789473684211;0.5;0.15384615384615385;0.2777777777777778;0.16279069767441862;0.3225806451612903;0.1111111111111111;0.1509433962264151;0.1340782122905028;0.24705882352941178;0.10227272727272728;0.09523809523809523;0.08633093525179857;0.22807017543859648;0.23404255319148937;0.20930232558139533;0.23636363636363636;0.058823529411764705;0.25984251968503935;0.1657754010695187
0.031578947368421054;0.7142857142857142;0.12087912087912088;0.125;0.046511627906976744;0.16129032258064516;0.07936507936507936;0.03773584905660377;0.0782122905027933;0.16470588235294117;0.11363636363636365;0.023809523809523808;0.09352517985611511;0.017543859649122806;0.07801418439716312;0.09302325581395349;0.14545454545454545;0.0;0.20472440944881892;0.0641711229946524
0.21052631578947367;0.07142857142857142;0.21245421245421245;0.2777777777777778;0.11627906976744186;0.0967741935483871;0.11507936507936507;0.03773584905660377;0.18435754189944134;0.27058823529411763;0.2727272727272727;0.10714285714285714;0.22302158273381295;0.08771929824561403;0.15602836879432624;0.23255813953488372;0.18181818181818182;0.11764705882352941;0.2204724409448819;0.0855614973262032
0.37894736842105264;0.21428571428571427;0.1391941391941392;0.4305555555555555;0.4418604651162791;0.29032258064516125;0.16666666666666666;0.07547169811320754;0.18435754189944134;0.24705882352941178;0.2272727272727273;0.09523809523809523;0.1366906474820144;0.10526315789473684;0.3191489361702127;0.5813953488372093;0.14545454545454545;0.23529411764705882;0.1889763779527559;0.1711229946524064
0.4421052631578947;0.6428571428571428;0.336996336996337;0.38888888888888884;0.20930232558139533;0.06451612903225806;0.23809523809523808;0.1509433962264151;0.24022346368715083;0.2;0.375;0.3333333333333333;0.2589928057553957;0.47368421052631576;0.2695035460992907;0.20930232558139533;0.2545454545454545;0.058823529411764705;0.47244094488188976;0.2620320855614973
0.42105263157894735;0.21428571428571427;0.15384615384615385;0.38888888888888884;0.27906976744186046;0.1935483870967742;0.07539682539682539;0.018867924528301886;0.0558659217877095;0.2588235294117647;0.18181818181818182;0.047619047619047616;0.07913669064748202;0.12280701754385964;0.24113475177304963;0.2558139534883721;0.19999999999999998;0.3529411764705882;0.3858267716535433;0.2192513368983957
0.06315789473684211;0.07142857142857142;0.1391941391941392;0.1388888888888889;0.06976744186046512;0.03225806451612903;0.08333333333333333;0.03773584905660377;0.05027932960893855;0.15294117647058825;0.13636363636363635;0.047619047619047616;0.07194244604316546;0.0;0.15602836879432624;0.046511627906976744;0.14545454545454545;0.058823529411764705;0.2362204724409449;0.026737967914438502
0.3684210526315789;0.0;0.06593406593406594;0.2638888888888889;0.23255813953488372;0.25806451612903225;0.07142857142857142;0.05660377358490566;0.08379888268156425;0.18823529411764706;0.10227272727272728;0.023809523809523808;0.10791366906474821;0.05263157894736842;0.1276595744680851;0.32558139534883723;0.21818181818181817;0.4117647058823529;0.2440944881889764;0.1283422459893048
0.17894736842105263;0.0;0.08424908424908426;0.18055555555555555;0.13953488372093023;0.06451612903225806;0.06349206349206349;0.1320754716981132;0.1229050279329609;0.23529411764705882;0.13636363636363635;0.023809523809523808;0.10791366906474821;0.017543859649122806;0.09219858156028368;0.09302325581395349;0.09090909090909091;0.11764705882352941;0.07086614173228346;0.1016042780748663
0.3157894736842105;0.0;0.06593406593406594;0.25;0.20930232558139533;0.06451612903225806;0.08333333333333333;0.018867924528301886;0.0893854748603352;0.1764705882352941;0.17045454545454547;0.0;0.1366906474820144;0.08771929824561403;0.15602836879432624;0.13953488372093023;0.10909090909090909;0.0;0.25196850393700787;0.0481283422459893
0.23157894736842105;0.2857142857142857;0.38095238095238093;0.7222222222222222;0.06976744186046512;0.16129032258064516;0.503968253968254;0.2641509433962264;0.46368715083798884;0.4823529411764706;0.6022727272727273;0.25;0.3956834532374101;0.3333333333333333;0.4964539007092198;0.46511627906976744;0.23636363636363636;0.0;0.2992125984251969;0.2192513368983957
0.042105263157894736;0.2857142857142857;0.13553113553113552;0.08333333333333333;0.09302325581395349;0.0;0.0873015873015873;0.05660377358490566;0.0446927374301676;0.07058823529411765;0.11363636363636365;0.03571428571428571;0.1366906474820144;0.03508771929824561;0.07092198581560283;0.046511627906976744;0.09090909090909091;0.058823529411764705;0.03937007874015748;0.053475935828877004
0.34736842105263155;0.07142857142857142;0.17216117216117216;0.15277777777777776;0.11627906976744186;0.22580645161290322;0.08333333333333333;0.11320754716981132;0.10614525139664804;0.24705882352941178;0.17045454545454547;0.03571428571428571;0.1223021582733813;0.03508771929824561;0.1276595744680851;0.06976744186046512;0.2727272727272727;0.1764705882352941;0.49606299212598426;0.2192513368983957
0.10526315789473684;0.0;0.1282051282051282;0.05555555555555555;0.046511627906976744;0.3548387096774194;0.05952380952380952;0.03773584905660377;0.05027932960893855;0.3058823529411765;0.11363636363636365;0.0;0.04316546762589928;0.05263157894736842;0.06382978723404256;0.06976744186046512;0.14545454545454545;0.3529411764705882;0.2125984251968504;0.058823529411764705
0.14736842105263157;0.0;0.1282051282051282;0.16666666666666666;0.046511627906976744;0.1935483870967742;0.16269841269841268;0.03773584905660377;0.08379888268156425;0.2;0.17045454545454547;0.047619047619047616;0.12949640287769784;0.017543859649122806;0.09219858156028368;0.11627906976744186;0.10909090909090909;0.1764705882352941;0.30708661417322836;0.13903743315508021
0.16842105263157894;0.42857142857142855;0.11721611721611722;0.15277777777777776;0.09302325581395349;0.45161290322580644;0.16666666666666666;0.05660377358490566;0.08379888268156425;0.22352941176470587;0.17045454545454547;0.14285714285714285;0.11510791366906475;0.15789473684210525;0.1276595744680851;0.27906976744186046;0.21818181818181817;0.23529411764705882;0.18110236220472442;0.1978609625668449
0.15789473684210525;0.07142857142857142;0.04395604395604395;0.16666666666666666;0.13953488372093023;0.12903225806451613;0.06349206349206349;0.0;0.0558659217877095;0.058823529411764705;0.022727272727272728;0.047619047619047616;0.07194244604316546;0.03508771929824561;0.08510638297872342;0.18604651162790697;0.09090909090909091;0.11764705882352941;0.09448818897637795;0.08021390374331551
0.16842105263157894;0.14285714285714285;0.14285714285714285;0.2777777777777778;0.16279069767441862;0.12903225806451613;0.1388888888888889;0.018867924528301886;0.10614525139664804;0.09411764705882353;0.13636363636363635;0.0;0.1366906474820144;0.08771929824561403;0.19148936170212766;0.16279069767441862;0.03636363636363636;0.058823529411764705;0.14960629921259844;0.1818181818181818
0.15789473684210525;0.14285714285714285;0.05128205128205128;0.125;0.27906976744186046;0.0967741935483871;0.1111111111111111;0.018867924528301886;0.07262569832402235;0.12941176470588234;0.10227272727272728;0.011904761904761904;0.05755395683453238;0.08771929824561403;0.1276595744680851;0.13953488372093023;0.10909090909090909;0.11764705882352941;0.06299212598425197;0.0320855614973262
0.21052631578947367;0.0;0.08058608058608059;0.09722222222222221;0.11627906976744186;0.12903225806451613;0.047619047619047616;0.018867924528301886;0.06145251396648045;0.047058823529411764;0.13636363636363635;0.0;0.05755395683453238;0.03508771929824561;0.07092198581560283;0.13953488372093023;0.07272727272727272;0.0;0.14173228346456695;0.0855614973262032
0.4421052631578947;0.42857142857142855;0.1282051282051282;0.2777777777777778;0.3953488372093023;0.6451612903225806;0.1746031746031746;0.09433962264150943;0.16201117318435754;0.4117647058823529;0.125;0.07142857142857142;0.18705035971223022;0.07017543859649122;0.4609929078014184;0.4883720930232558;0.45454545454545453;0.47058823529411764;0.6062992125984252;0.1978609625668449
0.11578947368421053;0.14285714285714285;0.14285714285714285;0.20833333333333331;0.16279069767441862;0.1935483870967742;0.10714285714285714;0.03773584905660377;0.08379888268156425;0.12941176470588234;0.11363636363636365;0.05952380952380952;0.1366906474820144;0.017543859649122806;0.1702127659574468;0.46511627906976744;0.18181818181818182;0.1764705882352941;0.36220472440944884;0.1764705882352941
0.1368421052631579;0.07142857142857142;0.0989010989010989;0.06944444444444445;0.09302325581395349;0.03225806451612903;0.051587301587301584;0.03773584905660377;0.0558659217877095;0.09411764705882353;0.09090909090909091;0.047619047619047616;0.07913669064748202;0.017543859649122806;0.06382978723404256;0.023255813953488372;0.03636363636363636;0.11764705882352941;0.10236220472440945;0.0909090909090909
0.10526315789473684;0.07142857142857142;0.1758241758241758;0.09722222222222221;0.06976744186046512;0.06451612903225806;0.11507936507936507;0.09433962264150943;0.08379888268156425;0.1411764705882353;0.20454545454545456;0.15476190476190477;0.08633093525179857;0.14035087719298245;0.05673758865248226;0.023255813953488372;0.12727272727272726;0.058823529411764705;0.30708661417322836;0.1550802139037433
0.10526315789473684;0.21428571428571427;0.23443223443223443;0.3055555555555555;0.16279069767441862;0.12903225806451613;0.0992063492063492;0.03773584905660377;0.13966480446927373;0.29411764705882354;0.2840909090909091;0.03571428571428571;0.20863309352517986;0.05263157894736842;0.31205673758865243;0.06976744186046512;0.32727272727272727;0.23529411764705882;0.3937007874015748;0.3529411764705882
0.3157894736842105;0.07142857142857142;0.06593406593406594;0.08333333333333333;0.06976744186046512;0.12903225806451613;0.03968253968253968;0.03773584905660377;0.0335195530726257;0.1764705882352941;0.03409090909090909;0.03571428571428571;0.05755395683453238;0.017543859649122806;0.06382978723404256;0.046511627906976744;0.12727272727272726;0.058823529411764705;0.14173228346456695;0.0909090909090909
0.15789473684210525;0.07142857142857142;0.15018315018315018;0.18055555555555555;0.023255813953488372;0.03225806451612903;0.04365079365079365;0.03773584905660377;0.07262569832402235;0.10588235294117647;0.07954545454545454;0.03571428571428571;0.10071942446043167;0.017543859649122806;0.09219858156028368;0.06976744186046512;0.03636363636363636;0.1764705882352941;0.2362204724409449;0.1016042780748663
0.19999999999999998;0.07142857142857142;0.10622710622710622;0.125;0.06976744186046512;0.16129032258064516;0.10317460317460317;0.07547169811320754;0.11731843575418995;0.16470588235294117;0.07954545454545454;0.11904761904761904;0.12949640287769784;0.017543859649122806;0.09219858156028368;0.11627906976744186;0.19999999999999998;0.11764705882352941;0.11811023622047244;0.058823529411764705
0.14736842105263157;0.07142857142857142;0.04395604395604395;0.125;0.09302325581395349;0.0;0.05555555555555555;0.03773584905660377;0.08379888268156425;0.07058823529411765;0.09090909090909091;0.011904761904761904;0.04316546762589928;0.05263157894736842;0.07092198581560283;0.09302325581395349;0.07272727272727272;0.0;0.07874015748031496;0.0748663101604278
0.10526315789473684;0.14285714285714285;0.19047619047619047;0.375;0.46511627906976744;0.6774193548387096;0.23412698412698413;0.1320754716981132;0.37988826815642457;0.49411764705882355;0.3068181818181818;0.11904761904761904;0.2446043165467626;0.10526315789473684;0.45390070921985815;0.5348837209302325;0.6181818181818182;0.5882352941176471;0.33858267716535434;0.1978609625668449
0.21052631578947367;0.0;0.08058608058608059;0.125;0.06976744186046512;0.03225806451612903;0.04365079365079365;0.05660377358490566;0.09497206703910614;0.08235294117647059;0.10227272727272728;0.03571428571428571;0.07194244604316546;0.03508771929824561;0.10638297872340424;0.06976744186046512;0.14545454545454545;0.0;0.06299212598425197;0.0855614973262032
0.18947368421052632;0.2857142857142857;0.1794871794871795;0.2361111111111111;0.11627906976744186;0.3225806451612903;0.0873015873015873;0.05660377358490566;0.09497206703910614;0.21176470588235294;0.17045454545454547;0.05952380952380952;0.16546762589928057;0.07017543859649122;0.24113475177304963;0.20930232558139533;0.3090909090909091;0.11764705882352941;0.5669291338582677;0.3529411764705882
0.15789473684210525;0.42857142857142855;0.22344322344322345;0.5;0.3953488372093023;0.22580645161290322;0.20238095238095238;0.03773584905660377;0.223463687150838;0.38823529411764707;0.2840909090909091;0.10714285714285714;0.3669064748201439;0.2631578947368421;0.31205673758865243;0.32558139534883723;0.2727272727272727;0.3529411764705882;0.5669291338582677;0.267379679144385
0.15789473684210525;0.2857142857142857;0.2490842490842491;0.2222222222222222;0.06976744186046512;0.0967741935483871;0.1468253968253968;0.03773584905660377;0.111731843575419;0.15294117647058825;0.4090909090909091;0.13095238095238093;0.2949640287769784;0.14035087719298245;0.19148936170212766;0.0;0.14545454545454545;0.0;0.2362204724409449;0.23529411764705882
0.3157894736842105;0.14285714285714285;0.42857142857142855;0.5;0.27906976744186046;0.0967741935483871;0.22619047619047616;0.1509433962264151;0.38547486033519557;0.4117647058823529;0.5681818181818182;0.17857142857142855;0.3165467625899281;0.3684210526315789;0.43262411347517726;0.3023255813953488;0.2909090909090909;0.11764705882352941;0.7716535433070866;0.267379679144385
0.49473684210526314;0.8571428571428571;0.8974358974358975;0.4305555555555555;0.06976744186046512;0.06451612903225806;0.611111111111111;0.5471698113207547;0.8603351955307262;0.29411764705882354;0.9545454545454546;1.0;0.5899280575539568;0.7017543859649122;0.36879432624113473;0.37209302325581395;0.2727272727272727;0.11764705882352941;0.937007874015748;0.48128342245989303
0.3684210526315789;0.0;0.326007326007326;0.3333333333333333;0.23255813953488372;0.0;0.17063492063492064;0.09433962264150943;0.223463687150838;0.2823529411764706;0.5;0.10714285714285714;0.16546762589928057;0.19298245614035087;0.2978723404255319;0.27906976744186046;0.18181818181818182;0.23529411764705882;0.4409448818897638;0.47058823529411764
0.15789473684210525;0.2857142857142857;0.29304029304029305;0.3472222222222222;0.20930232558139533;0.06451612903225806;0.06746031746031746;0.07547169811320754;0.11731843575418995;0.15294117647058825;0.3181818181818182;0.11904761904761904;0.14388489208633093;0.10526315789473684;0.1843971631205674;0.3023255813953488;0.14545454545454545;0.11764705882352941;0.6771653543307087;0.2834224598930481
0.11578947368421053;0.0;0.1575091575091575;0.2361111111111111;0.2558139534883721;0.03225806451612903;0.03571428571428571;0.03773584905660377;0.0893854748603352;0.2588235294117647;0.14772727272727273;0.03571428571428571;0.07194244604316546;0.03508771929824561;0.2198581560283688;0.3023255813953488;0.10909090909090909;0.1764705882352941;0.3779527559055118;0.1764705882352941
0.42105263157894735;0.2857142857142857;0.2271062271062271;0.2638888888888889;0.23255813953488372;0.12903225806451613;0.0992063492063492;0.018867924528301886;0.17318435754189945;0.2;0.29545454545454547;0.11904761904761904;0.12949640287769784;0.03508771929824561;0.1773049645390071;0.23255813953488372;0.09090909090909091;0.0;0.4173228346456693;0.2032085561497326
0.06315789473684211;0.07142857142857142;0.007326007326007326;0.05555555555555555;0.023255813953488372;0.06451612903225806;0.0;0.0;0.0;0.023529411764705882;0.022727272727272728;0.0;0.0;0.0;0.03546099290780142;0.023255813953488372;0.01818181818181818;0.058823529411764705;0.03937007874015748;0.0320855614973262
0.010526315789473684;0.21428571428571427;0.1282051282051282;0.05555555555555555;0.023255813953488372;0.12903225806451613;0.015873015873015872;0.05660377358490566;0.08379888268156425;0.08235294117647059;0.14772727272727273;0.07142857142857142;0.07913669064748202;0.017543859649122806;0.09219858156028368;0.046511627906976744;0.05454545454545454;0.058823529411764705;0.11811023622047244;0.11764705882352941
0.3684210526315789;0.2857142857142857;0.18315018315018314;0.3194444444444444;0.32558139534883723;0.12903225806451613;0.1468253968253968;0.03773584905660377;0.1787709497206704;0.24705882352941178;0.25;0.08333333333333333;0.1510791366906475;0.07017543859649122;0.31205673758865243;0.37209302325581395;0.18181818181818182;0.29411764705882354;0.36220472440944884;0.1978609625668449
0.3368421052631579;0.0;0.05128205128205128;0.027777777777777776;0.023255813953488372;0.03225806451612903;0.027777777777777776;0.0;0.01675977653631285;0.03529411764705882;0.06818181818181818;0.023809523809523808;0.05755395683453238;0.0;0.0;0.06976744186046512;0.01818181818181818;0.0;0.015748031496062992;0.0320855614973262
0.21052631578947367;0.5714285714285714;0.20146520146520147;0.125;0.06976744186046512;0.03225806451612903;0.0873015873015873;0.018867924528301886;0.21787709497206706;0.24705882352941178;0.25;0.11904761904761904;0.1223021582733813;0.07017543859649122;0.1276595744680851;0.09302325581395349;0.18181818181818182;0.058823529411764705;0.2913385826771654;0.1122994652406417
0.07368421052631578;0.0;0.0;0.027777777777777776;0.0;0.0967741935483871;0.0;0.0;0.00558659217877095;0.047058823529411764;0.011363636363636364;0.011904761904761904;0.0;0.017543859649122806;0.021276595744680847;0.023255813953488372;0.01818181818181818;0.1764705882352941;0.047244094488188976;0.0106951871657754
0.42105263157894735;0.3571428571428571;0.21978021978021978;0.1111111111111111;0.09302325581395349;0.06451612903225806;0.0992063492063492;0.05660377358490566;0.16201117318435754;0.23529411764705882;0.2159090909090909;0.10714285714285714;0.17266187050359713;0.10526315789473684;0.11347517730496454;0.16279069767441862;0.2727272727272727;0.058823529411764705;0.2125984251968504;0.1122994652406417
0.12631578947368421;0.07142857142857142;0.1282051282051282;0.027777777777777776;0.046511627906976744;0.03225806451612903;0.06746031746031746;0.03773584905660377;0.11731843575418995;0.1411764705882353;0.125;0.047619047619047616;0.06474820143884892;0.05263157894736842;0.05673758865248226;0.06976744186046512;0.10909090909090909;0.0;0.17322834645669294;0.3048128342245989
0.22105263157894736;0.21428571428571427;0.04395604395604395;0.05555555555555555;0.046511627906976744;0.03225806451612903;0.027777777777777776;0.0;0.0446927374301676;0.023529411764705882;0.03409090909090909;0.0;0.02158273381294964;0.0;0.08510638297872342;0.023255813953488372;0.07272727272727272;0.058823529411764705;0.1653543307086614;0.1283422459893048
0.07368421052631578;0.07142857142857142;0.11355311355311355;0.16666666666666666;0.09302325581395349;0.0967741935483871;0.047619047619047616;0.05660377358490566;0.0558659217877095;0.15294117647058825;0.03409090909090909;0.07142857142857142;0.10791366906474821;0.03508771929824561;0.15602836879432624;0.023255813953488372;0.16363636363636364;0.11764705882352941;0.1653543307086614;0.058823529411764705
0.21052631578947367;0.2857142857142857;0.23076923076923078;0.5416666666666666;0.41860465116279066;0.25806451612903225;0.23412698412698413;0.07547169811320754;0.20670391061452514;0.38823529411764707;0.32954545454545453;0.21428571428571427;0.33093525179856115;0.05263157894736842;0.3829787234042553;0.3023255813953488;0.2545454545454545;0.23529411764705882;0.5433070866141733;0.1550802139037433
0.23157894736842105;1.0;0.23443223443223443;0.29166666666666663;0.23255813953488372;0.06451612903225806;0.1468253968253968;0.03773584905660377;0.20670391061452514;0.29411764705882354;0.20454545454545456;0.13095238095238093;0.10791366906474821;0.14035087719298245;0.24822695035460993;0.18604651162790697;0.32727272727272727;0.11764705882352941;0.31496062992125984;0.1497326203208556
0.25263157894736843;0.07142857142857142;0.040293040293040296;0.125;0.06976744186046512;0.06451612903225806;0.011904761904761904;0.0;0.0335195530726257;0.03529411764705882;0.045454545454545456;0.03571428571428571;0.04316546762589928;0.017543859649122806;0.08510638297872342;0.11627906976744186;0.05454545454545454;0.0;0.10236220472440945;0.08021390374331551
0.2736842105263158;0.0;0.18315018315018314;0.125;0.09302325581395349;0.06451612903225806;0.1388888888888889;0.018867924528301886;0.18435754189944134;0.2;0.1590909090909091;0.11904761904761904;0.14388489208633093;0.12280701754385964;0.16312056737588654;0.20930232558139533;0.10909090909090909;0.058823529411764705;0.19685039370078738;0.0641711229946524
0.14736842105263157;0.07142857142857142;0.10622710622710622;0.09722222222222221;0.18604651162790697;0.06451612903225806;0.12301587301587301;0.05660377358490566;0.0782122905027933;0.12941176470588234;0.13636363636363635;0.047619047619047616;0.14388489208633093;0.03508771929824561;0.16312056737588654;0.16279069767441862;0.16363636363636364;0.11764705882352941;0.2125984251968504;0.06951871657754011
0.09473684210526316;0.14285714285714285;0.10989010989010989;0.2777777777777778;0.3023255813953488;0.1935483870967742;0.18253968253968253;0.03773584905660377;0.1564245810055866;0.27058823529411763;0.2159090909090909;0.13095238095238093;0.2302158273381295;0.14035087719298245;0.2695035460992907;0.2558139534883721;0.16363636363636364;0.1764705882352941;0.2992125984251969;0.1229946524064171
0.16842105263157894;0.14285714285714285;0.09523809523809523;0.1388888888888889;0.3023255813953488;0.03225806451612903;0.08333333333333333;0.018867924528301886;0.0893854748603352;0.11764705882352941;0.14772727272727273;0.08333333333333333;0.08633093525179857;0.017543859649122806;0.19148936170212766;0.16279069767441862;0.12727272727272726;0.0;0.11811023622047244;0.0748663101604278
0.3157894736842105;0.14285714285714285;0.19413919413919414;0.125;0.18604651162790697;0.3225806451612903;0.16269841269841268;0.09433962264150943;0.10614525139664804;0.3058823529411765;0.20454545454545456;0.10714285714285714;0.1223021582733813;0.05263157894736842;0.22695035460992907;0.3023255813953488;0.2909090909090909;0.1764705882352941;0.33858267716535434;0.13903743315508021
0.42105263157894735;0.0;0.05860805860805861;0.20833333333333331;0.13953488372093023;0.06451612903225806;0.04365079365079365;0.03773584905660377;0.0558659217877095;0.1764705882352941;0.06818181818181818;0.023809523809523808;0.06474820143884892;0.05263157894736842;0.15602836879432624;0.16279069767441862;0.19999999999999998;0.3529411764705882;0.19685039370078738;0.10695187165775401
0.4631578947368421;0.21428571428571427;0.11721611721611722;0.25;0.2558139534883721;0.45161290322580644;0.12698412698412698;0.1320754716981132;0.08379888268156425;0.32941176470588235;0.20454545454545456;0.10714285714285714;0.1798561151079137;0.07017543859649122;0.2695035460992907;0.5348837209302325;0.2727272727272727;0.29411764705882354;0.4173228346456693;0.1016042780748663
0.22105263157894736;0.0;0.0879120879120879;0.06944444444444445;0.0;0.03225806451612903;0.06746031746031746;0.03773584905660377;0.111731843575419;0.08235294117647059;0.011363636363636364;0.09523809523809523;0.04316546762589928;0.03508771929824561;0.10638297872340424;0.06976744186046512;0.01818181818181818;0.0;0.09448818897637795;0.1229946524064171
0.22105263157894736;0.07142857142857142;0.27106227106227104;0.1388888888888889;0.0;0.03225806451612903;0.23809523809523808;0.18867924528301885;0.3128491620111732;0.29411764705882354;0.2840909090909091;0.08333333333333333;0.20863309352517986;0.08771929824561403;0.07092198581560283;0.18604651162790697;0.09090909090909091;0.11764705882352941;0.30708661417322836;0.2727272727272727
0.3157894736842105;0.14285714285714285;0.5091575091575091;0.9305555555555555;0.3953488372093023;0.45161290322580644;0.611111111111111;0.32075471698113206;0.5083798882681564;0.788235294117647;0.8522727272727273;0.19047619047619047;0.5467625899280576;0.43859649122807015;0.7943262411347517;0.7674418604651163;0.6727272727272727;0.5294117647058824;0.8110236220472441;0.44385026737967914
0.05263157894736842;0.14285714285714285;0.2087912087912088;0.25;0.27906976744186046;0.06451612903225806;0.25396825396825395;0.20754716981132074;0.2681564245810056;0.16470588235294117;0.29545454545454547;0.047619047619047616;0.2517985611510791;0.19298245614035087;0.2198581560283688;0.3023255813953488;0.2545454545454545;0.23529411764705882;0.1653543307086614;0.0427807486631016
0.07368421052631578;0.14285714285714285;0.12454212454212454;0.40277777777777773;0.3488372093023256;0.16129032258064516;0.21825396825396826;0.22641509433962265;0.29608938547486036;0.2;0.18181818181818182;0.05952380952380952;0.14388489208633093;0.19298245614035087;0.3049645390070922;0.4883720930232558;0.2727272727272727;0.23529411764705882;0.19685039370078738;0.10695187165775401
0.2631578947368421;0.07142857142857142;0.12454212454212454;0.19444444444444442;0.13953488372093023;0.16129032258064516;0.17063492063492064;0.20754716981132074;0.19553072625698326;0.18823529411764706;0.18181818181818182;0.09523809523809523;0.16546762589928057;0.12280701754385964;0.22695035460992907;0.16279069767441862;0.2727272727272727;0.29411764705882354;0.1889763779527559;0.0909090909090909
0.25263157894736843;0.14285714285714285;0.1978021978021978;0.09722222222222221;0.046511627906976744;0.0;0.23412698412698413;0.24528301886792453;0.29608938547486036;0.047058823529411764;0.23863636363636365;0.19047619047619047;0.22302158273381295;0.38596491228070173;0.07092198581560283;0.13953488372093023;0.05454545454545454;0.11764705882352941;0.08661417322834646;0.0641711229946524
0.21052631578947367;0.14285714285714285;0.13186813186813187;0.38888888888888884;0.2558139534883721;0.6774193548387096;0.20634920634920634;0.07547169811320754;0.13966480446927373;0.38823529411764707;0.29545454545454547;0.05952380952380952;0.12949640287769784;0.19298245614035087;0.31205673758865243;0.4418604651162791;0.43636363636363634;0.5294117647058824;0.33858267716535434;0.2620320855614973
0.25263157894736843;0.5714285714285714;0.652014652014652;0.29166666666666663;0.023255813953488372;0.03225806451612903;0.6706349206349206;0.8490566037735848;0.8379888268156425;0.32941176470588235;0.6704545454545455;0.6190476190476191;0.5467625899280576;0.6842105263157894;0.36879432624113473;0.18604651162790697;0.2909090909090909;0.0;0.25196850393700787;0.18716577540106952
0.15789473684210525;0.21428571428571427;0.31868131868131866;0.4444444444444444;0.41860465116279066;0.4838709677419355;0.40079365079365076;0.24528301886792453;0.335195530726257;0.5411764705882353;0.4431818181818182;0.22619047619047616;0.3165467625899281;0.3684210526315789;0.4964539007092198;0.32558139534883723;0.6;0.5294117647058824;0.5196850393700787;0.1818181818181818
0.16842105263157894;0.07142857142857142;0.1391941391941392;0.5277777777777778;0.46511627906976744;0.3870967741935484;0.21428571428571427;0.18867924528301885;0.2122905027932961;0.32941176470588235;0.36363636363636365;0.10714285714285714;0.2302158273381295;0.17543859649122806;0.34751773049645385;0.6511627906976745;0.43636363636363634;0.9411764705882353;0.3464566929133858;0.16042780748663102
0.17894736842105263;0.2857142857142857;0.2857142857142857;0.38888888888888884;0.4883720930232558;0.4838709677419355;0.3412698412698413;0.3584905660377358;0.38547486033519557;0.4;0.32954545454545453;0.11904761904761904;0.21582733812949642;0.40350877192982454;0.35460992907801414;0.7441860465116279;0.41818181818181815;0.47058823529411764;0.47244094488188976;0.2032085561497326
0.07368421052631578;0.07142857142857142;0.0695970695970696;0.38888888888888884;0.20930232558139533;0.0967741935483871;0.11507936507936507;0.03773584905660377;0.1452513966480447;0.12941176470588234;0.19318181818181818;0.011904761904761904;0.10791366906474821;0.07017543859649122;0.14184397163120568;0.2558139534883721;0.19999999999999998;0.11764705882352941;0.15748031496062992;0.08021390374331551
0.3368421052631579;0.21428571428571427;0.11355311355311355;0.16666666666666666;0.11627906976744186;0.0;0.0992063492063492;0.07547169811320754;0.06145251396648045;0.07058823529411765;0.07954545454545454;0.05952380952380952;0.10791366906474821;0.03508771929824561;0.07801418439716312;0.06976744186046512;0.16363636363636364;0.0;0.14960629921259844;0.0855614973262032
0.37894736842105264;0.14285714285714285;0.07692307692307693;0.1111111111111111;0.046511627906976744;0.0967741935483871;0.03571428571428571;0.018867924528301886;0.03910614525139665;0.09411764705882353;0.03409090909090909;0.011904761904761904;0.06474820143884892;0.017543859649122806;0.028368794326241134;0.16279069767441862;0.10909090909090909;0.058823529411764705;0.05511811023622047;0.06951871657754011
0.14736842105263157;0.2857142857142857;0.040293040293040296;0.2361111111111111;0.16279069767441862;0.4838709677419355;0.051587301587301584;0.03773584905660377;0.0446927374301676;0.12941176470588234;0.07954545454545454;0.03571428571428571;0.06474820143884892;0.03508771929824561;0.2198581560283688;0.41860465116279066;0.18181818181818182;0.4117647058823529;0.31496062992125984;0.0855614973262032
0.29473684210526313;0.14285714285714285;0.13186813186813187;0.2222222222222222;0.16279069767441862;0.4193548387096774;0.12301587301587301;0.09433962264150943;0.07262569832402235;0.2588235294117647;0.06818181818181818;0.09523809523809523;0.14388489208633093;0.10526315789473684;0.24113475177304963;0.3953488372093023;0.34545454545454546;0.5294117647058824;0.3937007874015748;0.1336898395721925
0.3157894736842105;0.14285714285714285;0.3516483516483516;0.3055555555555555;0.046511627906976744;0.03225806451612903;0.38095238095238093;0.09433962264150943;0.4134078212290503;0.15294117647058825;0.38636363636363635;0.22619047619047616;0.3381294964028777;0.45614035087719296;0.2127659574468085;0.18604651162790697;0.07272727272727272;0.058823529411764705;0.1889763779527559;0.1283422459893048
0.35789473684210527;0.2857142857142857;0.2783882783882784;0.5138888888888888;0.3488372093023256;0.3870967741935484;0.3492063492063492;0.2641509433962264;0.38547486033519557;0.44705882352941173;0.4772727272727273;0.07142857142857142;0.3381294964028777;0.14035087719298245;0.41134751773049644;0.7441860465116279;0.39999999999999997;0.3529411764705882;0.22834645669291337;0.3368983957219251
0.14736842105263157;0.0;0.1684981684981685;0.3333333333333333;0.18604651162790697;0.3225806451612903;0.19444444444444442;0.1320754716981132;0.13966480446927373;0.2;0.2272727272727273;0.08333333333333333;0.18705035971223022;0.03508771929824561;0.2695035460992907;0.3953488372093023;0.19999999999999998;0.47058823529411764;0.33070866141732286;0.0374331550802139
0.22105263157894736;0.0;0.021978021978021976;0.06944444444444445;0.046511627906976744;0.0967741935483871;0.027777777777777776;0.0;0.0335195530726257;0.08235294117647059;0.022727272727272728;0.011904761904761904;0.02877697841726619;0.017543859649122806;0.07801418439716312;0.046511627906976744;0.07272727272727272;0.23529411764705882;0.03937007874015748;0.0374331550802139
0.10526315789473684;0.2857142857142857;0.21245421245421245;0.3611111111111111;0.16279069767441862;0.22580645161290322;0.23015873015873015;0.1509433962264151;0.31843575418994413;0.32941176470588235;0.3181818181818182;0.10714285714285714;0.2302158273381295;0.24561403508771928;0.34751773049645385;0.27906976744186046;0.2909090909090909;0.29411764705882354;0.20472440944881892;0.2994652406417112
0.3157894736842105;0.14285714285714285;0.12454212454212454;0.1388888888888889;0.20930232558139533;0.29032258064516125;0.09126984126984126;0.03773584905660377;0.1564245810055866;0.2823529411764706;0.125;0.023809523809523808;0.11510791366906475;0.07017543859649122;0.20567375886524822;0.20930232558139533;0.3090909090909091;0.3529411764705882;0.17322834645669294;0.1016042780748663
0.15789473684210525;0.07142857142857142;0.12454212454212454;0.15277777777777776;0.18604651162790697;0.12903225806451613;0.11904761904761904;0.05660377358490566;0.16201117318435754;0.12941176470588234;0.3068181818181818;0.047619047619047616;0.09352517985611511;0.05263157894736842;0.1843971631205674;0.20930232558139533;0.18181818181818182;0.23529411764705882;0.2362204724409449;0.0909090909090909
0.0;0.0;0.06227106227106227;0.375;0.18604651162790697;0.1935483870967742;0.14285714285714285;0.07547169811320754;0.13966480446927373;0.24705882352941178;0.2272727272727273;0.03571428571428571;0.1223021582733813;0.10526315789473684;0.2624113475177305;0.3953488372093023;0.2727272727272727;0.3529411764705882;0.14960629921259844;0.0748663101604278
0.4105263157894737;0.42857142857142855;0.21245421245421245;0.2777777777777778;0.09302325581395349;0.16129032258064516;0.30952380952380953;0.22641509433962265;0.27932960893854747;0.27058823529411763;0.38636363636363635;0.07142857142857142;0.2733812949640288;0.3157894736842105;0.2836879432624113;0.20930232558139533;0.2545454545454545;0.29411764705882354;0.20472440944881892;0.0962566844919786
0.15789473684210525;0.21428571428571427;0.31868131868131866;0.5694444444444444;0.37209302325581395;0.5161290322580645;0.2698412698412698;0.2641509433962264;0.40782122905027934;0.4588235294117647;0.5681818181818182;0.03571428571428571;0.28057553956834536;0.24561403508771928;0.6099290780141844;0.32558139534883723;0.509090909090909;0.4117647058823529;0.5433070866141733;0.1818181818181818
0.29473684210526313;0.2857142857142857;0.34798534798534797;0.4583333333333333;0.16279069767441862;0.3870967741935484;0.3134920634920635;0.49056603773584906;0.37988826815642457;0.4117647058823529;0.5113636363636364;0.17857142857142855;0.2446043165467626;0.2631578947368421;0.43971631205673756;0.37209302325581395;0.2727272727272727;0.23529411764705882;0.5433070866141733;0.1497326203208556
0.19999999999999998;0.21428571428571427;0.326007326007326;0.40277777777777773;0.06976744186046512;0.03225806451612903;0.4126984126984127;0.3018867924528302;0.3575418994413408;0.22352941176470587;0.4318181818181818;0.22619047619047616;0.30935251798561153;0.2982456140350877;0.31205673758865243;0.2558139534883721;0.12727272727272726;0.058823529411764705;0.2362204724409449;0.2887700534759358
0.12631578947368421;0.2857142857142857;0.1758241758241758;0.40277777777777773;0.2558139534883721;0.03225806451612903;0.17857142857142855;0.1509433962264151;0.26256983240223464;0.27058823529411763;0.32954545454545453;0.11904761904761904;0.1798561151079137;0.19298245614035087;0.276595744680851;0.20930232558139533;0.32727272727272727;0.3529411764705882;0.14960629921259844;0.0962566844919786
0.42105263157894735;0.5714285714285714;0.608058608058608;0.3472222222222222;0.06976744186046512;0.0;0.5555555555555556;0.5849056603773585;0.6089385474860335;0.29411764705882354;0.6931818181818182;0.39285714285714285;0.5107913669064749;0.631578947368421;0.2907801418439716;0.11627906976744186;0.16363636363636364;0.0;0.2125984251968504;0.2459893048128342
0.16842105263157894;0.0;0.18681318681318682;0.18055555555555555;0.09302325581395349;0.45161290322580644;0.16666666666666666;0.05660377358490566;0.22905027932960895;0.23529411764705882;0.29545454545454547;0.07142857142857142;0.14388489208633093;0.10526315789473684;0.23404255319148937;0.13953488372093023;0.2545454545454545;0.1764705882352941;0.2440944881889764;0.1497326203208556
0.08421052631578947;0.0;0.003663003663003663;0.027777777777777776;0.023255813953488372;0.0;0.011904761904761904;0.0;0.00558659217877095;0.023529411764705882;0.011363636363636364;0.0;0.0;0.0;0.03546099290780142;0.0;0.03636363636363636;0.0;0.015748031496062992;0.026737967914438502
0.24210526315789474;0.21428571428571427;0.2490842490842491;0.5277777777777778;0.46511627906976744;0.4193548387096774;0.3055555555555555;0.3018867924528302;0.4134078212290503;0.4588235294117647;0.7045454545454546;0.07142857142857142;0.2949640287769784;0.14035087719298245;0.6170212765957447;0.5348837209302325;0.45454545454545453;0.5294117647058824;0.4173228346456693;0.1443850267379679
0.21052631578947367;0.0;0.10256410256410256;0.375;0.2558139534883721;0.29032258064516125;0.13095238095238093;0.09433962264150943;0.1452513966480447;0.3529411764705882;0.3181818181818182;0.09523809523809523;0.20143884892086333;0.12280701754385964;0.24113475177304963;0.32558139534883723;0.2727272727272727;0.3529411764705882;0.2992125984251969;0.0855614973262032
0.09473684210526316;0.0;0.0989010989010989;0.125;0.09302325581395349;0.0967741935483871;0.05952380952380952;0.03773584905660377;0.1229050279329609;0.12941176470588234;0.10227272727272728;0.03571428571428571;0.08633093525179857;0.03508771929824561;0.09219858156028368;0.09302325581395349;0.14545454545454545;0.058823529411764705;0.14173228346456695;0.053475935828877004
0.09473684210526316;0.14285714285714285;0.13553113553113552;0.3055555555555555;0.06976744186046512;0.0;0.11507936507936507;0.03773584905660377;0.1452513966480447;0.1764705882352941;0.23863636363636365;0.011904761904761904;0.16546762589928057;0.10526315789473684;0.1843971631205674;0.18604651162790697;0.18181818181818182;0.0;0.17322834645669294;0.0374331550802139
0.19999999999999998;0.0;0.021978021978021976;0.06944444444444445;0.023255813953488372;0.03225806451612903;0.03571428571428571;0.018867924528301886;0.0335195530726257;0.011764705882352941;0.05681818181818182;0.0;0.02877697841726619;0.03508771929824561;0.0425531914893617;0.046511627906976744;0.07272727272727272;0.11764705882352941;0.047244094488188976;0.026737967914438502
