CO_MUNICIPIO;IN_BIBLIOTECA_SALA_LEITURA;IN_REFEITORIO;IN_EQUIP_IMPRESSORA;NU_EQUIP_COPIADORA;NU_EQUIP_FOTO;IN_MATERIAL_ESP_NAO_UTILIZA;IN_EJA;IN_PROFISSIONALIZANTE;TX_RESP_Q004_C;TX_RESP_Q004_E;TX_RESP_Q005_A;TX_RESP_Q019_F;TX_RESP_Q027_B;TX_RESP_Q036_C;TX_RESP_Q036_E;TX_RESP_Q037_D;TX_RESP_Q039_D;TX_RESP_Q042_B;TX_RESP_Q043_A
0.0;1.0;0.0;1.0;0.2;0.0;1.0;1.0;0.0;0.027624309392265192;0.15151515151515152;0.08695652173913043;0.0;0.0;0.07608695652173914;0.08333333333333333;0.08333333333333333;0.06666666666666667;0.21052631578947367;0.1111111111111111
0.0;1.0;0.0;1.0;0.2;0.15384615384615385;1.0;1.0;0.0;0.17679558011049723;0.07575757575757576;0.0;0.02040816326530612;0.06666666666666667;0.21739130434782608;0.1111111111111111;0.05;0.0;0.05263157894736842;0.018518518518518517
0.0;1.0;0.0;1.0;0.6000000000000001;0.0;1.0;0.0;0.0;0.06629834254143646;0.045454545454545456;0.13043478260869565;0.0;0.0;0.07608695652173914;0.0;0.1;0.06666666666666667;0.07894736842105263;0.07407407407407407
0.0;1.0;1.0;1.0;0.4;0.15384615384615385;1.0;1.0;0.0;0.22651933701657456;0.045454545454545456;0.0;0.2040816326530612;0.0;0.20652173913043478;0.0;0.15;0.0;0.07894736842105263;0.08333333333333333
0.0;1.0;1.0;0.0;0.0;0.07692307692307693;1.0;1.0;0.0;0.08839779005524862;0.015151515151515152;0.13043478260869565;0.0;0.0;0.06521739130434782;0.05555555555555555;0.08333333333333333;0.0;0.02631578947368421;0.06481481481481481
0.0;1.0;1.0;1.0;0.2;0.07692307692307693;1.0;1.0;0.0;0.13259668508287292;0.015151515151515152;0.043478260869565216;0.04081632653061224;0.06666666666666667;0.13043478260869565;0.027777777777777776;0.05;0.13333333333333333;0.02631578947368421;0.027777777777777776
0.0;1.0;0.0;1.0;0.2;0.07692307692307693;1.0;0.0;0.0;0.6685082872928176;0.09090909090909091;0.17391304347826086;0.36734693877551017;0.2;0.5543478260869565;0.08333333333333333;0.25;0.13333333333333333;0.13157894736842105;0.09259259259259259
0.0030391441769950234;1.0;1.0;1.0;0.2;0.15384615384615385;1.0;1.0;1.0;0.2928176795580111;0.13636363636363635;0.17391304347826086;0.08163265306122448;0.2;0.20652173913043478;0.08333333333333333;0.15;0.26666666666666666;0.3684210526315789;0.2962962962962963
0.0030391441769950234;1.0;0.0;0.0;0.0;0.07692307692307693;1.0;0.0;0.0;0.16574585635359118;0.045454545454545456;0.043478260869565216;0.18367346938775508;0.0;0.07608695652173914;0.0;0.0;0.0;0.07894736842105263;0.10185185185185185
0.009056649647448012;1.0;0.0;1.0;0.2;0.07692307692307693;1.0;1.0;1.0;0.18232044198895025;0.15151515151515152;0.4782608695652174;0.12244897959183673;0.06666666666666667;0.15217391304347827;0.2777777777777778;0.2;0.13333333333333333;0.0;0.18518518518518517
0.009056649647448012;1.0;0.0;0.0;0.0;0.0;1.0;1.0;0.0;0.0055248618784530384;0.10606060606060606;0.21739130434782608;0.02040816326530612;0.3333333333333333;0.010869565217391304;0.08333333333333333;0.1;0.13333333333333333;0.05263157894736842;0.12037037037037036
0.009056649647448012;1.0;1.0;1.0;0.6000000000000001;0.0;1.0;0.0;0.0;0.23204419889502764;0.030303030303030304;0.17391304347826086;0.16326530612244897;0.0;0.15217391304347827;0.16666666666666666;0.11666666666666667;0.06666666666666667;0.02631578947368421;0.18518518518518517
0.015074155117901;1.0;0.0;0.0;0.0;0.07692307692307693;1.0;1.0;1.0;0.4530386740331492;0.2878787878787879;0.34782608695652173;0.08163265306122448;0.13333333333333333;0.42391304347826086;0.38888888888888884;0.3333333333333333;0.06666666666666667;0.18421052631578946;0.25925925925925924
0.02109166058838241;1.0;1.0;1.0;0.0;0.07692307692307693;1.0;1.0;1.0;0.4917127071823204;0.3939393939393939;0.13043478260869565;0.22448979591836732;0.4;0.40217391304347827;0.3055555555555555;0.13333333333333333;0.4;0.21052631578947367;0.4722222222222222
0.02109166058838241;1.0;0.0;0.0;0.0;0.0;1.0;1.0;1.0;0.11049723756906077;0.10606060606060606;0.08695652173913043;0.08163265306122448;0.0;0.06521739130434782;0.1111111111111111;0.08333333333333333;0.3333333333333333;0.13157894736842105;0.1111111111111111
0.0271091660588354;1.0;0.0;0.0;0.0;0.0;1.0;1.0;0.0;0.27624309392265195;0.7575757575757576;0.43478260869565216;0.18367346938775508;0.26666666666666666;0.40217391304347827;0.3333333333333333;0.6333333333333333;0.9333333333333333;0.5;0.5
0.0271091660588354;0.0;0.0;0.0;0.0;0.0;1.0;0.0;0.0;0.19889502762430938;0.13636363636363635;0.043478260869565216;0.3061224489795918;0.2;0.14130434782608695;0.1111111111111111;0.15;0.06666666666666667;0.10526315789473684;0.12962962962962962
0.03373450036468739;1.0;0.0;1.0;0.4;0.15384615384615385;1.0;0.0;0.0;0.18784530386740333;0.18181818181818182;0.0;0.18367346938775508;0.0;0.14130434782608695;0.1388888888888889;0.16666666666666666;0.13333333333333333;0.18421052631578946;0.24074074074074073
0.03975200583514038;1.0;0.0;1.0;0.0;0.23076923076923078;1.0;0.0;0.0;0.32044198895027626;0.16666666666666669;0.043478260869565216;0.24489795918367346;0.0;0.2608695652173913;0.027777777777777776;0.08333333333333333;0.06666666666666667;0.18421052631578946;0.12962962962962962
0.03975200583514038;1.0;0.0;1.0;0.0;0.0;1.0;1.0;1.0;0.016574585635359115;0.015151515151515152;0.043478260869565216;0.0;0.0;0.0;0.05555555555555555;0.016666666666666666;0.0;0.02631578947368421;0.027777777777777776
0.03975200583514038;1.0;0.0;1.0;0.2;0.07692307692307693;1.0;1.0;0.0;0.2541436464088398;0.48484848484848486;0.34782608695652173;0.16326530612244897;0.26666666666666666;0.2717391304347826;0.2777777777777778;0.36666666666666664;0.13333333333333333;0.4473684210526315;0.4444444444444444
0.04576951130562179;1.0;0.0;0.0;0.0;0.07692307692307693;1.0;1.0;0.0;0.09944751381215469;0.3181818181818182;0.21739130434782608;0.02040816326530612;0.2;0.14130434782608695;0.4722222222222222;0.21666666666666667;0.2;0.3684210526315789;0.28703703703703703
0.04576951130562179;1.0;1.0;1.0;0.4;0.07692307692307693;1.0;0.0;0.0;0.26519337016574585;0.15151515151515152;0.08695652173913043;0.12244897959183673;0.06666666666666667;0.13043478260869565;0.1111111111111111;0.11666666666666667;0.06666666666666667;0.10526315789473684;0.09259259259259259
0.05178701677607478;1.0;0.0;1.0;0.0;0.15384615384615385;1.0;0.0;0.0;0.13812154696132595;0.12121212121212122;0.0;0.24489795918367346;0.06666666666666667;0.17391304347826086;0.08333333333333333;0.1;0.06666666666666667;0.0;0.05555555555555555
0.05178701677607478;1.0;0.0;1.0;0.2;0.0;1.0;1.0;0.0;0.03867403314917127;0.10606060606060606;0.13043478260869565;0.02040816326530612;0.0;0.043478260869565216;0.25;0.05;0.0;0.15789473684210525;0.027777777777777776
0.05768295647945365;1.0;1.0;0.0;0.0;0.23076923076923078;1.0;1.0;0.0;0.2154696132596685;0.19696969696969696;0.2608695652173913;0.1020408163265306;0.0;0.10869565217391304;0.2777777777777778;0.2833333333333333;0.13333333333333333;0.3421052631578947;0.23148148148148145
0.060661317772911616;1.0;0.0;1.0;0.0;0.07692307692307693;1.0;1.0;0.0;0.3701657458563536;0.33333333333333337;0.30434782608695654;0.2040816326530612;0.13333333333333333;0.2934782608695652;0.3611111111111111;0.16666666666666666;0.2;0.10526315789473684;0.37037037037037035
0.06370046194990664;1.0;1.0;1.0;0.6000000000000001;0.15384615384615385;1.0;1.0;0.0;0.2099447513812155;0.10606060606060606;0.13043478260869565;0.061224489795918366;0.06666666666666667;0.11956521739130435;0.1111111111111111;0.13333333333333333;0.0;0.13157894736842105;0.10185185185185185
0.06370046194990664;1.0;1.0;0.0;0.2;0.07692307692307693;1.0;0.0;0.0;0.09392265193370165;0.19696969696969696;0.17391304347826086;0.061224489795918366;0.13333333333333333;0.05434782608695652;0.16666666666666666;0.11666666666666667;0.2;0.10526315789473684;0.23148148148148145
0.06370046194990664;1.0;1.0;1.0;0.2;0.07692307692307693;1.0;1.0;1.0;0.22099447513812154;0.2272727272727273;0.30434782608695654;0.061224489795918366;0.4;0.15217391304347827;0.1388888888888889;0.2833333333333333;0.06666666666666667;0.21052631578947367;0.23148148148148145
0.06370046194990664;1.0;0.0;1.0;0.6000000000000001;0.23076923076923078;1.0;1.0;1.0;0.07734806629834254;0.18181818181818182;0.17391304347826086;0.0;0.13333333333333333;0.07608695652173914;0.05555555555555555;0.06666666666666667;0.06666666666666667;0.02631578947368421;0.1111111111111111
0.06370046194990664;1.0;0.0;1.0;0.0;0.07692307692307693;1.0;1.0;0.0;0.11049723756906077;0.045454545454545456;0.043478260869565216;0.08163265306122448;0.06666666666666667;0.05434782608695652;0.027777777777777776;0.13333333333333333;0.06666666666666667;0.05263157894736842;0.046296296296296294
0.06370046194990664;1.0;0.0;1.0;0.0;0.07692307692307693;1.0;1.0;0.0;0.06629834254143646;0.030303030303030304;0.08695652173913043;0.04081632653061224;0.06666666666666667;0.03260869565217391;0.08333333333333333;0.08333333333333333;0.06666666666666667;0.07894736842105263;0.09259259259259259
0.06370046194990664;1.0;0.0;1.0;0.4;0.3076923076923077;1.0;1.0;0.0;0.15469613259668508;0.09090909090909091;0.34782608695652173;0.04081632653061224;0.06666666666666667;0.06521739130434782;0.3055555555555555;0.2;0.2;0.02631578947368421;0.18518518518518517
0.06370046194990664;1.0;0.0;1.0;0.6000000000000001;0.07692307692307693;1.0;0.0;0.0;0.03867403314917127;0.09090909090909091;0.0;0.02040816326530612;0.0;0.03260869565217391;0.08333333333333333;0.06666666666666667;0.13333333333333333;0.02631578947368421;0.10185185185185185
0.06370046194990664;0.0;0.0;0.0;0.2;0.23076923076923078;1.0;0.0;0.0;0.287292817679558;0.07575757575757576;0.043478260869565216;0.6530612244897959;0.2;0.21739130434782608;0.05555555555555555;0.08333333333333333;0.0;0.13157894736842105;0.08333333333333333
0.06971796742035963;1.0;0.0;1.0;0.2;0.15384615384615385;1.0;0.0;0.0;0.3756906077348066;0.07575757575757576;0.21739130434782608;0.14285714285714285;0.26666666666666666;0.25;0.19444444444444442;0.13333333333333333;0.06666666666666667;0.07894736842105263;0.12962962962962962
0.06971796742035963;1.0;0.0;1.0;0.2;0.07692307692307693;1.0;1.0;1.0;0.2099447513812155;0.3181818181818182;0.2608695652173913;0.1020408163265306;0.26666666666666666;0.17391304347826086;0.25;0.31666666666666665;0.2;0.5789473684210527;0.35185185185185186
0.06971796742035963;1.0;1.0;1.0;1.0;0.07692307692307693;1.0;0.0;0.0;0.34806629834254144;0.2272727272727273;0.17391304347826086;0.24489795918367346;0.3333333333333333;0.2717391304347826;0.16666666666666666;0.16666666666666666;0.0;0.21052631578947367;0.15740740740740738
0.06971796742035963;1.0;0.0;1.0;0.0;0.15384615384615385;1.0;0.0;0.0;0.04419889502762431;0.13636363636363635;0.043478260869565216;0.061224489795918366;0.06666666666666667;0.043478260869565216;0.08333333333333333;0.16666666666666666;0.0;0.15789473684210525;0.07407407407407407
0.06971796742035963;1.0;0.0;1.0;0.4;0.07692307692307693;1.0;1.0;0.0;0.14917127071823205;0.13636363636363635;0.08695652173913043;0.061224489795918366;0.13333333333333333;0.06521739130434782;0.05555555555555555;0.15;0.06666666666666667;0.2894736842105263;0.19444444444444442
0.06971796742035963;1.0;1.0;1.0;0.6000000000000001;0.07692307692307693;1.0;0.0;0.0;0.6574585635359116;0.21212121212121213;0.21739130434782608;0.9999999999999999;0.4;0.6195652173913043;0.1111111111111111;0.18333333333333332;0.0;0.2631578947368421;0.15740740740740738
0.07573547289084104;1.0;0.0;0.0;0.0;0.0;1.0;1.0;0.0;0.27071823204419887;0.19696969696969696;0.21739130434782608;0.0;0.2;0.17391304347826086;0.3611111111111111;0.1;0.26666666666666666;0.07894736842105263;0.37037037037037035
0.08236080719669303;1.0;0.0;0.0;0.2;0.07692307692307693;1.0;0.0;0.0;0.47513812154696133;0.18181818181818182;0.08695652173913043;0.4897959183673469;0.2;0.18478260869565216;0.1388888888888889;0.08333333333333333;0.0;0.07894736842105263;0.25
0.08236080719669303;1.0;0.0;1.0;0.0;0.15384615384615385;1.0;0.0;0.0;0.0055248618784530384;0.030303030303030304;0.043478260869565216;0.0;0.06666666666666667;0.010869565217391304;0.027777777777777776;0.03333333333333333;0.0;0.07894736842105263;0.046296296296296294
0.08236080719669303;1.0;0.0;0.0;0.0;0.0;1.0;1.0;0.0;0.07734806629834254;0.15151515151515152;0.17391304347826086;0.0;0.3333333333333333;0.06521739130434782;0.25;0.18333333333333332;0.0;0.13157894736842105;0.19444444444444442
0.08236080719669303;1.0;0.0;0.0;0.2;0.15384615384615385;1.0;1.0;0.0;0.2983425414364641;0.48484848484848486;0.4782608695652174;0.1020408163265306;0.26666666666666666;0.2608695652173913;0.38888888888888884;0.31666666666666665;0.4666666666666667;0.42105263157894735;0.4907407407407407
0.08837831266714602;1.0;0.0;1.0;0.2;0.07692307692307693;1.0;1.0;0.0;0.287292817679558;0.15151515151515152;0.2608695652173913;0.24489795918367346;0.26666666666666666;0.19565217391304346;0.3055555555555555;0.23333333333333334;0.26666666666666666;0.2894736842105263;0.34259259259259256
0.09439581813759901;1.0;0.0;0.0;0.0;0.07692307692307693;1.0;1.0;0.0;0.04419889502762431;0.18181818181818182;0.08695652173913043;0.061224489795918366;0.0;0.043478260869565216;0.19444444444444442;0.06666666666666667;0.0;0.07894736842105263;0.12962962962962962
0.09439581813759901;1.0;0.0;1.0;0.2;0.07692307692307693;1.0;0.0;0.0;0.281767955801105;0.10606060606060606;0.13043478260869565;0.5714285714285714;0.2;0.21739130434782608;0.1388888888888889;0.1;0.0;0.05263157894736842;0.19444444444444442
0.09439581813759901;1.0;0.0;0.0;0.0;0.0;1.0;1.0;1.0;0.03314917127071823;0.015151515151515152;0.043478260869565216;0.04081632653061224;0.0;0.010869565217391304;0.027777777777777776;0.1;0.06666666666666667;0.02631578947368421;0.1111111111111111
0.09439581813759901;0.0;0.0;1.0;0.0;0.07692307692307693;1.0;0.0;0.0;0.027624309392265192;0.09090909090909091;0.0;0.02040816326530612;0.06666666666666667;0.05434782608695652;0.027777777777777776;0.06666666666666667;0.0;0.07894736842105263;0.1111111111111111
0.100413323608052;1.0;1.0;1.0;0.2;0.07692307692307693;1.0;0.0;0.0;0.3425414364640884;0.8939393939393939;0.43478260869565216;0.14285714285714285;0.6;0.34782608695652173;0.5277777777777778;0.5833333333333334;0.7333333333333333;0.9736842105263157;0.6203703703703703
0.100413323608052;1.0;1.0;1.0;0.2;0.07692307692307693;1.0;1.0;0.0;0.11049723756906077;0.15151515151515152;0.08695652173913043;0.04081632653061224;0.26666666666666666;0.14130434782608695;0.08333333333333333;0.0;0.0;0.10526315789473684;0.037037037037037035
0.100413323608052;1.0;0.0;1.0;0.4;0.15384615384615385;1.0;1.0;0.0;0.4530386740331492;0.15151515151515152;0.08695652173913043;0.36734693877551017;0.13333333333333333;0.43478260869565216;0.08333333333333333;0.08333333333333333;0.06666666666666667;0.02631578947368421;0.1111111111111111
0.1064308290785334;1.0;0.0;1.0;0.4;0.15384615384615385;1.0;1.0;1.0;0.0718232044198895;0.07575757575757576;0.13043478260869565;0.1020408163265306;0.13333333333333333;0.043478260869565216;0.16666666666666666;0.1;0.13333333333333333;0.05263157894736842;0.1388888888888889
0.1124483345489864;1.0;1.0;1.0;0.0;0.0;1.0;1.0;1.0;0.16574585635359118;0.30303030303030304;0.13043478260869565;0.061224489795918366;0.26666666666666666;0.10869565217391304;0.2222222222222222;0.15;0.06666666666666667;0.10526315789473684;0.09259259259259259
0.1124483345489864;1.0;0.0;0.0;0.0;0.0;1.0;1.0;0.0;0.016574585635359115;0.015151515151515152;0.0;0.02040816326530612;0.06666666666666667;0.010869565217391304;0.027777777777777776;0.1;0.06666666666666667;0.13157894736842105;0.08333333333333333
0.1124483345489864;1.0;1.0;0.0;0.0;0.07692307692307693;1.0;0.0;0.0;0.18784530386740333;0.36363636363636365;0.21739130434782608;0.02040816326530612;0.26666666666666666;0.22826086956521738;0.25;0.31666666666666665;0.06666666666666667;0.5;0.24074074074074073
0.1124483345489864;1.0;1.0;1.0;0.0;0.3076923076923077;1.0;0.0;0.0;0.1602209944751381;0.06060606060606061;0.0;0.02040816326530612;0.13333333333333333;0.14130434782608695;0.027777777777777776;0.1;0.0;0.05263157894736842;0.12962962962962962
0.1124483345489864;1.0;0.0;0.0;0.4;0.07692307692307693;1.0;0.0;0.0;0.5082872928176796;0.09090909090909091;0.043478260869565216;0.2857142857142857;0.06666666666666667;0.5217391304347826;0.0;0.11666666666666667;0.0;0.05263157894736842;0.09259259259259259
0.11834427425236527;0.0;0.0;1.0;0.6000000000000001;0.15384615384615385;1.0;0.0;0.0;0.13259668508287292;0.030303030303030304;0.0;0.3469387755102041;0.0;0.10869565217391304;0.027777777777777776;0.1;0.0;0.0;0.06481481481481481
0.11834427425236527;1.0;0.0;1.0;0.0;0.0;1.0;1.0;0.0;0.0718232044198895;0.06060606060606061;0.08695652173913043;0.04081632653061224;0.13333333333333333;0.03260869565217391;0.16666666666666666;0.08333333333333333;0.0;0.07894736842105263;0.10185185185185185
0.12436177972281826;1.0;0.0;0.0;0.0;0.0;1.0;0.0;0.0;0.30386740331491713;0.2272727272727273;0.13043478260869565;0.3061224489795918;0.0;0.17391304347826086;0.19444444444444442;0.18333333333333332;0.13333333333333333;0.15789473684210525;0.21296296296296297
0.13098711402867025;1.0;0.0;0.0;0.0;0.0;1.0;1.0;0.0;0.15469613259668508;0.10606060606060606;0.043478260869565216;0.26530612244897955;0.06666666666666667;0.16304347826086957;0.027777777777777776;0.06666666666666667;0.06666666666666667;0.13157894736842105;0.08333333333333333
0.13098711402867025;1.0;0.0;1.0;0.4;0.23076923076923078;1.0;0.0;0.0;0.15469613259668508;0.10606060606060606;0.043478260869565216;0.08163265306122448;0.0;0.10869565217391304;0.1111111111111111;0.13333333333333333;0.0;0.07894736842105263;0.14814814814814814
0.13098711402867025;1.0;0.0;0.0;0.2;0.15384615384615385;1.0;0.0;0.0;0.06077348066298342;0.21212121212121213;0.043478260869565216;0.04081632653061224;0.06666666666666667;0.043478260869565216;0.08333333333333333;0.18333333333333332;0.0;0.23684210526315788;0.15740740740740738
0.13700461949915166;1.0;0.0;1.0;0.0;0.07692307692307693;1.0;1.0;0.0;0.2430939226519337;0.10606060606060606;0.13043478260869565;0.26530612244897955;0.0;0.19565217391304346;0.08333333333333333;0.05;0.06666666666666667;0.02631578947368421;0.08333333333333333
0.13700461949915166;1.0;0.0;1.0;0.0;0.15384615384615385;1.0;1.0;0.0;0.2596685082872928;0.5151515151515151;0.4782608695652174;0.12244897959183673;0.26666666666666666;0.2608695652173913;0.6944444444444444;0.55;0.2;0.631578947368421;0.6944444444444444
0.13700461949915166;1.0;0.0;1.0;0.0;0.15384615384615385;1.0;1.0;0.0;0.04419889502762431;0.10606060606060606;0.043478260869565216;0.0;0.06666666666666667;0.06521739130434782;0.16666666666666666;0.18333333333333332;0.06666666666666667;0.13157894736842105;0.16666666666666666
0.14302212496960465;1.0;0.0;1.0;0.4;0.23076923076923078;1.0;1.0;0.0;0.18232044198895025;0.12121212121212122;0.08695652173913043;0.04081632653061224;0.2;0.13043478260869565;0.1111111111111111;0.06666666666666667;0.13333333333333333;0.0;0.12037037037037036
0.14903963044005764;0.0;0.0;0.0;0.0;0.07692307692307693;1.0;1.0;0.0;0.08839779005524862;0.07575757575757576;0.08695652173913043;0.061224489795918366;0.06666666666666667;0.07608695652173914;0.0;0.1;0.0;0.07894736842105263;0.12962962962962962
0.15505713591051062;1.0;0.0;1.0;0.2;0.15384615384615385;1.0;1.0;0.0;0.7071823204419889;0.5606060606060607;0.3913043478260869;0.3061224489795918;0.4666666666666667;0.5434782608695652;0.41666666666666663;0.43333333333333335;0.13333333333333333;0.15789473684210525;0.3611111111111111
0.16107464138099203;1.0;0.0;0.0;0.0;0.0;1.0;1.0;0.0;0.06629834254143646;0.06060606060606061;0.043478260869565216;0.061224489795918366;0.2;0.08695652173913043;0.19444444444444442;0.13333333333333333;0.13333333333333333;0.18421052631578946;0.16666666666666666
0.16107464138099203;1.0;0.0;1.0;0.4;0.15384615384615385;1.0;0.0;0.0;0.07734806629834254;0.06060606060606061;0.043478260869565216;0.061224489795918366;0.0;0.06521739130434782;0.1111111111111111;0.03333333333333333;0.06666666666666667;0.05263157894736842;0.07407407407407407
0.16709214685144502;1.0;0.0;1.0;0.4;0.15384615384615385;1.0;1.0;0.0;0.15469613259668508;0.07575757575757576;0.13043478260869565;0.04081632653061224;0.0;0.03260869565217391;0.1388888888888889;0.16666666666666666;0.06666666666666667;0.07894736842105263;0.12037037037037036
0.16709214685144502;1.0;0.0;1.0;0.4;0.15384615384615385;1.0;0.0;0.0;0.5082872928176796;0.21212121212121213;0.34782608695652173;0.14285714285714285;0.13333333333333333;0.31521739130434784;0.4722222222222222;0.26666666666666666;0.4666666666666667;0.05263157894736842;0.4074074074074074
0.16709214685144502;1.0;0.0;1.0;0.6000000000000001;0.23076923076923078;1.0;1.0;1.0;0.48066298342541436;0.7121212121212122;1.0;0.061224489795918366;1.0;0.33695652173913043;1.0;1.0;0.9333333333333333;0.763157894736842;1.0
0.173109652321898;1.0;0.0;1.0;0.6000000000000001;0.07692307692307693;1.0;1.0;0.0;0.39779005524861877;0.3484848484848485;0.34782608695652173;0.061224489795918366;0.4;0.3913043478260869;0.3611111111111111;0.4666666666666667;0.26666666666666666;0.2894736842105263;0.2685185185185185
0.173109652321898;1.0;1.0;1.0;0.4;0.07692307692307693;0.0;1.0;1.0;0.7955801104972375;0.4393939393939394;0.30434782608695654;0.26530612244897955;0.5333333333333333;0.5978260869565217;0.3333333333333333;0.6166666666666667;0.4;0.2631578947368421;0.5277777777777778
0.173109652321898;1.0;0.0;1.0;0.2;0.3076923076923077;1.0;0.0;0.0;0.3812154696132597;0.18181818181818182;0.043478260869565216;0.22448979591836732;0.0;0.31521739130434784;0.08333333333333333;0.16666666666666666;0.06666666666666667;0.10526315789473684;0.09259259259259259
0.173109652321898;1.0;0.0;0.0;0.0;0.0;1.0;0.0;0.0;0.11049723756906077;0.07575757575757576;0.08695652173913043;0.1020408163265306;0.06666666666666667;0.09782608695652173;0.0;0.06666666666666667;0.06666666666666667;0.07894736842105263;0.1111111111111111
0.173109652321898;1.0;0.0;0.0;0.0;0.0;1.0;0.0;0.0;0.39226519337016574;0.4393939393939394;0.30434782608695654;0.14285714285714285;0.13333333333333333;0.3913043478260869;0.4444444444444444;0.3;0.4;0.23684210526315788;0.48148148148148145
0.173109652321898;1.0;0.0;1.0;0.2;0.15384615384615385;1.0;1.0;0.0;0.3701657458563536;0.4545454545454546;0.3913043478260869;0.14285714285714285;0.3333333333333333;0.34782608695652173;0.38888888888888884;0.3833333333333333;0.3333333333333333;0.39473684210526316;0.4629629629629629
0.173109652321898;1.0;0.0;0.0;0.0;0.0;1.0;0.0;0.0;0.1602209944751381;0.0;0.08695652173913043;0.02040816326530612;0.13333333333333333;0.09782608695652173;0.1388888888888889;0.06666666666666667;0.0;0.05263157894736842;0.12037037037037036
0.173109652321898;1.0;0.0;0.0;0.0;0.0;1.0;1.0;0.0;0.8674033149171271;0.7121212121212122;0.8695652173913043;0.42857142857142855;0.6;0.717391304347826;0.8333333333333333;0.7166666666666667;0.7333333333333333;0.5526315789473684;0.5092592592592592
0.173109652321898;1.0;0.0;1.0;0.4;0.15384615384615385;1.0;1.0;0.0;0.35359116022099446;0.3939393939393939;0.4782608695652174;0.12244897959183673;0.3333333333333333;0.19565217391304346;0.25;0.23333333333333334;0.06666666666666667;0.5;0.4074074074074074
0.173109652321898;1.0;0.0;0.0;0.0;0.0;1.0;0.0;0.0;0.4198895027624309;0.07575757575757576;0.08695652173913043;0.2040816326530612;0.13333333333333333;0.30434782608695654;0.05555555555555555;0.11666666666666667;0.06666666666666667;0.07894736842105263;0.17592592592592593
0.1796134208606759;1.0;0.0;1.0;0.2;0.07692307692307693;1.0;1.0;0.0;0.425414364640884;0.13636363636363635;0.30434782608695654;0.6326530612244897;0.0;0.5;0.1111111111111111;0.15;0.06666666666666667;0.05263157894736842;0.06481481481481481
0.1796134208606759;1.0;1.0;1.0;0.0;0.15384615384615385;1.0;0.0;1.0;0.430939226519337;0.2272727272727273;0.4782608695652174;0.32653061224489793;0.26666666666666666;0.22826086956521738;0.5;0.2833333333333333;0.3333333333333333;0.23684210526315788;0.6759259259259259
0.1796134208606759;0.0;0.0;1.0;0.2;0.07692307692307693;1.0;1.0;0.0;0.15469613259668508;0.21212121212121213;0.21739130434782608;0.02040816326530612;0.13333333333333333;0.10869565217391304;0.3333333333333333;0.2;0.26666666666666666;0.2631578947368421;0.3796296296296296
0.18563092633112888;1.0;0.0;1.0;0.0;0.07692307692307693;1.0;1.0;0.0;0.47513812154696133;0.09090909090909091;0.08695652173913043;0.2040816326530612;0.26666666666666666;0.30434782608695654;0.25;0.25;0.06666666666666667;0.13157894736842105;0.09259259259259259
0.1916484318016103;1.0;0.0;0.0;0.0;0.0;1.0;1.0;0.0;0.6243093922651933;0.6363636363636364;0.4782608695652174;0.24489795918367346;0.4;0.40217391304347827;0.7222222222222222;0.8166666666666667;0.26666666666666666;0.3684210526315789;0.5925925925925926
0.19766593727206327;1.0;0.0;0.0;0.2;0.23076923076923078;1.0;1.0;0.0;0.16574585635359118;0.12121212121212122;0.043478260869565216;0.08163265306122448;0.0;0.11956521739130435;0.08333333333333333;0.13333333333333333;0.06666666666666667;0.07894736842105263;0.09259259259259259
0.20368344274251626;1.0;0.0;1.0;0.2;0.07692307692307693;1.0;1.0;0.0;0.15469613259668508;0.09090909090909091;0.13043478260869565;0.061224489795918366;0.0;0.10869565217391304;0.08333333333333333;0.08333333333333333;0.0;0.07894736842105263;0.12962962962962962
0.20666180403597423;1.0;0.0;1.0;0.6000000000000001;0.15384615384615385;1.0;1.0;0.0;0.049723756906077346;0.12121212121212122;0.043478260869565216;0.0;0.0;0.043478260869565216;0.0;0.03333333333333333;0.0;0.0;0.05555555555555555
0.20666180403597423;1.0;0.0;1.0;0.2;0.0;1.0;1.0;0.0;0.12154696132596686;0.09090909090909091;0.17391304347826086;0.08163265306122448;0.13333333333333333;0.17391304347826086;0.027777777777777776;0.03333333333333333;0.0;0.05263157894736842;0.08333333333333333
0.20666180403597423;1.0;0.0;1.0;0.6000000000000001;0.15384615384615385;1.0;1.0;0.0;0.17679558011049723;0.07575757575757576;0.08695652173913043;0.0;0.13333333333333333;0.14130434782608695;0.027777777777777776;0.05;0.0;0.02631578947368421;0.037037037037037035
0.20666180403597423;1.0;0.0;0.0;0.0;0.0;1.0;1.0;0.0;0.4585635359116022;0.3181818181818182;0.08695652173913043;0.22448979591836732;0.13333333333333333;0.3804347826086956;0.19444444444444442;0.23333333333333334;0.06666666666666667;0.3157894736842105;0.2685185185185185
0.20666180403597423;1.0;0.0;1.0;0.2;0.15384615384615385;1.0;1.0;0.0;0.5193370165745856;0.15151515151515152;0.08695652173913043;0.5306122448979591;0.06666666666666667;0.5108695652173912;0.1111111111111111;0.15;0.06666666666666667;0.05263157894736842;0.09259259259259259
0.20666180403597423;0.0;0.0;0.0;0.0;0.0;1.0;0.0;0.0;0.39226519337016574;0.07575757575757576;0.08695652173913043;0.14285714285714285;0.06666666666666667;0.31521739130434784;0.1111111111111111;0.3;0.06666666666666667;0.02631578947368421;0.21296296296296297
0.20666180403597423;1.0;0.0;1.0;0.2;0.07692307692307693;1.0;1.0;0.0;0.10497237569060773;0.21212121212121213;0.043478260869565216;0.02040816326530612;0.13333333333333333;0.10869565217391304;0.16666666666666666;0.16666666666666666;0.06666666666666667;0.23684210526315788;0.12037037037037036
0.20666180403597423;1.0;0.0;1.0;0.8;0.15384615384615385;1.0;1.0;0.0;0.0;0.030303030303030304;0.0;0.0;0.0;0.010869565217391304;0.0;0.05;0.0;0.02631578947368421;0.037037037037037035
0.20666180403597423;1.0;0.0;1.0;0.2;0.07692307692307693;1.0;0.0;0.0;0.27624309392265195;0.09090909090909091;0.0;0.4081632653061224;0.0;0.31521739130434784;0.0;0.05;0.06666666666666667;0.05263157894736842;0.08333333333333333
0.20666180403597423;1.0;0.0;1.0;0.6000000000000001;0.15384615384615385;1.0;1.0;0.0;0.03867403314917127;0.10606060606060606;0.13043478260869565;0.0;0.0;0.06521739130434782;0.08333333333333333;0.1;0.06666666666666667;0.10526315789473684;0.046296296296296294
0.20666180403597423;1.0;0.0;1.0;0.0;0.23076923076923078;1.0;0.0;0.0;0.04419889502762431;0.09090909090909091;0.08695652173913043;0.0;0.06666666666666667;0.07608695652173914;0.0;0.08333333333333333;0.0;0.02631578947368421;0.05555555555555555
0.20666180403597423;1.0;0.0;0.0;0.0;0.0;1.0;0.0;1.0;0.11602209944751381;0.12121212121212122;0.043478260869565216;0.04081632653061224;0.13333333333333333;0.08695652173913043;0.08333333333333333;0.06666666666666667;0.0;0.21052631578947367;0.05555555555555555
0.20970094821296925;1.0;0.0;1.0;0.0;0.46153846153846156;1.0;1.0;0.0;0.1602209944751381;0.33333333333333337;0.21739130434782608;0.08163265306122448;0.0;0.20652173913043478;0.08333333333333333;0.15;0.06666666666666667;0.07894736842105263;0.1388888888888889
0.21571845368345066;1.0;1.0;1.0;0.0;0.07692307692307693;1.0;1.0;0.0;0.17679558011049723;0.19696969696969696;0.13043478260869565;0.18367346938775508;0.2;0.13043478260869565;0.16666666666666666;0.08333333333333333;0.2;0.02631578947368421;0.18518518518518517
0.22173595915390365;1.0;0.0;0.0;0.0;0.0;1.0;0.0;0.0;0.2154696132596685;0.25757575757575757;0.08695652173913043;0.04081632653061224;0.13333333333333333;0.14130434782608695;0.08333333333333333;0.2;0.13333333333333333;0.13157894736842105;0.12037037037037036
0.22775346462435664;1.0;0.0;0.0;0.0;0.0;1.0;1.0;0.0;0.47513812154696133;0.19696969696969696;0.21739130434782608;0.22448979591836732;0.06666666666666667;0.358695652173913;0.41666666666666663;0.4666666666666667;0.3333333333333333;0.3421052631578947;0.35185185185185186
0.23377097009480963;1.0;1.0;1.0;0.2;0.07692307692307693;1.0;1.0;1.0;0.19889502762430938;0.09090909090909091;0.08695652173913043;0.0;0.2;0.03260869565217391;0.19444444444444442;0.36666666666666664;0.3333333333333333;0.10526315789473684;0.21296296296296297
0.23377097009480963;1.0;0.0;1.0;0.2;0.15384615384615385;1.0;0.0;0.0;0.2044198895027624;0.030303030303030304;0.0;0.3469387755102041;0.06666666666666667;0.13043478260869565;0.1388888888888889;0.03333333333333333;0.0;0.0;0.10185185185185185
0.2353513250668584;1.0;0.0;1.0;0.4;0.07692307692307693;1.0;1.0;1.0;0.18232044198895025;0.045454545454545456;0.2608695652173913;0.3061224489795918;0.0;0.11956521739130435;0.1388888888888889;0.05;0.06666666666666667;0.07894736842105263;0.1388888888888889
0.2402747386335875;1.0;0.0;1.0;0.2;0.15384615384615385;1.0;1.0;0.0;0.4530386740331492;0.4090909090909091;0.30434782608695654;0.18367346938775508;0.13333333333333333;0.5;0.19444444444444442;0.26666666666666666;0.06666666666666667;0.2894736842105263;0.24074074074074073
0.2402747386335875;1.0;0.0;1.0;0.0;0.07692307692307693;1.0;1.0;0.0;0.3591160220994475;0.25757575757575757;0.17391304347826086;0.22448979591836732;0.06666666666666667;0.2717391304347826;0.16666666666666666;0.3333333333333333;0.06666666666666667;0.10526315789473684;0.23148148148148145
0.2402747386335875;1.0;0.0;1.0;0.0;0.15384615384615385;1.0;1.0;0.0;0.2154696132596685;0.18181818181818182;0.08695652173913043;0.04081632653061224;0.3333333333333333;0.14130434782608695;0.2222222222222222;0.11666666666666667;0.06666666666666667;0.07894736842105263;0.25925925925925924
0.2402747386335875;1.0;0.0;1.0;0.2;0.0;1.0;0.0;0.0;0.17679558011049723;0.16666666666666669;0.08695652173913043;0.2857142857142857;0.06666666666666667;0.09782608695652173;0.027777777777777776;0.11666666666666667;0.06666666666666667;0.07894736842105263;0.046296296296296294
0.2402747386335875;1.0;1.0;1.0;0.2;0.07692307692307693;1.0;0.0;0.0;0.4033149171270718;0.06060606060606061;0.17391304347826086;0.32653061224489793;0.13333333333333333;0.2608695652173913;0.19444444444444442;0.05;0.0;0.05263157894736842;0.12037037037037036
0.2462922441040405;1.0;0.0;1.0;0.0;0.3076923076923077;1.0;1.0;0.0;0.5359116022099447;0.18181818181818182;0.043478260869565216;0.4081632653061224;0.06666666666666667;0.4891304347826087;0.027777777777777776;0.2;0.06666666666666667;0.13157894736842105;0.1111111111111111
0.2462922441040405;1.0;0.0;1.0;0.0;0.07692307692307693;1.0;1.0;0.0;0.4475138121546961;0.2878787878787879;0.2608695652173913;0.18367346938775508;0.2;0.43478260869565216;0.16666666666666666;0.26666666666666666;0.06666666666666667;0.5263157894736842;0.21296296296296297
0.2462922441040405;1.0;0.0;1.0;0.2;0.0;1.0;1.0;0.0;0.3314917127071823;0.09090909090909091;0.043478260869565216;0.26530612244897955;0.06666666666666667;0.3695652173913043;0.05555555555555555;0.05;0.0;0.13157894736842105;0.009259259259259259
0.2462922441040405;1.0;0.0;1.0;0.2;0.15384615384615385;1.0;1.0;0.0;0.39779005524861877;0.030303030303030304;0.043478260869565216;0.3469387755102041;0.13333333333333333;0.3913043478260869;0.0;0.1;0.0;0.02631578947368421;0.037037037037037035
0.2462922441040405;1.0;0.0;1.0;0.0;0.07692307692307693;1.0;0.0;0.0;0.2154696132596685;0.33333333333333337;0.13043478260869565;0.08163265306122448;0.13333333333333333;0.2391304347826087;0.08333333333333333;0.25;0.06666666666666667;0.5789473684210527;0.25
0.2462922441040405;1.0;0.0;0.0;0.0;0.07692307692307693;1.0;1.0;0.0;0.46408839779005523;0.16666666666666669;0.043478260869565216;0.18367346938775508;0.4;0.4782608695652174;0.1111111111111111;0.3;0.0;0.07894736842105263;0.1111111111111111
0.2462922441040405;1.0;1.0;1.0;0.6000000000000001;0.46153846153846156;1.0;1.0;0.0;0.281767955801105;0.015151515151515152;0.13043478260869565;0.16326530612244897;0.13333333333333333;0.18478260869565216;0.0;0.1;0.0;0.10526315789473684;0.0
0.2462922441040405;1.0;1.0;1.0;0.6000000000000001;0.07692307692307693;1.0;0.0;0.0;0.4143646408839779;0.6818181818181819;0.2608695652173913;0.1020408163265306;0.4;0.41304347826086957;0.19444444444444442;0.3333333333333333;0.2;0.6578947368421052;0.37037037037037035
0.2462922441040405;1.0;1.0;1.0;0.0;0.07692307692307693;1.0;0.0;0.0;0.6850828729281768;0.7272727272727273;0.30434782608695654;0.2857142857142857;0.5333333333333333;0.6847826086956521;0.2777777777777778;0.5;0.13333333333333333;1.0;0.5648148148148148
0.2462922441040405;1.0;1.0;1.0;0.6000000000000001;0.15384615384615385;1.0;0.0;0.0;0.19337016574585636;0.09090909090909091;0.043478260869565216;0.08163265306122448;0.06666666666666667;0.14130434782608695;0.0;0.05;0.0;0.10526315789473684;0.06481481481481481
0.2462922441040405;1.0;1.0;1.0;0.0;0.07692307692307693;1.0;1.0;0.0;0.27071823204419887;0.10606060606060606;0.13043478260869565;0.1020408163265306;0.06666666666666667;0.16304347826086957;0.08333333333333333;0.15;0.0;0.15789473684210525;0.018518518518518517
0.24927060539752688;1.0;0.0;1.0;0.0;0.07692307692307693;1.0;1.0;0.0;0.16574585635359118;0.15151515151515152;0.13043478260869565;0.1020408163265306;0.13333333333333333;0.05434782608695652;0.3333333333333333;0.16666666666666666;0.0;0.05263157894736842;0.3055555555555555
0.2523097495745219;1.0;0.0;1.0;0.4;0.0;1.0;0.0;0.0;0.26519337016574585;0.2272727272727273;0.17391304347826086;0.5306122448979591;0.26666666666666666;0.20652173913043478;0.1111111111111111;0.25;0.13333333333333333;0.15789473684210525;0.23148148148148145
0.2583272550449749;1.0;0.0;1.0;0.4;0.07692307692307693;1.0;1.0;0.0;0.2099447513812155;0.030303030303030304;0.08695652173913043;0.3061224489795918;0.06666666666666667;0.11956521739130435;0.08333333333333333;0.05;0.06666666666666667;0.05263157894736842;0.08333333333333333
0.2583272550449749;1.0;0.0;1.0;0.2;0.38461538461538464;1.0;1.0;0.0;0.14917127071823205;0.12121212121212122;0.13043478260869565;0.0;0.06666666666666667;0.043478260869565216;0.19444444444444442;0.08333333333333333;0.13333333333333333;0.18421052631578946;0.15740740740740738
0.2643447605154279;1.0;0.0;0.0;0.0;0.0;1.0;1.0;0.0;0.13812154696132595;0.21212121212121213;0.2608695652173913;0.14285714285714285;0.06666666666666667;0.10869565217391304;0.16666666666666666;0.15;0.06666666666666667;0.15789473684210525;0.19444444444444442
0.27036226598588087;1.0;0.0;1.0;0.2;0.6923076923076923;1.0;1.0;0.0;0.18232044198895025;0.07575757575757576;0.08695652173913043;0.1020408163265306;0.0;0.10869565217391304;0.1388888888888889;0.11666666666666667;0.0;0.07894736842105263;0.027777777777777776
0.2763797714563623;1.0;0.0;1.0;0.0;0.07692307692307693;1.0;0.0;0.0;0.23204419889502764;0.06060606060606061;0.08695652173913043;0.061224489795918366;0.13333333333333333;0.11956521739130435;0.0;0.06666666666666667;0.13333333333333333;0.07894736842105263;0.07407407407407407
0.2763797714563623;1.0;0.0;1.0;0.0;0.0;1.0;1.0;0.0;0.09944751381215469;0.36363636363636365;0.3913043478260869;0.04081632653061224;0.5333333333333333;0.15217391304347827;0.25;0.21666666666666667;0.26666666666666666;0.2894736842105263;0.38888888888888884
0.28239727692681527;1.0;0.0;0.0;0.0;0.0;1.0;0.0;0.0;0.12154696132596686;0.07575757575757576;0.0;0.14285714285714285;0.0;0.05434782608695652;0.08333333333333333;0.06666666666666667;0.0;0.0;0.027777777777777776
0.28239727692681527;1.0;0.0;0.0;0.0;0.0;1.0;1.0;0.0;0.049723756906077346;0.06060606060606061;0.043478260869565216;0.02040816326530612;0.0;0.06521739130434782;0.2222222222222222;0.16666666666666666;0.0;0.10526315789473684;0.05555555555555555
0.28902261123266726;1.0;0.0;1.0;0.2;0.15384615384615385;1.0;1.0;0.0;0.3259668508287293;0.16666666666666669;0.043478260869565216;0.14285714285714285;0.26666666666666666;0.19565217391304346;0.08333333333333333;0.18333333333333332;0.06666666666666667;0.05263157894736842;0.21296296296296297
0.29504011670312025;1.0;0.0;0.0;0.2;0.3076923076923077;1.0;1.0;0.0;0.3425414364640884;0.12121212121212122;0.13043478260869565;0.3877551020408163;0.2;0.21739130434782608;0.1111111111111111;0.26666666666666666;0.06666666666666667;0.10526315789473684;0.2685185185185185
0.30087527352296206;1.0;0.0;1.0;0.4;0.23076923076923078;1.0;1.0;0.0;0.3259668508287293;0.07575757575757576;0.043478260869565216;0.16326530612244897;0.0;0.25;0.16666666666666666;0.05;0.0;0.10526315789473684;0.09259259259259259
0.30689277899344347;1.0;0.0;1.0;0.2;0.15384615384615385;1.0;0.0;1.0;0.10497237569060773;0.4696969696969697;0.17391304347826086;0.12244897959183673;0.26666666666666666;0.10869565217391304;0.3055555555555555;0.43333333333333335;0.13333333333333333;0.3421052631578947;0.5092592592592592
0.30689277899344347;1.0;1.0;1.0;0.2;0.15384615384615385;1.0;0.0;0.0;0.6077348066298343;0.16666666666666669;0.2608695652173913;0.9591836734693877;0.26666666666666666;0.4782608695652174;0.1111111111111111;0.16666666666666666;0.06666666666666667;0.15789473684210525;0.35185185185185186
0.30689277899344347;1.0;0.0;1.0;0.0;0.0;0.0;1.0;1.0;0.06077348066298342;0.16666666666666669;0.17391304347826086;0.18367346938775508;0.2;0.06521739130434782;0.1111111111111111;0.21666666666666667;0.4;0.18421052631578946;0.24074074074074073
0.30987114028690144;1.0;0.0;1.0;0.0;0.07692307692307693;1.0;0.0;0.0;0.09944751381215469;0.09090909090909091;0.08695652173913043;0.061224489795918366;0.0;0.09782608695652173;0.027777777777777776;0.15;0.0;0.02631578947368421;0.16666666666666666
0.30987114028690144;1.0;1.0;0.0;0.4;0.0;1.0;1.0;0.0;0.6077348066298343;0.07575757575757576;0.43478260869565216;0.26530612244897955;0.06666666666666667;0.358695652173913;0.2222222222222222;0.21666666666666667;0.13333333333333333;0.0;0.15740740740740738
0.31291028446389646;1.0;1.0;1.0;0.4;0.38461538461538464;1.0;1.0;1.0;0.1270718232044199;0.30303030303030304;0.21739130434782608;0.1020408163265306;0.2;0.15217391304347827;0.2222222222222222;0.2;0.13333333333333333;0.15789473684210525;0.21296296296296297
0.31291028446389646;1.0;0.0;1.0;0.0;0.0;1.0;1.0;0.0;0.04419889502762431;0.12121212121212122;0.043478260869565216;0.02040816326530612;0.0;0.03260869565217391;0.027777777777777776;0.05;0.0;0.0;0.046296296296296294
0.31291028446389646;1.0;1.0;1.0;0.2;0.0;1.0;0.0;0.0;0.3701657458563536;0.18181818181818182;0.043478260869565216;0.4081632653061224;0.13333333333333333;0.21739130434782608;0.19444444444444442;0.26666666666666666;0.2;0.05263157894736842;0.21296296296296297
0.31291028446389646;1.0;0.0;1.0;0.2;0.0;1.0;0.0;0.0;0.3425414364640884;0.6818181818181819;0.6086956521739131;0.2857142857142857;0.6;0.31521739130434784;0.5833333333333333;0.5666666666666667;1.0;0.7368421052631579;0.9259259259259258
0.31892778993434945;1.0;0.0;1.0;0.2;0.15384615384615385;1.0;0.0;0.0;0.580110497237569;0.15151515151515152;0.13043478260869565;0.6326530612244897;0.13333333333333333;0.43478260869565216;0.38888888888888884;0.18333333333333332;0.13333333333333333;0.05263157894736842;0.35185185185185186
0.31892778993434945;0.0;0.0;1.0;0.0;0.15384615384615385;1.0;1.0;0.0;0.32044198895027626;0.4696969696969697;0.5217391304347826;0.14285714285714285;0.3333333333333333;0.21739130434782608;0.5;0.4666666666666667;0.6;0.3684210526315789;0.4629629629629629
0.31892778993434945;1.0;0.0;1.0;0.0;1.0;1.0;1.0;1.0;0.1270718232044199;0.13636363636363635;0.08695652173913043;0.061224489795918366;0.13333333333333333;0.10869565217391304;0.08333333333333333;0.06666666666666667;0.2;0.02631578947368421;0.18518518518518517
0.32494529540480244;1.0;1.0;1.0;0.6000000000000001;0.07692307692307693;1.0;0.0;0.0;0.3756906077348066;0.045454545454545456;0.08695652173913043;0.14285714285714285;0.26666666666666666;0.19565217391304346;0.1388888888888889;0.08333333333333333;0.06666666666666667;0.02631578947368421;0.09259259259259259
0.32494529540480244;1.0;1.0;1.0;0.0;0.07692307692307693;1.0;0.0;0.0;0.14917127071823205;0.19696969696969696;0.17391304347826086;0.061224489795918366;0.26666666666666666;0.14130434782608695;0.19444444444444442;0.18333333333333332;0.06666666666666667;0.13157894736842105;0.2685185185185185
0.3285314855336594;0.0;0.0;1.0;0.4;0.15384615384615385;1.0;1.0;0.0;0.03867403314917127;0.015151515151515152;0.0;0.061224489795918366;0.0;0.03260869565217391;0.0;0.0;0.0;0.0;0.018518518518518517
0.33157062971065443;1.0;0.0;1.0;0.0;0.0;1.0;1.0;0.0;0.23204419889502764;0.15151515151515152;0.043478260869565216;0.08163265306122448;0.13333333333333333;0.13043478260869565;0.2222222222222222;0.11666666666666667;0.06666666666666667;0.05263157894736842;0.06481481481481481
0.33758813518113584;1.0;0.0;1.0;0.2;0.07692307692307693;1.0;1.0;0.0;0.1602209944751381;0.09090909090909091;0.21739130434782608;0.2040816326530612;0.0;0.14130434782608695;0.08333333333333333;0.05;0.0;0.05263157894736842;0.05555555555555555
0.33758813518113584;1.0;1.0;1.0;0.0;0.15384615384615385;1.0;1.0;0.0;0.14364640883977903;0.0;0.08695652173913043;0.061224489795918366;0.0;0.07608695652173914;0.027777777777777776;0.08333333333333333;0.0;0.0;0.05555555555555555
0.33758813518113584;1.0;0.0;1.0;0.0;0.15384615384615385;1.0;1.0;0.0;0.18232044198895025;0.2727272727272727;0.2608695652173913;0.16326530612244897;0.06666666666666667;0.16304347826086957;0.2777777777777778;0.2;0.13333333333333333;0.15789473684210525;0.2685185185185185
0.34360564065158883;1.0;0.0;1.0;0.2;0.0;1.0;1.0;0.0;0.24861878453038677;0.06060606060606061;0.0;0.4897959183673469;0.13333333333333333;0.25;0.1111111111111111;0.18333333333333332;0.0;0.07894736842105263;0.17592592592592593
0.34360564065158883;1.0;1.0;1.0;0.4;0.07692307692307693;1.0;1.0;0.0;0.12154696132596686;0.12121212121212122;0.13043478260869565;0.14285714285714285;0.06666666666666667;0.08695652173913043;0.08333333333333333;0.08333333333333333;0.06666666666666667;0.15789473684210525;0.1388888888888889
0.34360564065158883;1.0;0.0;1.0;0.0;0.07692307692307693;1.0;1.0;0.0;0.011049723756906077;0.030303030303030304;0.08695652173913043;0.04081632653061224;0.06666666666666667;0.05434782608695652;0.0;0.06666666666666667;0.06666666666666667;0.07894736842105263;0.07407407407407407
0.3496231461220418;1.0;0.0;1.0;0.2;0.07692307692307693;1.0;0.0;0.0;0.23204419889502764;0.19696969696969696;0.21739130434782608;0.04081632653061224;0.4;0.25;0.19444444444444442;0.18333333333333332;0.0;0.42105263157894735;0.3055555555555555
0.3496231461220418;1.0;1.0;1.0;0.2;0.3076923076923077;1.0;0.0;0.0;0.2099447513812155;0.10606060606060606;0.043478260869565216;0.061224489795918366;0.0;0.16304347826086957;0.08333333333333333;0.13333333333333333;0.06666666666666667;0.07894736842105263;0.12037037037037036
0.3556406515924948;1.0;0.0;1.0;0.0;0.23076923076923078;1.0;0.0;0.0;0.11602209944751381;0.09090909090909091;0.13043478260869565;0.02040816326530612;0.13333333333333333;0.11956521739130435;0.08333333333333333;0.06666666666666667;0.06666666666666667;0.02631578947368421;0.09259259259259259
0.3615365912958737;1.0;0.0;1.0;0.4;0.0;1.0;1.0;0.0;0.2099447513812155;0.06060606060606061;0.043478260869565216;0.02040816326530612;0.06666666666666667;0.17391304347826086;0.0;0.08333333333333333;0.0;0.05263157894736842;0.1111111111111111
0.3615365912958737;1.0;0.0;0.0;0.0;0.0;1.0;1.0;0.0;0.3867403314917127;0.33333333333333337;0.08695652173913043;0.2857142857142857;0.2;0.40217391304347827;0.08333333333333333;0.31666666666666665;0.13333333333333333;0.15789473684210525;0.16666666666666666
0.3615365912958737;1.0;0.0;1.0;0.0;0.0;1.0;0.0;0.0;0.17679558011049723;0.045454545454545456;0.08695652173913043;0.12244897959183673;0.06666666666666667;0.16304347826086957;0.08333333333333333;0.06666666666666667;0.06666666666666667;0.05263157894736842;0.09259259259259259
0.3615365912958737;0.0;0.0;1.0;0.8;0.07692307692307693;1.0;1.0;0.0;0.03867403314917127;0.045454545454545456;0.0;0.0;0.0;0.043478260869565216;0.027777777777777776;0.03333333333333333;0.0;0.0;0.037037037037037035
0.3615365912958737;1.0;0.0;0.0;0.0;0.0;1.0;1.0;0.0;0.08287292817679558;0.09090909090909091;0.043478260869565216;0.04081632653061224;0.06666666666666667;0.15217391304347827;0.027777777777777776;0.08333333333333333;0.0;0.10526315789473684;0.1111111111111111
0.3615365912958737;1.0;0.0;0.0;0.0;0.0;1.0;1.0;0.0;0.09392265193370165;0.06060606060606061;0.043478260869565216;0.02040816326530612;0.0;0.11956521739130435;0.027777777777777776;0.05;0.0;0.07894736842105263;0.037037037037037035
0.3615365912958737;1.0;0.0;1.0;0.0;0.07692307692307693;1.0;0.0;0.0;0.13812154696132595;0.045454545454545456;0.0;0.14285714285714285;0.06666666666666667;0.13043478260869565;0.05555555555555555;0.05;0.0;0.10526315789473684;0.018518518518518517
0.3615365912958737;0.0;0.0;0.0;0.0;0.0;1.0;0.0;0.0;0.34806629834254144;0.015151515151515152;0.043478260869565216;0.4081632653061224;0.06666666666666667;0.25;0.0;0.016666666666666666;0.0;0.02631578947368421;0.009259259259259259
0.3615365912958737;1.0;0.0;0.0;0.0;0.0;1.0;0.0;0.0;0.2541436464088398;0.09090909090909091;0.0;0.18367346938775508;0.06666666666666667;0.358695652173913;0.0;0.016666666666666666;0.0;0.05263157894736842;0.037037037037037035
0.3675540967663551;1.0;0.0;1.0;0.2;0.15384615384615385;1.0;0.0;0.0;0.3149171270718232;0.0;0.08695652173913043;0.26530612244897955;0.0;0.2934782608695652;0.1388888888888889;0.15;0.13333333333333333;0.02631578947368421;0.24074074074074073
0.3675540967663551;1.0;0.0;0.0;0.0;0.07692307692307693;1.0;1.0;0.0;0.2541436464088398;0.4090909090909091;0.4782608695652174;0.061224489795918366;0.26666666666666666;0.25;0.3611111111111111;0.3833333333333333;0.3333333333333333;0.21052631578947367;0.4074074074074074
0.3735716022368081;1.0;0.0;1.0;0.0;0.15384615384615385;1.0;0.0;0.0;0.17679558011049723;0.06060606060606061;0.0;0.14285714285714285;0.06666666666666667;0.15217391304347827;0.1388888888888889;0.03333333333333333;0.06666666666666667;0.07894736842105263;0.08333333333333333
0.3735716022368081;1.0;0.0;1.0;0.2;0.07692307692307693;1.0;0.0;0.0;0.281767955801105;0.4090909090909091;0.30434782608695654;0.3877551020408163;0.13333333333333333;0.18478260869565216;0.25;0.11666666666666667;0.06666666666666667;0.3421052631578947;0.16666666666666666
0.3735716022368081;1.0;1.0;1.0;0.2;0.0;1.0;1.0;0.0;0.1270718232044199;0.18181818181818182;0.13043478260869565;0.14285714285714285;0.06666666666666667;0.14130434782608695;0.1111111111111111;0.05;0.06666666666666667;0.05263157894736842;0.08333333333333333
0.38019693654266007;1.0;0.0;1.0;0.2;0.23076923076923078;1.0;0.0;0.0;0.016574585635359115;0.07575757575757576;0.0;0.04081632653061224;0.0;0.021739130434782608;0.05555555555555555;0.1;0.0;0.05263157894736842;0.06481481481481481
0.38019693654266007;1.0;1.0;1.0;0.2;0.07692307692307693;1.0;0.0;0.0;0.08287292817679558;0.045454545454545456;0.08695652173913043;0.2857142857142857;0.06666666666666667;0.09782608695652173;0.1388888888888889;0.06666666666666667;0.0;0.02631578947368421;0.1388888888888889
0.38621444201311306;1.0;0.0;1.0;0.0;0.23076923076923078;1.0;1.0;0.0;0.2154696132596685;0.3787878787878788;0.21739130434782608;0.04081632653061224;0.3333333333333333;0.2391304347826087;0.2777777777777778;0.3333333333333333;0.4;0.5263157894736842;0.41666666666666663
0.38621444201311306;1.0;0.0;1.0;0.4;0.15384615384615385;1.0;0.0;0.0;0.6132596685082873;0.2272727272727273;0.13043478260869565;0.36734693877551017;0.2;0.6086956521739131;0.16666666666666666;0.16666666666666666;0.06666666666666667;0.18421052631578946;0.2037037037037037
0.38621444201311306;1.0;0.0;0.0;0.0;0.07692307692307693;1.0;1.0;0.0;0.27071823204419887;0.5151515151515151;0.3913043478260869;0.08163265306122448;0.4666666666666667;0.16304347826086957;0.5833333333333333;0.55;0.2;0.7105263157894737;0.4907407407407407
0.38621444201311306;1.0;0.0;1.0;0.2;0.07692307692307693;1.0;0.0;0.0;0.2928176795580111;0.21212121212121213;0.0;0.14285714285714285;0.06666666666666667;0.19565217391304346;0.1388888888888889;0.13333333333333333;0.06666666666666667;0.07894736842105263;0.12962962962962962
0.39223194748359447;1.0;0.0;0.0;0.0;0.0;1.0;1.0;0.0;0.2044198895027624;0.6060606060606061;0.13043478260869565;0.18367346938775508;0.4;0.16304347826086957;0.38888888888888884;0.45;0.13333333333333333;0.3421052631578947;0.24074074074074073
0.39824945295404746;1.0;0.0;1.0;0.4;0.0;1.0;0.0;0.0;0.2154696132596685;0.21212121212121213;0.2608695652173913;0.3061224489795918;0.06666666666666667;0.18478260869565216;0.1388888888888889;0.11666666666666667;0.06666666666666667;0.10526315789473684;0.18518518518518517
0.39824945295404746;1.0;0.0;1.0;0.4;0.3076923076923077;1.0;0.0;1.0;0.03867403314917127;0.12121212121212122;0.17391304347826086;0.02040816326530612;0.0;0.021739130434782608;0.19444444444444442;0.13333333333333333;0.13333333333333333;0.3157894736842105;0.2037037037037037
0.40426695842450044;1.0;0.0;1.0;0.2;0.3076923076923077;1.0;1.0;1.0;0.07734806629834254;0.15151515151515152;0.0;0.061224489795918366;0.06666666666666667;0.06521739130434782;0.05555555555555555;0.11666666666666667;0.06666666666666667;0.10526315789473684;0.05555555555555555
0.41028446389495343;1.0;1.0;1.0;0.4;0.15384615384615385;1.0;1.0;0.0;0.3591160220994475;0.07575757575757576;0.043478260869565216;0.02040816326530612;0.13333333333333333;0.2934782608695652;0.05555555555555555;0.15;0.06666666666666667;0.10526315789473684;0.08333333333333333
0.41028446389495343;1.0;0.0;1.0;0.6000000000000001;0.07692307692307693;1.0;1.0;0.0;0.3314917127071823;0.19696969696969696;0.13043478260869565;0.1020408163265306;0.13333333333333333;0.32608695652173914;0.2222222222222222;0.2;0.06666666666666667;0.05263157894736842;0.15740740740740738
0.41028446389495343;1.0;1.0;1.0;0.2;0.07692307692307693;1.0;1.0;0.0;0.6574585635359116;0.8333333333333334;0.2608695652173913;0.36734693877551017;0.2;0.532608695652174;0.3055555555555555;0.4;0.06666666666666667;0.39473684210526316;0.4074074074074074
0.41630196936543484;1.0;0.0;0.0;0.2;0.07692307692307693;1.0;0.0;0.0;0.09944751381215469;0.045454545454545456;0.043478260869565216;0.02040816326530612;0.0;0.06521739130434782;0.027777777777777776;0.06666666666666667;0.0;0.0;0.09259259259259259
0.41630196936543484;1.0;0.0;1.0;0.0;0.3076923076923077;1.0;1.0;0.0;0.15469613259668508;0.045454545454545456;0.043478260869565216;0.1020408163265306;0.06666666666666667;0.07608695652173914;0.25;0.11666666666666667;0.13333333333333333;0.02631578947368421;0.05555555555555555
0.4221979090688137;0.0;0.0;1.0;0.4;0.07692307692307693;1.0;0.0;0.0;0.13259668508287292;0.16666666666666669;0.08695652173913043;0.22448979591836732;0.06666666666666667;0.11956521739130435;0.19444444444444442;0.21666666666666667;0.13333333333333333;0.13157894736842105;0.23148148148148145
0.4288232433746657;1.0;0.0;1.0;0.2;0.15384615384615385;1.0;0.0;0.0;0.011049723756906077;0.045454545454545456;0.08695652173913043;0.0;0.06666666666666667;0.021739130434782608;0.0;0.03333333333333333;0.06666666666666667;0.05263157894736842;0.07407407407407407
0.4348407488451187;1.0;0.0;1.0;0.0;0.07692307692307693;1.0;1.0;0.0;0.32044198895027626;0.4696969696969697;0.43478260869565216;0.1020408163265306;0.2;0.21739130434782608;0.3611111111111111;0.3833333333333333;0.13333333333333333;0.13157894736842105;0.5
0.4348407488451187;0.0;0.0;1.0;0.2;0.07692307692307693;1.0;1.0;0.0;0.22651933701657456;0.10606060606060606;0.2608695652173913;0.18367346938775508;0.13333333333333333;0.14130434782608695;0.19444444444444442;0.2;0.06666666666666667;0.05263157894736842;0.16666666666666666
0.4348407488451187;1.0;0.0;0.0;0.0;0.0;1.0;1.0;0.0;0.3149171270718232;0.5909090909090909;0.2608695652173913;0.16326530612244897;0.13333333333333333;0.3913043478260869;0.16666666666666666;0.35;0.13333333333333333;0.23684210526315788;0.4444444444444444
0.4348407488451187;1.0;0.0;1.0;0.2;0.15384615384615385;1.0;1.0;0.0;0.39779005524861877;0.10606060606060606;0.3913043478260869;0.32653061224489793;0.2;0.31521739130434784;0.1388888888888889;0.16666666666666666;0.06666666666666667;0.23684210526315788;0.14814814814814814
0.4348407488451187;0.0;0.0;0.0;0.0;0.07692307692307693;1.0;0.0;0.0;0.3370165745856354;0.10606060606060606;0.0;0.32653061224489793;0.26666666666666666;0.22826086956521738;0.1111111111111111;0.13333333333333333;0.13333333333333333;0.05263157894736842;0.10185185185185185
0.4408582543155717;1.0;1.0;1.0;0.4;0.07692307692307693;1.0;0.0;0.0;0.287292817679558;0.015151515151515152;0.0;0.2857142857142857;0.06666666666666667;0.20652173913043478;0.027777777777777776;0.1;0.0;0.0;0.09259259259259259
0.4408582543155717;1.0;0.0;1.0;0.0;0.07692307692307693;1.0;1.0;1.0;0.22099447513812154;0.36363636363636365;0.34782608695652173;0.16326530612244897;0.13333333333333333;0.15217391304347827;0.4444444444444444;0.36666666666666664;0.3333333333333333;0.3157894736842105;0.4629629629629629
0.4408582543155717;1.0;0.0;0.0;0.0;0.0;1.0;0.0;0.0;0.35359116022099446;0.30303030303030304;0.4782608695652174;0.24489795918367346;0.4;0.19565217391304346;0.5833333333333333;0.5;0.2;0.5;0.4907407407407407
0.4528932652565061;1.0;0.0;1.0;0.4;0.0;1.0;1.0;0.0;0.0718232044198895;0.13636363636363635;0.21739130434782608;0.04081632653061224;0.0;0.11956521739130435;0.05555555555555555;0.05;0.06666666666666667;0.07894736842105263;0.07407407407407407
0.45891077072695907;1.0;1.0;1.0;0.4;0.07692307692307693;1.0;0.0;0.0;0.18784530386740333;0.0;0.0;0.04081632653061224;0.06666666666666667;0.08695652173913043;0.05555555555555555;0.05;0.06666666666666667;0.02631578947368421;0.05555555555555555
0.45891077072695907;1.0;0.0;1.0;0.6000000000000001;0.07692307692307693;1.0;1.0;0.0;0.14917127071823205;0.030303030303030304;0.30434782608695654;0.1020408163265306;0.0;0.14130434782608695;0.19444444444444442;0.15;0.0;0.10526315789473684;0.16666666666666666
0.46188913202041704;1.0;0.0;0.0;0.0;0.0;1.0;0.0;0.0;0.4475138121546961;0.06060606060606061;0.0;0.5918367346938775;0.06666666666666667;0.2934782608695652;0.027777777777777776;0.06666666666666667;0.0;0.02631578947368421;0.06481481481481481
0.46188913202041704;1.0;0.0;1.0;0.2;0.07692307692307693;1.0;1.0;0.0;0.4198895027624309;0.3939393939393939;0.21739130434782608;0.22448979591836732;0.4666666666666667;0.3695652173913043;0.19444444444444442;0.36666666666666664;0.0;0.3421052631578947;0.19444444444444442
0.46188913202041704;1.0;0.0;1.0;0.0;0.0;1.0;0.0;0.0;0.027624309392265192;0.015151515151515152;0.043478260869565216;0.0;0.0;0.010869565217391304;0.027777777777777776;0.016666666666666666;0.13333333333333333;0.0;0.037037037037037035
0.46492827619741206;0.0;0.0;1.0;0.4;0.15384615384615385;1.0;1.0;0.0;0.281767955801105;0.06060606060606061;0.043478260869565216;0.2040816326530612;0.13333333333333333;0.19565217391304346;0.16666666666666666;0.1;0.0;0.05263157894736842;0.12037037037037036
0.46790663749087;1.0;0.0;1.0;0.2;0.07692307692307693;1.0;1.0;0.0;0.1270718232044199;0.15151515151515152;0.13043478260869565;0.14285714285714285;0.06666666666666667;0.13043478260869565;0.1111111111111111;0.13333333333333333;0.2;0.21052631578947367;0.10185185185185185
0.46790663749087;1.0;0.0;1.0;0.4;0.07692307692307693;1.0;1.0;0.0;0.09944751381215469;0.045454545454545456;0.17391304347826086;0.02040816326530612;0.0;0.021739130434782608;0.05555555555555555;0.05;0.0;0.02631578947368421;0.12962962962962962
0.46790663749087;1.0;1.0;1.0;0.2;0.15384615384615385;1.0;0.0;0.0;0.287292817679558;0.030303030303030304;0.043478260869565216;0.14285714285714285;0.2;0.20652173913043478;0.1388888888888889;0.016666666666666666;0.06666666666666667;0.07894736842105263;0.12037037037037036
0.47094578166786505;1.0;0.0;1.0;0.2;0.15384615384615385;1.0;0.0;0.0;0.049723756906077346;0.045454545454545456;0.043478260869565216;0.12244897959183673;0.0;0.021739130434782608;0.05555555555555555;0.03333333333333333;0.0;0.02631578947368421;0.037037037037037035
0.47696328713834646;1.0;0.0;0.0;0.0;0.0;1.0;1.0;0.0;0.11602209944751381;0.09090909090909091;0.043478260869565216;0.04081632653061224;0.0;0.10869565217391304;0.05555555555555555;0.05;0.0;0.05263157894736842;0.07407407407407407
0.47696328713834646;1.0;0.0;1.0;0.6000000000000001;0.07692307692307693;1.0;1.0;0.0;0.26519337016574585;0.2878787878787879;0.17391304347826086;0.12244897959183673;0.06666666666666667;0.20652173913043478;0.25;0.3;0.2;0.18421052631578946;0.34259259259259256
0.47696328713834646;1.0;0.0;1.0;0.4;0.23076923076923078;1.0;0.0;0.0;0.10497237569060773;0.13636363636363635;0.17391304347826086;0.0;0.2;0.09782608695652173;0.1111111111111111;0.1;0.06666666666666667;0.13157894736842105;0.06481481481481481
0.47696328713834646;1.0;0.0;1.0;0.2;0.07692307692307693;1.0;0.0;0.0;0.56353591160221;0.030303030303030304;0.13043478260869565;0.26530612244897955;0.26666666666666666;0.46739130434782605;0.08333333333333333;0.1;0.06666666666666667;0.0;0.14814814814814814
0.47696328713834646;1.0;0.0;0.0;0.0;0.0;1.0;1.0;0.0;0.06077348066298342;0.10606060606060606;0.0;0.1020408163265306;0.13333333333333333;0.08695652173913043;0.05555555555555555;0.06666666666666667;0.0;0.02631578947368421;0.05555555555555555
0.47696328713834646;1.0;0.0;1.0;0.2;0.07692307692307693;1.0;1.0;0.0;0.3149171270718232;0.24242424242424243;0.08695652173913043;0.22448979591836732;0.3333333333333333;0.32608695652173914;0.19444444444444442;0.08333333333333333;0.06666666666666667;0.07894736842105263;0.14814814814814814
0.47696328713834646;1.0;0.0;1.0;0.0;0.0;1.0;1.0;0.0;0.4088397790055249;0.2878787878787879;0.2608695652173913;0.1020408163265306;0.3333333333333333;0.40217391304347827;0.08333333333333333;0.18333333333333332;0.13333333333333333;0.15789473684210525;0.3333333333333333
0.47696328713834646;1.0;0.0;1.0;0.0;0.15384615384615385;1.0;0.0;0.0;0.26519337016574585;0.07575757575757576;0.08695652173913043;0.02040816326530612;0.06666666666666667;0.17391304347826086;0.08333333333333333;0.1;0.0;0.02631578947368421;0.12037037037037036
0.47696328713834646;1.0;0.0;1.0;0.4;0.15384615384615385;1.0;0.0;0.0;0.14364640883977903;0.06060606060606061;0.043478260869565216;0.2040816326530612;0.0;0.16304347826086957;0.0;0.016666666666666666;0.06666666666666667;0.05263157894736842;0.009259259259259259
0.47696328713834646;0.0;0.0;1.0;0.0;0.07692307692307693;1.0;1.0;0.0;0.2430939226519337;0.25757575757575757;0.34782608695652173;0.08163265306122448;0.13333333333333333;0.22826086956521738;0.05555555555555555;0.26666666666666666;0.13333333333333333;0.18421052631578946;0.2685185185185185
0.47696328713834646;0.0;0.0;0.0;0.0;0.0;1.0;1.0;0.0;0.09944751381215469;0.06060606060606061;0.043478260869565216;0.04081632653061224;0.0;0.08695652173913043;0.0;0.08333333333333333;0.0;0.0;0.07407407407407407
0.47696328713834646;1.0;1.0;1.0;0.6000000000000001;0.0;1.0;1.0;0.0;0.36464088397790057;0.30303030303030304;0.30434782608695654;0.16326530612244897;0.26666666666666666;0.31521739130434784;0.1388888888888889;0.3333333333333333;0.26666666666666666;0.21052631578947367;0.2685185185185185
0.47696328713834646;1.0;0.0;0.0;0.0;0.0;1.0;1.0;0.0;0.11049723756906077;0.13636363636363635;0.08695652173913043;0.04081632653061224;0.13333333333333333;0.10869565217391304;0.16666666666666666;0.06666666666666667;0.06666666666666667;0.13157894736842105;0.16666666666666666
0.47696328713834646;1.0;1.0;0.0;0.2;0.07692307692307693;1.0;1.0;0.0;0.2154696132596685;0.3181818181818182;0.08695652173913043;0.061224489795918366;0.2;0.31521739130434784;0.2222222222222222;0.35;0.06666666666666667;0.15789473684210525;0.21296296296296297
0.47696328713834646;1.0;0.0;1.0;0.4;0.23076923076923078;1.0;1.0;0.0;0.23204419889502764;0.06060606060606061;0.0;0.2040816326530612;0.0;0.25;0.0;0.08333333333333333;0.0;0.15789473684210525;0.10185185185185185
0.47696328713834646;1.0;0.0;0.0;0.0;0.0;1.0;0.0;0.0;0.30939226519337015;0.15151515151515152;0.08695652173913043;0.22448979591836732;0.2;0.22826086956521738;0.08333333333333333;0.21666666666666667;0.0;0.10526315789473684;0.08333333333333333
0.47696328713834646;1.0;0.0;1.0;0.4;0.07692307692307693;1.0;1.0;0.0;0.13812154696132595;0.21212121212121213;0.08695652173913043;0.061224489795918366;0.26666666666666666;0.15217391304347827;0.3055555555555555;0.2833333333333333;0.13333333333333333;0.3157894736842105;0.17592592592592593
0.47696328713834646;1.0;0.0;0.0;0.0;0.0;1.0;0.0;0.0;0.43646408839779005;0.09090909090909091;0.13043478260869565;0.3877551020408163;0.06666666666666667;0.4782608695652174;0.16666666666666666;0.08333333333333333;0.0;0.13157894736842105;0.12037037037037036
0.47696328713834646;1.0;0.0;0.0;0.0;0.0;1.0;1.0;0.0;0.13259668508287292;0.21212121212121213;0.043478260869565216;0.08163265306122448;0.06666666666666667;0.16304347826086957;0.027777777777777776;0.13333333333333333;0.0;0.05263157894736842;0.08333333333333333
0.47696328713834646;1.0;0.0;1.0;0.2;0.23076923076923078;1.0;1.0;0.0;0.32044198895027626;0.10606060606060606;0.08695652173913043;0.14285714285714285;0.0;0.30434782608695654;0.1111111111111111;0.15;0.13333333333333333;0.02631578947368421;0.14814814814814814
0.47696328713834646;1.0;0.0;0.0;0.0;0.0;1.0;0.0;0.0;0.22099447513812154;0.045454545454545456;0.0;0.1020408163265306;0.0;0.17391304347826086;0.05555555555555555;0.05;0.0;0.05263157894736842;0.1111111111111111
0.47696328713834646;1.0;0.0;1.0;0.2;0.07692307692307693;1.0;1.0;0.0;0.1270718232044199;0.09090909090909091;0.13043478260869565;0.04081632653061224;0.0;0.06521739130434782;0.1388888888888889;0.05;0.06666666666666667;0.07894736842105263;0.14814814814814814
0.47696328713834646;1.0;0.0;0.0;0.0;0.0;1.0;1.0;0.0;0.3370165745856354;0.24242424242424243;0.2608695652173913;0.1020408163265306;0.13333333333333333;0.2934782608695652;0.1388888888888889;0.3833333333333333;0.06666666666666667;0.15789473684210525;0.2222222222222222
0.47696328713834646;1.0;0.0;1.0;0.2;0.15384615384615385;1.0;1.0;0.0;0.22651933701657456;0.13636363636363635;0.0;0.16326530612244897;0.06666666666666667;0.31521739130434784;0.08333333333333333;0.15;0.06666666666666667;0.15789473684210525;0.1111111111111111
0.47696328713834646;1.0;1.0;1.0;0.2;0.15384615384615385;1.0;0.0;0.0;0.2928176795580111;0.12121212121212122;0.21739130434782608;0.2040816326530612;0.26666666666666666;0.2391304347826087;0.1111111111111111;0.2;0.06666666666666667;0.02631578947368421;0.17592592592592593
0.47696328713834646;1.0;0.0;0.0;0.0;0.0;1.0;0.0;0.0;0.2596685082872928;0.4090909090909091;0.34782608695652173;0.08163265306122448;0.13333333333333333;0.2717391304347826;0.19444444444444442;0.25;0.0;0.5;0.18518518518518517
0.47696328713834646;1.0;0.0;1.0;0.2;0.07692307692307693;1.0;1.0;0.0;0.1270718232044199;0.36363636363636365;0.21739130434782608;0.0;0.6;0.18478260869565216;0.19444444444444442;0.18333333333333332;0.13333333333333333;0.5526315789473684;0.31481481481481477
0.47696328713834646;1.0;0.0;0.0;0.0;0.0;1.0;1.0;0.0;0.3701657458563536;0.3484848484848485;0.34782608695652173;0.2040816326530612;0.26666666666666666;0.2934782608695652;0.1388888888888889;0.43333333333333335;0.26666666666666666;0.47368421052631576;0.28703703703703703
0.47696328713834646;1.0;0.0;1.0;0.0;0.07692307692307693;1.0;0.0;0.0;0.18232044198895025;0.15151515151515152;0.13043478260869565;0.061224489795918366;0.13333333333333333;0.25;0.05555555555555555;0.1;0.0;0.15789473684210525;0.12037037037037036
0.47696328713834646;1.0;0.0;1.0;0.2;0.0;1.0;1.0;0.0;0.11602209944751381;0.25757575757575757;0.17391304347826086;0.08163265306122448;0.3333333333333333;0.20652173913043478;0.25;0.36666666666666664;0.06666666666666667;0.4473684210526315;0.2222222222222222
0.4799416484318044;1.0;0.0;1.0;0.2;0.07692307692307693;1.0;1.0;1.0;0.18784530386740333;0.10606060606060606;0.21739130434782608;0.1020408163265306;0.13333333333333333;0.11956521739130435;0.16666666666666666;0.1;0.13333333333333333;0.13157894736842105;0.28703703703703703
0.48346705567712434;1.0;0.0;1.0;0.2;0.07692307692307693;1.0;1.0;0.0;0.23204419889502764;0.2878787878787879;0.17391304347826086;0.1020408163265306;0.0;0.22826086956521738;0.2222222222222222;0.11666666666666667;0.06666666666666667;0.13157894736842105;0.1111111111111111
0.4864454169705823;1.0;1.0;1.0;0.0;0.0;1.0;0.0;0.0;0.4530386740331492;0.12121212121212122;0.21739130434782608;0.3877551020408163;0.13333333333333333;0.2934782608695652;0.1388888888888889;0.2;0.0;0.02631578947368421;0.28703703703703703
0.4864454169705823;1.0;1.0;1.0;0.0;0.07692307692307693;1.0;1.0;0.0;0.0055248618784530384;0.045454545454545456;0.0;0.0;0.0;0.010869565217391304;0.0;0.05;0.06666666666666667;0.07894736842105263;0.06481481481481481
0.4894845611475773;1.0;0.0;0.0;0.4;0.3076923076923077;1.0;0.0;0.0;0.23204419889502764;0.24242424242424243;0.043478260869565216;0.26530612244897955;0.13333333333333333;0.18478260869565216;0.2222222222222222;0.16666666666666666;0.06666666666666667;0.10526315789473684;0.12962962962962962
0.4894845611475773;1.0;0.0;1.0;0.0;0.38461538461538464;1.0;1.0;0.0;0.1602209944751381;0.2878787878787879;0.21739130434782608;0.02040816326530612;0.06666666666666667;0.14130434782608695;0.3611111111111111;0.3833333333333333;0.2;0.3157894736842105;0.3055555555555555
0.4955020666180303;1.0;0.0;1.0;0.4;0.15384615384615385;1.0;1.0;0.0;0.16574585635359118;0.15151515151515152;0.043478260869565216;0.18367346938775508;0.06666666666666667;0.18478260869565216;0.3333333333333333;0.1;0.13333333333333333;0.18421052631578946;0.18518518518518517
0.4984804279114883;1.0;1.0;1.0;0.4;0.07692307692307693;1.0;1.0;0.0;0.2099447513812155;0.13636363636363635;0.043478260869565216;0.1020408163265306;0.4;0.18478260869565216;0.1111111111111111;0.11666666666666667;0.0;0.13157894736842105;0.07407407407407407
0.5015195720884833;1.0;0.0;1.0;0.0;0.0;1.0;1.0;0.0;0.32044198895027626;0.13636363636363635;0.08695652173913043;0.08163265306122448;0.13333333333333333;0.22826086956521738;0.19444444444444442;0.1;0.06666666666666667;0.10526315789473684;0.08333333333333333
0.5075370775589647;1.0;0.0;0.0;0.0;0.15384615384615385;1.0;1.0;0.0;0.30939226519337015;0.24242424242424243;0.3913043478260869;0.14285714285714285;0.2;0.22826086956521738;0.25;0.25;0.13333333333333333;0.18421052631578946;0.25925925925925924
0.5105154388524227;1.0;0.0;1.0;0.0;0.15384615384615385;1.0;1.0;0.0;0.34806629834254144;0.15151515151515152;0.2608695652173913;0.18367346938775508;0.4;0.20652173913043478;0.25;0.21666666666666667;0.0;0.10526315789473684;0.25925925925925924
0.5195720884998707;0.0;0.0;0.0;0.0;0.0;1.0;1.0;0.0;0.18784530386740333;0.2272727272727273;0.043478260869565216;0.18367346938775508;0.13333333333333333;0.2608695652173913;0.1111111111111111;0.3333333333333333;0.13333333333333333;0.07894736842105263;0.08333333333333333
0.5255895939703237;1.0;0.0;1.0;0.4;0.3076923076923077;1.0;1.0;1.0;0.18784530386740333;0.16666666666666669;0.043478260869565216;0.04081632653061224;0.13333333333333333;0.07608695652173914;0.2222222222222222;0.1;0.06666666666666667;0.07894736842105263;0.1388888888888889
0.5285679552637816;1.0;0.0;1.0;0.2;0.07692307692307693;1.0;1.0;0.0;0.35359116022099446;0.13636363636363635;0.17391304347826086;0.22448979591836732;0.0;0.17391304347826086;0.08333333333333333;0.1;0.06666666666666667;0.02631578947368421;0.12962962962962962
0.5285679552637816;1.0;0.0;1.0;0.4;0.07692307692307693;1.0;0.0;0.0;0.03867403314917127;0.030303030303030304;0.0;0.02040816326530612;0.0;0.043478260869565216;0.0;0.0;0.06666666666666667;0.0;0.027777777777777776
0.5316070994408051;1.0;1.0;1.0;0.2;0.07692307692307693;1.0;0.0;0.0;0.2154696132596685;0.045454545454545456;0.08695652173913043;0.3061224489795918;0.0;0.21739130434782608;0.08333333333333333;0.016666666666666666;0.06666666666666667;0.0;0.037037037037037035
0.5316070994408051;1.0;0.0;1.0;0.2;0.15384615384615385;1.0;1.0;0.0;0.2541436464088398;0.33333333333333337;0.08695652173913043;0.04081632653061224;0.13333333333333333;0.19565217391304346;0.2777777777777778;0.3833333333333333;0.0;0.18421052631578946;0.3055555555555555
0.5382324337466571;1.0;0.0;0.0;0.2;0.07692307692307693;1.0;0.0;1.0;0.4419889502762431;0.2878787878787879;0.08695652173913043;0.16326530612244897;0.06666666666666667;0.2826086956521739;0.16666666666666666;0.16666666666666666;0.0;0.2631578947368421;0.25925925925925924
0.5382324337466571;1.0;0.0;1.0;0.4;0.07692307692307693;1.0;1.0;0.0;0.3591160220994475;0.12121212121212122;0.17391304347826086;0.061224489795918366;0.2;0.18478260869565216;0.19444444444444442;0.1;0.13333333333333333;0.10526315789473684;0.07407407407407407
0.5382324337466571;1.0;0.0;1.0;0.2;0.15384615384615385;1.0;0.0;0.0;0.24861878453038677;0.045454545454545456;0.0;0.14285714285714285;0.13333333333333333;0.18478260869565216;0.027777777777777776;0.06666666666666667;0.06666666666666667;0.02631578947368421;0.12962962962962962
0.5382324337466571;1.0;1.0;0.0;0.2;0.15384615384615385;1.0;1.0;0.0;0.13812154696132595;0.2272727272727273;0.30434782608695654;0.02040816326530612;0.06666666666666667;0.08695652173913043;0.2222222222222222;0.08333333333333333;0.2;0.23684210526315788;0.2037037037037037
0.5382324337466571;1.0;1.0;1.0;0.0;0.15384615384615385;1.0;1.0;0.0;0.26519337016574585;0.2878787878787879;0.21739130434782608;0.14285714285714285;0.13333333333333333;0.2391304347826087;0.25;0.31666666666666665;0.13333333333333333;0.2631578947368421;0.15740740740740738
0.544128373450036;1.0;0.0;1.0;0.2;0.07692307692307693;1.0;1.0;0.0;0.27071823204419887;0.18181818181818182;0.08695652173913043;0.1020408163265306;0.26666666666666666;0.16304347826086957;0.1388888888888889;0.3;0.0;0.18421052631578946;0.2962962962962963
0.544128373450036;1.0;0.0;1.0;0.2;0.0;1.0;0.0;0.0;0.0718232044198895;0.06060606060606061;0.043478260869565216;0.0;0.0;0.043478260869565216;0.1388888888888889;0.03333333333333333;0.06666666666666667;0.13157894736842105;0.10185185185185185
0.544128373450036;1.0;0.0;1.0;0.2;0.07692307692307693;1.0;0.0;0.0;0.09392265193370165;0.09090909090909091;0.043478260869565216;0.02040816326530612;0.13333333333333333;0.03260869565217391;0.0;0.15;0.13333333333333333;0.05263157894736842;0.12037037037037036
0.544128373450036;1.0;0.0;0.0;0.2;0.07692307692307693;1.0;0.0;0.0;0.4088397790055249;0.06060606060606061;0.0;0.5918367346938775;0.13333333333333333;0.25;0.1388888888888889;0.0;0.0;0.05263157894736842;0.1111111111111111
0.5501458789204889;1.0;0.0;1.0;0.2;0.07692307692307693;1.0;1.0;0.0;0.23756906077348067;0.12121212121212122;0.08695652173913043;0.061224489795918366;0.13333333333333333;0.18478260869565216;0.2777777777777778;0.21666666666666667;0.06666666666666667;0.10526315789473684;0.25
0.5561633843909419;1.0;0.0;0.0;0.2;0.07692307692307693;1.0;1.0;1.0;0.11049723756906077;0.15151515151515152;0.043478260869565216;0.12244897959183673;0.0;0.14130434782608695;0.1388888888888889;0.06666666666666667;0.13333333333333333;0.0;0.046296296296296294
0.5621808898613949;1.0;0.0;1.0;0.4;0.23076923076923078;1.0;1.0;0.0;0.14917127071823205;0.09090909090909091;0.043478260869565216;0.24489795918367346;0.0;0.11956521739130435;0.1388888888888889;0.05;0.13333333333333333;0.05263157894736842;0.25925925925925924
0.5621808898613949;1.0;0.0;1.0;0.4;0.0;1.0;0.0;0.0;0.049723756906077346;0.19696969696969696;0.043478260869565216;0.02040816326530612;0.0;0.043478260869565216;0.19444444444444442;0.016666666666666666;0.2;0.02631578947368421;0.21296296296296297
0.5681983953318763;1.0;0.0;0.0;0.0;0.0;1.0;1.0;0.0;0.27624309392265195;0.2727272727272727;0.17391304347826086;0.1020408163265306;0.2;0.15217391304347827;0.3333333333333333;0.2;0.06666666666666667;0.10526315789473684;0.15740740740740738
0.5681983953318763;1.0;1.0;1.0;0.4;0.23076923076923078;1.0;1.0;0.0;0.3149171270718232;0.030303030303030304;0.0;0.12244897959183673;0.06666666666666667;0.21739130434782608;0.1111111111111111;0.2;0.06666666666666667;0.13157894736842105;0.09259259259259259
0.5681983953318763;1.0;1.0;0.0;0.0;0.0;1.0;1.0;0.0;0.32044198895027626;0.19696969696969696;0.34782608695652173;0.1020408163265306;0.0;0.2391304347826087;0.19444444444444442;0.16666666666666666;0.13333333333333333;0.23684210526315788;0.31481481481481477
0.5681983953318763;1.0;0.0;1.0;0.4;0.07692307692307693;1.0;0.0;0.0;0.24861878453038677;0.13636363636363635;0.13043478260869565;0.1020408163265306;0.2;0.20652173913043478;0.08333333333333333;0.16666666666666666;0.2;0.07894736842105263;0.18518518518518517
0.5742159008023293;1.0;0.0;1.0;0.4;0.15384615384615385;1.0;1.0;1.0;0.0718232044198895;0.21212121212121213;0.13043478260869565;0.0;0.13333333333333333;0.05434782608695652;0.08333333333333333;0.06666666666666667;0.0;0.05263157894736842;0.14814814814814814
0.5742159008023293;1.0;1.0;0.0;0.2;0.0;1.0;0.0;0.0;0.2044198895027624;0.07575757575757576;0.043478260869565216;0.3061224489795918;0.0;0.16304347826086957;0.05555555555555555;0.05;0.13333333333333333;0.13157894736842105;0.046296296296296294
0.5742159008023293;1.0;0.0;1.0;0.4;0.07692307692307693;1.0;0.0;0.0;0.287292817679558;0.36363636363636365;0.21739130434782608;0.2040816326530612;0.3333333333333333;0.21739130434782608;0.25;0.23333333333333334;0.06666666666666667;0.21052631578947367;0.4074074074074074
0.5742159008023293;1.0;1.0;1.0;0.0;0.0;1.0;0.0;0.0;0.287292817679558;0.015151515151515152;0.0;0.8775510204081632;0.0;0.19565217391304346;0.05555555555555555;0.0;0.0;0.02631578947368421;0.018518518518518517
0.5802334062727823;1.0;1.0;1.0;0.4;0.6153846153846154;1.0;0.0;0.0;0.11602209944751381;0.06060606060606061;0.0;0.08163265306122448;0.06666666666666667;0.09782608695652173;0.027777777777777776;0.05;0.0;0.0;0.08333333333333333
0.5802334062727823;1.0;1.0;1.0;0.2;0.0;1.0;1.0;0.0;0.09392265193370165;0.10606060606060606;0.0;0.04081632653061224;0.13333333333333333;0.08695652173913043;0.027777777777777776;0.1;0.06666666666666667;0.07894736842105263;0.05555555555555555
0.5802334062727823;1.0;0.0;1.0;0.4;0.07692307692307693;1.0;1.0;0.0;0.13259668508287292;0.2272727272727273;0.08695652173913043;0.08163265306122448;0.0;0.14130434782608695;0.05555555555555555;0.03333333333333333;0.13333333333333333;0.05263157894736842;0.16666666666666666
0.5802334062727823;1.0;0.0;1.0;0.0;0.07692307692307693;1.0;1.0;0.0;0.0055248618784530384;0.030303030303030304;0.0;0.02040816326530612;0.0;0.010869565217391304;0.0;0.0;0.0;0.02631578947368421;0.018518518518518517
0.5802334062727823;1.0;1.0;1.0;0.4;0.07692307692307693;1.0;0.0;0.0;0.17679558011049723;0.06060606060606061;0.21739130434782608;0.18367346938775508;0.26666666666666666;0.14130434782608695;0.027777777777777776;0.016666666666666666;0.0;0.15789473684210525;0.08333333333333333
0.5802334062727823;1.0;0.0;1.0;0.2;0.07692307692307693;1.0;0.0;0.0;0.06077348066298342;0.10606060606060606;0.043478260869565216;0.04081632653061224;0.0;0.14130434782608695;0.027777777777777776;0.1;0.06666666666666667;0.07894736842105263;0.05555555555555555
0.5802334062727823;1.0;1.0;1.0;0.2;0.07692307692307693;1.0;1.0;0.0;0.049723756906077346;0.045454545454545456;0.08695652173913043;0.02040816326530612;0.13333333333333333;0.03260869565217391;0.08333333333333333;0.05;0.0;0.05263157894736842;0.018518518518518517
0.5802334062727823;0.0;1.0;0.0;0.2;0.15384615384615385;1.0;0.0;0.0;0.2983425414364641;0.045454545454545456;0.13043478260869565;0.12244897959183673;0.0;0.21739130434782608;0.027777777777777776;0.1;0.06666666666666667;0.13157894736842105;0.08333333333333333
0.5802334062727823;1.0;0.0;1.0;0.6000000000000001;0.07692307692307693;1.0;1.0;0.0;0.11602209944751381;0.12121212121212122;0.21739130434782608;0.04081632653061224;0.06666666666666667;0.15217391304347827;0.08333333333333333;0.1;0.13333333333333333;0.15789473684210525;0.1111111111111111
0.5802334062727823;1.0;0.0;1.0;0.2;0.07692307692307693;1.0;1.0;0.0;0.14917127071823205;0.4696969696969697;0.2608695652173913;0.04081632653061224;0.3333333333333333;0.19565217391304346;0.2222222222222222;0.48333333333333334;0.13333333333333333;0.5;0.15740740740740738
0.5802334062727823;1.0;1.0;1.0;0.2;0.15384615384615385;1.0;0.0;0.0;0.18784530386740333;0.030303030303030304;0.08695652173913043;0.1020408163265306;0.0;0.08695652173913043;0.05555555555555555;0.18333333333333332;0.0;0.05263157894736842;0.009259259259259259
0.5802334062727823;1.0;0.0;1.0;0.2;0.07692307692307693;1.0;0.0;0.0;0.055248618784530384;0.07575757575757576;0.043478260869565216;0.04081632653061224;0.0;0.09782608695652173;0.0;0.016666666666666666;0.06666666666666667;0.02631578947368421;0.07407407407407407
0.5802334062727823;1.0;0.0;1.0;0.2;0.15384615384615385;1.0;0.0;0.0;0.1602209944751381;0.045454545454545456;0.08695652173913043;0.12244897959183673;0.0;0.18478260869565216;0.0;0.1;0.0;0.07894736842105263;0.037037037037037035
0.5802334062727823;1.0;1.0;1.0;0.4;0.15384615384615385;1.0;0.0;0.0;0.055248618784530384;0.12121212121212122;0.0;0.1020408163265306;0.0;0.08695652173913043;0.0;0.08333333333333333;0.0;0.07894736842105263;0.07407407407407407
0.5802334062727823;1.0;0.0;1.0;0.2;0.07692307692307693;1.0;0.0;0.0;0.027624309392265192;0.07575757575757576;0.043478260869565216;0.02040816326530612;0.13333333333333333;0.03260869565217391;0.05555555555555555;0.06666666666666667;0.0;0.07894736842105263;0.07407407407407407
0.5802334062727823;1.0;0.0;1.0;0.4;0.07692307692307693;1.0;1.0;0.0;0.1270718232044199;0.13636363636363635;0.08695652173913043;0.08163265306122448;0.0;0.16304347826086957;0.027777777777777776;0.05;0.0;0.05263157894736842;0.1111111111111111
0.5802334062727823;0.0;0.0;1.0;0.4;0.23076923076923078;1.0;0.0;0.0;0.0718232044198895;0.015151515151515152;0.0;0.08163265306122448;0.0;0.08695652173913043;0.0;0.0;0.0;0.02631578947368421;0.046296296296296294
0.5802334062727823;1.0;1.0;1.0;0.2;0.23076923076923078;1.0;0.0;0.0;0.46408839779005523;0.12121212121212122;0.043478260869565216;0.42857142857142855;0.2;0.45652173913043476;0.027777777777777776;0.08333333333333333;0.0;0.05263157894736842;0.07407407407407407
0.5868587405786343;1.0;0.0;1.0;0.2;0.0;1.0;0.0;0.0;0.4198895027624309;0.12121212121212122;0.08695652173913043;0.3061224489795918;0.0;0.30434782608695654;0.41666666666666663;0.16666666666666666;0.06666666666666667;0.07894736842105263;0.21296296296296297
0.5868587405786343;1.0;1.0;1.0;0.2;0.07692307692307693;1.0;1.0;0.0;0.17679558011049723;0.045454545454545456;0.13043478260869565;0.12244897959183673;0.06666666666666667;0.08695652173913043;0.08333333333333333;0.11666666666666667;0.06666666666666667;0.02631578947368421;0.12962962962962962
0.5928762460491157;1.0;0.0;1.0;0.4;0.07692307692307693;1.0;0.0;0.0;0.2541436464088398;0.12121212121212122;0.2608695652173913;0.18367346938775508;0.06666666666666667;0.11956521739130435;0.2222222222222222;0.16666666666666666;0.06666666666666667;0.10526315789473684;0.32407407407407407
0.5928762460491157;1.0;0.0;1.0;0.2;0.07692307692307693;1.0;1.0;0.0;0.055248618784530384;0.045454545454545456;0.13043478260869565;0.02040816326530612;0.0;0.021739130434782608;0.1111111111111111;0.08333333333333333;0.06666666666666667;0.05263157894736842;0.08333333333333333
0.5988937515195687;1.0;0.0;1.0;0.2;0.15384615384615385;1.0;1.0;0.0;0.19337016574585636;0.10606060606060606;0.13043478260869565;0.24489795918367346;0.06666666666666667;0.10869565217391304;0.1111111111111111;0.18333333333333332;0.06666666666666667;0.10526315789473684;0.12962962962962962
0.5988937515195687;1.0;0.0;1.0;0.2;0.15384615384615385;1.0;0.0;0.0;0.30939226519337015;0.07575757575757576;0.21739130434782608;0.4081632653061224;0.3333333333333333;0.32608695652173914;0.1388888888888889;0.11666666666666667;0.13333333333333333;0.07894736842105263;0.18518518518518517
0.5988937515195687;1.0;0.0;1.0;0.2;0.07692307692307693;1.0;1.0;1.0;0.4419889502762431;0.6818181818181819;0.6086956521739131;0.3469387755102041;0.6666666666666666;0.2826086956521739;0.5833333333333333;0.7;0.4666666666666667;0.6052631578947368;0.8888888888888888
0.5988937515195687;1.0;0.0;1.0;0.0;0.15384615384615385;1.0;0.0;1.0;0.2983425414364641;0.42424242424242425;0.4782608695652174;0.12244897959183673;0.26666666666666666;0.17391304347826086;0.8333333333333333;0.55;0.4;0.5526315789473684;0.6666666666666666
0.6047896912229476;1.0;0.0;1.0;0.0;0.15384615384615385;1.0;0.0;0.0;0.30386740331491713;0.12121212121212122;0.17391304347826086;0.2857142857142857;0.06666666666666667;0.30434782608695654;0.0;0.11666666666666667;0.0;0.10526315789473684;0.08333333333333333
0.6047896912229476;1.0;1.0;1.0;0.2;0.07692307692307693;1.0;1.0;1.0;0.027624309392265192;0.13636363636363635;0.08695652173913043;0.02040816326530612;0.26666666666666666;0.043478260869565216;0.027777777777777776;0.06666666666666667;0.0;0.15789473684210525;0.12962962962962962
0.6047896912229476;1.0;1.0;1.0;0.0;0.0;1.0;0.0;0.0;0.13812154696132595;0.15151515151515152;0.08695652173913043;0.0;0.13333333333333333;0.06521739130434782;0.25;0.2;0.3333333333333333;0.2894736842105263;0.32407407407407407
0.6047896912229476;0.0;0.0;0.0;0.0;0.0;1.0;1.0;1.0;0.04419889502762431;0.15151515151515152;0.043478260869565216;0.0;0.06666666666666667;0.05434782608695652;0.05555555555555555;0.16666666666666666;0.26666666666666666;0.3421052631578947;0.12037037037037036
0.6047896912229476;1.0;1.0;1.0;0.2;0.07692307692307693;1.0;1.0;0.0;0.19337016574585636;0.36363636363636365;0.17391304347826086;0.14285714285714285;0.3333333333333333;0.2717391304347826;0.1111111111111111;0.26666666666666666;0.06666666666666667;0.10526315789473684;0.25
0.6047896912229476;1.0;1.0;0.0;0.0;0.15384615384615385;1.0;0.0;0.0;0.30386740331491713;0.15151515151515152;0.08695652173913043;0.5306122448979591;0.0;0.30434782608695654;0.05555555555555555;0.0;0.0;0.05263157894736842;0.046296296296296294
0.6108071966934006;1.0;1.0;1.0;0.2;0.07692307692307693;1.0;1.0;0.0;0.19337016574585636;0.16666666666666669;0.13043478260869565;0.14285714285714285;0.13333333333333333;0.11956521739130435;0.1388888888888889;0.26666666666666666;0.0;0.05263157894736842;0.12037037037037036
0.6168247021638535;1.0;0.0;1.0;0.0;0.0;1.0;0.0;1.0;0.3425414364640884;0.6060606060606061;0.30434782608695654;0.18367346938775508;0.3333333333333333;0.19565217391304346;0.6666666666666666;0.6;0.3333333333333333;0.5789473684210527;0.5555555555555556
0.6168247021638535;1.0;1.0;0.0;0.2;0.07692307692307693;1.0;0.0;0.0;0.5027624309392266;0.13636363636363635;0.17391304347826086;0.7551020408163265;0.13333333333333333;0.33695652173913043;0.16666666666666666;0.1;0.0;0.07894736842105263;0.17592592592592593
0.622842207634335;1.0;0.0;0.0;0.0;0.0;1.0;1.0;0.0;0.18232044198895025;0.36363636363636365;0.13043478260869565;0.1020408163265306;0.26666666666666666;0.20652173913043478;0.25;0.13333333333333333;0.13333333333333333;0.21052631578947367;0.16666666666666666
0.6288597131047879;1.0;1.0;1.0;0.0;0.0;1.0;0.0;0.0;0.3812154696132597;0.09090909090909091;0.17391304347826086;0.3877551020408163;0.0;0.2608695652173913;0.16666666666666666;0.08333333333333333;0.13333333333333333;0.10526315789473684;0.28703703703703703
0.6288597131047879;1.0;0.0;1.0;0.2;0.15384615384615385;1.0;0.0;0.0;0.49723756906077343;0.3181818181818182;0.8695652173913043;0.22448979591836732;0.26666666666666666;0.2391304347826087;0.5833333333333333;0.5;0.5333333333333333;0.5789473684210527;0.8148148148148148
0.6354850474106399;1.0;0.0;1.0;1.0;0.07692307692307693;1.0;0.0;0.0;0.32044198895027626;0.2272727272727273;0.3913043478260869;0.12244897959183673;0.2;0.17391304347826086;0.3055555555555555;0.35;0.06666666666666667;0.23684210526315788;0.3611111111111111
0.6354850474106399;1.0;0.0;1.0;0.0;0.15384615384615385;1.0;0.0;0.0;0.36464088397790057;0.030303030303030304;0.0;0.3061224489795918;0.06666666666666667;0.22826086956521738;0.027777777777777776;0.05;0.0;0.0;0.21296296296296297
0.6354850474106399;1.0;0.0;1.0;0.0;0.07692307692307693;1.0;1.0;1.0;0.16574585635359118;0.16666666666666669;0.08695652173913043;0.04081632653061224;0.06666666666666667;0.11956521739130435;0.027777777777777776;0.26666666666666666;0.06666666666666667;0.21052631578947367;0.25925925925925924
0.6415025528810929;1.0;1.0;1.0;0.2;0.0;1.0;0.0;0.0;0.3425414364640884;0.18181818181818182;0.21739130434782608;0.22448979591836732;0.0;0.2608695652173913;0.1388888888888889;0.08333333333333333;0.0;0.0;0.24074074074074073
0.6415025528810929;1.0;0.0;0.0;0.0;0.07692307692307693;1.0;1.0;0.0;0.4143646408839779;0.4090909090909091;0.4782608695652174;0.14285714285714285;0.5333333333333333;0.3695652173913043;0.5277777777777778;0.45;0.6;0.2631578947368421;0.37037037037037035
0.6415025528810929;1.0;0.0;1.0;0.0;0.38461538461538464;1.0;1.0;0.0;0.06077348066298342;0.0;0.0;0.0;0.0;0.021739130434782608;0.027777777777777776;0.016666666666666666;0.0;0.0;0.027777777777777776
0.6415025528810929;1.0;0.0;0.0;0.0;0.07692307692307693;1.0;1.0;1.0;0.11602209944751381;0.16666666666666669;0.21739130434782608;0.02040816326530612;0.13333333333333333;0.05434782608695652;0.08333333333333333;0.11666666666666667;0.4666666666666667;0.13157894736842105;0.16666666666666666
0.6415025528810929;1.0;0.0;1.0;0.0;0.0;1.0;1.0;0.0;0.12154696132596686;0.09090909090909091;0.043478260869565216;0.061224489795918366;0.06666666666666667;0.13043478260869565;0.1388888888888889;0.08333333333333333;0.06666666666666667;0.02631578947368421;0.17592592592592593
0.6475200583515743;1.0;1.0;1.0;0.4;0.15384615384615385;1.0;0.0;0.0;0.8453038674033149;0.24242424242424243;0.17391304347826086;0.836734693877551;0.13333333333333333;0.6630434782608695;0.05555555555555555;0.23333333333333334;0.0;0.2631578947368421;0.31481481481481477
0.6475200583515743;1.0;0.0;1.0;0.2;0.0;1.0;1.0;0.0;0.27624309392265195;0.19696969696969696;0.08695652173913043;0.12244897959183673;0.2;0.2826086956521739;0.08333333333333333;0.18333333333333332;0.13333333333333333;0.18421052631578946;0.1388888888888889
0.6475200583515743;1.0;0.0;1.0;0.4;0.07692307692307693;1.0;1.0;0.0;0.30939226519337015;0.06060606060606061;0.043478260869565216;0.3877551020408163;0.13333333333333333;0.32608695652173914;0.08333333333333333;0.21666666666666667;0.0;0.13157894736842105;0.09259259259259259
0.6475200583515743;1.0;1.0;1.0;0.2;0.07692307692307693;1.0;1.0;0.0;0.6022099447513812;0.09090909090909091;0.043478260869565216;0.5714285714285714;0.06666666666666667;0.5;0.08333333333333333;0.16666666666666666;0.26666666666666666;0.10526315789473684;0.12037037037037036
0.6475200583515743;1.0;0.0;1.0;0.4;0.23076923076923078;1.0;1.0;0.0;0.1712707182320442;0.045454545454545456;0.0;0.12244897959183673;0.06666666666666667;0.11956521739130435;0.05555555555555555;0.08333333333333333;0.13333333333333333;0.15789473684210525;0.14814814814814814
0.6475200583515743;1.0;1.0;1.0;0.2;0.07692307692307693;1.0;1.0;0.0;0.22099447513812154;0.15151515151515152;0.13043478260869565;0.1020408163265306;0.06666666666666667;0.16304347826086957;0.19444444444444442;0.11666666666666667;0.0;0.10526315789473684;0.17592592592592593
0.6475200583515743;1.0;0.0;1.0;0.2;0.15384615384615385;1.0;1.0;0.0;0.19889502762430938;0.12121212121212122;0.30434782608695654;0.061224489795918366;0.13333333333333333;0.18478260869565216;0.2222222222222222;0.13333333333333333;0.0;0.10526315789473684;0.10185185185185185
0.6475200583515743;1.0;0.0;1.0;0.2;0.15384615384615385;1.0;0.0;0.0;0.055248618784530384;0.030303030303030304;0.043478260869565216;0.04081632653061224;0.06666666666666667;0.06521739130434782;0.0;0.05;0.0;0.02631578947368421;0.08333333333333333
0.6475200583515743;1.0;1.0;1.0;0.0;0.07692307692307693;1.0;1.0;0.0;0.08839779005524862;0.045454545454545456;0.043478260869565216;0.0;0.06666666666666667;0.08695652173913043;0.05555555555555555;0.05;0.06666666666666667;0.07894736842105263;0.06481481481481481
0.6475200583515743;1.0;0.0;1.0;0.0;0.07692307692307693;1.0;0.0;0.0;0.48066298342541436;0.3181818181818182;0.17391304347826086;0.4081632653061224;0.26666666666666666;0.40217391304347827;0.1388888888888889;0.23333333333333334;0.13333333333333333;0.23684210526315788;0.25925925925925924
0.6475200583515743;1.0;0.0;1.0;0.2;0.0;1.0;1.0;0.0;0.011049723756906077;0.015151515151515152;0.0;0.02040816326530612;0.0;0.021739130434782608;0.0;0.0;0.0;0.0;0.0
0.6475200583515743;1.0;0.0;1.0;0.0;0.07692307692307693;1.0;0.0;0.0;0.09392265193370165;0.07575757575757576;0.043478260869565216;0.061224489795918366;0.0;0.06521739130434782;0.1111111111111111;0.06666666666666667;0.06666666666666667;0.02631578947368421;0.027777777777777776
0.6475200583515743;1.0;1.0;1.0;0.4;0.15384615384615385;1.0;0.0;0.0;0.4475138121546961;0.10606060606060606;0.08695652173913043;0.36734693877551017;0.13333333333333333;0.40217391304347827;0.027777777777777776;0.15;0.06666666666666667;0.07894736842105263;0.10185185185185185
0.6475200583515743;1.0;1.0;1.0;0.2;0.23076923076923078;1.0;1.0;0.0;0.1602209944751381;0.13636363636363635;0.0;0.12244897959183673;0.0;0.15217391304347827;0.08333333333333333;0.05;0.0;0.10526315789473684;0.06481481481481481
0.6535375638220273;1.0;0.0;1.0;0.4;0.07692307692307693;1.0;0.0;0.0;0.1712707182320442;0.10606060606060606;0.08695652173913043;0.14285714285714285;0.13333333333333333;0.09782608695652173;0.08333333333333333;0.15;0.0;0.18421052631578946;0.17592592592592593
0.6535375638220273;1.0;0.0;1.0;0.2;0.0;1.0;1.0;0.0;0.06629834254143646;0.2272727272727273;0.2608695652173913;0.02040816326530612;0.3333333333333333;0.07608695652173914;0.2222222222222222;0.25;0.2;0.2631578947368421;0.28703703703703703
0.6595550692924803;1.0;1.0;1.0;0.0;0.15384615384615385;1.0;0.0;0.0;0.8011049723756906;0.15151515151515152;0.21739130434782608;0.673469387755102;0.13333333333333333;0.3804347826086956;0.2222222222222222;0.08333333333333333;0.0;0.10526315789473684;0.31481481481481477
0.6595550692924803;1.0;0.0;1.0;0.4;0.07692307692307693;1.0;1.0;0.0;0.03314917127071823;0.015151515151515152;0.13043478260869565;0.0;0.13333333333333333;0.021739130434782608;0.05555555555555555;0.016666666666666666;0.06666666666666667;0.07894736842105263;0.046296296296296294
0.6595550692924803;1.0;0.0;1.0;0.6000000000000001;0.23076923076923078;1.0;0.0;1.0;0.3591160220994475;0.4545454545454546;0.2608695652173913;0.12244897959183673;0.4666666666666667;0.19565217391304346;0.38888888888888884;0.45;0.3333333333333333;0.6842105263157894;0.5925925925925926
0.6595550692924803;1.0;0.0;1.0;0.6000000000000001;0.23076923076923078;1.0;0.0;0.0;0.23756906077348067;0.12121212121212122;0.13043478260869565;0.12244897959183673;0.0;0.14130434782608695;0.16666666666666666;0.11666666666666667;0.13333333333333333;0.05263157894736842;0.19444444444444442
0.6654510089958592;1.0;0.0;0.0;0.0;0.0;1.0;1.0;1.0;0.39226519337016574;0.25757575757575757;0.2608695652173913;0.2857142857142857;0.0;0.25;0.25;0.2833333333333333;0.06666666666666667;0.23684210526315788;0.39814814814814814
0.6654510089958592;1.0;1.0;1.0;0.6000000000000001;0.15384615384615385;1.0;1.0;0.0;0.06629834254143646;0.18181818181818182;0.08695652173913043;0.0;0.06666666666666667;0.06521739130434782;0.1388888888888889;0.16666666666666666;0.13333333333333333;0.10526315789473684;0.17592592592592593
0.6654510089958592;1.0;0.0;1.0;0.0;0.07692307692307693;1.0;0.0;0.0;0.4530386740331492;0.045454545454545456;0.21739130434782608;0.5102040816326531;0.06666666666666667;0.3695652173913043;0.0;0.18333333333333332;0.0;0.02631578947368421;0.25925925925925924
0.6654510089958592;1.0;0.0;1.0;0.0;0.07692307692307693;1.0;0.0;1.0;0.027624309392265192;0.06060606060606061;0.0;0.0;0.13333333333333333;0.03260869565217391;0.08333333333333333;0.06666666666666667;0.0;0.05263157894736842;0.09259259259259259
0.6654510089958592;1.0;0.0;1.0;0.0;0.15384615384615385;1.0;1.0;0.0;0.09944751381215469;0.07575757575757576;0.0;0.061224489795918366;0.06666666666666667;0.06521739130434782;0.05555555555555555;0.13333333333333333;0.06666666666666667;0.10526315789473684;0.07407407407407407
0.6714685144663122;1.0;0.0;0.0;0.0;0.15384615384615385;1.0;0.0;0.0;0.56353591160221;0.18181818181818182;0.17391304347826086;0.836734693877551;0.2;0.41304347826086957;0.08333333333333333;0.21666666666666667;0.0;0.07894736842105263;0.2685185185185185
0.6714685144663122;1.0;1.0;1.0;0.2;0.3076923076923077;1.0;1.0;0.0;0.10497237569060773;0.16666666666666669;0.17391304347826086;0.061224489795918366;0.0;0.11956521739130435;0.05555555555555555;0.08333333333333333;0.0;0.15789473684210525;0.17592592592592593
0.6714685144663122;1.0;0.0;1.0;0.0;0.07692307692307693;1.0;1.0;0.0;0.027624309392265192;0.12121212121212122;0.08695652173913043;0.02040816326530612;0.13333333333333333;0.07608695652173914;0.05555555555555555;0.13333333333333333;0.06666666666666667;0.15789473684210525;0.1388888888888889
0.6714685144663122;1.0;1.0;1.0;0.2;0.07692307692307693;1.0;0.0;0.0;0.23204419889502764;0.15151515151515152;0.34782608695652173;0.42857142857142855;0.13333333333333333;0.20652173913043478;0.19444444444444442;0.18333333333333332;0.2;0.18421052631578946;0.1388888888888889
0.6714685144663122;1.0;0.0;1.0;0.8;0.15384615384615385;1.0;0.0;0.0;0.3149171270718232;0.16666666666666669;0.17391304347826086;0.42857142857142855;0.0;0.20652173913043478;0.1111111111111111;0.15;0.0;0.05263157894736842;0.1388888888888889
0.6714685144663122;1.0;0.0;1.0;0.0;0.07692307692307693;1.0;1.0;0.0;0.23204419889502764;0.18181818181818182;0.2608695652173913;0.0;0.06666666666666667;0.19565217391304346;0.19444444444444442;0.15;0.13333333333333333;0.13157894736842105;0.23148148148148145
0.6714685144663122;1.0;0.0;1.0;0.4;0.15384615384615385;1.0;0.0;0.0;0.06077348066298342;0.15151515151515152;0.08695652173913043;0.0;0.06666666666666667;0.07608695652173914;0.08333333333333333;0.11666666666666667;0.13333333333333333;0.21052631578947367;0.07407407407407407
0.6714685144663122;1.0;0.0;1.0;0.4;0.23076923076923078;1.0;0.0;0.0;0.4033149171270718;0.2272727272727273;0.21739130434782608;0.6326530612244897;0.06666666666666667;0.2826086956521739;0.08333333333333333;0.3333333333333333;0.0;0.2631578947368421;0.16666666666666666
0.6714685144663122;1.0;0.0;1.0;0.4;0.07692307692307693;1.0;1.0;0.0;0.1712707182320442;0.19696969696969696;0.13043478260869565;0.22448979591836732;0.13333333333333333;0.20652173913043478;0.1388888888888889;0.15;0.06666666666666667;0.15789473684210525;0.12962962962962962
0.6714685144663122;1.0;0.0;1.0;0.2;0.0;1.0;1.0;0.0;0.13259668508287292;0.19696969696969696;0.17391304347826086;0.061224489795918366;0.06666666666666667;0.05434782608695652;0.16666666666666666;0.25;0.13333333333333333;0.10526315789473684;0.1111111111111111
0.6714685144663122;1.0;1.0;0.0;0.2;0.0;1.0;1.0;0.0;0.281767955801105;0.18181818181818182;0.17391304347826086;0.16326530612244897;0.13333333333333333;0.15217391304347827;0.1388888888888889;0.16666666666666666;0.2;0.2894736842105263;0.25
0.6714685144663122;1.0;0.0;0.0;0.4;0.0;1.0;0.0;0.0;0.022099447513812154;0.07575757575757576;0.0;0.061224489795918366;0.0;0.021739130434782608;0.0;0.05;0.06666666666666667;0.10526315789473684;0.037037037037037035
0.6714685144663122;1.0;1.0;1.0;0.2;0.07692307692307693;1.0;0.0;0.0;0.27071823204419887;0.07575757575757576;0.0;0.32653061224489793;0.06666666666666667;0.25;0.027777777777777776;0.03333333333333333;0.06666666666666667;0.05263157894736842;0.12037037037037036
0.6714685144663122;0.0;0.0;1.0;0.2;0.07692307692307693;1.0;1.0;0.0;0.027624309392265192;0.015151515151515152;0.13043478260869565;0.0;0.06666666666666667;0.010869565217391304;0.1111111111111111;0.05;0.0;0.05263157894736842;0.07407407407407407
0.6714685144663122;1.0;0.0;1.0;0.2;0.0;1.0;1.0;0.0;0.2596685082872928;0.4090909090909091;0.2608695652173913;0.42857142857142855;0.3333333333333333;0.3695652173913043;0.2222222222222222;0.2833333333333333;0.3333333333333333;0.3157894736842105;0.3055555555555555
0.6714685144663122;1.0;0.0;1.0;0.2;0.23076923076923078;1.0;1.0;0.0;0.027624309392265192;0.0;0.043478260869565216;0.0;0.0;0.03260869565217391;0.0;0.05;0.0;0.0;0.027777777777777776
0.6714685144663122;1.0;0.0;1.0;0.0;0.07692307692307693;1.0;1.0;0.0;0.27071823204419887;0.045454545454545456;0.13043478260869565;0.18367346938775508;0.26666666666666666;0.20652173913043478;0.08333333333333333;0.2;0.0;0.02631578947368421;0.06481481481481481
0.6714685144663122;1.0;0.0;1.0;0.2;0.07692307692307693;1.0;0.0;0.0;0.11049723756906077;0.07575757575757576;0.043478260869565216;0.0;0.13333333333333333;0.15217391304347827;0.1388888888888889;0.11666666666666667;0.0;0.05263157894736842;0.19444444444444442
0.6714685144663122;1.0;0.0;1.0;0.2;0.0;1.0;1.0;0.0;0.07734806629834254;0.15151515151515152;0.13043478260869565;0.04081632653061224;0.2;0.10869565217391304;0.16666666666666666;0.21666666666666667;0.0;0.15789473684210525;0.18518518518518517
0.6714685144663122;1.0;0.0;1.0;0.6000000000000001;0.23076923076923078;1.0;1.0;0.0;0.07734806629834254;0.10606060606060606;0.17391304347826086;0.02040816326530612;0.06666666666666667;0.06521739130434782;0.05555555555555555;0.18333333333333332;0.0;0.05263157894736842;0.07407407407407407
0.6714685144663122;1.0;0.0;1.0;0.2;0.15384615384615385;1.0;0.0;0.0;0.2928176795580111;0.16666666666666669;0.17391304347826086;0.44897959183673464;0.0;0.32608695652173914;0.0;0.016666666666666666;0.0;0.05263157894736842;0.018518518518518517
0.6714685144663122;1.0;0.0;0.0;0.0;0.15384615384615385;1.0;1.0;0.0;0.22651933701657456;0.33333333333333337;0.21739130434782608;0.12244897959183673;0.06666666666666667;0.25;0.1111111111111111;0.18333333333333332;0.06666666666666667;0.05263157894736842;0.17592592592592593
0.6714685144663122;1.0;0.0;1.0;0.2;0.07692307692307693;1.0;0.0;0.0;0.18784530386740333;0.13636363636363635;0.043478260869565216;0.12244897959183673;0.06666666666666667;0.16304347826086957;0.05555555555555555;0.1;0.13333333333333333;0.10526315789473684;0.08333333333333333
0.6714685144663122;1.0;0.0;1.0;0.4;0.23076923076923078;1.0;1.0;0.0;0.11049723756906077;0.12121212121212122;0.08695652173913043;0.14285714285714285;0.13333333333333333;0.09782608695652173;0.027777777777777776;0.08333333333333333;0.0;0.07894736842105263;0.05555555555555555
0.6714685144663122;0.0;0.0;1.0;0.4;0.07692307692307693;1.0;0.0;0.0;0.23756906077348067;0.24242424242424243;0.21739130434782608;0.16326530612244897;0.26666666666666666;0.21739130434782608;0.08333333333333333;0.23333333333333334;0.26666666666666666;0.18421052631578946;0.2685185185185185
0.6714685144663122;1.0;0.0;0.0;0.0;0.0;1.0;0.0;0.0;0.15469613259668508;0.15151515151515152;0.043478260869565216;0.24489795918367346;0.2;0.14130434782608695;0.08333333333333333;0.16666666666666666;0.0;0.05263157894736842;0.12037037037037036
0.6714685144663122;1.0;0.0;1.0;0.2;0.07692307692307693;1.0;1.0;0.0;0.23204419889502764;0.06060606060606061;0.17391304347826086;0.02040816326530612;0.2;0.18478260869565216;0.027777777777777776;0.11666666666666667;0.06666666666666667;0.05263157894736842;0.17592592592592593
0.6714685144663122;1.0;0.0;1.0;0.0;0.15384615384615385;1.0;1.0;0.0;0.14917127071823205;0.09090909090909091;0.21739130434782608;0.1020408163265306;0.13333333333333333;0.08695652173913043;0.19444444444444442;0.26666666666666666;0.3333333333333333;0.2631578947368421;0.23148148148148145
0.6714685144663122;1.0;0.0;1.0;0.2;0.07692307692307693;1.0;1.0;0.0;0.14364640883977903;0.09090909090909091;0.17391304347826086;0.1020408163265306;0.06666666666666667;0.05434782608695652;0.16666666666666666;0.15;0.13333333333333333;0.10526315789473684;0.14814814814814814
0.6714685144663122;1.0;0.0;1.0;0.0;0.07692307692307693;1.0;1.0;0.0;0.06629834254143646;0.09090909090909091;0.08695652173913043;0.0;0.0;0.010869565217391304;0.08333333333333333;0.11666666666666667;0.0;0.15789473684210525;0.12037037037037036
0.6714685144663122;1.0;1.0;1.0;0.2;0.0;1.0;1.0;0.0;0.08839779005524862;0.06060606060606061;0.21739130434782608;0.0;0.06666666666666667;0.07608695652173914;0.05555555555555555;0.15;0.2;0.13157894736842105;0.12962962962962962
0.6714685144663122;1.0;0.0;0.0;0.2;0.23076923076923078;1.0;1.0;0.0;0.08287292817679558;0.12121212121212122;0.13043478260869565;0.0;0.0;0.06521739130434782;0.1388888888888889;0.18333333333333332;0.13333333333333333;0.3157894736842105;0.12962962962962962
0.6714685144663122;1.0;0.0;1.0;0.2;0.0;1.0;0.0;0.0;0.03867403314917127;0.045454545454545456;0.0;0.02040816326530612;0.2;0.03260869565217391;0.027777777777777776;0.03333333333333333;0.13333333333333333;0.02631578947368421;0.046296296296296294
0.6714685144663122;0.0;0.0;1.0;0.4;0.07692307692307693;1.0;1.0;0.0;0.10497237569060773;0.045454545454545456;0.08695652173913043;0.02040816326530612;0.0;0.06521739130434782;0.027777777777777776;0.13333333333333333;0.0;0.07894736842105263;0.1111111111111111
0.6714685144663122;1.0;0.0;1.0;0.0;0.23076923076923078;1.0;0.0;0.0;0.011049723756906077;0.0;0.0;0.02040816326530612;0.0;0.03260869565217391;0.027777777777777776;0.03333333333333333;0.0;0.07894736842105263;0.05555555555555555
0.6714685144663122;1.0;1.0;1.0;0.2;0.07692307692307693;1.0;0.0;0.0;0.23756906077348067;0.030303030303030304;0.0;0.42857142857142855;0.06666666666666667;0.20652173913043478;0.0;0.03333333333333333;0.06666666666666667;0.0;0.06481481481481481
0.6714685144663122;1.0;0.0;0.0;0.0;0.0;1.0;0.0;0.0;0.2928176795580111;0.21212121212121213;0.13043478260869565;0.26530612244897955;0.06666666666666667;0.22826086956521738;0.25;0.36666666666666664;0.06666666666666667;0.02631578947368421;0.24074074074074073
0.6714685144663122;1.0;0.0;0.0;0.2;0.07692307692307693;1.0;0.0;0.0;0.6906077348066298;0.13636363636363635;0.30434782608695654;0.9387755102040816;0.13333333333333333;0.5760869565217391;0.1388888888888889;0.2;0.0;0.07894736842105263;0.16666666666666666
0.6714685144663122;1.0;0.0;1.0;0.0;0.07692307692307693;1.0;1.0;0.0;0.14364640883977903;0.16666666666666669;0.2608695652173913;0.1020408163265306;0.13333333333333333;0.13043478260869565;0.1388888888888889;0.16666666666666666;0.13333333333333333;0.18421052631578946;0.2685185185185185
0.6774860199367936;1.0;0.0;1.0;0.2;0.15384615384615385;1.0;1.0;1.0;0.22651933701657456;0.2272727272727273;0.043478260869565216;0.1020408163265306;0.13333333333333333;0.20652173913043478;0.05555555555555555;0.11666666666666667;0.2;0.13157894736842105;0.15740740740740738
0.6841113542426456;1.0;0.0;1.0;0.0;0.15384615384615385;1.0;1.0;1.0;0.3314917127071823;0.2272727272727273;0.08695652173913043;0.16326530612244897;0.13333333333333333;0.19565217391304346;0.4444444444444444;0.23333333333333334;0.06666666666666667;0.3157894736842105;0.21296296296296297
0.6901288597130986;1.0;1.0;1.0;0.2;0.0;1.0;1.0;1.0;0.10497237569060773;0.12121212121212122;0.08695652173913043;0.08163265306122448;0.0;0.09782608695652173;0.1388888888888889;0.1;0.0;0.0;0.08333333333333333
0.6961463651835516;1.0;0.0;1.0;0.2;0.15384615384615385;1.0;1.0;0.0;0.39226519337016574;0.2878787878787879;0.08695652173913043;0.2857142857142857;0.06666666666666667;0.21739130434782608;0.2222222222222222;0.35;0.2;0.2631578947368421;0.23148148148148145
0.6977267201556003;1.0;0.0;1.0;0.0;0.15384615384615385;1.0;0.0;0.0;0.14917127071823205;0.12121212121212122;0.08695652173913043;0.4693877551020408;0.06666666666666667;0.15217391304347827;0.08333333333333333;0.08333333333333333;0.0;0.02631578947368421;0.05555555555555555
0.6977267201556003;1.0;0.0;0.0;0.0;0.07692307692307693;1.0;1.0;0.0;0.027624309392265192;0.06060606060606061;0.043478260869565216;0.02040816326530612;0.0;0.021739130434782608;0.05555555555555555;0.016666666666666666;0.0;0.02631578947368421;0.027777777777777776
0.20666180403597423;1.0;0.0;1.0;1.0;0.23076923076923078;1.0;1.0;0.0;0.16574585635359118;0.2878787878787879;0.08695652173913043;0.061224489795918366;0.06666666666666667;0.2608695652173913;0.25;0.18333333333333332;0.26666666666666666;0.07894736842105263;0.1388888888888889
0.7021638706540045;1.0;1.0;1.0;0.6000000000000001;0.07692307692307693;1.0;0.0;0.0;0.3812154696132597;0.09090909090909091;0.08695652173913043;0.2040816326530612;0.06666666666666667;0.2826086956521739;0.08333333333333333;0.06666666666666667;0.13333333333333333;0.05263157894736842;0.09259259259259259
0.7021638706540045;1.0;0.0;1.0;0.0;0.0;1.0;0.0;0.0;0.1270718232044199;0.015151515151515152;0.0;0.4081632653061224;0.0;0.14130434782608695;0.0;0.0;0.0;0.0;0.0
0.7021638706540045;1.0;0.0;0.0;0.0;0.0;1.0;1.0;0.0;0.14364640883977903;0.2878787878787879;0.08695652173913043;0.061224489795918366;0.0;0.22826086956521738;0.16666666666666666;0.13333333333333333;0.0;0.3157894736842105;0.2685185185185185
0.7021638706540045;1.0;1.0;1.0;0.4;0.23076923076923078;1.0;0.0;0.0;0.4143646408839779;0.25757575757575757;0.043478260869565216;0.7142857142857142;0.2;0.3913043478260869;0.1111111111111111;0.1;0.0;0.13157894736842105;0.07407407407407407
0.7021638706540045;1.0;0.0;1.0;0.4;0.15384615384615385;1.0;1.0;0.0;0.14917127071823205;0.13636363636363635;0.08695652173913043;0.02040816326530612;0.13333333333333333;0.11956521739130435;0.08333333333333333;0.06666666666666667;0.13333333333333333;0.10526315789473684;0.08333333333333333
0.7021638706540045;1.0;0.0;1.0;0.0;0.07692307692307693;1.0;0.0;0.0;0.23204419889502764;0.15151515151515152;0.0;0.4081632653061224;0.06666666666666667;0.25;0.05555555555555555;0.05;0.06666666666666667;0.10526315789473684;0.046296296296296294
0.7021638706540045;1.0;0.0;0.0;0.0;0.0;1.0;1.0;0.0;0.1602209944751381;0.24242424242424243;0.08695652173913043;0.1020408163265306;0.3333333333333333;0.20652173913043478;0.1388888888888889;0.25;0.2;0.2631578947368421;0.24074074074074073
0.7021638706540045;1.0;1.0;1.0;0.0;0.23076923076923078;1.0;0.0;0.0;0.5359116022099447;0.19696969696969696;0.043478260869565216;0.6530612244897959;0.2;0.532608695652174;0.027777777777777776;0.25;0.13333333333333333;0.13157894736842105;0.07407407407407407
0.7021638706540045;1.0;1.0;1.0;0.0;0.07692307692307693;1.0;0.0;0.0;0.09392265193370165;0.07575757575757576;0.043478260869565216;0.1020408163265306;0.13333333333333333;0.05434782608695652;0.027777777777777776;0.11666666666666667;0.0;0.02631578947368421;0.08333333333333333
0.7021638706540045;1.0;0.0;1.0;0.0;0.3076923076923077;1.0;0.0;0.0;0.5469613259668508;0.16666666666666669;0.13043478260869565;0.6122448979591836;0.26666666666666666;0.3913043478260869;0.16666666666666666;0.1;0.06666666666666667;0.10526315789473684;0.12962962962962962
0.7021638706540045;1.0;1.0;1.0;0.2;0.0;1.0;0.0;0.0;0.2541436464088398;0.21212121212121213;0.043478260869565216;0.5918367346938775;0.2;0.40217391304347827;0.027777777777777776;0.05;0.06666666666666667;0.05263157894736842;0.07407407407407407
0.7021638706540045;1.0;0.0;0.0;0.0;0.0;1.0;1.0;0.0;0.10497237569060773;0.045454545454545456;0.043478260869565216;0.1020408163265306;0.0;0.08695652173913043;0.0;0.05;0.06666666666666667;0.05263157894736842;0.009259259259259259
0.7021638706540045;1.0;0.0;1.0;0.2;0.07692307692307693;1.0;0.0;0.0;0.13812154696132595;0.15151515151515152;0.0;0.22448979591836732;0.06666666666666667;0.13043478260869565;0.1388888888888889;0.08333333333333333;0.0;0.13157894736842105;0.05555555555555555
0.7021638706540045;1.0;1.0;1.0;0.0;0.07692307692307693;1.0;0.0;0.0;0.281767955801105;0.12121212121212122;0.0;0.2040816326530612;0.13333333333333333;0.30434782608695654;0.1111111111111111;0.06666666666666667;0.0;0.05263157894736842;0.10185185185185185
0.7021638706540045;1.0;0.0;0.0;0.0;0.0;1.0;1.0;0.0;0.19889502762430938;0.13636363636363635;0.043478260869565216;0.1020408163265306;0.13333333333333333;0.21739130434782608;0.05555555555555555;0.08333333333333333;0.06666666666666667;0.18421052631578946;0.06481481481481481
0.7021638706540045;1.0;1.0;1.0;0.4;0.15384615384615385;1.0;0.0;0.0;0.3591160220994475;0.5909090909090909;0.08695652173913043;0.18367346938775508;0.26666666666666666;0.44565217391304346;0.3333333333333333;0.45;0.2;0.39473684210526316;0.3333333333333333
0.7021638706540045;1.0;1.0;0.0;0.2;0.0;1.0;1.0;0.0;0.049723756906077346;0.06060606060606061;0.0;0.02040816326530612;0.0;0.11956521739130435;0.0;0.05;0.06666666666666667;0.07894736842105263;0.037037037037037035
0.7021638706540045;1.0;0.0;1.0;0.6000000000000001;0.07692307692307693;1.0;1.0;0.0;0.22651933701657456;0.15151515151515152;0.0;0.14285714285714285;0.06666666666666667;0.2608695652173913;0.08333333333333333;0.05;0.06666666666666667;0.18421052631578946;0.046296296296296294
0.7021638706540045;1.0;0.0;1.0;0.6000000000000001;0.15384615384615385;1.0;0.0;0.0;0.6685082872928176;0.7121212121212122;0.043478260869565216;0.5714285714285714;0.2;0.6956521739130435;0.2777777777777778;0.5166666666666666;0.06666666666666667;0.4473684210526315;0.3796296296296296
0.7021638706540045;1.0;0.0;1.0;0.0;0.15384615384615385;1.0;0.0;0.0;0.2928176795580111;0.5;0.13043478260869565;0.1020408163265306;0.26666666666666666;0.3913043478260869;0.1111111111111111;0.4;0.06666666666666667;0.5263157894736842;0.28703703703703703
0.7021638706540045;1.0;1.0;1.0;0.0;0.07692307692307693;1.0;1.0;0.0;0.2541436464088398;0.4090909090909091;0.21739130434782608;0.04081632653061224;0.0;0.2934782608695652;0.19444444444444442;0.26666666666666666;0.13333333333333333;0.3421052631578947;0.19444444444444442
0.7021638706540045;1.0;0.0;1.0;0.6000000000000001;0.15384615384615385;1.0;1.0;0.0;0.425414364640884;0.09090909090909091;0.043478260869565216;0.32653061224489793;0.2;0.3804347826086956;0.05555555555555555;0.03333333333333333;0.0;0.05263157894736842;0.046296296296296294
0.7021638706540045;1.0;0.0;1.0;0.2;0.07692307692307693;1.0;0.0;0.0;0.27071823204419887;0.06060606060606061;0.08695652173913043;0.12244897959183673;0.06666666666666667;0.17391304347826086;0.0;0.03333333333333333;0.0;0.02631578947368421;0.1111111111111111
0.7021638706540045;1.0;0.0;0.0;0.6000000000000001;0.15384615384615385;1.0;1.0;0.0;0.24861878453038677;0.09090909090909091;0.043478260869565216;0.08163265306122448;0.0;0.2934782608695652;0.027777777777777776;0.13333333333333333;0.0;0.05263157894736842;0.05555555555555555
0.7021638706540045;1.0;1.0;1.0;0.2;0.07692307692307693;1.0;1.0;0.0;0.5193370165745856;0.10606060606060606;0.08695652173913043;0.6122448979591836;0.13333333333333333;0.5217391304347826;0.1111111111111111;0.11666666666666667;0.0;0.13157894736842105;0.06481481481481481
0.7021638706540045;1.0;0.0;0.0;0.2;0.07692307692307693;1.0;1.0;0.0;0.2044198895027624;0.030303030303030304;0.043478260869565216;0.04081632653061224;0.2;0.19565217391304346;0.05555555555555555;0.16666666666666666;0.0;0.13157894736842105;0.1388888888888889
0.7021638706540045;1.0;0.0;1.0;0.0;0.0;1.0;0.0;0.0;0.26519337016574585;0.36363636363636365;0.2608695652173913;0.2040816326530612;0.4666666666666667;0.34782608695652173;0.3055555555555555;0.26666666666666666;0.4666666666666667;0.3157894736842105;0.1388888888888889
0.7021638706540045;1.0;0.0;1.0;0.4;0.07692307692307693;1.0;1.0;0.0;0.27071823204419887;0.09090909090909091;0.043478260869565216;0.32653061224489793;0.13333333333333333;0.22826086956521738;0.05555555555555555;0.1;0.06666666666666667;0.02631578947368421;0.018518518518518517
0.7021638706540045;1.0;0.0;1.0;0.4;0.23076923076923078;1.0;0.0;0.0;0.430939226519337;0.696969696969697;0.21739130434782608;0.22448979591836732;0.3333333333333333;0.46739130434782605;0.3333333333333333;0.7333333333333333;0.4;0.9736842105263157;0.4444444444444444
0.7021638706540045;1.0;0.0;0.0;0.0;0.0;1.0;1.0;0.0;0.3259668508287293;0.4696969696969697;0.043478260869565216;0.12244897959183673;0.13333333333333333;0.3913043478260869;0.08333333333333333;0.26666666666666666;0.0;0.5;0.2962962962962963
0.7021638706540045;1.0;0.0;1.0;0.4;0.3076923076923077;1.0;0.0;0.0;0.22651933701657456;0.21212121212121213;0.0;0.02040816326530612;0.26666666666666666;0.19565217391304346;0.16666666666666666;0.13333333333333333;0.0;0.10526315789473684;0.16666666666666666
0.7021638706540045;1.0;0.0;0.0;0.0;0.15384615384615385;1.0;0.0;0.0;0.0718232044198895;0.06060606060606061;0.0;0.02040816326530612;0.06666666666666667;0.09782608695652173;0.027777777777777776;0.11666666666666667;0.0;0.13157894736842105;0.037037037037037035
0.7021638706540045;1.0;1.0;0.0;0.2;0.07692307692307693;1.0;1.0;0.0;0.3591160220994475;0.16666666666666669;0.08695652173913043;0.2040816326530612;0.13333333333333333;0.33695652173913043;0.1388888888888889;0.13333333333333333;0.06666666666666667;0.15789473684210525;0.08333333333333333
0.7021638706540045;1.0;0.0;1.0;0.6000000000000001;0.23076923076923078;1.0;0.0;0.0;0.9999999999999999;0.8333333333333334;0.43478260869565216;0.8775510204081632;0.4;1.0;0.25;0.6;0.06666666666666667;0.6052631578947368;0.41666666666666663
0.7021638706540045;1.0;1.0;1.0;0.6000000000000001;0.23076923076923078;1.0;0.0;0.0;0.07734806629834254;0.07575757575757576;0.0;0.12244897959183673;0.06666666666666667;0.10869565217391304;0.05555555555555555;0.11666666666666667;0.0;0.07894736842105263;0.046296296296296294
0.7021638706540045;1.0;0.0;1.0;0.2;0.23076923076923078;1.0;0.0;0.0;0.18784530386740333;0.12121212121212122;0.043478260869565216;0.3469387755102041;0.2;0.20652173913043478;0.05555555555555555;0.016666666666666666;0.0;0.07894736842105263;0.05555555555555555
0.7021638706540045;1.0;1.0;1.0;0.2;0.0;1.0;0.0;0.0;0.19889502762430938;0.12121212121212122;0.043478260869565216;0.18367346938775508;0.06666666666666667;0.20652173913043478;0.0;0.03333333333333333;0.0;0.07894736842105263;0.027777777777777776
0.7021638706540045;1.0;1.0;1.0;0.4;0.0;1.0;1.0;0.0;0.03867403314917127;0.06060606060606061;0.0;0.04081632653061224;0.0;0.043478260869565216;0.027777777777777776;0.08333333333333333;0.0;0.02631578947368421;0.018518518518518517
0.7021638706540045;0.0;0.0;1.0;0.4;0.3076923076923077;1.0;0.0;0.0;0.3149171270718232;0.2272727272727273;0.043478260869565216;0.12244897959183673;0.2;0.31521739130434784;0.1388888888888889;0.18333333333333332;0.0;0.10526315789473684;0.17592592592592593
0.7021638706540045;1.0;1.0;1.0;0.6000000000000001;0.46153846153846156;1.0;1.0;0.0;0.0718232044198895;0.2272727272727273;0.17391304347826086;0.02040816326530612;0.13333333333333333;0.13043478260869565;0.0;0.03333333333333333;0.0;0.10526315789473684;0.09259259259259259
0.7021638706540045;1.0;0.0;0.0;0.0;0.07692307692307693;1.0;0.0;0.0;0.26519337016574585;0.12121212121212122;0.17391304347826086;0.18367346938775508;0.13333333333333333;0.22826086956521738;0.19444444444444442;0.15;0.06666666666666667;0.10526315789473684;0.1111111111111111
0.7021638706540045;1.0;0.0;1.0;0.4;0.07692307692307693;1.0;0.0;0.0;0.15469613259668508;0.07575757575757576;0.043478260869565216;0.22448979591836732;0.0;0.15217391304347827;0.08333333333333333;0.05;0.0;0.10526315789473684;0.06481481481481481
0.7021638706540045;1.0;1.0;1.0;0.6000000000000001;0.46153846153846156;1.0;0.0;0.0;0.1712707182320442;0.09090909090909091;0.08695652173913043;0.16326530612244897;0.13333333333333333;0.17391304347826086;0.05555555555555555;0.05;0.06666666666666667;0.0;0.07407407407407407
0.7021638706540045;1.0;1.0;1.0;0.2;0.0;1.0;1.0;0.0;0.3591160220994475;0.4545454545454546;0.043478260869565216;0.26530612244897955;0.5333333333333333;0.4891304347826087;0.1388888888888889;0.4;0.13333333333333333;0.5789473684210527;0.21296296296296297
0.7021638706540045;1.0;0.0;1.0;0.0;0.6153846153846154;1.0;0.0;0.0;0.2430939226519337;0.2272727272727273;0.08695652173913043;0.18367346938775508;0.0;0.32608695652173914;0.027777777777777776;0.06666666666666667;0.0;0.10526315789473684;0.09259259259259259
0.7021638706540045;1.0;0.0;1.0;0.4;0.15384615384615385;1.0;1.0;0.0;0.03867403314917127;0.09090909090909091;0.043478260869565216;0.04081632653061224;0.0;0.15217391304347827;0.027777777777777776;0.13333333333333333;0.06666666666666667;0.10526315789473684;0.06481481481481481
0.7021638706540045;1.0;0.0;1.0;0.0;0.0;1.0;0.0;0.0;0.03867403314917127;0.030303030303030304;0.043478260869565216;0.0;0.06666666666666667;0.05434782608695652;0.05555555555555555;0.06666666666666667;0.06666666666666667;0.05263157894736842;0.018518518518518517
0.7021638706540045;1.0;1.0;1.0;0.0;0.07692307692307693;1.0;1.0;0.0;0.04419889502762431;0.015151515151515152;0.0;0.04081632653061224;0.06666666666666667;0.043478260869565216;0.0;0.016666666666666666;0.0;0.0;0.009259259259259259
0.7021638706540045;1.0;1.0;1.0;0.2;0.0;1.0;0.0;0.0;0.04419889502762431;0.030303030303030304;0.043478260869565216;0.02040816326530612;0.0;0.03260869565217391;0.05555555555555555;0.05;0.06666666666666667;0.07894736842105263;0.08333333333333333
0.7021638706540045;1.0;0.0;1.0;0.0;0.0;1.0;1.0;0.0;0.10497237569060773;0.21212121212121213;0.17391304347826086;0.08163265306122448;0.26666666666666666;0.10869565217391304;0.027777777777777776;0.16666666666666666;0.0;0.15789473684210525;0.2222222222222222
0.7021638706540045;1.0;0.0;0.0;0.0;0.0;1.0;1.0;0.0;0.15469613259668508;0.30303030303030304;0.043478260869565216;0.0;0.13333333333333333;0.17391304347826086;0.08333333333333333;0.11666666666666667;0.06666666666666667;0.21052631578947367;0.21296296296296297
0.7021638706540045;1.0;0.0;0.0;0.0;0.0;1.0;1.0;0.0;0.18784530386740333;0.09090909090909091;0.08695652173913043;0.08163265306122448;0.2;0.15217391304347827;0.05555555555555555;0.11666666666666667;0.06666666666666667;0.05263157894736842;0.037037037037037035
0.7021638706540045;1.0;1.0;1.0;0.2;0.3076923076923077;1.0;1.0;0.0;0.32044198895027626;0.15151515151515152;0.13043478260869565;0.22448979591836732;0.0;0.25;0.08333333333333333;0.13333333333333333;0.06666666666666667;0.05263157894736842;0.1111111111111111
0.7021638706540045;1.0;0.0;1.0;0.6000000000000001;0.15384615384615385;1.0;1.0;0.0;0.1270718232044199;0.06060606060606061;0.043478260869565216;0.02040816326530612;0.13333333333333333;0.07608695652173914;0.08333333333333333;0.05;0.06666666666666667;0.05263157894736842;0.009259259259259259
0.7021638706540045;1.0;1.0;1.0;0.2;0.3076923076923077;1.0;1.0;0.0;0.06629834254143646;0.12121212121212122;0.21739130434782608;0.04081632653061224;0.06666666666666667;0.10869565217391304;0.1111111111111111;0.18333333333333332;0.06666666666666667;0.13157894736842105;0.09259259259259259
0.7021638706540045;1.0;1.0;1.0;0.0;0.0;1.0;0.0;0.0;0.19337016574585636;0.4696969696969697;0.13043478260869565;0.2857142857142857;0.6;0.25;0.1111111111111111;0.3;0.13333333333333333;0.5263157894736842;0.18518518518518517
0.7021638706540045;1.0;0.0;0.0;0.4;0.0;1.0;0.0;0.0;0.16574585635359118;0.3484848484848485;0.08695652173913043;0.12244897959183673;0.06666666666666667;0.15217391304347827;0.1388888888888889;0.26666666666666666;0.2;0.2894736842105263;0.21296296296296297
0.7021638706540045;1.0;1.0;1.0;0.6000000000000001;0.0;1.0;0.0;0.0;0.1712707182320442;0.30303030303030304;0.08695652173913043;0.18367346938775508;0.4;0.17391304347826086;0.1111111111111111;0.23333333333333334;0.3333333333333333;0.4473684210526315;0.2222222222222222
0.7021638706540045;1.0;0.0;0.0;0.0;0.0;1.0;1.0;0.0;0.11049723756906077;0.25757575757575757;0.08695652173913043;0.061224489795918366;0.2;0.16304347826086957;0.027777777777777776;0.11666666666666667;0.13333333333333333;0.2631578947368421;0.08333333333333333
0.7021638706540045;1.0;0.0;1.0;0.2;0.07692307692307693;1.0;1.0;0.0;0.14364640883977903;0.07575757575757576;0.043478260869565216;0.061224489795918366;0.0;0.11956521739130435;0.1388888888888889;0.06666666666666667;0.0;0.05263157894736842;0.027777777777777776
0.7021638706540045;1.0;1.0;1.0;0.6000000000000001;0.07692307692307693;1.0;0.0;0.0;0.287292817679558;0.12121212121212122;0.0;0.12244897959183673;0.0;0.22826086956521738;0.0;0.11666666666666667;0.13333333333333333;0.07894736842105263;0.12962962962962962
0.7021638706540045;1.0;0.0;1.0;0.0;0.07692307692307693;1.0;1.0;0.0;0.06077348066298342;0.07575757575757576;0.043478260869565216;0.04081632653061224;0.0;0.06521739130434782;0.027777777777777776;0.1;0.0;0.07894736842105263;0.10185185185185185
0.7021638706540045;1.0;1.0;1.0;0.8;0.38461538461538464;1.0;1.0;0.0;0.06629834254143646;0.07575757575757576;0.0;0.02040816326530612;0.0;0.010869565217391304;0.05555555555555555;0.05;0.0;0.0;0.027777777777777776
0.7021638706540045;1.0;1.0;1.0;0.6000000000000001;0.46153846153846156;1.0;0.0;0.0;0.15469613259668508;0.045454545454545456;0.043478260869565216;0.08163265306122448;0.0;0.10869565217391304;0.027777777777777776;0.1;0.13333333333333333;0.15789473684210525;0.06481481481481481
0.7021638706540045;1.0;0.0;1.0;0.4;0.15384615384615385;1.0;0.0;0.0;0.18232044198895025;0.13636363636363635;0.08695652173913043;0.04081632653061224;0.0;0.20652173913043478;0.0;0.016666666666666666;0.0;0.05263157894736842;0.08333333333333333
0.7021638706540045;1.0;0.0;1.0;0.8;0.15384615384615385;1.0;1.0;0.0;0.09392265193370165;0.13636363636363635;0.13043478260869565;0.02040816326530612;0.2;0.14130434782608695;0.19444444444444442;0.16666666666666666;0.0;0.2631578947368421;0.2222222222222222
0.7021638706540045;1.0;0.0;1.0;0.2;0.07692307692307693;1.0;1.0;0.0;0.03314917127071823;0.06060606060606061;0.08695652173913043;0.04081632653061224;0.06666666666666667;0.08695652173913043;0.0;0.05;0.0;0.02631578947368421;0.027777777777777776
0.7021638706540045;1.0;1.0;0.0;0.2;0.15384615384615385;1.0;0.0;0.0;0.30386740331491713;0.15151515151515152;0.13043478260869565;0.18367346938775508;0.3333333333333333;0.2934782608695652;0.1388888888888889;0.11666666666666667;0.0;0.15789473684210525;0.09259259259259259
0.7021638706540045;1.0;1.0;0.0;0.2;0.07692307692307693;1.0;0.0;0.0;0.5303867403314917;0.12121212121212122;0.08695652173913043;0.7551020408163265;0.06666666666666667;0.40217391304347827;0.1111111111111111;0.06666666666666667;0.0;0.05263157894736842;0.037037037037037035
0.7021638706540045;1.0;0.0;0.0;0.2;0.07692307692307693;1.0;0.0;0.0;0.36464088397790057;0.16666666666666669;0.0;0.44897959183673464;0.3333333333333333;0.358695652173913;0.027777777777777776;0.05;0.0;0.05263157894736842;0.06481481481481481
0.7021638706540045;1.0;1.0;0.0;0.2;0.07692307692307693;1.0;0.0;0.0;0.22651933701657456;0.06060606060606061;0.0;0.3469387755102041;0.13333333333333333;0.15217391304347827;0.027777777777777776;0.06666666666666667;0.0;0.0;0.018518518518518517
0.7021638706540045;1.0;1.0;0.0;0.2;0.23076923076923078;1.0;1.0;0.0;0.4143646408839779;0.12121212121212122;0.21739130434782608;0.18367346938775508;0.26666666666666666;0.33695652173913043;0.1388888888888889;0.18333333333333332;0.13333333333333333;0.05263157894736842;0.1111111111111111
0.708181376124486;1.0;0.0;1.0;0.4;0.07692307692307693;1.0;1.0;1.0;0.39226519337016574;0.09090909090909091;0.43478260869565216;0.18367346938775508;0.13333333333333333;0.25;0.25;0.26666666666666666;0.13333333333333333;0.18421052631578946;0.12962962962962962
0.7141988815949389;1.0;0.0;1.0;0.2;0.0;1.0;0.0;0.0;0.30939226519337015;0.25757575757575757;0.34782608695652173;0.26530612244897955;0.06666666666666667;0.34782608695652173;0.08333333333333333;0.18333333333333332;0.06666666666666667;0.13157894736842105;0.12037037037037036
0.7141988815949389;1.0;0.0;1.0;0.0;0.07692307692307693;1.0;1.0;1.0;0.30386740331491713;0.5;0.21739130434782608;0.14285714285714285;0.3333333333333333;0.31521739130434784;0.3055555555555555;0.36666666666666664;0.13333333333333333;0.23684210526315788;0.45370370370370366
0.7202163870653919;1.0;0.0;1.0;0.2;0.07692307692307693;1.0;1.0;1.0;0.10497237569060773;0.21212121212121213;0.13043478260869565;0.1020408163265306;0.13333333333333333;0.08695652173913043;0.4722222222222222;0.13333333333333333;0.0;0.21052631578947367;0.14814814814814814
0.7202163870653919;1.0;0.0;1.0;0.0;0.15384615384615385;1.0;0.0;0.0;0.19337016574585636;0.13636363636363635;0.0;0.2040816326530612;0.0;0.16304347826086957;0.05555555555555555;0.03333333333333333;0.06666666666666667;0.0;0.07407407407407407
0.7261123267687708;1.0;1.0;1.0;0.2;0.15384615384615385;1.0;1.0;0.0;0.24861878453038677;0.09090909090909091;0.13043478260869565;0.04081632653061224;0.0;0.18478260869565216;0.08333333333333333;0.06666666666666667;0.0;0.02631578947368421;0.06481481481481481
0.7327376610746228;1.0;0.0;1.0;0.4;0.0;1.0;0.0;0.0;0.13812154696132595;0.09090909090909091;0.08695652173913043;0.02040816326530612;0.06666666666666667;0.03260869565217391;0.25;0.06666666666666667;0.06666666666666667;0.02631578947368421;0.16666666666666666
0.7387551665451042;1.0;1.0;1.0;0.2;0.15384615384615385;1.0;0.0;0.0;0.425414364640884;0.07575757575757576;0.043478260869565216;0.8163265306122448;0.0;0.2608695652173913;0.16666666666666666;0.06666666666666667;0.0;0.10526315789473684;0.1388888888888889
0.7387551665451042;1.0;0.0;1.0;0.4;0.23076923076923078;1.0;0.0;0.0;0.27624309392265195;0.21212121212121213;0.17391304347826086;0.18367346938775508;0.06666666666666667;0.18478260869565216;0.1388888888888889;0.1;0.06666666666666667;0.18421052631578946;0.17592592592592593
0.7387551665451042;1.0;0.0;1.0;0.0;0.07692307692307693;1.0;0.0;0.0;0.027624309392265192;0.045454545454545456;0.0;0.04081632653061224;0.06666666666666667;0.043478260869565216;0.05555555555555555;0.05;0.06666666666666667;0.05263157894736842;0.17592592592592593
0.7387551665451042;1.0;0.0;0.0;0.0;0.07692307692307693;1.0;0.0;0.0;0.14364640883977903;0.30303030303030304;0.21739130434782608;0.08163265306122448;0.13333333333333333;0.08695652173913043;0.08333333333333333;0.06666666666666667;0.13333333333333333;0.2631578947368421;0.3333333333333333
0.7387551665451042;1.0;1.0;1.0;0.2;0.23076923076923078;1.0;0.0;0.0;0.19337016574585636;0.13636363636363635;0.043478260869565216;0.22448979591836732;0.06666666666666667;0.17391304347826086;0.08333333333333333;0.08333333333333333;0.0;0.05263157894736842;0.25925925925925924
0.7387551665451042;1.0;0.0;1.0;0.0;0.23076923076923078;1.0;1.0;1.0;0.04419889502762431;0.07575757575757576;0.043478260869565216;0.0;0.06666666666666667;0.010869565217391304;0.0;0.05;0.13333333333333333;0.02631578947368421;0.06481481481481481
0.7387551665451042;1.0;0.0;1.0;0.0;0.15384615384615385;0.0;0.0;0.0;0.04419889502762431;0.10606060606060606;0.2608695652173913;0.02040816326530612;0.2;0.021739130434782608;0.1111111111111111;0.11666666666666667;0.06666666666666667;0.18421052631578946;0.12962962962962962
0.7387551665451042;1.0;1.0;1.0;0.4;0.15384615384615385;1.0;0.0;0.0;0.5966850828729282;0.06060606060606061;0.043478260869565216;0.9387755102040816;0.13333333333333333;0.30434782608695654;0.08333333333333333;0.11666666666666667;0.0;0.05263157894736842;0.19444444444444442
0.7447726720155572;1.0;0.0;0.0;0.0;0.0;1.0;1.0;0.0;0.17679558011049723;0.42424242424242425;0.13043478260869565;0.16326530612244897;0.26666666666666666;0.2391304347826087;0.1388888888888889;0.3;0.2;0.3684210526315789;0.21296296296296297
0.7507901774860102;1.0;0.0;1.0;0.2;0.15384615384615385;1.0;0.0;0.0;0.5414364640883977;0.18181818181818182;0.08695652173913043;0.3469387755102041;0.0;0.30434782608695654;0.2222222222222222;0.21666666666666667;0.0;0.0;0.3333333333333333
0.7507901774860102;1.0;0.0;1.0;0.2;0.3076923076923077;1.0;1.0;1.0;0.06629834254143646;0.09090909090909091;0.08695652173913043;0.04081632653061224;0.0;0.03260869565217391;0.027777777777777776;0.05;0.0;0.07894736842105263;0.14814814814814814
0.7537685387794681;0.0;0.0;1.0;0.0;0.15384615384615385;1.0;1.0;0.0;0.23204419889502764;0.2272727272727273;0.2608695652173913;0.2040816326530612;0.0;0.13043478260869565;0.2777777777777778;0.35;0.26666666666666666;0.02631578947368421;0.2222222222222222
0.7547410649161179;1.0;1.0;1.0;0.4;0.0;1.0;0.0;0.0;0.10497237569060773;0.16666666666666669;0.17391304347826086;0.18367346938775508;0.06666666666666667;0.07608695652173914;0.1111111111111111;0.05;0.2;0.05263157894736842;0.12962962962962962
0.7568076829564632;1.0;0.0;1.0;0.0;0.15384615384615385;1.0;1.0;0.0;0.5359116022099447;0.13636363636363635;0.08695652173913043;0.44897959183673464;0.3333333333333333;0.5434782608695652;0.1388888888888889;0.16666666666666666;0.0;0.13157894736842105;0.07407407407407407
0.7568076829564632;0.0;0.0;0.0;0.2;0.0;1.0;0.0;0.0;0.11602209944751381;0.15151515151515152;0.08695652173913043;0.04081632653061224;0.2;0.09782608695652173;0.1111111111111111;0.1;0.06666666666666667;0.15789473684210525;0.08333333333333333
0.7568076829564632;1.0;0.0;0.0;0.0;0.0;1.0;1.0;0.0;0.24861878453038677;0.4696969696969697;0.3913043478260869;0.061224489795918366;0.4666666666666667;0.20652173913043478;0.41666666666666663;0.3333333333333333;0.26666666666666666;0.894736842105263;0.2962962962962963
0.7597860442499211;1.0;0.0;1.0;0.2;0.07692307692307693;1.0;0.0;0.0;0.3149171270718232;0.33333333333333337;0.6956521739130435;0.18367346938775508;0.26666666666666666;0.10869565217391304;0.4722222222222222;0.3833333333333333;0.2;0.18421052631578946;0.2685185185185185
0.7628251884269446;1.0;0.0;0.0;0.4;0.15384615384615385;1.0;1.0;0.0;0.09944751381215469;0.2272727272727273;0.2608695652173913;0.02040816326530612;0.26666666666666666;0.10869565217391304;0.3055555555555555;0.2833333333333333;0.26666666666666666;0.3157894736842105;0.2777777777777778
0.7628251884269446;1.0;0.0;1.0;0.2;0.15384615384615385;1.0;1.0;1.0;0.1602209944751381;0.24242424242424243;0.5652173913043478;0.12244897959183673;0.13333333333333333;0.06521739130434782;0.1388888888888889;0.23333333333333334;0.2;0.3157894736842105;0.2685185185185185
0.7628251884269446;0.0;0.0;1.0;0.0;0.15384615384615385;1.0;0.0;0.0;0.22651933701657456;0.30303030303030304;0.9130434782608695;0.22448979591836732;0.26666666666666666;0.10869565217391304;0.41666666666666663;0.36666666666666664;0.06666666666666667;0.4473684210526315;0.48148148148148145
0.7688426938973976;1.0;0.0;1.0;0.2;0.07692307692307693;1.0;0.0;0.0;0.17679558011049723;0.09090909090909091;0.0;0.12244897959183673;0.13333333333333333;0.13043478260869565;0.08333333333333333;0.1;0.06666666666666667;0.0;0.1388888888888889
0.7748601993678506;1.0;1.0;1.0;0.0;0.15384615384615385;1.0;1.0;0.0;0.2430939226519337;0.12121212121212122;0.0;0.3469387755102041;0.06666666666666667;0.20652173913043478;0.05555555555555555;0.1;0.0;0.05263157894736842;0.09259259259259259
0.7873814733770814;1.0;1.0;1.0;0.0;0.0;1.0;0.0;0.0;0.22099447513812154;0.21212121212121213;0.30434782608695654;0.26530612244897955;0.26666666666666666;0.2717391304347826;0.19444444444444442;0.35;0.13333333333333333;0.10526315789473684;0.25925925925925924
0.7873814733770814;1.0;0.0;0.0;0.0;0.0;1.0;0.0;0.0;0.2430939226519337;0.06060606060606061;0.043478260869565216;0.3877551020408163;0.06666666666666667;0.2934782608695652;0.08333333333333333;0.13333333333333333;0.0;0.05263157894736842;0.06481481481481481
0.7933989788475628;1.0;1.0;1.0;0.0;0.07692307692307693;1.0;1.0;0.0;0.4917127071823204;0.13636363636363635;0.2608695652173913;0.26530612244897955;0.06666666666666667;0.3695652173913043;0.19444444444444442;0.1;0.13333333333333333;0.05263157894736842;0.1388888888888889
0.7933989788475628;1.0;1.0;1.0;0.2;0.15384615384615385;1.0;0.0;0.0;0.574585635359116;0.3939393939393939;0.3913043478260869;0.14285714285714285;0.4;0.34782608695652173;0.611111111111111;0.5;0.4;0.5789473684210527;0.6388888888888888
0.7994164843180158;1.0;0.0;0.0;0.0;0.0;1.0;1.0;0.0;0.30386740331491713;0.2878787878787879;0.2608695652173913;0.2040816326530612;0.4666666666666667;0.17391304347826086;0.16666666666666666;0.26666666666666666;0.06666666666666667;0.3684210526315789;0.48148148148148145
0.8054339897884688;1.0;0.0;1.0;0.6000000000000001;0.07692307692307693;1.0;1.0;0.0;0.30939226519337015;0.2727272727272727;0.17391304347826086;0.1020408163265306;0.26666666666666666;0.21739130434782608;0.5833333333333333;0.23333333333333334;0.3333333333333333;0.23684210526315788;0.39814814814814814
0.8114514952589218;1.0;0.0;1.0;0.2;0.15384615384615385;1.0;1.0;0.0;0.27624309392265195;0.045454545454545456;0.0;0.24489795918367346;0.06666666666666667;0.2717391304347826;0.19444444444444442;0.06666666666666667;0.06666666666666667;0.07894736842105263;0.046296296296296294
0.8114514952589218;1.0;0.0;1.0;0.2;0.07692307692307693;1.0;1.0;0.0;0.11049723756906077;0.18181818181818182;0.34782608695652173;0.0;0.0;0.10869565217391304;0.16666666666666666;0.05;0.06666666666666667;0.21052631578947367;0.21296296296296297
0.8114514952589218;0.0;0.0;1.0;0.2;0.07692307692307693;1.0;1.0;0.0;0.06629834254143646;0.015151515151515152;0.13043478260869565;0.02040816326530612;0.06666666666666667;0.043478260869565216;0.05555555555555555;0.1;0.0;0.0;0.07407407407407407
0.8174690007293748;1.0;1.0;1.0;0.2;0.07692307692307693;1.0;0.0;0.0;0.39779005524861877;0.09090909090909091;0.21739130434782608;0.6122448979591836;0.06666666666666667;0.33695652173913043;0.16666666666666666;0.1;0.06666666666666667;0.02631578947368421;0.17592592592592593
0.8174690007293748;1.0;0.0;1.0;0.0;0.15384615384615385;1.0;0.0;0.0;0.2044198895027624;0.2272727272727273;0.34782608695652173;0.061224489795918366;0.2;0.18478260869565216;0.3333333333333333;0.21666666666666667;0.06666666666666667;0.2894736842105263;0.25925925925925924
0.8174690007293748;1.0;1.0;0.0;0.0;0.0;1.0;1.0;1.0;0.19889502762430938;0.09090909090909091;0.17391304347826086;0.04081632653061224;0.2;0.06521739130434782;0.16666666666666666;0.05;0.06666666666666667;0.0;0.17592592592592593
0.8234865061998562;1.0;0.0;1.0;0.0;0.07692307692307693;1.0;1.0;1.0;0.18232044198895025;0.13636363636363635;0.13043478260869565;0.04081632653061224;0.06666666666666667;0.11956521739130435;0.1388888888888889;0.11666666666666667;0.0;0.10526315789473684;0.19444444444444442
0.8234865061998562;1.0;0.0;1.0;0.2;0.23076923076923078;1.0;0.0;0.0;0.39779005524861877;0.06060606060606061;0.17391304347826086;0.5714285714285714;0.0;0.2717391304347826;0.1111111111111111;0.06666666666666667;0.0;0.02631578947368421;0.15740740740740738
0.8234865061998562;1.0;0.0;1.0;0.2;0.0;1.0;1.0;0.0;0.022099447513812154;0.13636363636363635;0.043478260869565216;0.04081632653061224;0.0;0.03260869565217391;0.05555555555555555;0.06666666666666667;0.0;0.21052631578947367;0.027777777777777776
0.8234865061998562;1.0;0.0;1.0;0.2;0.23076923076923078;1.0;1.0;0.0;0.18232044198895025;0.045454545454545456;0.043478260869565216;0.0;0.0;0.08695652173913043;0.08333333333333333;0.15;0.0;0.0;0.07407407407407407
0.8295040116703092;1.0;0.0;1.0;0.2;0.15384615384615385;1.0;0.0;0.0;0.3314917127071823;0.16666666666666669;0.043478260869565216;0.061224489795918366;0.2;0.2391304347826087;0.08333333333333333;0.18333333333333332;0.0;0.05263157894736842;0.2037037037037037
0.8295040116703092;1.0;0.0;1.0;0.0;0.15384615384615385;1.0;1.0;0.0;0.5027624309392266;0.13636363636363635;0.13043478260869565;0.3469387755102041;0.06666666666666667;0.5434782608695652;0.08333333333333333;0.25;0.2;0.05263157894736842;0.16666666666666666
0.8295040116703092;1.0;0.0;1.0;0.2;0.0;1.0;1.0;0.0;0.24861878453038677;0.19696969696969696;0.17391304347826086;0.061224489795918366;0.06666666666666667;0.19565217391304346;0.08333333333333333;0.25;0.0;0.05263157894736842;0.12962962962962962
0.8295040116703092;1.0;0.0;0.0;0.0;0.0;1.0;0.0;0.0;0.32044198895027626;0.5454545454545454;0.13043478260869565;0.12244897959183673;0.4;0.40217391304347827;0.027777777777777776;0.4166666666666667;0.06666666666666667;0.2894736842105263;0.4907407407407407
0.8295040116703092;0.0;0.0;0.0;0.0;0.0;1.0;1.0;0.0;0.11602209944751381;0.13636363636363635;0.13043478260869565;0.0;0.06666666666666667;0.08695652173913043;0.1111111111111111;0.16666666666666666;0.13333333333333333;0.05263157894736842;0.2037037037037037
0.8355215171407622;1.0;0.0;0.0;0.0;0.15384615384615385;1.0;0.0;0.0;0.11049723756906077;0.15151515151515152;0.0;0.04081632653061224;0.0;0.15217391304347827;0.08333333333333333;0.1;0.06666666666666667;0.07894736842105263;0.12037037037037036
0.8355215171407622;1.0;0.0;1.0;0.2;0.07692307692307693;1.0;0.0;0.0;0.11602209944751381;0.16666666666666669;0.08695652173913043;0.04081632653061224;0.2;0.13043478260869565;0.19444444444444442;0.2;0.4666666666666667;0.3421052631578947;0.3055555555555555
0.8421468514466142;1.0;1.0;0.0;0.6000000000000001;0.15384615384615385;1.0;1.0;0.0;0.39226519337016574;0.4090909090909091;0.13043478260869565;0.061224489795918366;0.2;0.22826086956521738;0.3611111111111111;0.31666666666666665;0.4;0.3157894736842105;0.3333333333333333
0.8421468514466142;1.0;0.0;1.0;0.4;0.07692307692307693;1.0;1.0;0.0;0.24861878453038677;0.24242424242424243;0.13043478260869565;0.08163265306122448;0.2;0.22826086956521738;0.16666666666666666;0.36666666666666664;0.06666666666666667;0.18421052631578946;0.16666666666666666
0.8421468514466142;1.0;1.0;1.0;0.2;0.15384615384615385;1.0;1.0;0.0;0.3370165745856354;0.09090909090909091;0.043478260869565216;0.4081632653061224;0.0;0.31521739130434784;0.05555555555555555;0.13333333333333333;0.06666666666666667;0.07894736842105263;0.12962962962962962
0.8421468514466142;1.0;0.0;0.0;0.0;0.0;1.0;1.0;0.0;0.22651933701657456;0.15151515151515152;0.043478260869565216;0.16326530612244897;0.2;0.15217391304347827;0.1388888888888889;0.26666666666666666;0.26666666666666666;0.2631578947368421;0.3333333333333333
0.8421468514466142;1.0;0.0;1.0;0.6000000000000001;0.15384615384615385;1.0;1.0;0.0;0.2099447513812155;0.10606060606060606;0.0;0.08163265306122448;0.06666666666666667;0.15217391304347827;0.05555555555555555;0.11666666666666667;0.06666666666666667;0.05263157894736842;0.1388888888888889
0.8421468514466142;1.0;1.0;0.0;0.6000000000000001;0.15384615384615385;1.0;0.0;0.0;0.39779005524861877;0.09090909090909091;0.21739130434782608;0.6530612244897959;0.2;0.32608695652173914;0.027777777777777776;0.11666666666666667;0.0;0.02631578947368421;0.09259259259259259
0.848042791149993;1.0;0.0;1.0;0.6000000000000001;0.3076923076923077;1.0;0.0;0.0;0.43646408839779005;0.33333333333333337;0.34782608695652173;0.26530612244897955;0.13333333333333333;0.34782608695652173;0.38888888888888884;0.3;0.3333333333333333;0.15789473684210525;0.8055555555555555
0.8540602966204744;1.0;0.0;1.0;0.6000000000000001;0.15384615384615385;1.0;0.0;1.0;0.2044198895027624;0.2727272727272727;0.17391304347826086;0.14285714285714285;0.2;0.17391304347826086;0.3333333333333333;0.25;0.13333333333333333;0.39473684210526316;0.3055555555555555
0.8540602966204744;1.0;1.0;1.0;0.0;0.23076923076923078;1.0;0.0;0.0;0.4419889502762431;0.12121212121212122;0.08695652173913043;0.24489795918367346;0.06666666666666667;0.2826086956521739;0.1388888888888889;0.13333333333333333;0.13333333333333333;0.02631578947368421;0.2777777777777778
0.8600778020909274;1.0;1.0;0.0;0.4;0.07692307692307693;1.0;1.0;0.0;0.3867403314917127;0.2272727272727273;0.13043478260869565;0.26530612244897955;0.0;0.2717391304347826;0.3611111111111111;0.18333333333333332;0.13333333333333333;0.13157894736842105;0.41666666666666663
0.8600778020909274;1.0;0.0;1.0;0.2;0.07692307692307693;1.0;0.0;0.0;0.1270718232044199;0.13636363636363635;0.17391304347826086;0.14285714285714285;0.13333333333333333;0.06521739130434782;0.3055555555555555;0.13333333333333333;0.06666666666666667;0.07894736842105263;0.28703703703703703
0.8600778020909274;0.0;0.0;1.0;0.0;0.07692307692307693;1.0;1.0;0.0;0.08287292817679558;0.10606060606060606;0.13043478260869565;0.02040816326530612;0.0;0.08695652173913043;0.1388888888888889;0.08333333333333333;0.26666666666666666;0.10526315789473684;0.2685185185185185
0.8600778020909274;1.0;1.0;1.0;0.0;0.0;1.0;1.0;0.0;0.10497237569060773;0.19696969696969696;0.13043478260869565;0.1020408163265306;0.0;0.09782608695652173;0.027777777777777776;0.11666666666666667;0.06666666666666667;0.05263157894736842;0.12037037037037036
0.8660953075613804;1.0;1.0;0.0;0.2;0.15384615384615385;1.0;1.0;0.0;0.35359116022099446;0.21212121212121213;0.13043478260869565;0.24489795918367346;0.13333333333333333;0.13043478260869565;0.25;0.15;0.0;0.10526315789473684;0.23148148148148145
0.8660953075613804;1.0;0.0;1.0;0.6000000000000001;0.07692307692307693;1.0;0.0;0.0;0.1270718232044199;0.06060606060606061;0.08695652173913043;0.1020408163265306;0.2;0.06521739130434782;0.08333333333333333;0.11666666666666667;0.0;0.05263157894736842;0.16666666666666666
0.8721128130318334;1.0;0.0;1.0;0.2;0.07692307692307693;1.0;1.0;0.0;0.04419889502762431;0.015151515151515152;0.0;0.04081632653061224;0.06666666666666667;0.043478260869565216;0.0;0.05;0.0;0.02631578947368421;0.009259259259259259
0.8781303185023148;1.0;0.0;1.0;0.2;0.07692307692307693;1.0;0.0;0.0;0.22099447513812154;0.13636363636363635;0.08695652173913043;0.3469387755102041;0.06666666666666667;0.2934782608695652;0.027777777777777776;0.03333333333333333;0.0;0.05263157894736842;0.05555555555555555
0.8781303185023148;1.0;0.0;1.0;0.6000000000000001;0.23076923076923078;1.0;0.0;0.0;0.2983425414364641;0.2272727272727273;0.043478260869565216;0.22448979591836732;0.13333333333333333;0.358695652173913;0.027777777777777776;0.26666666666666666;0.0;0.10526315789473684;0.14814814814814814
0.8781303185023148;1.0;0.0;1.0;0.4;0.15384615384615385;1.0;1.0;0.0;0.27071823204419887;0.3787878787878788;0.08695652173913043;0.1020408163265306;0.13333333333333333;0.358695652173913;0.1388888888888889;0.26666666666666666;0.2;0.3157894736842105;0.42592592592592593
0.8781303185023148;0.0;0.0;0.0;0.2;0.0;1.0;0.0;0.0;0.2596685082872928;0.15151515151515152;0.043478260869565216;0.12244897959183673;0.06666666666666667;0.32608695652173914;0.0;0.13333333333333333;0.0;0.05263157894736842;0.14814814814814814
0.8841478239727678;1.0;0.0;1.0;0.6000000000000001;0.0;1.0;1.0;1.0;0.2596685082872928;0.12121212121212122;0.043478260869565216;0.12244897959183673;0.13333333333333333;0.11956521739130435;0.2222222222222222;0.3333333333333333;0.06666666666666667;0.05263157894736842;0.2037037037037037
0.8841478239727678;1.0;0.0;1.0;0.0;0.07692307692307693;1.0;1.0;0.0;0.287292817679558;0.13636363636363635;0.17391304347826086;0.1020408163265306;0.13333333333333333;0.19565217391304346;0.08333333333333333;0.16666666666666666;0.0;0.07894736842105263;0.12037037037037036
0.8841478239727678;1.0;1.0;0.0;0.4;0.3076923076923077;1.0;0.0;0.0;0.35359116022099446;0.09090909090909091;0.0;0.22448979591836732;0.0;0.2717391304347826;0.0;0.06666666666666667;0.06666666666666667;0.13157894736842105;0.07407407407407407
0.8907731582786198;0.0;0.0;1.0;0.4;0.15384615384615385;1.0;1.0;0.0;0.19889502762430938;0.030303030303030304;0.043478260869565216;0.061224489795918366;0.0;0.16304347826086957;0.1388888888888889;0.06666666666666667;0.13333333333333333;0.05263157894736842;0.06481481481481481
0.8967906637490728;1.0;0.0;1.0;0.2;0.07692307692307693;1.0;1.0;1.0;0.14917127071823205;0.10606060606060606;0.043478260869565216;0.04081632653061224;0.26666666666666666;0.09782608695652173;0.2222222222222222;0.1;0.06666666666666667;0.21052631578947367;0.17592592592592593
0.8967906637490728;1.0;0.0;1.0;0.4;0.3076923076923077;1.0;0.0;0.0;0.3591160220994475;0.06060606060606061;0.21739130434782608;0.5306122448979591;0.06666666666666667;0.21739130434782608;0.05555555555555555;0.08333333333333333;0.0;0.05263157894736842;0.18518518518518517
0.8997690250425308;1.0;0.0;1.0;0.0;0.07692307692307693;1.0;1.0;0.0;0.2430939226519337;0.2272727272727273;0.13043478260869565;0.16326530612244897;0.13333333333333333;0.15217391304347827;0.1111111111111111;0.13333333333333333;0.2;0.13157894736842105;0.18518518518518517
0.9086433260393676;1.0;0.0;0.0;0.0;0.07692307692307693;1.0;1.0;0.0;0.2983425414364641;0.0;0.13043478260869565;0.08163265306122448;0.0;0.09782608695652173;0.1388888888888889;0.11666666666666667;0.0;0.05263157894736842;0.1111111111111111
0.9086433260393676;1.0;0.0;1.0;0.0;0.0;1.0;0.0;0.0;0.30939226519337015;0.19696969696969696;0.17391304347826086;0.061224489795918366;0.06666666666666667;0.20652173913043478;0.16666666666666666;0.31666666666666665;0.06666666666666667;0.3684210526315789;0.37037037037037035
0.914660831509849;1.0;0.0;1.0;0.6000000000000001;0.15384615384615385;1.0;0.0;0.0;0.1270718232044199;0.19696969696969696;0.08695652173913043;0.04081632653061224;0.13333333333333333;0.09782608695652173;0.2222222222222222;0.08333333333333333;0.06666666666666667;0.05263157894736842;0.3055555555555555
0.920678336980302;1.0;0.0;0.0;0.0;0.0;1.0;0.0;0.0;0.30939226519337015;0.13636363636363635;0.17391304347826086;0.18367346938775508;0.06666666666666667;0.2717391304347826;0.05555555555555555;0.11666666666666667;0.0;0.05263157894736842;0.25
0.926695842450755;1.0;0.0;1.0;0.4;0.6153846153846154;1.0;0.0;0.0;0.16574585635359118;0.2272727272727273;0.043478260869565216;0.12244897959183673;0.0;0.18478260869565216;0.1388888888888889;0.06666666666666667;0.0;0.0;0.12037037037037036
0.926695842450755;1.0;0.0;1.0;0.2;0.07692307692307693;1.0;1.0;0.0;0.2044198895027624;1.0;0.21739130434782608;0.061224489795918366;0.26666666666666666;0.32608695652173914;0.3333333333333333;0.3333333333333333;0.26666666666666666;0.7105263157894737;0.39814814814814814
0.926695842450755;1.0;0.0;1.0;0.0;0.23076923076923078;1.0;0.0;0.0;0.4198895027624309;0.16666666666666669;0.08695652173913043;0.673469387755102;0.06666666666666667;0.43478260869565216;0.027777777777777776;0.03333333333333333;0.0;0.05263157894736842;0.06481481481481481
0.933321176756607;1.0;0.0;1.0;0.4;0.15384615384615385;1.0;0.0;0.0;0.4088397790055249;0.5454545454545454;0.30434782608695654;0.16326530612244897;0.5333333333333333;0.2826086956521739;0.2222222222222222;0.31666666666666665;0.2;0.42105263157894735;0.45370370370370366
0.933321176756607;1.0;0.0;1.0;0.0;0.07692307692307693;1.0;1.0;0.0;0.281767955801105;0.15151515151515152;0.043478260869565216;0.02040816326530612;0.26666666666666666;0.16304347826086957;0.19444444444444442;0.23333333333333334;0.0;0.15789473684210525;0.12962962962962962
0.9393386822270884;1.0;0.0;1.0;0.0;0.15384615384615385;1.0;1.0;0.0;0.10497237569060773;0.06060606060606061;0.13043478260869565;0.1020408163265306;0.0;0.06521739130434782;0.16666666666666666;0.03333333333333333;0.0;0.0;0.018518518518518517
0.9453561876975414;1.0;0.0;1.0;0.4;0.07692307692307693;1.0;0.0;0.0;0.43646408839779005;0.18181818181818182;0.21739130434782608;0.4693877551020408;0.26666666666666666;0.3695652173913043;0.2222222222222222;0.35;0.06666666666666667;0.02631578947368421;0.37037037037037035
0.9453561876975414;1.0;0.0;1.0;0.0;0.07692307692307693;1.0;1.0;1.0;0.11602209944751381;0.15151515151515152;0.34782608695652173;0.04081632653061224;0.0;0.03260869565217391;0.3333333333333333;0.15;0.0;0.21052631578947367;0.17592592592592593
0.9513736931679944;1.0;0.0;1.0;0.4;0.15384615384615385;1.0;1.0;0.0;0.13812154696132595;0.15151515151515152;0.043478260869565216;0.061224489795918366;0.0;0.10869565217391304;0.027777777777777776;0.15;0.06666666666666667;0.02631578947368421;0.1111111111111111
0.9513736931679944;1.0;0.0;0.0;0.6000000000000001;0.6153846153846154;1.0;0.0;0.0;0.2044198895027624;0.12121212121212122;0.043478260869565216;0.2040816326530612;0.06666666666666667;0.25;0.027777777777777776;0.06666666666666667;0.13333333333333333;0.05263157894736842;0.09259259259259259
0.9573911986384473;1.0;1.0;1.0;0.2;0.0;1.0;0.0;0.0;0.281767955801105;0.6060606060606061;0.2608695652173913;0.2857142857142857;0.26666666666666666;0.20652173913043478;0.3611111111111111;0.55;0.06666666666666667;0.18421052631578946;0.7407407407407407
0.9634087041089288;1.0;0.0;1.0;0.4;0.15384615384615385;1.0;0.0;0.0;0.13812154696132595;0.045454545454545456;0.043478260869565216;0.02040816326530612;0.06666666666666667;0.13043478260869565;0.1111111111111111;0.05;0.0;0.05263157894736842;0.06481481481481481
0.9634087041089288;1.0;0.0;1.0;0.4;0.07692307692307693;1.0;0.0;0.0;0.016574585635359115;0.07575757575757576;0.0;0.0;0.06666666666666667;0.010869565217391304;0.027777777777777776;0.1;0.0;0.10526315789473684;0.06481481481481481
0.9634087041089288;1.0;1.0;0.0;0.0;0.07692307692307693;1.0;0.0;0.0;0.04419889502762431;0.015151515151515152;0.08695652173913043;0.04081632653061224;0.06666666666666667;0.021739130434782608;0.05555555555555555;0.11666666666666667;0.0;0.05263157894736842;0.06481481481481481
0.9693046438123076;1.0;0.0;1.0;0.4;0.15384615384615385;1.0;0.0;0.0;0.3314917127071823;0.16666666666666669;0.17391304347826086;0.22448979591836732;0.06666666666666667;0.2717391304347826;0.19444444444444442;0.11666666666666667;0.06666666666666667;0.07894736842105263;0.2685185185185185
0.9693046438123076;1.0;0.0;1.0;0.2;0.15384615384615385;1.0;1.0;0.0;0.022099447513812154;0.10606060606060606;0.043478260869565216;0.0;0.0;0.010869565217391304;0.1388888888888889;0.08333333333333333;0.0;0.07894736842105263;0.12037037037037036
0.9753221492827606;1.0;0.0;1.0;0.2;0.07692307692307693;1.0;0.0;0.0;0.19889502762430938;0.015151515151515152;0.08695652173913043;0.14285714285714285;0.0;0.11956521739130435;0.05555555555555555;0.03333333333333333;0.13333333333333333;0.02631578947368421;0.16666666666666666
0.9803671286165638;1.0;1.0;1.0;0.2;0.38461538461538464;1.0;1.0;0.0;0.14364640883977903;0.13636363636363635;0.043478260869565216;0.04081632653061224;0.2;0.17391304347826086;0.1111111111111111;0.08333333333333333;0.0;0.02631578947368421;0.1111111111111111
0.9819474835886126;1.0;0.0;0.0;0.0;0.0;1.0;1.0;0.0;0.3867403314917127;0.045454545454545456;0.043478260869565216;0.3877551020408163;0.06666666666666667;0.34782608695652173;0.05555555555555555;0.05;0.06666666666666667;0.05263157894736842;0.1111111111111111
0.9879649890590656;1.0;1.0;0.0;0.4;0.23076923076923078;1.0;0.0;0.0;0.3149171270718232;0.13636363636363635;0.08695652173913043;0.32653061224489793;0.0;0.2717391304347826;0.2222222222222222;0.1;0.13333333333333333;0.05263157894736842;0.18518518518518517
0.993982494529547;1.0;0.0;0.0;0.0;0.0;1.0;1.0;0.0;0.23756906077348067;0.2878787878787879;0.21739130434782608;0.04081632653061224;0.2;0.15217391304347827;0.05555555555555555;0.15;0.26666666666666666;0.13157894736842105;0.18518518518518517
0.993982494529547;1.0;0.0;1.0;0.0;0.07692307692307693;1.0;1.0;0.0;0.1602209944751381;0.15151515151515152;0.17391304347826086;0.02040816326530612;0.2;0.14130434782608695;0.2222222222222222;0.23333333333333334;0.26666666666666666;0.4473684210526315;0.19444444444444442
0.993982494529547;1.0;0.0;1.0;0.0;0.07692307692307693;1.0;1.0;0.0;0.22651933701657456;0.42424242424242425;0.2608695652173913;0.12244897959183673;0.13333333333333333;0.2934782608695652;0.3055555555555555;0.21666666666666667;0.3333333333333333;0.39473684210526316;0.2685185185185185
0.993982494529547;1.0;0.0;1.0;0.0;0.38461538461538464;1.0;0.0;0.0;0.6519337016574586;0.18181818181818182;0.2608695652173913;0.42857142857142855;0.2;0.532608695652174;0.16666666666666666;0.1;0.2;0.18421052631578946;0.2037037037037037
0.993982494529547;1.0;0.0;0.0;0.0;0.07692307692307693;1.0;1.0;0.0;0.287292817679558;0.15151515151515152;0.17391304347826086;0.02040816326530612;0.13333333333333333;0.22826086956521738;0.16666666666666666;0.16666666666666666;0.06666666666666667;0.05263157894736842;0.12962962962962962
0.993982494529547;1.0;0.0;0.0;0.0;0.07692307692307693;1.0;1.0;0.0;0.1712707182320442;0.09090909090909091;0.043478260869565216;0.1020408163265306;0.06666666666666667;0.25;0.0;0.05;0.06666666666666667;0.07894736842105263;0.07407407407407407
0.993982494529547;1.0;0.0;1.0;0.0;0.07692307692307693;1.0;1.0;0.0;0.3812154696132597;0.30303030303030304;0.30434782608695654;0.061224489795918366;0.6666666666666666;0.2934782608695652;0.3055555555555555;0.48333333333333334;0.2;0.5;0.19444444444444442
0.993982494529547;1.0;0.0;1.0;0.0;0.15384615384615385;1.0;1.0;0.0;0.011049723756906077;0.09090909090909091;0.043478260869565216;0.0;0.26666666666666666;0.043478260869565216;0.08333333333333333;0.03333333333333333;0.0;0.02631578947368421;0.0
1.0;1.0;0.0;1.0;0.0;0.07692307692307693;1.0;1.0;0.0;0.03867403314917127;0.015151515151515152;0.0;0.0;0.0;0.043478260869565216;0.027777777777777776;0.016666666666666666;0.06666666666666667;0.0;0.037037037037037035
1.0;1.0;0.0;1.0;0.2;0.07692307692307693;1.0;1.0;0.0;0.13259668508287292;0.07575757575757576;0.043478260869565216;0.1020408163265306;0.0;0.13043478260869565;0.05555555555555555;0.06666666666666667;0.0;0.07894736842105263;0.046296296296296294
