IN_LOCAL_FUNC_SALAS_OUTRA_ESC;IN_LABORATORIO_CIENCIAS;IN_QUADRA_ESPORTES_COBERTA;IN_QUADRA_ESPORTES;IN_BANHEIRO_PNE;IN_REFEITORIO;IN_AUDITORIO;NU_SALAS_EXISTENTES;IN_EQUIP_COPIADORA;NU_EQUIP_COPIADORA;NU_EQUIP_SOM;NU_EQUIP_FOTO;NU_FUNCIONARIOS;TP_ATIVIDADE_COMPLEMENTAR;IN_EJA;IN_PROFISSIONALIZANTE;IN_COMUM_FUND_AF;IN_COMUM_MEDIO_NORMAL;IN_COMUM_EJA_FUND;IN_COMUM_EJA_MEDIO;TX_RESP_Q002_A;TX_RESP_Q002_F;TX_RESP_Q004_B;TX_RESP_Q004_C;TX_RESP_Q004_E;TX_RESP_Q004_F;TX_RESP_Q004_G;TX_RESP_Q004_H;TX_RESP_Q005_A;TX_RESP_Q008_A;TX_RESP_Q012_B;TX_RESP_Q012_C;TX_RESP_Q013_A;TX_RESP_Q013_B;TX_RESP_Q013_C;TX_RESP_Q014_A;TX_RESP_Q014_C;TX_RESP_Q015_A;TX_RESP_Q015_B;TX_RESP_Q016_A;TX_RESP_Q016_D;TX_RESP_Q016_F;TX_RESP_Q017_C;TX_RESP_Q017_E;TX_RESP_Q018_B;TX_RESP_Q019_A;TX_RESP_Q019_B;TX_RESP_Q019_E;TX_RESP_Q019_F;TX_RESP_Q019_G;TX_RESP_Q020_B;TX_RESP_Q023_A;TX_RESP_Q023_B;TX_RESP_Q023_D;TX_RESP_Q023_E;TX_RESP_Q023_F;TX_RESP_Q023_G;TX_RESP_Q024_B;TX_RESP_Q026_C;TX_RESP_Q027_B;TX_RESP_Q030_B;TX_RESP_Q035_C;TX_RESP_Q036_A;TX_RESP_Q036_C;TX_RESP_Q036_E;TX_RESP_Q037_A;TX_RESP_Q037_D;TX_RESP_Q038_A;TX_RESP_Q039_A;TX_RESP_Q039_C;TX_RESP_Q039_D;TX_RESP_Q040_B;TX_RESP_Q041_A;TX_RESP_Q041_B;TX_RESP_Q041_C;TX_RESP_Q042_B;TX_RESP_Q042_C;TX_RESP_Q043_A;TX_RESP_Q043_B;TX_RESP_Q050_B;TX_RESP_Q058_B;TX_RESP_Q060_A;TX_RESP_Q060_B;TX_RESP_Q060_D
0.0;0.0;0.0;0.0;0.0;0.0;0.0;0.19444444444444448;1.0;0.2;0.06060606060606061;0.0;0.16239316239316243;0.0;1.0;0.0;1.0;0.0;1.0;1.0;0.04424778761061947;0.07894736842105263;0.020833333333333332;0.027624309392265192;0.15151515151515152;0.03125;0.0;0.0;0.08695652173913043;0.0;0.049689440993788817;0.043478260869565216;0.08189655172413793;0.04938271604938272;0.031746031746031744;0.0;0.04;0.0;0.0625;0.0;0.03205128205128205;0.045454545454545456;0.09090909090909091;0.5;0.10526315789473684;0.05;0.10476190476190478;0.036036036036036036;0.0;0.0;0.0425531914893617;0.03125;0.04672897196261682;0.07575757575757576;0.048387096774193554;0.06666666666666667;0.01904761904761905;0.03076923076923077;0.064;0.0;0.08333333333333333;0.047619047619047616;0.0510204081632653;0.07608695652173914;0.08333333333333333;0.06382978723404255;0.08333333333333333;0.10569105691056911;0.059907834101382486;0.021052631578947368;0.06666666666666667;0.04;0.037617554858934164;0.13392857142857142;0.1;0.21052631578947367;0.0;0.1111111111111111;0.03980099502487562;0.046153846153846156;0.05737704918032787;0.013513513513513514;0.008695652173913045;0.2191780821917808
0.0;0.0;0.0;0.0;0.0;0.0;0.0;0.2222222222222222;1.0;0.2;0.09090909090909091;0.15384615384615385;0.15811965811965814;1.0;1.0;0.0;1.0;0.0;1.0;1.0;0.09734513274336283;0.2631578947368421;0.22916666666666666;0.17679558011049723;0.07575757575757576;0.03125;0.0;0.0;0.0;0.0;0.09937888198757763;0.13043478260869565;0.125;0.1440329218106996;0.09523809523809523;0.0;0.09333333333333334;0.3333333333333333;0.15625;0.0;0.1858974358974359;0.11363636363636365;0.09090909090909091;0.0;0.08771929824561403;0.0;0.06666666666666668;0.12612612612612611;0.02040816326530612;0.14035087719298245;0.02127659574468085;0.0;0.05607476635514018;0.07575757575757576;0.11290322580645162;0.06666666666666667;0.1904761904761905;0.038461538461538464;0.048;0.06666666666666667;0.16666666666666666;0.047619047619047616;0.1020408163265306;0.21739130434782608;0.1111111111111111;0.19148936170212766;0.05;0.04065040650406505;0.10138248847926268;0.05263157894736842;0.0;0.08;0.16927899686520376;0.11607142857142856;0.04;0.05263157894736842;0.0625;0.018518518518518517;0.15671641791044777;0.03076923076923077;0.04918032786885246;0.22972972972972974;0.1782608695652174;0.0
0.0;0.0;0.0;0.0;1.0;0.0;0.0;0.2222222222222222;1.0;0.6000000000000001;0.06060606060606061;0.0;0.0982905982905983;1.0;0.0;0.0;1.0;0.0;0.0;0.0;0.061946902654867256;0.13157894736842105;0.125;0.06629834254143646;0.045454545454545456;0.09375;0.07142857142857142;0.0;0.13043478260869565;0.0;0.08695652173913043;0.08695652173913043;0.07327586206896551;0.09465020576131689;0.015873015873015872;0.041666666666666664;0.06666666666666667;0.0;0.0625;0.0;0.09615384615384615;0.03409090909090909;0.0;0.0;0.03508771929824561;0.0;0.0761904761904762;0.036036036036036036;0.0;0.08771929824561403;0.02127659574468085;0.046875;0.06542056074766354;0.09090909090909091;0.03763440860215054;0.0;0.09523809523809526;0.038461538461538464;0.008;0.0;0.0;0.047619047619047616;0.11224489795918366;0.07608695652173914;0.0;0.0851063829787234;0.1;0.0813008130081301;0.07373271889400922;0.05263157894736842;0.06666666666666667;0.0;0.0909090909090909;0.07142857142857142;0.06;0.07894736842105263;0.0625;0.07407407407407407;0.06965174129353234;0.03076923076923077;0.00819672131147541;0.0;0.04782608695652174;0.0136986301369863
0.0;0.0;0.0;1.0;0.0;1.0;1.0;0.3055555555555555;1.0;0.4;0.06060606060606061;0.15384615384615385;0.12393162393162396;0.0;1.0;0.0;0.0;0.0;0.0;1.0;0.12389380530973451;0.07894736842105263;0.14583333333333331;0.22651933701657456;0.045454545454545456;0.03125;0.07142857142857142;0.0;0.0;0.0;0.18012422360248445;0.17391304347826086;0.11206896551724138;0.19753086419753088;0.06349206349206349;0.0;0.16;0.0;0.21875;0.0;0.15384615384615385;0.10227272727272728;0.09090909090909091;0.0;0.12280701754385964;0.0;0.08571428571428572;0.14864864864864866;0.2040816326530612;0.07017543859649122;0.02127659574468085;0.046875;0.08411214953271028;0.16666666666666669;0.1827956989247312;0.06666666666666667;0.08571428571428572;0.07692307692307693;0.096;0.0;0.08333333333333333;0.09523809523809523;0.17346938775510204;0.20652173913043478;0.0;0.09929078014184398;0.15;0.05691056910569106;0.1935483870967742;0.07368421052631578;0.0;0.08;0.1724137931034483;0.15178571428571427;0.1;0.07894736842105263;0.125;0.08333333333333333;0.15920398009950248;0.03076923076923077;0.1721311475409836;0.43243243243243246;0.13478260869565217;0.0
0.0;0.0;1.0;1.0;1.0;1.0;0.0;0.25;0.0;0.0;0.09090909090909091;0.07692307692307693;0.19230769230769235;1.0;1.0;0.0;1.0;0.0;1.0;1.0;0.061946902654867256;0.07894736842105263;0.08333333333333333;0.08839779005524862;0.015151515151515152;0.03125;0.0;0.0;0.13043478260869565;0.0;0.06211180124223602;0.043478260869565216;0.08189655172413793;0.07818930041152264;0.06349206349206349;0.0;0.060000000000000005;0.0;0.03125;0.0;0.07051282051282051;0.022727272727272728;0.0;0.0;0.08771929824561403;0.025;0.06666666666666668;0.06756756756756757;0.0;0.05263157894736842;0.05319148936170213;0.03125;0.037383177570093455;0.07575757575757576;0.06451612903225806;0.03333333333333333;0.0761904761904762;0.046153846153846156;0.056;0.0;0.0;0.09523809523809523;0.12244897959183673;0.06521739130434782;0.05555555555555555;0.0921985815602837;0.08333333333333333;0.06504065040650407;0.08755760368663594;0.021052631578947368;0.0;0.12;0.08150470219435736;0.125;0.02;0.02631578947368421;0.0;0.06481481481481481;0.07462686567164178;0.046153846153846156;0.0;0.20270270270270271;0.08695652173913043;0.0
0.0;0.0;0.0;0.0;0.0;1.0;0.0;0.4444444444444445;1.0;0.2;0.06060606060606061;0.07692307692307693;0.06837606837606838;0.0;1.0;0.0;1.0;0.0;1.0;1.0;0.061946902654867256;0.05263157894736842;0.14583333333333331;0.13259668508287292;0.015151515151515152;0.0;0.0;0.0;0.043478260869565216;0.0;0.10559006211180123;0.043478260869565216;0.07758620689655173;0.09876543209876544;0.06349206349206349;0.0;0.05333333333333334;0.0;0.03125;0.0;0.1282051282051282;0.022727272727272728;0.0;0.0;0.08771929824561403;0.0;0.0380952380952381;0.10810810810810811;0.04081632653061224;0.05263157894736842;0.010638297872340425;0.015625;0.06542056074766354;0.030303030303030304;0.10215053763440861;0.1;0.08571428571428572;0.03076923076923077;0.024;0.06666666666666667;0.08333333333333333;0.047619047619047616;0.0510204081632653;0.13043478260869565;0.027777777777777776;0.13475177304964536;0.05;0.0813008130081301;0.08755760368663594;0.05263157894736842;0.13333333333333333;0.08;0.10344827586206896;0.09821428571428571;0.02;0.02631578947368421;0.0;0.027777777777777776;0.0945273631840796;0.046153846153846156;0.04918032786885246;0.0;0.008695652173913045;0.3150684931506849
0.0;1.0;0.0;0.0;1.0;0.0;1.0;0.4444444444444445;1.0;0.2;0.030303030303030304;0.07692307692307693;0.21794871794871798;0.0;0.0;0.0;0.0;0.0;0.0;0.0;0.21238938053097345;0.21052631578947367;0.8125;0.6685082872928176;0.09090909090909091;0.0;0.0;0.0;0.17391304347826086;0.21428571428571427;0.45341614906832295;0.21739130434782608;0.43103448275862066;0.3909465020576132;0.19047619047619047;0.041666666666666664;0.23333333333333334;0.16666666666666666;0.3125;0.0;0.5256410256410257;0.18181818181818182;0.36363636363636365;0.0;0.22807017543859648;0.07500000000000001;0.1142857142857143;0.4774774774774775;0.36734693877551017;0.15789473684210525;0.07446808510638298;0.015625;0.205607476635514;0.5909090909090909;0.39784946236559143;0.36666666666666664;0.29523809523809524;0.09230769230769231;0.16;0.2;0.08333333333333333;0.19047619047619047;0.36734693877551017;0.5543478260869565;0.08333333333333333;0.5957446808510638;0.25;0.032520325203252036;0.4792626728110599;0.05263157894736842;0.13333333333333333;0.16;0.5391849529780564;0.27678571428571425;0.06;0.13157894736842105;0.0;0.09259259259259259;0.47761194029850745;0.13846153846153847;0.18032786885245902;0.8243243243243243;0.5260869565217392;0.0
0.0;1.0;0.0;1.0;1.0;1.0;1.0;0.4444444444444445;1.0;0.2;0.21212121212121213;0.15384615384615385;0.26495726495726496;0.0;1.0;1.0;1.0;1.0;0.0;1.0;0.2743362831858407;0.21052631578947367;0.08333333333333333;0.2928176795580111;0.13636363636363635;0.1875;0.14285714285714285;0.0;0.17391304347826086;0.14285714285714285;0.14906832298136646;0.17391304347826086;0.27586206896551724;0.13991769547325103;0.031746031746031744;0.041666666666666664;0.08;0.0;0.25;0.0;0.1987179487179487;0.11363636363636365;0.2727272727272727;0.0;0.19298245614035087;0.125;0.20952380952380956;0.08558558558558559;0.08163265306122448;0.2982456140350877;0.11702127659574468;0.140625;0.27102803738317754;0.045454545454545456;0.06989247311827958;0.1;0.26666666666666666;0.2076923076923077;0.024;0.2;0.16666666666666666;0.2857142857142857;0.21428571428571427;0.20652173913043478;0.08333333333333333;0.20567375886524822;0.15;0.14634146341463417;0.14285714285714285;0.28421052631578947;0.26666666666666666;0.16;0.15987460815047022;0.36607142857142855;0.14;0.3684210526315789;0.125;0.2962962962962963;0.15671641791044777;0.18461538461538463;0.2377049180327869;0.1891891891891892;0.2521739130434783;0.0
0.0;1.0;1.0;1.0;0.0;0.0;0.0;0.19444444444444448;0.0;0.0;0.0;0.07692307692307693;0.10256410256410259;0.0;0.0;0.0;0.0;0.0;0.0;0.0;0.1504424778761062;0.0;0.0625;0.16574585635359118;0.045454545454545456;0.0;0.0;0.0;0.043478260869565216;0.0;0.10559006211180123;0.2608695652173913;0.04741379310344827;0.10699588477366256;0.14285714285714285;0.0;0.14;0.0;0.03125;0.0;0.07051282051282051;0.022727272727272728;0.18181818181818182;0.0;0.07017543859649122;0.025;0.05714285714285715;0.07207207207207207;0.18367346938775508;0.05263157894736842;0.031914893617021274;0.046875;0.018691588785046728;0.06060606060606061;0.0913978494623656;0.23333333333333334;0.057142857142857155;0.05384615384615385;0.024;0.0;0.0;0.047619047619047616;0.061224489795918366;0.07608695652173914;0.0;0.14184397163120566;0.0;0.016260162601626018;0.11059907834101382;0.010526315789473684;0.0;0.0;0.09717868338557993;0.08928571428571427;0.08;0.07894736842105263;0.0625;0.10185185185185185;0.07462686567164178;0.015384615384615385;0.04098360655737705;0.14864864864864866;0.1217391304347826;0.0
1.0;1.0;1.0;1.0;1.0;0.0;0.0;0.2222222222222222;1.0;0.2;0.06060606060606061;0.07692307692307693;0.0982905982905983;0.0;1.0;1.0;0.0;1.0;1.0;1.0;0.20353982300884954;0.21052631578947367;0.2708333333333333;0.18232044198895025;0.15151515151515152;0.03125;0.14285714285714285;0.0;0.4782608695652174;0.0;0.09316770186335403;0.08695652173913043;0.3103448275862069;0.06584362139917696;0.0;0.16666666666666666;0.04666666666666667;0.0;0.28125;0.0;0.1858974358974359;0.23863636363636365;0.18181818181818182;0.0;0.17543859649122806;0.025;0.2571428571428572;0.07207207207207207;0.12244897959183673;0.22807017543859648;0.0851063829787234;0.125;0.27102803738317754;0.07575757575757576;0.05376344086021506;0.03333333333333333;0.17142857142857146;0.14615384615384616;0.032;0.06666666666666667;0.0;0.09523809523809523;0.2040816326530612;0.15217391304347827;0.2777777777777778;0.18439716312056736;0.2;0.0813008130081301;0.059907834101382486;0.23157894736842105;0.13333333333333333;0.0;0.16614420062695925;0.25;0.12;0.0;0.0;0.18518518518518517;0.15671641791044777;0.26153846153846155;0.2213114754098361;0.13513513513513514;0.23043478260869565;0.0
0.0;0.0;0.0;0.0;1.0;0.0;0.0;0.08333333333333333;0.0;0.0;0.0;0.0;0.0;0.0;1.0;0.0;0.0;0.0;0.0;1.0;0.061946902654867256;0.10526315789473684;0.0625;0.0055248618784530384;0.10606060606060606;0.0625;0.14285714285714285;0.09090909090909091;0.21739130434782608;0.0;0.024844720496894408;0.0;0.09913793103448276;0.01234567901234568;0.0;0.125;0.006666666666666667;0.16666666666666666;0.15625;0.2;0.08333333333333333;0.05681818181818182;0.0;0.5;0.10526315789473684;0.025;0.06666666666666668;0.009009009009009009;0.02040816326530612;0.08771929824561403;0.031914893617021274;0.078125;0.05607476635514018;0.0;0.010752688172043012;0.0;0.057142857142857155;0.046153846153846156;0.032;0.3333333333333333;0.16666666666666666;0.09523809523809523;0.14285714285714285;0.010869565217391304;0.08333333333333333;0.04964539007092199;0.1;0.04065040650406505;0.013824884792626727;0.08421052631578947;0.13333333333333333;0.0;0.04075235109717868;0.0625;0.1;0.05263157894736842;0.0625;0.12037037037037036;0.01990049751243781;0.06153846153846154;0.07377049180327869;0.02702702702702703;0.05217391304347826;0.0821917808219178
0.0;1.0;0.0;0.0;0.0;1.0;0.0;0.19444444444444448;1.0;0.6000000000000001;0.030303030303030304;0.0;0.08119658119658121;0.0;0.0;0.0;0.0;0.0;0.0;0.0;0.23893805309734512;0.13157894736842105;0.5625;0.23204419889502764;0.030303030303030304;0.0;0.0;0.0;0.17391304347826086;0.07142857142857142;0.13043478260869565;0.043478260869565216;0.22413793103448276;0.1440329218106996;0.09523809523809523;0.041666666666666664;0.05333333333333334;0.0;0.0625;0.0;0.1794871794871795;0.17045454545454547;0.09090909090909091;0.0;0.14035087719298245;0.025;0.34285714285714286;0.06756756756756757;0.16326530612244897;0.12280701754385964;0.07446808510638298;0.140625;0.2803738317757009;0.07575757575757576;0.048387096774193554;0.03333333333333333;0.17142857142857146;0.14615384615384616;0.024;0.0;0.0;0.19047619047619047;0.22448979591836732;0.15217391304347827;0.16666666666666666;0.23404255319148934;0.11666666666666667;0.024390243902439025;0.05529953917050691;0.09473684210526316;0.06666666666666667;0.0;0.20689655172413793;0.20535714285714285;0.06;0.02631578947368421;0.0;0.18518518518518517;0.1691542288557214;0.2923076923076923;0.26229508196721313;0.20270270270270271;0.291304347826087;0.0
0.0;1.0;0.0;1.0;1.0;0.0;0.0;0.3611111111111111;0.0;0.0;0.09090909090909091;0.07692307692307693;0.22222222222222224;0.0;1.0;1.0;0.0;1.0;0.0;1.0;0.4424778761061947;0.15789473684210525;0.3125;0.4530386740331492;0.2878787878787879;0.0625;0.07142857142857142;0.030303030303030304;0.34782608695652173;0.07142857142857142;0.22360248447204967;0.13043478260869565;0.5474137931034483;0.16872427983539096;0.015873015873015872;0.0;0.18666666666666668;0.0;0.25;0.2;0.391025641025641;0.20454545454545456;0.18181818181818182;0.0;0.3333333333333333;0.30000000000000004;0.4285714285714286;0.13513513513513514;0.08163265306122448;0.40350877192982454;0.3191489361702128;0.34375;0.4859813084112149;0.16666666666666669;0.06451612903225806;0.13333333333333333;0.3904761904761905;0.4538461538461539;0.192;0.13333333333333333;0.25;0.38095238095238093;0.42857142857142855;0.42391304347826086;0.38888888888888884;0.3829787234042553;0.3333333333333333;0.1626016260162602;0.3824884792626728;0.11578947368421053;0.06666666666666667;0.04;0.3573667711598746;0.39285714285714285;0.2;0.18421052631578946;0.0;0.25925925925925924;0.3383084577114428;0.2;0.18032786885245902;0.3648648648648649;0.4130434782608696;0.0
0.0;1.0;0.0;0.0;0.0;1.0;1.0;0.4166666666666667;0.0;0.0;0.06060606060606061;0.07692307692307693;0.18803418803418806;0.0;1.0;1.0;0.0;1.0;0.0;1.0;0.3185840707964602;0.3421052631578947;0.3958333333333333;0.4917127071823204;0.3939393939393939;0.1875;0.0;0.0;0.13043478260869565;0.07142857142857142;0.22360248447204967;0.17391304347826086;0.5603448275862069;0.23045267489711935;0.07936507936507936;0.041666666666666664;0.22666666666666668;0.0;0.125;0.2;0.2948717948717949;0.38636363636363635;0.09090909090909091;0.0;0.3333333333333333;0.45;0.37142857142857144;0.25225225225225223;0.22448979591836732;0.3333333333333333;0.3829787234042553;0.28125;0.35514018691588783;0.16666666666666669;0.22043010752688175;0.1;0.4571428571428572;0.3769230769230769;0.0;0.4;0.3333333333333333;0.23809523809523808;0.47959183673469385;0.40217391304347827;0.3055555555555555;0.5177304964539007;0.13333333333333333;0.0813008130081301;0.21658986175115208;0.43157894736842106;0.4;0.2;0.4075235109717868;0.45535714285714285;0.18;0.21052631578947367;0.0625;0.4722222222222222;0.33582089552238803;0.18461538461538463;0.4180327868852459;0.8648648648648649;0.4739130434782609;0.0
0.0;0.0;0.0;0.0;0.0;0.0;0.0;0.19444444444444448;0.0;0.0;0.0;0.0;0.06837606837606838;0.0;1.0;1.0;0.0;1.0;1.0;1.0;0.12389380530973451;0.02631578947368421;0.125;0.11049723756906077;0.10606060606060606;0.15625;0.0;0.06060606060606061;0.08695652173913043;0.14285714285714285;0.049689440993788817;0.0;0.1896551724137931;0.04526748971193416;0.015873015873015872;0.0;0.04666666666666667;0.16666666666666666;0.09375;0.0;0.08333333333333333;0.1590909090909091;0.0;0.0;0.07017543859649122;0.1;0.1523809523809524;0.04954954954954955;0.08163265306122448;0.10526315789473684;0.11702127659574468;0.21875;0.06542056074766354;0.030303030303030304;0.048387096774193554;0.0;0.09523809523809526;0.13846153846153847;0.048;0.0;0.08333333333333333;0.09523809523809523;0.13265306122448978;0.06521739130434782;0.1111111111111111;0.12056737588652482;0.08333333333333333;0.04065040650406505;0.05069124423963134;0.11578947368421053;0.3333333333333333;0.0;0.10031347962382445;0.1875;0.04;0.13157894736842105;0.0625;0.1111111111111111;0.09701492537313433;0.046153846153846156;0.1557377049180328;0.1891891891891892;0.14347826086956522;0.0
1.0;1.0;0.0;0.0;0.0;0.0;0.0;0.3055555555555555;0.0;0.0;0.0;0.0;0.27350427350427353;0.0;1.0;0.0;0.0;0.0;0.0;1.0;0.3274336283185841;0.2631578947368421;0.16666666666666666;0.27624309392265195;0.7575757575757576;0.65625;0.6428571428571428;0.42424242424242425;0.43478260869565216;0.3571428571428571;0.3291925465838509;0.13043478260869565;0.6939655172413793;0.22222222222222224;0.1111111111111111;0.29166666666666663;0.22666666666666668;0.0;0.1875;0.2;0.4358974358974359;0.5227272727272727;0.36363636363636365;0.0;0.6140350877192982;0.45;0.6095238095238096;0.15315315315315314;0.18367346938775508;0.5087719298245614;0.5531914893617021;0.40625;0.6822429906542056;0.2727272727272727;0.08064516129032259;0.0;0.523809523809524;0.5846153846153846;0.096;0.26666666666666666;0.3333333333333333;0.2857142857142857;0.6836734693877551;0.40217391304347827;0.3333333333333333;0.36879432624113473;0.6333333333333333;0.41463414634146345;0.1336405529953917;0.8947368421052632;0.9333333333333333;0.2;0.3448275862068965;0.7053571428571428;0.64;0.5;0.375;0.5;0.4054726368159204;0.7076923076923077;0.5163934426229508;0.1891891891891892;0.3347826086956522;0.0684931506849315
0.0;0.0;0.0;0.0;0.0;0.0;0.0;0.3888888888888889;0.0;0.0;0.0;0.0;0.1324786324786325;0.0;0.0;0.0;0.0;0.0;0.0;0.0;0.09734513274336283;0.05263157894736842;0.0625;0.19889502762430938;0.13636363636363635;0.25;0.07142857142857142;0.0;0.043478260869565216;0.07142857142857142;0.06211180124223602;0.043478260869565216;0.24568965517241378;0.06995884773662552;0.06349206349206349;0.20833333333333331;0.12000000000000001;0.0;0.0625;0.2;0.14102564102564102;0.1590909090909091;0.09090909090909091;0.0;0.07017543859649122;0.15000000000000002;0.2571428571428572;0.04054054054054054;0.3061224489795918;0.07017543859649122;0.26595744680851063;0.0625;0.23364485981308408;0.07575757575757576;0.06989247311827958;0.03333333333333333;0.1142857142857143;0.16923076923076924;0.048;0.2;0.16666666666666666;0.09523809523809523;0.22448979591836732;0.14130434782608695;0.1111111111111111;0.1631205673758865;0.15;0.024390243902439025;0.07373271889400922;0.25263157894736843;0.06666666666666667;0.08;0.16614420062695925;0.1607142857142857;0.12;0.10526315789473684;0.0625;0.12962962962962962;0.14676616915422885;0.16923076923076924;0.1639344262295082;0.0945945945945946;0.22608695652173913;0.0
1.0;0.0;1.0;1.0;1.0;0.0;0.0;0.5555555555555555;1.0;0.4;0.24242424242424243;0.15384615384615385;0.14102564102564105;1.0;0.0;0.0;0.0;0.0;0.0;0.0;0.19469026548672566;0.13157894736842105;0.08333333333333333;0.18784530386740333;0.18181818181818182;0.21875;0.21428571428571427;0.030303030303030304;0.0;0.07142857142857142;0.15527950310559005;0.17391304347826086;0.27155172413793105;0.1234567901234568;0.06349206349206349;0.0;0.10666666666666667;0.0;0.09375;0.0;0.20512820512820512;0.17045454545454547;0.09090909090909091;0.0;0.22807017543859648;0.15000000000000002;0.2666666666666667;0.0990990990990991;0.18367346938775508;0.12280701754385964;0.11702127659574468;0.1875;0.19626168224299065;0.09090909090909091;0.08602150537634409;0.03333333333333333;0.20000000000000004;0.2076923076923077;0.128;0.0;0.08333333333333333;0.23809523809523808;0.18367346938775508;0.14130434782608695;0.1388888888888889;0.1631205673758865;0.16666666666666666;0.0975609756097561;0.23963133640552994;0.042105263157894736;0.13333333333333333;0.08;0.18181818181818182;0.25;0.2;0.18421052631578946;0.0;0.24074074074074073;0.16417910447761194;0.2;0.26229508196721313;0.22972972972972974;0.2695652173913044;0.0
0.0;0.0;0.0;1.0;1.0;0.0;1.0;0.3333333333333333;0.0;0.0;0.0;0.23076923076923078;0.07264957264957267;0.0;0.0;0.0;0.0;0.0;0.0;0.0;0.19469026548672566;0.21052631578947367;0.20833333333333331;0.32044198895027626;0.16666666666666669;0.15625;0.14285714285714285;0.0;0.043478260869565216;0.0;0.14906832298136646;0.34782608695652173;0.1939655172413793;0.2757201646090535;0.09523809523809523;0.041666666666666664;0.23333333333333334;0.0;0.0625;0.0;0.2564102564102564;0.18181818181818182;0.2727272727272727;0.0;0.12280701754385964;0.07500000000000001;0.13333333333333336;0.17117117117117117;0.24489795918367346;0.12280701754385964;0.09574468085106383;0.078125;0.27102803738317754;0.21212121212121213;0.12903225806451613;0.1;0.17142857142857146;0.11538461538461539;0.024;0.0;0.08333333333333333;0.14285714285714285;0.336734693877551;0.2608695652173913;0.027777777777777776;0.3191489361702127;0.08333333333333333;0.04878048780487805;0.2119815668202765;0.042105263157894736;0.06666666666666667;0.24;0.26645768025078365;0.21428571428571427;0.16;0.18421052631578946;0.0625;0.12962962962962962;0.2462686567164179;0.1076923076923077;0.09016393442622951;0.35135135135135137;0.32173913043478264;0.0136986301369863
0.0;1.0;0.0;1.0;1.0;0.0;0.0;0.2777777777777778;0.0;0.0;0.06060606060606061;0.0;1.0;1.0;1.0;1.0;1.0;0.0;1.0;1.0;0.017699115044247787;0.02631578947368421;0.0;0.016574585635359115;0.015151515151515152;0.03125;0.0;0.0;0.043478260869565216;0.0;0.006211180124223602;0.0;0.04741379310344827;0.00411522633744856;0.0;0.0;0.006666666666666667;0.0;0.0;0.0;0.0;0.07954545454545454;0.0;0.0;0.03508771929824561;0.05;0.0380952380952381;0.0045045045045045045;0.0;0.017543859649122806;0.0425531914893617;0.046875;0.037383177570093455;0.0;0.005376344086021506;0.0;0.009523809523809525;0.03076923076923077;0.0;0.0;0.0;0.09523809523809523;0.061224489795918366;0.0;0.05555555555555555;0.035460992907801414;0.016666666666666666;0.016260162601626018;0.018433179723502304;0.05263157894736842;0.0;0.0;0.012539184952978056;0.05357142857142857;0.02;0.02631578947368421;0.0;0.027777777777777776;0.009950248756218905;0.03076923076923077;0.02459016393442623;0.05405405405405406;0.017391304347826087;0.0136986301369863
0.0;0.0;0.0;1.0;0.0;0.0;0.0;0.16666666666666669;1.0;0.2;0.030303030303030304;0.07692307692307693;0.1324786324786325;0.0;1.0;0.0;0.0;0.0;1.0;1.0;0.3274336283185841;0.3684210526315789;0.3333333333333333;0.2541436464088398;0.48484848484848486;0.8125;0.7142857142857142;0.09090909090909091;0.34782608695652173;0.21428571428571427;0.14285714285714285;0.2608695652173913;0.5086206896551724;0.2592592592592593;0.07936507936507936;0.0;0.14666666666666667;0.0;0.21875;0.0;0.2756410256410256;0.375;0.2727272727272727;0.0;0.40350877192982454;0.45;0.380952380952381;0.1891891891891892;0.16326530612244897;0.3684210526315789;0.4574468085106383;0.4375;0.37383177570093457;0.13636363636363635;0.08064516129032259;0.16666666666666666;0.5714285714285715;0.5461538461538462;0.128;0.26666666666666666;0.41666666666666663;0.47619047619047616;0.49999999999999994;0.2717391304347826;0.2777777777777778;0.425531914893617;0.36666666666666664;0.17073170731707318;0.3824884792626728;0.17894736842105263;0.13333333333333333;0.16;0.2570532915360501;0.6428571428571428;0.62;0.4473684210526315;0.125;0.4444444444444444;0.3308457711442786;0.2;0.4180327868852459;0.44594594594594594;0.4521739130434783;0.0273972602739726
0.0;0.0;0.0;0.0;0.0;0.0;0.0;0.2222222222222222;0.0;0.0;0.2727272727272727;0.07692307692307693;0.12393162393162396;1.0;1.0;0.0;1.0;0.0;1.0;1.0;0.2654867256637168;0.23684210526315788;0.0625;0.09944751381215469;0.3181818181818182;0.40625;0.3571428571428571;0.4545454545454546;0.21739130434782608;0.07142857142857142;0.15527950310559005;0.08695652173913043;0.34913793103448276;0.08230452674897121;0.06349206349206349;0.08333333333333333;0.12000000000000001;0.0;0.15625;0.6000000000000001;0.16666666666666666;0.19318181818181818;0.18181818181818182;0.0;0.40350877192982454;0.42500000000000004;0.2761904761904762;0.04954954954954955;0.02040816326530612;0.38596491228070173;0.30851063829787234;0.34375;0.2616822429906542;0.09090909090909091;0.02688172043010753;0.06666666666666667;0.2761904761904762;0.3307692307692308;0.128;0.2;0.08333333333333333;0.5238095238095237;0.32653061224489793;0.14130434782608695;0.4722222222222222;0.1631205673758865;0.21666666666666667;0.1869918699186992;0.1336405529953917;0.12631578947368421;0.2;0.04;0.11912225705329153;0.3482142857142857;0.54;0.3684210526315789;0.6875;0.28703703703703703;0.17164179104477612;0.26153846153846155;0.3114754098360656;0.17567567567567569;0.20869565217391303;0.0273972602739726
0.0;1.0;1.0;1.0;1.0;1.0;1.0;0.3611111111111111;1.0;0.4;0.030303030303030304;0.07692307692307693;0.09401709401709404;0.0;0.0;0.0;0.0;0.0;0.0;0.0;0.21238938053097345;0.05263157894736842;0.16666666666666666;0.26519337016574585;0.15151515151515152;0.15625;0.0;0.0;0.08695652173913043;0.07142857142857142;0.13664596273291924;0.2608695652173913;0.25;0.1358024691358025;0.07936507936507936;0.08333333333333333;0.14;0.0;0.09375;0.2;0.23076923076923075;0.09090909090909091;0.09090909090909091;0.5;0.08771929824561403;0.07500000000000001;0.13333333333333336;0.13513513513513514;0.12244897959183673;0.15789473684210525;0.10638297872340426;0.140625;0.17757009345794392;0.12121212121212122;0.06989247311827958;0.1;0.13333333333333336;0.17692307692307693;0.07200000000000001;0.06666666666666667;0.16666666666666666;0.047619047619047616;0.2346938775510204;0.13043478260869565;0.1111111111111111;0.19148936170212766;0.11666666666666667;0.008130081300813009;0.17511520737327188;0.07368421052631578;0.06666666666666667;0.12;0.219435736677116;0.16964285714285712;0.12;0.10526315789473684;0.0;0.09259259259259259;0.20149253731343283;0.13846153846153847;0.09016393442622951;0.3648648648648649;0.24782608695652172;0.0
0.0;0.0;0.0;0.0;0.0;0.0;0.0;0.2777777777777778;0.0;0.0;0.06060606060606061;0.15384615384615385;0.05555555555555556;0.0;0.0;0.0;0.0;0.0;0.0;0.0;0.19469026548672566;0.05263157894736842;0.14583333333333331;0.13812154696132595;0.12121212121212122;0.03125;0.07142857142857142;0.0;0.0;0.0;0.06832298136645962;0.0;0.15086206896551724;0.102880658436214;0.047619047619047616;0.0;0.11333333333333334;0.0;0.03125;0.0;0.16025641025641024;0.10227272727272728;0.0;0.0;0.12280701754385964;0.05;0.08571428571428572;0.1036036036036036;0.24489795918367346;0.03508771929824561;0.0425531914893617;0.078125;0.06542056074766354;0.07575757575757576;0.09677419354838711;0.26666666666666666;0.057142857142857155;0.08461538461538462;0.0;0.06666666666666667;0.08333333333333333;0.14285714285714285;0.13265306122448978;0.17391304347826086;0.08333333333333333;0.14184397163120566;0.1;0.032520325203252036;0.1336405529953917;0.031578947368421054;0.06666666666666667;0.16;0.12539184952978058;0.1607142857142857;0.08;0.0;0.0;0.05555555555555555;0.12935323383084577;0.1076923076923077;0.0819672131147541;0.08108108108108109;0.11304347826086956;0.0958904109589041
0.0;0.0;0.0;0.0;0.0;0.0;0.0;0.11111111111111109;1.0;0.2;0.09090909090909091;0.0;0.08119658119658121;0.0;1.0;0.0;0.0;0.0;1.0;1.0;0.1327433628318584;0.02631578947368421;0.0;0.03867403314917127;0.10606060606060606;0.03125;0.14285714285714285;0.06060606060606061;0.13043478260869565;0.07142857142857142;0.049689440993788817;0.0;0.09051724137931035;0.04526748971193416;0.015873015873015872;0.0;0.03333333333333333;0.0;0.15625;0.2;0.05769230769230769;0.06818181818181818;0.0;0.0;0.07017543859649122;0.125;0.04761904761904762;0.018018018018018018;0.02040816326530612;0.15789473684210525;0.11702127659574468;0.046875;0.07476635514018691;0.0;0.016129032258064516;0.03333333333333333;0.12380952380952384;0.1;0.016;0.0;0.0;0.23809523809523808;0.0510204081632653;0.043478260869565216;0.25;0.0851063829787234;0.05;0.016260162601626018;0.04608294930875576;0.07368421052631578;0.0;0.04;0.04388714733542319;0.10714285714285714;0.12;0.15789473684210525;0.125;0.027777777777777776;0.062189054726368154;0.046153846153846156;0.06557377049180328;0.12162162162162163;0.07391304347826087;0.0
0.0;0.0;0.0;1.0;1.0;1.0;0.0;0.2222222222222222;0.0;0.0;0.12121212121212122;0.23076923076923078;0.12393162393162396;0.0;1.0;0.0;0.0;0.0;0.0;1.0;0.19469026548672566;0.10526315789473684;0.0625;0.2154696132596685;0.19696969696969696;0.15625;0.2857142857142857;0.18181818181818182;0.2608695652173913;0.0;0.11801242236024843;0.043478260869565216;0.29310344827586204;0.11522633744855967;0.031746031746031744;0.0;0.14666666666666667;0.0;0.1875;0.0;0.1282051282051282;0.2159090909090909;0.2727272727272727;0.0;0.2631578947368421;0.07500000000000001;0.37142857142857144;0.08108108108108109;0.1020408163265306;0.10526315789473684;0.19148936170212766;0.15625;0.34579439252336447;0.10606060606060606;0.043010752688172046;0.06666666666666667;0.1904761904761905;0.3153846153846154;0.096;0.0;0.25;0.14285714285714285;0.29591836734693877;0.10869565217391304;0.2777777777777778;0.21985815602836878;0.2833333333333333;0.0813008130081301;0.09216589861751152;0.14736842105263157;0.13333333333333333;0.04;0.15673981191222572;0.29464285714285715;0.28;0.3421052631578947;0.0625;0.23148148148148145;0.1691542288557214;0.12307692307692308;0.24590163934426232;0.5675675675675675;0.18695652173913044;0.0
0.0;1.0;0.0;1.0;0.0;0.0;0.0;0.3611111111111111;0.0;0.0;0.09090909090909091;0.07692307692307693;0.19230769230769235;0.0;1.0;0.0;0.0;0.0;0.0;1.0;0.21238938053097345;0.18421052631578946;0.14583333333333331;0.3701657458563536;0.33333333333333337;0.03125;0.0;0.0;0.30434782608695654;0.07142857142857142;0.16770186335403725;0.0;0.43103448275862066;0.21399176954732513;0.031746031746031744;0.0;0.2066666666666667;0.0;0.1875;0.0;0.2948717948717949;0.26136363636363635;0.36363636363636365;0.5;0.3508771929824561;0.225;0.380952380952381;0.19369369369369369;0.2040816326530612;0.22807017543859648;0.30851063829787234;0.1875;0.3644859813084112;0.2272727272727273;0.13440860215053765;0.1;0.3523809523809524;0.27692307692307694;0.096;0.13333333333333333;0.16666666666666666;0.23809523809523808;0.42857142857142855;0.2934782608695652;0.3611111111111111;0.3333333333333333;0.16666666666666666;0.0813008130081301;0.2764976958525346;0.08421052631578947;0.2;0.24;0.31034482758620685;0.3571428571428571;0.28;0.10526315789473684;0.125;0.37037037037037035;0.27114427860696516;0.16923076923076924;0.27049180327868855;0.6891891891891893;0.34347826086956523;0.0136986301369863
0.0;1.0;1.0;1.0;1.0;1.0;1.0;0.4166666666666667;1.0;0.6000000000000001;0.06060606060606061;0.15384615384615385;0.11538461538461539;0.0;1.0;0.0;0.0;0.0;0.0;1.0;0.12389380530973451;0.02631578947368421;0.10416666666666666;0.2099447513812155;0.10606060606060606;0.0;0.0;0.0;0.13043478260869565;0.07142857142857142;0.10559006211180123;0.13043478260869565;0.25;0.07818930041152264;0.015873015873015872;0.041666666666666664;0.07333333333333333;0.0;0.125;0.0;0.14102564102564102;0.18181818181818182;0.0;0.0;0.05263157894736842;0.05;0.18095238095238098;0.09009009009009009;0.061224489795918366;0.10526315789473684;0.0851063829787234;0.09375;0.22429906542056072;0.15151515151515152;0.03763440860215054;0.06666666666666667;0.14285714285714288;0.1076923076923077;0.008;0.06666666666666667;0.0;0.047619047619047616;0.2346938775510204;0.11956521739130435;0.1111111111111111;0.15602836879432622;0.13333333333333333;0.06504065040650407;0.1152073732718894;0.15789473684210525;0.0;0.0;0.16927899686520376;0.1875;0.04;0.13157894736842105;0.0;0.10185185185185185;0.15422885572139303;0.13846153846153847;0.21311475409836067;0.24324324324324326;0.2217391304347826;0.0
0.0;0.0;0.0;1.0;1.0;1.0;0.0;0.11111111111111109;1.0;0.2;0.06060606060606061;0.07692307692307693;0.08974358974358976;1.0;0.0;0.0;1.0;0.0;0.0;0.0;0.07079646017699115;0.23684210526315788;0.0625;0.09392265193370165;0.19696969696969696;0.09375;0.21428571428571427;0.030303030303030304;0.17391304347826086;0.14285714285714285;0.06211180124223602;0.0;0.1896551724137931;0.04526748971193416;0.0;0.16666666666666666;0.04;0.0;0.125;0.0;0.1346153846153846;0.07954545454545454;0.0;0.0;0.07017543859649122;0.05;0.1619047619047619;0.04054054054054054;0.061224489795918366;0.24561403508771928;0.11702127659574468;0.109375;0.17757009345794392;0.045454545454545456;0.021505376344086023;0.03333333333333333;0.13333333333333336;0.13076923076923078;0.04;0.13333333333333333;0.16666666666666666;0.42857142857142855;0.2040816326530612;0.05434782608695652;0.16666666666666666;0.13475177304964536;0.11666666666666667;0.10569105691056911;0.027649769585253454;0.14736842105263157;0.2;0.0;0.10658307210031347;0.11607142857142856;0.14;0.10526315789473684;0.0;0.23148148148148145;0.062189054726368154;0.15384615384615385;0.10655737704918034;0.05405405405405406;0.07826086956521738;0.0547945205479452
0.0;1.0;0.0;1.0;1.0;1.0;1.0;0.4444444444444445;1.0;0.2;0.0;0.07692307692307693;0.23504273504273507;1.0;1.0;1.0;1.0;1.0;1.0;1.0;0.16814159292035397;0.18421052631578946;0.041666666666666664;0.22099447513812154;0.2272727272727273;0.25;0.07142857142857142;0.0;0.30434782608695654;0.7857142857142857;0.19254658385093165;0.0;0.3879310344827586;0.09876543209876544;0.07936507936507936;0.08333333333333333;0.1;0.0;0.34375;0.4;0.21153846153846154;0.2272727272727273;0.18181818181818182;0.0;0.3157894736842105;0.30000000000000004;0.24761904761904763;0.11711711711711711;0.061224489795918366;0.2631578947368421;0.22340425531914893;0.265625;0.2616822429906542;0.25757575757575757;0.0913978494623656;0.06666666666666667;0.2285714285714286;0.30000000000000004;0.10400000000000001;0.4;0.25;0.38095238095238093;0.31632653061224486;0.15217391304347827;0.1388888888888889;0.2553191489361702;0.2833333333333333;0.14634146341463417;0.18433179723502305;0.21052631578947367;0.06666666666666667;0.0;0.22884012539184953;0.375;0.06;0.21052631578947367;0.1875;0.23148148148148145;0.22139303482587064;0.13846153846153847;0.2377049180327869;0.21621621621621623;0.30000000000000004;0.0
1.0;0.0;0.0;1.0;1.0;0.0;0.0;0.25;1.0;0.6000000000000001;0.09090909090909091;0.23076923076923078;0.2606837606837607;1.0;1.0;1.0;1.0;0.0;1.0;0.0;0.035398230088495575;0.15789473684210525;0.020833333333333332;0.07734806629834254;0.18181818181818182;0.09375;0.07142857142857142;0.0;0.17391304347826086;0.21428571428571427;0.06832298136645962;0.0;0.16810344827586207;0.05761316872427984;0.031746031746031744;0.0;0.006666666666666667;0.0;0.15625;0.2;0.05769230769230769;0.14772727272727273;0.09090909090909091;0.0;0.12280701754385964;0.025;0.14285714285714288;0.03153153153153153;0.0;0.14035087719298245;0.0851063829787234;0.03125;0.1308411214953271;0.10606060606060606;0.016129032258064516;0.0;0.1142857142857143;0.06153846153846154;0.048;0.13333333333333333;0.08333333333333333;0.047619047619047616;0.17346938775510204;0.07608695652173914;0.05555555555555555;0.14184397163120566;0.06666666666666667;0.04878048780487805;0.06451612903225806;0.14736842105263157;0.06666666666666667;0.0;0.08463949843260188;0.2232142857142857;0.04;0.02631578947368421;0.0;0.1111111111111111;0.0945273631840796;0.13846153846153847;0.13114754098360656;0.10810810810810811;0.1565217391304348;0.0
0.0;0.0;0.0;0.0;0.0;0.0;0.0;0.25;0.0;0.0;0.030303030303030304;0.07692307692307693;0.047008547008547015;1.0;1.0;0.0;1.0;0.0;1.0;1.0;0.02654867256637168;0.10526315789473684;0.020833333333333332;0.11049723756906077;0.045454545454545456;0.03125;0.0;0.0;0.043478260869565216;0.14285714285714285;0.037267080745341616;0.043478260869565216;0.10775862068965517;0.020576131687242802;0.047619047619047616;0.041666666666666664;0.02;0.0;0.0625;0.0;0.07051282051282051;0.09090909090909091;0.0;0.0;0.05263157894736842;0.1;0.0380952380952381;0.02702702702702703;0.08163265306122448;0.10526315789473684;0.05319148936170213;0.03125;0.06542056074766354;0.030303030303030304;0.010752688172043012;0.0;0.1523809523809524;0.06923076923076923;0.0;0.06666666666666667;0.0;0.0;0.09183673469387754;0.05434782608695652;0.027777777777777776;0.06382978723404255;0.13333333333333333;0.04065040650406505;0.041474654377880185;0.11578947368421053;0.06666666666666667;0.0;0.07836990595611285;0.05357142857142857;0.02;0.05263157894736842;0.0;0.046296296296296294;0.05721393034825871;0.0;0.03278688524590164;0.05405405405405406;0.08260869565217391;0.0
0.0;0.0;0.0;1.0;0.0;0.0;0.0;0.11111111111111109;0.0;0.0;0.06060606060606061;0.07692307692307693;0.10256410256410259;1.0;1.0;0.0;1.0;0.0;1.0;0.0;0.035398230088495575;0.02631578947368421;0.0;0.06629834254143646;0.030303030303030304;0.125;0.14285714285714285;0.030303030303030304;0.08695652173913043;0.3571428571428571;0.018633540372670808;0.0;0.09482758620689655;0.02469135802469136;0.0;0.08333333333333333;0.0;0.0;0.1875;0.0;0.05128205128205128;0.06818181818181818;0.0;0.0;0.08771929824561403;0.07500000000000001;0.1142857142857143;0.009009009009009009;0.04081632653061224;0.05263157894736842;0.0851063829787234;0.078125;0.102803738317757;0.015151515151515152;0.005376344086021506;0.0;0.06666666666666668;0.08461538461538462;0.016;0.06666666666666667;0.08333333333333333;0.19047619047619047;0.08163265306122448;0.03260869565217391;0.08333333333333333;0.02836879432624113;0.08333333333333333;0.04065040650406505;0.02304147465437788;0.05263157894736842;0.06666666666666667;0.0;0.04388714733542319;0.09821428571428571;0.04;0.07894736842105263;0.0625;0.09259259259259259;0.03233830845771144;0.046153846153846156;0.04918032786885246;0.08108108108108109;0.07826086956521738;0.0
0.0;0.0;0.0;1.0;0.0;0.0;0.0;0.19444444444444448;1.0;0.4;0.030303030303030304;0.3076923076923077;0.07264957264957267;1.0;1.0;0.0;1.0;0.0;1.0;0.0;0.11504424778761062;0.15789473684210525;0.020833333333333332;0.15469613259668508;0.09090909090909091;0.09375;0.0;0.0;0.34782608695652173;0.21428571428571427;0.05590062111801242;0.043478260869565216;0.22413793103448276;0.03292181069958848;0.015873015873015872;0.16666666666666666;0.02666666666666667;0.0;0.3125;0.0;0.1346153846153846;0.17045454545454547;0.0;0.0;0.14035087719298245;0.125;0.14285714285714288;0.04054054054054054;0.04081632653061224;0.2807017543859649;0.1276595744680851;0.109375;0.1588785046728972;0.06060606060606061;0.03225806451612903;0.0;0.1523809523809524;0.12307692307692308;0.008;0.06666666666666667;0.08333333333333333;0.19047619047619047;0.2346938775510204;0.06521739130434782;0.3055555555555555;0.09929078014184398;0.2;0.0975609756097561;0.03686635944700461;0.16842105263157894;0.2;0.0;0.13793103448275862;0.125;0.04;0.02631578947368421;0.0;0.18518518518518517;0.08955223880597014;0.16923076923076924;0.24590163934426232;0.0945945945945946;0.1782608695652174;0.0
0.0;0.0;0.0;1.0;1.0;0.0;0.0;0.1388888888888889;1.0;0.6000000000000001;0.030303030303030304;0.07692307692307693;0.0854700854700855;1.0;0.0;0.0;1.0;0.0;0.0;0.0;0.04424778761061947;0.02631578947368421;0.0;0.03867403314917127;0.09090909090909091;0.03125;0.07142857142857142;0.0;0.0;0.0;0.037267080745341616;0.0;0.08189655172413793;0.01646090534979424;0.0;0.08333333333333333;0.0;0.0;0.0625;0.0;0.03205128205128205;0.011363636363636364;0.0;0.0;0.07017543859649122;0.07500000000000001;0.08571428571428572;0.0;0.02040816326530612;0.05263157894736842;0.0425531914893617;0.046875;0.05607476635514018;0.015151515151515152;0.005376344086021506;0.0;0.0761904761904762;0.046153846153846156;0.008;0.0;0.0;0.047619047619047616;0.061224489795918366;0.03260869565217391;0.08333333333333333;0.035460992907801414;0.06666666666666667;0.024390243902439025;0.004608294930875576;0.1368421052631579;0.13333333333333333;0.0;0.04075235109717868;0.0625;0.04;0.02631578947368421;0.0;0.10185185185185185;0.017412935323383085;0.09230769230769231;0.07377049180327869;0.04054054054054054;0.07391304347826087;0.0
0.0;0.0;0.0;0.0;0.0;0.0;0.0;0.3611111111111111;1.0;0.2;0.36363636363636365;0.23076923076923078;0.07264957264957267;0.0;0.0;0.0;0.0;0.0;0.0;0.0;0.23893805309734512;0.05263157894736842;0.22916666666666666;0.287292817679558;0.07575757575757576;0.03125;0.0;0.0;0.043478260869565216;0.07142857142857142;0.2546583850931677;0.5652173913043478;0.11206896551724138;0.20987654320987656;0.2698412698412698;0.0;0.30000000000000004;0.0;0.0;0.0;0.21794871794871795;0.125;0.0;0.0;0.10526315789473684;0.07500000000000001;0.08571428571428572;0.11261261261261261;0.6530612244897959;0.05263157894736842;0.09574468085106383;0.0625;0.1588785046728972;0.13636363636363635;0.13440860215053765;0.4666666666666667;0.09523809523809526;0.09230769230769231;0.016;0.2;0.16666666666666666;0.14285714285714285;0.18367346938775508;0.21739130434782608;0.05555555555555555;0.2836879432624113;0.08333333333333333;0.032520325203252036;0.2304147465437788;0.06315789473684211;0.0;0.08;0.2476489028213166;0.09821428571428571;0.06;0.13157894736842105;0.0;0.08333333333333333;0.19900497512437812;0.06153846153846154;0.09016393442622951;0.2972972972972973;0.2565217391304348;0.0136986301369863
0.0;1.0;1.0;1.0;1.0;0.0;0.0;0.3611111111111111;1.0;0.2;0.12121212121212122;0.15384615384615385;0.16666666666666669;1.0;0.0;0.0;0.0;0.0;0.0;0.0;0.16814159292035397;0.10526315789473684;0.29166666666666663;0.3756906077348066;0.07575757575757576;0.0;0.0;0.0;0.21739130434782608;0.2857142857142857;0.24223602484472048;0.13043478260869565;0.28448275862068967;0.205761316872428;0.14285714285714285;0.0;0.16;0.0;0.09375;0.0;0.20512820512820512;0.2272727272727273;0.18181818181818182;0.0;0.21052631578947367;0.05;0.2285714285714286;0.16216216216216217;0.14285714285714285;0.12280701754385964;0.11702127659574468;0.078125;0.23364485981308408;0.24242424242424243;0.11290322580645162;0.2;0.24761904761904766;0.13846153846153847;0.048;0.26666666666666666;0.16666666666666666;0.23809523809523808;0.21428571428571427;0.25;0.19444444444444442;0.3120567375886525;0.13333333333333333;0.04065040650406505;0.1935483870967742;0.07368421052631578;0.06666666666666667;0.04;0.2946708463949843;0.2232142857142857;0.1;0.07894736842105263;0.0625;0.12962962962962962;0.263681592039801;0.13846153846153847;0.18852459016393444;0.7567567567567568;0.21739130434782608;0.0
0.0;0.0;1.0;1.0;0.0;0.0;0.0;0.25;1.0;0.2;0.30303030303030304;0.07692307692307693;0.30341880341880345;1.0;1.0;1.0;1.0;1.0;1.0;1.0;0.17699115044247787;0.4473684210526315;0.1875;0.2099447513812155;0.3181818181818182;0.28125;0.2857142857142857;0.24242424242424243;0.2608695652173913;0.7142857142857142;0.18012422360248445;0.08695652173913043;0.3146551724137931;0.13991769547325103;0.047619047619047616;0.041666666666666664;0.1;0.16666666666666666;0.25;0.2;0.1858974358974359;0.20454545454545456;0.09090909090909091;0.0;0.3508771929824561;0.275;0.2380952380952381;0.0945945945945946;0.1020408163265306;0.3157894736842105;0.2553191489361702;0.171875;0.2897196261682243;0.13636363636363635;0.09677419354838711;0.06666666666666667;0.2285714285714286;0.2153846153846154;0.152;0.26666666666666666;0.25;0.38095238095238093;0.3061224489795918;0.17391304347826086;0.25;0.19858156028368792;0.31666666666666665;0.1869918699186992;0.15207373271889402;0.18947368421052632;0.2;0.04;0.17868338557993732;0.29464285714285715;0.38;0.5789473684210527;0.25;0.35185185185185186;0.16666666666666666;0.23076923076923078;0.30327868852459017;0.20270270270270271;0.1391304347826087;0.0958904109589041
0.0;1.0;1.0;1.0;1.0;1.0;1.0;0.4444444444444445;1.0;1.0;0.24242424242424243;0.07692307692307693;0.15811965811965814;1.0;0.0;0.0;0.0;0.0;0.0;0.0;0.25663716814159293;0.21052631578947367;0.14583333333333331;0.34806629834254144;0.2272727272727273;0.09375;0.0;0.030303030303030304;0.17391304347826086;0.21428571428571427;0.2546583850931677;0.17391304347826086;0.2629310344827586;0.27983539094650206;0.12698412698412698;0.0;0.2;0.0;0.1875;0.2;0.23076923076923075;0.2159090909090909;0.09090909090909091;0.0;0.17543859649122806;0.07500000000000001;0.18095238095238098;0.20270270270270271;0.24489795918367346;0.2807017543859649;0.10638297872340426;0.078125;0.16822429906542055;0.2878787878787879;0.20967741935483872;0.23333333333333334;0.26666666666666666;0.11538461538461539;0.08;0.3333333333333333;0.25;0.14285714285714285;0.2755102040816326;0.2717391304347826;0.16666666666666666;0.2978723404255319;0.16666666666666666;0.07317073170731708;0.25806451612903225;0.12631578947368421;0.0;0.24;0.2789968652037617;0.2857142857142857;0.3;0.21052631578947367;0.125;0.15740740740740738;0.2860696517412935;0.1076923076923077;0.2213114754098361;0.6081081081081081;0.32173913043478264;0.0
0.0;0.0;0.0;1.0;0.0;0.0;0.0;0.2222222222222222;0.0;0.0;0.030303030303030304;0.15384615384615385;0.12393162393162396;1.0;0.0;0.0;1.0;0.0;0.0;0.0;0.035398230088495575;0.07894736842105263;0.020833333333333332;0.04419889502762431;0.13636363636363635;0.15625;0.21428571428571427;0.030303030303030304;0.043478260869565216;0.07142857142857142;0.06211180124223602;0.043478260869565216;0.10775862068965517;0.06584362139917696;0.0;0.08333333333333333;0.013333333333333334;0.16666666666666666;0.1875;0.0;0.07692307692307693;0.06818181818181818;0.09090909090909091;0.0;0.17543859649122806;0.0;0.13333333333333336;0.03153153153153153;0.061224489795918366;0.05263157894736842;0.031914893617021274;0.0625;0.09345794392523364;0.030303030303030304;0.02688172043010753;0.06666666666666667;0.08571428571428572;0.08461538461538462;0.032;0.06666666666666667;0.08333333333333333;0.09523809523809523;0.14285714285714285;0.043478260869565216;0.08333333333333333;0.07092198581560284;0.16666666666666666;0.0975609756097561;0.059907834101382486;0.021052631578947368;0.0;0.04;0.05956112852664576;0.08928571428571427;0.22;0.15789473684210525;0.25;0.07407407407407407;0.06965174129353234;0.06153846153846154;0.07377049180327869;0.04054054054054054;0.06956521739130435;0.0
0.0;1.0;1.0;1.0;0.0;0.0;0.0;0.3055555555555555;1.0;0.4;0.09090909090909091;0.07692307692307693;0.2606837606837607;1.0;1.0;0.0;1.0;0.0;1.0;0.0;0.07079646017699115;0.13157894736842105;0.020833333333333332;0.14917127071823205;0.13636363636363635;0.15625;0.21428571428571427;0.2727272727272727;0.08695652173913043;0.14285714285714285;0.12422360248447203;0.21739130434782608;0.1896551724137931;0.10699588477366256;0.047619047619047616;0.041666666666666664;0.08666666666666667;0.3333333333333333;0.125;0.4;0.11538461538461538;0.14772727272727273;0.36363636363636365;0.0;0.15789473684210525;0.225;0.17142857142857143;0.06306306306306306;0.061224489795918366;0.08771929824561403;0.1276595744680851;0.203125;0.11214953271028036;0.10606060606060606;0.043010752688172046;0.06666666666666667;0.18095238095238098;0.15384615384615385;0.168;0.13333333333333333;0.08333333333333333;0.3333333333333333;0.1530612244897959;0.06521739130434782;0.05555555555555555;0.12056737588652482;0.15;0.17073170731707318;0.10138248847926268;0.11578947368421053;0.06666666666666667;0.0;0.1128526645768025;0.25;0.16;0.2894736842105263;0.25;0.19444444444444442;0.11691542288557213;0.09230769230769231;0.13114754098360656;0.0945945945945946;0.11304347826086956;0.0136986301369863
0.0;1.0;1.0;1.0;1.0;1.0;1.0;0.5833333333333333;1.0;0.6000000000000001;0.0;0.07692307692307693;0.09401709401709404;0.0;0.0;0.0;0.0;0.0;0.0;0.0;0.3893805309734513;0.47368421052631576;0.4375;0.6574585635359116;0.21212121212121213;0.09375;0.0;0.0;0.21739130434782608;0.14285714285714285;0.6211180124223602;0.34782608695652173;0.25;0.48971193415637865;0.5714285714285714;0.0;0.54;0.0;0.1875;0.0;0.5;0.2272727272727273;0.09090909090909091;0.0;0.22807017543859648;0.025;0.08571428571428572;0.4189189189189189;0.9999999999999999;0.12280701754385964;0.07446808510638298;0.0625;0.23364485981308408;0.3939393939393939;0.3602150537634409;0.8333333333333334;0.3238095238095238;0.16923076923076924;0.224;0.4;0.5833333333333333;0.23809523809523808;0.24489795918367346;0.6195652173913043;0.1111111111111111;0.5531914893617021;0.18333333333333332;0.07317073170731708;0.4838709677419355;0.06315789473684211;0.0;0.4;0.5109717868338558;0.36607142857142855;0.16;0.2631578947368421;0.0625;0.15740740740740738;0.47512437810945274;0.09230769230769231;0.10655737704918034;0.6351351351351352;0.4782608695652174;0.0
0.0;1.0;0.0;1.0;0.0;0.0;0.0;0.2777777777777778;0.0;0.0;0.0;0.0;0.21367521367521372;0.0;1.0;0.0;0.0;0.0;0.0;1.0;0.16814159292035397;0.15789473684210525;0.35416666666666663;0.27071823204419887;0.19696969696969696;0.28125;0.07142857142857142;0.06060606060606061;0.21739130434782608;0.2857142857142857;0.13043478260869565;0.043478260869565216;0.40086206896551724;0.09053497942386832;0.015873015873015872;0.0;0.11333333333333334;0.3333333333333333;0.21875;0.0;0.23076923076923075;0.2159090909090909;0.0;0.0;0.19298245614035087;0.375;0.28571428571428575;0.04054054054054054;0.0;0.3508771929824561;0.36170212765957444;0.296875;0.34579439252336447;0.10606060606060606;0.03763440860215054;0.03333333333333333;0.2857142857142857;0.4153846153846154;0.064;0.2;0.08333333333333333;0.2857142857142857;0.37755102040816324;0.17391304347826086;0.3611111111111111;0.2978723404255319;0.1;0.0975609756097561;0.1152073732718894;0.3157894736842105;0.26666666666666666;0.08;0.219435736677116;0.3214285714285714;0.18;0.07894736842105263;0.0625;0.37037037037037035;0.17661691542288557;0.1076923076923077;0.07377049180327869;0.4864864864864865;0.2739130434782609;0.0
0.0;1.0;0.0;1.0;1.0;0.0;0.0;0.3611111111111111;1.0;0.2;0.06060606060606061;0.07692307692307693;0.10683760683760685;0.0;0.0;0.0;0.0;0.0;0.0;0.0;0.3893805309734513;0.13157894736842105;0.3333333333333333;0.47513812154696133;0.18181818181818182;0.125;0.0;0.0;0.08695652173913043;0.07142857142857142;0.2670807453416149;0.08695652173913043;0.3146551724137931;0.29629629629629634;0.12698412698412698;0.0;0.32666666666666666;0.0;0.0625;0.0;0.391025641025641;0.18181818181818182;0.0;0.0;0.24561403508771928;0.025;0.1142857142857143;0.36036036036036034;0.4897959183673469;0.15789473684210525;0.0851063829787234;0.078125;0.1588785046728972;0.2727272727272727;0.31720430107526887;0.5666666666666667;0.12380952380952384;0.11538461538461539;0.024;0.2;0.3333333333333333;0.047619047619047616;0.3061224489795918;0.18478260869565216;0.1388888888888889;0.4680851063829787;0.08333333333333333;0.11382113821138212;0.2995391705069124;0.07368421052631578;0.0;0.28;0.3730407523510971;0.21428571428571427;0.18;0.07894736842105263;0.0625;0.25;0.3009950248756219;0.23076923076923078;0.30327868852459017;0.4864864864864865;0.35652173913043483;0.0
0.0;0.0;0.0;1.0;1.0;0.0;0.0;0.47222222222222227;0.0;0.0;0.09090909090909091;0.15384615384615385;0.11111111111111113;0.0;0.0;0.0;1.0;0.0;0.0;0.0;0.008849557522123894;0.0;0.020833333333333332;0.0055248618784530384;0.030303030303030304;0.09375;0.07142857142857142;0.030303030303030304;0.043478260869565216;0.0;0.018633540372670808;0.0;0.05172413793103448;0.00411522633744856;0.0;0.041666666666666664;0.0;0.0;0.0625;0.0;0.019230769230769232;0.022727272727272728;0.0;0.0;0.03508771929824561;0.0;0.0380952380952381;0.013513513513513514;0.0;0.05263157894736842;0.02127659574468085;0.03125;0.06542056074766354;0.0;0.0;0.0;0.01904761904761905;0.046153846153846156;0.008;0.06666666666666667;0.08333333333333333;0.0;0.061224489795918366;0.010869565217391304;0.027777777777777776;0.02127659574468085;0.03333333333333333;0.008130081300813009;0.009216589861751152;0.021052631578947368;0.0;0.0;0.012539184952978056;0.0625;0.02;0.07894736842105263;0.0625;0.046296296296296294;0.00746268656716418;0.046153846153846156;0.01639344262295082;0.05405405405405406;0.026086956521739132;0.0
0.0;1.0;0.0;1.0;0.0;0.0;0.0;0.2777777777777778;0.0;0.0;0.030303030303030304;0.0;0.22222222222222224;1.0;1.0;0.0;1.0;0.0;1.0;1.0;0.07079646017699115;0.18421052631578946;0.041666666666666664;0.07734806629834254;0.15151515151515152;0.21875;0.14285714285714285;0.06060606060606061;0.17391304347826086;0.07142857142857142;0.037267080745341616;0.0;0.1810344827586207;0.05349794238683128;0.0;0.08333333333333333;0.013333333333333334;0.0;0.0625;0.0;0.07692307692307693;0.2727272727272727;0.09090909090909091;0.0;0.19298245614035087;0.15000000000000002;0.1523809523809524;0.018018018018018018;0.0;0.19298245614035087;0.13829787234042554;0.09375;0.09345794392523364;0.07575757575757576;0.021505376344086023;0.06666666666666667;0.20952380952380956;0.1;0.064;0.3333333333333333;0.16666666666666666;0.09523809523809523;0.18367346938775508;0.06521739130434782;0.25;0.10638297872340426;0.18333333333333332;0.05691056910569106;0.04608294930875576;0.11578947368421053;0.0;0.04;0.07210031347962383;0.1875;0.2;0.13157894736842105;0.125;0.19444444444444442;0.07213930348258707;0.16923076923076924;0.1639344262295082;0.1891891891891892;0.11304347826086956;0.0
0.0;0.0;0.0;1.0;0.0;0.0;0.0;0.4166666666666667;1.0;0.2;0.12121212121212122;0.15384615384615385;0.2692307692307692;0.0;1.0;0.0;0.0;0.0;0.0;1.0;0.2654867256637168;0.3157894736842105;0.1875;0.2983425414364641;0.48484848484848486;0.5625;0.5;0.2727272727272727;0.4782608695652174;0.14285714285714285;0.17391304347826086;0.17391304347826086;0.5517241379310345;0.23456790123456792;0.06349206349206349;0.16666666666666666;0.29333333333333333;0.0;0.34375;0.4;0.2756410256410256;0.4090909090909091;0.18181818181818182;0.0;0.5438596491228069;0.2;0.4;0.28378378378378377;0.1020408163265306;0.47368421052631576;0.2765957446808511;0.1875;0.37383177570093457;0.2727272727272727;0.16129032258064518;0.16666666666666666;0.5904761904761906;0.34615384615384615;0.216;0.26666666666666666;0.16666666666666666;0.47619047619047616;0.4897959183673469;0.2608695652173913;0.38888888888888884;0.46099290780141844;0.31666666666666665;0.24390243902439027;0.29493087557603687;0.11578947368421053;0.4666666666666667;0.16;0.2789968652037617;0.6160714285714285;0.6;0.42105263157894735;0.6875;0.4907407407407407;0.32587064676616917;0.2153846153846154;0.2377049180327869;0.44594594594594594;0.4173913043478261;0.0273972602739726
1.0;1.0;0.0;0.0;0.0;0.0;0.0;0.2222222222222222;1.0;0.2;0.030303030303030304;0.07692307692307693;0.10683760683760685;0.0;1.0;0.0;0.0;0.0;0.0;1.0;0.30973451327433627;0.21052631578947367;0.625;0.287292817679558;0.15151515151515152;0.09375;0.14285714285714285;0.18181818181818182;0.2608695652173913;0.2857142857142857;0.21739130434782608;0.2608695652173913;0.4568965517241379;0.11934156378600824;0.07936507936507936;0.25;0.16666666666666669;0.5;0.25;0.0;0.23076923076923075;0.2840909090909091;0.6363636363636364;0.0;0.21052631578947367;0.275;0.43809523809523815;0.1036036036036036;0.24489795918367346;0.2982456140350877;0.35106382978723405;0.3125;0.37383177570093457;0.12121212121212122;0.06451612903225806;0.3;0.3333333333333333;0.38461538461538464;0.176;0.26666666666666666;0.3333333333333333;0.23809523809523808;0.36734693877551017;0.19565217391304346;0.3055555555555555;0.3404255319148936;0.23333333333333334;0.13008130081300814;0.1382488479262673;0.24210526315789474;0.26666666666666666;0.08;0.2915360501567398;0.3214285714285714;0.2;0.2894736842105263;0.1875;0.34259259259259256;0.24378109452736318;0.2;0.2540983606557377;0.3783783783783784;0.2956521739130435;0.0136986301369863
0.0;0.0;0.0;1.0;0.0;0.0;0.0;0.25;0.0;0.0;0.09090909090909091;0.07692307692307693;0.12820512820512822;1.0;1.0;0.0;1.0;0.0;1.0;1.0;0.02654867256637168;0.0;0.020833333333333332;0.04419889502762431;0.18181818181818182;0.09375;0.0;0.030303030303030304;0.08695652173913043;0.0;0.043478260869565216;0.0;0.09482758620689655;0.05349794238683128;0.0;0.0;0.03333333333333333;0.0;0.0625;0.2;0.04487179487179487;0.14772727272727273;0.0;0.0;0.07017543859649122;0.025;0.0761904761904762;0.06756756756756757;0.061224489795918366;0.03508771929824561;0.02127659574468085;0.078125;0.07476635514018691;0.07575757575757576;0.043010752688172046;0.0;0.0380952380952381;0.05384615384615385;0.048;0.0;0.0;0.0;0.0510204081632653;0.043478260869565216;0.19444444444444442;0.06382978723404255;0.06666666666666667;0.05691056910569106;0.08294930875576037;0.042105263157894736;0.0;0.0;0.06269592476489028;0.08035714285714285;0.1;0.07894736842105263;0.125;0.12962962962962962;0.03980099502487562;0.03076923076923077;0.03278688524590164;0.14864864864864866;0.07826086956521738;0.0
0.0;1.0;0.0;1.0;0.0;0.0;0.0;0.25;1.0;0.2;0.06060606060606061;0.07692307692307693;0.04273504273504274;0.0;0.0;0.0;0.0;0.0;0.0;0.0;0.1327433628318584;0.02631578947368421;0.08333333333333333;0.281767955801105;0.10606060606060606;0.09375;0.0;0.0;0.13043478260869565;0.3571428571428571;0.19875776397515527;0.13043478260869565;0.13793103448275862;0.20987654320987656;0.1746031746031746;0.125;0.2;0.16666666666666666;0.15625;0.0;0.16025641025641024;0.26136363636363635;0.18181818181818182;0.0;0.14035087719298245;0.0;0.13333333333333336;0.15765765765765766;0.5714285714285714;0.07017543859649122;0.06382978723404255;0.0;0.18691588785046728;0.16666666666666669;0.15591397849462366;0.3;0.12380952380952384;0.11538461538461539;0.056;0.2;0.0;0.0;0.14285714285714285;0.21739130434782608;0.1388888888888889;0.21985815602836878;0.1;0.04878048780487805;0.2626728110599078;0.08421052631578947;0.0;0.12;0.219435736677116;0.17857142857142855;0.06;0.05263157894736842;0.0;0.19444444444444442;0.1691542288557214;0.1076923076923077;0.11475409836065574;0.4864864864864865;0.2391304347826087;0.0
0.0;0.0;0.0;0.0;0.0;0.0;0.0;0.11111111111111109;0.0;0.0;0.0;0.0;0.02564102564102564;0.0;1.0;1.0;0.0;1.0;1.0;0.0;0.035398230088495575;0.05263157894736842;0.125;0.03314917127071823;0.015151515151515152;0.0;0.14285714285714285;0.06060606060606061;0.043478260869565216;0.07142857142857142;0.024844720496894408;0.0;0.06034482758620689;0.020576131687242802;0.031746031746031744;0.08333333333333333;0.006666666666666667;0.0;0.125;0.0;0.038461538461538464;0.03409090909090909;0.0;0.0;0.07017543859649122;0.05;0.05714285714285715;0.018018018018018018;0.04081632653061224;0.03508771929824561;0.05319148936170213;0.03125;0.102803738317757;0.0;0.021505376344086023;0.0;0.01904761904761905;0.046153846153846156;0.016;0.0;0.0;0.047619047619047616;0.08163265306122448;0.010869565217391304;0.027777777777777776;0.014184397163120567;0.1;0.05691056910569106;0.04608294930875576;0.021052631578947368;0.06666666666666667;0.0;0.04702194357366771;0.026785714285714284;0.04;0.02631578947368421;0.0625;0.1111111111111111;0.009950248756218905;0.015384615384615385;0.05737704918032787;0.06756756756756757;0.04782608695652174;0.0136986301369863
0.0;0.0;0.0;0.0;0.0;0.0;0.0;0.027777777777777776;0.0;0.0;0.0;0.07692307692307693;0.012820512820512824;0.0;0.0;0.0;0.0;0.0;0.0;0.0;0.02654867256637168;0.0;0.0625;0.027624309392265192;0.09090909090909091;0.0625;0.07142857142857142;0.09090909090909091;0.0;0.0;0.024844720496894408;0.0;0.09482758620689655;0.02469135802469136;0.031746031746031744;0.08333333333333333;0.03333333333333333;0.0;0.0;0.0;0.0641025641025641;0.11363636363636365;0.09090909090909091;1.0;0.07017543859649122;0.07500000000000001;0.09523809523809525;0.02252252252252252;0.02040816326530612;0.05263157894736842;0.09574468085106383;0.015625;0.14018691588785046;0.030303030303030304;0.016129032258064516;0.03333333333333333;0.01904761904761905;0.03076923076923077;0.024;0.06666666666666667;0.08333333333333333;0.047619047619047616;0.061224489795918366;0.05434782608695652;0.027777777777777776;0.035460992907801414;0.06666666666666667;0.0894308943089431;0.03686635944700461;0.06315789473684211;0.0;0.0;0.05642633228840125;0.08035714285714285;0.04;0.07894736842105263;0.0625;0.1111111111111111;0.03233830845771144;0.03076923076923077;0.07377049180327869;0.02702702702702703;0.06521739130434782;0.0958904109589041
0.0;0.0;0.0;1.0;0.0;1.0;0.0;0.25;1.0;0.2;0.09090909090909091;0.07692307692307693;0.11965811965811968;0.0;0.0;0.0;0.0;0.0;0.0;0.0;0.5752212389380531;0.5789473684210527;0.041666666666666664;0.3425414364640884;0.8939393939393939;0.875;0.3571428571428571;1.0;0.43478260869565216;0.21428571428571427;0.39751552795031053;0.13043478260869565;0.7413793103448276;0.32510288065843623;0.23809523809523808;0.08333333333333333;0.24666666666666667;0.16666666666666666;0.40625;1.0;0.49358974358974356;0.3068181818181818;0.36363636363636365;1.0;0.6842105263157894;0.375;0.6666666666666667;0.23873873873873874;0.14285714285714285;0.5087719298245614;0.44680851063829785;0.375;0.7476635514018691;0.30303030303030304;0.19892473118279572;0.26666666666666666;0.523809523809524;0.48461538461538467;0.41600000000000004;0.6;0.9166666666666666;0.3333333333333333;0.6428571428571428;0.34782608695652173;0.5277777777777778;0.524822695035461;0.5833333333333334;0.5609756097560976;0.3225806451612903;0.29473684210526313;0.7333333333333333;0.12;0.42006269592476486;0.7232142857142857;1.0;0.9736842105263157;0.9375;0.6203703703703703;0.4825870646766169;0.49230769230769234;0.5;0.31081081081081086;0.40869565217391307;0.0958904109589041
1.0;0.0;0.0;1.0;0.0;1.0;0.0;0.16666666666666669;1.0;0.2;0.030303030303030304;0.07692307692307693;0.1324786324786325;0.0;1.0;0.0;0.0;0.0;0.0;1.0;0.11504424778761062;0.02631578947368421;0.0;0.11049723756906077;0.15151515151515152;0.09375;0.0;0.0;0.08695652173913043;0.07142857142857142;0.09316770186335403;0.0;0.16379310344827586;0.08641975308641976;0.015873015873015872;0.0;0.03333333333333333;0.16666666666666666;0.03125;0.0;0.10256410256410256;0.10227272727272728;0.0;0.0;0.12280701754385964;0.15000000000000002;0.18095238095238098;0.04954954954954955;0.04081632653061224;0.03508771929824561;0.10638297872340426;0.078125;0.205607476635514;0.07575757575757576;0.03763440860215054;0.03333333333333333;0.10476190476190478;0.11538461538461539;0.056;0.26666666666666666;0.16666666666666666;0.14285714285714285;0.12244897959183673;0.14130434782608695;0.08333333333333333;0.11347517730496454;0.0;0.016260162601626018;0.059907834101382486;0.021052631578947368;0.0;0.04;0.11598746081504702;0.15178571428571427;0.1;0.10526315789473684;0.0;0.037037037037037035;0.12686567164179105;0.07692307692307693;0.11475409836065574;0.21621621621621623;0.15217391304347827;0.0
0.0;0.0;1.0;1.0;1.0;0.0;0.0;0.3333333333333333;1.0;0.4;0.06060606060606061;0.15384615384615385;0.08119658119658121;0.0;1.0;0.0;0.0;0.0;0.0;1.0;0.415929203539823;0.07894736842105263;0.125;0.4530386740331492;0.15151515151515152;0.09375;0.0;0.0;0.08695652173913043;0.07142857142857142;0.3602484472049689;0.21739130434782608;0.15948275862068964;0.37448559670781895;0.15873015873015872;0.0;0.31333333333333335;0.16666666666666666;0.03125;0.0;0.34615384615384615;0.13636363636363635;0.0;0.0;0.22807017543859648;0.125;0.18095238095238098;0.22522522522522523;0.36734693877551017;0.08771929824561403;0.0851063829787234;0.125;0.205607476635514;0.2272727272727273;0.24193548387096775;0.3;0.1142857142857143;0.13846153846153847;0.056;0.13333333333333333;0.08333333333333333;0.14285714285714285;0.22448979591836732;0.43478260869565216;0.08333333333333333;0.36170212765957444;0.08333333333333333;0.0813008130081301;0.2350230414746544;0.06315789473684211;0.06666666666666667;0.36;0.3667711598746081;0.11607142857142856;0.14;0.02631578947368421;0.0625;0.1111111111111111;0.3009950248756219;0.07692307692307693;0.04918032786885246;0.5675675675675675;0.34347826086956523;0.0
1.0;0.0;0.0;0.0;0.0;0.0;0.0;0.16666666666666669;1.0;0.4;0.06060606060606061;0.15384615384615385;0.11111111111111113;1.0;1.0;1.0;0.0;0.0;1.0;0.0;0.07964601769911504;0.13157894736842105;0.041666666666666664;0.0718232044198895;0.07575757575757576;0.125;0.07142857142857142;0.0;0.13043478260869565;0.14285714285714285;0.06211180124223602;0.043478260869565216;0.09913793103448276;0.05349794238683128;0.06349206349206349;0.041666666666666664;0.02666666666666667;0.0;0.0625;0.2;0.07051282051282051;0.07954545454545454;0.0;0.0;0.10526315789473684;0.025;0.0761904761904762;0.05405405405405406;0.1020408163265306;0.07017543859649122;0.0425531914893617;0.046875;0.11214953271028036;0.045454545454545456;0.043010752688172046;0.0;0.0761904761904762;0.1076923076923077;0.008;0.13333333333333333;0.16666666666666666;0.047619047619047616;0.14285714285714285;0.043478260869565216;0.16666666666666666;0.0921985815602837;0.1;0.05691056910569106;0.05529953917050691;0.05263157894736842;0.13333333333333333;0.04;0.04388714733542319;0.19642857142857142;0.06;0.05263157894736842;0.0625;0.1388888888888889;0.04975124378109453;0.046153846153846156;0.01639344262295082;0.08108108108108109;0.07391304347826087;0.0273972602739726
0.0;1.0;0.0;1.0;1.0;1.0;1.0;0.3888888888888889;0.0;0.0;0.06060606060606061;0.0;0.2692307692307692;1.0;1.0;1.0;1.0;1.0;0.0;1.0;0.30973451327433627;0.10526315789473684;0.020833333333333332;0.16574585635359118;0.30303030303030304;0.34375;0.07142857142857142;0.030303030303030304;0.13043478260869565;0.07142857142857142;0.10559006211180123;0.043478260869565216;0.2629310344827586;0.13168724279835392;0.031746031746031744;0.08333333333333333;0.05333333333333334;0.3333333333333333;0.25;0.0;0.1794871794871795;0.05681818181818182;0.0;0.0;0.19298245614035087;0.25;0.29523809523809524;0.04954954954954955;0.061224489795918366;0.14035087719298245;0.24468085106382978;0.15625;0.27102803738317754;0.045454545454545456;0.048387096774193554;0.0;0.26666666666666666;0.2923076923076923;0.128;0.26666666666666666;0.25;0.3333333333333333;0.3061224489795918;0.10869565217391304;0.2222222222222222;0.17730496453900707;0.15;0.07317073170731708;0.1336405529953917;0.23157894736842105;0.06666666666666667;0.0;0.15987460815047022;0.23214285714285712;0.34;0.10526315789473684;0.1875;0.09259259259259259;0.19900497512437812;0.24615384615384617;0.1639344262295082;0.2567567567567568;0.24347826086956523;0.0136986301369863
0.0;0.0;0.0;0.0;0.0;0.0;0.0;0.1388888888888889;0.0;0.0;0.09090909090909091;0.0;0.2094017094017094;1.0;1.0;0.0;1.0;0.0;1.0;0.0;0.05309734513274336;0.05263157894736842;0.0;0.016574585635359115;0.015151515151515152;0.03125;0.07142857142857142;0.21212121212121213;0.0;0.14285714285714285;0.049689440993788817;0.0;0.04741379310344827;0.020576131687242802;0.015873015873015872;0.0;0.02;0.0;0.03125;0.6000000000000001;0.02564102564102564;0.0;0.0;0.0;0.21052631578947367;0.05;0.05714285714285715;0.009009009009009009;0.02040816326530612;0.03508771929824561;0.0851063829787234;0.0625;0.05607476635514018;0.015151515151515152;0.0;0.03333333333333333;0.01904761904761905;0.046153846153846156;0.056;0.06666666666666667;0.16666666666666666;0.047619047619047616;0.08163265306122448;0.010869565217391304;0.027777777777777776;0.0070921985815602835;0.1;0.04878048780487805;0.03225806451612903;0.031578947368421054;0.06666666666666667;0.0;0.025078369905956112;0.04464285714285714;0.06;0.13157894736842105;0.1875;0.08333333333333333;0.00746268656716418;0.0;0.00819672131147541;0.05405405405405406;0.030434782608695653;0.0
0.0;0.0;1.0;1.0;1.0;1.0;0.0;0.16666666666666669;0.0;0.0;0.15151515151515152;0.07692307692307693;0.1452991452991453;1.0;0.0;0.0;1.0;0.0;0.0;0.0;0.3805309734513274;0.15789473684210525;0.0;0.18784530386740333;0.36363636363636365;0.34375;0.2857142857142857;0.09090909090909091;0.21739130434782608;0.14285714285714285;0.19875776397515527;0.13043478260869565;0.3146551724137931;0.22222222222222224;0.031746031746031744;0.041666666666666664;0.13333333333333333;0.3333333333333333;0.40625;0.4;0.2564102564102564;0.19318181818181818;0.09090909090909091;0.5;0.38596491228070173;0.225;0.3523809523809524;0.1036036036036036;0.02040816326530612;0.2631578947368421;0.23404255319148937;0.234375;0.35514018691588783;0.13636363636363635;0.07526881720430108;0.13333333333333333;0.2761904761904762;0.3076923076923077;0.2;0.26666666666666666;0.3333333333333333;0.23809523809523808;0.21428571428571427;0.22826086956521738;0.25;0.17730496453900707;0.31666666666666665;0.1869918699186992;0.2857142857142857;0.14736842105263157;0.06666666666666667;0.04;0.18808777429467086;0.4196428571428571;0.42;0.5;0.1875;0.24074074074074073;0.24378109452736318;0.24615384615384617;0.1721311475409836;0.28378378378378377;0.31739130434782614;0.0136986301369863
0.0;0.0;0.0;1.0;1.0;1.0;1.0;0.25;0.0;0.0;0.12121212121212122;0.3076923076923077;0.14102564102564105;1.0;0.0;0.0;1.0;0.0;0.0;0.0;0.18584070796460178;0.13157894736842105;0.0;0.1602209944751381;0.06060606060606061;0.1875;0.07142857142857142;0.06060606060606061;0.0;0.07142857142857142;0.08074534161490683;0.0;0.125;0.12757201646090535;0.015873015873015872;0.0;0.060000000000000005;0.16666666666666666;0.0625;0.0;0.16025641025641024;0.06818181818181818;0.0;0.0;0.07017543859649122;0.125;0.2;0.04054054054054054;0.02040816326530612;0.14035087719298245;0.11702127659574468;0.109375;0.14953271028037382;0.07575757575757576;0.03225806451612903;0.06666666666666667;0.1619047619047619;0.15384615384615385;0.04;0.13333333333333333;0.16666666666666666;0.047619047619047616;0.11224489795918366;0.14130434782608695;0.027777777777777776;0.1276595744680851;0.1;0.032520325203252036;0.09216589861751152;0.08421052631578947;0.0;0.0;0.10971786833855798;0.15178571428571427;0.16;0.05263157894736842;0.0625;0.12962962962962962;0.1044776119402985;0.09230769230769231;0.0819672131147541;0.08108108108108109;0.1391304347826087;0.0
0.0;1.0;0.0;0.0;1.0;0.0;1.0;0.3611111111111111;1.0;0.4;0.15151515151515152;0.07692307692307693;0.05982905982905983;0.0;0.0;0.0;0.0;0.0;0.0;0.0;0.3805309734513274;0.10526315789473684;0.25;0.5082872928176796;0.09090909090909091;0.0625;0.07142857142857142;0.0;0.043478260869565216;0.14285714285714285;0.3105590062111801;0.21739130434782608;0.2025862068965517;0.3909465020576132;0.09523809523809523;0.0;0.25333333333333335;0.0;0.15625;0.0;0.33974358974358976;0.10227272727272728;0.0;0.0;0.12280701754385964;0.225;0.1904761904761905;0.18468468468468469;0.2857142857142857;0.10526315789473684;0.14893617021276595;0.140625;0.2803738317757009;0.2272727272727273;0.20430107526881722;0.23333333333333334;0.14285714285714288;0.16923076923076924;0.07200000000000001;0.06666666666666667;0.08333333333333333;0.19047619047619047;0.12244897959183673;0.5217391304347826;0.0;0.41134751773049644;0.11666666666666667;0.04878048780487805;0.3456221198156682;0.05263157894736842;0.0;0.08;0.3730407523510971;0.19642857142857142;0.12;0.05263157894736842;0.0625;0.09259259259259259;0.3308457711442786;0.15384615384615385;0.09016393442622951;0.2972972972972973;0.3695652173913044;0.0
1.0;0.0;0.0;0.0;0.0;0.0;0.0;0.11111111111111109;1.0;0.6000000000000001;0.06060606060606061;0.15384615384615385;0.03846153846153847;0.0;0.0;0.0;0.0;0.0;0.0;0.0;0.035398230088495575;0.0;0.20833333333333331;0.13259668508287292;0.030303030303030304;0.0;0.0;0.0;0.0;0.0;0.10559006211180123;0.08695652173913043;0.05603448275862069;0.11934156378600824;0.1111111111111111;0.0;0.14;0.0;0.0;0.0;0.1346153846153846;0.045454545454545456;0.0;0.0;0.017543859649122806;0.025;0.0380952380952381;0.08558558558558559;0.3469387755102041;0.03508771929824561;0.02127659574468085;0.015625;0.04672897196261682;0.13636363636363635;0.05376344086021506;0.23333333333333334;0.08571428571428572;0.038461538461538464;0.024;0.0;0.0;0.047619047619047616;0.01020408163265306;0.10869565217391304;0.027777777777777776;0.11347517730496454;0.1;0.016260162601626018;0.12903225806451613;0.07368421052631578;0.0;0.08;0.10971786833855798;0.09821428571428571;0.04;0.0;0.0;0.06481481481481481;0.09203980099502487;0.03076923076923077;0.04098360655737705;0.12162162162162163;0.12608695652173912;0.0
0.0;0.0;1.0;1.0;1.0;0.0;0.0;0.11111111111111109;0.0;0.0;0.030303030303030304;0.0;0.04273504273504274;0.0;1.0;0.0;0.0;0.0;0.0;1.0;0.017699115044247787;0.05263157894736842;0.0625;0.0718232044198895;0.06060606060606061;0.03125;0.0;0.0;0.08695652173913043;0.07142857142857142;0.05590062111801242;0.0;0.12931034482758622;0.03703703703703704;0.0;0.20833333333333331;0.02;0.3333333333333333;0.0625;0.2;0.07692307692307693;0.09090909090909091;0.0;0.0;0.05263157894736842;0.025;0.1523809523809524;0.036036036036036036;0.04081632653061224;0.03508771929824561;0.06382978723404255;0.140625;0.08411214953271028;0.030303030303030304;0.005376344086021506;0.03333333333333333;0.0761904761904762;0.1;0.032;0.13333333333333333;0.0;0.14285714285714285;0.1530612244897959;0.03260869565217391;0.16666666666666666;0.0921985815602837;0.08333333333333333;0.024390243902439025;0.06912442396313365;0.16842105263157894;0.0;0.0;0.04702194357366771;0.17857142857142855;0.06;0.07894736842105263;0.0;0.10185185185185185;0.05721393034825871;0.12307692307692308;0.11475409836065574;0.04054054054054054;0.07391304347826087;0.136986301369863
0.0;1.0;0.0;1.0;0.0;0.0;0.0;0.3888888888888889;0.0;0.0;0.0;0.0;0.11111111111111113;0.0;0.0;0.0;0.0;0.0;0.0;0.0;0.18584070796460178;0.21052631578947367;0.10416666666666666;0.30386740331491713;0.2272727272727273;0.09375;0.0;0.0;0.13043478260869565;0.0;0.19254658385093165;0.17391304347826086;0.3189655172413793;0.1851851851851852;0.1111111111111111;0.0;0.17333333333333334;0.0;0.21875;0.0;0.23717948717948717;0.19318181818181818;0.09090909090909091;0.0;0.24561403508771928;0.325;0.31428571428571433;0.15315315315315314;0.3061224489795918;0.17543859649122806;0.2765957446808511;0.234375;0.3177570093457944;0.13636363636363635;0.11827956989247312;0.13333333333333333;0.18095238095238098;0.2846153846153846;0.024;0.0;0.25;0.23809523809523808;0.3469387755102041;0.17391304347826086;0.19444444444444442;0.35460992907801414;0.18333333333333332;0.0975609756097561;0.17050691244239632;0.30526315789473685;0.13333333333333333;0.08;0.3009404388714733;0.23214285714285712;0.06;0.15789473684210525;0.0;0.21296296296296297;0.24378109452736318;0.2923076923076923;0.2377049180327869;0.21621621621621623;0.3086956521739131;0.0136986301369863
0.0;0.0;0.0;1.0;1.0;0.0;0.0;0.4166666666666667;0.0;0.0;0.0;0.0;0.05128205128205129;0.0;1.0;0.0;0.0;0.0;0.0;1.0;0.19469026548672566;0.02631578947368421;0.08333333333333333;0.15469613259668508;0.10606060606060606;0.0625;0.0;0.0;0.043478260869565216;0.14285714285714285;0.13043478260869565;0.08695652173913043;0.1336206896551724;0.1234567901234568;0.06349206349206349;0.08333333333333333;0.19333333333333336;0.0;0.09375;0.0;0.16025641025641024;0.05681818181818182;0.0;0.5;0.08771929824561403;0.1;0.06666666666666668;0.0990990990990991;0.26530612244897955;0.08771929824561403;0.05319148936170213;0.0625;0.09345794392523364;0.09090909090909091;0.0913978494623656;0.06666666666666667;0.10476190476190478;0.08461538461538462;0.008;0.06666666666666667;0.0;0.0;0.12244897959183673;0.16304347826086957;0.027777777777777776;0.1276595744680851;0.06666666666666667;0.008130081300813009;0.0967741935483871;0.09473684210526316;0.06666666666666667;0.28;0.12852664576802508;0.13392857142857142;0.16;0.13157894736842105;0.0;0.08333333333333333;0.12686567164179105;0.015384615384615385;0.04098360655737705;0.2567567567567568;0.16956521739130434;0.0
0.0;0.0;0.0;1.0;1.0;0.0;0.0;0.1388888888888889;1.0;0.4;0.12121212121212122;0.23076923076923078;0.1452991452991453;1.0;0.0;0.0;0.0;0.0;0.0;0.0;0.1415929203539823;0.07894736842105263;0.08333333333333333;0.15469613259668508;0.10606060606060606;0.03125;0.0;0.0;0.043478260869565216;0.0;0.16149068322981366;0.08695652173913043;0.1724137931034483;0.09876543209876544;0.015873015873015872;0.0;0.05333333333333334;0.0;0.09375;0.0;0.16025641025641024;0.125;0.09090909090909091;0.0;0.07017543859649122;0.125;0.2285714285714286;0.04954954954954955;0.08163265306122448;0.03508771929824561;0.1276595744680851;0.078125;0.2803738317757009;0.09090909090909091;0.02688172043010753;0.06666666666666667;0.04761904761904762;0.14615384615384616;0.008;0.0;0.16666666666666666;0.047619047619047616;0.11224489795918366;0.10869565217391304;0.1111111111111111;0.15602836879432622;0.13333333333333333;0.032520325203252036;0.10599078341013825;0.08421052631578947;0.0;0.0;0.10031347962382445;0.24107142857142855;0.1;0.07894736842105263;0.0;0.14814814814814814;0.10945273631840796;0.09230769230769231;0.09016393442622951;0.33783783783783783;0.16521739130434782;0.0
0.0;0.0;1.0;1.0;0.0;0.0;0.0;0.16666666666666669;1.0;0.2;0.09090909090909091;0.15384615384615385;0.11538461538461539;1.0;0.0;0.0;0.0;0.0;0.0;0.0;0.11504424778761062;0.05263157894736842;0.0625;0.06077348066298342;0.21212121212121213;0.0625;0.0;0.030303030303030304;0.043478260869565216;0.2857142857142857;0.07453416149068323;0.13043478260869565;0.15086206896551724;0.0617283950617284;0.031746031746031744;0.0;0.08666666666666667;0.16666666666666666;0.0625;0.0;0.11538461538461538;0.07954545454545454;0.09090909090909091;0.0;0.08771929824561403;0.125;0.21904761904761907;0.018018018018018018;0.04081632653061224;0.03508771929824561;0.07446808510638298;0.125;0.205607476635514;0.045454545454545456;0.005376344086021506;0.06666666666666667;0.04761904761904762;0.13846153846153847;0.016;0.06666666666666667;0.16666666666666666;0.09523809523809523;0.1020408163265306;0.043478260869565216;0.08333333333333333;0.14184397163120566;0.18333333333333332;0.04878048780487805;0.03686635944700461;0.14736842105263157;0.0;0.0;0.04702194357366771;0.2589285714285714;0.14;0.23684210526315788;0.0625;0.15740740740740738;0.07462686567164178;0.12307692307692308;0.11475409836065574;0.17567567567567569;0.13478260869565217;0.0
0.0;1.0;1.0;1.0;1.0;0.0;0.0;0.25;0.0;0.0;0.0;0.07692307692307693;0.15384615384615388;0.0;1.0;0.0;0.0;0.0;0.0;1.0;0.2831858407079646;0.13157894736842105;0.22916666666666666;0.2430939226519337;0.10606060606060606;0.0625;0.0;0.0;0.13043478260869565;0.07142857142857142;0.18012422360248445;0.08695652173913043;0.24137931034482757;0.14814814814814817;0.06349206349206349;0.0;0.14666666666666667;0.0;0.125;0.0;0.20512820512820512;0.17045454545454547;0.0;0.0;0.10526315789473684;0.05;0.14285714285714288;0.11261261261261261;0.26530612244897955;0.14035087719298245;0.05319148936170213;0.078125;0.17757009345794392;0.19696969696969696;0.09677419354838711;0.13333333333333333;0.1904761904761905;0.1076923076923077;0.008;0.0;0.0;0.047619047619047616;0.2346938775510204;0.19565217391304346;0.08333333333333333;0.19148936170212766;0.05;0.032520325203252036;0.12442396313364056;0.06315789473684211;0.06666666666666667;0.04;0.23824451410658307;0.15178571428571427;0.04;0.02631578947368421;0.0625;0.08333333333333333;0.20398009950248755;0.046153846153846156;0.14754098360655737;0.3918918918918919;0.2521739130434783;0.0
0.0;1.0;0.0;0.0;0.0;0.0;0.0;0.1388888888888889;0.0;0.0;0.030303030303030304;0.15384615384615385;0.17094017094017097;0.0;1.0;0.0;0.0;0.0;1.0;0.0;0.4424778761061947;0.23684210526315788;0.08333333333333333;0.2596685082872928;0.5151515151515151;0.78125;0.42857142857142855;0.3939393939393939;0.4782608695652174;0.7857142857142857;0.22981366459627328;0.17391304347826086;0.6810344827586207;0.102880658436214;0.047619047619047616;0.16666666666666666;0.12000000000000001;0.5;0.4375;0.6000000000000001;0.2564102564102564;0.36363636363636365;0.36363636363636365;0.0;0.5263157894736842;0.47500000000000003;0.6190476190476191;0.06306306306306306;0.12244897959183673;0.49122807017543857;0.44680851063829785;0.546875;0.5514018691588785;0.13636363636363635;0.048387096774193554;0.03333333333333333;0.40952380952380957;0.5615384615384615;0.112;0.26666666666666666;0.3333333333333333;0.5714285714285714;0.4897959183673469;0.2608695652173913;0.6944444444444444;0.3333333333333333;0.55;0.21951219512195125;0.15668202764976957;0.3368421052631579;0.2;0.12;0.2789968652037617;0.6428571428571428;0.48;0.631578947368421;0.3125;0.6944444444444444;0.263681592039801;0.6461538461538462;0.5327868852459017;0.6216216216216217;0.4;0.0547945205479452
0.0;0.0;0.0;0.0;1.0;0.0;0.0;0.2222222222222222;0.0;0.0;0.09090909090909091;0.15384615384615385;0.10683760683760685;0.0;1.0;0.0;1.0;0.0;1.0;0.0;0.035398230088495575;0.05263157894736842;0.020833333333333332;0.04419889502762431;0.10606060606060606;0.09375;0.14285714285714285;0.15151515151515152;0.043478260869565216;0.14285714285714285;0.06211180124223602;0.043478260869565216;0.11206896551724138;0.03292181069958848;0.0;0.0;0.02;0.0;0.09375;0.0;0.07692307692307693;0.045454545454545456;0.0;0.0;0.15789473684210525;0.1;0.14285714285714288;0.013513513513513514;0.0;0.03508771929824561;0.06382978723404255;0.109375;0.14018691588785046;0.045454545454545456;0.005376344086021506;0.0;0.04761904761904762;0.07692307692307693;0.024;0.06666666666666667;0.0;0.14285714285714285;0.08163265306122448;0.06521739130434782;0.16666666666666666;0.04964539007092199;0.18333333333333332;0.06504065040650407;0.009216589861751152;0.11578947368421053;0.06666666666666667;0.0;0.06269592476489028;0.08928571428571427;0.06;0.13157894736842105;0.1875;0.16666666666666666;0.02736318407960199;0.046153846153846156;0.07377049180327869;0.08108108108108109;0.06521739130434782;0.0
0.0;0.0;0.0;1.0;0.0;0.0;0.0;0.2222222222222222;1.0;0.4;0.15151515151515152;0.23076923076923078;0.08974358974358976;0.0;1.0;0.0;0.0;0.0;0.0;1.0;0.1415929203539823;0.05263157894736842;0.08333333333333333;0.18232044198895025;0.12121212121212122;0.03125;0.07142857142857142;0.0;0.08695652173913043;0.21428571428571427;0.08695652173913043;0.043478260869565216;0.28448275862068967;0.02880658436213992;0.015873015873015872;0.08333333333333333;0.013333333333333334;0.16666666666666666;0.09375;0.0;0.14102564102564102;0.13636363636363635;0.09090909090909091;0.0;0.05263157894736842;0.05;0.34285714285714286;0.04504504504504504;0.04081632653061224;0.07017543859649122;0.23404255319148937;0.0625;0.2897196261682243;0.07575757575757576;0.02688172043010753;0.0;0.09523809523809526;0.17692307692307693;0.032;0.2;0.16666666666666666;0.19047619047619047;0.24489795918367346;0.13043478260869565;0.1111111111111111;0.18439716312056736;0.06666666666666667;0.016260162601626018;0.10138248847926268;0.17894736842105263;0.13333333333333333;0.0;0.15987460815047022;0.13392857142857142;0.14;0.0;0.0;0.12037037037037036;0.13930348258706468;0.16923076923076924;0.1639344262295082;0.17567567567567569;0.1391304347826087;0.0684931506849315
0.0;0.0;0.0;0.0;0.0;0.0;0.0;0.08333333333333333;0.0;0.0;0.030303030303030304;0.07692307692307693;0.10256410256410259;0.0;1.0;0.0;1.0;0.0;0.0;1.0;0.02654867256637168;0.10526315789473684;0.041666666666666664;0.08839779005524862;0.07575757575757576;0.03125;0.14285714285714285;0.030303030303030304;0.08695652173913043;0.07142857142857142;0.05590062111801242;0.13043478260869565;0.1336206896551724;0.02469135802469136;0.047619047619047616;0.041666666666666664;0.03333333333333333;0.0;0.0;0.0;0.07051282051282051;0.07954545454545454;0.0;0.0;0.08771929824561403;0.05;0.10476190476190478;0.018018018018018018;0.061224489795918366;0.10526315789473684;0.11702127659574468;0.0625;0.1308411214953271;0.06060606060606061;0.005376344086021506;0.1;0.09523809523809526;0.1;0.016;0.06666666666666667;0.08333333333333333;0.14285714285714285;0.09183673469387754;0.07608695652173914;0.0;0.06382978723404255;0.1;0.008130081300813009;0.02304147465437788;0.1368421052631579;0.0;0.0;0.07523510971786833;0.09821428571428571;0.08;0.07894736842105263;0.0625;0.12962962962962962;0.05223880597014925;0.12307692307692308;0.0819672131147541;0.12162162162162163;0.08260869565217391;0.0136986301369863
1.0;0.0;0.0;1.0;0.0;0.0;0.0;0.3333333333333333;1.0;0.2;0.030303030303030304;0.15384615384615385;0.27350427350427353;0.0;1.0;0.0;0.0;0.0;1.0;1.0;0.4690265486725664;0.3684210526315789;0.14583333333333331;0.7071823204419889;0.5606060606060607;0.4375;0.07142857142857142;0.09090909090909091;0.3913043478260869;0.3571428571428571;0.32298136645962733;0.4782608695652174;0.7068965517241379;0.3868312757201646;0.19047619047619047;0.125;0.4066666666666667;0.16666666666666666;0.5625;0.2;0.5384615384615384;0.4772727272727273;0.2727272727272727;0.0;0.3508771929824561;0.325;0.761904761904762;0.2702702702702703;0.3061224489795918;0.3333333333333333;0.5531914893617021;0.453125;0.6915887850467289;0.33333333333333337;0.15591397849462366;0.2;0.4761904761904762;0.6692307692307693;0.112;0.4666666666666667;0.5;0.3333333333333333;0.6530612244897959;0.5434782608695652;0.41666666666666663;0.524822695035461;0.43333333333333335;0.5365853658536586;0.4976958525345622;0.29473684210526313;0.13333333333333333;0.12;0.5047021943573667;0.7589285714285714;0.46;0.15789473684210525;0.125;0.3611111111111111;0.5621890547263682;0.3230769230769231;0.45081967213114754;0.5945945945945946;0.46956521739130436;0.6575342465753424
0.0;0.0;0.0;0.0;0.0;0.0;0.0;0.19444444444444448;0.0;0.0;0.0;0.0;0.03846153846153847;0.0;1.0;0.0;0.0;0.0;1.0;1.0;0.08849557522123894;0.05263157894736842;0.0625;0.06629834254143646;0.06060606060606061;0.1875;0.07142857142857142;0.030303030303030304;0.043478260869565216;0.14285714285714285;0.07453416149068323;0.043478260869565216;0.16810344827586207;0.020576131687242802;0.031746031746031744;0.16666666666666666;0.03333333333333333;0.0;0.28125;0.0;0.09615384615384615;0.07954545454545454;0.09090909090909091;0.5;0.03508771929824561;0.05;0.1523809523809524;0.018018018018018018;0.061224489795918366;0.10526315789473684;0.05319148936170213;0.109375;0.1308411214953271;0.030303030303030304;0.021505376344086023;0.06666666666666667;0.08571428571428572;0.1076923076923077;0.048;0.2;0.08333333333333333;0.09523809523809523;0.12244897959183673;0.08695652173913043;0.19444444444444442;0.07092198581560284;0.13333333333333333;0.04878048780487805;0.0967741935483871;0.042105263157894736;0.13333333333333333;0.0;0.06896551724137931;0.16964285714285712;0.08;0.18421052631578946;0.125;0.16666666666666666;0.05721393034825871;0.1076923076923077;0.09016393442622951;0.20270270270270271;0.08695652173913043;0.0
0.0;1.0;0.0;0.0;1.0;0.0;0.0;0.11111111111111109;1.0;0.4;0.09090909090909091;0.15384615384615385;0.07264957264957267;0.0;0.0;0.0;1.0;0.0;0.0;0.0;0.035398230088495575;0.10526315789473684;0.020833333333333332;0.07734806629834254;0.06060606060606061;0.0625;0.07142857142857142;0.030303030303030304;0.043478260869565216;0.0;0.043478260869565216;0.043478260869565216;0.12068965517241378;0.02469135802469136;0.047619047619047616;0.041666666666666664;0.060000000000000005;0.0;0.0625;0.0;0.07692307692307693;0.06818181818181818;0.09090909090909091;0.0;0.10526315789473684;0.07500000000000001;0.1142857142857143;0.04954954954954955;0.061224489795918366;0.017543859649122806;0.0851063829787234;0.0;0.14018691588785046;0.06060606060606061;0.021505376344086023;0.0;0.028571428571428574;0.06153846153846154;0.008;0.0;0.0;0.09523809523809523;0.07142857142857142;0.06521739130434782;0.1111111111111111;0.0921985815602837;0.03333333333333333;0.04878048780487805;0.07373271889400922;0.010526315789473684;0.06666666666666667;0.0;0.07210031347962383;0.09821428571428571;0.04;0.05263157894736842;0.0;0.07407407407407407;0.05970149253731344;0.09230769230769231;0.07377049180327869;0.14864864864864866;0.06956521739130435;0.0
0.0;0.0;0.0;0.0;0.0;0.0;0.0;0.2777777777777778;1.0;0.4;0.12121212121212122;0.15384615384615385;0.06410256410256412;0.0;1.0;0.0;0.0;0.0;1.0;1.0;0.008849557522123894;0.13157894736842105;0.041666666666666664;0.15469613259668508;0.07575757575757576;0.0625;0.0;0.0;0.13043478260869565;0.07142857142857142;0.037267080745341616;0.043478260869565216;0.20689655172413793;0.02880658436213992;0.015873015873015872;0.16666666666666666;0.02666666666666667;0.0;0.0625;0.0;0.10897435897435898;0.25;0.0;0.0;0.05263157894736842;0.225;0.21904761904761907;0.009009009009009009;0.04081632653061224;0.15789473684210525;0.24468085106382978;0.203125;0.1588785046728972;0.045454545454545456;0.0;0.03333333333333333;0.1523809523809524;0.23076923076923078;0.016;0.0;0.0;0.19047619047619047;0.1530612244897959;0.03260869565217391;0.1388888888888889;0.09929078014184398;0.16666666666666666;0.024390243902439025;0.05529953917050691;0.1368421052631579;0.06666666666666667;0.0;0.11598746081504702;0.14285714285714285;0.04;0.07894736842105263;0.0;0.12037037037037036;0.0945273631840796;0.15384615384615385;0.1557377049180328;0.17567567567567569;0.13478260869565217;0.0
0.0;1.0;0.0;1.0;1.0;0.0;0.0;0.2777777777777778;1.0;0.4;0.15151515151515152;0.15384615384615385;0.11111111111111113;0.0;0.0;0.0;0.0;0.0;0.0;0.0;0.22123893805309736;0.2631578947368421;0.29166666666666663;0.5082872928176796;0.21212121212121213;0.0;0.0;0.0;0.34782608695652173;0.21428571428571427;0.2919254658385093;0.17391304347826086;0.521551724137931;0.1522633744855967;0.07936507936507936;0.29166666666666663;0.18666666666666668;0.0;0.1875;0.0;0.3333333333333333;0.32954545454545453;0.0;0.0;0.15789473684210525;0.325;0.46666666666666673;0.1981981981981982;0.14285714285714285;0.22807017543859648;0.3404255319148936;0.328125;0.3925233644859813;0.25757575757575757;0.08064516129032259;0.1;0.3142857142857143;0.4;0.04;0.13333333333333333;0.25;0.47619047619047616;0.4183673469387755;0.31521739130434784;0.4722222222222222;0.36170212765957444;0.26666666666666666;0.10569105691056911;0.17511520737327188;0.3368421052631579;0.4666666666666667;0.08;0.3667711598746081;0.33928571428571425;0.14;0.05263157894736842;0.0;0.4074074074074074;0.2835820895522388;0.4153846153846154;0.319672131147541;0.7567567567567568;0.4130434782608696;0.0
1.0;1.0;0.0;1.0;0.0;0.0;0.0;0.3611111111111111;1.0;0.6000000000000001;0.09090909090909091;0.23076923076923078;0.4572649572649573;1.0;1.0;1.0;1.0;1.0;1.0;1.0;0.23893805309734512;0.9473684210526315;0.10416666666666666;0.48066298342541436;0.7121212121212122;1.0;0.5714285714285714;0.8181818181818182;1.0;1.0;0.22360248447204967;0.13043478260869565;1.0;0.09465020576131689;0.047619047619047616;1.0;0.08666666666666667;0.16666666666666666;0.75;0.0;0.33974358974358976;1.0;0.09090909090909091;0.5;0.5964912280701754;1.0;0.942857142857143;0.06756756756756757;0.061224489795918366;0.7894736842105263;1.0;1.0;0.719626168224299;0.13636363636363635;0.05376344086021506;0.13333333333333333;0.6190476190476192;1.0;0.216;1.0;0.75;1.0;0.9999999999999999;0.33695652173913043;1.0;0.375886524822695;1.0;0.2682926829268293;0.18433179723502305;0.7684210526315789;0.9333333333333333;0.04;0.44827586206896547;0.7589285714285714;0.58;0.763157894736842;0.625;1.0;0.3606965174129353;0.7230769230769232;0.6475409836065574;0.972972972972973;0.582608695652174;0.0547945205479452
0.0;1.0;0.0;0.0;1.0;0.0;0.0;0.3611111111111111;1.0;0.6000000000000001;0.06060606060606061;0.07692307692307693;0.17521367521367523;0.0;1.0;0.0;0.0;0.0;0.0;1.0;0.16814159292035397;0.23684210526315788;0.4375;0.39779005524861877;0.3484848484848485;0.15625;0.14285714285714285;0.09090909090909091;0.34782608695652173;0.07142857142857142;0.3105590062111801;0.2608695652173913;0.4353448275862069;0.3374485596707819;0.1746031746031746;0.0;0.29333333333333333;0.16666666666666666;0.375;0.2;0.34615384615384615;0.3181818181818182;0.4545454545454546;0.0;0.38596491228070173;0.25;0.31428571428571433;0.31981981981981983;0.061224489795918366;0.2982456140350877;0.1702127659574468;0.109375;0.24299065420560745;0.3787878787878788;0.3010752688172043;0.26666666666666666;0.4;0.2153846153846154;0.216;0.4;0.08333333333333333;0.0;0.42857142857142855;0.3913043478260869;0.3611111111111111;0.41134751773049644;0.4666666666666667;0.34146341463414637;0.4055299539170507;0.19999999999999998;0.26666666666666666;0.12;0.3855799373040752;0.4821428571428571;0.32;0.2894736842105263;0.3125;0.2685185185185185;0.39800995024875624;0.13846153846153847;0.27868852459016397;0.12162162162162163;0.3521739130434783;0.136986301369863
1.0;0.0;0.0;0.0;1.0;1.0;0.0;0.16666666666666669;1.0;0.4;0.06060606060606061;0.07692307692307693;0.22222222222222224;0.0;1.0;1.0;1.0;0.0;1.0;1.0;0.6106194690265486;0.47368421052631576;0.625;0.7955801104972375;0.4393939393939394;0.53125;0.21428571428571427;0.15151515151515152;0.30434782608695654;0.0;0.49689440993788814;0.2608695652173913;0.7155172413793104;0.5267489711934157;0.19047619047619047;0.08333333333333333;0.44;0.5;0.53125;0.2;0.8141025641025641;0.3181818181818182;0.4545454545454546;0.0;0.5438596491228069;0.30000000000000004;0.4285714285714286;0.47297297297297297;0.26530612244897955;0.5964912280701754;0.3191489361702128;0.296875;0.514018691588785;0.3484848484848485;0.48924731182795705;0.26666666666666666;0.6285714285714287;0.3615384615384616;0.216;0.5333333333333333;0.75;0.5238095238095237;0.8775510204081632;0.5978260869565217;0.3333333333333333;0.851063829787234;0.6166666666666667;0.4471544715447155;0.5898617511520737;0.24210526315789474;0.4;0.28;0.7021943573667712;0.5714285714285714;0.34;0.2631578947368421;0.375;0.5277777777777778;0.6069651741293532;0.3384615384615385;0.33606557377049184;0.7297297297297298;0.7913043478260869;0.0
0.0;1.0;0.0;0.0;1.0;0.0;0.0;0.2777777777777778;1.0;0.2;0.09090909090909091;0.3076923076923077;0.09401709401709404;0.0;0.0;0.0;0.0;0.0;0.0;0.0;0.3008849557522124;0.15789473684210525;0.5416666666666666;0.3812154696132597;0.18181818181818182;0.0625;0.07142857142857142;0.0;0.043478260869565216;0.14285714285714285;0.3664596273291925;0.3913043478260869;0.17672413793103448;0.3415637860082305;0.20634920634920634;0.0;0.36000000000000004;0.0;0.15625;0.0;0.3846153846153846;0.125;0.09090909090909091;0.0;0.17543859649122806;0.07500000000000001;0.028571428571428574;0.3963963963963964;0.22448979591836732;0.14035087719298245;0.031914893617021274;0.0625;0.09345794392523364;0.2727272727272727;0.33333333333333337;0.3;0.1619047619047619;0.06923076923076923;0.16;0.0;0.41666666666666663;0.23809523809523808;0.11224489795918366;0.31521739130434784;0.08333333333333333;0.3191489361702127;0.16666666666666666;0.04065040650406505;0.34101382488479265;0.06315789473684211;0.06666666666666667;0.4;0.31034482758620685;0.26785714285714285;0.14;0.10526315789473684;0.0625;0.09259259259259259;0.3034825870646766;0.06153846153846154;0.04918032786885246;0.32432432432432434;0.36086956521739133;0.0684931506849315
0.0;0.0;0.0;1.0;0.0;0.0;0.0;0.3333333333333333;0.0;0.0;0.0;0.0;0.27350427350427353;0.0;0.0;0.0;0.0;0.0;0.0;0.0;0.07964601769911504;0.05263157894736842;0.0625;0.11049723756906077;0.07575757575757576;0.03125;0.0;0.0;0.08695652173913043;0.0;0.06832298136645962;0.08695652173913043;0.09051724137931035;0.08641975308641976;0.06349206349206349;0.0;0.08;0.0;0.0625;0.0;0.10256410256410256;0.09090909090909091;0.0;0.0;0.10526315789473684;0.0;0.0761904761904762;0.08558558558558559;0.1020408163265306;0.08771929824561403;0.02127659574468085;0.0;0.09345794392523364;0.10606060606060606;0.05376344086021506;0.06666666666666667;0.10476190476190478;0.05384615384615385;0.032;0.06666666666666667;0.08333333333333333;0.0;0.09183673469387754;0.09782608695652173;0.0;0.12056737588652482;0.06666666666666667;0.0;0.12442396313364056;0.042105263157894736;0.06666666666666667;0.04;0.10031347962382445;0.08035714285714285;0.08;0.07894736842105263;0.0;0.1111111111111111;0.07213930348258707;0.015384615384615385;0.03278688524590164;0.0945945945945946;0.09130434782608696;0.0
0.0;0.0;0.0;0.0;0.0;0.0;0.0;0.08333333333333333;0.0;0.0;0.0;0.0;0.09401709401709404;0.0;0.0;0.0;0.0;0.0;0.0;0.0;0.33628318584070793;0.39473684210526316;0.22916666666666666;0.39226519337016574;0.4393939393939394;0.25;0.21428571428571427;0.030303030303030304;0.30434782608695654;0.07142857142857142;0.24223602484472048;0.08695652173913043;0.5560344827586207;0.18106995884773663;0.06349206349206349;0.041666666666666664;0.13333333333333333;0.0;0.375;0.0;0.4230769230769231;0.26136363636363635;0.09090909090909091;0.0;0.2982456140350877;0.15000000000000002;0.3238095238095238;0.22522522522522523;0.14285714285714285;0.45614035087719296;0.22340425531914893;0.15625;0.3177570093457944;0.30303030303030304;0.17204301075268819;0.2;0.4380952380952381;0.23846153846153847;0.096;0.13333333333333333;0.08333333333333333;0.42857142857142855;0.44897959183673464;0.3913043478260869;0.4444444444444444;0.40425531914893614;0.3;0.1788617886178862;0.35023041474654376;0.18947368421052632;0.4;0.04;0.3510971786833855;0.3839285714285714;0.42;0.23684210526315788;0.25;0.48148148148148145;0.29850746268656714;0.09230769230769231;0.26229508196721313;0.4594594594594595;0.36086956521739133;0.0136986301369863
0.0;1.0;0.0;0.0;0.0;0.0;0.0;0.3055555555555555;1.0;0.2;0.06060606060606061;0.15384615384615385;0.19230769230769235;0.0;1.0;0.0;0.0;0.0;0.0;1.0;0.2920353982300885;0.3684210526315789;0.3958333333333333;0.3701657458563536;0.4545454545454546;0.34375;0.3571428571428571;0.15151515151515152;0.3913043478260869;0.42857142857142855;0.2919254658385093;0.21739130434782608;0.375;0.3909465020576132;0.20634920634920634;0.0;0.30000000000000004;0.16666666666666666;0.71875;0.6000000000000001;0.3717948717948718;0.2840909090909091;0.6363636363636364;0.0;0.6491228070175439;0.1;0.2;0.35135135135135137;0.14285714285714285;0.5964912280701754;0.1595744680851064;0.140625;0.17757009345794392;0.4545454545454546;0.2956989247311828;0.26666666666666666;0.4285714285714286;0.19230769230769232;0.264;0.3333333333333333;0.41666666666666663;0.5238095238095237;0.37755102040816324;0.34782608695652173;0.38888888888888884;0.3475177304964539;0.3833333333333333;0.34146341463414637;0.34101382488479265;0.10526315789473684;0.3333333333333333;0.28;0.3667711598746081;0.5446428571428571;0.32;0.39473684210526316;0.125;0.4629629629629629;0.34825870646766166;0.1076923076923077;0.1721311475409836;0.28378378378378377;0.2782608695652174;0.1506849315068493
0.0;0.0;0.0;0.0;0.0;0.0;0.0;0.2222222222222222;0.0;0.0;0.0;0.0;0.13675213675213677;0.0;0.0;0.0;0.0;0.0;0.0;0.0;0.05309734513274336;0.0;0.0625;0.1602209944751381;0.0;0.0;0.0;0.0;0.08695652173913043;0.07142857142857142;0.08695652173913043;0.043478260869565216;0.14655172413793102;0.0617283950617284;0.06349206349206349;0.041666666666666664;0.060000000000000005;0.0;0.21875;0.0;0.1282051282051282;0.10227272727272728;0.0;0.0;0.17543859649122806;0.0;0.12380952380952381;0.06756756756756757;0.02040816326530612;0.10526315789473684;0.02127659574468085;0.0625;0.09345794392523364;0.09090909090909091;0.06451612903225806;0.06666666666666667;0.10476190476190478;0.07692307692307693;0.04;0.13333333333333333;0.08333333333333333;0.14285714285714285;0.13265306122448978;0.09782608695652173;0.1388888888888889;0.14184397163120566;0.06666666666666667;0.032520325203252036;0.10138248847926268;0.06315789473684211;0.0;0.12;0.12539184952978058;0.09821428571428571;0.02;0.05263157894736842;0.0;0.12037037037037036;0.08706467661691542;0.046153846153846156;0.07377049180327869;0.10810810810810811;0.10869565217391304;0.0136986301369863
0.0;1.0;0.0;1.0;0.0;0.0;0.0;0.3888888888888889;0.0;0.0;0.030303030303030304;0.0;0.26495726495726496;0.0;1.0;0.0;0.0;0.0;0.0;1.0;0.5575221238938053;0.7368421052631579;0.5625;0.8674033149171271;0.7121212121212122;0.84375;0.2857142857142857;0.18181818181818182;0.8695652173913043;0.21428571428571427;0.7204968944099378;0.5652173913043478;0.9094827586206896;0.6584362139917697;0.3333333333333333;0.08333333333333333;0.66;0.16666666666666666;0.8125;0.6000000000000001;0.923076923076923;0.5568181818181819;0.8181818181818182;0.0;0.7894736842105263;0.225;0.6190476190476191;0.6756756756756757;0.42857142857142855;1.0;0.3404255319148936;0.203125;0.5046728971962616;0.5606060606060607;0.6612903225806452;0.5666666666666667;1.0000000000000002;0.4153846153846154;0.56;0.6;1.0;0.47619047619047616;0.9693877551020408;0.717391304347826;0.8333333333333333;0.8226950354609929;0.7166666666666667;0.41463414634146345;0.6866359447004609;0.22105263157894736;0.7333333333333333;0.12;0.7774294670846394;0.9285714285714285;0.78;0.5526315789473684;0.5625;0.5092592592592592;0.8258706467661692;0.2923076923076923;0.36885245901639346;0.43243243243243246;0.6565217391304348;0.2602739726027397
0.0;0.0;0.0;0.0;0.0;0.0;0.0;0.3055555555555555;1.0;0.4;0.030303030303030304;0.15384615384615385;0.1324786324786325;0.0;1.0;0.0;0.0;0.0;0.0;1.0;0.19469026548672566;0.42105263157894735;0.16666666666666666;0.35359116022099446;0.3939393939393939;0.21875;0.21428571428571427;0.2727272727272727;0.4782608695652174;0.14285714285714285;0.21118012422360247;0.043478260869565216;0.41379310344827586;0.2469135802469136;0.14285714285714285;0.0;0.3066666666666667;0.16666666666666666;0.34375;0.8;0.34615384615384615;0.18181818181818182;0.09090909090909091;0.0;0.47368421052631576;0.15000000000000002;0.2380952380952381;0.27927927927927926;0.12244897959183673;0.3508771929824561;0.20212765957446807;0.125;0.308411214953271;0.2878787878787879;0.23118279569892475;0.26666666666666666;0.3619047619047619;0.2076923076923077;0.184;0.3333333333333333;0.25;0.09523809523809523;0.4387755102040816;0.19565217391304346;0.25;0.36879432624113473;0.23333333333333334;0.1951219512195122;0.25806451612903225;0.16842105263157894;0.06666666666666667;0.12;0.3228840125391849;0.375;0.38;0.5;0.3125;0.4074074074074074;0.2885572139303483;0.1076923076923077;0.26229508196721313;0.20270270270270271;0.291304347826087;0.1643835616438356
0.0;0.0;1.0;1.0;1.0;0.0;0.0;0.3055555555555555;0.0;0.0;0.0;0.0;0.09401709401709404;0.0;0.0;0.0;0.0;0.0;0.0;0.0;0.11504424778761062;0.23684210526315788;0.3125;0.4198895027624309;0.07575757575757576;0.0625;0.0;0.0;0.08695652173913043;0.0;0.27329192546583847;0.08695652173913043;0.2543103448275862;0.21810699588477367;0.19047619047619047;0.0;0.18666666666666668;0.0;0.1875;0.0;0.3333333333333333;0.17045454545454547;0.0;0.0;0.10526315789473684;0.05;0.0761904761904762;0.2747747747747748;0.2040816326530612;0.21052631578947367;0.05319148936170213;0.0;0.102803738317757;0.19696969696969696;0.2849462365591398;0.13333333333333333;0.2571428571428572;0.046153846153846156;0.07200000000000001;0.13333333333333333;0.25;0.14285714285714285;0.25510204081632654;0.30434782608695654;0.05555555555555555;0.36879432624113473;0.11666666666666667;0.04878048780487805;0.2626728110599078;0.05263157894736842;0.06666666666666667;0.28;0.3197492163009404;0.16964285714285712;0.04;0.07894736842105263;0.0;0.17592592592592593;0.24875621890547261;0.06153846153846154;0.09016393442622951;0.43243243243243246;0.30434782608695654;0.0
0.0;0.0;1.0;1.0;1.0;0.0;0.0;0.4166666666666667;1.0;0.2;0.15151515151515152;0.07692307692307693;0.21367521367521372;0.0;1.0;0.0;0.0;0.0;0.0;1.0;0.19469026548672566;0.02631578947368421;1.0;0.425414364640884;0.13636363636363635;0.0;0.0;0.0;0.30434782608695654;0.07142857142857142;0.3913043478260869;0.21739130434782608;0.34913793103448276;0.28395061728395066;0.1746031746031746;0.0;0.35333333333333333;0.0;0.21875;0.2;0.35256410256410253;0.2840909090909091;0.09090909090909091;0.0;0.21052631578947367;0.0;0.14285714285714288;0.2927927927927928;0.6326530612244897;0.14035087719298245;0.05319148936170213;0.09375;0.308411214953271;0.3939393939393939;0.20967741935483872;0.23333333333333334;0.26666666666666666;0.23846153846153847;0.032;0.0;0.08333333333333333;0.19047619047619047;0.1530612244897959;0.5;0.1111111111111111;0.5177304964539007;0.15;0.0894308943089431;0.2304147465437788;0.15789473684210525;0.06666666666666667;0.04;0.445141065830721;0.14285714285714285;0.04;0.05263157894736842;0.0;0.06481481481481481;0.3706467661691542;0.12307692307692308;0.1721311475409836;0.5135135135135136;0.4565217391304348;0.0
0.0;1.0;1.0;1.0;1.0;1.0;1.0;0.2777777777777778;0.0;0.0;0.030303030303030304;0.15384615384615385;0.19230769230769235;0.0;0.0;1.0;0.0;1.0;0.0;0.0;0.19469026548672566;0.3157894736842105;0.5833333333333333;0.430939226519337;0.2272727272727273;0.09375;0.14285714285714285;0.15151515151515152;0.4782608695652174;0.2857142857142857;0.2670807453416149;0.08695652173913043;0.603448275862069;0.1234567901234568;0.047619047619047616;0.41666666666666663;0.15333333333333335;0.16666666666666666;0.34375;0.0;0.2756410256410256;0.3181818181818182;0.36363636363636365;0.0;0.38596491228070173;0.275;0.5047619047619049;0.13963963963963963;0.32653061224489793;0.43859649122807015;0.40425531914893614;0.265625;0.49532710280373826;0.09090909090909091;0.11290322580645162;0.0;0.37142857142857144;0.4;0.096;0.26666666666666666;0.3333333333333333;0.42857142857142855;0.4897959183673469;0.22826086956521738;0.5;0.3404255319148936;0.2833333333333333;0.15447154471544716;0.24423963133640553;0.17894736842105263;0.3333333333333333;0.04;0.39498432601880873;0.33928571428571425;0.16;0.23684210526315788;0.25;0.6759259259259259;0.236318407960199;0.35384615384615387;0.4180327868852459;0.7162162162162162;0.44347826086956527;0.0
0.0;0.0;0.0;0.0;1.0;0.0;0.0;0.16666666666666669;1.0;0.2;0.09090909090909091;0.07692307692307693;0.13675213675213677;0.0;1.0;0.0;1.0;0.0;1.0;1.0;0.07964601769911504;0.15789473684210525;0.3125;0.15469613259668508;0.21212121212121213;0.0;0.14285714285714285;0.12121212121212122;0.21739130434782608;0.42857142857142855;0.08695652173913043;0.17391304347826086;0.3318965517241379;0.05761316872427984;0.06349206349206349;0.041666666666666664;0.10666666666666667;0.16666666666666666;0.1875;0.2;0.1282051282051282;0.19318181818181818;0.2727272727272727;0.0;0.38596491228070173;0.225;0.21904761904761907;0.1036036036036036;0.02040816326530612;0.19298245614035087;0.2127659574468085;0.171875;0.19626168224299065;0.13636363636363635;0.043010752688172046;0.06666666666666667;0.2571428571428572;0.23846153846153847;0.08;0.13333333333333333;0.08333333333333333;0.38095238095238093;0.31632653061224486;0.10869565217391304;0.3333333333333333;0.1631205673758865;0.2;0.1788617886178862;0.14746543778801843;0.10526315789473684;0.26666666666666666;0.04;0.17868338557993732;0.25;0.18;0.2631578947368421;0.1875;0.3796296296296296;0.12189054726368159;0.27692307692307694;0.3114754098360656;0.16216216216216217;0.18695652173913044;0.136986301369863
0.0;1.0;0.0;1.0;1.0;0.0;1.0;0.2777777777777778;0.0;0.0;0.0;0.07692307692307693;0.10256410256410259;0.0;1.0;0.0;0.0;0.0;0.0;1.0;0.4070796460176991;0.21052631578947367;0.08333333333333333;0.47513812154696133;0.09090909090909091;0.15625;0.07142857142857142;0.030303030303030304;0.08695652173913043;0.07142857142857142;0.2546583850931677;0.17391304347826086;0.3620689655172414;0.22222222222222224;0.15873015873015872;0.08333333333333333;0.2066666666666667;0.0;0.1875;0.2;0.36538461538461536;0.1590909090909091;0.0;0.0;0.14035087719298245;0.1;0.40952380952380957;0.16666666666666666;0.2040816326530612;0.12280701754385964;0.14893617021276595;0.234375;0.34579439252336447;0.16666666666666669;0.10215053763440861;0.23333333333333334;0.18095238095238098;0.2923076923076923;0.024;0.26666666666666666;0.25;0.09523809523809523;0.29591836734693877;0.30434782608695654;0.25;0.3333333333333333;0.25;0.1626016260162602;0.16589861751152074;0.10526315789473684;0.06666666666666667;0.12;0.329153605015674;0.33035714285714285;0.1;0.13157894736842105;0.0625;0.09259259259259259;0.3308457711442786;0.18461538461538463;0.319672131147541;0.35135135135135137;0.40869565217391307;0.0
1.0;1.0;0.0;0.0;1.0;0.0;0.0;0.1388888888888889;0.0;0.0;0.0;0.0;0.15811965811965814;0.0;1.0;0.0;0.0;0.0;0.0;1.0;0.7256637168141593;0.3421052631578947;0.041666666666666664;0.6243093922651933;0.6363636363636364;0.6875;0.14285714285714285;0.2727272727272727;0.4782608695652174;0.3571428571428571;0.4658385093167702;0.34782608695652173;0.8879310344827586;0.24279835390946505;0.07936507936507936;0.08333333333333333;0.28;0.0;0.28125;0.4;0.5256410256410257;0.8295454545454546;0.2727272727272727;0.5;0.42105263157894735;0.675;1.0;0.15765765765765766;0.24489795918367346;0.38596491228070173;0.7553191489361702;0.6875;0.9999999999999999;0.10606060606060606;0.09677419354838711;0.0;0.3904761904761905;0.8076923076923077;0.2;0.4;0.5833333333333333;0.8571428571428571;0.836734693877551;0.40217391304347827;0.7222222222222222;0.3404255319148936;0.8166666666666667;0.2601626016260163;0.19815668202764977;0.5263157894736842;0.26666666666666666;0.08;0.5015673981191222;0.6785714285714285;0.66;0.3684210526315789;0.3125;0.5925925925925926;0.5;1.0;1.0;0.4864864864864865;0.4347826086956522;0.1780821917808219
0.0;1.0;0.0;1.0;1.0;0.0;0.0;0.19444444444444448;1.0;0.2;0.09090909090909091;0.23076923076923078;0.0982905982905983;0.0;1.0;0.0;0.0;0.0;0.0;1.0;0.11504424778761062;0.02631578947368421;0.08333333333333333;0.16574585635359118;0.12121212121212122;0.09375;0.0;0.030303030303030304;0.043478260869565216;0.0;0.13043478260869565;0.0;0.19827586206896552;0.06995884773662552;0.031746031746031744;0.0;0.07333333333333333;0.16666666666666666;0.0;0.2;0.14102564102564102;0.07954545454545454;0.09090909090909091;0.0;0.10526315789473684;0.025;0.14285714285714288;0.07657657657657657;0.08163265306122448;0.10526315789473684;0.06382978723404255;0.03125;0.21495327102803738;0.10606060606060606;0.048387096774193554;0.1;0.08571428571428572;0.17692307692307693;0.032;0.0;0.25;0.09523809523809523;0.12244897959183673;0.11956521739130435;0.08333333333333333;0.11347517730496454;0.13333333333333333;0.032520325203252036;0.16129032258064516;0.042105263157894736;0.06666666666666667;0.0;0.12539184952978058;0.1607142857142857;0.12;0.07894736842105263;0.0625;0.09259259259259259;0.12437810945273631;0.23076923076923078;0.19672131147540983;0.22972972972972974;0.1608695652173913;0.0
0.0;0.0;0.0;0.0;1.0;0.0;0.0;0.1388888888888889;1.0;0.2;0.09090909090909091;0.07692307692307693;0.06410256410256412;0.0;1.0;0.0;0.0;0.0;0.0;1.0;0.07964601769911504;0.07894736842105263;0.3125;0.15469613259668508;0.09090909090909091;0.0625;0.0;0.030303030303030304;0.13043478260869565;0.07142857142857142;0.09316770186335403;0.043478260869565216;0.1939655172413793;0.06995884773662552;0.015873015873015872;0.0;0.060000000000000005;0.0;0.03125;0.0;0.16666666666666666;0.11363636363636365;0.18181818181818182;0.0;0.07017543859649122;0.07500000000000001;0.20952380952380956;0.04954954954954955;0.061224489795918366;0.07017543859649122;0.07446808510638298;0.09375;0.23364485981308408;0.045454545454545456;0.021505376344086023;0.06666666666666667;0.10476190476190478;0.14615384615384616;0.032;0.0;0.0;0.2857142857142857;0.17346938775510204;0.10869565217391304;0.08333333333333333;0.1631205673758865;0.08333333333333333;0.008130081300813009;0.04608294930875576;0.11578947368421053;0.0;0.04;0.13793103448275862;0.13392857142857142;0.06;0.07894736842105263;0.0;0.12962962962962962;0.10945273631840796;0.2153846153846154;0.21311475409836067;0.16216216216216217;0.17391304347826086;0.0
0.0;0.0;0.0;0.0;1.0;0.0;0.0;0.2777777777777778;1.0;0.6000000000000001;0.06060606060606061;0.15384615384615385;0.1495726495726496;1.0;1.0;0.0;1.0;0.0;1.0;1.0;0.04424778761061947;0.0;0.0;0.049723756906077346;0.12121212121212122;0.0;0.07142857142857142;0.0;0.043478260869565216;0.0;0.012422360248447204;0.043478260869565216;0.05603448275862069;0.03292181069958848;0.031746031746031744;0.0;0.06666666666666667;0.0;0.0;0.0;0.02564102564102564;0.045454545454545456;0.0;0.0;0.07017543859649122;0.0;0.0380952380952381;0.04054054054054054;0.0;0.0;0.0;0.015625;0.009345794392523364;0.06060606060606061;0.048387096774193554;0.06666666666666667;0.009523809523809525;0.007692307692307693;0.04;0.0;0.0;0.0;0.0510204081632653;0.043478260869565216;0.0;0.04255319148936171;0.03333333333333333;0.032520325203252036;0.05069124423963134;0.021052631578947368;0.0;0.0;0.04075235109717868;0.07142857142857142;0.02;0.0;0.0;0.05555555555555555;0.02985074626865672;0.015384615384615385;0.01639344262295082;0.02702702702702703;0.0608695652173913;0.0136986301369863
0.0;0.0;0.0;1.0;0.0;0.0;0.0;0.4444444444444445;1.0;0.2;0.06060606060606061;0.0;0.2606837606837607;1.0;1.0;0.0;1.0;0.0;1.0;1.0;0.07079646017699115;0.05263157894736842;0.08333333333333333;0.12154696132596686;0.09090909090909091;0.0;0.0;0.0;0.17391304347826086;0.0;0.05590062111801242;0.043478260869565216;0.15086206896551724;0.10699588477366256;0.047619047619047616;0.0;0.04666666666666667;0.0;0.0625;0.0;0.12179487179487179;0.05681818181818182;0.0;0.0;0.12280701754385964;0.025;0.08571428571428572;0.1036036036036036;0.08163265306122448;0.14035087719298245;0.07446808510638298;0.0;0.02803738317757009;0.07575757575757576;0.11827956989247312;0.03333333333333333;0.1619047619047619;0.038461538461538464;0.04;0.13333333333333333;0.0;0.0;0.07142857142857142;0.17391304347826086;0.027777777777777776;0.18439716312056736;0.03333333333333333;0.0894308943089431;0.1152073732718894;0.042105263157894736;0.0;0.04;0.13166144200626959;0.16964285714285712;0.04;0.05263157894736842;0.0625;0.08333333333333333;0.12437810945273631;0.03076923076923077;0.04098360655737705;0.04054054054054054;0.17391304347826086;0.0136986301369863
0.0;0.0;1.0;1.0;1.0;0.0;0.0;0.2777777777777778;1.0;0.6000000000000001;0.09090909090909091;0.15384615384615385;0.11111111111111113;0.0;1.0;0.0;0.0;0.0;1.0;1.0;0.061946902654867256;0.05263157894736842;0.041666666666666664;0.17679558011049723;0.07575757575757576;0.03125;0.0;0.0;0.08695652173913043;0.0;0.07453416149068323;0.043478260869565216;0.125;0.10699588477366256;0.06349206349206349;0.0;0.07333333333333333;0.16666666666666666;0.0625;0.0;0.0641025641025641;0.06818181818181818;0.0;0.0;0.03508771929824561;0.025;0.08571428571428572;0.13063063063063063;0.0;0.08771929824561403;0.05319148936170213;0.015625;0.07476635514018691;0.13636363636363635;0.06451612903225806;0.06666666666666667;0.20000000000000004;0.07692307692307693;0.016;0.13333333333333333;0.08333333333333333;0.09523809523809523;0.030612244897959183;0.14130434782608695;0.027777777777777776;0.1702127659574468;0.05;0.04065040650406505;0.1336405529953917;0.021052631578947368;0.0;0.2;0.13793103448275862;0.08928571428571427;0.08;0.02631578947368421;0.0625;0.037037037037037035;0.12437810945273631;0.046153846153846156;0.0819672131147541;0.013513513513513514;0.026086956521739132;0.1095890410958904
0.0;0.0;0.0;1.0;1.0;0.0;0.0;0.3611111111111111;0.0;0.0;0.0;0.0;0.16666666666666669;1.0;1.0;0.0;1.0;0.0;1.0;1.0;0.33628318584070793;0.21052631578947367;0.1875;0.4585635359116022;0.3181818181818182;0.1875;0.07142857142857142;0.06060606060606061;0.08695652173913043;0.07142857142857142;0.2546583850931677;0.34782608695652173;0.3318965517241379;0.33333333333333337;0.15873015873015872;0.08333333333333333;0.34;0.5;0.1875;0.0;0.33974358974358976;0.19318181818181818;0.36363636363636365;0.0;0.43859649122807015;0.07500000000000001;0.18095238095238098;0.3153153153153153;0.22448979591836732;0.3157894736842105;0.0851063829787234;0.125;0.14018691588785046;0.36363636363636365;0.2688172043010753;0.13333333333333333;0.4;0.19230769230769232;0.264;0.13333333333333333;0.5833333333333333;0.19047619047619047;0.24489795918367346;0.3804347826086956;0.19444444444444442;0.36879432624113473;0.23333333333333334;0.2764227642276423;0.3686635944700461;0.05263157894736842;0.06666666666666667;0.32;0.3385579937304075;0.4196428571428571;0.24;0.3157894736842105;0.125;0.2685185185185185;0.3333333333333333;0.07692307692307693;0.13114754098360656;0.21621621621621623;0.33913043478260874;0.0
0.0;1.0;0.0;1.0;0.0;0.0;0.0;0.3888888888888889;1.0;0.2;0.15151515151515152;0.15384615384615385;0.23931623931623933;1.0;1.0;0.0;1.0;0.0;1.0;1.0;0.30973451327433627;0.3684210526315789;0.3958333333333333;0.5193370165745856;0.15151515151515152;0.0;0.0;0.030303030303030304;0.08695652173913043;0.14285714285714285;0.40993788819875776;0.6956521739130435;0.1896551724137931;0.37860082304526754;0.47619047619047616;0.0;0.43333333333333335;0.0;0.125;0.0;0.48717948717948717;0.11363636363636365;0.2727272727272727;0.0;0.15789473684210525;0.05;0.028571428571428574;0.3918918918918919;0.5306122448979591;0.14035087719298245;0.05319148936170213;0.03125;0.08411214953271028;0.25757575757575757;0.4516129032258065;0.5;0.17142857142857146;0.05384615384615385;0.20800000000000002;0.06666666666666667;0.0;0.14285714285714285;0.11224489795918366;0.5108695652173912;0.1111111111111111;0.3191489361702127;0.15;0.20325203252032523;0.3778801843317972;0.05263157894736842;0.06666666666666667;0.16;0.39811912225705326;0.2857142857142857;0.12;0.05263157894736842;0.0625;0.09259259259259259;0.3756218905472637;0.046153846153846156;0.12295081967213116;0.3783783783783784;0.3869565217391305;0.0136986301369863
0.0;1.0;0.0;0.0;1.0;0.0;0.0;0.25;0.0;0.0;0.0;0.0;0.23504273504273507;0.0;0.0;0.0;0.0;0.0;0.0;0.0;0.1327433628318584;0.3157894736842105;0.1875;0.39226519337016574;0.07575757575757576;0.09375;0.07142857142857142;0.0;0.08695652173913043;0.0;0.18633540372670807;0.0;0.21120689655172414;0.23045267489711935;0.2222222222222222;0.0;0.2066666666666667;0.16666666666666666;0.03125;0.0;0.30128205128205127;0.125;0.09090909090909091;0.0;0.15789473684210525;0.07500000000000001;0.18095238095238098;0.24774774774774774;0.14285714285714285;0.05263157894736842;0.07446808510638298;0.03125;0.16822429906542055;0.2727272727272727;0.21505376344086025;0.23333333333333334;0.13333333333333336;0.07692307692307693;0.08;0.06666666666666667;0.0;0.0;0.11224489795918366;0.31521739130434784;0.1111111111111111;0.23404255319148934;0.3;0.0813008130081301;0.31336405529953915;0.031578947368421054;0.06666666666666667;0.08;0.28213166144200624;0.16964285714285712;0.18;0.02631578947368421;0.0;0.21296296296296297;0.2263681592039801;0.015384615384615385;0.09016393442622951;0.3918918918918919;0.30000000000000004;0.0
0.0;0.0;0.0;0.0;0.0;0.0;0.0;0.4166666666666667;1.0;0.2;0.06060606060606061;0.07692307692307693;0.19230769230769235;1.0;1.0;0.0;1.0;0.0;1.0;1.0;0.07964601769911504;0.18421052631578946;0.020833333333333332;0.10497237569060773;0.21212121212121213;0.21875;0.2857142857142857;0.09090909090909091;0.043478260869565216;0.07142857142857142;0.049689440993788817;0.0;0.1810344827586207;0.102880658436214;0.06349206349206349;0.041666666666666664;0.08666666666666667;0.3333333333333333;0.28125;0.0;0.16025641025641024;0.06818181818181818;0.18181818181818182;0.0;0.19298245614035087;0.025;0.2285714285714286;0.10810810810810811;0.02040816326530612;0.12280701754385964;0.05319148936170213;0.046875;0.17757009345794392;0.18181818181818182;0.0913978494623656;0.0;0.1142857142857143;0.13846153846153847;0.168;0.13333333333333333;0.0;0.14285714285714285;0.11224489795918366;0.10869565217391304;0.16666666666666666;0.15602836879432622;0.16666666666666666;0.13008130081300814;0.0967741935483871;0.05263157894736842;0.06666666666666667;0.0;0.07523510971786833;0.25;0.36;0.23684210526315788;0.25;0.12037037037037036;0.1318407960199005;0.09230769230769231;0.0819672131147541;0.08108108108108109;0.15217391304347827;0.0821917808219178
0.0;0.0;0.0;0.0;1.0;0.0;0.0;0.19444444444444448;1.0;0.8;0.12121212121212122;0.15384615384615385;0.2008547008547009;1.0;1.0;0.0;1.0;0.0;1.0;1.0;0.017699115044247787;0.0;0.0;0.0;0.030303030303030304;0.0;0.0;0.030303030303030304;0.0;0.0;0.0;0.0;0.01293103448275862;0.02469135802469136;0.0;0.0;0.0;0.0;0.0;0.0;0.02564102564102564;0.0;0.0;0.0;0.017543859649122806;0.0;0.009523809523809525;0.018018018018018018;0.0;0.0;0.0;0.015625;0.0;0.030303030303030304;0.010752688172043012;0.0;0.0;0.015384615384615385;0.008;0.0;0.0;0.0;0.02040816326530612;0.010869565217391304;0.0;0.014184397163120567;0.05;0.008130081300813009;0.004608294930875576;0.010526315789473684;0.0;0.04;0.012539184952978056;0.017857142857142856;0.04;0.02631578947368421;0.0;0.037037037037037035;0.0;0.0;0.00819672131147541;0.0;0.026086956521739132;0.0
0.0;1.0;1.0;1.0;1.0;0.0;1.0;0.3611111111111111;1.0;0.2;0.12121212121212122;0.07692307692307693;0.12393162393162396;0.0;0.0;0.0;0.0;0.0;0.0;0.0;0.2831858407079646;0.18421052631578946;0.16666666666666666;0.27624309392265195;0.09090909090909091;0.03125;0.0;0.0;0.0;0.0;0.27329192546583847;0.6086956521739131;0.11206896551724138;0.26337448559670784;0.2222222222222222;0.0;0.3066666666666667;0.0;0.0625;0.0;0.2948717948717949;0.03409090909090909;0.0;0.0;0.15789473684210525;0.0;0.13333333333333336;0.16216216216216217;0.4081632653061224;0.05263157894736842;0.02127659574468085;0.046875;0.16822429906542055;0.2272727272727273;0.17204301075268819;0.36666666666666664;0.0761904761904762;0.038461538461538464;0.048;0.0;0.16666666666666666;0.19047619047619047;0.14285714285714285;0.31521739130434784;0.0;0.276595744680851;0.05;0.04065040650406505;0.2488479262672811;0.042105263157894736;0.06666666666666667;0.12;0.23824451410658307;0.19642857142857142;0.1;0.05263157894736842;0.0625;0.08333333333333333;0.22388059701492538;0.07692307692307693;0.05737704918032787;0.2702702702702703;0.2565217391304348;0.0136986301369863
0.0;0.0;0.0;1.0;0.0;0.0;0.0;0.16666666666666669;1.0;0.6000000000000001;0.09090909090909091;0.15384615384615385;0.13675213675213677;1.0;1.0;0.0;1.0;0.0;1.0;1.0;0.05309734513274336;0.0;0.041666666666666664;0.03867403314917127;0.10606060606060606;0.0625;0.07142857142857142;0.030303030303030304;0.13043478260869565;0.07142857142857142;0.07453416149068323;0.0;0.09913793103448276;0.06584362139917696;0.031746031746031744;0.0;0.04666666666666667;0.0;0.0;0.0;0.07051282051282051;0.06818181818181818;0.0;0.0;0.08771929824561403;0.025;0.13333333333333336;0.03153153153153153;0.0;0.05263157894736842;0.06382978723404255;0.0625;0.12149532710280372;0.045454545454545456;0.010752688172043012;0.0;0.12380952380952384;0.1;0.056;0.0;0.16666666666666666;0.09523809523809523;0.1020408163265306;0.06521739130434782;0.08333333333333333;0.06382978723404255;0.1;0.04878048780487805;0.07373271889400922;0.09473684210526316;0.06666666666666667;0.08;0.05642633228840125;0.125;0.16;0.10526315789473684;0.0625;0.046296296296296294;0.07711442786069651;0.07692307692307693;0.09016393442622951;0.08108108108108109;0.1;0.0
0.0;0.0;0.0;1.0;0.0;0.0;0.0;0.25;0.0;0.0;0.12121212121212122;0.23076923076923078;0.0982905982905983;1.0;0.0;0.0;1.0;0.0;0.0;0.0;0.02654867256637168;0.05263157894736842;0.041666666666666664;0.04419889502762431;0.09090909090909091;0.0;0.0;0.030303030303030304;0.08695652173913043;0.0;0.03105590062111801;0.043478260869565216;0.07327586206896551;0.041152263374485604;0.031746031746031744;0.0;0.04;0.0;0.0;0.0;0.07051282051282051;0.05681818181818182;0.09090909090909091;0.0;0.10526315789473684;0.0;0.05714285714285715;0.02702702702702703;0.0;0.10526315789473684;0.02127659574468085;0.03125;0.02803738317757009;0.06060606060606061;0.016129032258064516;0.03333333333333333;0.057142857142857155;0.03076923076923077;0.024;0.06666666666666667;0.0;0.0;0.0510204081632653;0.07608695652173914;0.0;0.06382978723404255;0.08333333333333333;0.024390243902439025;0.03686635944700461;0.07368421052631578;0.0;0.04;0.05329153605015673;0.0625;0.08;0.02631578947368421;0.0;0.05555555555555555;0.04477611940298507;0.0;0.04098360655737705;0.04054054054054054;0.04782608695652174;0.0136986301369863
0.0;0.0;0.0;0.0;0.0;0.0;0.0;0.19444444444444448;0.0;0.0;0.0;0.0;0.15811965811965814;1.0;0.0;1.0;1.0;1.0;0.0;0.0;0.017699115044247787;0.02631578947368421;0.0625;0.11602209944751381;0.12121212121212122;0.09375;0.07142857142857142;0.06060606060606061;0.043478260869565216;0.0;0.037267080745341616;0.0;0.08620689655172414;0.09053497942386832;0.015873015873015872;0.0;0.02666666666666667;0.0;0.25;0.2;0.08333333333333333;0.07954545454545454;0.09090909090909091;0.0;0.14035087719298245;0.025;0.05714285714285715;0.04504504504504504;0.04081632653061224;0.12280701754385964;0.02127659574468085;0.046875;0.04672897196261682;0.12121212121212122;0.06989247311827958;0.0;0.057142857142857155;0.03076923076923077;0.128;0.13333333333333333;0.16666666666666666;0.047619047619047616;0.061224489795918366;0.08695652173913043;0.08333333333333333;0.0851063829787234;0.06666666666666667;0.0894308943089431;0.09216589861751152;0.05263157894736842;0.0;0.08;0.07836990595611285;0.0625;0.2;0.21052631578947367;0.0625;0.05555555555555555;0.07960199004975124;0.09230769230769231;0.0819672131147541;0.0945945945945946;0.08260869565217391;0.0
0.0;1.0;0.0;0.0;1.0;0.0;1.0;0.16666666666666669;0.0;0.0;0.15151515151515152;0.46153846153846156;0.12820512820512822;0.0;1.0;0.0;0.0;0.0;0.0;1.0;0.2920353982300885;0.07894736842105263;0.041666666666666664;0.1602209944751381;0.33333333333333337;0.375;0.07142857142857142;0.0;0.21739130434782608;0.21428571428571427;0.08695652173913043;0.0;0.34051724137931033;0.08230452674897121;0.015873015873015872;0.0;0.09333333333333334;0.5;0.1875;0.0;0.1923076923076923;0.11363636363636365;0.0;0.0;0.12280701754385964;0.325;0.39047619047619053;0.04954954954954955;0.08163265306122448;0.15789473684210525;0.2978723404255319;0.21875;0.3364485981308411;0.045454545454545456;0.03225806451612903;0.1;0.20000000000000004;0.3153846153846154;0.032;0.0;0.08333333333333333;0.09523809523809523;0.14285714285714285;0.20652173913043478;0.08333333333333333;0.19858156028368792;0.15;0.0975609756097561;0.12903225806451613;0.12631578947368421;0.06666666666666667;0.08;0.15047021943573669;0.3125;0.32;0.07894736842105263;0.0625;0.1388888888888889;0.19900497512437812;0.13846153846153847;0.18032786885245902;0.2972972972972973;0.24347826086956523;0.0
0.0;0.0;1.0;1.0;1.0;1.0;0.0;0.1388888888888889;0.0;0.0;0.06060606060606061;0.07692307692307693;0.0854700854700855;0.0;1.0;0.0;0.0;0.0;0.0;1.0;0.1327433628318584;0.15789473684210525;0.020833333333333332;0.17679558011049723;0.19696969696969696;0.15625;0.07142857142857142;0.030303030303030304;0.13043478260869565;0.0;0.10559006211180123;0.043478260869565216;0.2543103448275862;0.09465020576131689;0.015873015873015872;0.125;0.060000000000000005;0.0;0.15625;0.0;0.1794871794871795;0.13636363636363635;0.09090909090909091;0.0;0.14035087719298245;0.025;0.28571428571428575;0.07207207207207207;0.18367346938775508;0.08771929824561403;0.10638297872340426;0.140625;0.27102803738317754;0.12121212121212122;0.06451612903225806;0.03333333333333333;0.12380952380952384;0.15384615384615385;0.024;0.2;0.16666666666666666;0.09523809523809523;0.26530612244897955;0.13043478260869565;0.16666666666666666;0.2553191489361702;0.08333333333333333;0.032520325203252036;0.17050691244239632;0.07368421052631578;0.2;0.04;0.15047021943573669;0.24107142857142855;0.14;0.02631578947368421;0.0625;0.18518518518518517;0.14427860696517414;0.07692307692307693;0.09016393442622951;0.28378378378378377;0.20869565217391303;0.0
0.0;1.0;0.0;1.0;0.0;0.0;0.0;0.2222222222222222;0.0;0.0;0.0;0.0;0.08119658119658121;0.0;0.0;0.0;0.0;0.0;0.0;0.0;0.20353982300884954;0.02631578947368421;0.0625;0.2154696132596685;0.25757575757575757;0.125;0.0;0.0;0.08695652173913043;0.5714285714285714;0.14906832298136646;0.21739130434782608;0.34051724137931033;0.09053497942386832;0.015873015873015872;0.041666666666666664;0.14666666666666667;0.16666666666666666;0.0625;0.0;0.16025641025641024;0.20454545454545456;0.0;0.0;0.14035087719298245;0.2;0.33333333333333337;0.08108108108108109;0.04081632653061224;0.19298245614035087;0.18085106382978722;0.21875;0.3364485981308411;0.10606060606060606;0.005376344086021506;0.06666666666666667;0.2571428571428572;0.27692307692307694;0.04;0.13333333333333333;0.16666666666666666;0.19047619047619047;0.37755102040816324;0.14130434782608695;0.08333333333333333;0.17730496453900707;0.2;0.04878048780487805;0.05529953917050691;0.2736842105263158;0.13333333333333333;0.04;0.2006269592476489;0.2589285714285714;0.16;0.13157894736842105;0.0;0.12037037037037036;0.208955223880597;0.23076923076923078;0.3278688524590164;0.3648648648648649;0.2391304347826087;0.0
0.0;0.0;0.0;0.0;0.0;0.0;0.0;0.8333333333333333;0.0;0.0;0.0;0.0;0.16239316239316243;0.0;1.0;0.0;0.0;0.0;0.0;1.0;0.6814159292035398;0.2631578947368421;0.4583333333333333;0.47513812154696133;0.19696969696969696;0.25;0.07142857142857142;0.12121212121212122;0.21739130434782608;0.14285714285714285;0.32298136645962733;0.30434782608695654;0.5344827586206896;0.1769547325102881;0.1111111111111111;0.08333333333333333;0.22;0.0;0.25;0.2;0.358974358974359;0.4545454545454546;0.09090909090909091;0.5;0.19298245614035087;0.4;0.49523809523809526;0.16666666666666666;0.22448979591836732;0.22807017543859648;0.3404255319148936;0.390625;0.5794392523364486;0.15151515151515152;0.11827956989247312;0.16666666666666666;0.24761904761904766;0.43846153846153846;0.20800000000000002;0.06666666666666667;0.16666666666666666;0.19047619047619047;0.44897959183673464;0.358695652173913;0.41666666666666663;0.2978723404255319;0.4666666666666667;0.1788617886178862;0.18433179723502305;0.39999999999999997;0.3333333333333333;0.0;0.3510971786833855;0.46428571428571425;0.18;0.3421052631578947;0.125;0.35185185185185186;0.32587064676616917;0.38461538461538464;0.4754098360655738;0.945945945945946;0.3521739130434783;0.0136986301369863
0.0;1.0;1.0;1.0;1.0;1.0;0.0;0.19444444444444448;1.0;0.2;0.030303030303030304;0.07692307692307693;0.16239316239316243;0.0;1.0;1.0;0.0;1.0;1.0;1.0;0.11504424778761062;0.18421052631578946;0.0;0.19889502762430938;0.09090909090909091;0.125;0.0;0.0;0.08695652173913043;0.07142857142857142;0.07453416149068323;0.043478260869565216;0.2629310344827586;0.0617283950617284;0.031746031746031744;0.041666666666666664;0.03333333333333333;0.0;0.125;0.0;0.21153846153846154;0.17045454545454547;0.0;0.0;0.07017543859649122;0.1;0.2666666666666667;0.036036036036036036;0.0;0.3157894736842105;0.10638297872340426;0.203125;0.24299065420560745;0.045454545454545456;0.010752688172043012;0.03333333333333333;0.21904761904761907;0.23846153846153847;0.048;0.2;0.16666666666666666;0.23809523809523808;0.26530612244897955;0.03260869565217391;0.19444444444444442;0.14893617021276595;0.36666666666666664;0.11382113821138212;0.09216589861751152;0.14736842105263157;0.3333333333333333;0.0;0.1755485893416928;0.15178571428571427;0.08;0.10526315789473684;0.125;0.21296296296296297;0.12437810945273631;0.2153846153846154;0.1721311475409836;0.20270270270270271;0.16956521739130434;0.0273972602739726
0.0;1.0;1.0;1.0;1.0;0.0;0.0;0.25;1.0;0.2;0.06060606060606061;0.15384615384615385;0.0854700854700855;0.0;0.0;0.0;0.0;0.0;0.0;0.0;0.16814159292035397;0.07894736842105263;0.29166666666666663;0.2044198895027624;0.030303030303030304;0.0;0.0;0.0;0.0;0.0;0.14285714285714285;0.08695652173913043;0.14655172413793102;0.12757201646090535;0.07936507936507936;0.0;0.10666666666666667;0.0;0.0;0.0;0.14102564102564102;0.05681818181818182;0.0;0.0;0.07017543859649122;0.05;0.05714285714285715;0.0990990990990991;0.3469387755102041;0.12280701754385964;0.05319148936170213;0.046875;0.14018691588785046;0.12121212121212122;0.06989247311827958;0.06666666666666667;0.14285714285714288;0.1;0.016;0.06666666666666667;0.0;0.14285714285714285;0.1530612244897959;0.13043478260869565;0.1388888888888889;0.1702127659574468;0.03333333333333333;0.008130081300813009;0.16589861751152074;0.14736842105263157;0.0;0.04;0.2006269592476489;0.03571428571428571;0.02;0.0;0.0;0.10185185185185185;0.13432835820895522;0.046153846153846156;0.05737704918032787;0.43243243243243246;0.15217391304347827;0.0
0.0;0.0;0.0;1.0;0.0;0.0;0.0;0.2222222222222222;1.0;0.4;0.12121212121212122;0.07692307692307693;0.04273504273504274;0.0;1.0;1.0;0.0;1.0;1.0;1.0;0.008849557522123894;0.10526315789473684;0.125;0.18232044198895025;0.045454545454545456;0.0625;0.0;0.0;0.2608695652173913;0.21428571428571427;0.08695652173913043;0.21739130434782608;0.20689655172413793;0.05761316872427984;0.047619047619047616;0.08333333333333333;0.08;0.0;0.0625;0.0;0.07692307692307693;0.20454545454545456;0.18181818181818182;0.0;0.05263157894736842;0.05;0.09523809523809525;0.09009009009009009;0.3061224489795918;0.07017543859649122;0.0851063829787234;0.046875;0.07476635514018691;0.12121212121212122;0.05913978494623656;0.1;0.1142857142857143;0.08461538461538462;0.016;0.0;0.0;0.14285714285714285;0.16326530612244897;0.11956521739130435;0.1388888888888889;0.19858156028368792;0.05;0.016260162601626018;0.14285714285714285;0.06315789473684211;0.06666666666666667;0.04;0.1536050156739812;0.11607142857142856;0.04;0.07894736842105263;0.0;0.1388888888888889;0.11194029850746269;0.16923076923076924;0.14754098360655737;0.28378378378378377;0.17391304347826086;0.0
0.0;1.0;1.0;1.0;1.0;0.0;1.0;0.4166666666666667;1.0;0.2;0.12121212121212122;0.15384615384615385;0.21367521367521372;1.0;1.0;0.0;0.0;0.0;0.0;1.0;0.4424778761061947;0.23684210526315788;0.16666666666666666;0.4530386740331492;0.4090909090909091;0.25;0.07142857142857142;0.0;0.30434782608695654;0.0;0.32298136645962733;0.13043478260869565;0.3620689655172414;0.32921810699588483;0.25396825396825395;0.0;0.3466666666666667;0.0;0.1875;0.0;0.4423076923076923;0.2727272727272727;0.09090909090909091;0.0;0.22807017543859648;0.025;0.1904761904761905;0.3918918918918919;0.18367346938775508;0.17543859649122806;0.0425531914893617;0.0625;0.34579439252336447;0.33333333333333337;0.2634408602150538;0.26666666666666666;0.3142857142857143;0.23076923076923078;0.07200000000000001;0.13333333333333333;0.3333333333333333;0.047619047619047616;0.3061224489795918;0.5;0.19444444444444442;0.3900709219858156;0.26666666666666666;0.07317073170731708;0.33640552995391704;0.09473684210526316;0.06666666666666667;0.2;0.33228840125391845;0.5267857142857143;0.28;0.2894736842105263;0.0625;0.24074074074074073;0.3706467661691542;0.15384615384615385;0.1639344262295082;0.40540540540540543;0.42608695652173917;0.0136986301369863
0.0;1.0;0.0;1.0;0.0;0.0;0.0;0.25;0.0;0.0;0.12121212121212122;0.07692307692307693;0.14102564102564105;1.0;1.0;0.0;1.0;0.0;0.0;1.0;0.20353982300884954;0.13157894736842105;0.1875;0.3591160220994475;0.25757575757575757;0.125;0.14285714285714285;0.030303030303030304;0.17391304347826086;0.07142857142857142;0.16149068322981366;0.17391304347826086;0.3706896551724138;0.23045267489711935;0.07936507936507936;0.0;0.22;0.16666666666666666;0.1875;0.0;0.35256410256410253;0.25;0.36363636363636365;0.5;0.3157894736842105;0.15000000000000002;0.34285714285714286;0.17117117117117117;0.22448979591836732;0.2807017543859649;0.23404255319148937;0.140625;0.3925233644859813;0.19696969696969696;0.15053763440860216;0.03333333333333333;0.2857142857142857;0.27692307692307694;0.048;0.06666666666666667;0.16666666666666666;0.38095238095238093;0.2857142857142857;0.2717391304347826;0.16666666666666666;0.326241134751773;0.3333333333333333;0.1626016260162602;0.2304147465437788;0.16842105263157894;0.06666666666666667;0.24;0.2570532915360501;0.4821428571428571;0.2;0.10526315789473684;0.125;0.23148148148148145;0.291044776119403;0.07692307692307693;0.2540983606557377;0.44594594594594594;0.30434782608695654;0.0
0.0;1.0;0.0;1.0;0.0;0.0;0.0;0.3055555555555555;0.0;0.0;0.06060606060606061;0.15384615384615385;0.17948717948717952;1.0;1.0;0.0;1.0;0.0;1.0;1.0;0.12389380530973451;0.21052631578947367;0.125;0.2154696132596685;0.18181818181818182;0.15625;0.07142857142857142;0.12121212121212122;0.08695652173913043;0.0;0.08074534161490683;0.043478260869565216;0.27586206896551724;0.10699588477366256;0.06349206349206349;0.0;0.14666666666666667;0.0;0.125;0.2;0.22435897435897434;0.23863636363636365;0.18181818181818182;0.0;0.14035087719298245;0.17500000000000002;0.2380952380952381;0.11261261261261261;0.04081632653061224;0.21052631578947367;0.1595744680851064;0.046875;0.21495327102803738;0.09090909090909091;0.08602150537634409;0.0;0.26666666666666666;0.18461538461538463;0.032;0.3333333333333333;0.0;0.3333333333333333;0.21428571428571427;0.14130434782608695;0.2222222222222222;0.19858156028368792;0.11666666666666667;0.05691056910569106;0.1935483870967742;0.07368421052631578;0.06666666666666667;0.08;0.15987460815047022;0.2857142857142857;0.2;0.07894736842105263;0.0;0.25925925925925924;0.1517412935323383;0.16923076923076924;0.20491803278688525;0.1891891891891892;0.24347826086956523;0.0
0.0;1.0;0.0;0.0;0.0;0.0;0.0;0.25;1.0;0.2;0.030303030303030304;0.0;0.15811965811965814;0.0;0.0;0.0;1.0;0.0;0.0;0.0;0.22123893805309736;0.05263157894736842;0.16666666666666666;0.17679558011049723;0.16666666666666669;0.03125;0.07142857142857142;0.030303030303030304;0.08695652173913043;0.0;0.18012422360248445;0.30434782608695654;0.14655172413793102;0.1522633744855967;0.14285714285714285;0.0;0.18000000000000002;0.0;0.125;0.0;0.1794871794871795;0.09090909090909091;0.18181818181818182;0.0;0.14035087719298245;0.025;0.06666666666666668;0.17117117117117117;0.2857142857142857;0.07017543859649122;0.031914893617021274;0.015625;0.14018691588785046;0.15151515151515152;0.14516129032258066;0.2;0.04761904761904762;0.06153846153846154;0.024;0.06666666666666667;0.08333333333333333;0.14285714285714285;0.11224489795918366;0.09782608695652173;0.027777777777777776;0.15602836879432622;0.11666666666666667;0.0975609756097561;0.1889400921658986;0.031578947368421054;0.06666666666666667;0.24;0.1536050156739812;0.20535714285714285;0.14;0.07894736842105263;0.125;0.046296296296296294;0.17412935323383083;0.09230769230769231;0.05737704918032787;0.2972972972972973;0.15217391304347827;0.0136986301369863
0.0;1.0;1.0;1.0;1.0;1.0;1.0;0.3055555555555555;1.0;0.2;0.12121212121212122;0.07692307692307693;0.12820512820512822;0.0;0.0;0.0;0.0;0.0;0.0;0.0;0.17699115044247787;0.10526315789473684;0.125;0.4033149171270718;0.06060606060606061;0.03125;0.0;0.0;0.17391304347826086;0.14285714285714285;0.24844720496894407;0.21739130434782608;0.19827586206896552;0.26337448559670784;0.12698412698412698;0.0;0.36000000000000004;0.0;0.125;0.2;0.3205128205128205;0.2159090909090909;0.18181818181818182;0.0;0.03508771929824561;0.0;0.1523809523809524;0.21621621621621623;0.32653061224489793;0.08771929824561403;0.031914893617021274;0.03125;0.21495327102803738;0.16666666666666669;0.22043010752688175;0.23333333333333334;0.1619047619047619;0.13846153846153847;0.016;0.13333333333333333;0.16666666666666666;0.09523809523809523;0.19387755102040816;0.2608695652173913;0.19444444444444442;0.3120567375886525;0.05;0.06504065040650407;0.2764976958525346;0.042105263157894736;0.0;0.28;0.28213166144200624;0.2232142857142857;0.04;0.05263157894736842;0.0;0.12037037037037036;0.24875621890547261;0.03076923076923077;0.10655737704918034;0.2567567567567568;0.2782608695652174;0.0273972602739726
0.0;1.0;0.0;1.0;1.0;0.0;0.0;0.2777777777777778;0.0;0.0;0.12121212121212122;0.3076923076923077;0.17948717948717952;0.0;1.0;0.0;0.0;0.0;0.0;1.0;0.4690265486725664;0.13157894736842105;0.0625;0.5359116022099447;0.18181818181818182;0.15625;0.0;0.0;0.043478260869565216;0.0;0.40993788819875776;0.17391304347826086;0.2025862068965517;0.3827160493827161;0.23809523809523808;0.0;0.44;0.16666666666666666;0.03125;0.4;0.3782051282051282;0.1590909090909091;0.18181818181818182;0.0;0.2631578947368421;0.025;0.2;0.23423423423423423;0.4081632653061224;0.14035087719298245;0.05319148936170213;0.109375;0.2523364485981308;0.2878787878787879;0.21505376344086025;0.3;0.2571428571428572;0.13846153846153847;0.224;0.06666666666666667;0.16666666666666666;0.19047619047619047;0.11224489795918366;0.4891304347826087;0.027777777777777776;0.3475177304964539;0.2;0.1869918699186992;0.2995391705069124;0.08421052631578947;0.06666666666666667;0.2;0.3887147335423197;0.2232142857142857;0.1;0.13157894736842105;0.0625;0.1111111111111111;0.34328358208955223;0.18461538461538463;0.12295081967213116;0.35135135135135137;0.35652173913043483;0.0
1.0;0.0;0.0;1.0;1.0;0.0;0.0;0.3888888888888889;0.0;0.0;0.06060606060606061;0.07692307692307693;0.17521367521367523;0.0;1.0;0.0;0.0;0.0;0.0;1.0;0.4336283185840708;0.13157894736842105;0.0625;0.4475138121546961;0.2878787878787879;0.25;0.0;0.030303030303030304;0.2608695652173913;0.14285714285714285;0.3664596273291925;0.3913043478260869;0.41810344827586204;0.2674897119341564;0.2222222222222222;0.0;0.31333333333333335;0.3333333333333333;0.25;0.2;0.4615384615384615;0.2840909090909091;0.09090909090909091;0.0;0.2631578947368421;0.15000000000000002;0.3238095238095238;0.22972972972972971;0.18367346938775508;0.15789473684210525;0.14893617021276595;0.25;0.29906542056074764;0.3787878787878788;0.16129032258064518;0.3333333333333333;0.20952380952380956;0.23076923076923078;0.32;0.2;0.08333333333333333;0.38095238095238093;0.1530612244897959;0.43478260869565216;0.16666666666666666;0.39716312056737585;0.26666666666666666;0.33333333333333337;0.2995391705069124;0.24210526315789474;0.06666666666666667;0.36;0.36990595611285265;0.39285714285714285;0.26;0.5263157894736842;0.0625;0.21296296296296297;0.3681592039800995;0.26153846153846155;0.1721311475409836;0.7162162162162162;0.3826086956521739;0.0
0.0;1.0;1.0;1.0;1.0;0.0;0.0;0.2222222222222222;1.0;0.2;0.0;0.0;0.10683760683760685;0.0;1.0;0.0;0.0;0.0;0.0;1.0;0.2831858407079646;0.05263157894736842;0.020833333333333332;0.3314917127071823;0.09090909090909091;0.0;0.07142857142857142;0.0;0.043478260869565216;0.14285714285714285;0.2981366459627329;0.17391304347826086;0.13793103448275862;0.2592592592592593;0.14285714285714285;0.0;0.25333333333333335;0.16666666666666666;0.09375;0.0;0.26282051282051283;0.05681818181818182;0.0;0.5;0.05263157894736842;0.05;0.1142857142857143;0.15765765765765766;0.26530612244897955;0.03508771929824561;0.05319148936170213;0.03125;0.11214953271028036;0.25757575757575757;0.1774193548387097;0.3;0.1142857142857143;0.06153846153846154;0.16;0.06666666666666667;0.08333333333333333;0.0;0.09183673469387754;0.3695652173913043;0.05555555555555555;0.3191489361702127;0.05;0.05691056910569106;0.2304147465437788;0.031578947368421054;0.0;0.04;0.26645768025078365;0.09821428571428571;0.14;0.13157894736842105;0.0;0.009259259259259259;0.24378109452736318;0.09230769230769231;0.04918032786885246;0.33783783783783783;0.2695652173913044;0.0
0.0;0.0;1.0;1.0;1.0;0.0;0.0;0.19444444444444448;1.0;0.2;0.06060606060606061;0.15384615384615385;0.11538461538461539;0.0;1.0;0.0;0.0;0.0;0.0;1.0;0.3893805309734513;0.10526315789473684;0.10416666666666666;0.39779005524861877;0.030303030303030304;0.0;0.0;0.0;0.043478260869565216;0.07142857142857142;0.2670807453416149;0.30434782608695654;0.13793103448275862;0.2263374485596708;0.30158730158730157;0.0;0.24000000000000002;0.16666666666666666;0.125;0.0;0.2948717948717949;0.10227272727272728;0.09090909090909091;0.0;0.08771929824561403;0.025;0.14285714285714288;0.18468468468468469;0.3469387755102041;0.0;0.06382978723404255;0.0625;0.12149532710280372;0.2727272727272727;0.18817204301075272;0.23333333333333334;0.06666666666666668;0.07692307692307693;0.048;0.13333333333333333;0.08333333333333333;0.14285714285714285;0.1020408163265306;0.3913043478260869;0.0;0.2907801418439716;0.1;0.0813008130081301;0.17972350230414746;0.07368421052631578;0.0;0.04;0.2789968652037617;0.13392857142857142;0.02;0.02631578947368421;0.0;0.037037037037037035;0.24129353233830847;0.046153846153846156;0.09016393442622951;0.22972972972972974;0.28695652173913044;0.0
0.0;0.0;0.0;1.0;1.0;0.0;0.0;0.3333333333333333;0.0;0.0;0.5151515151515151;0.07692307692307693;0.1495726495726496;0.0;0.0;0.0;0.0;0.0;0.0;0.0;0.33628318584070793;0.15789473684210525;0.0625;0.2154696132596685;0.33333333333333337;0.34375;0.21428571428571427;0.15151515151515152;0.13043478260869565;0.14285714285714285;0.15527950310559005;0.13043478260869565;0.25862068965517243;0.1851851851851852;0.09523809523809523;0.041666666666666664;0.11333333333333334;0.0;0.28125;0.2;0.21153846153846154;0.125;0.4545454545454546;0.5;0.3684210526315789;0.125;0.2761904761904762;0.11261261261261261;0.08163265306122448;0.3157894736842105;0.19148936170212766;0.078125;0.24299065420560745;0.09090909090909091;0.11290322580645162;0.06666666666666667;0.34285714285714286;0.19230769230769232;0.176;0.13333333333333333;0.25;0.23809523809523808;0.18367346938775508;0.2391304347826087;0.08333333333333333;0.2695035460992908;0.25;0.29268292682926833;0.16129032258064516;0.12631578947368421;0.06666666666666667;0.16;0.2006269592476489;0.24107142857142855;0.38;0.5789473684210527;0.125;0.25;0.19651741293532338;0.1076923076923077;0.10655737704918034;0.21621621621621623;0.23478260869565218;0.0547945205479452
0.0;0.0;1.0;1.0;0.0;0.0;0.0;0.3055555555555555;0.0;0.0;0.09090909090909091;0.07692307692307693;0.12820512820512822;0.0;1.0;0.0;0.0;0.0;0.0;1.0;0.30973451327433627;0.18421052631578946;0.125;0.46408839779005523;0.16666666666666669;0.0;0.0;0.0;0.043478260869565216;0.07142857142857142;0.3416149068322981;0.30434782608695654;0.23706896551724138;0.3004115226337449;0.2222222222222222;0.0;0.37333333333333335;0.3333333333333333;0.15625;0.0;0.30128205128205127;0.125;0.18181818181818182;0.0;0.05263157894736842;0.07500000000000001;0.2285714285714286;0.18018018018018017;0.18367346938775508;0.10526315789473684;0.0851063829787234;0.09375;0.22429906542056072;0.2272727272727273;0.21505376344086025;0.2;0.1904761904761905;0.1076923076923077;0.07200000000000001;0.4;0.25;0.14285714285714285;0.13265306122448978;0.4782608695652174;0.1111111111111111;0.2624113475177305;0.3;0.15447154471544716;0.21658986175115208;0.15789473684210525;0.0;0.08;0.3510971786833855;0.2232142857142857;0.08;0.07894736842105263;0.0;0.1111111111111111;0.31094527363184077;0.13846153846153847;0.14754098360655737;0.41891891891891897;0.33913043478260874;0.0
0.0;0.0;0.0;1.0;0.0;1.0;0.0;0.2777777777777778;1.0;0.6000000000000001;0.09090909090909091;0.46153846153846156;0.11965811965811968;0.0;1.0;0.0;0.0;0.0;0.0;1.0;0.20353982300884954;0.05263157894736842;0.0625;0.281767955801105;0.015151515151515152;0.0;0.0;0.0;0.13043478260869565;0.07142857142857142;0.27329192546583847;0.0;0.09482758620689655;0.21810699588477367;0.20634920634920634;0.041666666666666664;0.22666666666666668;0.16666666666666666;0.0625;0.0;0.21153846153846154;0.125;0.0;0.0;0.15789473684210525;0.025;0.17142857142857143;0.09009009009009009;0.16326530612244897;0.03508771929824561;0.031914893617021274;0.0625;0.21495327102803738;0.12121212121212122;0.06989247311827958;0.03333333333333333;0.10476190476190478;0.06923076923076923;0.032;0.13333333333333333;0.25;0.0;0.09183673469387754;0.18478260869565216;0.0;0.13475177304964536;0.1;0.0813008130081301;0.2073732718894009;0.05263157894736842;0.0;0.12;0.21630094043887146;0.1607142857142857;0.0;0.10526315789473684;0.0625;0.0;0.2064676616915423;0.046153846153846156;0.10655737704918034;0.32432432432432434;0.22608695652173913;0.0
0.0;0.0;1.0;1.0;1.0;1.0;0.0;0.16666666666666669;1.0;0.6000000000000001;0.06060606060606061;0.07692307692307693;0.11538461538461539;0.0;0.0;0.0;0.0;0.0;0.0;0.0;0.5575221238938053;0.10526315789473684;0.041666666666666664;0.4143646408839779;0.6818181818181819;0.40625;0.14285714285714285;0.12121212121212122;0.2608695652173913;0.3571428571428571;0.3602484472049689;0.5217391304347826;0.4870689655172414;0.3168724279835391;0.2698412698412698;0.0;0.3666666666666667;0.3333333333333333;0.40625;0.6000000000000001;0.42948717948717946;0.26136363636363635;0.2727272727272727;0.5;0.5614035087719298;0.42500000000000004;0.5047619047619049;0.13063063063063063;0.1020408163265306;0.2631578947368421;0.35106382978723405;0.265625;0.514018691588785;0.30303030303030304;0.15053763440860216;0.13333333333333333;0.37142857142857144;0.4153846153846154;0.152;0.4;0.5833333333333333;0.38095238095238093;0.336734693877551;0.41304347826086957;0.19444444444444442;0.40425531914893614;0.3333333333333333;0.7560975609756099;0.25806451612903225;0.35789473684210527;0.2;0.2;0.34796238244514105;0.5803571428571428;0.6;0.6578947368421052;0.125;0.37037037037037035;0.40298507462686567;0.18461538461538463;0.2377049180327869;0.13513513513513514;0.391304347826087;0.0821917808219178
1.0;0.0;1.0;1.0;1.0;1.0;1.0;0.3333333333333333;0.0;0.0;0.12121212121212122;0.07692307692307693;0.25641025641025644;0.0;0.0;0.0;0.0;0.0;0.0;0.0;0.9026548672566371;0.3157894736842105;0.125;0.6850828729281768;0.7272727272727273;0.6875;0.42857142857142855;0.30303030303030304;0.30434782608695654;0.14285714285714285;0.6770186335403726;0.3913043478260869;0.7025862068965517;0.6008230452674898;0.25396825396825395;0.08333333333333333;0.5733333333333334;0.5;0.625;0.6000000000000001;0.6282051282051282;0.4545454545454546;0.09090909090909091;0.5;0.6842105263157894;0.5;0.8;0.22972972972972971;0.2857142857142857;0.6666666666666666;0.4787234042553191;0.5;0.6822429906542056;0.4696969696969697;0.22043010752688175;0.13333333333333333;0.761904761904762;0.6384615384615385;0.384;0.5333333333333333;0.5;0.6666666666666666;0.6428571428571428;0.6847826086956521;0.2777777777777778;0.6170212765957447;0.5;1.0;0.41013824884792627;0.5368421052631579;0.13333333333333333;0.32;0.5736677115987461;0.9285714285714285;0.74;1.0;0.375;0.5648148148148148;0.6442786069651741;0.46153846153846156;0.45081967213114754;0.5945945945945946;0.7000000000000001;0.0547945205479452
0.0;0.0;1.0;1.0;1.0;1.0;0.0;0.16666666666666669;1.0;0.6000000000000001;0.09090909090909091;0.15384615384615385;0.0854700854700855;1.0;0.0;0.0;1.0;0.0;0.0;0.0;0.11504424778761062;0.07894736842105263;0.041666666666666664;0.19337016574585636;0.09090909090909091;0.03125;0.0;0.0;0.043478260869565216;0.14285714285714285;0.13043478260869565;0.043478260869565216;0.10344827586206896;0.13991769547325103;0.047619047619047616;0.0;0.08666666666666667;0.0;0.15625;0.2;0.10256410256410256;0.07954545454545454;0.2727272727272727;0.0;0.19298245614035087;0.025;0.13333333333333336;0.09009009009009009;0.08163265306122448;0.05263157894736842;0.031914893617021274;0.03125;0.02803738317757009;0.13636363636363635;0.05913978494623656;0.06666666666666667;0.21904761904761907;0.08461538461538462;0.032;0.06666666666666667;0.16666666666666666;0.14285714285714285;0.07142857142857142;0.14130434782608695;0.0;0.10638297872340426;0.05;0.11382113821138212;0.10138248847926268;0.08421052631578947;0.0;0.08;0.13166144200626959;0.13392857142857142;0.06;0.10526315789473684;0.0;0.06481481481481481;0.12189054726368159;0.06153846153846154;0.04098360655737705;0.013513513513513514;0.0608695652173913;0.0547945205479452
0.0;1.0;1.0;1.0;1.0;1.0;1.0;0.4166666666666667;0.0;0.0;0.15151515151515152;0.07692307692307693;0.1324786324786325;0.0;1.0;0.0;0.0;0.0;0.0;1.0;0.19469026548672566;0.10526315789473684;0.041666666666666664;0.27071823204419887;0.10606060606060606;0.03125;0.0;0.0;0.13043478260869565;0.14285714285714285;0.19254658385093165;0.13043478260869565;0.1336206896551724;0.16460905349794241;0.1746031746031746;0.041666666666666664;0.19333333333333336;0.3333333333333333;0.09375;0.2;0.21153846153846154;0.09090909090909091;0.0;0.0;0.14035087719298245;0.025;0.14285714285714288;0.11261261261261261;0.1020408163265306;0.08771929824561403;0.11702127659574468;0.109375;0.06542056074766354;0.16666666666666669;0.11290322580645162;0.13333333333333333;0.10476190476190478;0.08461538461538462;0.032;0.06666666666666667;0.08333333333333333;0.09523809523809523;0.1020408163265306;0.16304347826086957;0.08333333333333333;0.14893617021276595;0.15;0.024390243902439025;0.1336405529953917;0.10526315789473684;0.0;0.0;0.21316614420062696;0.10714285714285714;0.02;0.15789473684210525;0.0625;0.018518518518518517;0.18656716417910446;0.1076923076923077;0.04098360655737705;0.2702702702702703;0.23043478260869565;0.0
1.0;0.0;0.0;1.0;1.0;0.0;0.0;0.19444444444444448;0.0;0.0;0.06060606060606061;0.07692307692307693;0.16239316239316243;1.0;1.0;0.0;0.0;0.0;1.0;1.0;0.35398230088495575;0.10526315789473684;0.041666666666666664;0.16574585635359118;0.15151515151515152;0.125;0.07142857142857142;0.030303030303030304;0.13043478260869565;0.0;0.10559006211180123;0.043478260869565216;0.2801724137931034;0.07818930041152264;0.031746031746031744;0.0;0.08666666666666667;0.0;0.125;0.0;0.1858974358974359;0.18181818181818182;0.09090909090909091;0.0;0.05263157894736842;0.1;0.2666666666666667;0.04504504504504504;0.1020408163265306;0.3333333333333333;0.23404255319148937;0.15625;0.22429906542056072;0.06060606060606061;0.0;0.0;0.2857142857142857;0.27692307692307694;0.048;0.13333333333333333;0.16666666666666666;0.2857142857142857;0.32653061224489793;0.05434782608695652;0.3333333333333333;0.19148936170212766;0.16666666666666666;0.04065040650406505;0.12442396313364056;0.05263157894736842;0.0;0.0;0.21003134796238246;0.10714285714285714;0.12;0.05263157894736842;0.0625;0.3055555555555555;0.11940298507462688;0.2153846153846154;0.1557377049180328;0.31081081081081086;0.16956521739130434;0.0273972602739726
0.0;1.0;1.0;1.0;0.0;0.0;0.0;0.4166666666666667;1.0;0.4;0.06060606060606061;0.0;0.0854700854700855;0.0;0.0;0.0;0.0;0.0;0.0;0.0;0.34513274336283184;0.02631578947368421;0.375;0.26519337016574585;0.2272727272727273;0.125;0.0;0.0;0.17391304347826086;0.21428571428571427;0.32298136645962733;0.2608695652173913;0.25;0.23456790123456792;0.23809523809523808;0.0;0.2733333333333334;0.0;0.0625;0.0;0.24358974358974358;0.2840909090909091;0.0;0.0;0.22807017543859648;0.1;0.1142857142857143;0.21621621621621623;0.5306122448979591;0.21052631578947367;0.11702127659574468;0.125;0.08411214953271028;0.36363636363636365;0.1774193548387097;0.5;0.2380952380952381;0.13076923076923078;0.07200000000000001;0.26666666666666666;0.16666666666666666;0.14285714285714285;0.18367346938775508;0.20652173913043478;0.1111111111111111;0.36170212765957444;0.25;0.11382113821138212;0.2304147465437788;0.09473684210526316;0.13333333333333333;0.12;0.2946708463949843;0.24107142857142855;0.16;0.15789473684210525;0.125;0.23148148148148145;0.24875621890547261;0.046153846153846156;0.10655737704918034;0.5135135135135136;0.30434782608695654;0.0
0.0;0.0;0.0;0.0;1.0;0.0;0.0;0.1388888888888889;1.0;0.4;0.030303030303030304;0.07692307692307693;0.0854700854700855;0.0;1.0;0.0;0.0;0.0;0.0;1.0;0.11504424778761062;0.0;0.125;0.2099447513812155;0.030303030303030304;0.03125;0.0;0.0;0.08695652173913043;0.07142857142857142;0.08074534161490683;0.30434782608695654;0.125;0.09465020576131689;0.07936507936507936;0.0;0.11333333333333334;0.0;0.03125;0.0;0.10256410256410256;0.11363636363636365;0.2727272727272727;0.0;0.03508771929824561;0.0;0.08571428571428572;0.07207207207207207;0.3061224489795918;0.10526315789473684;0.02127659574468085;0.0625;0.1308411214953271;0.07575757575757576;0.048387096774193554;0.13333333333333333;0.0761904761904762;0.08461538461538462;0.008;0.06666666666666667;0.25;0.047619047619047616;0.0510204081632653;0.11956521739130435;0.08333333333333333;0.13475177304964536;0.05;0.032520325203252036;0.10599078341013825;0.08421052631578947;0.06666666666666667;0.08;0.14106583072100315;0.0625;0.08;0.05263157894736842;0.0;0.08333333333333333;0.10696517412935323;0.03076923076923077;0.04918032786885246;0.1891891891891892;0.1391304347826087;0.0
0.0;0.0;0.0;1.0;1.0;0.0;0.0;0.11111111111111109;1.0;0.2;0.12121212121212122;0.38461538461538464;0.11965811965811968;1.0;1.0;0.0;1.0;0.0;1.0;0.0;0.1327433628318584;0.07894736842105263;0.041666666666666664;0.14917127071823205;0.12121212121212122;0.0625;0.21428571428571427;0.24242424242424243;0.13043478260869565;0.0;0.043478260869565216;0.0;0.21982758620689655;0.03703703703703704;0.015873015873015872;0.0;0.02666666666666667;0.0;0.1875;0.2;0.10256410256410256;0.125;0.0;0.0;0.12280701754385964;0.07500000000000001;0.17142857142857143;0.036036036036036036;0.0;0.17543859649122806;0.07446808510638298;0.1875;0.17757009345794392;0.045454545454545456;0.010752688172043012;0.0;0.12380952380952384;0.19230769230769232;0.032;0.06666666666666667;0.0;0.19047619047619047;0.24489795918367346;0.043478260869565216;0.19444444444444442;0.12056737588652482;0.08333333333333333;0.0894308943089431;0.07834101382488479;0.25263157894736843;0.13333333333333333;0.0;0.10344827586206896;0.14285714285714285;0.22;0.18421052631578946;0.25;0.15740740740740738;0.09701492537313433;0.18461538461538463;0.18032786885245902;0.2567567567567568;0.1391304347826087;0.0
0.0;0.0;1.0;1.0;0.0;0.0;0.0;0.25;0.0;0.0;0.0;0.0;0.17094017094017097;0.0;1.0;0.0;0.0;0.0;0.0;1.0;0.10619469026548672;0.13157894736842105;0.0625;0.13812154696132595;0.21212121212121213;0.09375;0.0;0.0;0.2608695652173913;0.07142857142857142;0.09316770186335403;0.043478260869565216;0.27155172413793105;0.12757201646090535;0.015873015873015872;0.0;0.08;0.0;0.0625;0.0;0.1923076923076923;0.18181818181818182;0.18181818181818182;0.0;0.22807017543859648;0.15000000000000002;0.20952380952380956;0.0990990990990991;0.14285714285714285;0.21052631578947367;0.19148936170212766;0.15625;0.205607476635514;0.12121212121212122;0.05913978494623656;0.06666666666666667;0.2380952380952381;0.24615384615384617;0.08;0.06666666666666667;0.16666666666666666;0.047619047619047616;0.32653061224489793;0.10869565217391304;0.16666666666666666;0.2553191489361702;0.15;0.04065040650406505;0.11059907834101382;0.08421052631578947;0.06666666666666667;0.0;0.1724137931034483;0.3214285714285714;0.06;0.15789473684210525;0.0;0.19444444444444442;0.17164179104477612;0.015384615384615385;0.07377049180327869;0.4594594594594595;0.19130434782608696;0.0136986301369863
0.0;0.0;0.0;0.0;1.0;0.0;0.0;0.16666666666666669;1.0;0.2;0.06060606060606061;0.6923076923076923;0.12393162393162396;0.0;1.0;0.0;0.0;0.0;0.0;1.0;0.1415929203539823;0.10526315789473684;0.375;0.18232044198895025;0.07575757575757576;0.0625;0.0;0.0;0.08695652173913043;0.21428571428571427;0.13043478260869565;0.08695652173913043;0.2801724137931034;0.06995884773662552;0.047619047619047616;0.041666666666666664;0.05333333333333334;0.0;0.0625;0.0;0.20512820512820512;0.10227272727272728;0.09090909090909091;0.0;0.07017543859649122;0.07500000000000001;0.2285714285714286;0.06756756756756757;0.1020408163265306;0.17543859649122806;0.14893617021276595;0.109375;0.2523364485981308;0.12121212121212122;0.043010752688172046;0.03333333333333333;0.13333333333333336;0.2076923076923077;0.032;0.0;0.08333333333333333;0.14285714285714285;0.336734693877551;0.10869565217391304;0.1388888888888889;0.18439716312056736;0.11666666666666667;0.04065040650406505;0.12442396313364056;0.05263157894736842;0.0;0.08;0.18495297805642633;0.21428571428571427;0.02;0.07894736842105263;0.0;0.027777777777777776;0.19154228855721392;0.1076923076923077;0.29508196721311475;0.05405405405405406;0.08260869565217391;0.5342465753424657
0.0;0.0;0.0;1.0;0.0;0.0;0.0;0.4166666666666667;0.0;0.0;0.0;0.07692307692307693;0.08119658119658121;0.0;0.0;0.0;0.0;0.0;0.0;0.0;0.08849557522123894;0.18421052631578946;0.08333333333333333;0.23204419889502764;0.06060606060606061;0.0;0.0;0.0;0.08695652173913043;0.0;0.12422360248447203;0.0;0.16379310344827586;0.1440329218106996;0.06349206349206349;0.0;0.13333333333333333;0.16666666666666666;0.03125;0.0;0.20512820512820512;0.05681818181818182;0.0;0.0;0.10526315789473684;0.025;0.05714285714285715;0.18468468468468469;0.061224489795918366;0.12280701754385964;0.0425531914893617;0.015625;0.18691588785046728;0.12121212121212122;0.09677419354838711;0.06666666666666667;0.14285714285714288;0.13076923076923078;0.024;0.13333333333333333;0.0;0.047619047619047616;0.09183673469387754;0.11956521739130435;0.0;0.1631205673758865;0.06666666666666667;0.04878048780487805;0.12903225806451613;0.031578947368421054;0.13333333333333333;0.28;0.15987460815047022;0.1875;0.08;0.07894736842105263;0.0;0.07407407407407407;0.15920398009950248;0.09230769230769231;0.10655737704918034;0.13513513513513514;0.18695652173913044;0.0
0.0;0.0;0.0;0.0;1.0;0.0;0.0;0.2222222222222222;0.0;0.0;0.06060606060606061;0.0;0.21367521367521372;0.0;1.0;0.0;1.0;0.0;0.0;1.0;0.11504424778761062;0.3421052631578947;0.0625;0.09944751381215469;0.36363636363636365;0.40625;0.2857142857142857;0.24242424242424243;0.3913043478260869;0.14285714285714285;0.06211180124223602;0.043478260869565216;0.36637931034482757;0.11934156378600824;0.015873015873015872;0.041666666666666664;0.13333333333333333;0.0;0.25;0.2;0.16666666666666666;0.26136363636363635;0.36363636363636365;0.0;0.3684210526315789;0.17500000000000002;0.31428571428571433;0.10810810810810811;0.04081632653061224;0.3508771929824561;0.23404255319148937;0.203125;0.2803738317757009;0.07575757575757576;0.05913978494623656;0.06666666666666667;0.3238095238095238;0.3307692307692308;0.128;0.5333333333333333;0.5;0.3333333333333333;0.2857142857142857;0.15217391304347827;0.25;0.21276595744680848;0.21666666666666667;0.11382113821138212;0.19815668202764977;0.12631578947368421;0.26666666666666666;0.08;0.10971786833855798;0.5;0.46;0.2894736842105263;0.125;0.38888888888888884;0.1691542288557214;0.13846153846153847;0.13934426229508198;0.2972972972972973;0.1956521739130435;0.0136986301369863
0.0;0.0;0.0;1.0;0.0;0.0;0.0;0.19444444444444448;0.0;0.0;0.0;0.0;0.07264957264957267;0.0;0.0;0.0;0.0;0.0;0.0;0.0;0.09734513274336283;0.07894736842105263;0.08333333333333333;0.12154696132596686;0.07575757575757576;0.03125;0.07142857142857142;0.0;0.0;0.07142857142857142;0.05590062111801242;0.0;0.15517241379310345;0.06995884773662552;0.0;0.041666666666666664;0.08;0.0;0.03125;0.0;0.10897435897435898;0.11363636363636365;0.0;0.0;0.05263157894736842;0.025;0.09523809523809525;0.06306306306306306;0.14285714285714285;0.017543859649122806;0.031914893617021274;0.03125;0.16822429906542055;0.045454545454545456;0.048387096774193554;0.03333333333333333;0.0761904761904762;0.06153846153846154;0.0;0.0;0.08333333333333333;0.19047619047619047;0.19387755102040816;0.05434782608695652;0.08333333333333333;0.14184397163120566;0.06666666666666667;0.032520325203252036;0.08294930875576037;0.16842105263157894;0.0;0.0;0.10344827586206896;0.15178571428571427;0.04;0.0;0.0;0.027777777777777776;0.11194029850746269;0.09230769230769231;0.09836065573770492;0.16216216216216217;0.12608695652173912;0.0136986301369863
1.0;0.0;0.0;0.0;1.0;0.0;0.0;0.11111111111111109;0.0;0.0;0.0;0.0;0.06837606837606838;0.0;1.0;0.0;0.0;0.0;0.0;1.0;0.05309734513274336;0.02631578947368421;0.020833333333333332;0.049723756906077346;0.06060606060606061;0.03125;0.0;0.06060606060606061;0.043478260869565216;0.07142857142857142;0.018633540372670808;0.043478260869565216;0.1336206896551724;0.020576131687242802;0.015873015873015872;0.0;0.03333333333333333;0.16666666666666666;0.0;0.0;0.05128205128205128;0.045454545454545456;0.0;0.0;0.07017543859649122;0.15000000000000002;0.0761904761904762;0.03153153153153153;0.02040816326530612;0.05263157894736842;0.0851063829787234;0.0625;0.09345794392523364;0.06060606060606061;0.016129032258064516;0.03333333333333333;0.06666666666666668;0.09230769230769231;0.024;0.0;0.16666666666666666;0.0;0.09183673469387754;0.06521739130434782;0.2222222222222222;0.02836879432624113;0.16666666666666666;0.016260162601626018;0.04608294930875576;0.12631578947368421;0.0;0.04;0.04702194357366771;0.17857142857142855;0.02;0.10526315789473684;0.0625;0.05555555555555555;0.06467661691542288;0.13846153846153847;0.14754098360655737;0.05405405405405406;0.11304347826086956;0.0
1.0;1.0;0.0;0.0;1.0;0.0;0.0;0.1388888888888889;1.0;0.2;0.06060606060606061;0.15384615384615385;0.11538461538461539;0.0;1.0;0.0;0.0;0.0;0.0;1.0;0.23008849557522124;0.05263157894736842;0.375;0.3259668508287293;0.16666666666666669;0.25;0.07142857142857142;0.0;0.043478260869565216;0.07142857142857142;0.23602484472049687;0.08695652173913043;0.3275862068965517;0.1522633744855967;0.1111111111111111;0.08333333333333333;0.21333333333333335;0.0;0.0625;0.0;0.21153846153846154;0.2840909090909091;0.2727272727272727;0.0;0.12280701754385964;0.275;0.2761904761904762;0.14414414414414414;0.14285714285714285;0.14035087719298245;0.2765957446808511;0.140625;0.29906542056074764;0.25757575757575757;0.08064516129032259;0.2;0.20000000000000004;0.2076923076923077;0.008;0.26666666666666666;0.08333333333333333;0.38095238095238093;0.32653061224489793;0.19565217391304346;0.08333333333333333;0.2907801418439716;0.18333333333333332;0.13008130081300814;0.271889400921659;0.21052631578947367;0.06666666666666667;0.04;0.26018808777429464;0.2857142857142857;0.08;0.05263157894736842;0.0625;0.21296296296296297;0.2288557213930348;0.16923076923076924;0.22950819672131148;0.3783783783783784;0.291304347826087;0.0
0.0;1.0;0.0;0.0;1.0;0.0;0.0;0.2222222222222222;1.0;0.2;0.09090909090909091;0.3076923076923077;0.15384615384615388;1.0;1.0;0.0;0.0;0.0;0.0;1.0;0.4690265486725664;0.10526315789473684;0.29166666666666663;0.3425414364640884;0.12121212121212122;0.28125;0.21428571428571427;0.0;0.13043478260869565;0.14285714285714285;0.23602484472049687;0.08695652173913043;0.30603448275862066;0.23045267489711935;0.07936507936507936;0.08333333333333333;0.18666666666666668;0.16666666666666666;0.1875;0.0;0.28846153846153844;0.19318181818181818;0.09090909090909091;0.0;0.19298245614035087;0.1;0.39047619047619053;0.0990990990990991;0.3877551020408163;0.14035087719298245;0.13829787234042554;0.171875;0.4205607476635514;0.13636363636363635;0.08064516129032259;0.03333333333333333;0.20952380952380956;0.2846153846153846;0.064;0.2;0.08333333333333333;0.14285714285714285;0.37755102040816324;0.21739130434782608;0.1111111111111111;0.3191489361702127;0.26666666666666666;0.06504065040650407;0.2534562211981567;0.07368421052631578;0.06666666666666667;0.0;0.3166144200626959;0.2232142857142857;0.1;0.10526315789473684;0.125;0.2685185185185185;0.24378109452736318;0.15384615384615385;0.18032786885245902;0.5135135135135136;0.30434782608695654;0.0
0.0;1.0;0.0;0.0;1.0;0.0;0.0;0.25;1.0;0.4;0.09090909090909091;0.23076923076923078;0.07264957264957267;0.0;1.0;0.0;0.0;0.0;0.0;1.0;0.2920353982300885;0.21052631578947367;0.22916666666666666;0.3259668508287293;0.07575757575757576;0.0;0.0;0.0;0.043478260869565216;0.07142857142857142;0.21118012422360247;0.13043478260869565;0.28448275862068967;0.13168724279835392;0.12698412698412698;0.0;0.18666666666666668;0.0;0.125;0.0;0.28846153846153844;0.06818181818181818;0.09090909090909091;0.0;0.07017543859649122;0.025;0.2380952380952381;0.08558558558558559;0.16326530612244897;0.12280701754385964;0.14893617021276595;0.140625;0.2616822429906542;0.2272727272727273;0.0913978494623656;0.03333333333333333;0.1523809523809524;0.19230769230769232;0.016;0.0;0.08333333333333333;0.19047619047619047;0.17346938775510204;0.25;0.16666666666666666;0.2695035460992908;0.05;0.016260162601626018;0.17972350230414746;0.06315789473684211;0.0;0.08;0.2476489028213166;0.2232142857142857;0.02;0.10526315789473684;0.0;0.09259259259259259;0.2263681592039801;0.06153846153846154;0.06557377049180328;0.5405405405405406;0.20869565217391303;0.0
1.0;1.0;1.0;1.0;1.0;0.0;0.0;0.3055555555555555;1.0;0.2;0.09090909090909091;0.15384615384615385;0.23931623931623933;1.0;0.0;1.0;1.0;1.0;0.0;0.0;0.23008849557522124;0.2631578947368421;0.020833333333333332;0.10497237569060773;0.4696969696969697;0.375;0.21428571428571427;0.24242424242424243;0.17391304347826086;0.2857142857142857;0.17391304347826086;0.08695652173913043;0.3577586206896552;0.10699588477366256;0.047619047619047616;0.20833333333333331;0.11333333333333334;0.16666666666666666;0.09375;0.6000000000000001;0.1794871794871795;0.1590909090909091;0.18181818181818182;0.0;0.38596491228070173;0.225;0.28571428571428575;0.1036036036036036;0.12244897959183673;0.2807017543859649;0.20212765957446807;0.265625;0.27102803738317754;0.10606060606060606;0.048387096774193554;0.03333333333333333;0.2571428571428572;0.3384615384615385;0.128;0.26666666666666666;0.3333333333333333;0.19047619047619047;0.31632653061224486;0.10869565217391304;0.3055555555555555;0.20567375886524822;0.43333333333333335;0.2601626016260163;0.15207373271889402;0.21052631578947367;0.13333333333333333;0.12;0.13479623824451412;0.39285714285714285;0.48;0.3421052631578947;0.25;0.5092592592592592;0.12935323383084577;0.3076923076923077;0.20491803278688525;0.2567567567567568;0.1391304347826087;0.0273972602739726
0.0;1.0;1.0;1.0;1.0;1.0;1.0;0.4166666666666667;1.0;0.2;0.09090909090909091;0.15384615384615385;0.12820512820512822;1.0;0.0;0.0;0.0;0.0;0.0;0.0;0.4070796460176991;0.3421052631578947;0.3333333333333333;0.6077348066298343;0.16666666666666669;0.0625;0.0;0.0;0.2608695652173913;0.07142857142857142;0.44720496894409933;0.30434782608695654;0.3103448275862069;0.4032921810699589;0.30158730158730157;0.08333333333333333;0.4266666666666667;0.0;0.09375;0.2;0.4358974358974359;0.2159090909090909;0.0;0.0;0.14035087719298245;0.1;0.29523809523809524;0.22072072072072071;0.9591836734693877;0.2631578947368421;0.13829787234042554;0.21875;0.24299065420560745;0.42424242424242425;0.22580645161290325;0.43333333333333335;0.3238095238095238;0.2692307692307693;0.07200000000000001;0.26666666666666666;0.08333333333333333;0.23809523809523808;0.36734693877551017;0.4782608695652174;0.1111111111111111;0.5177304964539007;0.16666666666666666;0.0894308943089431;0.33640552995391704;0.21052631578947367;0.06666666666666667;0.08;0.46081504702194354;0.3125;0.12;0.15789473684210525;0.1875;0.35185185185185186;0.36318407960199006;0.26153846153846155;0.1557377049180328;0.5405405405405406;0.44782608695652176;0.0
0.0;1.0;0.0;1.0;0.0;0.0;0.0;0.5277777777777777;0.0;0.0;0.030303030303030304;0.0;0.2777777777777778;1.0;1.0;1.0;1.0;1.0;1.0;1.0;0.061946902654867256;0.13157894736842105;0.041666666666666664;0.06077348066298342;0.16666666666666669;0.28125;0.2857142857142857;0.09090909090909091;0.17391304347826086;0.07142857142857142;0.08695652173913043;0.08695652173913043;0.15517241379310345;0.07407407407407408;0.015873015873015872;0.125;0.02666666666666667;0.0;0.0625;0.4;0.12179487179487179;0.07954545454545454;0.0;0.0;0.12280701754385964;0.1;0.06666666666666668;0.04054054054054054;0.18367346938775508;0.15789473684210525;0.10638297872340426;0.125;0.12149532710280372;0.06060606060606061;0.03225806451612903;0.06666666666666667;0.1142857142857143;0.16923076923076924;0.04;0.2;0.08333333333333333;0.09523809523809523;0.22448979591836732;0.06521739130434782;0.1111111111111111;0.04255319148936171;0.21666666666666667;0.0813008130081301;0.08755760368663594;0.12631578947368421;0.4;0.0;0.08463949843260188;0.19642857142857142;0.1;0.18421052631578946;0.0625;0.24074074074074073;0.05970149253731344;0.06153846153846154;0.12295081967213116;0.2972972972972973;0.11304347826086956;0.0
0.0;0.0;0.0;0.0;0.0;0.0;0.0;0.08333333333333333;0.0;0.0;0.030303030303030304;0.07692307692307693;0.004273504273504279;0.0;0.0;0.0;0.0;0.0;0.0;0.0;0.08849557522123894;0.07894736842105263;0.020833333333333332;0.09944751381215469;0.09090909090909091;0.0625;0.14285714285714285;0.0;0.08695652173913043;0.14285714285714285;0.018633540372670808;0.08695652173913043;0.125;0.03703703703703704;0.015873015873015872;0.125;0.006666666666666667;0.0;0.09375;0.2;0.07051282051282051;0.11363636363636365;0.09090909090909091;0.0;0.14035087719298245;0.025;0.10476190476190478;0.04954954954954955;0.061224489795918366;0.07017543859649122;0.05319148936170213;0.0625;0.1308411214953271;0.030303030303030304;0.02688172043010753;0.0;0.0761904761904762;0.1;0.016;0.0;0.0;0.19047619047619047;0.09183673469387754;0.09782608695652173;0.027777777777777776;0.05673758865248227;0.15;0.07317073170731708;0.06451612903225806;0.09473684210526316;0.0;0.0;0.06896551724137931;0.10714285714285714;0.08;0.02631578947368421;0.125;0.16666666666666666;0.03980099502487562;0.18461538461538463;0.1721311475409836;0.10810810810810811;0.10434782608695652;0.0
1.0;1.0;1.0;1.0;1.0;1.0;1.0;0.3611111111111111;1.0;0.4;0.0;0.0;0.08974358974358976;0.0;1.0;0.0;0.0;0.0;1.0;1.0;0.584070796460177;0.2631578947368421;0.29166666666666663;0.6077348066298343;0.07575757575757576;0.09375;0.0;0.0;0.43478260869565216;0.07142857142857142;0.2670807453416149;0.17391304347826086;0.3922413793103448;0.205761316872428;0.14285714285714285;0.041666666666666664;0.16;0.0;0.1875;0.0;0.4230769230769231;0.17045454545454547;0.09090909090909091;0.0;0.21052631578947367;0.15000000000000002;0.36190476190476195;0.12612612612612611;0.26530612244897955;0.10526315789473684;0.1702127659574468;0.203125;0.42990654205607476;0.25757575757575757;0.09677419354838711;0.16666666666666666;0.13333333333333336;0.2076923076923077;0.032;0.06666666666666667;0.08333333333333333;0.19047619047619047;0.32653061224489793;0.358695652173913;0.2222222222222222;0.3333333333333333;0.21666666666666667;0.10569105691056911;0.17050691244239632;0.37894736842105264;0.13333333333333333;0.12;0.40438871473354226;0.15178571428571427;0.06;0.0;0.0;0.15740740740740738;0.31840796019900497;0.16923076923076924;0.20491803278688525;0.10810810810810811;0.2695652173913044;0.1095890410958904
0.0;0.0;1.0;1.0;1.0;1.0;0.0;0.3333333333333333;1.0;0.4;0.15151515151515152;0.38461538461538464;0.19658119658119663;0.0;1.0;1.0;1.0;1.0;0.0;1.0;0.1504424778761062;0.18421052631578946;0.08333333333333333;0.1270718232044199;0.30303030303030304;0.25;0.07142857142857142;0.12121212121212122;0.21739130434782608;0.14285714285714285;0.13664596273291924;0.08695652173913043;0.2629310344827586;0.11522633744855967;0.06349206349206349;0.0;0.1;0.5;0.15625;0.2;0.1923076923076923;0.20454545454545456;0.2727272727272727;0.0;0.2807017543859649;0.125;0.24761904761904763;0.1036036036036036;0.1020408163265306;0.19298245614035087;0.2553191489361702;0.15625;0.2897196261682243;0.13636363636363635;0.08064516129032259;0.0;0.13333333333333336;0.23076923076923078;0.056;0.2;0.25;0.23809523809523808;0.32653061224489793;0.15217391304347827;0.2222222222222222;0.276595744680851;0.2;0.06504065040650407;0.16129032258064516;0.12631578947368421;0.13333333333333333;0.04;0.14733542319749218;0.3125;0.2;0.15789473684210525;0.0;0.21296296296296297;0.1616915422885572;0.13846153846153847;0.11475409836065574;0.21621621621621623;0.14782608695652175;0.0
0.0;0.0;0.0;1.0;1.0;0.0;0.0;0.2777777777777778;0.0;0.0;0.06060606060606061;0.0;0.17094017094017097;1.0;1.0;0.0;1.0;0.0;1.0;1.0;0.017699115044247787;0.05263157894736842;0.020833333333333332;0.04419889502762431;0.12121212121212122;0.0;0.0;0.0;0.043478260869565216;0.07142857142857142;0.018633540372670808;0.043478260869565216;0.05603448275862069;0.04526748971193416;0.031746031746031744;0.0;0.03333333333333333;0.16666666666666666;0.03125;0.0;0.0641025641025641;0.03409090909090909;0.0;0.0;0.10526315789473684;0.05;0.06666666666666668;0.018018018018018018;0.02040816326530612;0.07017543859649122;0.09574468085106383;0.0;0.018691588785046728;0.030303030303030304;0.016129032258064516;0.0;0.08571428571428572;0.046153846153846156;0.0;0.0;0.0;0.047619047619047616;0.07142857142857142;0.03260869565217391;0.027777777777777776;0.04255319148936171;0.05;0.016260162601626018;0.041474654377880185;0.021052631578947368;0.0;0.0;0.04702194357366771;0.05357142857142857;0.08;0.0;0.0;0.046296296296296294;0.03980099502487562;0.03076923076923077;0.03278688524590164;0.17567567567567569;0.043478260869565216;0.0
0.0;1.0;0.0;0.0;1.0;1.0;1.0;0.3055555555555555;1.0;0.2;0.06060606060606061;0.0;0.12820512820512822;0.0;0.0;0.0;0.0;0.0;0.0;0.0;0.2831858407079646;0.18421052631578946;0.16666666666666666;0.3701657458563536;0.18181818181818182;0.09375;0.0;0.0;0.043478260869565216;0.0;0.18012422360248445;0.13043478260869565;0.3146551724137931;0.20987654320987656;0.15873015873015872;0.041666666666666664;0.19333333333333336;0.0;0.3125;0.2;0.28205128205128205;0.23863636363636365;0.0;0.0;0.2807017543859649;0.05;0.14285714285714288;0.26576576576576577;0.4081632653061224;0.21052631578947367;0.07446808510638298;0.109375;0.102803738317757;0.2878787878787879;0.2688172043010753;0.16666666666666666;0.2571428571428572;0.09230769230769231;0.056;0.13333333333333333;0.0;0.2857142857142857;0.3571428571428571;0.21739130434782608;0.19444444444444442;0.23404255319148934;0.26666666666666666;0.0894308943089431;0.29493087557603687;0.08421052631578947;0.2;0.6;0.2852664576802508;0.33928571428571425;0.08;0.05263157894736842;0.0;0.21296296296296297;0.263681592039801;0.1076923076923077;0.13114754098360656;0.20270270270270271;0.3347826086956522;0.0958904109589041
0.0;0.0;0.0;1.0;1.0;0.0;0.0;0.2777777777777778;1.0;0.2;0.0;0.0;0.1495726495726496;0.0;0.0;0.0;0.0;0.0;0.0;0.0;0.3274336283185841;0.631578947368421;0.14583333333333331;0.3425414364640884;0.6818181818181819;0.71875;1.0;0.696969696969697;0.6086956521739131;0.14285714285714285;0.3354037267080745;0.2608695652173913;0.7801724137931034;0.2880658436213992;0.12698412698412698;0.08333333333333333;0.22666666666666668;0.3333333333333333;0.625;0.6000000000000001;0.5384615384615384;0.48863636363636365;0.4545454545454546;0.5;1.0;0.375;0.6571428571428573;0.24324324324324323;0.2857142857142857;0.6842105263157894;0.39361702127659576;0.296875;0.616822429906542;0.2878787878787879;0.21505376344086025;0.1;0.7333333333333334;0.49230769230769234;0.272;0.6;0.6666666666666666;0.7619047619047619;0.8265306122448979;0.31521739130434784;0.5833333333333333;0.5319148936170213;0.5666666666666667;0.4634146341463415;0.2857142857142857;0.5157894736842105;1.0;0.48;0.38244514106583066;0.8571428571428571;0.8;0.7368421052631579;1.0;0.9259259259259258;0.38308457711442784;0.4461538461538462;0.42622950819672134;0.7432432432432433;0.5391304347826087;0.1095890410958904
0.0;1.0;0.0;0.0;1.0;0.0;1.0;0.3055555555555555;1.0;0.2;0.09090909090909091;0.15384615384615385;0.14102564102564105;0.0;0.0;0.0;0.0;0.0;0.0;0.0;0.30973451327433627;0.15789473684210525;0.3333333333333333;0.580110497237569;0.15151515151515152;0.125;0.07142857142857142;0.0;0.13043478260869565;0.14285714285714285;0.32298136645962733;0.21739130434782608;0.4396551724137931;0.23456790123456792;0.14285714285714285;0.16666666666666666;0.24666666666666667;0.0;0.21875;0.0;0.36538461538461536;0.4090909090909091;0.09090909090909091;0.0;0.14035087719298245;0.05;0.34285714285714286;0.18468468468468469;0.6326530612244897;0.22807017543859648;0.14893617021276595;0.1875;0.35514018691588783;0.30303030303030304;0.17204301075268819;0.3;0.20952380952380956;0.18461538461538463;0.08;0.13333333333333333;0.25;0.19047619047619047;0.37755102040816324;0.43478260869565216;0.38888888888888884;0.40425531914893614;0.18333333333333332;0.06504065040650407;0.3870967741935484;0.3157894736842105;0.13333333333333333;0.0;0.4231974921630094;0.23214285714285712;0.12;0.05263157894736842;0.0;0.35185185185185186;0.31094527363184077;0.26153846153846155;0.27049180327868855;0.5270270270270271;0.48695652173913045;0.0
0.0;0.0;0.0;0.0;0.0;0.0;0.0;0.3888888888888889;0.0;0.0;0.06060606060606061;0.15384615384615385;0.29914529914529914;1.0;1.0;0.0;1.0;0.0;1.0;1.0;0.34513274336283184;0.5263157894736842;0.10416666666666666;0.32044198895027626;0.4696969696969697;0.375;0.7142857142857142;0.30303030303030304;0.5217391304347826;0.5;0.21118012422360247;0.08695652173913043;0.5775862068965517;0.1851851851851852;0.031746031746031744;0.41666666666666663;0.1;0.16666666666666666;0.28125;0.2;0.3076923076923077;0.625;0.2727272727272727;0.0;0.3157894736842105;0.47500000000000003;0.4761904761904762;0.08558558558558559;0.14285714285714285;0.5263157894736842;0.4148936170212766;0.421875;0.4859813084112149;0.13636363636363635;0.048387096774193554;0.03333333333333333;0.4857142857142857;0.4076923076923077;0.184;0.3333333333333333;0.5;0.3333333333333333;0.49999999999999994;0.21739130434782608;0.5;0.425531914893617;0.4666666666666667;0.23577235772357727;0.33640552995391704;0.4631578947368421;0.6;0.0;0.2915360501567398;0.6339285714285714;0.32;0.3684210526315789;0.4375;0.4629629629629629;0.31343283582089554;0.36923076923076925;0.33606557377049184;0.6891891891891893;0.4782608695652174;0.0
0.0;1.0;0.0;1.0;1.0;0.0;0.0;0.16666666666666669;0.0;0.0;0.030303030303030304;1.0;0.10256410256410259;1.0;1.0;1.0;1.0;1.0;1.0;1.0;0.07079646017699115;0.13157894736842105;0.10416666666666666;0.1270718232044199;0.13636363636363635;0.03125;0.0;0.0;0.08695652173913043;0.14285714285714285;0.10559006211180123;0.0;0.15517241379310345;0.06584362139917696;0.0;0.08333333333333333;0.03333333333333333;0.6666666666666666;0.1875;0.0;0.10897435897435898;0.11363636363636365;0.0;0.0;0.14035087719298245;0.1;0.12380952380952381;0.04504504504504504;0.061224489795918366;0.12280701754385964;0.0851063829787234;0.109375;0.14953271028037382;0.030303030303030304;0.03225806451612903;0.06666666666666667;0.10476190476190478;0.11538461538461539;0.032;0.13333333333333333;0.0;0.09523809523809523;0.17346938775510204;0.10869565217391304;0.08333333333333333;0.10638297872340426;0.06666666666666667;0.0894308943089431;0.08755760368663594;0.16842105263157894;0.2;0.0;0.10658307210031347;0.13392857142857142;0.04;0.02631578947368421;0.0;0.18518518518518517;0.06716417910447761;0.1076923076923077;0.20491803278688525;0.13513513513513514;0.13478260869565217;0.0
0.0;1.0;1.0;1.0;1.0;1.0;0.0;0.25;1.0;0.6000000000000001;0.09090909090909091;0.07692307692307693;0.15384615384615388;1.0;0.0;0.0;0.0;0.0;0.0;0.0;0.1504424778761062;0.10526315789473684;0.2708333333333333;0.3756906077348066;0.045454545454545456;0.03125;0.0;0.0;0.08695652173913043;0.14285714285714285;0.13664596273291924;0.043478260869565216;0.3017241379310345;0.16049382716049385;0.047619047619047616;0.041666666666666664;0.14;0.0;0.09375;0.0;0.3076923076923077;0.10227272727272728;0.0;0.0;0.14035087719298245;0.225;0.24761904761904763;0.17117117117117117;0.14285714285714285;0.10526315789473684;0.14893617021276595;0.171875;0.35514018691588783;0.12121212121212122;0.07526881720430108;0.1;0.09523809523809526;0.2076923076923077;0.016;0.26666666666666666;0.0;0.2857142857142857;0.26530612244897955;0.19565217391304346;0.1388888888888889;0.35460992907801414;0.08333333333333333;0.04878048780487805;0.12903225806451613;0.031578947368421054;0.06666666666666667;0.08;0.26332288401253917;0.20535714285714285;0.08;0.02631578947368421;0.0625;0.09259259259259259;0.24129353233830847;0.15384615384615385;0.1557377049180328;0.35135135135135137;0.32608695652173914;0.0
0.0;0.0;0.0;0.0;0.0;1.0;0.0;0.11111111111111109;0.0;0.0;0.09090909090909091;0.07692307692307693;0.1837606837606838;0.0;0.0;0.0;1.0;0.0;0.0;0.0;0.1327433628318584;0.05263157894736842;0.14583333333333331;0.14917127071823205;0.19696969696969696;0.34375;0.21428571428571427;0.09090909090909091;0.17391304347826086;0.2857142857142857;0.12422360248447203;0.043478260869565216;0.3232758620689655;0.08641975308641976;0.015873015873015872;0.125;0.07333333333333333;0.0;0.25;0.4;0.1923076923076923;0.18181818181818182;0.0;0.0;0.21052631578947367;0.2;0.3238095238095238;0.07657657657657657;0.061224489795918366;0.12280701754385964;0.1276595744680851;0.296875;0.3177570093457944;0.015151515151515152;0.03763440860215054;0.03333333333333333;0.1619047619047619;0.23846153846153847;0.04;0.26666666666666666;0.3333333333333333;0.42857142857142855;0.2346938775510204;0.14130434782608695;0.19444444444444442;0.2624113475177305;0.18333333333333332;0.0813008130081301;0.10599078341013825;0.14736842105263157;0.06666666666666667;0.04;0.13479623824451412;0.2857142857142857;0.42;0.13157894736842105;0.0;0.2685185185185185;0.15671641791044777;0.2;0.22950819672131148;0.31081081081081086;0.24347826086956523;0.0136986301369863
0.0;0.0;1.0;1.0;0.0;0.0;0.0;0.2777777777777778;1.0;0.4;0.06060606060606061;0.15384615384615385;0.33760683760683763;1.0;1.0;0.0;1.0;0.0;1.0;1.0;0.017699115044247787;0.0;0.0;0.03867403314917127;0.015151515151515152;0.0;0.0;0.0;0.0;0.0;0.006211180124223602;0.08695652173913043;0.01293103448275862;0.020576131687242802;0.047619047619047616;0.0;0.03333333333333333;0.0;0.0625;0.0;0.03205128205128205;0.022727272727272728;0.2727272727272727;0.0;0.0;0.0;0.009523809523809525;0.018018018018018018;0.061224489795918366;0.017543859649122806;0.010638297872340425;0.0;0.009345794392523364;0.030303030303030304;0.010752688172043012;0.06666666666666667;0.01904761904761905;0.0;0.0;0.0;0.0;0.0;0.02040816326530612;0.03260869565217391;0.0;0.035460992907801414;0.0;0.008130081300813009;0.04608294930875576;0.0;0.0;0.0;0.028213166144200625;0.0;0.02;0.0;0.0;0.018518518518518517;0.009950248756218905;0.015384615384615385;0.01639344262295082;0.013513513513513514;0.026086956521739132;0.0
0.0;0.0;0.0;1.0;1.0;0.0;0.0;0.2222222222222222;0.0;0.0;0.0;0.0;0.17094017094017097;0.0;1.0;0.0;0.0;0.0;0.0;1.0;0.20353982300884954;0.10526315789473684;0.29166666666666663;0.23204419889502764;0.15151515151515152;0.09375;0.14285714285714285;0.0;0.043478260869565216;0.0;0.07453416149068323;0.08695652173913043;0.21551724137931033;0.15637860082304528;0.015873015873015872;0.041666666666666664;0.060000000000000005;0.0;0.15625;0.2;0.21153846153846154;0.1590909090909091;0.18181818181818182;0.5;0.22807017543859648;0.1;0.1904761904761905;0.1036036036036036;0.08163265306122448;0.14035087719298245;0.07446808510638298;0.09375;0.17757009345794392;0.10606060606060606;0.09677419354838711;0.1;0.20000000000000004;0.2076923076923077;0.016;0.13333333333333333;0.16666666666666666;0.14285714285714285;0.17346938775510204;0.13043478260869565;0.2222222222222222;0.19148936170212766;0.11666666666666667;0.0975609756097561;0.17972350230414746;0.05263157894736842;0.06666666666666667;0.08;0.18495297805642633;0.21428571428571427;0.1;0.05263157894736842;0.0625;0.06481481481481481;0.19154228855721392;0.13846153846153847;0.1557377049180328;0.12162162162162163;0.21739130434782608;0.0136986301369863
0.0;0.0;0.0;1.0;0.0;0.0;0.0;0.08333333333333333;1.0;0.2;0.030303030303030304;0.07692307692307693;0.05982905982905983;0.0;1.0;0.0;0.0;0.0;0.0;1.0;0.11504424778761062;0.18421052631578946;0.125;0.1602209944751381;0.09090909090909091;0.0625;0.0;0.0;0.21739130434782608;0.07142857142857142;0.12422360248447203;0.043478260869565216;0.15086206896551724;0.102880658436214;0.0;0.041666666666666664;0.03333333333333333;0.0;0.03125;0.0;0.11538461538461538;0.17045454545454547;0.09090909090909091;0.0;0.03508771929824561;0.07500000000000001;0.1523809523809524;0.04504504504504504;0.2040816326530612;0.03508771929824561;0.05319148936170213;0.109375;0.2523364485981308;0.045454545454545456;0.03225806451612903;0.03333333333333333;0.0761904761904762;0.1076923076923077;0.008;0.0;0.0;0.09523809523809523;0.09183673469387754;0.14130434782608695;0.08333333333333333;0.1631205673758865;0.05;0.008130081300813009;0.16129032258064516;0.09473684210526316;0.0;0.0;0.12852664576802508;0.14285714285714285;0.04;0.05263157894736842;0.0625;0.05555555555555555;0.12189054726368159;0.03076923076923077;0.03278688524590164;0.3648648648648649;0.1;0.0
0.0;1.0;1.0;1.0;1.0;1.0;1.0;0.16666666666666669;0.0;0.0;0.030303030303030304;0.15384615384615385;0.08974358974358976;1.0;1.0;0.0;1.0;0.0;1.0;1.0;0.09734513274336283;0.05263157894736842;0.020833333333333332;0.14364640883977903;0.0;0.0;0.0;0.0;0.08695652173913043;0.0;0.05590062111801242;0.043478260869565216;0.10775862068965517;0.03292181069958848;0.0;0.041666666666666664;0.03333333333333333;0.0;0.0;0.0;0.05128205128205128;0.022727272727272728;0.0;0.0;0.08771929824561403;0.05;0.08571428571428572;0.009009009009009009;0.061224489795918366;0.10526315789473684;0.06382978723404255;0.09375;0.11214953271028036;0.030303030303030304;0.010752688172043012;0.0;0.06666666666666668;0.07692307692307693;0.008;0.0;0.0;0.047619047619047616;0.09183673469387754;0.07608695652173914;0.027777777777777776;0.04255319148936171;0.08333333333333333;0.05691056910569106;0.09216589861751152;0.05263157894736842;0.0;0.04;0.09404388714733541;0.008928571428571428;0.02;0.0;0.0;0.05555555555555555;0.05472636815920398;0.015384615384615385;0.04098360655737705;0.16216216216216217;0.0608695652173913;0.0136986301369863
1.0;0.0;0.0;0.0;0.0;0.0;0.0;0.1388888888888889;0.0;0.0;0.12121212121212122;0.15384615384615385;0.16666666666666669;1.0;1.0;0.0;1.0;0.0;1.0;1.0;0.23008849557522124;0.3421052631578947;0.10416666666666666;0.18232044198895025;0.2727272727272727;0.1875;0.2857142857142857;0.06060606060606061;0.2608695652173913;0.14285714285714285;0.14285714285714285;0.21739130434782608;0.28448275862068967;0.09053497942386832;0.06349206349206349;0.08333333333333333;0.08;0.3333333333333333;0.09375;0.0;0.1858974358974359;0.20454545454545456;0.18181818181818182;0.0;0.21052631578947367;0.15000000000000002;0.1904761904761905;0.09009009009009009;0.16326530612244897;0.19298245614035087;0.10638297872340426;0.265625;0.24299065420560745;0.06060606060606061;0.048387096774193554;0.06666666666666667;0.13333333333333336;0.18461538461538463;0.07200000000000001;0.06666666666666667;0.16666666666666666;0.14285714285714285;0.24489795918367346;0.16304347826086957;0.2777777777777778;0.1702127659574468;0.2;0.1869918699186992;0.16589861751152074;0.24210526315789474;0.13333333333333333;0.08;0.15987460815047022;0.24107142857142855;0.26;0.15789473684210525;0.125;0.2685185185185185;0.14427860696517414;0.23076923076923078;0.22950819672131148;0.35135135135135137;0.20869565217391303;0.0
0.0;0.0;1.0;1.0;1.0;0.0;0.0;0.4166666666666667;1.0;0.2;0.06060606060606061;0.0;0.21367521367521372;0.0;1.0;0.0;0.0;0.0;1.0;1.0;0.20353982300884954;0.0;0.08333333333333333;0.24861878453038677;0.06060606060606061;0.0;0.0;0.0;0.0;0.07142857142857142;0.21739130434782608;0.2608695652173913;0.1896551724137931;0.1851851851851852;0.23809523809523808;0.0;0.18666666666666668;0.0;0.0625;0.0;0.16666666666666666;0.14772727272727273;0.0;0.0;0.2807017543859649;0.025;0.12380952380952381;0.14864864864864866;0.4897959183673469;0.08771929824561403;0.07446808510638298;0.046875;0.205607476635514;0.12121212121212122;0.13978494623655915;0.1;0.18095238095238098;0.1076923076923077;0.032;0.13333333333333333;0.16666666666666666;0.047619047619047616;0.12244897959183673;0.25;0.1111111111111111;0.20567375886524822;0.18333333333333332;0.032520325203252036;0.2119815668202765;0.05263157894736842;0.0;0.08;0.26332288401253917;0.15178571428571427;0.04;0.07894736842105263;0.0625;0.17592592592592593;0.19900497512437812;0.0;0.04098360655737705;0.4864864864864865;0.24347826086956523;0.0
0.0;0.0;0.0;0.0;0.0;1.0;0.0;0.1388888888888889;1.0;0.4;0.06060606060606061;0.07692307692307693;0.14102564102564105;1.0;1.0;0.0;1.0;0.0;1.0;1.0;0.061946902654867256;0.07894736842105263;0.0;0.12154696132596686;0.12121212121212122;0.0625;0.0;0.030303030303030304;0.13043478260869565;0.21428571428571427;0.08695652173913043;0.08695652173913043;0.17672413793103448;0.04526748971193416;0.06349206349206349;0.125;0.07333333333333333;0.16666666666666666;0.0625;0.0;0.10897435897435898;0.1590909090909091;0.18181818181818182;0.0;0.07017543859649122;0.05;0.13333333333333336;0.07207207207207207;0.14285714285714285;0.10526315789473684;0.05319148936170213;0.078125;0.18691588785046728;0.045454545454545456;0.043010752688172046;0.1;0.10476190476190478;0.1076923076923077;0.056;0.06666666666666667;0.0;0.047619047619047616;0.17346938775510204;0.08695652173913043;0.08333333333333333;0.17730496453900707;0.08333333333333333;0.024390243902439025;0.04608294930875576;0.19999999999999998;0.06666666666666667;0.04;0.12225705329153604;0.11607142857142856;0.06;0.15789473684210525;0.0;0.1388888888888889;0.08955223880597014;0.07692307692307693;0.09836065573770492;0.17567567567567569;0.1217391304347826;0.0
0.0;0.0;0.0;0.0;1.0;0.0;0.0;0.19444444444444448;0.0;0.0;0.15151515151515152;0.07692307692307693;0.11965811965811968;1.0;1.0;0.0;1.0;0.0;1.0;0.0;0.008849557522123894;0.0;0.020833333333333332;0.011049723756906077;0.030303030303030304;0.125;0.07142857142857142;0.0;0.08695652173913043;0.14285714285714285;0.03105590062111801;0.043478260869565216;0.07758620689655173;0.01234567901234568;0.031746031746031744;0.0;0.02666666666666667;0.0;0.09375;0.0;0.02564102564102564;0.09090909090909091;0.0;0.0;0.14035087719298245;0.07500000000000001;0.08571428571428572;0.009009009009009009;0.04081632653061224;0.017543859649122806;0.07446808510638298;0.046875;0.08411214953271028;0.0;0.005376344086021506;0.0;0.04761904761904762;0.07692307692307693;0.032;0.06666666666666667;0.0;0.0;0.08163265306122448;0.05434782608695652;0.0;0.05673758865248227;0.06666666666666667;0.06504065040650407;0.041474654377880185;0.05263157894736842;0.06666666666666667;0.0;0.034482758620689655;0.05357142857142857;0.1;0.07894736842105263;0.125;0.07407407407407407;0.02487562189054726;0.0;0.03278688524590164;0.10810810810810811;0.0608695652173913;0.0
0.0;0.0;1.0;1.0;1.0;0.0;0.0;0.16666666666666669;1.0;0.2;0.09090909090909091;0.07692307692307693;0.047008547008547015;1.0;0.0;0.0;0.0;0.0;0.0;0.0;0.2654867256637168;0.2894736842105263;0.1875;0.23204419889502764;0.19696969696969696;0.15625;0.2857142857142857;0.24242424242424243;0.21739130434782608;0.21428571428571427;0.17391304347826086;0.08695652173913043;0.3189655172413793;0.11522633744855967;0.047619047619047616;0.08333333333333333;0.10666666666666667;0.16666666666666666;0.21875;0.0;0.25;0.1590909090909091;0.18181818181818182;0.5;0.2982456140350877;0.30000000000000004;0.34285714285714286;0.04954954954954955;0.04081632653061224;0.24561403508771928;0.2127659574468085;0.203125;0.3364485981308411;0.07575757575757576;0.03763440860215054;0.0;0.26666666666666666;0.24615384615384617;0.16;0.4;0.5;0.47619047619047616;0.3061224489795918;0.25;0.19444444444444442;0.15602836879432622;0.18333333333333332;0.29268292682926833;0.11981566820276497;0.1368421052631579;0.0;0.04;0.18808777429467086;0.30357142857142855;0.2;0.42105263157894735;0.25;0.3055555555555555;0.16666666666666666;0.16923076923076924;0.1557377049180328;0.1891891891891892;0.23478260869565218;0.0136986301369863
0.0;0.0;1.0;1.0;1.0;1.0;1.0;0.16666666666666669;1.0;0.2;0.36363636363636365;0.3076923076923077;0.0982905982905983;1.0;0.0;0.0;1.0;0.0;0.0;0.0;0.3185840707964602;0.02631578947368421;0.14583333333333331;0.2099447513812155;0.10606060606060606;0.0;0.0;0.06060606060606061;0.043478260869565216;0.0;0.13664596273291924;0.0;0.1896551724137931;0.09876543209876544;0.047619047619047616;0.0;0.060000000000000005;0.0;0.28125;0.0;0.14743589743589744;0.11363636363636365;0.09090909090909091;0.0;0.14035087719298245;0.07500000000000001;0.33333333333333337;0.04954954954954955;0.061224489795918366;0.07017543859649122;0.1276595744680851;0.140625;0.22429906542056072;0.015151515151515152;0.02688172043010753;0.1;0.0761904761904762;0.17692307692307693;0.04;0.0;0.0;0.0;0.1530612244897959;0.16304347826086957;0.08333333333333333;0.1276595744680851;0.13333333333333333;0.06504065040650407;0.1382488479262673;0.09473684210526316;0.06666666666666667;0.0;0.16300940438871475;0.09821428571428571;0.14;0.07894736842105263;0.125;0.12037037037037036;0.1318407960199005;0.09230769230769231;0.18852459016393444;0.24324324324324326;0.2;0.0
0.0;1.0;0.0;0.0;1.0;0.0;0.0;0.25;0.0;0.0;0.09090909090909091;0.23076923076923078;0.15384615384615388;0.0;0.0;0.0;0.0;0.0;0.0;0.0;0.07079646017699115;0.05263157894736842;0.14583333333333331;0.11602209944751381;0.09090909090909091;0.09375;0.0;0.0;0.13043478260869565;0.07142857142857142;0.03105590062111801;0.08695652173913043;0.15517241379310345;0.0617283950617284;0.015873015873015872;0.0;0.06666666666666667;0.16666666666666666;0.03125;0.0;0.10256410256410256;0.05681818181818182;0.09090909090909091;0.0;0.05263157894736842;0.05;0.1142857142857143;0.07207207207207207;0.02040816326530612;0.17543859649122806;0.11702127659574468;0.046875;0.11214953271028036;0.10606060606060606;0.02688172043010753;0.06666666666666667;0.12380952380952384;0.1;0.016;0.13333333333333333;0.16666666666666666;0.09523809523809523;0.18367346938775508;0.11956521739130435;0.08333333333333333;0.1276595744680851;0.06666666666666667;0.032520325203252036;0.11059907834101382;0.07368421052631578;0.06666666666666667;0.08;0.0909090909090909;0.14285714285714285;0.12;0.02631578947368421;0.0;0.09259259259259259;0.09203980099502487;0.07692307692307693;0.14754098360655737;0.12162162162162163;0.13043478260869565;0.0136986301369863
0.0;1.0;0.0;1.0;1.0;0.0;0.0;0.5555555555555555;1.0;0.4;0.06060606060606061;0.0;0.17521367521367523;0.0;1.0;0.0;0.0;0.0;0.0;1.0;0.1415929203539823;0.13157894736842105;0.10416666666666666;0.2099447513812155;0.06060606060606061;0.09375;0.07142857142857142;0.030303030303030304;0.043478260869565216;0.07142857142857142;0.09316770186335403;0.043478260869565216;0.19827586206896552;0.11522633744855967;0.031746031746031744;0.0;0.09333333333333334;0.0;0.0625;0.0;0.15384615384615385;0.18181818181818182;0.4545454545454546;0.0;0.017543859649122806;0.125;0.1142857142857143;0.12612612612612611;0.02040816326530612;0.08771929824561403;0.10638297872340426;0.109375;0.14953271028037382;0.15151515151515152;0.05376344086021506;0.06666666666666667;0.14285714285714288;0.15384615384615385;0.04;0.06666666666666667;0.0;0.09523809523809523;0.12244897959183673;0.17391304347826086;0.0;0.20567375886524822;0.08333333333333333;0.07317073170731708;0.15207373271889402;0.17894736842105263;0.0;0.08;0.16927899686520376;0.14285714285714285;0.1;0.05263157894736842;0.0;0.1111111111111111;0.14676616915422885;0.16923076923076924;0.14754098360655737;0.13513513513513514;0.1782608695652174;0.0
0.0;0.0;0.0;1.0;1.0;0.0;0.0;0.3333333333333333;0.0;0.0;0.0;0.0;0.21794871794871798;0.0;1.0;0.0;0.0;0.0;0.0;1.0;0.30973451327433627;0.13157894736842105;0.16666666666666666;0.3867403314917127;0.33333333333333337;0.15625;0.0;0.030303030303030304;0.08695652173913043;0.14285714285714285;0.39751552795031053;0.17391304347826086;0.375;0.3415637860082305;0.1746031746031746;0.0;0.37333333333333335;0.0;0.0625;0.0;0.3782051282051282;0.3068181818181818;0.4545454545454546;0.0;0.2807017543859649;0.07500000000000001;0.4;0.25675675675675674;0.2857142857142857;0.19298245614035087;0.19148936170212766;0.140625;0.37383177570093457;0.3939393939393939;0.17204301075268819;0.4666666666666667;0.26666666666666666;0.26153846153846155;0.152;0.2;0.0;0.19047619047619047;0.2346938775510204;0.40217391304347827;0.08333333333333333;0.3404255319148936;0.31666666666666665;0.1626016260162602;0.23963133640552994;0.34736842105263155;0.13333333333333333;0.16;0.35423197492163006;0.5267857142857143;0.16;0.15789473684210525;0.0625;0.16666666666666666;0.39303482587064675;0.18461538461538463;0.20491803278688525;0.32432432432432434;0.4608695652173913;0.0136986301369863
0.0;1.0;1.0;1.0;0.0;0.0;0.0;0.2777777777777778;0.0;0.0;0.0;0.0;0.05128205128205129;0.0;0.0;0.0;0.0;0.0;0.0;0.0;0.23008849557522124;0.07894736842105263;0.125;0.17679558011049723;0.045454545454545456;0.15625;0.0;0.030303030303030304;0.08695652173913043;0.14285714285714285;0.21118012422360247;0.21739130434782608;0.15948275862068964;0.11934156378600824;0.19047619047619047;0.0;0.2;0.0;0.03125;0.2;0.1794871794871795;0.11363636363636365;0.09090909090909091;0.0;0.07017543859649122;0.025;0.08571428571428572;0.12162162162162161;0.12244897959183673;0.12280701754385964;0.0425531914893617;0.046875;0.09345794392523364;0.12121212121212122;0.12365591397849464;0.2;0.12380952380952384;0.08461538461538462;0.096;0.06666666666666667;0.16666666666666666;0.09523809523809523;0.09183673469387754;0.16304347826086957;0.08333333333333333;0.20567375886524822;0.06666666666666667;0.04065040650406505;0.1152073732718894;0.11578947368421053;0.06666666666666667;0.04;0.1724137931034483;0.1607142857142857;0.08;0.05263157894736842;0.0625;0.09259259259259259;0.15671641791044777;0.03076923076923077;0.04918032786885246;0.31081081081081086;0.1782608695652174;0.0
0.0;0.0;0.0;0.0;0.0;0.0;0.0;0.1388888888888889;1.0;0.8;0.09090909090909091;0.07692307692307693;0.08974358974358976;0.0;1.0;0.0;1.0;0.0;1.0;1.0;0.02654867256637168;0.02631578947368421;0.0;0.03867403314917127;0.045454545454545456;0.0;0.14285714285714285;0.0;0.0;0.07142857142857142;0.018633540372670808;0.0;0.07327586206896551;0.01234567901234568;0.0;0.0;0.013333333333333334;0.0;0.0625;0.2;0.038461538461538464;0.03409090909090909;0.09090909090909091;0.0;0.05263157894736842;0.025;0.01904761904761905;0.009009009009009009;0.0;0.03508771929824561;0.02127659574468085;0.046875;0.06542056074766354;0.030303030303030304;0.0;0.0;0.009523809523809525;0.046153846153846156;0.04;0.0;0.0;0.0;0.0510204081632653;0.043478260869565216;0.027777777777777776;0.035460992907801414;0.03333333333333333;0.016260162601626018;0.018433179723502304;0.031578947368421054;0.0;0.0;0.03134796238244514;0.0625;0.04;0.0;0.0;0.037037037037037035;0.02736318407960199;0.046153846153846156;0.04098360655737705;0.02702702702702703;0.06521739130434782;0.0
0.0;0.0;0.0;0.0;0.0;0.0;0.0;0.4166666666666667;0.0;0.0;0.0;0.0;0.22649572649572655;0.0;1.0;0.0;1.0;0.0;1.0;1.0;0.10619469026548672;0.0;0.041666666666666664;0.08287292817679558;0.09090909090909091;0.15625;0.07142857142857142;0.0;0.043478260869565216;0.07142857142857142;0.11801242236024843;0.0;0.14224137931034483;0.06995884773662552;0.031746031746031744;0.0;0.05333333333333334;0.0;0.03125;0.2;0.10256410256410256;0.07954545454545454;0.0;0.0;0.15789473684210525;0.1;0.09523809523809525;0.07657657657657657;0.04081632653061224;0.05263157894736842;0.09574468085106383;0.109375;0.05607476635514018;0.12121212121212122;0.043010752688172046;0.06666666666666667;0.1142857142857143;0.06153846153846154;0.056;0.06666666666666667;0.08333333333333333;0.0;0.12244897959183673;0.15217391304347827;0.027777777777777776;0.05673758865248227;0.08333333333333333;0.07317073170731708;0.07834101382488479;0.1368421052631579;0.0;0.04;0.09717868338557993;0.14285714285714285;0.08;0.10526315789473684;0.0;0.1111111111111111;0.08706467661691542;0.07692307692307693;0.14754098360655737;0.0945945945945946;0.10434782608695652;0.0
0.0;0.0;0.0;0.0;1.0;0.0;0.0;0.1388888888888889;0.0;0.0;0.0;0.0;0.18803418803418806;0.0;1.0;0.0;0.0;0.0;0.0;1.0;0.061946902654867256;0.07894736842105263;0.0625;0.09392265193370165;0.06060606060606061;0.0;0.0;0.030303030303030304;0.043478260869565216;0.0;0.08695652173913043;0.043478260869565216;0.10344827586206896;0.05349794238683128;0.047619047619047616;0.0;0.060000000000000005;0.0;0.0;0.0;0.10256410256410256;0.03409090909090909;0.18181818181818182;0.0;0.0;0.025;0.08571428571428572;0.05405405405405406;0.02040816326530612;0.03508771929824561;0.031914893617021274;0.015625;0.11214953271028036;0.07575757575757576;0.06451612903225806;0.0;0.0380952380952381;0.03076923076923077;0.008;0.0;0.0;0.047619047619047616;0.030612244897959183;0.11956521739130435;0.027777777777777776;0.07092198581560284;0.05;0.008130081300813009;0.059907834101382486;0.07368421052631578;0.0;0.04;0.09717868338557993;0.05357142857142857;0.04;0.07894736842105263;0.0;0.037037037037037035;0.07711442786069651;0.03076923076923077;0.03278688524590164;0.06756756756756757;0.11739130434782609;0.0
0.0;0.0;0.0;0.0;0.0;0.0;0.0;0.16666666666666669;0.0;0.0;0.030303030303030304;0.07692307692307693;0.09401709401709404;0.0;0.0;0.0;0.0;0.0;0.0;0.0;0.1592920353982301;0.05263157894736842;0.08333333333333333;0.13812154696132595;0.045454545454545456;0.1875;0.0;0.0;0.0;0.07142857142857142;0.19875776397515527;0.08695652173913043;0.08620689655172414;0.15637860082304528;0.06349206349206349;0.0;0.18666666666666668;0.0;0.0;0.0;0.1346153846153846;0.07954545454545454;0.09090909090909091;0.0;0.05263157894736842;0.0;0.09523809523809525;0.11711711711711711;0.14285714285714285;0.03508771929824561;0.031914893617021274;0.015625;0.08411214953271028;0.13636363636363635;0.09677419354838711;0.06666666666666667;0.09523809523809526;0.06153846153846154;0.016;0.06666666666666667;0.0;0.047619047619047616;0.07142857142857142;0.13043478260869565;0.05555555555555555;0.1276595744680851;0.05;0.0894308943089431;0.11059907834101382;0.031578947368421054;0.0;0.12;0.12539184952978058;0.14285714285714285;0.1;0.10526315789473684;0.0;0.018518518518518517;0.13681592039800994;0.046153846153846156;0.04918032786885246;0.0945945945945946;0.1956521739130435;0.0
0.0;0.0;0.0;0.0;0.0;0.0;0.0;0.3611111111111111;0.0;0.0;0.0;0.0;0.09401709401709404;0.0;0.0;0.0;1.0;0.0;0.0;0.0;0.25663716814159293;0.02631578947368421;0.10416666666666666;0.34806629834254144;0.015151515151515152;0.0;0.0;0.0;0.043478260869565216;0.21428571428571427;0.2857142857142857;0.2608695652173913;0.08189655172413793;0.1769547325102881;0.4126984126984127;0.0;0.32666666666666666;0.0;0.0;0.0;0.26282051282051283;0.03409090909090909;0.0;0.0;0.05263157894736842;0.0;0.0;0.25225225225225223;0.4081632653061224;0.017543859649122806;0.010638297872340425;0.0;0.09345794392523364;0.19696969696969696;0.19892473118279572;0.36666666666666664;0.057142857142857155;0.015384615384615385;0.10400000000000001;0.06666666666666667;0.16666666666666666;0.0;0.04081632653061224;0.25;0.0;0.19148936170212766;0.016666666666666666;0.13008130081300814;0.20276497695852536;0.010526315789473684;0.0;0.0;0.25391849529780564;0.05357142857142857;0.0;0.02631578947368421;0.0;0.009259259259259259;0.20398009950248755;0.046153846153846156;0.01639344262295082;0.0945945945945946;0.14782608695652175;0.0136986301369863
1.0;1.0;0.0;1.0;0.0;0.0;0.0;0.2777777777777778;0.0;0.0;0.0;0.0;0.06837606837606838;0.0;0.0;0.0;0.0;0.0;0.0;0.0;0.16814159292035397;0.13157894736842105;0.08333333333333333;0.2541436464088398;0.09090909090909091;0.0;0.0;0.0;0.0;0.07142857142857142;0.2546583850931677;0.2608695652173913;0.08189655172413793;0.1934156378600823;0.30158730158730157;0.0;0.25333333333333335;0.0;0.03125;0.0;0.23717948717948717;0.07954545454545454;0.09090909090909091;0.0;0.07017543859649122;0.0;0.04761904761904762;0.1981981981981982;0.18367346938775508;0.05263157894736842;0.010638297872340425;0.0;0.04672897196261682;0.19696969696969696;0.1774193548387097;0.16666666666666666;0.1142857142857143;0.038461538461538464;0.07200000000000001;0.06666666666666667;0.0;0.047619047619047616;0.0510204081632653;0.358695652173913;0.0;0.21276595744680848;0.016666666666666666;0.008130081300813009;0.17511520737327188;0.042105263157894736;0.0;0.08;0.21003134796238246;0.13392857142857142;0.04;0.05263157894736842;0.0;0.037037037037037035;0.1890547263681592;0.015384615384615385;0.06557377049180328;0.013513513513513514;0.06956521739130435;0.0273972602739726
0.0;1.0;0.0;1.0;0.0;0.0;0.0;0.19444444444444448;1.0;0.2;0.09090909090909091;0.15384615384615385;0.08974358974358976;0.0;0.0;0.0;0.0;0.0;0.0;0.0;0.1592920353982301;0.15789473684210525;0.5416666666666666;0.3149171270718232;0.0;0.0;0.0;0.0;0.08695652173913043;0.0;0.20496894409937888;0.08695652173913043;0.2801724137931034;0.21810699588477367;0.047619047619047616;0.041666666666666664;0.17333333333333334;0.0;0.09375;0.0;0.30128205128205127;0.19318181818181818;0.18181818181818182;0.5;0.12280701754385964;0.05;0.2761904761904762;0.20270270270270271;0.26530612244897955;0.08771929824561403;0.06382978723404255;0.046875;0.3177570093457944;0.24242424242424243;0.13440860215053765;0.16666666666666666;0.1523809523809524;0.24615384615384617;0.04;0.0;0.16666666666666666;0.09523809523809523;0.22448979591836732;0.2934782608695652;0.1388888888888889;0.3404255319148936;0.15;0.0813008130081301;0.2073732718894009;0.07368421052631578;0.13333333333333333;0.08;0.3072100313479624;0.19642857142857142;0.0;0.02631578947368421;0.0;0.24074074074074073;0.22388059701492538;0.09230769230769231;0.06557377049180328;0.6351351351351352;0.28260869565217395;0.0
0.0;1.0;0.0;0.0;0.0;0.0;0.0;0.11111111111111109;0.0;0.0;0.030303030303030304;0.07692307692307693;0.07692307692307693;0.0;1.0;0.0;0.0;0.0;0.0;1.0;0.16814159292035397;0.39473684210526316;0.375;0.2541436464088398;0.4090909090909091;0.34375;0.2857142857142857;0.09090909090909091;0.4782608695652174;0.07142857142857142;0.12422360248447203;0.13043478260869565;0.5431034482758621;0.11522633744855967;0.031746031746031744;0.125;0.13333333333333333;0.16666666666666666;0.15625;0.2;0.30128205128205127;0.26136363636363635;0.09090909090909091;0.0;0.2807017543859649;0.375;0.6285714285714287;0.07657657657657657;0.061224489795918366;0.3508771929824561;0.3723404255319149;0.296875;0.411214953271028;0.19696969696969696;0.06451612903225806;0.06666666666666667;0.3238095238095238;0.3769230769230769;0.088;0.26666666666666666;0.75;0.2857142857142857;0.44897959183673464;0.25;0.3611111111111111;0.375886524822695;0.3833333333333333;0.0975609756097561;0.16589861751152074;0.43157894736842106;0.3333333333333333;0.08;0.2727272727272727;0.42857142857142855;0.4;0.21052631578947367;0.0625;0.4074074074074074;0.26616915422885573;0.36923076923076925;0.3852459016393443;0.5;0.30434782608695654;0.0547945205479452
0.0;1.0;1.0;1.0;1.0;0.0;1.0;0.3888888888888889;0.0;0.0;0.09090909090909091;0.15384615384615385;0.10683760683760685;0.0;0.0;0.0;0.0;0.0;0.0;0.0;0.1415929203539823;0.07894736842105263;0.20833333333333331;0.17679558011049723;0.06060606060606061;0.03125;0.0;0.0;0.0;0.07142857142857142;0.07453416149068323;0.08695652173913043;0.20689655172413793;0.1234567901234568;0.07936507936507936;0.0;0.12666666666666668;0.0;0.09375;0.2;0.15384615384615385;0.13636363636363635;0.0;0.0;0.15789473684210525;0.07500000000000001;0.13333333333333336;0.14864864864864866;0.14285714285714285;0.19298245614035087;0.10638297872340426;0.0625;0.12149532710280372;0.045454545454545456;0.1774193548387097;0.1;0.20000000000000004;0.13846153846153847;0.032;0.06666666666666667;0.08333333333333333;0.23809523809523808;0.16326530612244897;0.15217391304347827;0.1388888888888889;0.24113475177304963;0.03333333333333333;0.04065040650406505;0.18433179723502305;0.031578947368421054;0.06666666666666667;0.0;0.12852664576802508;0.3125;0.12;0.07894736842105263;0.0625;0.08333333333333333;0.17164179104477612;0.12307692307692308;0.24590163934426232;0.05405405405405406;0.11304347826086956;0.1780821917808219
0.0;0.0;0.0;0.0;0.0;0.0;0.0;0.11111111111111109;1.0;0.2;0.0;0.07692307692307693;0.12393162393162396;0.0;0.0;0.0;0.0;0.0;0.0;0.0;0.2831858407079646;0.13157894736842105;0.20833333333333331;0.281767955801105;0.4090909090909091;0.15625;0.21428571428571427;0.15151515151515152;0.30434782608695654;0.0;0.3416149068322981;0.3913043478260869;0.30603448275862066;0.28395061728395066;0.19047619047619047;0.0;0.26;0.0;0.125;0.0;0.42948717948717946;0.125;0.18181818181818182;0.0;0.2982456140350877;0.1;0.1619047619047619;0.2702702702702703;0.3877551020408163;0.2631578947368421;0.11702127659574468;0.046875;0.1588785046728972;0.15151515151515152;0.34408602150537637;0.3;0.2571428571428572;0.13076923076923078;0.112;0.13333333333333333;0.16666666666666666;0.14285714285714285;0.37755102040816324;0.18478260869565216;0.25;0.3900709219858156;0.11666666666666667;0.21951219512195125;0.3087557603686636;0.08421052631578947;0.06666666666666667;0.16;0.2225705329153605;0.5535714285714285;0.36;0.3421052631578947;0.25;0.16666666666666666;0.3208955223880597;0.18461538461538463;0.18852459016393444;0.21621621621621623;0.24782608695652172;0.0821917808219178
0.0;1.0;1.0;1.0;1.0;1.0;1.0;0.3055555555555555;1.0;0.2;0.09090909090909091;0.0;0.12393162393162396;0.0;1.0;0.0;0.0;0.0;0.0;1.0;0.061946902654867256;0.13157894736842105;0.041666666666666664;0.1270718232044199;0.18181818181818182;0.0625;0.0;0.0;0.13043478260869565;0.0;0.10559006211180123;0.08695652173913043;0.1896551724137931;0.09465020576131689;0.06349206349206349;0.041666666666666664;0.15333333333333335;0.0;0.0625;0.0;0.17307692307692307;0.1590909090909091;0.0;0.0;0.14035087719298245;0.0;0.10476190476190478;0.07207207207207207;0.14285714285714285;0.2631578947368421;0.13829787234042554;0.046875;0.1588785046728972;0.07575757575757576;0.06451612903225806;0.06666666666666667;0.18095238095238098;0.1076923076923077;0.048;0.06666666666666667;0.16666666666666666;0.047619047619047616;0.09183673469387754;0.14130434782608695;0.1111111111111111;0.21985815602836878;0.05;0.06504065040650407;0.12903225806451613;0.031578947368421054;0.06666666666666667;0.04;0.08463949843260188;0.3571428571428571;0.06;0.05263157894736842;0.1875;0.08333333333333333;0.1417910447761194;0.046153846153846156;0.06557377049180328;0.13513513513513514;0.14347826086956522;0.0
0.0;0.0;0.0;0.0;0.0;0.0;0.0;0.055555555555555566;1.0;0.2;0.09090909090909091;0.23076923076923078;0.021367521367521368;1.0;0.0;0.0;1.0;0.0;0.0;0.0;0.008849557522123894;0.05263157894736842;0.0;0.016574585635359115;0.07575757575757576;0.0625;0.07142857142857142;0.030303030303030304;0.0;0.0;0.012422360248447204;0.13043478260869565;0.06034482758620689;0.03292181069958848;0.015873015873015872;0.0;0.02;0.0;0.0625;0.0;0.038461538461538464;0.06818181818181818;0.0;0.0;0.017543859649122806;0.07500000000000001;0.04761904761904762;0.018018018018018018;0.04081632653061224;0.03508771929824561;0.05319148936170213;0.0;0.07476635514018691;0.015151515151515152;0.005376344086021506;0.03333333333333333;0.0761904761904762;0.06153846153846154;0.024;0.0;0.0;0.047619047619047616;0.09183673469387754;0.021739130434782608;0.05555555555555555;0.02836879432624113;0.1;0.05691056910569106;0.059907834101382486;0.05263157894736842;0.0;0.0;0.0219435736677116;0.0625;0.16;0.05263157894736842;0.0;0.06481481481481481;0.02736318407960199;0.03076923076923077;0.01639344262295082;0.08108108108108109;0.0608695652173913;0.0
0.0;1.0;0.0;0.0;1.0;1.0;1.0;0.2777777777777778;1.0;0.2;0.12121212121212122;0.07692307692307693;0.029914529914529912;0.0;0.0;0.0;0.0;0.0;0.0;0.0;0.02654867256637168;0.07894736842105263;0.4583333333333333;0.08287292817679558;0.045454545454545456;0.0;0.0;0.0;0.08695652173913043;0.0;0.08074534161490683;0.043478260869565216;0.14655172413793102;0.07407407407407408;0.047619047619047616;0.08333333333333333;0.08;0.0;0.03125;0.0;0.1282051282051282;0.17045454545454547;0.09090909090909091;0.0;0.017543859649122806;0.05;0.09523809523809525;0.036036036036036036;0.2857142857142857;0.05263157894736842;0.06382978723404255;0.109375;0.102803738317757;0.07575757575757576;0.021505376344086023;0.06666666666666667;0.1142857142857143;0.11538461538461539;0.016;0.06666666666666667;0.16666666666666666;0.14285714285714285;0.12244897959183673;0.09782608695652173;0.1388888888888889;0.18439716312056736;0.06666666666666667;0.016260162601626018;0.1382488479262673;0.11578947368421053;0.0;0.0;0.12225705329153604;0.10714285714285714;0.06;0.02631578947368421;0.0;0.1388888888888889;0.08706467661691542;0.015384615384615385;0.09836065573770492;0.35135135135135137;0.11739130434782609;0.0
0.0;0.0;0.0;1.0;1.0;0.0;0.0;0.2777777777777778;0.0;0.0;0.06060606060606061;0.23076923076923078;0.13675213675213677;0.0;1.0;0.0;0.0;0.0;0.0;1.0;0.34513274336283184;0.2631578947368421;0.041666666666666664;0.2154696132596685;0.3787878787878788;0.5;0.5;0.15151515151515152;0.21739130434782608;0.3571428571428571;0.14906832298136646;0.0;0.43103448275862066;0.1522633744855967;0.07936507936507936;0.08333333333333333;0.09333333333333334;0.16666666666666666;0.53125;0.6000000000000001;0.23076923076923075;0.23863636363636365;0.36363636363636365;0.0;0.5614035087719298;0.4;0.44761904761904764;0.08558558558558559;0.04081632653061224;0.3684210526315789;0.3829787234042553;0.265625;0.38317757009345793;0.12121212121212122;0.07526881720430108;0.0;0.4380952380952381;0.4307692307692308;0.176;0.3333333333333333;0.16666666666666666;0.19047619047619047;0.36734693877551017;0.2391304347826087;0.2777777777777778;0.2482269503546099;0.3333333333333333;0.3008130081300813;0.2488479262672811;0.1368421052631579;0.4;0.12;0.17868338557993732;0.5;0.56;0.5263157894736842;0.125;0.41666666666666663;0.2288557213930348;0.2153846153846154;0.27868852459016397;0.0945945945945946;0.13478260869565217;0.7671232876712328
0.0;1.0;1.0;1.0;1.0;0.0;1.0;0.47222222222222227;1.0;0.4;0.12121212121212122;0.15384615384615385;0.1324786324786325;0.0;0.0;0.0;0.0;0.0;0.0;0.0;0.6371681415929203;0.23684210526315788;0.4583333333333333;0.6132596685082873;0.2272727272727273;0.1875;0.07142857142857142;0.0;0.13043478260869565;0.07142857142857142;0.44720496894409933;0.34782608695652173;0.48275862068965514;0.42386831275720166;0.15873015873015872;0.041666666666666664;0.4466666666666667;0.0;0.375;0.4;0.5064102564102564;0.25;0.36363636363636365;0.0;0.2982456140350877;0.1;0.4285714285714286;0.2972972972972973;0.36734693877551017;0.38596491228070173;0.1702127659574468;0.15625;0.47663551401869153;0.48484848484848486;0.24731182795698928;0.26666666666666666;0.40952380952380957;0.36923076923076925;0.096;0.2;0.25;0.14285714285714285;0.25510204081632654;0.6086956521739131;0.16666666666666666;0.5957446808510638;0.16666666666666666;0.1788617886178862;0.41013824884792627;0.11578947368421053;0.06666666666666667;0.36;0.4796238244514106;0.5089285714285714;0.28;0.18421052631578946;0.0;0.2037037037037037;0.4925373134328358;0.1076923076923077;0.2377049180327869;0.8108108108108109;0.5956521739130435;0.0
0.0;0.0;1.0;1.0;0.0;0.0;1.0;0.2777777777777778;0.0;0.0;0.09090909090909091;0.07692307692307693;0.1452991452991453;0.0;1.0;0.0;0.0;0.0;0.0;1.0;0.4690265486725664;0.2631578947368421;0.10416666666666666;0.27071823204419887;0.5151515151515151;0.875;0.7142857142857142;0.48484848484848486;0.3913043478260869;0.42857142857142855;0.3043478260869565;0.08695652173913043;0.603448275862069;0.2263374485596708;0.07936507936507936;0.041666666666666664;0.19333333333333336;0.16666666666666666;0.75;0.2;0.3782051282051282;0.20454545454545456;0.36363636363636365;0.0;0.6666666666666666;0.375;0.6666666666666667;0.16216216216216217;0.08163265306122448;0.24561403508771928;0.35106382978723405;0.34375;0.6074766355140186;0.18181818181818182;0.12365591397849464;0.13333333333333333;0.4;0.3153846153846154;0.296;0.4666666666666667;0.75;0.6190476190476191;0.6428571428571428;0.16304347826086957;0.5833333333333333;0.41843971631205673;0.55;0.4471544715447155;0.33640552995391704;0.23157894736842105;0.2;0.08;0.2727272727272727;0.6071428571428571;0.88;0.7105263157894737;0.6875;0.4907407407407407;0.35323383084577115;0.26153846153846155;0.36885245901639346;0.43243243243243246;0.4347826086956522;0.0
0.0;0.0;0.0;1.0;1.0;0.0;0.0;0.3333333333333333;1.0;0.2;0.06060606060606061;0.07692307692307693;0.3076923076923077;0.0;0.0;0.0;0.0;0.0;0.0;0.0;0.33628318584070793;0.15789473684210525;0.10416666666666666;0.2928176795580111;0.21212121212121213;0.125;0.0;0.0;0.0;0.07142857142857142;0.17391304347826086;0.08695652173913043;0.3103448275862069;0.14814814814814817;0.07936507936507936;0.041666666666666664;0.13333333333333333;0.0;0.21875;0.0;0.22435897435897434;0.07954545454545454;0.36363636363636365;0.0;0.15789473684210525;0.125;0.3047619047619048;0.10810810810810811;0.14285714285714285;0.15789473684210525;0.1702127659574468;0.203125;0.2803738317757009;0.24242424242424243;0.07526881720430108;0.1;0.14285714285714288;0.2153846153846154;0.07200000000000001;0.06666666666666667;0.08333333333333333;0.19047619047619047;0.2346938775510204;0.19565217391304346;0.1388888888888889;0.3120567375886525;0.13333333333333333;0.0813008130081301;0.20276497695852536;0.10526315789473684;0.06666666666666667;0.12;0.2225705329153605;0.26785714285714285;0.22;0.07894736842105263;0.0;0.12962962962962962;0.23383084577114427;0.09230769230769231;0.11475409836065574;0.3783783783783784;0.28695652173913044;0.0
0.0;1.0;0.0;1.0;1.0;0.0;0.0;0.19444444444444448;0.0;0.0;0.0;0.0;0.15384615384615388;0.0;1.0;0.0;0.0;0.0;0.0;1.0;0.35398230088495575;0.13157894736842105;0.0625;0.2044198895027624;0.6060606060606061;0.28125;0.5;0.06060606060606061;0.13043478260869565;0.14285714285714285;0.2857142857142857;0.2608695652173913;0.4956896551724138;0.16049382716049385;0.06349206349206349;0.125;0.16666666666666669;0.16666666666666666;0.125;0.4;0.3141025641025641;0.38636363636363635;0.09090909090909091;0.0;0.24561403508771928;0.275;0.43809523809523815;0.09009009009009009;0.18367346938775508;0.2807017543859649;0.39361702127659576;0.296875;0.514018691588785;0.15151515151515152;0.06989247311827958;0.06666666666666667;0.21904761904761907;0.46923076923076923;0.16;0.4;0.3333333333333333;0.42857142857142855;0.5102040816326531;0.16304347826086957;0.38888888888888884;0.2978723404255319;0.45;0.17073170731707318;0.2073732718894009;0.4526315789473684;0.13333333333333333;0.04;0.22884012539184953;0.5714285714285714;0.4;0.3421052631578947;0.1875;0.24074074074074073;0.31592039800995025;0.5692307692307692;0.4098360655737705;0.31081081081081086;0.2956521739130435;0.0
0.0;0.0;1.0;1.0;0.0;0.0;0.0;0.4166666666666667;1.0;0.4;0.06060606060606061;0.0;0.16239316239316243;1.0;0.0;0.0;0.0;0.0;0.0;0.0;0.1504424778761062;0.2631578947368421;0.08333333333333333;0.2154696132596685;0.21212121212121213;0.0625;0.14285714285714285;0.0;0.2608695652173913;0.3571428571428571;0.14285714285714285;0.34782608695652173;0.25;0.09876543209876544;0.09523809523809523;0.20833333333333331;0.11333333333333334;0.16666666666666666;0.15625;0.4;0.1987179487179487;0.17045454545454547;0.09090909090909091;0.0;0.21052631578947367;0.125;0.1523809523809524;0.0945945945945946;0.3061224489795918;0.14035087719298245;0.14893617021276595;0.09375;0.16822429906542055;0.15151515151515152;0.06451612903225806;0.16666666666666666;0.20000000000000004;0.14615384615384616;0.008;0.06666666666666667;0.25;0.2857142857142857;0.2346938775510204;0.18478260869565216;0.1388888888888889;0.15602836879432622;0.11666666666666667;0.032520325203252036;0.15207373271889402;0.06315789473684211;0.06666666666666667;0.04;0.15673981191222572;0.2857142857142857;0.1;0.10526315789473684;0.0;0.18518518518518517;0.15671641791044777;0.13846153846153847;0.09016393442622951;0.14864864864864866;0.2217391304347826;0.0136986301369863
0.0;0.0;0.0;0.0;0.0;0.0;0.0;0.11111111111111109;1.0;0.4;0.2727272727272727;0.3076923076923077;0.11111111111111113;1.0;0.0;1.0;1.0;1.0;0.0;0.0;0.04424778761061947;0.15789473684210525;0.0;0.03867403314917127;0.12121212121212122;0.3125;0.21428571428571427;0.18181818181818182;0.17391304347826086;0.0;0.09937888198757763;0.0;0.1896551724137931;0.02880658436213992;0.015873015873015872;0.08333333333333333;0.03333333333333333;0.0;0.09375;0.0;0.05128205128205128;0.14772727272727273;0.0;0.0;0.2982456140350877;0.275;0.09523809523809525;0.02252252252252252;0.02040816326530612;0.22807017543859648;0.24468085106382978;0.125;0.11214953271028036;0.030303030303030304;0.005376344086021506;0.0;0.18095238095238098;0.2;0.07200000000000001;0.0;0.0;0.14285714285714285;0.22448979591836732;0.021739130434782608;0.19444444444444442;0.06382978723404255;0.13333333333333333;0.10569105691056911;0.059907834101382486;0.15789473684210525;0.13333333333333333;0.0;0.07210031347962383;0.16964285714285712;0.18;0.3157894736842105;0.25;0.2037037037037037;0.062189054726368154;0.12307692307692308;0.09016393442622951;0.28378378378378377;0.09565217391304348;0.0
0.0;0.0;0.0;0.0;0.0;0.0;0.0;0.08333333333333333;1.0;0.2;0.06060606060606061;0.3076923076923077;0.04273504273504274;0.0;1.0;1.0;0.0;1.0;0.0;1.0;0.17699115044247787;0.10526315789473684;0.14583333333333331;0.07734806629834254;0.15151515151515152;0.125;0.21428571428571427;0.030303030303030304;0.0;0.07142857142857142;0.06832298136645962;0.043478260869565216;0.15517241379310345;0.04526748971193416;0.0;0.041666666666666664;0.02666666666666667;0.0;0.0;0.0;0.10256410256410256;0.10227272727272728;0.0;0.0;0.08771929824561403;0.05;0.12380952380952381;0.036036036036036036;0.061224489795918366;0.22807017543859648;0.1276595744680851;0.078125;0.11214953271028036;0.030303030303030304;0.016129032258064516;0.06666666666666667;0.1523809523809524;0.16153846153846155;0.016;0.06666666666666667;0.16666666666666666;0.19047619047619047;0.1530612244897959;0.06521739130434782;0.05555555555555555;0.0921985815602837;0.11666666666666667;0.04878048780487805;0.059907834101382486;0.07368421052631578;0.06666666666666667;0.04;0.07523510971786833;0.125;0.16;0.10526315789473684;0.0;0.05555555555555555;0.08955223880597014;0.07692307692307693;0.06557377049180328;0.16216216216216217;0.09565217391304348;0.0
0.0;1.0;0.0;0.0;0.0;1.0;0.0;0.25;1.0;0.4;0.12121212121212122;0.15384615384615385;0.2307692307692308;0.0;1.0;0.0;1.0;0.0;0.0;1.0;0.21238938053097345;0.05263157894736842;0.375;0.3591160220994475;0.07575757575757576;0.0;0.0;0.0;0.043478260869565216;0.14285714285714285;0.2608695652173913;0.30434782608695654;0.22413793103448276;0.26337448559670784;0.12698412698412698;0.0;0.22;0.16666666666666666;0.125;0.2;0.28205128205128205;0.17045454545454547;0.0;0.0;0.14035087719298245;0.05;0.1619047619047619;0.25675675675675674;0.02040816326530612;0.14035087719298245;0.05319148936170213;0.0625;0.1588785046728972;0.2727272727272727;0.20430107526881722;0.13333333333333333;0.1523809523809524;0.11538461538461539;0.10400000000000001;0.13333333333333333;0.25;0.14285714285714285;0.11224489795918366;0.2934782608695652;0.05555555555555555;0.2482269503546099;0.15;0.1626016260162602;0.21658986175115208;0.05263157894736842;0.06666666666666667;0.24;0.28840125391849525;0.27678571428571425;0.0;0.10526315789473684;0.0625;0.08333333333333333;0.2736318407960199;0.07692307692307693;0.03278688524590164;0.31081081081081086;0.31739130434782614;0.0
0.0;1.0;0.0;0.0;0.0;0.0;0.0;0.47222222222222227;1.0;0.6000000000000001;0.06060606060606061;0.07692307692307693;0.11965811965811968;0.0;1.0;0.0;0.0;0.0;0.0;1.0;0.23008849557522124;0.15789473684210525;0.29166666666666663;0.3314917127071823;0.19696969696969696;0.09375;0.0;0.0;0.13043478260869565;0.07142857142857142;0.2608695652173913;0.08695652173913043;0.33620689655172414;0.21810699588477367;0.06349206349206349;0.0;0.23333333333333334;0.0;0.21875;0.0;0.30128205128205127;0.23863636363636365;0.0;0.0;0.08771929824561403;0.05;0.1619047619047619;0.21621621621621623;0.1020408163265306;0.19298245614035087;0.0851063829787234;0.046875;0.23364485981308408;0.24242424242424243;0.22580645161290325;0.1;0.2571428571428572;0.13076923076923078;0.136;0.13333333333333333;0.41666666666666663;0.09523809523809523;0.22448979591836732;0.32608695652173914;0.2222222222222222;0.35460992907801414;0.2;0.0894308943089431;0.2073732718894009;0.09473684210526316;0.06666666666666667;0.04;0.27586206896551724;0.375;0.08;0.05263157894736842;0.0625;0.15740740740740738;0.2810945273631841;0.15384615384615385;0.1639344262295082;0.28378378378378377;0.33913043478260874;0.0
1.0;1.0;0.0;0.0;1.0;1.0;1.0;0.4444444444444445;1.0;0.2;0.18181818181818182;0.07692307692307693;0.25213675213675213;1.0;1.0;0.0;1.0;0.0;1.0;1.0;0.39823008849557523;0.3157894736842105;0.5625;0.6574585635359116;0.8333333333333334;0.25;0.07142857142857142;0.18181818181818182;0.2608695652173913;0.14285714285714285;0.5652173913043478;0.2608695652173913;0.6853448275862069;0.5226337448559671;0.3333333333333333;0.041666666666666664;0.6266666666666667;0.3333333333333333;0.375;0.0;0.7435897435897436;0.42045454545454547;0.6363636363636364;0.0;0.7543859649122806;0.225;0.40952380952380957;0.536036036036036;0.36734693877551017;0.2982456140350877;0.22340425531914893;0.1875;0.42990654205607476;0.5303030303030303;0.5376344086021506;0.43333333333333335;0.5428571428571429;0.2923076923076923;0.592;0.2;0.3333333333333333;0.3333333333333333;0.6326530612244897;0.532608695652174;0.3055555555555555;0.6879432624113475;0.4;0.41463414634146345;0.4147465437788018;0.15789473684210525;0.06666666666666667;0.36;0.5705329153605015;0.8125;0.66;0.39473684210526316;0.375;0.4074074074074074;0.6417910447761194;0.3076923076923077;0.27049180327868855;1.0;0.6391304347826088;0.0136986301369863
0.0;0.0;1.0;1.0;0.0;0.0;0.0;0.11111111111111109;1.0;0.2;0.06060606060606061;0.07692307692307693;0.02564102564102564;0.0;0.0;0.0;0.0;0.0;0.0;0.0;0.07079646017699115;0.07894736842105263;0.041666666666666664;0.09944751381215469;0.045454545454545456;0.0;0.07142857142857142;0.06060606060606061;0.043478260869565216;0.07142857142857142;0.05590062111801242;0.043478260869565216;0.12068965517241378;0.02880658436213992;0.015873015873015872;0.0;0.03333333333333333;0.0;0.03125;0.0;0.05769230769230769;0.045454545454545456;0.0;0.0;0.08771929824561403;0.025;0.05714285714285715;0.04954954954954955;0.02040816326530612;0.07017543859649122;0.0425531914893617;0.0625;0.12149532710280372;0.045454545454545456;0.010752688172043012;0.03333333333333333;0.10476190476190478;0.08461538461538462;0.04;0.0;0.0;0.047619047619047616;0.1530612244897959;0.06521739130434782;0.027777777777777776;0.06382978723404255;0.06666666666666667;0.06504065040650407;0.03225806451612903;0.06315789473684211;0.0;0.0;0.06896551724137931;0.10714285714285714;0.02;0.0;0.0625;0.09259259259259259;0.05223880597014925;0.13846153846153847;0.13114754098360656;0.13513513513513514;0.09565217391304348;0.0
0.0;0.0;1.0;1.0;0.0;0.0;0.0;0.08333333333333333;0.0;0.0;0.09090909090909091;0.3076923076923077;0.06837606837606838;0.0;1.0;0.0;0.0;0.0;0.0;1.0;0.12389380530973451;0.05263157894736842;0.22916666666666666;0.15469613259668508;0.045454545454545456;0.03125;0.07142857142857142;0.06060606060606061;0.043478260869565216;0.0;0.12422360248447203;0.043478260869565216;0.23275862068965517;0.0617283950617284;0.047619047619047616;0.041666666666666664;0.02;0.16666666666666666;0.09375;0.0;0.15384615384615385;0.11363636363636365;0.0;0.0;0.08771929824561403;0.1;0.2;0.06306306306306306;0.1020408163265306;0.12280701754385964;0.11702127659574468;0.125;0.24299065420560745;0.06060606060606061;0.043010752688172046;0.13333333333333333;0.1142857142857143;0.15384615384615385;0.008;0.06666666666666667;0.16666666666666666;0.2857142857142857;0.2857142857142857;0.07608695652173914;0.25;0.17730496453900707;0.11666666666666667;0.04065040650406505;0.06912442396313365;0.05263157894736842;0.13333333333333333;0.0;0.18495297805642633;0.08928571428571427;0.04;0.02631578947368421;0.0;0.05555555555555555;0.1517412935323383;0.2153846153846154;0.20491803278688525;0.13513513513513514;0.19130434782608696;0.0
0.0;1.0;1.0;1.0;1.0;0.0;0.0;0.3888888888888889;1.0;0.4;0.12121212121212122;0.07692307692307693;0.13675213675213677;1.0;0.0;0.0;0.0;0.0;0.0;0.0;0.07079646017699115;0.18421052631578946;0.08333333333333333;0.13259668508287292;0.16666666666666669;0.09375;0.21428571428571427;0.030303030303030304;0.08695652173913043;0.14285714285714285;0.09937888198757763;0.08695652173913043;0.22844827586206895;0.04938271604938272;0.047619047619047616;0.16666666666666666;0.09333333333333334;0.0;0.1875;0.0;0.1282051282051282;0.2272727272727273;0.18181818181818182;0.0;0.12280701754385964;0.17500000000000002;0.2380952380952381;0.02702702702702703;0.22448979591836732;0.14035087719298245;0.18085106382978722;0.109375;0.1588785046728972;0.07575757575757576;0.021505376344086023;0.16666666666666666;0.20952380952380956;0.16923076923076924;0.07200000000000001;0.06666666666666667;0.08333333333333333;0.3333333333333333;0.2040816326530612;0.11956521739130435;0.19444444444444442;0.10638297872340426;0.21666666666666667;0.0813008130081301;0.06912442396313365;0.11578947368421053;0.13333333333333333;0.0;0.1128526645768025;0.24107142857142855;0.08;0.13157894736842105;0.0625;0.23148148148148145;0.0945273631840796;0.2923076923076923;0.1639344262295082;0.44594594594594594;0.13478260869565217;0.0
0.0;0.0;0.0;0.0;1.0;0.0;0.0;0.055555555555555566;1.0;0.2;0.09090909090909091;0.15384615384615385;0.029914529914529912;0.0;0.0;0.0;0.0;0.0;0.0;0.0;0.02654867256637168;0.02631578947368421;0.0;0.011049723756906077;0.045454545454545456;0.0;0.0;0.0;0.08695652173913043;0.0;0.024844720496894408;0.0;0.06034482758620689;0.01646090534979424;0.015873015873015872;0.0;0.013333333333333334;0.0;0.09375;0.0;0.03205128205128205;0.011363636363636364;0.0;0.0;0.017543859649122806;0.0;0.0761904761904762;0.02252252252252252;0.0;0.03508771929824561;0.02127659574468085;0.046875;0.07476635514018691;0.030303030303030304;0.010752688172043012;0.0;0.01904761904761905;0.08461538461538462;0.008;0.06666666666666667;0.0;0.09523809523809523;0.07142857142857142;0.021739130434782608;0.0;0.014184397163120567;0.03333333333333333;0.032520325203252036;0.03686635944700461;0.042105263157894736;0.06666666666666667;0.0;0.006269592476489029;0.14285714285714285;0.0;0.05263157894736842;0.0625;0.07407407407407407;0.01492537313432836;0.015384615384615385;0.02459016393442623;0.02702702702702703;0.05652173913043478;0.0
0.0;0.0;1.0;1.0;1.0;0.0;0.0;0.25;0.0;0.0;0.06060606060606061;0.07692307692307693;0.15811965811965814;0.0;1.0;0.0;0.0;0.0;0.0;1.0;0.22123893805309736;0.3157894736842105;0.10416666666666666;0.32044198895027626;0.4696969696969697;0.25;0.21428571428571427;0.06060606060606061;0.43478260869565216;0.3571428571428571;0.20496894409937888;0.34782608695652173;0.5517241379310345;0.20164609053497945;0.047619047619047616;0.125;0.16666666666666669;0.16666666666666666;0.375;0.2;0.2692307692307692;0.4318181818181818;0.36363636363636365;0.0;0.5263157894736842;0.17500000000000002;0.4571428571428572;0.2072072072072072;0.1020408163265306;0.40350877192982454;0.3723404255319149;0.15625;0.47663551401869153;0.3787878787878788;0.14516129032258066;0.1;0.3523809523809524;0.2923076923076923;0.216;0.2;0.8333333333333333;0.5238095238095237;0.5918367346938775;0.21739130434782608;0.3611111111111111;0.3900709219858156;0.3833333333333333;0.1869918699186992;0.3087557603686636;0.34736842105263155;0.13333333333333333;0.2;0.3448275862068965;0.5535714285714285;0.14;0.13157894736842105;0.1875;0.5;0.3009950248756219;0.4;0.4180327868852459;0.41891891891891897;0.4391304347826087;0.0273972602739726
0.0;0.0;0.0;0.0;0.0;0.0;0.0;0.2222222222222222;1.0;0.2;0.0;0.07692307692307693;0.10256410256410259;0.0;1.0;0.0;0.0;0.0;0.0;1.0;0.19469026548672566;0.10526315789473684;0.25;0.22651933701657456;0.10606060606060606;0.03125;0.14285714285714285;0.0;0.2608695652173913;0.21428571428571427;0.16770186335403725;0.13043478260869565;0.22413793103448276;0.15637860082304528;0.06349206349206349;0.041666666666666664;0.21333333333333335;0.0;0.125;0.0;0.23717948717948717;0.18181818181818182;0.0;0.0;0.22807017543859648;0.025;0.04761904761904762;0.1891891891891892;0.18367346938775508;0.17543859649122806;0.06382978723404255;0.046875;0.1308411214953271;0.16666666666666669;0.1774193548387097;0.13333333333333333;0.20952380952380956;0.12307692307692308;0.04;0.13333333333333333;0.16666666666666666;0.047619047619047616;0.25510204081632654;0.14130434782608695;0.19444444444444442;0.19858156028368792;0.2;0.0894308943089431;0.18433179723502305;0.07368421052631578;0.06666666666666667;0.08;0.19122257053291536;0.20535714285714285;0.18;0.05263157894736842;0.0;0.16666666666666666;0.17661691542288557;0.09230769230769231;0.18852459016393444;0.12162162162162163;0.20869565217391303;0.0547945205479452
0.0;0.0;0.0;0.0;1.0;0.0;0.0;0.19444444444444448;0.0;0.0;0.0;0.0;0.11111111111111113;0.0;1.0;0.0;0.0;0.0;0.0;1.0;0.18584070796460178;0.763157894736842;0.22916666666666666;0.3149171270718232;0.5909090909090909;0.09375;0.07142857142857142;0.0;0.2608695652173913;0.21428571428571427;0.2857142857142857;0.21739130434782608;0.48275862068965514;0.25102880658436216;0.15873015873015872;0.041666666666666664;0.30000000000000004;0.5;0.40625;0.4;0.36538461538461536;0.26136363636363635;0.36363636363636365;0.0;0.5087719298245614;0.125;0.37142857142857144;0.2702702702702703;0.16326530612244897;0.2807017543859649;0.24468085106382978;0.109375;0.308411214953271;0.2272727272727273;0.2634408602150538;0.2;0.4;0.19230769230769232;0.2;0.13333333333333333;0.3333333333333333;0.19047619047619047;0.36734693877551017;0.3913043478260869;0.16666666666666666;0.3829787234042553;0.35;0.3008130081300813;0.271889400921659;0.19999999999999998;0.13333333333333333;0.2;0.335423197492163;0.5267857142857143;0.32;0.23684210526315788;0.1875;0.4444444444444444;0.3233830845771144;0.16923076923076924;0.18032786885245902;0.13513513513513514;0.23478260869565218;0.2054794520547945
0.0;1.0;0.0;1.0;1.0;0.0;1.0;0.19444444444444448;1.0;0.2;0.030303030303030304;0.15384615384615385;0.029914529914529912;0.0;1.0;0.0;0.0;0.0;0.0;1.0;0.19469026548672566;0.3157894736842105;0.3958333333333333;0.39779005524861877;0.10606060606060606;0.03125;0.0;0.0;0.3913043478260869;0.14285714285714285;0.3291925465838509;0.13043478260869565;0.29310344827586204;0.3004115226337449;0.19047619047619047;0.0;0.3466666666666667;0.3333333333333333;0.1875;0.0;0.4358974358974359;0.1590909090909091;0.36363636363636365;0.0;0.19298245614035087;0.0;0.1619047619047619;0.2702702702702703;0.32653061224489793;0.3157894736842105;0.06382978723404255;0.015625;0.18691588785046728;0.3484848484848485;0.2795698924731183;0.2;0.2380952380952381;0.13846153846153847;0.048;0.2;0.3333333333333333;0.14285714285714285;0.22448979591836732;0.31521739130434784;0.1388888888888889;0.36879432624113473;0.16666666666666666;0.13008130081300814;0.2764976958525346;0.11578947368421053;0.06666666666666667;0.2;0.39811912225705326;0.20535714285714285;0.04;0.23684210526315788;0.0;0.14814814814814814;0.3283582089552239;0.046153846153846156;0.2213114754098361;0.21621621621621623;0.28260869565217395;0.0273972602739726
0.0;0.0;0.0;0.0;0.0;0.0;0.0;0.3055555555555555;0.0;0.0;0.0;0.07692307692307693;0.05128205128205129;0.0;0.0;0.0;0.0;0.0;0.0;0.0;0.1592920353982301;0.39473684210526316;0.375;0.3370165745856354;0.10606060606060606;0.0;0.0;0.0;0.0;0.0;0.27329192546583847;0.13043478260869565;0.23706896551724138;0.22222222222222224;0.14285714285714285;0.0;0.2733333333333334;0.0;0.0625;0.0;0.358974358974359;0.11363636363636365;0.09090909090909091;0.0;0.14035087719298245;0.0;0.08571428571428572;0.3018018018018018;0.32653061224489793;0.03508771929824561;0.010638297872340425;0.0;0.14018691588785046;0.21212121212121213;0.2741935483870968;0.26666666666666666;0.1619047619047619;0.08461538461538462;0.088;0.26666666666666666;0.16666666666666666;0.047619047619047616;0.2040816326530612;0.22826086956521738;0.1111111111111111;0.3191489361702127;0.13333333333333333;0.04065040650406505;0.31336405529953915;0.042105263157894736;0.13333333333333333;0.12;0.2789968652037617;0.24107142857142855;0.02;0.05263157894736842;0.0;0.10185185185185185;0.2537313432835821;0.07692307692307693;0.1557377049180328;0.32432432432432434;0.30434782608695654;0.0
0.0;1.0;1.0;1.0;1.0;1.0;1.0;0.4166666666666667;1.0;0.4;0.030303030303030304;0.07692307692307693;0.05555555555555556;0.0;0.0;0.0;0.0;0.0;0.0;0.0;0.11504424778761062;0.02631578947368421;0.041666666666666664;0.287292817679558;0.015151515151515152;0.0;0.0;0.0;0.0;0.07142857142857142;0.11801242236024843;0.0;0.1724137931034483;0.11522633744855967;0.047619047619047616;0.0;0.12666666666666668;0.0;0.0625;0.0;0.21794871794871795;0.07954545454545454;0.0;0.0;0.10526315789473684;0.0;0.18095238095238098;0.0945945945945946;0.2857142857142857;0.07017543859649122;0.10638297872340426;0.0625;0.205607476635514;0.16666666666666669;0.043010752688172046;0.1;0.09523809523809526;0.11538461538461539;0.016;0.06666666666666667;0.0;0.047619047619047616;0.14285714285714285;0.20652173913043478;0.027777777777777776;0.1631205673758865;0.1;0.016260162601626018;0.15207373271889402;0.08421052631578947;0.0;0.0;0.18808777429467086;0.08928571428571427;0.0;0.0;0.0;0.09259259259259259;0.13930348258706468;0.06153846153846154;0.14754098360655737;0.1891891891891892;0.20869565217391303;0.0
1.0;0.0;1.0;1.0;1.0;0.0;1.0;0.3055555555555555;0.0;0.0;0.030303030303030304;0.07692307692307693;0.15384615384615388;1.0;1.0;1.0;1.0;1.0;0.0;1.0;0.1327433628318584;0.42105263157894735;0.041666666666666664;0.22099447513812154;0.36363636363636365;0.28125;0.3571428571428571;0.12121212121212122;0.34782608695652173;0.42857142857142855;0.17391304347826086;0.13043478260869565;0.40948275862068967;0.102880658436214;0.07936507936507936;0.20833333333333331;0.10666666666666667;0.16666666666666666;0.25;0.2;0.21794871794871795;0.4090909090909091;0.2727272727272727;0.5;0.3157894736842105;0.275;0.36190476190476195;0.08108108108108109;0.16326530612244897;0.21052631578947367;0.22340425531914893;0.359375;0.38317757009345793;0.12121212121212122;0.03763440860215054;0.06666666666666667;0.24761904761904766;0.34615384615384615;0.10400000000000001;0.13333333333333333;0.16666666666666666;0.42857142857142855;0.3469387755102041;0.15217391304347827;0.4444444444444444;0.20567375886524822;0.36666666666666664;0.2682926829268293;0.16589861751152074;0.35789473684210527;0.3333333333333333;0.04;0.219435736677116;0.36607142857142855;0.26;0.3157894736842105;0.0625;0.4629629629629629;0.17412935323383083;0.5384615384615385;0.36885245901639346;0.3648648648648649;0.24782608695652172;0.0136986301369863
0.0;0.0;1.0;1.0;1.0;0.0;0.0;0.08333333333333333;0.0;0.0;0.06060606060606061;0.0;0.05982905982905983;0.0;0.0;0.0;0.0;0.0;0.0;0.0;0.25663716814159293;1.0;0.0625;0.35359116022099446;0.30303030303030304;0.4375;0.3571428571428571;0.30303030303030304;0.4782608695652174;0.5714285714285714;0.23602484472049687;0.4782608695652174;0.5344827586206896;0.09876543209876544;0.09523809523809523;0.125;0.1;0.16666666666666666;0.21875;0.0;0.20512820512820512;0.5340909090909091;0.2727272727272727;0.0;0.38596491228070173;0.45;0.5428571428571429;0.06306306306306306;0.24489795918367346;0.2807017543859649;0.32978723404255317;0.65625;0.4205607476635514;0.09090909090909091;0.043010752688172046;0.06666666666666667;0.2857142857142857;0.5615384615384615;0.08;0.4;0.25;0.42857142857142855;0.5408163265306122;0.19565217391304346;0.5833333333333333;0.19858156028368792;0.5;0.15447154471544716;0.09216589861751152;0.5894736842105263;0.2;0.0;0.32601880877742945;0.33928571428571425;0.22;0.5;0.375;0.4907407407407407;0.23880597014925375;0.4153846153846154;0.4672131147540984;0.33783783783783783;0.3478260869565218;0.0821917808219178
0.0;1.0;0.0;1.0;1.0;0.0;0.0;0.3055555555555555;1.0;0.4;0.06060606060606061;0.0;0.12393162393162396;0.0;1.0;0.0;0.0;0.0;0.0;1.0;0.07964601769911504;0.10526315789473684;0.041666666666666664;0.0718232044198895;0.13636363636363635;0.03125;0.14285714285714285;0.030303030303030304;0.21739130434782608;0.0;0.06832298136645962;0.0;0.15086206896551724;0.04526748971193416;0.031746031746031744;0.125;0.02;0.0;0.03125;0.0;0.05128205128205128;0.1590909090909091;0.0;0.0;0.05263157894736842;0.2;0.2;0.013513513513513514;0.04081632653061224;0.07017543859649122;0.1702127659574468;0.140625;0.14018691588785046;0.045454545454545456;0.02688172043010753;0.0;0.0761904761904762;0.14615384615384616;0.0;0.0;0.08333333333333333;0.09523809523809523;0.1020408163265306;0.11956521739130435;0.05555555555555555;0.0921985815602837;0.05;0.04878048780487805;0.05529953917050691;0.11578947368421053;0.06666666666666667;0.0;0.08463949843260188;0.15178571428571427;0.06;0.07894736842105263;0.0625;0.07407407407407407;0.08706467661691542;0.06153846153846154;0.11475409836065574;0.2567567567567568;0.10869565217391304;0.0
0.0;0.0;1.0;1.0;1.0;1.0;0.0;0.25;1.0;0.4;0.12121212121212122;0.07692307692307693;0.06410256410256412;1.0;0.0;0.0;1.0;0.0;0.0;0.0;0.05309734513274336;0.07894736842105263;0.10416666666666666;0.18784530386740333;0.0;0.0;0.0;0.0;0.0;0.0;0.09937888198757763;0.043478260869565216;0.09482758620689655;0.09465020576131689;0.047619047619047616;0.0;0.12666666666666668;0.0;0.0625;0.0;0.08974358974358974;0.09090909090909091;0.0;0.0;0.03508771929824561;0.0;0.0380952380952381;0.12162162162162161;0.04081632653061224;0.017543859649122806;0.0;0.0;0.06542056074766354;0.13636363636363635;0.05913978494623656;0.1;0.0761904761904762;0.05384615384615385;0.024;0.06666666666666667;0.0;0.09523809523809523;0.11224489795918366;0.08695652173913043;0.05555555555555555;0.1276595744680851;0.05;0.04065040650406505;0.08294930875576037;0.0;0.06666666666666667;0.0;0.12852664576802508;0.05357142857142857;0.0;0.02631578947368421;0.0;0.05555555555555555;0.09203980099502487;0.06153846153846154;0.05737704918032787;0.16216216216216217;0.12608695652173912;0.0
0.0;0.0;0.0;0.0;0.0;0.0;0.0;0.19444444444444448;1.0;0.6000000000000001;0.09090909090909091;0.07692307692307693;0.2008547008547009;1.0;1.0;0.0;1.0;0.0;1.0;1.0;0.05309734513274336;0.13157894736842105;0.125;0.14917127071823205;0.030303030303030304;0.03125;0.0;0.0;0.30434782608695654;0.0;0.08695652173913043;0.043478260869565216;0.16379310344827586;0.102880658436214;0.047619047619047616;0.041666666666666664;0.15333333333333335;0.0;0.125;0.0;0.08333333333333333;0.17045454545454547;0.0;0.0;0.19298245614035087;0.0;0.10476190476190478;0.11261261261261261;0.1020408163265306;0.15789473684210525;0.0425531914893617;0.046875;0.09345794392523364;0.18181818181818182;0.08602150537634409;0.13333333333333333;0.13333333333333336;0.09230769230769231;0.024;0.0;0.08333333333333333;0.14285714285714285;0.16326530612244897;0.14130434782608695;0.19444444444444442;0.12056737588652482;0.15;0.032520325203252036;0.08294930875576037;0.021052631578947368;0.0;0.12;0.12225705329153604;0.23214285714285712;0.0;0.10526315789473684;0.0;0.16666666666666666;0.10696517412935323;0.046153846153846156;0.12295081967213116;0.10810810810810811;0.14347826086956522;0.0136986301369863
0.0;1.0;0.0;1.0;1.0;0.0;0.0;0.3611111111111111;0.0;0.0;0.0;0.0;0.07264957264957267;0.0;0.0;0.0;0.0;0.0;0.0;0.0;0.19469026548672566;0.02631578947368421;0.125;0.4475138121546961;0.06060606060606061;0.09375;0.0;0.0;0.0;0.07142857142857142;0.2608695652173913;0.13043478260869565;0.15948275862068964;0.28395061728395066;0.25396825396825395;0.041666666666666664;0.30000000000000004;0.16666666666666666;0.0625;0.0;0.36538461538461536;0.13636363636363635;0.09090909090909091;0.0;0.17543859649122806;0.05;0.09523809523809525;0.18468468468468469;0.5918367346938775;0.12280701754385964;0.0851063829787234;0.03125;0.21495327102803738;0.2727272727272727;0.20967741935483872;0.16666666666666666;0.18095238095238098;0.11538461538461539;0.032;0.06666666666666667;0.25;0.19047619047619047;0.21428571428571427;0.2934782608695652;0.027777777777777776;0.3829787234042553;0.06666666666666667;0.06504065040650407;0.2119815668202765;0.06315789473684211;0.0;0.12;0.33228840125391845;0.08035714285714285;0.12;0.02631578947368421;0.0;0.06481481481481481;0.2736318407960199;0.046153846153846156;0.09016393442622951;0.44594594594594594;0.30434782608695654;0.0
1.0;0.0;0.0;0.0;1.0;0.0;0.0;0.19444444444444448;1.0;0.2;0.030303030303030304;0.07692307692307693;0.16239316239316243;0.0;1.0;0.0;0.0;0.0;0.0;1.0;0.2831858407079646;0.23684210526315788;0.10416666666666666;0.4198895027624309;0.3939393939393939;0.46875;0.3571428571428571;0.06060606060606061;0.21739130434782608;0.21428571428571427;0.2546583850931677;0.13043478260869565;0.4482758620689655;0.26337448559670784;0.14285714285714285;0.0;0.28;0.0;0.1875;0.0;0.4423076923076923;0.2840909090909091;0.09090909090909091;0.0;0.2807017543859649;0.15000000000000002;0.4285714285714286;0.22072072072072071;0.22448979591836732;0.3157894736842105;0.32978723404255317;0.34375;0.44859813084112143;0.18181818181818182;0.15591397849462366;0.16666666666666666;0.3904761904761905;0.47692307692307695;0.232;0.4666666666666667;0.41666666666666663;0.23809523809523808;0.42857142857142855;0.3695652173913043;0.19444444444444442;0.3404255319148936;0.36666666666666664;0.1788617886178862;0.28110599078341014;0.25263157894736843;0.0;0.12;0.3134796238244514;0.45535714285714285;0.5;0.3421052631578947;0.125;0.19444444444444442;0.3756218905472637;0.16923076923076924;0.14754098360655737;0.6621621621621622;0.4;0.0136986301369863
0.0;0.0;0.0;0.0;1.0;0.0;0.0;0.055555555555555566;0.0;0.0;0.030303030303030304;0.0;0.0341880341880342;0.0;0.0;0.0;1.0;0.0;0.0;0.0;0.017699115044247787;0.02631578947368421;0.0;0.027624309392265192;0.015151515151515152;0.03125;0.0;0.0;0.043478260869565216;0.14285714285714285;0.0;0.0;0.04741379310344827;0.0;0.0;0.0;0.0;0.16666666666666666;0.03125;0.0;0.01282051282051282;0.05681818181818182;0.0;0.0;0.03508771929824561;0.025;0.04761904761904762;0.0045045045045045045;0.0;0.017543859649122806;0.02127659574468085;0.078125;0.02803738317757009;0.0;0.0;0.0;0.0;0.06923076923076923;0.0;0.0;0.0;0.047619047619047616;0.061224489795918366;0.010869565217391304;0.027777777777777776;0.014184397163120567;0.016666666666666666;0.0;0.0;0.021052631578947368;0.13333333333333333;0.0;0.028213166144200625;0.008928571428571428;0.0;0.0;0.0;0.037037037037037035;0.004975124378109454;0.03076923076923077;0.02459016393442623;0.08108108108108109;0.017391304347826087;0.0
0.0;1.0;1.0;1.0;1.0;0.0;0.0;0.3055555555555555;1.0;0.4;0.12121212121212122;0.15384615384615385;0.08119658119658121;0.0;1.0;0.0;0.0;0.0;0.0;1.0;0.23893805309734512;0.05263157894736842;0.125;0.281767955801105;0.06060606060606061;0.0625;0.0;0.0;0.043478260869565216;0.0;0.22981366459627328;0.13043478260869565;0.12068965517241378;0.205761316872428;0.12698412698412698;0.041666666666666664;0.13333333333333333;0.0;0.0;0.0;0.17307692307692307;0.06818181818181818;0.09090909090909091;0.0;0.15789473684210525;0.025;0.2;0.08108108108108109;0.2040816326530612;0.15789473684210525;0.05319148936170213;0.078125;0.2523364485981308;0.09090909090909091;0.06451612903225806;0.1;0.18095238095238098;0.11538461538461539;0.024;0.13333333333333333;0.0;0.2857142857142857;0.1530612244897959;0.19565217391304346;0.16666666666666666;0.19148936170212766;0.1;0.07317073170731708;0.14285714285714285;0.2631578947368421;0.0;0.0;0.19122257053291536;0.17857142857142855;0.08;0.05263157894736842;0.0625;0.12037037037037036;0.1691542288557214;0.09230769230769231;0.27868852459016397;0.5945945945945946;0.16521739130434782;0.0
0.0;0.0;0.0;0.0;0.0;0.0;0.0;0.16666666666666669;1.0;0.2;0.0;0.07692307692307693;0.14102564102564105;1.0;1.0;0.0;1.0;0.0;1.0;1.0;0.08849557522123894;0.02631578947368421;0.0625;0.1270718232044199;0.15151515151515152;0.0625;0.0;0.0;0.13043478260869565;0.07142857142857142;0.06211180124223602;0.043478260869565216;0.1896551724137931;0.08641975308641976;0.031746031746031744;0.0;0.11333333333333334;0.0;0.1875;0.2;0.08974358974358974;0.14772727272727273;0.0;0.0;0.15789473684210525;0.05;0.09523809523809525;0.11261261261261261;0.14285714285714285;0.14035087719298245;0.0425531914893617;0.078125;0.07476635514018691;0.18181818181818182;0.05913978494623656;0.13333333333333333;0.1904761904761905;0.1;0.032;0.06666666666666667;0.16666666666666666;0.047619047619047616;0.17346938775510204;0.13043478260869565;0.1111111111111111;0.19148936170212766;0.13333333333333333;0.05691056910569106;0.14285714285714285;0.0;0.2;0.08;0.07836990595611285;0.26785714285714285;0.22;0.21052631578947367;0.125;0.10185185185185185;0.12686567164179105;0.1076923076923077;0.09836065573770492;0.08108108108108109;0.043478260869565216;0.2465753424657534
0.0;0.0;0.0;1.0;0.0;0.0;0.0;0.19444444444444448;1.0;0.4;0.030303030303030304;0.07692307692307693;0.18803418803418806;1.0;1.0;0.0;1.0;0.0;1.0;1.0;0.02654867256637168;0.07894736842105263;0.14583333333333331;0.09944751381215469;0.045454545454545456;0.0625;0.0;0.0;0.17391304347826086;0.07142857142857142;0.043478260869565216;0.0;0.11637931034482758;0.04526748971193416;0.0;0.0;0.02666666666666667;0.0;0.0625;0.0;0.08974358974358974;0.09090909090909091;0.09090909090909091;0.0;0.08771929824561403;0.0;0.06666666666666668;0.07207207207207207;0.02040816326530612;0.07017543859649122;0.0425531914893617;0.015625;0.05607476635514018;0.030303030303030304;0.05913978494623656;0.0;0.12380952380952384;0.038461538461538464;0.048;0.0;0.0;0.14285714285714285;0.1020408163265306;0.021739130434782608;0.05555555555555555;0.07801418439716312;0.05;0.032520325203252036;0.11059907834101382;0.06315789473684211;0.0;0.0;0.07523510971786833;0.08035714285714285;0.08;0.02631578947368421;0.0625;0.12962962962962962;0.0472636815920398;0.015384615384615385;0.06557377049180328;0.14864864864864866;0.08695652173913043;0.0
0.0;1.0;1.0;1.0;1.0;1.0;1.0;0.25;1.0;0.2;0.21212121212121213;0.15384615384615385;0.09401709401709404;0.0;0.0;0.0;0.0;0.0;0.0;0.0;0.1504424778761062;0.15789473684210525;0.5833333333333333;0.287292817679558;0.030303030303030304;0.03125;0.0;0.0;0.043478260869565216;0.0;0.14285714285714285;0.043478260869565216;0.22413793103448276;0.1934156378600823;0.12698412698412698;0.0;0.18000000000000002;0.0;0.0;0.2;0.2692307692307692;0.13636363636363635;0.09090909090909091;0.0;0.07017543859649122;0.07500000000000001;0.12380952380952381;0.20270270270270271;0.14285714285714285;0.14035087719298245;0.06382978723404255;0.0625;0.16822429906542055;0.13636363636363635;0.15591397849462366;0.23333333333333334;0.1904761904761905;0.14615384615384616;0.048;0.2;0.08333333333333333;0.19047619047619047;0.22448979591836732;0.20652173913043478;0.1388888888888889;0.2907801418439716;0.016666666666666666;0.04878048780487805;0.271889400921659;0.042105263157894736;0.06666666666666667;0.08;0.2445141065830721;0.24107142857142855;0.02;0.07894736842105263;0.0;0.12037037037037036;0.22139303482587064;0.03076923076923077;0.2213114754098361;0.472972972972973;0.26521739130434785;0.0
0.0;1.0;1.0;1.0;0.0;0.0;0.0;0.25;1.0;0.2;0.0;0.15384615384615385;0.05128205128205129;0.0;0.0;0.0;0.0;0.0;0.0;0.0;0.017699115044247787;0.05263157894736842;0.020833333333333332;0.049723756906077346;0.045454545454545456;0.0;0.0;0.0;0.043478260869565216;0.07142857142857142;0.037267080745341616;0.043478260869565216;0.030172413793103446;0.04938271604938272;0.015873015873015872;0.0;0.02;0.0;0.03125;0.0;0.04487179487179487;0.03409090909090909;0.0;0.0;0.03508771929824561;0.025;0.028571428571428574;0.03153153153153153;0.12244897959183673;0.017543859649122806;0.02127659574468085;0.015625;0.009345794392523364;0.06060606060606061;0.043010752688172046;0.03333333333333333;0.01904761904761905;0.015384615384615385;0.008;0.0;0.0;0.0;0.04081632653061224;0.021739130434782608;0.05555555555555555;0.02127659574468085;0.03333333333333333;0.0;0.059907834101382486;0.0;0.0;0.12;0.04075235109717868;0.04464285714285714;0.02;0.02631578947368421;0.0625;0.037037037037037035;0.02736318407960199;0.015384615384615385;0.00819672131147541;0.08108108108108109;0.04782608695652174;0.0
0.0;1.0;0.0;1.0;1.0;0.0;0.0;0.2777777777777778;0.0;0.0;0.0;0.0;0.24358974358974364;1.0;1.0;0.0;1.0;0.0;1.0;1.0;0.07079646017699115;0.07894736842105263;0.0;0.11602209944751381;0.09090909090909091;0.0;0.0;0.030303030303030304;0.043478260869565216;0.07142857142857142;0.09937888198757763;0.0;0.11206896551724138;0.09465020576131689;0.06349206349206349;0.0;0.06666666666666667;0.0;0.15625;0.2;0.14102564102564102;0.022727272727272728;0.0;0.0;0.14035087719298245;0.025;0.028571428571428574;0.09009009009009009;0.04081632653061224;0.07017543859649122;0.0425531914893617;0.03125;0.06542056074766354;0.15151515151515152;0.08064516129032259;0.06666666666666667;0.0761904761904762;0.023076923076923078;0.024;0.0;0.0;0.0;0.1020408163265306;0.10869565217391304;0.05555555555555555;0.09929078014184398;0.05;0.06504065040650407;0.07373271889400922;0.031578947368421054;0.0;0.04;0.10031347962382445;0.1607142857142857;0.04;0.05263157894736842;0.0;0.07407407407407407;0.09950248756218906;0.015384615384615385;0.02459016393442623;0.02702702702702703;0.10869565217391304;0.0273972602739726
0.0;0.0;0.0;0.0;0.0;0.0;0.0;0.3611111111111111;1.0;0.6000000000000001;0.030303030303030304;0.07692307692307693;0.2948717948717949;0.0;1.0;0.0;0.0;0.0;0.0;1.0;0.20353982300884954;0.18421052631578946;0.14583333333333331;0.26519337016574585;0.2878787878787879;0.25;0.42857142857142855;0.030303030303030304;0.17391304347826086;0.07142857142857142;0.13664596273291924;0.08695652173913043;0.2974137931034483;0.15637860082304528;0.2222222222222222;0.041666666666666664;0.1;0.16666666666666666;0.15625;0.2;0.24358974358974358;0.19318181818181818;0.09090909090909091;0.0;0.2631578947368421;0.17500000000000002;0.31428571428571433;0.13513513513513514;0.12244897959183673;0.24561403508771928;0.2127659574468085;0.15625;0.24299065420560745;0.16666666666666669;0.13978494623655915;0.06666666666666667;0.2571428571428572;0.16923076923076924;0.216;0.06666666666666667;0.3333333333333333;0.09523809523809523;0.2040816326530612;0.20652173913043478;0.25;0.36170212765957444;0.3;0.1626016260162602;0.19815668202764977;0.05263157894736842;0.2;0.12;0.2413793103448276;0.25;0.3;0.18421052631578946;0.0625;0.34259259259259256;0.19651741293532338;0.046153846153846156;0.13934426229508198;0.3783783783783784;0.291304347826087;0.0273972602739726
0.0;1.0;0.0;0.0;1.0;0.0;1.0;0.19444444444444448;1.0;0.4;0.030303030303030304;0.23076923076923078;0.10256410256410259;0.0;0.0;0.0;0.0;0.0;0.0;0.0;0.07964601769911504;0.05263157894736842;0.0;0.10497237569060773;0.13636363636363635;0.0625;0.0;0.0;0.17391304347826086;0.07142857142857142;0.05590062111801242;0.043478260869565216;0.15086206896551724;0.06584362139917696;0.015873015873015872;0.041666666666666664;0.09333333333333334;0.16666666666666666;0.0625;0.2;0.10897435897435898;0.10227272727272728;0.09090909090909091;0.0;0.15789473684210525;0.07500000000000001;0.10476190476190478;0.07207207207207207;0.0;0.017543859649122806;0.10638297872340426;0.015625;0.11214953271028036;0.12121212121212122;0.06451612903225806;0.03333333333333333;0.057142857142857155;0.06923076923076923;0.048;0.2;0.16666666666666666;0.09523809523809523;0.1020408163265306;0.09782608695652173;0.1111111111111111;0.07801418439716312;0.1;0.016260162601626018;0.06451612903225806;0.021052631578947368;0.06666666666666667;0.0;0.07836990595611285;0.16964285714285712;0.14;0.13157894736842105;0.0625;0.06481481481481481;0.09950248756218906;0.09230769230769231;0.04918032786885246;0.16216216216216217;0.13043478260869565;0.0273972602739726
0.0;1.0;1.0;1.0;0.0;0.0;0.0;0.3333333333333333;1.0;0.2;0.030303030303030304;0.07692307692307693;0.2094017094017094;0.0;0.0;0.0;0.0;0.0;0.0;0.0;0.2654867256637168;0.42105263157894735;0.1875;0.56353591160221;0.030303030303030304;0.0;0.0;0.0;0.13043478260869565;0.07142857142857142;0.23602484472049687;0.08695652173913043;0.30603448275862066;0.3045267489711934;0.20634920634920634;0.08333333333333333;0.17333333333333334;0.16666666666666666;0.21875;0.4;0.4358974358974359;0.06818181818181818;0.09090909090909091;0.0;0.03508771929824561;0.05;0.1619047619047619;0.2882882882882883;0.26530612244897955;0.17543859649122806;0.0425531914893617;0.046875;0.22429906542056072;0.3181818181818182;0.3118279569892473;0.1;0.18095238095238098;0.11538461538461539;0.04;0.26666666666666666;0.3333333333333333;0.19047619047619047;0.19387755102040816;0.46739130434782605;0.08333333333333333;0.36170212765957444;0.1;0.032520325203252036;0.3087557603686636;0.042105263157894736;0.06666666666666667;0.28;0.41379310344827586;0.21428571428571427;0.02;0.0;0.0;0.14814814814814814;0.3407960199004975;0.1076923076923077;0.09836065573770492;0.472972972972973;0.391304347826087;0.0
0.0;1.0;0.0;0.0;0.0;0.0;0.0;0.3611111111111111;0.0;0.0;0.0;0.0;0.2008547008547009;0.0;1.0;0.0;0.0;0.0;0.0;1.0;0.02654867256637168;0.07894736842105263;0.020833333333333332;0.06077348066298342;0.10606060606060606;0.0625;0.07142857142857142;0.0;0.0;0.07142857142857142;0.043478260869565216;0.043478260869565216;0.07327586206896551;0.0617283950617284;0.047619047619047616;0.0;0.060000000000000005;0.0;0.125;0.0;0.05769230769230769;0.09090909090909091;0.0;0.0;0.05263157894736842;0.025;0.05714285714285715;0.04954954954954955;0.1020408163265306;0.07017543859649122;0.031914893617021274;0.046875;0.009345794392523364;0.06060606060606061;0.048387096774193554;0.03333333333333333;0.12380952380952384;0.038461538461538464;0.048;0.13333333333333333;0.16666666666666666;0.14285714285714285;0.11224489795918366;0.08695652173913043;0.05555555555555555;0.06382978723404255;0.06666666666666667;0.04065040650406505;0.07373271889400922;0.031578947368421054;0.0;0.0;0.04702194357366771;0.15178571428571427;0.04;0.02631578947368421;0.0625;0.05555555555555555;0.05970149253731344;0.015384615384615385;0.03278688524590164;0.06756756756756757;0.05652173913043478;0.0136986301369863
0.0;0.0;0.0;1.0;0.0;0.0;0.0;0.2222222222222222;1.0;0.2;0.030303030303030304;0.07692307692307693;0.17094017094017097;0.0;1.0;0.0;0.0;0.0;0.0;1.0;0.20353982300884954;0.18421052631578946;0.10416666666666666;0.3149171270718232;0.24242424242424243;0.0;0.07142857142857142;0.0;0.08695652173913043;0.07142857142857142;0.16770186335403725;0.17391304347826086;0.21982758620689655;0.21810699588477367;0.2222222222222222;0.0;0.22;0.0;0.125;0.0;0.28205128205128205;0.14772727272727273;0.09090909090909091;0.5;0.15789473684210525;0.07500000000000001;0.10476190476190478;0.22072072072072071;0.22448979591836732;0.24561403508771928;0.031914893617021274;0.078125;0.07476635514018691;0.2878787878787879;0.20967741935483872;0.2;0.20000000000000004;0.08461538461538462;0.07200000000000001;0.3333333333333333;0.25;0.14285714285714285;0.1020408163265306;0.32608695652173914;0.19444444444444442;0.3404255319148936;0.08333333333333333;0.13008130081300814;0.2304147465437788;0.042105263157894736;0.06666666666666667;0.2;0.2476489028213166;0.26785714285714285;0.16;0.07894736842105263;0.0;0.14814814814814814;0.24129353233830847;0.09230769230769231;0.0819672131147541;0.31081081081081086;0.28260869565217395;0.0
0.0;1.0;0.0;0.0;0.0;0.0;0.0;0.47222222222222227;0.0;0.0;0.0;0.0;0.32051282051282054;0.0;1.0;0.0;0.0;0.0;0.0;1.0;0.24778761061946902;0.2894736842105263;0.08333333333333333;0.4088397790055249;0.2878787878787879;0.21875;0.07142857142857142;0.0;0.2608695652173913;0.07142857142857142;0.27329192546583847;0.13043478260869565;0.3146551724137931;0.3539094650205762;0.15873015873015872;0.041666666666666664;0.19333333333333336;0.0;0.25;0.0;0.33974358974358976;0.2272727272727273;0.18181818181818182;0.0;0.2807017543859649;0.07500000000000001;0.34285714285714286;0.3108108108108108;0.1020408163265306;0.19298245614035087;0.14893617021276595;0.046875;0.205607476635514;0.3484848484848485;0.25268817204301075;0.13333333333333333;0.380952380952381;0.13076923076923078;0.128;0.3333333333333333;0.16666666666666666;0.2857142857142857;0.19387755102040816;0.40217391304347827;0.08333333333333333;0.3475177304964539;0.18333333333333332;0.21951219512195125;0.3824884792626728;0.06315789473684211;0.13333333333333333;0.16;0.35423197492163006;0.3571428571428571;0.3;0.15789473684210525;0.125;0.3333333333333333;0.31840796019900497;0.15384615384615385;0.1721311475409836;0.14864864864864866;0.2782608695652174;0.0547945205479452
0.0;0.0;0.0;1.0;1.0;0.0;1.0;0.19444444444444448;0.0;0.0;0.12121212121212122;0.15384615384615385;0.04273504273504274;0.0;0.0;0.0;0.0;0.0;0.0;0.0;0.09734513274336283;0.13157894736842105;0.041666666666666664;0.26519337016574585;0.07575757575757576;0.03125;0.0;0.0;0.08695652173913043;0.07142857142857142;0.08695652173913043;0.08695652173913043;0.17672413793103448;0.14814814814814817;0.07936507936507936;0.041666666666666664;0.12000000000000001;0.0;0.15625;0.0;0.20512820512820512;0.10227272727272728;0.2727272727272727;0.0;0.08771929824561403;0.05;0.14285714285714288;0.16216216216216217;0.02040816326530612;0.10526315789473684;0.0425531914893617;0.0625;0.102803738317757;0.18181818181818182;0.12365591397849464;0.1;0.18095238095238098;0.06923076923076923;0.04;0.06666666666666667;0.0;0.047619047619047616;0.11224489795918366;0.17391304347826086;0.08333333333333333;0.23404255319148934;0.1;0.04878048780487805;0.15207373271889402;0.05263157894736842;0.0;0.0;0.20689655172413793;0.13392857142857142;0.0;0.02631578947368421;0.0;0.12037037037037036;0.15920398009950248;0.046153846153846156;0.05737704918032787;0.10810810810810811;0.14347826086956522;0.0
0.0;1.0;0.0;0.0;1.0;0.0;0.0;0.25;1.0;0.4;0.030303030303030304;0.15384615384615385;0.06837606837606838;0.0;0.0;0.0;0.0;0.0;0.0;0.0;0.1415929203539823;0.0;0.10416666666666666;0.14364640883977903;0.06060606060606061;0.03125;0.0;0.0;0.043478260869565216;0.07142857142857142;0.14285714285714285;0.043478260869565216;0.07327586206896551;0.1234567901234568;0.1111111111111111;0.0;0.10666666666666667;0.0;0.0625;0.0;0.1282051282051282;0.06818181818181818;0.0;0.0;0.03508771929824561;0.0;0.0380952380952381;0.11261261261261261;0.2040816326530612;0.03508771929824561;0.031914893617021274;0.015625;0.04672897196261682;0.045454545454545456;0.15591397849462366;0.13333333333333333;0.0761904761904762;0.05384615384615385;0.016;0.0;0.08333333333333333;0.047619047619047616;0.02040816326530612;0.16304347826086957;0.0;0.1631205673758865;0.016666666666666666;0.0;0.11059907834101382;0.021052631578947368;0.06666666666666667;0.12;0.1128526645768025;0.10714285714285714;0.1;0.05263157894736842;0.0;0.009259259259259259;0.11940298507462688;0.0;0.07377049180327869;0.02702702702702703;0.04782608695652174;0.0684931506849315
0.0;0.0;0.0;1.0;1.0;0.0;0.0;0.16666666666666669;0.0;0.0;0.06060606060606061;0.07692307692307693;0.08119658119658121;0.0;1.0;0.0;0.0;0.0;0.0;1.0;0.1415929203539823;0.23684210526315788;0.10416666666666666;0.2430939226519337;0.25757575757575757;0.15625;0.0;0.09090909090909091;0.34782608695652173;0.07142857142857142;0.14285714285714285;0.30434782608695654;0.23706896551724138;0.1934156378600823;0.19047619047619047;0.0;0.18666666666666668;0.0;0.125;0.0;0.23717948717948717;0.17045454545454547;0.09090909090909091;0.0;0.24561403508771928;0.07500000000000001;0.2761904761904762;0.13513513513513514;0.08163265306122448;0.2631578947368421;0.1276595744680851;0.0625;0.18691588785046728;0.15151515151515152;0.12365591397849464;0.16666666666666666;0.2761904761904762;0.1076923076923077;0.128;0.13333333333333333;0.16666666666666666;0.14285714285714285;0.2346938775510204;0.22826086956521738;0.05555555555555555;0.19148936170212766;0.26666666666666666;0.17073170731707318;0.2764976958525346;0.031578947368421054;0.13333333333333333;0.24;0.20689655172413793;0.33928571428571425;0.18;0.18421052631578946;0.0625;0.2685185185185185;0.19900497512437812;0.09230769230769231;0.09016393442622951;0.08108108108108109;0.06521739130434782;0.684931506849315
0.0;0.0;0.0;0.0;1.0;0.0;0.0;0.25;0.0;0.0;0.030303030303030304;0.0;0.22222222222222224;1.0;1.0;0.0;1.0;0.0;1.0;1.0;0.07964601769911504;0.02631578947368421;0.020833333333333332;0.09944751381215469;0.06060606060606061;0.0;0.0;0.0;0.043478260869565216;0.14285714285714285;0.05590062111801242;0.08695652173913043;0.08189655172413793;0.06995884773662552;0.031746031746031744;0.0;0.07333333333333333;0.0;0.03125;0.0;0.02564102564102564;0.07954545454545454;0.18181818181818182;0.0;0.08771929824561403;0.025;0.04761904761904762;0.06756756756756757;0.04081632653061224;0.10526315789473684;0.0425531914893617;0.0;0.06542056074766354;0.06060606060606061;0.05913978494623656;0.0;0.1142857142857143;0.038461538461538464;0.04;0.0;0.16666666666666666;0.0;0.08163265306122448;0.08695652173913043;0.0;0.07092198581560284;0.08333333333333333;0.0975609756097561;0.08294930875576037;0.010526315789473684;0.0;0.04;0.07523510971786833;0.09821428571428571;0.04;0.0;0.0625;0.07407407407407407;0.062189054726368154;0.0;0.02459016393442623;0.04054054054054054;0.043478260869565216;0.0821917808219178
0.0;1.0;0.0;1.0;1.0;1.0;0.0;0.3333333333333333;1.0;0.6000000000000001;0.15151515151515152;0.0;0.32905982905982906;0.0;1.0;0.0;0.0;0.0;0.0;1.0;0.4070796460176991;0.13157894736842105;0.14583333333333331;0.36464088397790057;0.30303030303030304;0.28125;0.14285714285714285;0.030303030303030304;0.30434782608695654;0.14285714285714285;0.2608695652173913;0.13043478260869565;0.41379310344827586;0.31275720164609055;0.14285714285714285;0.125;0.2066666666666667;0.3333333333333333;0.5;0.4;0.3782051282051282;0.34090909090909094;0.4545454545454546;0.5;0.49122807017543857;0.07500000000000001;0.17142857142857143;0.31981981981981983;0.16326530612244897;0.38596491228070173;0.1276595744680851;0.0625;0.16822429906542055;0.2727272727272727;0.33870967741935487;0.23333333333333334;0.4285714285714286;0.15384615384615385;0.136;0.26666666666666666;0.0;0.2857142857142857;0.22448979591836732;0.31521739130434784;0.1388888888888889;0.375886524822695;0.3333333333333333;0.2682926829268293;0.3456221198156682;0.10526315789473684;0.26666666666666666;0.36;0.4075235109717868;0.27678571428571425;0.38;0.21052631578947367;0.0625;0.2685185185185185;0.3656716417910448;0.1076923076923077;0.14754098360655737;0.43243243243243246;0.42608695652173917;0.0
0.0;0.0;0.0;1.0;1.0;0.0;0.0;0.16666666666666669;0.0;0.0;0.0;0.0;0.1452991452991453;0.0;1.0;0.0;1.0;0.0;1.0;1.0;0.05309734513274336;0.02631578947368421;0.0;0.11049723756906077;0.13636363636363635;0.09375;0.0;0.0;0.08695652173913043;0.0;0.06832298136645962;0.043478260869565216;0.14655172413793102;0.09876543209876544;0.06349206349206349;0.0;0.05333333333333334;0.3333333333333333;0.1875;0.0;0.10256410256410256;0.10227272727272728;0.18181818181818182;0.0;0.12280701754385964;0.025;0.09523809523809525;0.0945945945945946;0.04081632653061224;0.12280701754385964;0.02127659574468085;0.078125;0.08411214953271028;0.10606060606060606;0.08602150537634409;0.1;0.13333333333333336;0.07692307692307693;0.016;0.13333333333333333;0.16666666666666666;0.19047619047619047;0.13265306122448978;0.10869565217391304;0.16666666666666666;0.1631205673758865;0.06666666666666667;0.0975609756097561;0.12442396313364056;0.010526315789473684;0.06666666666666667;0.12;0.14106583072100315;0.10714285714285714;0.08;0.13157894736842105;0.0;0.16666666666666666;0.09701492537313433;0.07692307692307693;0.05737704918032787;0.04054054054054054;0.07391304347826087;0.1095890410958904
0.0;1.0;0.0;1.0;0.0;1.0;1.0;0.49999999999999994;1.0;0.2;0.06060606060606061;0.07692307692307693;0.11538461538461539;1.0;1.0;0.0;1.0;0.0;1.0;1.0;0.1504424778761062;0.15789473684210525;0.16666666666666666;0.2154696132596685;0.3181818181818182;0.09375;0.0;0.12121212121212122;0.08695652173913043;0.07142857142857142;0.13664596273291924;0.08695652173913043;0.27155172413793105;0.21399176954732513;0.047619047619047616;0.0;0.14666666666666667;0.0;0.375;0.2;0.23076923076923075;0.14772727272727273;0.18181818181818182;0.0;0.38596491228070173;0.07500000000000001;0.18095238095238098;0.17117117117117117;0.061224489795918366;0.15789473684210525;0.10638297872340426;0.0625;0.17757009345794392;0.24242424242424243;0.15053763440860216;0.03333333333333333;0.24761904761904766;0.15384615384615385;0.28;0.2;0.16666666666666666;0.19047619047619047;0.1530612244897959;0.31521739130434784;0.2222222222222222;0.21985815602836878;0.35;0.21138211382113822;0.3087557603686636;0.06315789473684211;0.06666666666666667;0.24;0.23824451410658307;0.24107142857142855;0.28;0.15789473684210525;0.125;0.21296296296296297;0.22388059701492538;0.09230769230769231;0.09836065573770492;0.02702702702702703;0.07826086956521738;0.2328767123287671
0.0;1.0;0.0;0.0;1.0;0.0;0.0;0.3888888888888889;1.0;0.4;0.15151515151515152;0.23076923076923078;0.2863247863247863;0.0;1.0;0.0;1.0;0.0;0.0;1.0;0.16814159292035397;0.2631578947368421;0.16666666666666666;0.23204419889502764;0.06060606060606061;0.15625;0.0;0.0;0.0;0.0;0.16770186335403725;0.13043478260869565;0.14224137931034483;0.20164609053497945;0.19047619047619047;0.0;0.15333333333333335;0.16666666666666666;0.15625;0.0;0.22435897435897434;0.07954545454545454;0.09090909090909091;0.0;0.17543859649122806;0.0;0.06666666666666668;0.1981981981981982;0.2040816326530612;0.10526315789473684;0.02127659574468085;0.03125;0.04672897196261682;0.18181818181818182;0.19892473118279572;0.3;0.21904761904761907;0.03076923076923077;0.152;0.0;0.08333333333333333;0.0;0.1020408163265306;0.25;0.0;0.21276595744680848;0.08333333333333333;0.05691056910569106;0.2073732718894009;0.021052631578947368;0.0;0.36;0.2225705329153605;0.13392857142857142;0.14;0.15789473684210525;0.0;0.10185185185185185;0.19402985074626866;0.06153846153846154;0.11475409836065574;0.10810810810810811;0.20869565217391303;0.0
0.0;1.0;0.0;0.0;1.0;0.0;0.0;0.3611111111111111;0.0;0.0;0.0;0.0;0.2307692307692308;0.0;0.0;0.0;0.0;0.0;0.0;0.0;0.2831858407079646;0.07894736842105263;0.2708333333333333;0.30939226519337015;0.15151515151515152;0.09375;0.0;0.0;0.08695652173913043;0.07142857142857142;0.21739130434782608;0.13043478260869565;0.1939655172413793;0.2469135802469136;0.15873015873015872;0.041666666666666664;0.16;0.0;0.0625;0.0;0.28205128205128205;0.06818181818181818;0.2727272727272727;0.0;0.07017543859649122;0.0;0.04761904761904762;0.25675675675675674;0.22448979591836732;0.10526315789473684;0.031914893617021274;0.015625;0.12149532710280372;0.19696969696969696;0.2795698924731183;0.26666666666666666;0.14285714285714288;0.06923076923076923;0.128;0.2;0.3333333333333333;0.09523809523809523;0.08163265306122448;0.22826086956521738;0.08333333333333333;0.2695035460992908;0.21666666666666667;0.05691056910569106;0.29493087557603687;0.042105263157894736;0.0;0.56;0.3228840125391849;0.05357142857142857;0.1;0.10526315789473684;0.125;0.08333333333333333;0.2512437810945274;0.07692307692307693;0.1557377049180328;0.20270270270270271;0.2956521739130435;0.0
0.0;0.0;0.0;0.0;0.0;0.0;0.0;0.19444444444444448;1.0;0.4;0.06060606060606061;0.07692307692307693;0.1495726495726496;0.0;1.0;0.0;1.0;0.0;1.0;1.0;0.07964601769911504;0.10526315789473684;0.0625;0.13812154696132595;0.21212121212121213;0.1875;0.21428571428571427;0.09090909090909091;0.08695652173913043;0.0;0.10559006211180123;0.0;0.2543103448275862;0.13991769547325103;0.047619047619047616;0.0;0.14;0.3333333333333333;0.25;0.0;0.21153846153846154;0.13636363636363635;0.09090909090909091;0.0;0.24561403508771928;0.1;0.14285714285714288;0.11261261261261261;0.061224489795918366;0.24561403508771928;0.1276595744680851;0.09375;0.102803738317757;0.2727272727272727;0.08602150537634409;0.03333333333333333;0.26666666666666666;0.08461538461538462;0.128;0.26666666666666666;0.25;0.09523809523809523;0.19387755102040816;0.15217391304347827;0.3055555555555555;0.23404255319148934;0.2833333333333333;0.17073170731707318;0.14285714285714285;0.07368421052631578;0.13333333333333333;0.2;0.17868338557993732;0.24107142857142855;0.22;0.3157894736842105;0.0625;0.17592592592592593;0.1791044776119403;0.12307692307692308;0.12295081967213116;0.0945945945945946;0.0608695652173913;0.410958904109589
0.0;0.0;0.0;0.0;1.0;0.0;0.0;0.3333333333333333;0.0;0.0;0.0;0.0;0.15811965811965814;0.0;0.0;0.0;0.0;0.0;0.0;0.0;0.3274336283185841;0.18421052631578946;0.20833333333333331;0.43646408839779005;0.09090909090909091;0.0;0.0;0.0;0.13043478260869565;0.0;0.3913043478260869;0.08695652173913043;0.19827586206896552;0.32510288065843623;0.3968253968253968;0.0;0.3066666666666667;0.3333333333333333;0.25;0.0;0.4487179487179487;0.10227272727272728;0.0;0.0;0.17543859649122806;0.07500000000000001;0.08571428571428572;0.32432432432432434;0.3877551020408163;0.15789473684210525;0.05319148936170213;0.03125;0.102803738317757;0.2878787878787879;0.32795698924731187;0.5666666666666667;0.21904761904761907;0.023076923076923078;0.048;0.06666666666666667;0.25;0.09523809523809523;0.1530612244897959;0.4782608695652174;0.16666666666666666;0.43971631205673756;0.08333333333333333;0.0813008130081301;0.391705069124424;0.0;0.0;0.16;0.41692789968652033;0.14285714285714285;0.0;0.13157894736842105;0.0;0.12037037037037036;0.3283582089552239;0.09230769230769231;0.19672131147540983;0.5675675675675675;0.37826086956521743;0.0
0.0;0.0;1.0;1.0;0.0;0.0;0.0;0.4444444444444445;0.0;0.0;0.0;0.0;0.15811965811965814;1.0;1.0;0.0;1.0;0.0;1.0;1.0;0.1504424778761062;0.02631578947368421;0.020833333333333332;0.13259668508287292;0.21212121212121213;0.125;0.0;0.0;0.043478260869565216;0.07142857142857142;0.10559006211180123;0.08695652173913043;0.13793103448275862;0.1440329218106996;0.07936507936507936;0.041666666666666664;0.060000000000000005;0.16666666666666666;0.0625;0.0;0.1858974358974359;0.10227272727272728;0.2727272727272727;0.0;0.08771929824561403;0.0;0.1142857142857143;0.13063063063063063;0.08163265306122448;0.08771929824561403;0.06382978723404255;0.03125;0.11214953271028036;0.10606060606060606;0.12365591397849464;0.13333333333333333;0.13333333333333336;0.06923076923076923;0.112;0.06666666666666667;0.16666666666666666;0.047619047619047616;0.14285714285714285;0.16304347826086957;0.027777777777777776;0.10638297872340426;0.13333333333333333;0.13821138211382114;0.14285714285714285;0.05263157894736842;0.0;0.08;0.12852664576802508;0.16964285714285712;0.22;0.05263157894736842;0.0;0.08333333333333333;0.14427860696517414;0.015384615384615385;0.06557377049180328;0.02702702702702703;0.08695652173913043;0.0821917808219178
0.0;1.0;1.0;1.0;1.0;0.0;1.0;0.3333333333333333;1.0;0.2;0.09090909090909091;0.23076923076923078;0.13675213675213677;0.0;1.0;0.0;0.0;0.0;0.0;1.0;0.1327433628318584;0.21052631578947367;0.20833333333333331;0.32044198895027626;0.10606060606060606;0.0;0.0;0.0;0.08695652173913043;0.0;0.21118012422360247;0.13043478260869565;0.1896551724137931;0.21399176954732513;0.1746031746031746;0.041666666666666664;0.2066666666666667;0.16666666666666666;0.1875;0.0;0.24358974358974358;0.05681818181818182;0.18181818181818182;0.0;0.12280701754385964;0.0;0.08571428571428572;0.24324324324324323;0.14285714285714285;0.19298245614035087;0.031914893617021274;0.015625;0.09345794392523364;0.16666666666666669;0.20967741935483872;0.16666666666666666;0.17142857142857146;0.03076923076923077;0.04;0.0;0.08333333333333333;0.23809523809523808;0.14285714285714285;0.30434782608695654;0.1111111111111111;0.2836879432624113;0.15;0.024390243902439025;0.2350230414746544;0.042105263157894736;0.13333333333333333;0.28;0.2915360501567398;0.09821428571428571;0.04;0.02631578947368421;0.0;0.14814814814814814;0.21393034825870647;0.18461538461538463;0.1639344262295082;0.04054054054054054;0.17391304347826086;0.136986301369863
0.0;0.0;0.0;0.0;0.0;0.0;0.0;0.25;0.0;0.0;0.0;0.0;0.16239316239316243;0.0;0.0;0.0;0.0;0.0;0.0;0.0;0.061946902654867256;0.23684210526315788;0.041666666666666664;0.22099447513812154;0.045454545454545456;0.0;0.0;0.030303030303030304;0.0;0.0;0.14906832298136646;0.08695652173913043;0.10775862068965517;0.1234567901234568;0.15873015873015872;0.0;0.12000000000000001;0.0;0.0625;0.0;0.10256410256410256;0.11363636363636365;0.18181818181818182;0.0;0.08771929824561403;0.0;0.04761904761904762;0.13063063063063063;0.1020408163265306;0.15789473684210525;0.02127659574468085;0.015625;0.06542056074766354;0.16666666666666669;0.10752688172043012;0.2;0.10476190476190478;0.023076923076923078;0.024;0.0;0.0;0.0;0.13265306122448978;0.17391304347826086;0.05555555555555555;0.22695035460992907;0.05;0.04065040650406505;0.11981566820276497;0.021052631578947368;0.0;0.12;0.1724137931034483;0.07142857142857142;0.02;0.05263157894736842;0.0;0.1111111111111111;0.11940298507462688;0.03076923076923077;0.06557377049180328;0.08108108108108109;0.1565217391304348;0.0410958904109589
1.0;0.0;0.0;1.0;0.0;0.0;0.0;0.19444444444444448;1.0;0.2;0.06060606060606061;0.07692307692307693;0.2307692307692308;0.0;1.0;0.0;0.0;0.0;0.0;1.0;0.061946902654867256;0.10526315789473684;0.08333333333333333;0.1270718232044199;0.09090909090909091;0.0625;0.0;0.0;0.13043478260869565;0.0;0.08074534161490683;0.0;0.125;0.13168724279835392;0.031746031746031744;0.0;0.09333333333333334;0.0;0.09375;0.0;0.17307692307692307;0.07954545454545454;0.18181818181818182;0.0;0.21052631578947367;0.07500000000000001;0.05714285714285715;0.08558558558558559;0.04081632653061224;0.14035087719298245;0.09574468085106383;0.078125;0.08411214953271028;0.12121212121212122;0.07526881720430108;0.06666666666666667;0.14285714285714288;0.12307692307692308;0.088;0.0;0.0;0.047619047619047616;0.12244897959183673;0.06521739130434782;0.1388888888888889;0.1276595744680851;0.05;0.016260162601626018;0.05529953917050691;0.031578947368421054;0.06666666666666667;0.04;0.12225705329153604;0.17857142857142855;0.06;0.07894736842105263;0.0625;0.14814814814814814;0.1044776119402985;0.03076923076923077;0.04918032786885246;0.21621621621621623;0.15217391304347827;0.0
0.0;0.0;0.0;0.0;0.0;0.0;0.0;0.1388888888888889;0.0;0.0;0.0;0.0;0.1837606837606838;1.0;1.0;0.0;1.0;0.0;0.0;1.0;0.2831858407079646;0.3421052631578947;0.10416666666666666;0.3370165745856354;0.24242424242424243;0.09375;0.0;0.12121212121212122;0.2608695652173913;0.07142857142857142;0.16149068322981366;0.17391304347826086;0.3275862068965517;0.2757201646090535;0.14285714285714285;0.0;0.16666666666666669;0.16666666666666666;0.5625;0.0;0.34615384615384615;0.2727272727272727;0.36363636363636365;0.0;0.24561403508771928;0.0;0.2;0.23423423423423423;0.1020408163265306;0.3333333333333333;0.09574468085106383;0.078125;0.23364485981308408;0.2272727272727273;0.17204301075268819;0.23333333333333334;0.380952380952381;0.11538461538461539;0.248;0.13333333333333333;0.08333333333333333;0.3333333333333333;0.26530612244897955;0.2934782608695652;0.1388888888888889;0.21276595744680848;0.3833333333333333;0.21138211382113822;0.31336405529953915;0.07368421052631578;0.06666666666666667;0.36;0.329153605015674;0.36607142857142855;0.1;0.15789473684210525;0.125;0.2222222222222222;0.30597014925373134;0.12307692307692308;0.13934426229508198;0.13513513513513514;0.09565217391304348;1.0
0.0;0.0;0.0;1.0;0.0;0.0;0.0;0.2222222222222222;1.0;0.2;0.15151515151515152;0.15384615384615385;0.0982905982905983;0.0;1.0;0.0;0.0;0.0;0.0;1.0;0.1327433628318584;0.21052631578947367;0.125;0.22651933701657456;0.13636363636363635;0.09375;0.07142857142857142;0.0;0.0;0.07142857142857142;0.17391304347826086;0.13043478260869565;0.23706896551724138;0.1769547325102881;0.20634920634920634;0.0;0.24000000000000002;0.0;0.21875;0.2;0.25;0.07954545454545454;0.09090909090909091;0.0;0.12280701754385964;0.07500000000000001;0.09523809523809525;0.22072072072072071;0.16326530612244897;0.17543859649122806;0.05319148936170213;0.03125;0.102803738317757;0.2727272727272727;0.16129032258064518;0.16666666666666666;0.26666666666666666;0.05384615384615385;0.08;0.06666666666666667;0.08333333333333333;0.047619047619047616;0.13265306122448978;0.31521739130434784;0.08333333333333333;0.2624113475177305;0.15;0.13008130081300814;0.21658986175115208;0.07368421052631578;0.06666666666666667;0.12;0.2507836990595611;0.24107142857142855;0.06;0.15789473684210525;0.125;0.1111111111111111;0.23383084577114427;0.12307692307692308;0.1639344262295082;0.21621621621621623;0.2739130434782609;0.0
0.0;1.0;0.0;1.0;1.0;1.0;1.0;0.25;1.0;0.2;0.15151515151515152;0.15384615384615385;0.1324786324786325;0.0;0.0;0.0;0.0;0.0;0.0;0.0;0.22123893805309736;0.13157894736842105;0.14583333333333331;0.2928176795580111;0.12121212121212122;0.03125;0.0;0.0;0.21739130434782608;0.07142857142857142;0.16770186335403725;0.13043478260869565;0.21551724137931033;0.2469135802469136;0.15873015873015872;0.0;0.15333333333333335;0.0;0.125;0.0;0.30128205128205127;0.10227272727272728;0.09090909090909091;0.0;0.17543859649122806;0.025;0.13333333333333336;0.23423423423423423;0.2040816326530612;0.15789473684210525;0.09574468085106383;0.015625;0.14018691588785046;0.2727272727272727;0.25268817204301075;0.1;0.21904761904761907;0.07692307692307693;0.096;0.26666666666666666;0.08333333333333333;0.19047619047619047;0.12244897959183673;0.2391304347826087;0.1111111111111111;0.2695035460992908;0.2;0.024390243902439025;0.2672811059907834;0.06315789473684211;0.06666666666666667;0.16;0.28840125391849525;0.19642857142857142;0.1;0.02631578947368421;0.0;0.17592592592592593;0.23880597014925375;0.15384615384615385;0.14754098360655737;0.1891891891891892;0.28260869565217395;0.0
0.0;0.0;1.0;1.0;0.0;0.0;0.0;0.2777777777777778;0.0;0.0;0.0;0.0;0.17094017094017097;0.0;0.0;0.0;0.0;0.0;0.0;0.0;0.24778761061946902;0.3157894736842105;0.16666666666666666;0.2596685082872928;0.4090909090909091;0.25;0.2857142857142857;0.2727272727272727;0.34782608695652173;0.14285714285714285;0.18633540372670807;0.08695652173913043;0.3318965517241379;0.24279835390946505;0.20634920634920634;0.16666666666666666;0.18000000000000002;0.5;0.4375;0.2;0.28205128205128205;0.25;0.4545454545454546;1.0;0.40350877192982454;0.1;0.2571428571428572;0.24324324324324323;0.08163265306122448;0.2982456140350877;0.11702127659574468;0.03125;0.205607476635514;0.21212121212121213;0.20430107526881722;0.3333333333333333;0.3047619047619048;0.11538461538461539;0.32;0.13333333333333333;0.5;0.42857142857142855;0.2346938775510204;0.2717391304347826;0.19444444444444442;0.2907801418439716;0.25;0.3252032520325204;0.22119815668202764;0.16842105263157894;0.0;0.24;0.2476489028213166;0.4107142857142857;0.46;0.5;0.4375;0.18518518518518517;0.30845771144278605;0.1076923076923077;0.12295081967213116;0.17567567567567569;0.3086956521739131;0.0410958904109589
0.0;0.0;0.0;0.0;0.0;0.0;0.0;0.3611111111111111;1.0;0.2;0.09090909090909091;0.07692307692307693;0.27350427350427353;1.0;1.0;0.0;1.0;0.0;0.0;1.0;0.16814159292035397;0.18421052631578946;0.08333333333333333;0.1270718232044199;0.36363636363636365;0.40625;0.21428571428571427;0.4545454545454546;0.21739130434782608;0.14285714285714285;0.17391304347826086;0.08695652173913043;0.3017241379310345;0.23868312757201648;0.047619047619047616;0.041666666666666664;0.16666666666666669;0.3333333333333333;0.625;0.2;0.2692307692307692;0.14772727272727273;0.2727272727272727;0.0;0.5789473684210527;0.225;0.2285714285714286;0.14414414414414414;0.0;0.3157894736842105;0.14893617021276595;0.09375;0.2523364485981308;0.2272727272727273;0.19354838709677422;0.03333333333333333;0.2761904761904762;0.1076923076923077;0.28;0.6;0.16666666666666666;0.47619047619047616;0.4183673469387755;0.18478260869565216;0.19444444444444442;0.19858156028368792;0.18333333333333332;0.3170731707317074;0.19815668202764977;0.17894736842105263;0.13333333333333333;0.08;0.20376175548589343;0.4464285714285714;0.3;0.5526315789473684;0.5;0.31481481481481477;0.2288557213930348;0.16923076923076924;0.19672131147540983;0.17567567567567569;0.19130434782608696;0.1095890410958904
0.0;0.0;0.0;0.0;1.0;0.0;0.0;0.25;0.0;0.0;0.0;0.0;0.19230769230769235;0.0;1.0;0.0;0.0;0.0;0.0;1.0;0.3274336283185841;0.5526315789473684;0.14583333333333331;0.3701657458563536;0.3484848484848485;0.5;0.2857142857142857;0.18181818181818182;0.34782608695652173;0.14285714285714285;0.2795031055900621;0.17391304347826086;0.5086206896551724;0.3168724279835391;0.12698412698412698;0.0;0.36000000000000004;0.0;0.6875;0.4;0.5192307692307692;0.23863636363636365;0.36363636363636365;0.0;0.5438596491228069;0.125;0.2285714285714286;0.38738738738738737;0.2040816326530612;0.2982456140350877;0.14893617021276595;0.09375;0.24299065420560745;0.30303030303030304;0.34946236559139787;0.16666666666666666;0.4380952380952381;0.16923076923076924;0.232;0.26666666666666666;0.0;0.2857142857142857;0.25510204081632654;0.2934782608695652;0.1388888888888889;0.40425531914893614;0.43333333333333335;0.3008130081300813;0.42857142857142855;0.17894736842105263;0.26666666666666666;0.36;0.3667711598746081;0.5535714285714285;0.46;0.47368421052631576;0.4375;0.28703703703703703;0.4154228855721393;0.09230769230769231;0.27868852459016397;0.3648648648648649;0.31739130434782614;0.0410958904109589
0.0;0.0;0.0;0.0;0.0;0.0;1.0;0.3611111111111111;0.0;0.0;0.12121212121212122;0.07692307692307693;0.05982905982905983;0.0;0.0;0.0;0.0;0.0;0.0;0.0;0.1592920353982301;0.07894736842105263;0.020833333333333332;0.18232044198895025;0.15151515151515152;0.15625;0.0;0.0;0.13043478260869565;0.07142857142857142;0.08695652173913043;0.043478260869565216;0.14224137931034483;0.1358024691358025;0.07936507936507936;0.0;0.08666666666666667;0.0;0.0625;0.0;0.15384615384615385;0.06818181818181818;0.09090909090909091;0.0;0.12280701754385964;0.05;0.0761904761904762;0.12162162162162161;0.061224489795918366;0.08771929824561403;0.05319148936170213;0.078125;0.07476635514018691;0.10606060606060606;0.13440860215053765;0.06666666666666667;0.14285714285714288;0.038461538461538464;0.088;0.13333333333333333;0.16666666666666666;0.047619047619047616;0.08163265306122448;0.25;0.05555555555555555;0.10638297872340426;0.1;0.024390243902439025;0.12903225806451613;0.06315789473684211;0.0;0.16;0.15673981191222572;0.13392857142857142;0.1;0.15789473684210525;0.0;0.12037037037037036;0.1318407960199005;0.046153846153846156;0.09836065573770492;0.24324324324324326;0.16956521739130434;0.0
0.0;0.0;0.0;0.0;0.0;0.0;0.0;0.47222222222222227;1.0;0.2;0.06060606060606061;0.0;0.14102564102564105;0.0;1.0;0.0;1.0;0.0;0.0;1.0;0.1504424778761062;0.3421052631578947;0.125;0.11602209944751381;0.25757575757575757;0.5;0.6428571428571428;0.18181818181818182;0.17391304347826086;0.14285714285714285;0.14906832298136646;0.0;0.25;0.18106995884773663;0.09523809523809523;0.041666666666666664;0.12000000000000001;0.16666666666666666;0.5;0.6000000000000001;0.23717948717948717;0.2272727272727273;0.09090909090909091;0.0;0.5263157894736842;0.125;0.2285714285714286;0.13513513513513514;0.08163265306122448;0.21052631578947367;0.1276595744680851;0.09375;0.17757009345794392;0.19696969696969696;0.10752688172043012;0.13333333333333333;0.2857142857142857;0.1076923076923077;0.2;0.3333333333333333;0.3333333333333333;0.23809523809523808;0.3061224489795918;0.20652173913043478;0.25;0.2624113475177305;0.36666666666666664;0.2601626016260163;0.17050691244239632;0.19999999999999998;0.06666666666666667;0.24;0.14420062695924765;0.33928571428571425;0.46;0.4473684210526315;0.4375;0.2222222222222222;0.19651741293532338;0.03076923076923077;0.13114754098360656;0.2567567567567568;0.26521739130434785;0.0410958904109589
0.0;1.0;1.0;1.0;1.0;0.0;0.0;0.3888888888888889;1.0;0.2;0.030303030303030304;0.07692307692307693;0.1495726495726496;0.0;1.0;1.0;0.0;1.0;1.0;1.0;0.23008849557522124;0.05263157894736842;0.4375;0.18784530386740333;0.10606060606060606;0.03125;0.0;0.0;0.21739130434782608;0.07142857142857142;0.09316770186335403;0.043478260869565216;0.2672413793103448;0.09876543209876544;0.06349206349206349;0.08333333333333333;0.10666666666666667;0.0;0.15625;0.2;0.1346153846153846;0.20454545454545456;0.09090909090909091;0.0;0.15789473684210525;0.225;0.2571428571428572;0.09009009009009009;0.1020408163265306;0.14035087719298245;0.20212765957446807;0.140625;0.2803738317757009;0.15151515151515152;0.043010752688172046;0.16666666666666666;0.12380952380952384;0.17692307692307693;0.032;0.13333333333333333;0.0;0.047619047619047616;0.25510204081632654;0.11956521739130435;0.16666666666666666;0.17730496453900707;0.1;0.024390243902439025;0.08755760368663594;0.24210526315789474;0.13333333333333333;0.0;0.2006269592476489;0.20535714285714285;0.04;0.13157894736842105;0.0;0.28703703703703703;0.13432835820895522;0.12307692307692308;0.1721311475409836;0.2972972972972973;0.2391304347826087;0.0
0.0;0.0;0.0;1.0;0.0;0.0;0.0;0.19444444444444448;1.0;0.2;0.09090909090909091;0.07692307692307693;0.07692307692307693;0.0;1.0;0.0;0.0;0.0;0.0;1.0;0.20353982300884954;0.21052631578947367;0.35416666666666663;0.23204419889502764;0.2878787878787879;0.0625;0.0;0.0;0.17391304347826086;0.07142857142857142;0.14906832298136646;0.13043478260869565;0.3448275862068966;0.13168724279835392;0.0;0.16666666666666666;0.08;0.0;0.15625;0.0;0.1923076923076923;0.1590909090909091;0.0;0.0;0.15789473684210525;0.225;0.31428571428571433;0.07657657657657657;0.1020408163265306;0.38596491228070173;0.2978723404255319;0.21875;0.32710280373831774;0.06060606060606061;0.043010752688172046;0.1;0.2761904761904762;0.3769230769230769;0.024;0.0;0.16666666666666666;0.14285714285714285;0.2755102040816326;0.22826086956521738;0.2222222222222222;0.2553191489361702;0.11666666666666667;0.07317073170731708;0.2073732718894009;0.10526315789473684;0.06666666666666667;0.04;0.22570532915360503;0.30357142857142855;0.1;0.13157894736842105;0.0;0.1111111111111111;0.236318407960199;0.1076923076923077;0.27049180327868855;0.17567567567567569;0.1826086956521739;0.136986301369863
0.0;1.0;0.0;1.0;1.0;1.0;1.0;0.47222222222222227;0.0;0.0;0.030303030303030304;0.0;0.0854700854700855;0.0;0.0;0.0;0.0;0.0;0.0;0.0;0.10619469026548672;0.07894736842105263;0.0625;0.4530386740331492;0.12121212121212122;0.0625;0.0;0.0;0.21739130434782608;0.2857142857142857;0.2795031055900621;0.21739130434782608;0.23706896551724138;0.23456790123456792;0.09523809523809523;0.041666666666666664;0.16666666666666669;0.16666666666666666;0.15625;0.0;0.24358974358974358;0.1590909090909091;0.5454545454545454;0.0;0.19298245614035087;0.1;0.1142857142857143;0.16666666666666666;0.3877551020408163;0.21052631578947367;0.10638297872340426;0.0625;0.22429906542056072;0.30303030303030304;0.17204301075268819;0.13333333333333333;0.1619047619047619;0.14615384615384616;0.04;0.13333333333333333;0.16666666666666666;0.2857142857142857;0.1530612244897959;0.2934782608695652;0.1388888888888889;0.2695035460992908;0.2;0.04878048780487805;0.25806451612903225;0.08421052631578947;0.0;0.0;0.28840125391849525;0.1607142857142857;0.14;0.02631578947368421;0.0;0.28703703703703703;0.20398009950248755;0.06153846153846154;0.14754098360655737;0.40540540540540543;0.30000000000000004;0.0
0.0;0.0;0.0;1.0;1.0;1.0;0.0;0.16666666666666669;0.0;0.0;0.06060606060606061;0.07692307692307693;0.11111111111111113;1.0;1.0;0.0;1.0;0.0;1.0;1.0;0.008849557522123894;0.02631578947368421;0.0;0.0055248618784530384;0.045454545454545456;0.0625;0.0;0.0;0.0;0.0;0.018633540372670808;0.043478260869565216;0.034482758620689655;0.01646090534979424;0.0;0.0;0.02666666666666667;0.0;0.03125;0.0;0.00641025641025641;0.011363636363636364;0.0;0.0;0.05263157894736842;0.0;0.0380952380952381;0.02252252252252252;0.0;0.017543859649122806;0.010638297872340425;0.015625;0.04672897196261682;0.030303030303030304;0.0;0.0;0.0;0.03076923076923077;0.0;0.0;0.0;0.0;0.04081632653061224;0.010869565217391304;0.0;0.02127659574468085;0.05;0.032520325203252036;0.02304147465437788;0.021052631578947368;0.06666666666666667;0.0;0.006269592476489029;0.05357142857142857;0.06;0.07894736842105263;0.0;0.06481481481481481;0.0;0.0;0.01639344262295082;0.10810810810810811;0.008695652173913045;0.0
0.0;1.0;0.0;1.0;1.0;0.0;1.0;0.2222222222222222;1.0;0.4;0.06060606060606061;0.3076923076923077;0.13675213675213677;1.0;0.0;0.0;0.0;0.0;0.0;0.0;0.2654867256637168;0.07894736842105263;0.08333333333333333;0.23204419889502764;0.24242424242424243;0.0625;0.14285714285714285;0.0;0.043478260869565216;0.07142857142857142;0.15527950310559005;0.13043478260869565;0.16810344827586207;0.23868312757201648;0.015873015873015872;0.0;0.14666666666666667;0.16666666666666666;0.0625;0.0;0.22435897435897434;0.10227272727272728;0.09090909090909091;0.0;0.15789473684210525;0.07500000000000001;0.2666666666666667;0.1036036036036036;0.26530612244897955;0.14035087719298245;0.18085106382978722;0.078125;0.2616822429906542;0.12121212121212122;0.07526881720430108;0.06666666666666667;0.13333333333333336;0.23076923076923078;0.07200000000000001;0.13333333333333333;0.08333333333333333;0.19047619047619047;0.26530612244897955;0.18478260869565216;0.2222222222222222;0.22695035460992907;0.16666666666666666;0.024390243902439025;0.21658986175115208;0.07368421052631578;0.06666666666666667;0.08;0.18808777429467086;0.27678571428571425;0.12;0.10526315789473684;0.0;0.12962962962962962;0.19651741293532338;0.09230769230769231;0.11475409836065574;0.2567567567567568;0.20869565217391303;0.0
0.0;0.0;0.0;0.0;0.0;0.0;0.0;0.16666666666666669;0.0;0.0;0.06060606060606061;0.38461538461538464;0.10256410256410259;1.0;1.0;0.0;0.0;0.0;0.0;1.0;0.2831858407079646;0.23684210526315788;0.0625;0.1602209944751381;0.2878787878787879;0.25;0.21428571428571427;0.06060606060606061;0.21739130434782608;0.14285714285714285;0.13043478260869565;0.2608695652173913;0.33620689655172414;0.11111111111111112;0.031746031746031744;0.041666666666666664;0.12000000000000001;0.0;0.15625;0.2;0.20512820512820512;0.17045454545454547;0.2727272727272727;0.0;0.42105263157894735;0.30000000000000004;0.380952380952381;0.05405405405405406;0.02040816326530612;0.3684210526315789;0.35106382978723405;0.171875;0.32710280373831774;0.09090909090909091;0.043010752688172046;0.0;0.3333333333333333;0.35384615384615387;0.10400000000000001;0.06666666666666667;0.16666666666666666;0.5714285714285714;0.31632653061224486;0.14130434782608695;0.3611111111111111;0.19858156028368792;0.3833333333333333;0.10569105691056911;0.2534562211981567;0.09473684210526316;0.2;0.04;0.13793103448275862;0.4375;0.26;0.3157894736842105;0.0;0.3055555555555555;0.17164179104477612;0.38461538461538464;0.4016393442622951;0.43243243243243246;0.24347826086956523;0.0
0.0;1.0;0.0;0.0;1.0;0.0;0.0;0.3333333333333333;1.0;0.4;0.030303030303030304;0.15384615384615385;0.25213675213675213;0.0;1.0;0.0;0.0;0.0;0.0;1.0;0.1504424778761062;0.07894736842105263;0.20833333333333331;0.16574585635359118;0.15151515151515152;0.0625;0.07142857142857142;0.0;0.043478260869565216;0.0;0.13664596273291924;0.08695652173913043;0.25;0.1358024691358025;0.047619047619047616;0.041666666666666664;0.14;0.0;0.0625;0.0;0.1794871794871795;0.2159090909090909;0.18181818181818182;0.0;0.15789473684210525;0.17500000000000002;0.29523809523809524;0.05855855855855856;0.18367346938775508;0.12280701754385964;0.2127659574468085;0.171875;0.23364485981308408;0.10606060606060606;0.048387096774193554;0.16666666666666666;0.20952380952380956;0.2;0.088;0.06666666666666667;0.0;0.14285714285714285;0.2040816326530612;0.18478260869565216;0.3333333333333333;0.19858156028368792;0.1;0.04065040650406505;0.09216589861751152;0.14736842105263157;0.13333333333333333;0.12;0.1755485893416928;0.29464285714285715;0.08;0.18421052631578946;0.0;0.18518518518518517;0.17164179104477612;0.07692307692307693;0.11475409836065574;0.6216216216216217;0.1782608695652174;0.0
0.0;1.0;1.0;1.0;1.0;1.0;0.0;0.25;1.0;0.4;0.09090909090909091;0.07692307692307693;0.07264957264957267;0.0;1.0;0.0;0.0;0.0;0.0;1.0;0.23008849557522124;0.05263157894736842;0.10416666666666666;0.2099447513812155;0.13636363636363635;0.0625;0.0;0.06060606060606061;0.043478260869565216;0.0;0.17391304347826086;0.043478260869565216;0.2672413793103448;0.08641975308641976;0.015873015873015872;0.08333333333333333;0.060000000000000005;0.0;0.03125;0.0;0.15384615384615385;0.18181818181818182;0.0;0.0;0.10526315789473684;0.15000000000000002;0.29523809523809524;0.03153153153153153;0.1020408163265306;0.12280701754385964;0.22340425531914893;0.125;0.32710280373831774;0.12121212121212122;0.043010752688172046;0.06666666666666667;0.08571428571428572;0.2230769230769231;0.0;0.4;0.16666666666666666;0.047619047619047616;0.21428571428571427;0.18478260869565216;0.1111111111111111;0.1631205673758865;0.11666666666666667;0.016260162601626018;0.041474654377880185;0.10526315789473684;0.0;0.0;0.18495297805642633;0.16964285714285712;0.1;0.13157894736842105;0.0625;0.07407407407407407;0.17661691542288557;0.13846153846153847;0.21311475409836067;0.24324324324324326;0.21304347826086956;0.0
0.0;0.0;0.0;1.0;0.0;0.0;0.0;0.2222222222222222;0.0;0.0;0.0;0.0;0.10256410256410259;0.0;1.0;0.0;0.0;0.0;0.0;1.0;0.20353982300884954;0.15789473684210525;0.3125;0.32044198895027626;0.13636363636363635;0.03125;0.0;0.030303030303030304;0.08695652173913043;0.0;0.21118012422360247;0.0;0.33620689655172414;0.12757201646090535;0.015873015873015872;0.0;0.08666666666666667;0.0;0.0625;0.0;0.22435897435897434;0.26136363636363635;0.09090909090909091;0.0;0.12280701754385964;0.15000000000000002;0.37142857142857144;0.1036036036036036;0.08163265306122448;0.22807017543859648;0.23404255319148937;0.203125;0.3364485981308411;0.09090909090909091;0.043010752688172046;0.0;0.1904761904761905;0.26153846153846155;0.024;0.13333333333333333;0.16666666666666666;0.14285714285714285;0.3061224489795918;0.22826086956521738;0.19444444444444442;0.3120567375886525;0.1;0.032520325203252036;0.14285714285714285;0.16842105263157894;0.06666666666666667;0.04;0.2695924764890282;0.15178571428571427;0.12;0.10526315789473684;0.0625;0.08333333333333333;0.23880597014925375;0.26153846153846155;0.19672131147540983;0.33783783783783783;0.2695652173913044;0.0
1.0;0.0;0.0;1.0;0.0;0.0;0.0;0.2222222222222222;0.0;0.0;0.15151515151515152;0.15384615384615385;0.14102564102564105;0.0;1.0;0.0;0.0;0.0;0.0;1.0;0.2920353982300885;0.05263157894736842;0.16666666666666666;0.30939226519337015;0.24242424242424243;0.1875;0.07142857142857142;0.0;0.3913043478260869;0.0;0.19875776397515527;0.08695652173913043;0.3706896551724138;0.15637860082304528;0.015873015873015872;0.0;0.12000000000000001;0.16666666666666666;0.1875;0.0;0.24358974358974358;0.2840909090909091;0.0;0.0;0.14035087719298245;0.225;0.48571428571428577;0.08558558558558559;0.14285714285714285;0.21052631578947367;0.28723404255319146;0.296875;0.38317757009345793;0.045454545454545456;0.03225806451612903;0.16666666666666666;0.2571428571428572;0.39230769230769236;0.032;0.2;0.16666666666666666;0.2857142857142857;0.22448979591836732;0.22826086956521738;0.25;0.24113475177304963;0.25;0.07317073170731708;0.17972350230414746;0.35789473684210527;0.13333333333333333;0.04;0.23197492163009403;0.3482142857142857;0.22;0.18421052631578946;0.0625;0.25925925925925924;0.2288557213930348;0.2;0.27868852459016397;0.5135135135135136;0.30000000000000004;0.0
0.0;1.0;1.0;1.0;1.0;0.0;1.0;0.19444444444444448;0.0;0.0;0.06060606060606061;0.15384615384615385;0.11111111111111113;0.0;1.0;0.0;0.0;0.0;0.0;1.0;0.23893805309734512;0.13157894736842105;0.625;0.34806629834254144;0.15151515151515152;0.125;0.0;0.0;0.2608695652173913;0.0;0.13664596273291924;0.17391304347826086;0.40086206896551724;0.1769547325102881;0.12698412698412698;0.041666666666666664;0.21333333333333335;0.0;0.125;0.2;0.3717948717948718;0.2272727272727273;0.2727272727272727;0.0;0.14035087719298245;0.2;0.3523809523809524;0.1981981981981982;0.18367346938775508;0.19298245614035087;0.24468085106382978;0.203125;0.24299065420560745;0.25757575757575757;0.12365591397849464;0.03333333333333333;0.4571428571428572;0.35384615384615387;0.12;0.4;0.3333333333333333;0.19047619047619047;0.336734693877551;0.20652173913043478;0.25;0.3120567375886525;0.21666666666666667;0.04878048780487805;0.391705069124424;0.031578947368421054;0.0;0.2;0.2915360501567398;0.40178571428571425;0.1;0.10526315789473684;0.0;0.25925925925925924;0.27611940298507465;0.23076923076923078;0.2213114754098361;0.6081081081081081;0.3304347826086957;0.0
0.0;0.0;0.0;0.0;0.0;0.0;0.0;0.2777777777777778;0.0;0.0;0.0;0.0;0.07264957264957267;0.0;1.0;0.0;0.0;0.0;0.0;1.0;0.2654867256637168;0.02631578947368421;0.10416666666666666;0.18784530386740333;0.2272727272727273;0.125;0.07142857142857142;0.030303030303030304;0.043478260869565216;0.0;0.10559006211180123;0.0;0.2974137931034483;0.1234567901234568;0.06349206349206349;0.0;0.16;0.0;0.0625;0.0;0.2692307692307692;0.13636363636363635;0.09090909090909091;0.0;0.21052631578947367;0.07500000000000001;0.3047619047619048;0.07657657657657657;0.18367346938775508;0.15789473684210525;0.11702127659574468;0.234375;0.3364485981308411;0.16666666666666669;0.02688172043010753;0.06666666666666667;0.13333333333333336;0.2923076923076923;0.0;0.13333333333333333;0.16666666666666666;0.14285714285714285;0.19387755102040816;0.2608695652173913;0.1111111111111111;0.19148936170212766;0.3333333333333333;0.11382113821138212;0.08755760368663594;0.3157894736842105;0.13333333333333333;0.0;0.18495297805642633;0.33928571428571425;0.1;0.07894736842105263;0.0;0.08333333333333333;0.22139303482587064;0.2153846153846154;0.1557377049180328;0.04054054054054054;0.20869565217391303;0.0273972602739726
0.0;1.0;1.0;1.0;1.0;0.0;1.0;0.16666666666666669;1.0;0.4;0.09090909090909091;0.3076923076923077;0.10683760683760685;0.0;1.0;1.0;0.0;0.0;1.0;1.0;0.24778761061946902;0.05263157894736842;0.3958333333333333;0.18784530386740333;0.16666666666666669;0.1875;0.0;0.0;0.043478260869565216;0.14285714285714285;0.16770186335403725;0.043478260869565216;0.2974137931034483;0.07818930041152264;0.047619047619047616;0.0;0.14;0.0;0.0625;0.0;0.15384615384615385;0.19318181818181818;0.0;0.0;0.15789473684210525;0.275;0.2380952380952381;0.09009009009009009;0.04081632653061224;0.19298245614035087;0.23404255319148937;0.25;0.1588785046728972;0.06060606060606061;0.03225806451612903;0.16666666666666666;0.2761904761904762;0.27692307692307694;0.08;0.13333333333333333;0.3333333333333333;0.14285714285714285;0.21428571428571427;0.07608695652173914;0.2222222222222222;0.15602836879432622;0.1;0.04065040650406505;0.10138248847926268;0.23157894736842105;0.06666666666666667;0.04;0.22570532915360503;0.125;0.08;0.07894736842105263;0.0;0.1388888888888889;0.17661691542288557;0.18461538461538463;0.18032786885245902;0.21621621621621623;0.1608695652173913;0.0410958904109589
0.0;1.0;0.0;0.0;0.0;0.0;0.0;0.2777777777777778;1.0;0.2;0.0;0.07692307692307693;0.10683760683760685;0.0;1.0;0.0;0.0;0.0;0.0;1.0;0.10619469026548672;0.13157894736842105;0.0625;0.35359116022099446;0.13636363636363635;0.0625;0.0;0.0;0.17391304347826086;0.07142857142857142;0.21118012422360247;0.2608695652173913;0.24568965517241378;0.16872427983539096;0.06349206349206349;0.0;0.14;0.0;0.09375;0.0;0.1858974358974359;0.29545454545454547;0.2727272727272727;0.0;0.14035087719298245;0.07500000000000001;0.2285714285714286;0.13963963963963963;0.22448979591836732;0.07017543859649122;0.07446808510638298;0.078125;0.3644859813084112;0.19696969696969696;0.06451612903225806;0.2;0.14285714285714288;0.15384615384615385;0.08;0.0;0.16666666666666666;0.19047619047619047;0.3571428571428571;0.17391304347826086;0.08333333333333333;0.326241134751773;0.1;0.05691056910569106;0.07373271889400922;0.17894736842105263;0.06666666666666667;0.0;0.2225705329153605;0.26785714285714285;0.0;0.02631578947368421;0.0;0.12962962962962962;0.2064676616915423;0.15384615384615385;0.14754098360655737;0.33783783783783783;0.2565217391304348;0.0
0.0;0.0;1.0;1.0;0.0;0.0;0.0;0.11111111111111109;1.0;0.4;0.0;0.07692307692307693;0.0;0.0;0.0;0.0;0.0;0.0;0.0;0.0;0.0;0.02631578947368421;0.020833333333333332;0.03867403314917127;0.030303030303030304;0.03125;0.0;0.0;0.0;0.14285714285714285;0.05590062111801242;0.0;0.03879310344827586;0.01646090534979424;0.047619047619047616;0.041666666666666664;0.02666666666666667;0.16666666666666666;0.03125;0.2;0.038461538461538464;0.011363636363636364;0.0;0.0;0.07017543859649122;0.0;0.01904761904761905;0.009009009009009009;0.02040816326530612;0.07017543859649122;0.031914893617021274;0.015625;0.02803738317757009;0.06060606060606061;0.005376344086021506;0.0;0.04761904761904762;0.03076923076923077;0.0;0.0;0.0;0.047619047619047616;0.030612244897959183;0.043478260869565216;0.0;0.0;0.0;0.04065040650406505;0.013824884792626727;0.021052631578947368;0.06666666666666667;0.0;0.025078369905956112;0.04464285714285714;0.04;0.0;0.0625;0.027777777777777776;0.01990049751243781;0.0;0.04918032786885246;0.0;0.017391304347826087;0.0136986301369863
0.0;1.0;0.0;1.0;1.0;1.0;0.0;0.16666666666666669;1.0;0.2;0.18181818181818182;0.07692307692307693;0.06410256410256412;0.0;0.0;0.0;0.0;0.0;0.0;0.0;0.1504424778761062;0.10526315789473684;0.20833333333333331;0.2154696132596685;0.045454545454545456;0.03125;0.0;0.030303030303030304;0.08695652173913043;0.14285714285714285;0.24844720496894407;0.21739130434782608;0.11206896551724138;0.14814814814814817;0.12698412698412698;0.0;0.2;0.0;0.0625;0.0;0.14102564102564102;0.03409090909090909;0.0;0.0;0.03508771929824561;0.025;0.1142857142857143;0.0945945945945946;0.3061224489795918;0.017543859649122806;0.0425531914893617;0.015625;0.1308411214953271;0.15151515151515152;0.06989247311827958;0.26666666666666666;0.06666666666666668;0.06153846153846154;0.048;0.0;0.0;0.047619047619047616;0.0510204081632653;0.21739130434782608;0.08333333333333333;0.21985815602836878;0.016666666666666666;0.024390243902439025;0.16589861751152074;0.031578947368421054;0.06666666666666667;0.04;0.16300940438871475;0.11607142857142856;0.08;0.0;0.0625;0.037037037037037035;0.1517412935323383;0.09230769230769231;0.0819672131147541;0.12162162162162163;0.2;0.0136986301369863
0.0;0.0;0.0;1.0;0.0;0.0;0.0;0.2777777777777778;1.0;0.2;0.06060606060606061;0.15384615384615385;0.17948717948717952;0.0;1.0;0.0;0.0;0.0;0.0;1.0;0.2743362831858407;0.15789473684210525;0.16666666666666666;0.2541436464088398;0.33333333333333337;0.375;0.14285714285714285;0.12121212121212122;0.08695652173913043;0.0;0.21118012422360247;0.17391304347826086;0.4568965517241379;0.1234567901234568;0.06349206349206349;0.0;0.12666666666666668;0.0;0.1875;0.0;0.28205128205128205;0.19318181818181818;0.0;0.0;0.3333333333333333;0.125;0.6761904761904762;0.05405405405405406;0.04081632653061224;0.22807017543859648;0.30851063829787234;0.234375;0.5514018691588785;0.15151515151515152;0.048387096774193554;0.06666666666666667;0.21904761904761907;0.3769230769230769;0.12;0.13333333333333333;0.3333333333333333;0.19047619047619047;0.4183673469387755;0.19565217391304346;0.2777777777777778;0.24113475177304963;0.3833333333333333;0.24390243902439027;0.17972350230414746;0.19999999999999998;0.0;0.08;0.16614420062695925;0.5267857142857143;0.54;0.18421052631578946;0.125;0.3055555555555555;0.2537313432835821;0.23076923076923078;0.24590163934426232;0.43243243243243246;0.3478260869565218;0.0
1.0;1.0;1.0;1.0;1.0;0.0;1.0;0.4444444444444445;1.0;0.2;0.15151515151515152;0.07692307692307693;0.2777777777777778;1.0;0.0;1.0;1.0;1.0;0.0;0.0;0.36283185840707965;0.05263157894736842;0.10416666666666666;0.4419889502762431;0.2878787878787879;0.4375;0.3571428571428571;0.09090909090909091;0.08695652173913043;0.0;0.18633540372670807;0.08695652173913043;0.38362068965517243;0.2757201646090535;0.06349206349206349;0.0;0.18666666666666668;0.3333333333333333;0.09375;0.2;0.3974358974358974;0.17045454545454547;0.0;0.0;0.24561403508771928;0.15000000000000002;0.4190476190476191;0.20270270270270271;0.16326530612244897;0.24561403508771928;0.18085106382978722;0.1875;0.35514018691588783;0.25757575757575757;0.15591397849462366;0.16666666666666666;0.3142857142857143;0.25384615384615383;0.12;0.06666666666666667;0.08333333333333333;0.2857142857142857;0.37755102040816324;0.2826086956521739;0.16666666666666666;0.35460992907801414;0.16666666666666666;0.0813008130081301;0.1336405529953917;0.18947368421052632;0.0;0.08;0.29780564263322884;0.3482142857142857;0.5;0.2631578947368421;0.125;0.25925925925925924;0.31592039800995025;0.24615384615384617;0.27868852459016397;0.2972972972972973;0.3826086956521739;0.0136986301369863
0.0;1.0;1.0;1.0;1.0;0.0;0.0;0.2222222222222222;1.0;0.4;0.030303030303030304;0.07692307692307693;0.19230769230769235;0.0;1.0;0.0;0.0;0.0;0.0;1.0;0.24778761061946902;0.05263157894736842;0.14583333333333331;0.3591160220994475;0.12121212121212122;0.0;0.0;0.0;0.17391304347826086;0.07142857142857142;0.11180124223602483;0.17391304347826086;0.3017241379310345;0.12757201646090535;0.047619047619047616;0.08333333333333333;0.11333333333333334;0.0;0.0625;0.0;0.1858974358974359;0.19318181818181818;0.09090909090909091;0.0;0.12280701754385964;0.07500000000000001;0.34285714285714286;0.09009009009009009;0.061224489795918366;0.19298245614035087;0.1276595744680851;0.1875;0.27102803738317754;0.07575757575757576;0.05913978494623656;0.06666666666666667;0.2285714285714286;0.25384615384615383;0.032;0.2;0.0;0.19047619047619047;0.29591836734693877;0.18478260869565216;0.19444444444444442;0.2836879432624113;0.1;0.05691056910569106;0.06451612903225806;0.11578947368421053;0.13333333333333333;0.0;0.23510971786833856;0.21428571428571427;0.08;0.10526315789473684;0.0;0.07407407407407407;0.2263681592039801;0.16923076923076924;0.20491803278688525;0.32432432432432434;0.2739130434782609;0.0
0.0;0.0;1.0;1.0;1.0;0.0;1.0;0.2222222222222222;1.0;0.2;0.12121212121212122;0.15384615384615385;0.09401709401709404;1.0;0.0;0.0;0.0;0.0;0.0;0.0;0.2831858407079646;0.05263157894736842;0.125;0.24861878453038677;0.045454545454545456;0.03125;0.0;0.030303030303030304;0.0;0.0;0.13043478260869565;0.17391304347826086;0.14655172413793102;0.16460905349794241;0.09523809523809523;0.0;0.18000000000000002;0.0;0.03125;0.0;0.1794871794871795;0.11363636363636365;0.0;0.5;0.10526315789473684;0.125;0.0761904761904762;0.13963963963963963;0.14285714285714285;0.07017543859649122;0.0425531914893617;0.015625;0.11214953271028036;0.15151515151515152;0.13440860215053765;0.13333333333333333;0.14285714285714288;0.06153846153846154;0.032;0.13333333333333333;0.08333333333333333;0.19047619047619047;0.061224489795918366;0.18478260869565216;0.027777777777777776;0.2482269503546099;0.06666666666666667;0.008130081300813009;0.07373271889400922;0.031578947368421054;0.06666666666666667;0.04;0.16614420062695925;0.21428571428571427;0.04;0.02631578947368421;0.0;0.12962962962962962;0.1517412935323383;0.03076923076923077;0.05737704918032787;0.06756756756756757;0.1826086956521739;0.0136986301369863
0.0;0.0;0.0;0.0;1.0;1.0;0.0;0.19444444444444448;1.0;0.2;0.15151515151515152;0.15384615384615385;0.11965811965811968;1.0;1.0;0.0;1.0;0.0;0.0;1.0;0.1327433628318584;0.13157894736842105;0.041666666666666664;0.13812154696132595;0.2272727272727273;0.0625;0.14285714285714285;0.09090909090909091;0.30434782608695654;0.14285714285714285;0.03105590062111801;0.0;0.22844827586206895;0.05761316872427984;0.047619047619047616;0.041666666666666664;0.04;0.0;0.1875;0.0;0.09615384615384615;0.09090909090909091;0.0;0.0;0.17543859649122806;0.2;0.2571428571428572;0.018018018018018018;0.02040816326530612;0.17543859649122806;0.1702127659574468;0.09375;0.21495327102803738;0.07575757575757576;0.016129032258064516;0.0;0.17142857142857146;0.13846153846153847;0.048;0.06666666666666667;0.16666666666666666;0.14285714285714285;0.16326530612244897;0.08695652173913043;0.2222222222222222;0.18439716312056736;0.08333333333333333;0.07317073170731708;0.0967741935483871;0.14736842105263157;0.2;0.04;0.10658307210031347;0.19642857142857142;0.26;0.23684210526315788;0.0;0.2037037037037037;0.10696517412935323;0.12307692307692308;0.1639344262295082;0.17567567567567569;0.13043478260869565;0.0
0.0;1.0;1.0;1.0;0.0;1.0;1.0;0.2777777777777778;0.0;0.0;0.09090909090909091;0.15384615384615385;0.32051282051282054;1.0;1.0;0.0;1.0;0.0;0.0;1.0;0.2654867256637168;0.15789473684210525;0.20833333333333331;0.26519337016574585;0.2878787878787879;0.25;0.21428571428571427;0.12121212121212122;0.21739130434782608;0.21428571428571427;0.13664596273291924;0.08695652173913043;0.3017241379310345;0.20987654320987656;0.09523809523809523;0.041666666666666664;0.17333333333333334;0.5;0.25;0.2;0.28846153846153844;0.17045454545454547;0.18181818181818182;0.0;0.2631578947368421;0.2;0.24761904761904763;0.18468468468468469;0.14285714285714285;0.22807017543859648;0.1702127659574468;0.125;0.2616822429906542;0.21212121212121213;0.13978494623655915;0.06666666666666667;0.2380952380952381;0.14615384615384616;0.136;0.13333333333333333;0.3333333333333333;0.14285714285714285;0.25510204081632654;0.2391304347826087;0.25;0.22695035460992907;0.31666666666666665;0.2520325203252033;0.1889400921658986;0.08421052631578947;0.13333333333333333;0.04;0.19122257053291536;0.33928571428571425;0.54;0.2631578947368421;0.1875;0.15740740740740738;0.26119402985074625;0.2;0.26229508196721313;0.22972972972972974;0.2521739130434783;0.0
0.0;0.0;1.0;1.0;1.0;0.0;0.0;0.3611111111111111;1.0;0.2;0.0;0.07692307692307693;0.17948717948717952;0.0;1.0;0.0;1.0;0.0;1.0;1.0;0.22123893805309736;0.18421052631578946;0.020833333333333332;0.27071823204419887;0.18181818181818182;0.3125;0.07142857142857142;0.06060606060606061;0.08695652173913043;0.2857142857142857;0.08695652173913043;0.08695652173913043;0.3706896551724138;0.08641975308641976;0.031746031746031744;0.08333333333333333;0.05333333333333334;0.16666666666666666;0.3125;0.0;0.14102564102564102;0.3068181818181818;0.09090909090909091;0.0;0.24561403508771928;0.25;0.33333333333333337;0.06756756756756757;0.1020408163265306;0.2807017543859649;0.2127659574468085;0.171875;0.27102803738317754;0.10606060606060606;0.043010752688172046;0.06666666666666667;0.34285714285714286;0.30000000000000004;0.07200000000000001;0.26666666666666666;0.41666666666666663;0.047619047619047616;0.3571428571428571;0.16304347826086957;0.1388888888888889;0.2978723404255319;0.3;0.15447154471544716;0.2626728110599078;0.08421052631578947;0.0;0.0;0.19122257053291536;0.39285714285714285;0.06;0.18421052631578946;0.125;0.2962962962962963;0.1791044776119403;0.26153846153846155;0.1721311475409836;0.5675675675675675;0.22608695652173913;0.0
0.0;0.0;0.0;0.0;1.0;0.0;0.0;0.2222222222222222;1.0;0.2;0.21212121212121213;0.0;0.06410256410256412;1.0;0.0;0.0;1.0;0.0;0.0;0.0;0.07079646017699115;0.07894736842105263;0.0;0.0718232044198895;0.06060606060606061;0.03125;0.07142857142857142;0.06060606060606061;0.043478260869565216;0.07142857142857142;0.0;0.0;0.11637931034482758;0.01646090534979424;0.015873015873015872;0.041666666666666664;0.013333333333333334;0.16666666666666666;0.09375;0.0;0.05128205128205128;0.06818181818181818;0.09090909090909091;0.0;0.10526315789473684;0.07500000000000001;0.08571428571428572;0.02702702702702703;0.0;0.17543859649122806;0.11702127659574468;0.09375;0.06542056074766354;0.030303030303030304;0.016129032258064516;0.0;0.12380952380952384;0.12307692307692308;0.008;0.0;0.0;0.09523809523809523;0.07142857142857142;0.043478260869565216;0.1388888888888889;0.04964539007092199;0.03333333333333333;0.008130081300813009;0.06912442396313365;0.05263157894736842;0.06666666666666667;0.0;0.050156739811912224;0.11607142857142856;0.04;0.13157894736842105;0.125;0.10185185185185185;0.03980099502487562;0.1076923076923077;0.0819672131147541;0.08108108108108109;0.07826086956521738;0.0
0.0;0.0;0.0;1.0;0.0;0.0;0.0;0.11111111111111109;1.0;0.2;0.0;0.07692307692307693;0.06410256410256412;0.0;0.0;0.0;1.0;0.0;0.0;0.0;0.07964601769911504;0.23684210526315788;0.10416666666666666;0.09392265193370165;0.09090909090909091;0.0625;0.0;0.0;0.043478260869565216;0.21428571428571427;0.05590062111801242;0.0;0.12931034482758622;0.05349794238683128;0.0;0.041666666666666664;0.013333333333333334;0.0;0.09375;0.0;0.09615384615384615;0.11363636363636365;0.0;0.0;0.14035087719298245;0.1;0.10476190476190478;0.013513513513513514;0.02040816326530612;0.2982456140350877;0.1276595744680851;0.109375;0.11214953271028036;0.030303030303030304;0.016129032258064516;0.0;0.14285714285714288;0.16153846153846155;0.032;0.13333333333333333;0.16666666666666666;0.047619047619047616;0.2040816326530612;0.03260869565217391;0.0;0.07092198581560284;0.15;0.008130081300813009;0.06912442396313365;0.05263157894736842;0.13333333333333333;0.04;0.0909090909090909;0.08035714285714285;0.08;0.05263157894736842;0.0625;0.12037037037037036;0.062189054726368154;0.07692307692307693;0.06557377049180328;0.08108108108108109;0.1217391304347826;0.0136986301369863
0.0;1.0;1.0;1.0;1.0;0.0;1.0;0.3333333333333333;1.0;0.2;0.06060606060606061;0.07692307692307693;0.05128205128205129;0.0;0.0;0.0;0.0;0.0;0.0;0.0;0.1592920353982301;0.15789473684210525;0.22916666666666666;0.4088397790055249;0.06060606060606061;0.0;0.0;0.0;0.0;0.14285714285714285;0.2919254658385093;0.21739130434782608;0.10775862068965517;0.3045267489711934;0.25396825396825395;0.0;0.2733333333333334;0.0;0.0625;0.0;0.28205128205128205;0.13636363636363635;0.0;0.0;0.05263157894736842;0.07500000000000001;0.06666666666666668;0.1891891891891892;0.5918367346938775;0.05263157894736842;0.06382978723404255;0.109375;0.17757009345794392;0.21212121212121213;0.16666666666666669;0.3;0.0380952380952381;0.15384615384615385;0.048;0.13333333333333333;0.25;0.0;0.12244897959183673;0.25;0.1388888888888889;0.35460992907801414;0.0;0.024390243902439025;0.2995391705069124;0.010526315789473684;0.0;0.2;0.3197492163009404;0.08928571428571427;0.04;0.05263157894736842;0.0;0.1111111111111111;0.24378109452736318;0.046153846153846156;0.03278688524590164;0.5675675675675675;0.2565217391304348;0.0
0.0;1.0;0.0;0.0;0.0;0.0;0.0;0.25;1.0;0.2;0.09090909090909091;0.07692307692307693;0.24358974358974364;0.0;1.0;0.0;0.0;0.0;0.0;1.0;0.25663716814159293;0.15789473684210525;0.7291666666666666;0.23756906077348067;0.12121212121212122;0.125;0.07142857142857142;0.0;0.08695652173913043;0.07142857142857142;0.11801242236024843;0.043478260869565216;0.40086206896551724;0.09465020576131689;0.047619047619047616;0.041666666666666664;0.08666666666666667;0.16666666666666666;0.21875;0.4;0.28205128205128205;0.25;0.09090909090909091;0.0;0.14035087719298245;0.225;0.380952380952381;0.07207207207207207;0.061224489795918366;0.2807017543859649;0.2765957446808511;0.328125;0.37383177570093457;0.07575757575757576;0.03763440860215054;0.03333333333333333;0.21904761904761907;0.38461538461538464;0.032;0.13333333333333333;0.3333333333333333;0.23809523809523808;0.3061224489795918;0.18478260869565216;0.2777777777777778;0.2836879432624113;0.21666666666666667;0.11382113821138212;0.2350230414746544;0.2736842105263158;0.06666666666666667;0.0;0.23824451410658307;0.33035714285714285;0.1;0.10526315789473684;0.0625;0.25;0.21641791044776118;0.26153846153846155;0.3114754098360656;0.43243243243243246;0.3304347826086957;0.0
0.0;0.0;0.0;0.0;1.0;0.0;0.0;0.19444444444444448;1.0;0.2;0.0;0.07692307692307693;0.06837606837606838;0.0;1.0;1.0;0.0;1.0;0.0;1.0;0.09734513274336283;0.07894736842105263;0.10416666666666666;0.11049723756906077;0.15151515151515152;0.03125;0.0;0.0;0.043478260869565216;0.07142857142857142;0.06832298136645962;0.043478260869565216;0.14224137931034483;0.07407407407407408;0.031746031746031744;0.041666666666666664;0.11333333333333334;0.16666666666666666;0.03125;0.0;0.10897435897435898;0.11363636363636365;0.09090909090909091;0.0;0.03508771929824561;0.2;0.10476190476190478;0.05855855855855856;0.12244897959183673;0.10526315789473684;0.1276595744680851;0.125;0.11214953271028036;0.045454545454545456;0.05913978494623656;0.06666666666666667;0.10476190476190478;0.13846153846153847;0.016;0.0;0.0;0.047619047619047616;0.09183673469387754;0.14130434782608695;0.1388888888888889;0.13475177304964536;0.06666666666666667;0.032520325203252036;0.05529953917050691;0.1368421052631579;0.13333333333333333;0.0;0.07523510971786833;0.21428571428571427;0.08;0.0;0.0;0.046296296296296294;0.10696517412935323;0.06153846153846154;0.04918032786885246;0.02702702702702703;0.07391304347826087;0.1095890410958904
0.0;1.0;0.0;1.0;1.0;0.0;0.0;0.3055555555555555;1.0;0.4;0.12121212121212122;0.23076923076923078;0.06410256410256412;0.0;1.0;0.0;0.0;0.0;0.0;1.0;0.04424778761061947;0.07894736842105263;0.20833333333333331;0.14917127071823205;0.09090909090909091;0.0;0.0;0.0;0.043478260869565216;0.07142857142857142;0.13043478260869565;0.08695652173913043;0.1724137931034483;0.06584362139917696;0.031746031746031744;0.08333333333333333;0.07333333333333333;0.16666666666666666;0.0625;0.2;0.08974358974358974;0.19318181818181818;0.0;0.0;0.05263157894736842;0.0;0.13333333333333336;0.07657657657657657;0.24489795918367346;0.07017543859649122;0.02127659574468085;0.03125;0.09345794392523364;0.045454545454545456;0.0913978494623656;0.1;0.13333333333333336;0.1;0.032;0.0;0.0;0.047619047619047616;0.12244897959183673;0.11956521739130435;0.1388888888888889;0.14184397163120566;0.05;0.04065040650406505;0.08755760368663594;0.18947368421052632;0.13333333333333333;0.04;0.11912225705329153;0.15178571428571427;0.04;0.05263157894736842;0.0;0.25925925925925924;0.062189054726368154;0.12307692307692308;0.18032786885245902;0.24324324324324326;0.1391304347826087;0.0273972602739726
0.0;0.0;0.0;0.0;0.0;0.0;0.0;0.19444444444444448;1.0;0.4;0.0;0.0;0.04273504273504274;1.0;0.0;0.0;1.0;0.0;0.0;0.0;0.0;0.13157894736842105;0.020833333333333332;0.049723756906077346;0.19696969696969696;0.0625;0.07142857142857142;0.09090909090909091;0.043478260869565216;0.14285714285714285;0.043478260869565216;0.0;0.15517241379310345;0.03292181069958848;0.0;0.08333333333333333;0.013333333333333334;0.0;0.0625;0.0;0.08974358974358974;0.1590909090909091;0.09090909090909091;0.0;0.05263157894736842;0.1;0.13333333333333336;0.03153153153153153;0.02040816326530612;0.08771929824561403;0.10638297872340426;0.078125;0.12149532710280372;0.045454545454545456;0.021505376344086023;0.0;0.1142857142857143;0.16153846153846155;0.008;0.0;0.08333333333333333;0.23809523809523808;0.2346938775510204;0.043478260869565216;0.19444444444444442;0.11347517730496454;0.016666666666666666;0.05691056910569106;0.041474654377880185;0.1368421052631579;0.2;0.0;0.05642633228840125;0.1875;0.08;0.02631578947368421;0.0;0.21296296296296297;0.03980099502487562;0.12307692307692308;0.18852459016393444;0.12162162162162163;0.1217391304347826;0.0
0.0;0.0;0.0;0.0;0.0;0.0;0.0;0.3333333333333333;0.0;0.0;0.0;0.0;0.17094017094017097;0.0;1.0;0.0;1.0;0.0;1.0;1.0;0.17699115044247787;0.3157894736842105;0.125;0.27624309392265195;0.2727272727272727;0.1875;0.21428571428571427;0.030303030303030304;0.17391304347826086;0.14285714285714285;0.18012422360248445;0.17391304347826086;0.2974137931034483;0.14814814814814817;0.09523809523809523;0.041666666666666664;0.15333333333333335;0.0;0.15625;0.0;0.21794871794871795;0.125;0.0;0.5;0.15789473684210525;0.15000000000000002;0.1142857142857143;0.18018018018018017;0.1020408163265306;0.3333333333333333;0.1595744680851064;0.078125;0.18691588785046728;0.13636363636363635;0.15591397849462366;0.13333333333333333;0.2571428571428572;0.2153846153846154;0.016;0.2;0.25;0.19047619047619047;0.21428571428571427;0.15217391304347827;0.3333333333333333;0.2553191489361702;0.2;0.1869918699186992;0.17511520737327188;0.09473684210526316;0.06666666666666667;0.0;0.18495297805642633;0.29464285714285715;0.36;0.10526315789473684;0.0625;0.15740740740740738;0.22139303482587064;0.1076923076923077;0.19672131147540983;0.2972972972972973;0.21739130434782608;0.0821917808219178
0.0;1.0;0.0;1.0;1.0;1.0;1.0;0.2777777777777778;1.0;0.4;0.09090909090909091;0.23076923076923078;0.11111111111111113;0.0;1.0;0.0;0.0;0.0;0.0;1.0;0.1327433628318584;0.13157894736842105;0.25;0.3149171270718232;0.030303030303030304;0.0;0.0;0.0;0.0;0.0;0.14285714285714285;0.08695652173913043;0.19827586206896552;0.18930041152263377;0.06349206349206349;0.0;0.17333333333333334;0.0;0.03125;0.0;0.1923076923076923;0.14772727272727273;0.0;0.0;0.10526315789473684;0.025;0.10476190476190478;0.19369369369369369;0.12244897959183673;0.07017543859649122;0.031914893617021274;0.015625;0.11214953271028036;0.21212121212121213;0.17204301075268819;0.3;0.18095238095238098;0.038461538461538464;0.056;0.06666666666666667;0.16666666666666666;0.09523809523809523;0.09183673469387754;0.21739130434782608;0.1111111111111111;0.18439716312056736;0.2;0.016260162601626018;0.17511520737327188;0.042105263157894736;0.06666666666666667;0.16;0.26018808777429464;0.09821428571428571;0.02;0.13157894736842105;0.0;0.09259259259259259;0.20149253731343283;0.03076923076923077;0.07377049180327869;0.22972972972972974;0.1956521739130435;0.0
0.0;1.0;0.0;1.0;1.0;1.0;1.0;0.19444444444444448;0.0;0.0;0.0;0.0;0.15384615384615388;0.0;1.0;0.0;0.0;0.0;0.0;1.0;0.21238938053097345;0.07894736842105263;0.3333333333333333;0.32044198895027626;0.19696969696969696;0.09375;0.07142857142857142;0.030303030303030304;0.34782608695652173;0.0;0.13043478260869565;0.17391304347826086;0.3189655172413793;0.19753086419753088;0.031746031746031744;0.041666666666666664;0.23333333333333334;0.0;0.125;0.0;0.2564102564102564;0.19318181818181818;0.2727272727272727;0.0;0.14035087719298245;0.025;0.4190476190476191;0.11711711711711711;0.1020408163265306;0.21052631578947367;0.1276595744680851;0.125;0.3177570093457944;0.2727272727272727;0.10752688172043012;0.03333333333333333;0.20952380952380956;0.2153846153846154;0.032;0.0;0.16666666666666666;0.14285714285714285;0.4387755102040816;0.2391304347826087;0.19444444444444442;0.35460992907801414;0.16666666666666666;0.11382113821138212;0.19815668202764977;0.09473684210526316;0.13333333333333333;0.08;0.26645768025078365;0.26785714285714285;0.16;0.23684210526315788;0.0;0.31481481481481477;0.21144278606965175;0.12307692307692308;0.20491803278688525;0.10810810810810811;0.2695652173913044;0.0
0.0;1.0;0.0;0.0;1.0;0.0;0.0;0.2222222222222222;1.0;0.4;0.06060606060606061;0.07692307692307693;0.10256410256410259;0.0;0.0;0.0;0.0;0.0;0.0;0.0;0.12389380530973451;0.2894736842105263;0.25;0.24861878453038677;0.13636363636363635;0.0625;0.0;0.0;0.13043478260869565;0.07142857142857142;0.09316770186335403;0.0;0.2672413793103448;0.1358024691358025;0.047619047619047616;0.08333333333333333;0.14;0.0;0.21875;0.0;0.21794871794871795;0.125;0.18181818181818182;0.5;0.10526315789473684;0.025;0.1904761904761905;0.15315315315315314;0.1020408163265306;0.21052631578947367;0.09574468085106383;0.140625;0.24299065420560745;0.10606060606060606;0.12903225806451613;0.1;0.12380952380952384;0.16923076923076924;0.032;0.2;0.0;0.23809523809523808;0.2857142857142857;0.20652173913043478;0.08333333333333333;0.2836879432624113;0.16666666666666666;0.024390243902439025;0.12903225806451613;0.09473684210526316;0.2;0.04;0.21003134796238246;0.2232142857142857;0.1;0.07894736842105263;0.0;0.18518518518518517;0.18159203980099503;0.09230769230769231;0.14754098360655737;0.41891891891891897;0.24782608695652172;0.0
0.0;0.0;1.0;1.0;0.0;0.0;1.0;0.2222222222222222;1.0;0.4;0.15151515151515152;0.15384615384615385;0.15384615384615388;1.0;1.0;1.0;1.0;1.0;0.0;1.0;0.04424778761061947;0.07894736842105263;0.10416666666666666;0.0718232044198895;0.21212121212121213;0.0625;0.21428571428571427;0.030303030303030304;0.13043478260869565;0.07142857142857142;0.049689440993788817;0.0;0.14655172413793102;0.0617283950617284;0.031746031746031744;0.041666666666666664;0.06666666666666667;0.3333333333333333;0.09375;0.0;0.0641025641025641;0.13636363636363635;0.0;0.0;0.05263157894736842;0.07500000000000001;0.2;0.03153153153153153;0.0;0.12280701754385964;0.0851063829787234;0.125;0.12149532710280372;0.06060606060606061;0.016129032258064516;0.03333333333333333;0.1142857142857143;0.09230769230769231;0.04;0.13333333333333333;0.08333333333333333;0.14285714285714285;0.12244897959183673;0.05434782608695652;0.08333333333333333;0.14184397163120566;0.06666666666666667;0.04878048780487805;0.17050691244239632;0.042105263157894736;0.0;0.0;0.06269592476489028;0.17857142857142855;0.2;0.05263157894736842;0.0625;0.14814814814814814;0.07462686567164178;0.046153846153846156;0.06557377049180328;0.0945945945945946;0.1391304347826087;0.0
0.0;1.0;1.0;1.0;1.0;1.0;1.0;0.2777777777777778;1.0;0.2;0.030303030303030304;0.0;0.07264957264957267;0.0;0.0;0.0;0.0;0.0;0.0;0.0;0.1592920353982301;0.05263157894736842;0.14583333333333331;0.2044198895027624;0.07575757575757576;0.0;0.0;0.0;0.043478260869565216;0.0;0.13043478260869565;0.08695652173913043;0.09051724137931035;0.16872427983539096;0.20634920634920634;0.0;0.19333333333333336;0.16666666666666666;0.0;0.0;0.1987179487179487;0.045454545454545456;0.0;0.0;0.12280701754385964;0.025;0.0380952380952381;0.15765765765765766;0.3061224489795918;0.03508771929824561;0.031914893617021274;0.0;0.09345794392523364;0.16666666666666669;0.11827956989247312;0.3333333333333333;0.1142857142857143;0.08461538461538462;0.048;0.0;0.08333333333333333;0.0;0.16326530612244897;0.16304347826086957;0.05555555555555555;0.21276595744680848;0.05;0.04878048780487805;0.2534562211981567;0.021052631578947368;0.13333333333333333;0.04;0.15673981191222572;0.16964285714285712;0.1;0.13157894736842105;0.0;0.046296296296296294;0.1616915422885572;0.03076923076923077;0.0819672131147541;0.22972972972972974;0.20434782608695654;0.0
1.0;1.0;0.0;0.0;1.0;0.0;0.0;0.2222222222222222;1.0;0.4;0.06060606060606061;0.07692307692307693;0.18803418803418806;0.0;0.0;0.0;0.0;0.0;0.0;0.0;0.20353982300884954;0.3157894736842105;0.10416666666666666;0.287292817679558;0.36363636363636365;0.1875;0.3571428571428571;0.06060606060606061;0.21739130434782608;0.14285714285714285;0.21118012422360247;0.13043478260869565;0.2974137931034483;0.2469135802469136;0.1746031746031746;0.041666666666666664;0.3066666666666667;0.16666666666666666;0.1875;0.2;0.25;0.29545454545454547;0.2727272727272727;0.0;0.2982456140350877;0.1;0.2666666666666667;0.1981981981981982;0.2040816326530612;0.3333333333333333;0.14893617021276595;0.125;0.24299065420560745;0.2727272727272727;0.12365591397849464;0.16666666666666666;0.37142857142857144;0.2076923076923077;0.14400000000000002;0.3333333333333333;0.25;0.38095238095238093;0.3061224489795918;0.21739130434782608;0.25;0.3191489361702127;0.23333333333333334;0.1951219512195122;0.46543778801843316;0.05263157894736842;0.06666666666666667;0.2;0.18181818181818182;0.49107142857142855;0.52;0.21052631578947367;0.0625;0.4074074074074074;0.2263681592039801;0.15384615384615385;0.18852459016393444;0.2972972972972973;0.30000000000000004;0.0
0.0;0.0;1.0;1.0;1.0;1.0;0.0;0.49999999999999994;0.0;0.0;0.0;0.0;0.07264957264957267;0.0;0.0;0.0;1.0;0.0;0.0;0.0;0.20353982300884954;0.02631578947368421;0.1875;0.287292817679558;0.015151515151515152;0.0;0.0;0.0;0.0;0.0;0.2795031055900621;0.21739130434782608;0.04310344827586207;0.205761316872428;0.38095238095238093;0.0;0.37333333333333335;0.0;0.0;0.0;0.2692307692307692;0.022727272727272728;0.0;0.0;0.05263157894736842;0.0;0.009523809523809525;0.15765765765765766;0.8775510204081632;0.017543859649122806;0.010638297872340425;0.0;0.037383177570093455;0.16666666666666669;0.19354838709677422;0.8;0.0380952380952381;0.03076923076923077;0.168;0.0;0.3333333333333333;0.0;0.030612244897959183;0.19565217391304346;0.05555555555555555;0.21985815602836878;0.0;0.032520325203252036;0.23963133640552994;0.010526315789473684;0.0;0.08;0.22884012539184953;0.08928571428571427;0.0;0.02631578947368421;0.0;0.018518518518518517;0.19154228855721392;0.015384615384615385;0.04098360655737705;0.02702702702702703;0.1826086956521739;0.0136986301369863
0.0;0.0;0.0;0.0;0.0;1.0;0.0;0.1388888888888889;1.0;0.4;0.06060606060606061;0.6153846153846154;0.13675213675213677;0.0;0.0;0.0;0.0;0.0;0.0;0.0;0.04424778761061947;0.05263157894736842;0.0;0.11602209944751381;0.06060606060606061;0.03125;0.0;0.0;0.0;0.0;0.13043478260869565;0.043478260869565216;0.08189655172413793;0.08641975308641976;0.1111111111111111;0.0;0.11333333333333334;0.16666666666666666;0.0;0.0;0.12179487179487179;0.03409090909090909;0.0;0.0;0.08771929824561403;0.0;0.01904761904761905;0.11711711711711711;0.08163265306122448;0.05263157894736842;0.02127659574468085;0.0;0.0;0.18181818181818182;0.0913978494623656;0.06666666666666667;0.1142857142857143;0.007692307692307693;0.064;0.06666666666666667;0.08333333333333333;0.0;0.0510204081632653;0.09782608695652173;0.027777777777777776;0.14893617021276595;0.05;0.0;0.10138248847926268;0.042105263157894736;0.0;0.12;0.10971786833855798;0.08928571428571427;0.02;0.0;0.0;0.08333333333333333;0.08208955223880597;0.0;0.03278688524590164;0.13513513513513514;0.10869565217391304;0.0
0.0;0.0;0.0;1.0;1.0;1.0;0.0;0.11111111111111109;1.0;0.2;0.030303030303030304;0.0;0.13675213675213677;1.0;1.0;0.0;1.0;0.0;1.0;1.0;0.08849557522123894;0.02631578947368421;0.041666666666666664;0.09392265193370165;0.10606060606060606;0.0;0.0;0.0;0.0;0.07142857142857142;0.05590062111801242;0.0;0.09482758620689655;0.09876543209876544;0.047619047619047616;0.0;0.08666666666666667;0.16666666666666666;0.09375;0.0;0.09615384615384615;0.05681818181818182;0.09090909090909091;0.0;0.10526315789473684;0.0;0.06666666666666668;0.08558558558558559;0.04081632653061224;0.10526315789473684;0.010638297872340425;0.03125;0.08411214953271028;0.09090909090909091;0.05913978494623656;0.06666666666666667;0.13333333333333336;0.06923076923076923;0.088;0.13333333333333333;0.08333333333333333;0.14285714285714285;0.030612244897959183;0.08695652173913043;0.027777777777777776;0.07092198581560284;0.1;0.0813008130081301;0.12442396313364056;0.05263157894736842;0.06666666666666667;0.04;0.10658307210031347;0.08928571428571427;0.08;0.07894736842105263;0.0;0.05555555555555555;0.0945273631840796;0.046153846153846156;0.07377049180327869;0.02702702702702703;0.09130434782608696;0.0
0.0;0.0;1.0;1.0;0.0;0.0;0.0;0.3055555555555555;1.0;0.4;0.030303030303030304;0.07692307692307693;0.23504273504273507;0.0;1.0;0.0;1.0;0.0;1.0;1.0;0.07964601769911504;0.0;0.020833333333333332;0.13259668508287292;0.2272727272727273;0.0625;0.07142857142857142;0.030303030303030304;0.08695652173913043;0.07142857142857142;0.14906832298136646;0.043478260869565216;0.13793103448275862;0.1358024691358025;0.1111111111111111;0.0;0.10666666666666667;0.16666666666666666;0.28125;0.0;0.1794871794871795;0.06818181818181818;0.09090909090909091;0.0;0.10526315789473684;0.0;0.1523809523809524;0.0990990990990991;0.08163265306122448;0.15789473684210525;0.031914893617021274;0.015625;0.102803738317757;0.10606060606060606;0.13440860215053765;0.1;0.17142857142857146;0.06153846153846154;0.04;0.0;0.08333333333333333;0.19047619047619047;0.11224489795918366;0.14130434782608695;0.05555555555555555;0.11347517730496454;0.03333333333333333;0.11382113821138212;0.16129032258064516;0.031578947368421054;0.13333333333333333;0.08;0.12225705329153604;0.21428571428571427;0.16;0.05263157894736842;0.0;0.16666666666666666;0.12189054726368159;0.046153846153846156;0.11475409836065574;0.04054054054054054;0.05217391304347826;0.1917808219178082
0.0;1.0;0.0;1.0;0.0;0.0;0.0;0.3888888888888889;0.0;0.0;0.21212121212121213;0.07692307692307693;0.33333333333333337;1.0;1.0;0.0;1.0;0.0;1.0;1.0;0.02654867256637168;0.0;0.0;0.0055248618784530384;0.030303030303030304;0.0625;0.0;0.0;0.0;0.0;0.006211180124223602;0.0;0.030172413793103446;0.00411522633744856;0.015873015873015872;0.0;0.006666666666666667;0.0;0.03125;0.0;0.019230769230769232;0.0;0.0;0.0;0.0;0.025;0.0;0.0045045045045045045;0.02040816326530612;0.03508771929824561;0.02127659574468085;0.0;0.0;0.015151515151515152;0.010752688172043012;0.0;0.009523809523809525;0.007692307692307693;0.024;0.0;0.0;0.0;0.01020408163265306;0.010869565217391304;0.0;0.0070921985815602835;0.0;0.016260162601626018;0.018433179723502304;0.0;0.0;0.04;0.012539184952978056;0.008928571428571428;0.06;0.02631578947368421;0.0;0.018518518518518517;0.004975124378109454;0.0;0.00819672131147541;0.013513513513513514;0.026086956521739132;0.0
0.0;0.0;1.0;1.0;0.0;1.0;1.0;0.2222222222222222;1.0;0.4;0.0;0.07692307692307693;0.047008547008547015;0.0;0.0;0.0;0.0;0.0;0.0;0.0;0.07964601769911504;0.13157894736842105;0.041666666666666664;0.17679558011049723;0.06060606060606061;0.09375;0.07142857142857142;0.030303030303030304;0.21739130434782608;0.0;0.09316770186335403;0.043478260869565216;0.10775862068965517;0.1440329218106996;0.06349206349206349;0.0;0.10666666666666667;0.0;0.0625;0.2;0.1858974358974359;0.06818181818181818;0.18181818181818182;0.0;0.07017543859649122;0.05;0.0380952380952381;0.14414414414414414;0.18367346938775508;0.07017543859649122;0.0;0.03125;0.037383177570093455;0.13636363636363635;0.12365591397849464;0.1;0.14285714285714288;0.06923076923076923;0.128;0.26666666666666666;0.08333333333333333;0.047619047619047616;0.1020408163265306;0.14130434782608695;0.027777777777777776;0.19858156028368792;0.016666666666666666;0.016260162601626018;0.16129032258064516;0.010526315789473684;0.0;0.08;0.14106583072100315;0.125;0.08;0.15789473684210525;0.0;0.08333333333333333;0.12437810945273631;0.015384615384615385;0.03278688524590164;0.2567567567567568;0.1565217391304348;0.0136986301369863
0.0;1.0;0.0;1.0;0.0;0.0;0.0;0.2222222222222222;1.0;0.2;0.09090909090909091;0.07692307692307693;0.0982905982905983;0.0;0.0;0.0;1.0;0.0;0.0;0.0;0.07079646017699115;0.05263157894736842;0.0;0.06077348066298342;0.10606060606060606;0.03125;0.07142857142857142;0.0;0.043478260869565216;0.0;0.043478260869565216;0.08695652173913043;0.10344827586206896;0.08641975308641976;0.047619047619047616;0.0;0.060000000000000005;0.0;0.1875;0.2;0.10256410256410256;0.10227272727272728;0.09090909090909091;0.0;0.14035087719298245;0.025;0.04761904761904762;0.0945945945945946;0.04081632653061224;0.07017543859649122;0.0425531914893617;0.0;0.037383177570093455;0.12121212121212122;0.06989247311827958;0.06666666666666667;0.09523809523809526;0.06153846153846154;0.056;0.0;0.0;0.047619047619047616;0.0510204081632653;0.14130434782608695;0.027777777777777776;0.10638297872340426;0.1;0.04065040650406505;0.10599078341013825;0.031578947368421054;0.06666666666666667;0.0;0.08150470219435736;0.14285714285714285;0.1;0.07894736842105263;0.0625;0.05555555555555555;0.09203980099502487;0.0;0.04918032786885246;0.10810810810810811;0.06956521739130435;0.0136986301369863
0.0;0.0;0.0;1.0;1.0;1.0;1.0;0.1388888888888889;1.0;0.2;0.09090909090909091;0.07692307692307693;0.12820512820512822;0.0;1.0;0.0;1.0;0.0;1.0;1.0;0.04424778761061947;0.07894736842105263;0.020833333333333332;0.049723756906077346;0.045454545454545456;0.0;0.0;0.0;0.08695652173913043;0.0;0.049689440993788817;0.0;0.06896551724137931;0.04526748971193416;0.031746031746031744;0.041666666666666664;0.02666666666666667;0.0;0.09375;0.0;0.05769230769230769;0.05681818181818182;0.09090909090909091;0.5;0.03508771929824561;0.05;0.028571428571428574;0.04054054054054054;0.02040816326530612;0.05263157894736842;0.0425531914893617;0.015625;0.02803738317757009;0.06060606060606061;0.043010752688172046;0.06666666666666667;0.057142857142857155;0.023076923076923078;0.032;0.13333333333333333;0.3333333333333333;0.0;0.02040816326530612;0.03260869565217391;0.08333333333333333;0.07801418439716312;0.05;0.04065040650406505;0.06451612903225806;0.010526315789473684;0.0;0.12;0.05956112852664576;0.0625;0.04;0.05263157894736842;0.0;0.018518518518518517;0.05472636815920398;0.03076923076923077;0.04098360655737705;0.04054054054054054;0.03913043478260869;0.0410958904109589
0.0;0.0;0.0;1.0;1.0;1.0;0.0;0.16666666666666669;1.0;0.2;0.030303030303030304;0.15384615384615385;0.15811965811965814;0.0;0.0;0.0;0.0;0.0;0.0;0.0;0.1504424778761062;0.05263157894736842;0.1875;0.2983425414364641;0.045454545454545456;0.0;0.0;0.0;0.13043478260869565;0.14285714285714285;0.13664596273291924;0.08695652173913043;0.15517241379310345;0.20987654320987656;0.15873015873015872;0.0;0.1;0.0;0.15625;0.0;0.22435897435897434;0.10227272727272728;0.0;0.0;0.07017543859649122;0.025;0.0761904761904762;0.18018018018018017;0.12244897959183673;0.19298245614035087;0.031914893617021274;0.046875;0.07476635514018691;0.2878787878787879;0.17204301075268819;0.1;0.13333333333333336;0.07692307692307693;0.07200000000000001;0.0;0.3333333333333333;0.19047619047619047;0.14285714285714285;0.21739130434782608;0.027777777777777776;0.24113475177304963;0.1;0.05691056910569106;0.22580645161290322;0.021052631578947368;0.06666666666666667;0.16;0.2570532915360501;0.11607142857142856;0.02;0.13157894736842105;0.0;0.08333333333333333;0.2064676616915423;0.03076923076923077;0.07377049180327869;0.06756756756756757;0.06521739130434782;0.6438356164383561
0.0;0.0;0.0;0.0;0.0;0.0;0.0;0.3055555555555555;1.0;0.6000000000000001;0.06060606060606061;0.07692307692307693;0.1495726495726496;1.0;1.0;0.0;1.0;0.0;1.0;1.0;0.061946902654867256;0.23684210526315788;0.020833333333333332;0.11602209944751381;0.12121212121212122;0.0625;0.07142857142857142;0.0;0.21739130434782608;0.07142857142857142;0.049689440993788817;0.0;0.15517241379310345;0.09876543209876544;0.047619047619047616;0.08333333333333333;0.1;0.16666666666666666;0.1875;0.0;0.08974358974358974;0.13636363636363635;0.09090909090909091;0.0;0.05263157894736842;0.125;0.14285714285714288;0.0990990990990991;0.04081632653061224;0.07017543859649122;0.0851063829787234;0.015625;0.08411214953271028;0.13636363636363635;0.05913978494623656;0.0;0.17142857142857146;0.07692307692307693;0.128;0.06666666666666667;0.08333333333333333;0.23809523809523808;0.08163265306122448;0.15217391304347827;0.08333333333333333;0.11347517730496454;0.1;0.0894308943089431;0.12442396313364056;0.05263157894736842;0.13333333333333333;0.2;0.12852664576802508;0.1607142857142857;0.06;0.15789473684210525;0.0625;0.1111111111111111;0.11442786069651742;0.03076923076923077;0.10655737704918034;0.06756756756756757;0.1217391304347826;0.0410958904109589
0.0;1.0;0.0;1.0;0.0;0.0;0.0;0.5555555555555555;1.0;0.2;0.06060606060606061;0.07692307692307693;0.2863247863247863;1.0;1.0;0.0;1.0;0.0;1.0;1.0;0.18584070796460178;0.2894736842105263;0.020833333333333332;0.14917127071823205;0.4696969696969697;0.59375;0.5714285714285714;0.36363636363636365;0.2608695652173913;0.07142857142857142;0.12422360248447203;0.08695652173913043;0.3318965517241379;0.24279835390946505;0.12698412698412698;0.08333333333333333;0.19333333333333336;0.3333333333333333;0.625;0.2;0.24358974358974358;0.3181818181818182;0.36363636363636365;0.0;0.42105263157894735;0.1;0.31428571428571433;0.17117117117117117;0.04081632653061224;0.2982456140350877;0.1595744680851064;0.125;0.29906542056074764;0.2727272727272727;0.1827956989247312;0.2;0.29523809523809524;0.2;0.424;0.3333333333333333;0.3333333333333333;0.14285714285714285;0.3061224489795918;0.19565217391304346;0.2222222222222222;0.24113475177304963;0.48333333333333334;0.1951219512195122;0.2764976958525346;0.16842105263157894;0.13333333333333333;0.16;0.20376175548589343;0.3482142857142857;0.78;0.5;0.5;0.15740740740740738;0.3034825870646766;0.16923076923076924;0.2213114754098361;0.14864864864864866;0.22608695652173913;0.1232876712328767
0.0;0.0;0.0;0.0;1.0;1.0;0.0;0.611111111111111;1.0;0.2;0.0;0.15384615384615385;0.0982905982905983;0.0;0.0;0.0;0.0;0.0;0.0;0.0;0.1327433628318584;0.05263157894736842;0.0625;0.18784530386740333;0.030303030303030304;0.03125;0.0;0.0;0.08695652173913043;0.0;0.11801242236024843;0.08695652173913043;0.125;0.10699588477366256;0.047619047619047616;0.0;0.04666666666666667;0.0;0.15625;0.2;0.10897435897435898;0.10227272727272728;0.0;0.0;0.12280701754385964;0.025;0.028571428571428574;0.15765765765765766;0.1020408163265306;0.017543859649122806;0.02127659574468085;0.0;0.05607476635514018;0.15151515151515152;0.11827956989247312;0.06666666666666667;0.12380952380952384;0.023076923076923078;0.048;0.0;0.16666666666666666;0.047619047619047616;0.08163265306122448;0.08695652173913043;0.05555555555555555;0.0921985815602837;0.18333333333333332;0.06504065040650407;0.1336405529953917;0.021052631578947368;0.0;0.08;0.16300940438871475;0.04464285714285714;0.0;0.05263157894736842;0.0;0.009259259259259259;0.12935323383084577;0.015384615384615385;0.00819672131147541;0.3783783783783784;0.10869565217391304;0.0
0.0;1.0;0.0;1.0;0.0;0.0;0.0;0.3055555555555555;1.0;0.2;0.12121212121212122;0.07692307692307693;0.2094017094017094;1.0;0.0;0.0;1.0;0.0;0.0;0.0;0.08849557522123894;0.13157894736842105;0.041666666666666664;0.055248618784530384;0.07575757575757576;0.0625;0.0;0.0;0.043478260869565216;0.07142857142857142;0.049689440993788817;0.043478260869565216;0.07758620689655173;0.0617283950617284;0.06349206349206349;0.0;0.060000000000000005;0.0;0.0625;0.0;0.07051282051282051;0.045454545454545456;0.0;0.0;0.03508771929824561;0.0;0.05714285714285715;0.07657657657657657;0.04081632653061224;0.07017543859649122;0.0425531914893617;0.03125;0.037383177570093455;0.06060606060606061;0.06989247311827958;0.03333333333333333;0.09523809523809526;0.046153846153846156;0.08;0.0;0.0;0.047619047619047616;0.08163265306122448;0.09782608695652173;0.0;0.11347517730496454;0.016666666666666666;0.06504065040650407;0.059907834101382486;0.031578947368421054;0.06666666666666667;0.0;0.06269592476489028;0.10714285714285714;0.08;0.02631578947368421;0.0;0.07407407407407407;0.05970149253731344;0.03076923076923077;0.09836065573770492;0.08108108108108109;0.0608695652173913;0.0273972602739726
0.0;1.0;0.0;1.0;1.0;0.0;1.0;0.3611111111111111;1.0;0.2;0.030303030303030304;0.15384615384615385;0.08119658119658121;0.0;0.0;0.0;0.0;0.0;0.0;0.0;0.1415929203539823;0.07894736842105263;0.08333333333333333;0.1602209944751381;0.045454545454545456;0.03125;0.0;0.0;0.08695652173913043;0.0;0.09937888198757763;0.043478260869565216;0.10344827586206896;0.09876543209876544;0.1111111111111111;0.0;0.1;0.0;0.09375;0.0;0.16666666666666666;0.045454545454545456;0.0;0.0;0.12280701754385964;0.0;0.01904761904761905;0.13063063063063063;0.12244897959183673;0.10526315789473684;0.010638297872340425;0.015625;0.018691588785046728;0.09090909090909091;0.11290322580645162;0.06666666666666667;0.12380952380952384;0.046153846153846156;0.088;0.0;0.08333333333333333;0.0;0.0510204081632653;0.18478260869565216;0.0;0.1702127659574468;0.1;0.016260162601626018;0.14746543778801843;0.0;0.0;0.12;0.14106583072100315;0.0625;0.04;0.07894736842105263;0.0;0.037037037037037035;0.11442786069651742;0.015384615384615385;0.05737704918032787;0.22972972972972974;0.13478260869565217;0.0
0.0;0.0;0.0;1.0;0.0;1.0;0.0;0.2777777777777778;1.0;0.4;0.06060606060606061;0.15384615384615385;0.12820512820512822;0.0;0.0;0.0;1.0;0.0;0.0;0.0;0.07079646017699115;0.02631578947368421;0.0625;0.055248618784530384;0.12121212121212122;0.09375;0.0;0.0;0.0;0.0;0.06211180124223602;0.043478260869565216;0.07327586206896551;0.09053497942386832;0.12698412698412698;0.0;0.1;0.0;0.09375;0.0;0.12179487179487179;0.022727272727272728;0.09090909090909091;0.0;0.14035087719298245;0.0;0.0380952380952381;0.13513513513513514;0.1020408163265306;0.03508771929824561;0.010638297872340425;0.0;0.037383177570093455;0.09090909090909091;0.10752688172043012;0.13333333333333333;0.08571428571428572;0.007692307692307693;0.14400000000000002;0.0;0.16666666666666666;0.047619047619047616;0.030612244897959183;0.08695652173913043;0.0;0.0921985815602837;0.08333333333333333;0.05691056910569106;0.11059907834101382;0.021052631578947368;0.0;0.08;0.10031347962382445;0.08928571428571427;0.08;0.07894736842105263;0.0;0.07407407407407407;0.0845771144278607;0.0;0.04918032786885246;0.013513513513513514;0.06956521739130435;0.0136986301369863
0.0;0.0;0.0;1.0;0.0;0.0;0.0;0.08333333333333333;1.0;0.2;0.030303030303030304;0.07692307692307693;0.07264957264957267;0.0;0.0;0.0;1.0;0.0;0.0;0.0;0.017699115044247787;0.0;0.0;0.027624309392265192;0.07575757575757576;0.0625;0.0;0.030303030303030304;0.043478260869565216;0.07142857142857142;0.024844720496894408;0.0;0.04310344827586207;0.041152263374485604;0.0;0.0;0.02;0.0;0.125;0.0;0.038461538461538464;0.03409090909090909;0.09090909090909091;0.0;0.07017543859649122;0.0;0.0380952380952381;0.018018018018018018;0.02040816326530612;0.017543859649122806;0.05319148936170213;0.0;0.018691588785046728;0.030303030303030304;0.016129032258064516;0.0;0.06666666666666668;0.03076923076923077;0.032;0.13333333333333333;0.0;0.047619047619047616;0.0510204081632653;0.03260869565217391;0.05555555555555555;0.02127659574468085;0.06666666666666667;0.016260162601626018;0.041474654377880185;0.031578947368421054;0.0;0.04;0.028213166144200625;0.08035714285714285;0.02;0.07894736842105263;0.0;0.07407407407407407;0.017412935323383085;0.06153846153846154;0.00819672131147541;0.08108108108108109;0.05217391304347826;0.0136986301369863
0.0;0.0;0.0;0.0;1.0;0.0;0.0;0.16666666666666669;1.0;0.4;0.06060606060606061;0.07692307692307693;0.16239316239316243;1.0;1.0;0.0;1.0;0.0;1.0;1.0;0.11504424778761062;0.10526315789473684;0.041666666666666664;0.1270718232044199;0.13636363636363635;0.0;0.0;0.0;0.08695652173913043;0.0;0.08074534161490683;0.0;0.11206896551724138;0.12757201646090535;0.015873015873015872;0.0;0.08;0.0;0.1875;0.0;0.11538461538461538;0.10227272727272728;0.09090909090909091;1.0;0.12280701754385964;0.0;0.04761904761904762;0.13063063063063063;0.08163265306122448;0.05263157894736842;0.010638297872340425;0.046875;0.04672897196261682;0.13636363636363635;0.11290322580645162;0.06666666666666667;0.1142857142857143;0.05384615384615385;0.096;0.0;0.08333333333333333;0.047619047619047616;0.07142857142857142;0.16304347826086957;0.027777777777777776;0.1702127659574468;0.05;0.07317073170731708;0.10138248847926268;0.05263157894736842;0.0;0.04;0.10344827586206896;0.19642857142857142;0.04;0.05263157894736842;0.0625;0.1111111111111111;0.10199004975124377;0.03076923076923077;0.09836065573770492;0.02702702702702703;0.0608695652173913;0.0547945205479452
0.0;0.0;0.0;0.0;1.0;0.0;0.0;0.19444444444444448;1.0;0.4;0.030303030303030304;0.23076923076923078;0.15811965811965814;0.0;0.0;0.0;0.0;0.0;0.0;0.0;0.07964601769911504;0.02631578947368421;0.08333333333333333;0.0718232044198895;0.015151515151515152;0.09375;0.07142857142857142;0.0;0.0;0.0;0.043478260869565216;0.043478260869565216;0.03879310344827586;0.06995884773662552;0.031746031746031744;0.0;0.05333333333333334;0.0;0.03125;0.0;0.05769230769230769;0.011363636363636364;0.0;0.0;0.0;0.0;0.028571428571428574;0.06306306306306306;0.08163265306122448;0.017543859649122806;0.0;0.0;0.0;0.10606060606060606;0.043010752688172046;0.03333333333333333;0.0380952380952381;0.0;0.024;0.0;0.0;0.0;0.02040816326530612;0.08695652173913043;0.0;0.06382978723404255;0.0;0.0;0.059907834101382486;0.0;0.0;0.0;0.06583072100313479;0.03571428571428571;0.04;0.02631578947368421;0.0;0.046296296296296294;0.04477611940298507;0.0;0.03278688524590164;0.04054054054054054;0.06521739130434782;0.0
0.0;1.0;1.0;1.0;1.0;1.0;1.0;0.3888888888888889;1.0;0.2;1.0;0.23076923076923078;0.1495726495726496;0.0;0.0;0.0;0.0;0.0;0.0;0.0;0.4424778761061947;0.07894736842105263;0.125;0.46408839779005523;0.12121212121212122;0.03125;0.0;0.0;0.043478260869565216;0.14285714285714285;0.3664596273291925;0.0;0.21551724137931033;0.4032921810699589;0.31746031746031744;0.041666666666666664;0.35333333333333333;0.16666666666666666;0.28125;0.0;0.391025641025641;0.18181818181818182;0.09090909090909091;0.0;0.21052631578947367;0.0;0.09523809523809525;0.38288288288288286;0.42857142857142855;0.08771929824561403;0.0425531914893617;0.015625;0.14953271028037382;0.2727272727272727;0.40860215053763443;0.43333333333333335;0.1904761904761905;0.09230769230769231;0.32;0.2;0.6666666666666666;0.0;0.17346938775510204;0.45652173913043476;0.027777777777777776;0.46099290780141844;0.08333333333333333;0.05691056910569106;0.42857142857142855;0.09473684210526316;0.0;0.16;0.41379310344827586;0.29464285714285715;0.04;0.05263157894736842;0.0625;0.07407407407407407;0.38557213930348255;0.12307692307692308;0.13934426229508198;0.7702702702702703;0.4;0.0
0.0;0.0;1.0;1.0;1.0;0.0;0.0;0.3055555555555555;1.0;0.2;0.030303030303030304;0.0;0.11538461538461539;1.0;0.0;0.0;0.0;0.0;0.0;0.0;0.35398230088495575;0.18421052631578946;0.9166666666666666;0.4198895027624309;0.12121212121212122;0.03125;0.0;0.0;0.08695652173913043;0.2857142857142857;0.24223602484472048;0.30434782608695654;0.4525862068965517;0.18106995884773663;0.1111111111111111;0.041666666666666664;0.2866666666666667;0.16666666666666666;0.09375;0.0;0.34615384615384615;0.36363636363636365;0.09090909090909091;0.0;0.17543859649122806;0.15000000000000002;0.4285714285714286;0.16666666666666666;0.3061224489795918;0.12280701754385964;0.10638297872340426;0.21875;0.514018691588785;0.3939393939393939;0.09677419354838711;0.13333333333333333;0.10476190476190478;0.3230769230769231;0.032;0.0;0.08333333333333333;0.047619047619047616;0.36734693877551017;0.30434782608695654;0.41666666666666663;0.41843971631205673;0.16666666666666666;0.0813008130081301;0.3640552995391705;0.06315789473684211;0.06666666666666667;0.16;0.36990595611285265;0.3125;0.04;0.07894736842105263;0.0;0.21296296296296297;0.31840796019900497;0.16923076923076924;0.22950819672131148;0.945945945945946;0.32173913043478264;0.0
0.0;1.0;0.0;1.0;1.0;1.0;0.0;0.25;1.0;0.2;0.030303030303030304;0.07692307692307693;0.19230769230769235;0.0;1.0;0.0;0.0;0.0;0.0;1.0;0.20353982300884954;0.13157894736842105;0.3125;0.17679558011049723;0.045454545454545456;0.09375;0.14285714285714285;0.0;0.13043478260869565;0.2857142857142857;0.14285714285714285;0.08695652173913043;0.2025862068965517;0.09876543209876544;0.06349206349206349;0.041666666666666664;0.15333333333333335;0.0;0.09375;0.2;0.1794871794871795;0.17045454545454547;0.18181818181818182;0.0;0.017543859649122806;0.2;0.20952380952380956;0.06306306306306306;0.12244897959183673;0.12280701754385964;0.1702127659574468;0.140625;0.23364485981308408;0.09090909090909091;0.03763440860215054;0.03333333333333333;0.13333333333333336;0.2153846153846154;0.008;0.06666666666666667;0.0;0.09523809523809523;0.29591836734693877;0.08695652173913043;0.08333333333333333;0.18439716312056736;0.11666666666666667;0.07317073170731708;0.12442396313364056;0.08421052631578947;0.06666666666666667;0.0;0.12852664576802508;0.2232142857142857;0.16;0.02631578947368421;0.0625;0.12962962962962962;0.13930348258706468;0.2;0.1557377049180328;0.3918918918918919;0.17391304347826086;0.0
0.0;0.0;0.0;0.0;1.0;0.0;0.0;0.19444444444444448;1.0;0.4;0.06060606060606061;0.07692307692307693;0.11111111111111113;0.0;0.0;0.0;0.0;0.0;0.0;0.0;0.02654867256637168;0.18421052631578946;0.125;0.2541436464088398;0.12121212121212122;0.03125;0.07142857142857142;0.0;0.2608695652173913;0.0;0.13664596273291924;0.08695652173913043;0.22844827586206895;0.11522633744855967;0.0;0.08333333333333333;0.06666666666666667;0.0;0.09375;0.2;0.08974358974358974;0.2272727272727273;0.09090909090909091;0.0;0.21052631578947367;0.05;0.1619047619047619;0.13513513513513514;0.18367346938775508;0.07017543859649122;0.0425531914893617;0.125;0.21495327102803738;0.12121212121212122;0.043010752688172046;0.1;0.12380952380952384;0.16923076923076924;0.024;0.06666666666666667;0.16666666666666666;0.0;0.26530612244897955;0.11956521739130435;0.2222222222222222;0.20567375886524822;0.16666666666666666;0.032520325203252036;0.16589861751152074;0.08421052631578947;0.06666666666666667;0.0;0.15047021943573669;0.26785714285714285;0.04;0.10526315789473684;0.0;0.32407407407407407;0.10199004975124377;0.15384615384615385;0.22950819672131148;0.21621621621621623;0.23478260869565218;0.0
0.0;1.0;1.0;1.0;1.0;0.0;1.0;0.16666666666666669;1.0;0.2;0.06060606060606061;0.07692307692307693;0.10683760683760685;0.0;1.0;0.0;0.0;0.0;1.0;1.0;0.008849557522123894;0.13157894736842105;0.1875;0.055248618784530384;0.045454545454545456;0.03125;0.0;0.0;0.13043478260869565;0.14285714285714285;0.024844720496894408;0.08695652173913043;0.125;0.03292181069958848;0.031746031746031744;0.041666666666666664;0.02;0.0;0.1875;0.2;0.07692307692307693;0.07954545454545454;0.0;0.0;0.10526315789473684;0.05;0.09523809523809525;0.04954954954954955;0.02040816326530612;0.05263157894736842;0.06382978723404255;0.0625;0.07476635514018691;0.030303030303030304;0.043010752688172046;0.06666666666666667;0.0761904761904762;0.06923076923076923;0.016;0.0;0.16666666666666666;0.047619047619047616;0.14285714285714285;0.021739130434782608;0.1111111111111111;0.0921985815602837;0.08333333333333333;0.04878048780487805;0.08294930875576037;0.042105263157894736;0.06666666666666667;0.0;0.06896551724137931;0.13392857142857142;0.02;0.05263157894736842;0.0;0.08333333333333333;0.062189054726368154;0.015384615384615385;0.07377049180327869;0.1891891891891892;0.08695652173913043;0.0136986301369863
0.0;1.0;0.0;1.0;1.0;0.0;1.0;0.3611111111111111;1.0;0.2;0.06060606060606061;0.15384615384615385;0.12393162393162396;0.0;1.0;0.0;0.0;0.0;0.0;1.0;0.11504424778761062;0.21052631578947367;0.2708333333333333;0.19337016574585636;0.10606060606060606;0.0625;0.07142857142857142;0.0;0.13043478260869565;0.2857142857142857;0.11180124223602483;0.0;0.21982758620689655;0.102880658436214;0.047619047619047616;0.041666666666666664;0.07333333333333333;0.3333333333333333;0.09375;0.0;0.1346153846153846;0.1590909090909091;0.0;0.5;0.12280701754385964;0.05;0.17142857142857143;0.08108108108108109;0.24489795918367346;0.14035087719298245;0.11702127659574468;0.109375;0.17757009345794392;0.18181818181818182;0.05376344086021506;0.1;0.13333333333333336;0.15384615384615385;0.056;0.06666666666666667;0.16666666666666666;0.3333333333333333;0.17346938775510204;0.10869565217391304;0.1111111111111111;0.19148936170212766;0.18333333333333332;0.04878048780487805;0.07373271889400922;0.16842105263157894;0.06666666666666667;0.04;0.18181818181818182;0.16964285714285712;0.02;0.10526315789473684;0.0;0.12962962962962962;0.14925373134328357;0.12307692307692308;0.18032786885245902;0.2702702702702703;0.1782608695652174;0.0
0.0;1.0;1.0;1.0;0.0;0.0;1.0;0.4444444444444445;1.0;0.2;0.06060606060606061;0.15384615384615385;0.08974358974358976;0.0;0.0;0.0;0.0;0.0;0.0;0.0;0.21238938053097345;0.05263157894736842;0.4375;0.30939226519337015;0.07575757575757576;0.0;0.0;0.0;0.21739130434782608;0.07142857142857142;0.18012422360248445;0.08695652173913043;0.21120689655172414;0.18930041152263377;0.1111111111111111;0.0;0.16666666666666669;0.3333333333333333;0.1875;0.2;0.1858974358974359;0.25;0.0;0.0;0.24561403508771928;0.05;0.09523809523809525;0.19369369369369369;0.4081632653061224;0.10526315789473684;0.05319148936170213;0.03125;0.12149532710280372;0.19696969696969696;0.15053763440860216;0.23333333333333334;0.1904761904761905;0.1;0.024;0.3333333333333333;0.16666666666666666;0.19047619047619047;0.13265306122448978;0.32608695652173914;0.1388888888888889;0.21985815602836878;0.11666666666666667;0.008130081300813009;0.18433179723502305;0.10526315789473684;0.13333333333333333;0.04;0.25391849529780564;0.1607142857142857;0.04;0.07894736842105263;0.0625;0.18518518518518517;0.19154228855721392;0.1076923076923077;0.05737704918032787;0.06756756756756757;0.1565217391304348;0.0958904109589041
1.0;0.0;1.0;1.0;1.0;0.0;0.0;0.8888888888888888;1.0;0.2;0.09090909090909091;0.07692307692307693;0.43162393162393164;1.0;1.0;1.0;1.0;0.0;1.0;0.0;0.25663716814159293;0.2894736842105263;0.29166666666666663;0.4419889502762431;0.6818181818181819;0.5;0.5714285714285714;0.36363636363636365;0.6086956521739131;0.7142857142857142;0.2670807453416149;0.34782608695652173;0.7456896551724138;0.2592592592592593;0.09523809523809523;0.5833333333333333;0.16666666666666669;0.3333333333333333;0.59375;0.6000000000000001;0.41025641025641024;0.7272727272727273;0.2727272727272727;0.0;0.6666666666666666;0.5;0.5714285714285715;0.22522522522522523;0.3469387755102041;0.5789473684210527;0.40425531914893614;0.671875;0.6728971962616822;0.2272727272727273;0.11290322580645162;0.36666666666666664;0.4952380952380953;0.5307692307692308;0.152;0.6666666666666666;0.6666666666666666;0.3333333333333333;0.7959183673469387;0.2826086956521739;0.5833333333333333;0.4680851063829787;0.7;0.3089430894308943;0.12442396313364056;1.0;0.4666666666666667;0.12;0.46708463949843254;0.6696428571428571;0.34;0.6052631578947368;0.5;0.8888888888888888;0.35074626865671643;0.3384615384615385;0.39344262295081966;0.7297297297297298;0.5347826086956522;0.1780821917808219
1.0;0.0;0.0;0.0;1.0;0.0;0.0;0.1388888888888889;0.0;0.0;0.06060606060606061;0.15384615384615385;0.1495726495726496;1.0;0.0;1.0;1.0;1.0;0.0;0.0;0.2920353982300885;0.5263157894736842;0.3125;0.2983425414364641;0.42424242424242425;0.5;0.5714285714285714;0.24242424242424243;0.4782608695652174;0.42857142857142855;0.23602484472049687;0.17391304347826086;0.603448275862069;0.16872427983539096;0.015873015873015872;0.3333333333333333;0.12666666666666668;0.16666666666666666;0.4375;0.4;0.33974358974358976;0.4431818181818182;0.36363636363636365;0.0;0.47368421052631576;0.325;0.5523809523809524;0.13513513513513514;0.12244897959183673;0.3684210526315789;0.35106382978723405;0.4375;0.5327102803738317;0.19696969696969696;0.0913978494623656;0.06666666666666667;0.3904761904761905;0.38461538461538464;0.20800000000000002;0.26666666666666666;0.3333333333333333;0.7142857142857142;0.4897959183673469;0.17391304347826086;0.8333333333333333;0.3049645390070922;0.55;0.21951219512195125;0.11059907834101382;0.7368421052631579;0.4;0.12;0.36990595611285265;0.46428571428571425;0.22;0.5526315789473684;0.125;0.6666666666666666;0.26119402985074625;0.4153846153846154;0.45901639344262296;0.3783783783783784;0.32173913043478264;0.2876712328767123
0.0;1.0;1.0;1.0;1.0;0.0;0.0;0.3333333333333333;0.0;0.0;0.09090909090909091;0.15384615384615385;0.09401709401709404;0.0;0.0;0.0;0.0;0.0;0.0;0.0;0.21238938053097345;0.3684210526315789;0.14583333333333331;0.30386740331491713;0.12121212121212122;0.03125;0.0;0.0;0.17391304347826086;0.07142857142857142;0.21118012422360247;0.043478260869565216;0.23275862068965517;0.18930041152263377;0.09523809523809523;0.08333333333333333;0.21333333333333335;0.16666666666666666;0.15625;0.2;0.2692307692307692;0.13636363636363635;0.09090909090909091;0.0;0.10526315789473684;0.0;0.13333333333333336;0.18018018018018017;0.2857142857142857;0.12280701754385964;0.031914893617021274;0.09375;0.12149532710280372;0.25757575757575757;0.13440860215053765;0.36666666666666664;0.13333333333333336;0.07692307692307693;0.048;0.06666666666666667;0.0;0.09523809523809523;0.1020408163265306;0.30434782608695654;0.0;0.2695035460992908;0.11666666666666667;0.05691056910569106;0.2304147465437788;0.05263157894736842;0.0;0.16;0.26332288401253917;0.16964285714285712;0.04;0.10526315789473684;0.0;0.08333333333333333;0.2288557213930348;0.09230769230769231;0.13934426229508198;0.12162162162162163;0.2521739130434783;0.0
0.0;1.0;1.0;1.0;1.0;1.0;0.0;0.25;1.0;0.2;0.06060606060606061;0.07692307692307693;0.21794871794871798;0.0;1.0;1.0;0.0;1.0;0.0;1.0;0.04424778761061947;0.02631578947368421;0.020833333333333332;0.027624309392265192;0.13636363636363635;0.1875;0.21428571428571427;0.06060606060606061;0.08695652173913043;0.0;0.037267080745341616;0.0;0.125;0.02880658436213992;0.0;0.0;0.02666666666666667;0.0;0.0;0.2;0.05128205128205128;0.09090909090909091;0.0;0.0;0.14035087719298245;0.07500000000000001;0.08571428571428572;0.02252252252252252;0.02040816326530612;0.10526315789473684;0.031914893617021274;0.078125;0.02803738317757009;0.10606060606060606;0.03225806451612903;0.0;0.0761904761904762;0.06153846153846154;0.048;0.26666666666666666;0.08333333333333333;0.0;0.16326530612244897;0.043478260869565216;0.027777777777777776;0.06382978723404255;0.06666666666666667;0.11382113821138212;0.07373271889400922;0.05263157894736842;0.0;0.0;0.04075235109717868;0.14285714285714285;0.12;0.15789473684210525;0.0625;0.12962962962962962;0.04228855721393035;0.046153846153846156;0.02459016393442623;0.17567567567567569;0.08260869565217391;0.0136986301369863
0.0;1.0;1.0;1.0;1.0;1.0;0.0;0.25;0.0;0.0;0.06060606060606061;0.0;0.06837606837606838;0.0;0.0;0.0;0.0;0.0;0.0;0.0;0.061946902654867256;0.07894736842105263;0.020833333333333332;0.13812154696132595;0.15151515151515152;0.1875;0.3571428571428571;0.15151515151515152;0.08695652173913043;0.07142857142857142;0.09316770186335403;0.043478260869565216;0.2543103448275862;0.0617283950617284;0.031746031746031744;0.16666666666666666;0.07333333333333333;0.0;0.15625;0.0;0.1282051282051282;0.17045454545454547;0.0;0.0;0.17543859649122806;0.4;0.2761904761904762;0.04954954954954955;0.0;0.10526315789473684;0.30851063829787234;0.109375;0.2616822429906542;0.07575757575757576;0.021505376344086023;0.0;0.17142857142857146;0.16923076923076924;0.112;0.13333333333333333;0.08333333333333333;0.09523809523809523;0.26530612244897955;0.06521739130434782;0.25;0.14184397163120566;0.2;0.04878048780487805;0.059907834101382486;0.3263157894736842;0.3333333333333333;0.12;0.13166144200626959;0.21428571428571427;0.18;0.2894736842105263;0.0625;0.32407407407407407;0.08955223880597014;0.15384615384615385;0.12295081967213116;0.24324324324324326;0.21304347826086956;0.0136986301369863
0.0;0.0;0.0;0.0;0.0;0.0;0.0;0.4444444444444445;0.0;0.0;0.030303030303030304;0.0;0.10256410256410259;0.0;1.0;1.0;0.0;0.0;1.0;1.0;0.11504424778761062;0.13157894736842105;0.020833333333333332;0.04419889502762431;0.15151515151515152;0.15625;0.07142857142857142;0.12121212121212122;0.043478260869565216;0.07142857142857142;0.024844720496894408;0.0;0.15517241379310345;0.04526748971193416;0.015873015873015872;0.041666666666666664;0.04666666666666667;0.16666666666666666;0.09375;0.0;0.08974358974358974;0.14772727272727273;0.0;0.0;0.12280701754385964;0.17500000000000002;0.1523809523809524;0.018018018018018018;0.0;0.08771929824561403;0.13829787234042554;0.078125;0.11214953271028036;0.06060606060606061;0.02688172043010753;0.0;0.1523809523809524;0.11538461538461539;0.064;0.06666666666666667;0.08333333333333333;0.09523809523809523;0.17346938775510204;0.05434782608695652;0.05555555555555555;0.07801418439716312;0.16666666666666666;0.06504065040650407;0.041474654377880185;0.12631578947368421;0.26666666666666666;0.0;0.07836990595611285;0.14285714285714285;0.12;0.3421052631578947;0.0625;0.12037037037037036;0.07462686567164178;0.1076923076923077;0.12295081967213116;0.02702702702702703;0.026086956521739132;0.2602739726027397
0.0;0.0;1.0;1.0;0.0;1.0;0.0;0.19444444444444448;1.0;0.2;0.06060606060606061;0.07692307692307693;0.12393162393162396;1.0;1.0;0.0;1.0;0.0;0.0;1.0;0.1592920353982301;0.07894736842105263;0.08333333333333333;0.19337016574585636;0.36363636363636365;0.21875;0.2857142857142857;0.09090909090909091;0.17391304347826086;0.14285714285714285;0.18012422360248445;0.17391304347826086;0.3318965517241379;0.15637860082304528;0.015873015873015872;0.041666666666666664;0.12000000000000001;0.0;0.3125;0.0;0.2756410256410256;0.1590909090909091;0.09090909090909091;0.0;0.2807017543859649;0.125;0.2380952380952381;0.18468468468468469;0.14285714285714285;0.17543859649122806;0.1595744680851064;0.125;0.205607476635514;0.16666666666666669;0.14516129032258066;0.06666666666666667;0.21904761904761907;0.15384615384615385;0.112;0.3333333333333333;0.25;0.3333333333333333;0.22448979591836732;0.2717391304347826;0.1111111111111111;0.2624113475177305;0.26666666666666666;0.2682926829268293;0.22119815668202764;0.14736842105263157;0.06666666666666667;0.04;0.20689655172413793;0.24107142857142855;0.44;0.10526315789473684;0.25;0.25;0.208955223880597;0.046153846153846156;0.0819672131147541;0.08108108108108109;0.1391304347826087;0.2054794520547945
0.0;1.0;1.0;1.0;1.0;1.0;1.0;0.3055555555555555;0.0;0.0;0.0;0.15384615384615385;0.0982905982905983;0.0;0.0;0.0;0.0;0.0;0.0;0.0;0.25663716814159293;0.07894736842105263;0.0625;0.30386740331491713;0.15151515151515152;0.03125;0.0;0.0;0.08695652173913043;0.07142857142857142;0.23602484472049687;0.21739130434782608;0.14655172413793102;0.23045267489711935;0.19047619047619047;0.0;0.30000000000000004;0.0;0.09375;0.0;0.23717948717948717;0.06818181818181818;0.0;0.0;0.12280701754385964;0.025;0.028571428571428574;0.23873873873873874;0.5306122448979591;0.05263157894736842;0.05319148936170213;0.03125;0.037383177570093455;0.19696969696969696;0.24731182795698928;0.3;0.14285714285714288;0.038461538461538464;0.016;0.0;0.16666666666666666;0.0;0.14285714285714285;0.30434782608695654;0.05555555555555555;0.2836879432624113;0.0;0.024390243902439025;0.19815668202764977;0.010526315789473684;0.0;0.04;0.2476489028213166;0.1875;0.02;0.05263157894736842;0.0;0.046296296296296294;0.2288557213930348;0.046153846153846156;0.06557377049180328;0.44594594594594594;0.2521739130434783;0.0
0.0;0.0;1.0;1.0;1.0;1.0;0.0;0.055555555555555566;1.0;0.2;0.0;0.07692307692307693;0.047008547008547015;0.0;1.0;0.0;0.0;0.0;0.0;1.0;0.1592920353982301;0.23684210526315788;0.0;0.19337016574585636;0.16666666666666669;0.125;0.0;0.0;0.13043478260869565;0.14285714285714285;0.08695652173913043;0.13043478260869565;0.20689655172413793;0.08641975308641976;0.06349206349206349;0.08333333333333333;0.13333333333333333;0.0;0.125;0.2;0.10897435897435898;0.1590909090909091;0.0;0.0;0.14035087719298245;0.17500000000000002;0.1904761904761905;0.07207207207207207;0.14285714285714285;0.12280701754385964;0.1595744680851064;0.078125;0.18691588785046728;0.06060606060606061;0.03763440860215054;0.1;0.1904761904761905;0.23076923076923078;0.032;0.13333333333333333;0.0;0.09523809523809523;0.19387755102040816;0.11956521739130435;0.1388888888888889;0.06382978723404255;0.26666666666666666;0.07317073170731708;0.08755760368663594;0.07368421052631578;0.0;0.04;0.14733542319749218;0.1875;0.08;0.05263157894736842;0.0625;0.12037037037037036;0.13681592039800994;0.3384615384615385;0.29508196721311475;0.1891891891891892;0.17391304347826086;0.0
0.0;0.0;0.0;0.0;0.0;0.0;0.0;0.25;0.0;0.0;0.06060606060606061;0.0;0.19230769230769235;0.0;0.0;1.0;0.0;1.0;0.0;0.0;0.45132743362831856;0.2631578947368421;0.25;0.3425414364640884;0.6060606060606061;0.46875;0.42857142857142855;0.7575757575757576;0.30434782608695654;0.5714285714285714;0.21118012422360247;0.21739130434782608;0.6724137931034483;0.1769547325102881;0.031746031746031744;0.25;0.22666666666666668;0.3333333333333333;0.3125;0.2;0.358974358974359;0.42045454545454547;0.36363636363636365;0.0;0.8070175438596491;0.9750000000000001;0.6571428571428573;0.06306306306306306;0.18367346938775508;0.6491228070175439;0.7340425531914894;0.71875;0.514018691588785;0.10606060606060606;0.05376344086021506;0.03333333333333333;0.6095238095238096;0.7153846153846154;0.16;0.3333333333333333;0.6666666666666666;0.47619047619047616;0.7755102040816326;0.19565217391304346;0.6666666666666666;0.3829787234042553;0.6;0.33333333333333337;0.24423963133640553;0.43157894736842106;0.3333333333333333;0.08;0.3793103448275862;0.5446428571428571;0.36;0.5789473684210527;0.625;0.5555555555555556;0.3383084577114428;0.3230769230769231;0.4754098360655738;0.9594594594594595;0.40869565217391307;0.0958904109589041
0.0;1.0;1.0;1.0;1.0;1.0;1.0;0.4166666666666667;1.0;0.2;0.09090909090909091;0.07692307692307693;0.12393162393162396;0.0;0.0;0.0;0.0;0.0;0.0;0.0;0.47787610619469023;0.02631578947368421;0.8958333333333333;0.5027624309392266;0.13636363636363635;0.0625;0.0;0.0;0.17391304347826086;0.0;0.3416149068322981;0.8260869565217391;0.30603448275862066;0.36625514403292186;0.23809523809523808;0.0;0.4;0.0;0.125;0.0;0.3846153846153846;0.2727272727272727;0.09090909090909091;0.0;0.07017543859649122;0.125;0.37142857142857144;0.17117117117117117;0.7551020408163265;0.10526315789473684;0.18085106382978722;0.203125;0.35514018691588783;0.33333333333333337;0.19892473118279572;0.36666666666666664;0.18095238095238098;0.2923076923076923;0.112;0.13333333333333333;0.08333333333333333;0.19047619047619047;0.4081632653061224;0.33695652173913043;0.16666666666666666;0.43971631205673756;0.1;0.04065040650406505;0.3225806451612903;0.1368421052631579;0.0;0.04;0.45454545454545453;0.23214285714285712;0.06;0.07894736842105263;0.0625;0.17592592592592593;0.3756218905472637;0.23076923076923078;0.1557377049180328;0.7162162162162162;0.4608695652173913;0.0
1.0;0.0;0.0;0.0;0.0;0.0;0.0;0.11111111111111109;0.0;0.0;0.0;0.0;0.047008547008547015;0.0;1.0;0.0;0.0;0.0;0.0;1.0;0.24778761061946902;0.13157894736842105;0.0;0.18232044198895025;0.36363636363636365;0.125;0.2857142857142857;0.0;0.13043478260869565;0.21428571428571427;0.14906832298136646;0.13043478260869565;0.3017241379310345;0.09053497942386832;0.07936507936507936;0.16666666666666666;0.060000000000000005;0.0;0.15625;0.0;0.20512820512820512;0.18181818181818182;0.0;0.0;0.07017543859649122;0.125;0.4190476190476191;0.06756756756756757;0.1020408163265306;0.03508771929824561;0.18085106382978722;0.171875;0.44859813084112143;0.07575757575757576;0.03225806451612903;0.06666666666666667;0.0761904761904762;0.26153846153846155;0.10400000000000001;0.26666666666666666;0.16666666666666666;0.23809523809523808;0.22448979591836732;0.20652173913043478;0.25;0.2624113475177305;0.13333333333333333;0.15447154471544716;0.07834101382488479;0.16842105263157894;0.13333333333333333;0.0;0.16614420062695925;0.29464285714285715;0.2;0.21052631578947367;0.125;0.16666666666666666;0.18407960199004975;0.27692307692307694;0.319672131147541;0.08108108108108109;0.043478260869565216;0.8082191780821917
0.0;1.0;1.0;1.0;1.0;1.0;1.0;0.3333333333333333;0.0;0.0;0.0;0.0;0.04273504273504274;0.0;0.0;0.0;0.0;0.0;0.0;0.0;0.19469026548672566;0.10526315789473684;0.0625;0.3812154696132597;0.09090909090909091;0.0;0.0;0.0;0.17391304347826086;0.07142857142857142;0.17391304347826086;0.17391304347826086;0.27155172413793105;0.1440329218106996;0.031746031746031744;0.041666666666666664;0.17333333333333334;0.0;0.0625;0.0;0.21794871794871795;0.17045454545454547;0.18181818181818182;0.0;0.12280701754385964;0.05;0.1523809523809524;0.14864864864864866;0.3877551020408163;0.22807017543859648;0.05319148936170213;0.078125;0.14953271028037382;0.12121212121212122;0.11827956989247312;0.23333333333333334;0.20952380952380956;0.13846153846153847;0.032;0.0;0.16666666666666666;0.19047619047619047;0.17346938775510204;0.2608695652173913;0.16666666666666666;0.3404255319148936;0.08333333333333333;0.016260162601626018;0.14746543778801843;0.1368421052631579;0.13333333333333333;0.0;0.2570532915360501;0.13392857142857142;0.04;0.10526315789473684;0.0;0.28703703703703703;0.15920398009950248;0.09230769230769231;0.11475409836065574;0.33783783783783783;0.2782608695652174;0.0
1.0;0.0;0.0;1.0;0.0;0.0;0.0;0.2222222222222222;1.0;0.2;0.06060606060606061;0.15384615384615385;0.14102564102564105;1.0;0.0;0.0;1.0;0.0;0.0;0.0;0.33628318584070793;0.23684210526315788;0.20833333333333331;0.49723756906077343;0.3181818181818182;0.28125;0.3571428571428571;0.6363636363636364;0.8695652173913043;0.7857142857142857;0.2546583850931677;0.17391304347826086;0.6939655172413793;0.11522633744855967;0.12698412698412698;0.5;0.10666666666666667;0.0;0.59375;0.8;0.2564102564102564;0.5681818181818182;0.2727272727272727;0.0;0.5789473684210527;0.42500000000000004;0.7047619047619048;0.0945945945945946;0.22448979591836732;0.49122807017543857;0.3191489361702128;0.53125;0.5887850467289719;0.06060606060606061;0.06451612903225806;0.06666666666666667;0.5428571428571429;0.5076923076923077;0.184;0.26666666666666666;0.16666666666666666;1.0;0.6530612244897959;0.2391304347826087;0.5833333333333333;0.44680851063829785;0.5;0.15447154471544716;0.11059907834101382;0.9368421052631579;0.5333333333333333;0.08;0.40438871473354226;0.4375;0.36;0.5789473684210527;0.4375;0.8148148148148148;0.25870646766169153;0.8461538461538463;0.7704918032786886;0.41891891891891897;0.48695652173913045;0.0136986301369863
0.0;1.0;0.0;1.0;1.0;0.0;0.0;0.25;1.0;1.0;0.12121212121212122;0.07692307692307693;0.19658119658119663;1.0;0.0;0.0;1.0;0.0;0.0;0.0;0.30973451327433627;0.18421052631578946;0.20833333333333331;0.32044198895027626;0.2272727272727273;0.1875;0.21428571428571427;0.12121212121212122;0.3913043478260869;0.3571428571428571;0.21739130434782608;0.13043478260869565;0.39655172413793105;0.15637860082304528;0.031746031746031744;0.08333333333333333;0.08666666666666667;0.16666666666666666;0.34375;0.4;0.2756410256410256;0.17045454545454547;0.09090909090909091;0.0;0.3508771929824561;0.15000000000000002;0.44761904761904764;0.10810810810810811;0.12244897959183673;0.3157894736842105;0.2765957446808511;0.1875;0.4579439252336448;0.10606060606060606;0.07526881720430108;0.03333333333333333;0.24761904761904766;0.34615384615384615;0.064;0.2;0.08333333333333333;0.2857142857142857;0.4693877551020408;0.17391304347826086;0.3055555555555555;0.21276595744680848;0.35;0.07317073170731708;0.1935483870967742;0.1368421052631579;0.06666666666666667;0.12;0.2946708463949843;0.24107142857142855;0.2;0.23684210526315788;0.0;0.3611111111111111;0.21890547263681592;0.26153846153846155;0.2540983606557377;0.2702702702702703;0.3478260869565218;0.0273972602739726
0.0;0.0;0.0;1.0;1.0;0.0;0.0;0.25;0.0;0.0;0.030303030303030304;0.15384615384615385;0.08974358974358976;0.0;0.0;0.0;0.0;0.0;0.0;0.0;0.17699115044247787;0.02631578947368421;0.3125;0.36464088397790057;0.030303030303030304;0.0;0.0;0.0;0.0;0.14285714285714285;0.13664596273291924;0.043478260869565216;0.2543103448275862;0.1851851851851852;0.06349206349206349;0.0;0.15333333333333335;0.0;0.125;0.0;0.21153846153846154;0.1590909090909091;0.09090909090909091;0.0;0.14035087719298245;0.07500000000000001;0.2;0.11711711711711711;0.3061224489795918;0.08771929824561403;0.0851063829787234;0.1875;0.18691588785046728;0.2878787878787879;0.09677419354838711;0.13333333333333333;0.09523809523809526;0.15384615384615385;0.016;0.06666666666666667;0.08333333333333333;0.09523809523809523;0.21428571428571427;0.22826086956521738;0.027777777777777776;0.3049645390070922;0.05;0.04878048780487805;0.1935483870967742;0.021052631578947368;0.0;0.04;0.2789968652037617;0.14285714285714285;0.04;0.0;0.0;0.21296296296296297;0.19900497512437812;0.07692307692307693;0.09016393442622951;0.2972972972972973;0.32608695652173914;0.0136986301369863
0.0;0.0;1.0;1.0;0.0;0.0;0.0;0.2222222222222222;0.0;0.0;0.06060606060606061;0.07692307692307693;0.0982905982905983;0.0;1.0;1.0;0.0;0.0;1.0;1.0;0.16814159292035397;0.15789473684210525;0.375;0.16574585635359118;0.16666666666666669;0.03125;0.07142857142857142;0.15151515151515152;0.08695652173913043;0.14285714285714285;0.15527950310559005;0.17391304347826086;0.2629310344827586;0.10699588477366256;0.015873015873015872;0.0;0.13333333333333333;0.16666666666666666;0.03125;0.2;0.1282051282051282;0.09090909090909091;0.18181818181818182;0.0;0.3508771929824561;0.42500000000000004;0.28571428571428575;0.018018018018018018;0.04081632653061224;0.19298245614035087;0.23404255319148937;0.3125;0.24299065420560745;0.10606060606060606;0.021505376344086023;0.03333333333333333;0.14285714285714288;0.2692307692307693;0.048;0.06666666666666667;0.08333333333333333;0.38095238095238093;0.26530612244897955;0.11956521739130435;0.027777777777777776;0.15602836879432622;0.26666666666666666;0.12195121951219513;0.12903225806451613;0.042105263157894736;0.06666666666666667;0.0;0.15047021943573669;0.27678571428571425;0.16;0.21052631578947367;0.25;0.25925925925925924;0.13681592039800994;0.2153846153846154;0.21311475409836067;0.41891891891891897;0.19130434782608696;0.0136986301369863
0.0;1.0;1.0;1.0;1.0;1.0;1.0;0.16666666666666669;1.0;0.2;0.06060606060606061;0.0;0.16239316239316243;1.0;0.0;0.0;0.0;0.0;0.0;0.0;0.1504424778761062;0.18421052631578946;0.14583333333333331;0.3425414364640884;0.18181818181818182;0.1875;0.0;0.0;0.21739130434782608;0.0;0.19254658385093165;0.0;0.3017241379310345;0.19753086419753088;0.09523809523809523;0.0;0.17333333333333334;0.0;0.125;0.0;0.30128205128205127;0.20454545454545456;0.09090909090909091;0.0;0.15789473684210525;0.1;0.24761904761904763;0.14414414414414414;0.22448979591836732;0.17543859649122806;0.13829787234042554;0.0625;0.2803738317757009;0.15151515151515152;0.15591397849462366;0.06666666666666667;0.20952380952380956;0.14615384615384616;0.024;0.0;0.08333333333333333;0.047619047619047616;0.3061224489795918;0.2608695652173913;0.1388888888888889;0.36879432624113473;0.08333333333333333;0.04878048780487805;0.1152073732718894;0.07368421052631578;0.0;0.08;0.21630094043887146;0.33928571428571425;0.32;0.0;0.0;0.24074074074074073;0.23134328358208955;0.18461538461538463;0.11475409836065574;0.6486486486486487;0.2956521739130435;0.0
0.0;0.0;0.0;0.0;1.0;0.0;0.0;0.16666666666666669;0.0;0.0;0.030303030303030304;0.07692307692307693;0.15811965811965814;0.0;1.0;0.0;0.0;0.0;0.0;1.0;0.33628318584070793;0.42105263157894735;0.10416666666666666;0.4143646408839779;0.4090909090909091;0.40625;0.5714285714285714;0.33333333333333337;0.4782608695652174;0.2857142857142857;0.22360248447204967;0.34782608695652173;0.5129310344827586;0.32510288065843623;0.07936507936507936;0.16666666666666666;0.24666666666666667;0.5;0.375;0.0;0.3974358974358974;0.48863636363636365;0.5454545454545454;0.5;0.5263157894736842;0.2;0.4571428571428572;0.26576576576576577;0.14285714285714285;0.3684210526315789;0.30851063829787234;0.3125;0.42990654205607476;0.2727272727272727;0.16666666666666669;0.16666666666666666;0.44761904761904764;0.36923076923076925;0.28800000000000003;0.5333333333333333;0.6666666666666666;0.6666666666666666;0.5102040816326531;0.3695652173913043;0.5277777777777778;0.3900709219858156;0.45;0.2520325203252033;0.23963133640552994;0.19999999999999998;0.6;0.4;0.31034482758620685;0.6071428571428571;0.7000000000000001;0.2631578947368421;0.3125;0.37037037037037035;0.39303482587064675;0.4153846153846154;0.42622950819672134;0.4594594594594595;0.3869565217391305;0.0547945205479452
0.0;1.0;0.0;0.0;1.0;0.0;0.0;0.19444444444444448;0.0;0.0;0.12121212121212122;0.38461538461538464;0.12393162393162396;0.0;1.0;0.0;0.0;0.0;1.0;1.0;0.02654867256637168;0.02631578947368421;0.041666666666666664;0.06077348066298342;0.0;0.0;0.0;0.0;0.0;0.0;0.018633540372670808;0.0;0.03879310344827586;0.03292181069958848;0.015873015873015872;0.0;0.03333333333333333;0.0;0.03125;0.0;0.019230769230769232;0.05681818181818182;0.0;0.0;0.0;0.05;0.028571428571428574;0.018018018018018018;0.0;0.03508771929824561;0.031914893617021274;0.015625;0.037383177570093455;0.030303030303030304;0.016129032258064516;0.0;0.028571428571428574;0.038461538461538464;0.0;0.0;0.0;0.047619047619047616;0.0;0.021739130434782608;0.027777777777777776;0.07092198581560284;0.016666666666666666;0.016260162601626018;0.018433179723502304;0.042105263157894736;0.0;0.0;0.04702194357366771;0.017857142857142856;0.0;0.0;0.0;0.027777777777777776;0.02487562189054726;0.0;0.03278688524590164;0.13513513513513514;0.026086956521739132;0.0
0.0;0.0;0.0;0.0;0.0;0.0;0.0;0.19444444444444448;0.0;0.0;0.030303030303030304;0.07692307692307693;0.21794871794871798;0.0;1.0;1.0;1.0;1.0;1.0;1.0;0.11504424778761062;0.15789473684210525;0.041666666666666664;0.11602209944751381;0.16666666666666669;0.09375;0.07142857142857142;0.0;0.21739130434782608;0.21428571428571427;0.06832298136645962;0.0;0.1939655172413793;0.05761316872427984;0.047619047619047616;0.041666666666666664;0.04666666666666667;0.0;0.125;0.0;0.11538461538461538;0.23863636363636365;0.0;0.0;0.14035087719298245;0.15000000000000002;0.13333333333333336;0.036036036036036036;0.02040816326530612;0.19298245614035087;0.14893617021276595;0.0625;0.09345794392523364;0.09090909090909091;0.043010752688172046;0.03333333333333333;0.21904761904761907;0.12307692307692308;0.04;0.13333333333333333;0.08333333333333333;0.047619047619047616;0.26530612244897955;0.05434782608695652;0.08333333333333333;0.10638297872340426;0.11666666666666667;0.032520325203252036;0.041474654377880185;0.06315789473684211;0.4666666666666667;0.0;0.08463949843260188;0.24107142857142855;0.14;0.13157894736842105;0.125;0.16666666666666666;0.09701492537313433;0.1076923076923077;0.10655737704918034;0.17567567567567569;0.15217391304347827;0.0
0.0;0.0;0.0;0.0;0.0;0.0;0.0;0.1388888888888889;0.0;0.0;0.030303030303030304;0.0;0.1324786324786325;0.0;1.0;0.0;1.0;0.0;1.0;1.0;0.07964601769911504;0.15789473684210525;0.10416666666666666;0.12154696132596686;0.09090909090909091;0.03125;0.07142857142857142;0.0;0.043478260869565216;0.0;0.08695652173913043;0.17391304347826086;0.14224137931034483;0.05761316872427984;0.0;0.0;0.08;0.0;0.0625;0.0;0.10897435897435898;0.07954545454545454;0.0;0.0;0.05263157894736842;0.07500000000000001;0.08571428571428572;0.036036036036036036;0.061224489795918366;0.12280701754385964;0.11702127659574468;0.0625;0.12149532710280372;0.06060606060606061;0.048387096774193554;0.03333333333333333;0.10476190476190478;0.11538461538461539;0.048;0.06666666666666667;0.25;0.0;0.09183673469387754;0.13043478260869565;0.1388888888888889;0.11347517730496454;0.08333333333333333;0.04065040650406505;0.04608294930875576;0.06315789473684211;0.06666666666666667;0.08;0.09717868338557993;0.08035714285714285;0.12;0.02631578947368421;0.0625;0.17592592592592593;0.05721393034825871;0.1076923076923077;0.09836065573770492;0.02702702702702703;0.09130434782608696;0.0
0.0;1.0;1.0;1.0;1.0;1.0;1.0;0.2777777777777778;1.0;0.4;0.09090909090909091;0.15384615384615385;0.21367521367521372;0.0;0.0;0.0;0.0;0.0;0.0;0.0;0.5398230088495575;0.4473684210526315;0.3958333333333333;0.8453038674033149;0.24242424242424243;0.0;0.07142857142857142;0.0;0.17391304347826086;0.07142857142857142;0.5714285714285714;0.5652173913043478;0.39655172413793105;0.5843621399176955;0.5714285714285714;0.0;0.62;0.16666666666666666;0.15625;0.0;0.6025641025641025;0.26136363636363635;0.5454545454545454;0.0;0.3157894736842105;0.025;0.1523809523809524;0.6126126126126126;0.836734693877551;0.2807017543859649;0.06382978723404255;0.015625;0.16822429906542055;0.5909090909090909;0.6559139784946237;0.6;0.4285714285714286;0.1076923076923077;0.24;0.13333333333333333;0.3333333333333333;0.14285714285714285;0.3571428571428571;0.6630434782608695;0.05555555555555555;0.6170212765957447;0.23333333333333334;0.2764227642276423;0.5806451612903226;0.07368421052631578;0.0;0.6;0.7084639498432601;0.33035714285714285;0.12;0.2631578947368421;0.0;0.31481481481481477;0.5746268656716418;0.3384615384615385;0.4180327868852459;0.41891891891891897;0.5782608695652174;0.0136986301369863
0.0;0.0;1.0;1.0;1.0;0.0;1.0;0.4166666666666667;1.0;0.2;0.0;0.0;0.358974358974359;1.0;1.0;0.0;1.0;0.0;1.0;1.0;0.1415929203539823;0.21052631578947367;0.08333333333333333;0.27624309392265195;0.19696969696969696;0.125;0.14285714285714285;0.030303030303030304;0.08695652173913043;0.0;0.19254658385093165;0.08695652173913043;0.24568965517241378;0.1769547325102881;0.14285714285714285;0.0;0.19333333333333336;0.0;0.3125;0.2;0.28846153846153844;0.17045454545454547;0.09090909090909091;0.0;0.2807017543859649;0.05;0.13333333333333336;0.25675675675675674;0.12244897959183673;0.17543859649122806;0.06382978723404255;0.0;0.102803738317757;0.24242424242424243;0.19892473118279572;0.26666666666666666;0.2571428571428572;0.06923076923076923;0.192;0.2;0.25;0.09523809523809523;0.16326530612244897;0.2826086956521739;0.08333333333333333;0.22695035460992907;0.18333333333333332;0.1951219512195122;0.2534562211981567;0.05263157894736842;0.13333333333333333;0.12;0.219435736677116;0.2857142857142857;0.12;0.18421052631578946;0.0625;0.1388888888888889;0.22139303482587064;0.07692307692307693;0.04098360655737705;0.20270270270270271;0.2;0.0273972602739726
0.0;1.0;0.0;0.0;0.0;0.0;0.0;0.4166666666666667;1.0;0.4;0.030303030303030304;0.07692307692307693;0.20512820512820515;0.0;1.0;0.0;0.0;0.0;0.0;1.0;0.2654867256637168;0.3157894736842105;0.14583333333333331;0.30939226519337015;0.06060606060606061;0.09375;0.07142857142857142;0.030303030303030304;0.043478260869565216;0.0;0.2795031055900621;0.30434782608695654;0.19827586206896552;0.2592592592592593;0.3492063492063492;0.0;0.36000000000000004;0.16666666666666666;0.1875;0.0;0.2692307692307692;0.17045454545454547;0.18181818181818182;0.0;0.10526315789473684;0.025;0.05714285714285715;0.28378378378378377;0.3877551020408163;0.21052631578947367;0.02127659574468085;0.015625;0.102803738317757;0.2272727272727273;0.3118279569892473;0.36666666666666664;0.24761904761904766;0.06923076923076923;0.264;0.13333333333333333;0.08333333333333333;0.09523809523809523;0.1530612244897959;0.32608695652173914;0.08333333333333333;0.2553191489361702;0.21666666666666667;0.0813008130081301;0.2672811059907834;0.06315789473684211;0.0;0.36;0.3228840125391849;0.1875;0.12;0.13157894736842105;0.125;0.09259259259259259;0.2885572139303483;0.09230769230769231;0.04098360655737705;0.2702702702702703;0.30434782608695654;0.0
0.0;1.0;1.0;1.0;0.0;1.0;1.0;0.3333333333333333;1.0;0.2;0.0;0.07692307692307693;0.16239316239316243;0.0;1.0;0.0;0.0;0.0;0.0;1.0;0.47787610619469023;0.3421052631578947;0.1875;0.6022099447513812;0.09090909090909091;0.0;0.0;0.0;0.043478260869565216;0.07142857142857142;0.37267080745341613;0.5652173913043478;0.2543103448275862;0.42798353909465026;0.4126984126984127;0.08333333333333333;0.31333333333333335;0.3333333333333333;0.3125;0.2;0.5192307692307692;0.14772727272727273;0.2727272727272727;0.0;0.24561403508771928;0.025;0.05714285714285715;0.49099099099099097;0.5714285714285714;0.19298245614035087;0.0;0.03125;0.08411214953271028;0.2878787878787879;0.5053763440860215;0.4666666666666667;0.2761904761904762;0.11538461538461539;0.168;0.06666666666666667;0.3333333333333333;0.2857142857142857;0.14285714285714285;0.5;0.08333333333333333;0.41843971631205673;0.16666666666666666;0.07317073170731708;0.4470046082949309;0.05263157894736842;0.26666666666666666;0.84;0.5141065830721003;0.20535714285714285;0.02;0.10526315789473684;0.0625;0.12037037037037036;0.4253731343283582;0.06153846153846154;0.18852459016393444;0.35135135135135137;0.44782608695652176;0.0
0.0;0.0;0.0;1.0;0.0;0.0;0.0;0.4166666666666667;1.0;0.4;0.09090909090909091;0.23076923076923078;0.17948717948717952;1.0;1.0;0.0;1.0;0.0;1.0;1.0;0.11504424778761062;0.13157894736842105;0.10416666666666666;0.1712707182320442;0.045454545454545456;0.0;0.0;0.0;0.0;0.0;0.09316770186335403;0.08695652173913043;0.15086206896551724;0.11111111111111112;0.09523809523809523;0.0;0.12000000000000001;0.3333333333333333;0.28125;0.0;0.16025641025641024;0.09090909090909091;0.0;0.0;0.08771929824561403;0.025;0.06666666666666668;0.12612612612612611;0.12244897959183673;0.15789473684210525;0.010638297872340425;0.0625;0.07476635514018691;0.18181818181818182;0.08602150537634409;0.16666666666666666;0.13333333333333336;0.07692307692307693;0.04;0.06666666666666667;0.08333333333333333;0.047619047619047616;0.11224489795918366;0.11956521739130435;0.05555555555555555;0.14893617021276595;0.08333333333333333;0.15447154471544716;0.10599078341013825;0.08421052631578947;0.13333333333333333;0.04;0.16614420062695925;0.11607142857142856;0.02;0.15789473684210525;0.0;0.14814814814814814;0.11691542288557213;0.06153846153846154;0.04918032786885246;0.16216216216216217;0.11304347826086956;0.0410958904109589
0.0;0.0;0.0;1.0;1.0;1.0;0.0;0.25;1.0;0.2;0.06060606060606061;0.07692307692307693;0.21794871794871798;1.0;1.0;0.0;1.0;0.0;1.0;1.0;0.10619469026548672;0.2894736842105263;0.1875;0.22099447513812154;0.15151515151515152;0.15625;0.14285714285714285;0.09090909090909091;0.13043478260869565;0.0;0.13043478260869565;0.17391304347826086;0.23706896551724138;0.13991769547325103;0.14285714285714285;0.0;0.14666666666666667;0.0;0.15625;0.2;0.16025641025641024;0.19318181818181818;0.09090909090909091;0.0;0.24561403508771928;0.07500000000000001;0.18095238095238098;0.16666666666666666;0.1020408163265306;0.21052631578947367;0.13829787234042554;0.078125;0.09345794392523364;0.16666666666666669;0.15053763440860216;0.13333333333333333;0.21904761904761907;0.1;0.128;0.06666666666666667;0.0;0.23809523809523808;0.16326530612244897;0.16304347826086957;0.19444444444444442;0.23404255319148934;0.11666666666666667;0.15447154471544716;0.15668202764976957;0.021052631578947368;0.0;0.24;0.219435736677116;0.1875;0.12;0.10526315789473684;0.0625;0.17592592592592593;0.18407960199004975;0.015384615384615385;0.09016393442622951;0.14864864864864866;0.1956521739130435;0.0273972602739726
0.0;0.0;1.0;1.0;1.0;0.0;0.0;0.3055555555555555;1.0;0.2;0.030303030303030304;0.15384615384615385;0.1837606837606838;1.0;1.0;0.0;1.0;0.0;1.0;1.0;0.16814159292035397;0.15789473684210525;0.16666666666666666;0.19889502762430938;0.12121212121212122;0.125;0.14285714285714285;0.0;0.30434782608695654;0.07142857142857142;0.16770186335403725;0.17391304347826086;0.16810344827586207;0.16049382716049385;0.14285714285714285;0.0;0.18000000000000002;0.0;0.28125;0.0;0.15384615384615385;0.17045454545454547;0.2727272727272727;0.0;0.14035087719298245;0.025;0.04761904761904762;0.22972972972972971;0.061224489795918366;0.10526315789473684;0.02127659574468085;0.03125;0.04672897196261682;0.16666666666666669;0.20967741935483872;0.1;0.14285714285714288;0.06153846153846154;0.112;0.13333333333333333;0.16666666666666666;0.14285714285714285;0.13265306122448978;0.18478260869565216;0.2222222222222222;0.18439716312056736;0.13333333333333333;0.0975609756097561;0.14746543778801843;0.031578947368421054;0.0;0.12;0.16614420062695925;0.23214285714285712;0.14;0.10526315789473684;0.0625;0.10185185185185185;0.17661691542288557;0.06153846153846154;0.09836065573770492;0.16216216216216217;0.2;0.0
0.0;1.0;0.0;0.0;1.0;0.0;0.0;0.5833333333333333;1.0;0.2;0.09090909090909091;0.15384615384615385;0.21367521367521372;0.0;0.0;0.0;0.0;0.0;0.0;0.0;0.035398230088495575;0.07894736842105263;0.10416666666666666;0.055248618784530384;0.030303030303030304;0.0625;0.0;0.0;0.043478260869565216;0.0;0.037267080745341616;0.0;0.07758620689655173;0.03703703703703704;0.047619047619047616;0.0;0.04;0.0;0.03125;0.0;0.10256410256410256;0.011363636363636364;0.09090909090909091;0.0;0.07017543859649122;0.025;0.06666666666666668;0.05855855855855856;0.04081632653061224;0.0;0.02127659574468085;0.015625;0.04672897196261682;0.09090909090909091;0.03763440860215054;0.03333333333333333;0.057142857142857155;0.03076923076923077;0.064;0.06666666666666667;0.08333333333333333;0.047619047619047616;0.0510204081632653;0.06521739130434782;0.0;0.0921985815602837;0.05;0.024390243902439025;0.05069124423963134;0.010526315789473684;0.0;0.0;0.05956112852664576;0.0625;0.06;0.02631578947368421;0.0;0.08333333333333333;0.03980099502487562;0.03076923076923077;0.06557377049180328;0.05405405405405406;0.07391304347826087;0.0136986301369863
0.0;0.0;0.0;0.0;0.0;1.0;0.0;0.16666666666666669;0.0;0.0;0.030303030303030304;0.07692307692307693;0.11965811965811968;1.0;1.0;0.0;1.0;0.0;1.0;1.0;0.02654867256637168;0.05263157894736842;0.0;0.08839779005524862;0.045454545454545456;0.0;0.0;0.0;0.043478260869565216;0.0;0.049689440993788817;0.0;0.06465517241379311;0.04526748971193416;0.031746031746031744;0.041666666666666664;0.05333333333333334;0.0;0.09375;0.0;0.038461538461538464;0.06818181818181818;0.09090909090909091;0.0;0.10526315789473684;0.0;0.04761904761904762;0.05855855855855856;0.0;0.017543859649122806;0.02127659574468085;0.0;0.04672897196261682;0.06060606060606061;0.02688172043010753;0.03333333333333333;0.0761904761904762;0.023076923076923078;0.024;0.06666666666666667;0.0;0.047619047619047616;0.061224489795918366;0.08695652173913043;0.05555555555555555;0.0851063829787234;0.05;0.016260162601626018;0.06912442396313365;0.021052631578947368;0.06666666666666667;0.04;0.06583072100313479;0.04464285714285714;0.02;0.07894736842105263;0.0;0.06481481481481481;0.03980099502487562;0.046153846153846156;0.02459016393442623;0.013513513513513514;0.043478260869565216;0.0136986301369863
0.0;1.0;0.0;0.0;1.0;0.0;0.0;0.25;0.0;0.0;0.030303030303030304;0.07692307692307693;0.11538461538461539;0.0;0.0;0.0;0.0;0.0;0.0;0.0;0.2920353982300885;0.18421052631578946;0.1875;0.48066298342541436;0.3181818181818182;0.15625;0.14285714285714285;0.0;0.17391304347826086;0.07142857142857142;0.3664596273291925;0.43478260869565216;0.3103448275862069;0.3868312757201646;0.31746031746031744;0.08333333333333333;0.32;0.0;0.21875;0.0;0.42948717948717946;0.13636363636363635;0.4545454545454546;0.5;0.2631578947368421;0.05;0.13333333333333336;0.36486486486486486;0.4081632653061224;0.3684210526315789;0.0851063829787234;0.0625;0.1308411214953271;0.3939393939393939;0.37634408602150543;0.4666666666666667;0.3333333333333333;0.1;0.096;0.26666666666666666;0.16666666666666666;0.2857142857142857;0.19387755102040816;0.40217391304347827;0.1388888888888889;0.4680851063829787;0.23333333333333334;0.1869918699186992;0.44239631336405527;0.05263157894736842;0.13333333333333333;0.28;0.4106583072100313;0.36607142857142855;0.26;0.23684210526315788;0.1875;0.25925925925925924;0.3805970149253731;0.12307692307692308;0.14754098360655737;0.2567567567567568;0.3086956521739131;0.0410958904109589
0.0;0.0;0.0;1.0;1.0;0.0;0.0;0.25;1.0;0.2;0.06060606060606061;0.0;0.1324786324786325;0.0;1.0;0.0;1.0;0.0;1.0;1.0;0.008849557522123894;0.0;0.020833333333333332;0.011049723756906077;0.015151515151515152;0.0;0.0;0.0;0.0;0.0;0.006211180124223602;0.0;0.01293103448275862;0.01646090534979424;0.015873015873015872;0.0;0.013333333333333334;0.0;0.03125;0.0;0.00641025641025641;0.022727272727272728;0.0;0.0;0.0;0.0;0.028571428571428574;0.009009009009009009;0.02040816326530612;0.0;0.0;0.0;0.018691588785046728;0.030303030303030304;0.010752688172043012;0.0;0.0;0.015384615384615385;0.0;0.0;0.0;0.0;0.02040816326530612;0.021739130434782608;0.0;0.0070921985815602835;0.0;0.008130081300813009;0.009216589861751152;0.021052631578947368;0.0;0.0;0.0219435736677116;0.0;0.0;0.0;0.0;0.0;0.00746268656716418;0.0;0.0;0.0;0.0;0.0410958904109589
0.0;1.0;0.0;0.0;0.0;0.0;0.0;0.3333333333333333;0.0;0.0;0.06060606060606061;0.07692307692307693;0.17948717948717952;1.0;0.0;0.0;1.0;0.0;0.0;0.0;0.07079646017699115;0.02631578947368421;0.020833333333333332;0.09392265193370165;0.07575757575757576;0.03125;0.0;0.0;0.043478260869565216;0.0;0.06211180124223602;0.043478260869565216;0.09482758620689655;0.04938271604938272;0.047619047619047616;0.0;0.03333333333333333;0.16666666666666666;0.125;0.0;0.08333333333333333;0.045454545454545456;0.0;0.0;0.05263157894736842;0.0;0.01904761904761905;0.06306306306306306;0.061224489795918366;0.07017543859649122;0.010638297872340425;0.0;0.02803738317757009;0.07575757575757576;0.10215053763440861;0.03333333333333333;0.057142857142857155;0.015384615384615385;0.088;0.0;0.0;0.09523809523809523;0.04081632653061224;0.06521739130434782;0.1111111111111111;0.07801418439716312;0.06666666666666667;0.024390243902439025;0.08755760368663594;0.0;0.06666666666666667;0.12;0.05642633228840125;0.125;0.08;0.02631578947368421;0.125;0.027777777777777776;0.07213930348258707;0.03076923076923077;0.09836065573770492;0.0;0.04782608695652174;0.0136986301369863
0.0;1.0;1.0;1.0;1.0;1.0;1.0;0.47222222222222227;1.0;0.4;0.0;0.15384615384615385;0.09401709401709404;0.0;0.0;0.0;0.0;0.0;0.0;0.0;0.23893805309734512;0.07894736842105263;0.47916666666666663;0.4475138121546961;0.10606060606060606;0.03125;0.0;0.0;0.08695652173913043;0.0;0.2857142857142857;0.13043478260869565;0.22413793103448276;0.3045267489711934;0.1746031746031746;0.0;0.30000000000000004;0.0;0.21875;0.0;0.3076923076923077;0.13636363636363635;0.36363636363636365;0.0;0.24561403508771928;0.025;0.08571428571428572;0.3018018018018018;0.36734693877551017;0.12280701754385964;0.031914893617021274;0.015625;0.06542056074766354;0.25757575757575757;0.3064516129032258;0.5333333333333333;0.1904761904761905;0.03076923076923077;0.14400000000000002;0.13333333333333333;0.3333333333333333;0.19047619047619047;0.11224489795918366;0.40217391304347827;0.027777777777777776;0.2695035460992908;0.15;0.07317073170731708;0.391705069124424;0.042105263157894736;0.06666666666666667;0.52;0.35423197492163006;0.17857142857142855;0.06;0.07894736842105263;0.0625;0.10185185185185185;0.3009950248756219;0.06153846153846154;0.13114754098360656;0.28378378378378377;0.24782608695652172;0.0684931506849315
0.0;0.0;0.0;1.0;1.0;1.0;0.0;0.25;1.0;0.2;0.06060606060606061;0.23076923076923078;0.07264957264957267;0.0;1.0;0.0;0.0;0.0;0.0;1.0;0.1327433628318584;0.13157894736842105;0.0625;0.1602209944751381;0.13636363636363635;0.0625;0.0;0.0;0.0;0.0;0.12422360248447203;0.08695652173913043;0.15517241379310345;0.11111111111111112;0.12698412698412698;0.0;0.12666666666666668;0.16666666666666666;0.0625;0.0;0.14102564102564102;0.06818181818181818;0.36363636363636365;0.0;0.12280701754385964;0.0;0.0380952380952381;0.17117117117117117;0.12244897959183673;0.07017543859649122;0.02127659574468085;0.0;0.02803738317757009;0.10606060606060606;0.18817204301075272;0.13333333333333333;0.14285714285714288;0.015384615384615385;0.08;0.0;0.0;0.14285714285714285;0.12244897959183673;0.15217391304347827;0.08333333333333333;0.15602836879432622;0.05;0.04878048780487805;0.17050691244239632;0.031578947368421054;0.0;0.12;0.13793103448275862;0.20535714285714285;0.06;0.10526315789473684;0.0;0.06481481481481481;0.14676616915422885;0.06153846153846154;0.05737704918032787;0.17567567567567569;0.19130434782608696;0.0
0.0;1.0;1.0;1.0;0.0;0.0;0.0;0.3055555555555555;1.0;0.4;0.12121212121212122;0.07692307692307693;0.021367521367521368;1.0;0.0;0.0;0.0;0.0;0.0;0.0;0.12389380530973451;0.07894736842105263;0.0625;0.1712707182320442;0.10606060606060606;0.03125;0.0;0.0;0.08695652173913043;0.14285714285714285;0.08074534161490683;0.13043478260869565;0.1853448275862069;0.06584362139917696;0.06349206349206349;0.041666666666666664;0.10666666666666667;0.16666666666666666;0.09375;0.0;0.14743589743589744;0.07954545454545454;0.0;0.5;0.17543859649122806;0.05;0.1619047619047619;0.04054054054054054;0.14285714285714285;0.2631578947368421;0.09574468085106383;0.015625;0.11214953271028036;0.13636363636363635;0.03763440860215054;0.06666666666666667;0.20000000000000004;0.15384615384615385;0.07200000000000001;0.13333333333333333;0.25;0.09523809523809523;0.1020408163265306;0.09782608695652173;0.08333333333333333;0.11347517730496454;0.15;0.04065040650406505;0.12903225806451613;0.06315789473684211;0.0;0.0;0.12225705329153604;0.1875;0.04;0.18421052631578946;0.0625;0.17592592592592593;0.09701492537313433;0.18461538461538463;0.20491803278688525;0.2567567567567568;0.16956521739130434;0.0
0.0;0.0;0.0;1.0;0.0;0.0;0.0;0.3055555555555555;1.0;0.2;0.15151515151515152;0.0;0.17948717948717952;1.0;1.0;0.0;1.0;0.0;0.0;1.0;0.12389380530973451;0.13157894736842105;0.041666666666666664;0.06629834254143646;0.2272727272727273;0.21875;0.3571428571428571;0.24242424242424243;0.2608695652173913;0.07142857142857142;0.12422360248447203;0.043478260869565216;0.25;0.03703703703703704;0.047619047619047616;0.08333333333333333;0.06666666666666667;0.0;0.125;0.0;0.0641025641025641;0.2159090909090909;0.2727272727272727;0.0;0.24561403508771928;0.2;0.2285714285714286;0.04504504504504504;0.02040816326530612;0.21052631578947367;0.20212765957446807;0.265625;0.16822429906542055;0.07575757575757576;0.010752688172043012;0.06666666666666667;0.2380952380952381;0.26153846153846155;0.112;0.3333333333333333;0.5833333333333333;0.19047619047619047;0.26530612244897955;0.07608695652173914;0.2222222222222222;0.10638297872340426;0.25;0.13821138211382114;0.11981566820276497;0.12631578947368421;0.2;0.04;0.11912225705329153;0.16964285714285712;0.24;0.2631578947368421;0.1875;0.28703703703703703;0.0845771144278607;0.2;0.2213114754098361;0.2702702702702703;0.16521739130434782;0.0
0.0;1.0;1.0;1.0;1.0;1.0;1.0;0.4166666666666667;0.0;0.0;0.030303030303030304;0.15384615384615385;0.13675213675213677;0.0;0.0;0.0;0.0;0.0;0.0;0.0;0.5132743362831859;0.15789473684210525;0.3958333333333333;0.8011049723756906;0.15151515151515152;0.0625;0.0;0.0;0.21739130434782608;0.14285714285714285;0.5031055900621118;0.2608695652173913;0.46551724137931033;0.4526748971193416;0.20634920634920634;0.0;0.34;0.0;0.1875;0.0;0.4615384615384615;0.20454545454545456;0.09090909090909091;0.0;0.2631578947368421;0.05;0.1619047619047619;0.3918918918918919;0.673469387755102;0.3157894736842105;0.09574468085106383;0.078125;0.2803738317757009;0.48484848484848486;0.40322580645161293;0.5;0.37142857142857144;0.19230769230769232;0.184;0.13333333333333333;0.25;0.23809523809523808;0.5714285714285714;0.3804347826086956;0.2222222222222222;0.6595744680851063;0.08333333333333333;0.04065040650406505;0.7465437788018433;0.042105263157894736;0.0;0.28;0.6269592476489028;0.21428571428571427;0.12;0.10526315789473684;0.0;0.31481481481481477;0.47761194029850745;0.13846153846153847;0.4180327868852459;0.6351351351351352;0.5347826086956522;0.0136986301369863
0.0;0.0;0.0;0.0;0.0;0.0;0.0;0.16666666666666669;1.0;0.4;0.09090909090909091;0.07692307692307693;0.06837606837606838;1.0;1.0;0.0;1.0;0.0;1.0;1.0;0.04424778761061947;0.05263157894736842;0.0;0.03314917127071823;0.015151515151515152;0.03125;0.0;0.06060606060606061;0.13043478260869565;0.21428571428571427;0.018633540372670808;0.043478260869565216;0.034482758620689655;0.02469135802469136;0.015873015873015872;0.0;0.02666666666666667;0.0;0.03125;0.0;0.019230769230769232;0.045454545454545456;0.0;0.0;0.03508771929824561;0.05;0.01904761904761905;0.009009009009009009;0.0;0.05263157894736842;0.031914893617021274;0.0625;0.02803738317757009;0.015151515151515152;0.010752688172043012;0.06666666666666667;0.01904761904761905;0.05384615384615385;0.024;0.13333333333333333;0.16666666666666666;0.047619047619047616;0.07142857142857142;0.021739130434782608;0.05555555555555555;0.0070921985815602835;0.016666666666666666;0.032520325203252036;0.03686635944700461;0.010526315789473684;0.06666666666666667;0.0;0.028213166144200625;0.04464285714285714;0.0;0.07894736842105263;0.0;0.046296296296296294;0.01243781094527363;0.015384615384615385;0.04918032786885246;0.04054054054054054;0.034782608695652174;0.0
0.0;0.0;0.0;1.0;0.0;0.0;0.0;0.3611111111111111;1.0;0.6000000000000001;0.15151515151515152;0.23076923076923078;0.19230769230769235;1.0;0.0;1.0;0.0;1.0;0.0;0.0;0.4424778761061947;0.4473684210526315;0.020833333333333332;0.3591160220994475;0.4545454545454546;0.34375;0.6428571428571428;0.3939393939393939;0.2608695652173913;0.5;0.2546583850931677;0.17391304347826086;0.5905172413793104;0.1851851851851852;0.1111111111111111;0.16666666666666666;0.09333333333333334;0.16666666666666666;0.4375;0.4;0.3141025641025641;0.36363636363636365;0.2727272727272727;0.0;0.7192982456140351;0.35000000000000003;0.4285714285714286;0.14414414414414414;0.12244897959183673;0.6666666666666666;0.425531914893617;0.296875;0.32710280373831774;0.2272727272727273;0.10215053763440861;0.1;0.6571428571428573;0.4461538461538462;0.28;0.4666666666666667;0.3333333333333333;0.38095238095238093;0.5612244897959183;0.19565217391304346;0.38888888888888884;0.3120567375886525;0.45;0.1788617886178862;0.3870967741935484;0.18947368421052632;0.3333333333333333;0.0;0.329153605015674;0.5446428571428571;0.44;0.6842105263157894;0.625;0.5925925925925926;0.29850746268656714;0.3230769230769231;0.4426229508196722;0.5810810810810811;0.4173913043478261;0.0273972602739726
0.0;1.0;0.0;1.0;0.0;0.0;0.0;0.19444444444444448;1.0;0.6000000000000001;0.030303030303030304;0.23076923076923078;0.12393162393162396;1.0;0.0;0.0;0.0;0.0;0.0;0.0;0.19469026548672566;0.07894736842105263;0.020833333333333332;0.23756906077348067;0.12121212121212122;0.15625;0.0;0.0;0.13043478260869565;0.14285714285714285;0.17391304347826086;0.08695652173913043;0.2672413793103448;0.11522633744855967;0.06349206349206349;0.041666666666666664;0.060000000000000005;0.16666666666666666;0.15625;0.0;0.1923076923076923;0.125;0.09090909090909091;0.0;0.14035087719298245;0.05;0.21904761904761907;0.05405405405405406;0.12244897959183673;0.2631578947368421;0.1702127659574468;0.09375;0.19626168224299065;0.15151515151515152;0.06451612903225806;0.16666666666666666;0.2285714285714286;0.2230769230769231;0.112;0.0;0.0;0.047619047619047616;0.2040816326530612;0.14130434782608695;0.16666666666666666;0.19148936170212766;0.11666666666666667;0.04065040650406505;0.2764976958525346;0.07368421052631578;0.13333333333333333;0.04;0.19122257053291536;0.23214285714285712;0.12;0.05263157894736842;0.0;0.19444444444444442;0.1691542288557214;0.12307692307692308;0.26229508196721313;0.3918918918918919;0.21739130434782608;0.0
0.0;1.0;0.0;1.0;0.0;0.0;0.0;0.19444444444444448;0.0;0.0;0.0;0.0;0.1837606837606838;0.0;1.0;1.0;0.0;0.0;1.0;0.0;0.1592920353982301;0.23684210526315788;0.14583333333333331;0.39226519337016574;0.25757575757575757;0.0625;0.07142857142857142;0.06060606060606061;0.2608695652173913;0.14285714285714285;0.27329192546583847;0.34782608695652173;0.3448275862068966;0.21810699588477367;0.23809523809523808;0.041666666666666664;0.32666666666666666;0.16666666666666666;0.1875;0.2;0.26282051282051283;0.3522727272727273;0.2727272727272727;0.5;0.2631578947368421;0.2;0.2666666666666667;0.17567567567567569;0.2857142857142857;0.3508771929824561;0.19148936170212766;0.171875;0.21495327102803738;0.21212121212121213;0.17204301075268819;0.26666666666666666;0.3904761904761905;0.25384615384615383;0.10400000000000001;0.0;0.3333333333333333;0.23809523809523808;0.26530612244897955;0.25;0.25;0.36170212765957444;0.2833333333333333;0.1951219512195122;0.22119815668202764;0.08421052631578947;0.06666666666666667;0.04;0.3197492163009404;0.30357142857142855;0.22;0.23684210526315788;0.25;0.39814814814814814;0.24875621890547261;0.2;0.13934426229508198;0.472972972972973;0.37826086956521743;0.0136986301369863
0.0;1.0;1.0;1.0;1.0;1.0;1.0;0.3055555555555555;1.0;0.6000000000000001;0.09090909090909091;0.15384615384615385;0.07264957264957267;0.0;1.0;0.0;1.0;0.0;0.0;1.0;0.04424778761061947;0.15789473684210525;0.020833333333333332;0.06629834254143646;0.18181818181818182;0.375;0.0;0.06060606060606061;0.08695652173913043;0.14285714285714285;0.09937888198757763;0.08695652173913043;0.14655172413793102;0.05761316872427984;0.031746031746031744;0.0;0.10666666666666667;0.0;0.0625;0.0;0.08974358974358974;0.17045454545454547;0.2727272727272727;0.0;0.14035087719298245;0.225;0.1523809523809524;0.03153153153153153;0.0;0.15789473684210525;0.13829787234042554;0.171875;0.14018691588785046;0.045454545454545456;0.010752688172043012;0.0;0.13333333333333336;0.13076923076923078;0.048;0.06666666666666667;0.08333333333333333;0.2857142857142857;0.1020408163265306;0.06521739130434782;0.1388888888888889;0.0921985815602837;0.16666666666666666;0.13008130081300814;0.05529953917050691;0.07368421052631578;0.13333333333333333;0.0;0.06896551724137931;0.125;0.26;0.10526315789473684;0.125;0.17592592592592593;0.06467661691542288;0.07692307692307693;0.09016393442622951;0.06756756756756757;0.10869565217391304;0.0684931506849315
0.0;0.0;1.0;1.0;0.0;0.0;0.0;0.4166666666666667;0.0;0.0;0.0;0.07692307692307693;0.09401709401709404;0.0;0.0;0.0;0.0;0.0;0.0;0.0;0.1592920353982301;0.2631578947368421;0.20833333333333331;0.4530386740331492;0.045454545454545456;0.0;0.0;0.0;0.21739130434782608;0.2857142857142857;0.2919254658385093;0.21739130434782608;0.25862068965517243;0.23045267489711935;0.19047619047619047;0.0;0.26666666666666666;0.0;0.21875;0.0;0.3205128205128205;0.2159090909090909;0.0;0.0;0.14035087719298245;0.05;0.17142857142857143;0.23873873873873874;0.5102040816326531;0.10526315789473684;0.07446808510638298;0.03125;0.1588785046728972;0.16666666666666669;0.22043010752688175;0.26666666666666666;0.20000000000000004;0.08461538461538462;0.0;0.06666666666666667;0.0;0.14285714285714285;0.18367346938775508;0.3695652173913043;0.0;0.3191489361702127;0.18333333333333332;0.016260162601626018;0.22580645161290322;0.031578947368421054;0.0;0.0;0.3605015673981191;0.07142857142857142;0.08;0.02631578947368421;0.0;0.25925925925925924;0.236318407960199;0.12307692307692308;0.24590163934426232;0.3783783783783784;0.3478260869565218;0.0
0.0;0.0;0.0;1.0;0.0;0.0;0.0;0.19444444444444448;0.0;0.0;0.06060606060606061;0.07692307692307693;0.06837606837606838;1.0;0.0;1.0;1.0;1.0;0.0;0.0;0.017699115044247787;0.02631578947368421;0.0;0.027624309392265192;0.06060606060606061;0.03125;0.14285714285714285;0.06060606060606061;0.0;0.07142857142857142;0.037267080745341616;0.0;0.05603448275862069;0.020576131687242802;0.0;0.0;0.02;0.0;0.09375;0.0;0.03205128205128205;0.06818181818181818;0.0;0.0;0.05263157894736842;0.025;0.04761904761904762;0.009009009009009009;0.0;0.07017543859649122;0.010638297872340425;0.046875;0.037383177570093455;0.015151515151515152;0.005376344086021506;0.0;0.0380952380952381;0.046153846153846156;0.016;0.13333333333333333;0.08333333333333333;0.09523809523809523;0.01020408163265306;0.03260869565217391;0.08333333333333333;0.02127659574468085;0.06666666666666667;0.008130081300813009;0.004608294930875576;0.031578947368421054;0.0;0.08;0.028213166144200625;0.07142857142857142;0.0;0.05263157894736842;0.0;0.09259259259259259;0.00746268656716418;0.03076923076923077;0.04918032786885246;0.04054054054054054;0.030434782608695653;0.0
0.0;0.0;0.0;1.0;0.0;0.0;0.0;0.1388888888888889;0.0;0.0;0.06060606060606061;0.15384615384615385;0.07264957264957267;1.0;1.0;0.0;1.0;0.0;0.0;1.0;0.008849557522123894;0.10526315789473684;0.020833333333333332;0.09944751381215469;0.07575757575757576;0.0625;0.0;0.0;0.0;0.0;0.12422360248447203;0.08695652173913043;0.11637931034482758;0.05349794238683128;0.031746031746031744;0.0;0.1;0.0;0.0;0.0;0.08333333333333333;0.17045454545454547;0.09090909090909091;0.0;0.017543859649122806;0.025;0.06666666666666668;0.04504504504504504;0.061224489795918366;0.15789473684210525;0.09574468085106383;0.0625;0.08411214953271028;0.06060606060606061;0.03225806451612903;0.06666666666666667;0.10476190476190478;0.1076923076923077;0.032;0.06666666666666667;0.08333333333333333;0.047619047619047616;0.04081632653061224;0.06521739130434782;0.05555555555555555;0.05673758865248227;0.13333333333333333;0.07317073170731708;0.013824884792626727;0.07368421052631578;0.06666666666666667;0.0;0.09404388714733541;0.08928571428571427;0.02;0.10526315789473684;0.0;0.07407407407407407;0.07213930348258707;0.07692307692307693;0.07377049180327869;0.08108108108108109;0.10869565217391304;0.0
0.0;1.0;1.0;1.0;1.0;0.0;0.0;0.3333333333333333;0.0;0.0;0.09090909090909091;0.15384615384615385;0.13675213675213677;0.0;0.0;0.0;0.0;0.0;0.0;0.0;0.4070796460176991;0.10526315789473684;0.29166666666666663;0.56353591160221;0.18181818181818182;0.03125;0.0;0.0;0.17391304347826086;0.14285714285714285;0.6335403726708074;0.5217391304347826;0.22844827586206895;0.3991769547325103;0.47619047619047616;0.0;0.5800000000000001;0.0;0.375;0.0;0.358974358974359;0.2272727272727273;0.0;0.0;0.2807017543859649;0.0;0.08571428571428572;0.38738738738738737;0.836734693877551;0.14035087719298245;0.05319148936170213;0.03125;0.12149532710280372;0.4393939393939394;0.446236559139785;0.6333333333333333;0.17142857142857146;0.06153846153846154;0.10400000000000001;0.2;0.5;0.09523809523809523;0.14285714285714285;0.41304347826086957;0.08333333333333333;0.43971631205673756;0.21666666666666667;0.07317073170731708;0.3456221198156682;0.15789473684210525;0.0;0.24;0.46708463949843254;0.23214285714285712;0.08;0.07894736842105263;0.0;0.2685185185185185;0.36318407960199006;0.13846153846153847;0.10655737704918034;0.5;0.5347826086956522;0.0
1.0;0.0;0.0;1.0;0.0;1.0;0.0;0.16666666666666669;1.0;0.2;0.09090909090909091;0.3076923076923077;0.1324786324786325;1.0;1.0;0.0;1.0;0.0;1.0;0.0;0.05309734513274336;0.02631578947368421;0.0;0.10497237569060773;0.16666666666666669;0.09375;0.07142857142857142;0.030303030303030304;0.17391304347826086;0.14285714285714285;0.08695652173913043;0.0;0.16810344827586207;0.07407407407407408;0.015873015873015872;0.0;0.060000000000000005;0.0;0.125;0.0;0.14102564102564102;0.05681818181818182;0.18181818181818182;0.5;0.19298245614035087;0.05;0.13333333333333336;0.05855855855855856;0.061224489795918366;0.19298245614035087;0.06382978723404255;0.0625;0.102803738317757;0.06060606060606061;0.048387096774193554;0.03333333333333333;0.18095238095238098;0.06923076923076923;0.032;0.0;0.08333333333333333;0.09523809523809523;0.16326530612244897;0.11956521739130435;0.05555555555555555;0.14893617021276595;0.08333333333333333;0.10569105691056911;0.08294930875576037;0.05263157894736842;0.0;0.0;0.11912225705329153;0.11607142857142856;0.12;0.15789473684210525;0.0;0.17592592592592593;0.0845771144278607;0.046153846153846156;0.07377049180327869;0.14864864864864866;0.1391304347826087;0.0
0.0;0.0;0.0;0.0;0.0;0.0;0.0;0.16666666666666669;0.0;0.0;0.030303030303030304;0.07692307692307693;0.14102564102564105;1.0;1.0;0.0;1.0;0.0;1.0;1.0;0.04424778761061947;0.07894736842105263;0.041666666666666664;0.027624309392265192;0.12121212121212122;0.21875;0.14285714285714285;0.12121212121212122;0.08695652173913043;0.0;0.06832298136645962;0.13043478260869565;0.15086206896551724;0.04526748971193416;0.0;0.0;0.04666666666666667;0.0;0.15625;0.2;0.07692307692307693;0.10227272727272728;0.18181818181818182;0.0;0.17543859649122806;0.1;0.14285714285714288;0.04054054054054054;0.02040816326530612;0.07017543859649122;0.07446808510638298;0.0625;0.09345794392523364;0.06060606060606061;0.021505376344086023;0.0;0.09523809523809526;0.06153846153846154;0.032;0.13333333333333333;0.16666666666666666;0.14285714285714285;0.13265306122448978;0.07608695652173914;0.05555555555555555;0.02836879432624113;0.13333333333333333;0.13008130081300814;0.04608294930875576;0.19999999999999998;0.06666666666666667;0.04;0.06269592476489028;0.13392857142857142;0.2;0.15789473684210525;0.3125;0.1388888888888889;0.06467661691542288;0.03076923076923077;0.09836065573770492;0.0945945945945946;0.06956521739130435;0.0136986301369863
0.0;0.0;0.0;1.0;1.0;1.0;0.0;0.11111111111111109;1.0;0.2;0.030303030303030304;0.07692307692307693;0.13675213675213677;1.0;0.0;0.0;1.0;0.0;0.0;0.0;0.1327433628318584;0.07894736842105263;0.16666666666666666;0.23204419889502764;0.15151515151515152;0.1875;0.14285714285714285;0.0;0.34782608695652173;0.14285714285714285;0.2546583850931677;0.21739130434782608;0.1810344827586207;0.21810699588477367;0.2222222222222222;0.041666666666666664;0.30000000000000004;0.16666666666666666;0.25;0.4;0.21153846153846154;0.1590909090909091;0.0;0.0;0.2631578947368421;0.025;0.09523809523809525;0.21621621621621623;0.42857142857142855;0.12280701754385964;0.0425531914893617;0.046875;0.1588785046728972;0.16666666666666669;0.22580645161290325;0.23333333333333334;0.18095238095238098;0.06923076923076923;0.12;0.13333333333333333;0.16666666666666666;0.3333333333333333;0.2040816326530612;0.20652173913043478;0.19444444444444442;0.24113475177304963;0.18333333333333332;0.15447154471544716;0.2073732718894009;0.07368421052631578;0.2;0.16;0.22884012539184953;0.23214285714285712;0.18;0.18421052631578946;0.125;0.1388888888888889;0.22139303482587064;0.12307692307692308;0.29508196721311475;0.32432432432432434;0.2565217391304348;0.0
0.0;1.0;0.0;1.0;0.0;0.0;0.0;0.19444444444444448;1.0;0.8;0.030303030303030304;0.15384615384615385;0.12393162393162396;0.0;0.0;0.0;0.0;0.0;0.0;0.0;0.20353982300884954;0.07894736842105263;0.10416666666666666;0.3149171270718232;0.16666666666666669;0.0;0.0;0.0;0.17391304347826086;0.0;0.2857142857142857;0.2608695652173913;0.10775862068965517;0.22222222222222224;0.31746031746031744;0.0;0.28;0.0;0.1875;0.2;0.1794871794871795;0.13636363636363635;0.09090909090909091;0.0;0.14035087719298245;0.0;0.05714285714285715;0.1891891891891892;0.42857142857142855;0.17543859649122806;0.031914893617021274;0.03125;0.08411214953271028;0.15151515151515152;0.19354838709677422;0.26666666666666666;0.20000000000000004;0.046153846153846156;0.07200000000000001;0.0;0.0;0.14285714285714285;0.08163265306122448;0.20652173913043478;0.1111111111111111;0.2553191489361702;0.15;0.05691056910569106;0.15207373271889402;0.09473684210526316;0.0;0.12;0.2476489028213166;0.13392857142857142;0.08;0.05263157894736842;0.0625;0.1388888888888889;0.19651741293532338;0.06153846153846154;0.07377049180327869;0.13513513513513514;0.26521739130434785;0.0136986301369863
0.0;0.0;0.0;0.0;0.0;0.0;0.0;0.08333333333333333;0.0;0.0;0.09090909090909091;0.07692307692307693;0.08119658119658121;0.0;1.0;0.0;1.0;0.0;0.0;1.0;0.1592920353982301;0.13157894736842105;0.0;0.23204419889502764;0.18181818181818182;0.0625;0.21428571428571427;0.06060606060606061;0.2608695652173913;0.14285714285714285;0.18012422360248445;0.08695652173913043;0.2543103448275862;0.11522633744855967;0.0;0.0;0.08666666666666667;0.0;0.28125;0.0;0.14102564102564102;0.23863636363636365;0.36363636363636365;0.0;0.3157894736842105;0.125;0.2285714285714286;0.08108108108108109;0.0;0.24561403508771928;0.10638297872340426;0.15625;0.17757009345794392;0.16666666666666669;0.048387096774193554;0.03333333333333333;0.1904761904761905;0.2230769230769231;0.07200000000000001;0.06666666666666667;0.25;0.14285714285714285;0.21428571428571427;0.19565217391304346;0.19444444444444442;0.18439716312056736;0.15;0.2520325203252033;0.02304147465437788;0.37894736842105264;0.13333333333333333;0.04;0.1974921630094044;0.16964285714285712;0.08;0.13157894736842105;0.0;0.23148148148148145;0.1417910447761194;0.16923076923076924;0.14754098360655737;0.10810810810810811;0.1826086956521739;0.0136986301369863
0.0;0.0;0.0;0.0;0.0;0.0;0.0;0.3611111111111111;1.0;0.4;0.12121212121212122;0.15384615384615385;0.2478632478632479;1.0;0.0;0.0;1.0;0.0;0.0;0.0;0.08849557522123894;0.0;0.0;0.06077348066298342;0.15151515151515152;0.125;0.14285714285714285;0.09090909090909091;0.08695652173913043;0.0;0.09937888198757763;0.043478260869565216;0.09051724137931035;0.09465020576131689;0.031746031746031744;0.0;0.1;0.0;0.25;0.6000000000000001;0.07051282051282051;0.06818181818181818;0.18181818181818182;0.0;0.19298245614035087;0.05;0.08571428571428572;0.06756756756756757;0.0;0.07017543859649122;0.0425531914893617;0.09375;0.07476635514018691;0.12121212121212122;0.048387096774193554;0.03333333333333333;0.057142857142857155;0.07692307692307693;0.12;0.06666666666666667;0.16666666666666666;0.09523809523809523;0.1020408163265306;0.07608695652173914;0.08333333333333333;0.10638297872340426;0.11666666666666667;0.17073170731707318;0.04608294930875576;0.1368421052631579;0.13333333333333333;0.04;0.06269592476489028;0.13392857142857142;0.2;0.21052631578947367;0.0;0.07407407407407407;0.08208955223880597;0.07692307692307693;0.02459016393442623;0.013513513513513514;0.03913043478260869;0.0273972602739726
0.0;1.0;1.0;1.0;1.0;0.0;1.0;0.25;1.0;0.4;0.09090909090909091;0.23076923076923078;0.15811965811965814;0.0;0.0;0.0;1.0;0.0;0.0;0.0;0.21238938053097345;0.3421052631578947;0.125;0.4033149171270718;0.2272727272727273;0.1875;0.14285714285714285;0.030303030303030304;0.21739130434782608;0.07142857142857142;0.40372670807453415;0.34782608695652173;0.16810344827586207;0.3374485596707819;0.36507936507936506;0.0;0.35333333333333333;0.3333333333333333;0.125;0.0;0.3269230769230769;0.17045454545454547;0.09090909090909091;0.0;0.38596491228070173;0.025;0.14285714285714288;0.27927927927927926;0.6326530612244897;0.17543859649122806;0.02127659574468085;0.0625;0.12149532710280372;0.24242424242424243;0.2795698924731183;0.5333333333333333;0.24761904761904766;0.12307692307692308;0.192;0.06666666666666667;0.16666666666666666;0.19047619047619047;0.17346938775510204;0.2826086956521739;0.08333333333333333;0.276595744680851;0.3333333333333333;0.13008130081300814;0.34101382488479265;0.12631578947368421;0.0;0.24;0.3009404388714733;0.26785714285714285;0.34;0.2631578947368421;0.1875;0.16666666666666666;0.3009950248756219;0.06153846153846154;0.1557377049180328;0.13513513513513514;0.2565217391304348;0.0
0.0;0.0;0.0;1.0;1.0;0.0;0.0;0.3611111111111111;1.0;0.4;0.030303030303030304;0.07692307692307693;0.2777777777777778;1.0;1.0;0.0;1.0;0.0;1.0;0.0;0.1327433628318584;0.15789473684210525;0.08333333333333333;0.1712707182320442;0.19696969696969696;0.25;0.0;0.12121212121212122;0.13043478260869565;0.0;0.24844720496894407;0.17391304347826086;0.125;0.18930041152263377;0.1746031746031746;0.0;0.19333333333333336;0.0;0.15625;0.0;0.17307692307692307;0.10227272727272728;0.2727272727272727;0.0;0.40350877192982454;0.025;0.12380952380952381;0.13063063063063063;0.22448979591836732;0.22807017543859648;0.05319148936170213;0.03125;0.1588785046728972;0.15151515151515152;0.11827956989247312;0.13333333333333333;0.20000000000000004;0.1;0.176;0.13333333333333333;0.0;0.19047619047619047;0.09183673469387754;0.20652173913043478;0.1388888888888889;0.15602836879432622;0.15;0.24390243902439027;0.1382488479262673;0.07368421052631578;0.06666666666666667;0.0;0.15673981191222572;0.19642857142857142;0.26;0.15789473684210525;0.1875;0.12962962962962962;0.16666666666666666;0.046153846153846156;0.02459016393442623;0.17567567567567569;0.26086956521739135;0.0
0.0;0.0;0.0;1.0;0.0;0.0;0.0;0.1388888888888889;1.0;0.2;0.030303030303030304;0.0;0.1837606837606838;1.0;1.0;0.0;1.0;0.0;1.0;1.0;0.07964601769911504;0.15789473684210525;0.0;0.13259668508287292;0.19696969696969696;0.09375;0.0;0.0;0.17391304347826086;0.07142857142857142;0.09937888198757763;0.08695652173913043;0.20689655172413793;0.05349794238683128;0.015873015873015872;0.041666666666666664;0.04;0.0;0.1875;0.0;0.08333333333333333;0.14772727272727273;0.18181818181818182;0.0;0.12280701754385964;0.025;0.1523809523809524;0.05855855855855856;0.061224489795918366;0.19298245614035087;0.0851063829787234;0.109375;0.1308411214953271;0.10606060606060606;0.03225806451612903;0.06666666666666667;0.13333333333333336;0.13846153846153847;0.016;0.06666666666666667;0.0;0.19047619047619047;0.13265306122448978;0.05434782608695652;0.16666666666666666;0.0921985815602837;0.25;0.0975609756097561;0.07834101382488479;0.19999999999999998;0.13333333333333333;0.04;0.12225705329153604;0.1607142857142857;0.08;0.10526315789473684;0.0;0.1111111111111111;0.11194029850746269;0.09230769230769231;0.09836065573770492;0.05405405405405406;0.1217391304347826;0.1232876712328767
0.0;0.0;0.0;1.0;1.0;1.0;0.0;0.2777777777777778;1.0;0.2;0.0;0.0;0.25641025641025644;0.0;1.0;0.0;1.0;0.0;0.0;1.0;0.1327433628318584;0.2631578947368421;0.1875;0.281767955801105;0.18181818181818182;0.09375;0.07142857142857142;0.030303030303030304;0.17391304347826086;0.14285714285714285;0.2670807453416149;0.21739130434782608;0.22844827586206895;0.23456790123456792;0.14285714285714285;0.0;0.24000000000000002;0.0;0.5;0.2;0.23717948717948717;0.20454545454545456;0.09090909090909091;0.5;0.45614035087719296;0.1;0.08571428571428572;0.17117117117117117;0.16326530612244897;0.2631578947368421;0.07446808510638298;0.109375;0.19626168224299065;0.19696969696969696;0.1774193548387097;0.13333333333333333;0.24761904761904766;0.12307692307692308;0.16;0.13333333333333333;0.16666666666666666;0.0;0.2346938775510204;0.15217391304347827;0.1388888888888889;0.276595744680851;0.16666666666666666;0.20325203252032523;0.2073732718894009;0.22105263157894736;0.2;0.04;0.2727272727272727;0.2232142857142857;0.12;0.2894736842105263;0.1875;0.25;0.21641791044776118;0.18461538461538463;0.18852459016393444;0.13513513513513514;0.28260869565217395;0.0
0.0;1.0;1.0;1.0;1.0;0.0;0.0;0.19444444444444448;1.0;0.4;0.0;0.0;0.05128205128205129;0.0;0.0;0.0;1.0;0.0;0.0;0.0;0.02654867256637168;0.02631578947368421;0.020833333333333332;0.022099447513812154;0.07575757575757576;0.15625;0.0;0.0;0.0;0.0;0.06832298136645962;0.043478260869565216;0.04310344827586207;0.05349794238683128;0.06349206349206349;0.041666666666666664;0.04666666666666667;0.0;0.03125;0.0;0.038461538461538464;0.03409090909090909;0.0;0.0;0.08771929824561403;0.025;0.0;0.07657657657657657;0.061224489795918366;0.05263157894736842;0.010638297872340425;0.03125;0.0;0.06060606060606061;0.03763440860215054;0.03333333333333333;0.10476190476190478;0.023076923076923078;0.024;0.0;0.0;0.0;0.061224489795918366;0.021739130434782608;0.0;0.05673758865248227;0.05;0.016260162601626018;0.05069124423963134;0.031578947368421054;0.06666666666666667;0.0;0.04388714733542319;0.08035714285714285;0.06;0.10526315789473684;0.0625;0.037037037037037035;0.04477611940298507;0.0;0.01639344262295082;0.06756756756756757;0.07826086956521738;0.0
0.0;1.0;1.0;1.0;1.0;1.0;1.0;0.25;1.0;0.2;0.030303030303030304;0.07692307692307693;0.10256410256410259;0.0;0.0;0.0;0.0;0.0;0.0;0.0;0.10619469026548672;0.05263157894736842;0.14583333333333331;0.27071823204419887;0.07575757575757576;0.0;0.0;0.0;0.0;0.14285714285714285;0.24844720496894407;0.17391304347826086;0.10775862068965517;0.20164609053497945;0.1746031746031746;0.0;0.19333333333333336;0.0;0.09375;0.0;0.22435897435897434;0.05681818181818182;0.09090909090909091;0.0;0.17543859649122806;0.05;0.08571428571428572;0.19369369369369369;0.32653061224489793;0.10526315789473684;0.031914893617021274;0.0;0.11214953271028036;0.13636363636363635;0.13978494623655915;0.1;0.14285714285714288;0.06153846153846154;0.016;0.06666666666666667;0.0;0.047619047619047616;0.09183673469387754;0.25;0.027777777777777776;0.2836879432624113;0.03333333333333333;0.07317073170731708;0.2488479262672811;0.042105263157894736;0.06666666666666667;0.08;0.21316614420062696;0.10714285714285714;0.08;0.05263157894736842;0.0;0.12037037037037036;0.16666666666666666;0.03076923076923077;0.06557377049180328;0.1891891891891892;0.23478260869565218;0.0
0.0;0.0;0.0;0.0;0.0;0.0;0.0;0.08333333333333333;1.0;0.2;0.0;0.07692307692307693;0.11538461538461539;0.0;1.0;0.0;1.0;0.0;1.0;0.0;0.017699115044247787;0.07894736842105263;0.0;0.027624309392265192;0.015151515151515152;0.125;0.07142857142857142;0.030303030303030304;0.13043478260869565;0.0;0.043478260869565216;0.0;0.07758620689655173;0.01234567901234568;0.015873015873015872;0.041666666666666664;0.02;0.0;0.03125;0.0;0.05128205128205128;0.03409090909090909;0.09090909090909091;0.0;0.10526315789473684;0.0;0.06666666666666668;0.018018018018018018;0.0;0.08771929824561403;0.0;0.015625;0.04672897196261682;0.030303030303030304;0.005376344086021506;0.0;0.057142857142857155;0.06153846153846154;0.016;0.06666666666666667;0.0;0.0;0.08163265306122448;0.010869565217391304;0.1111111111111111;0.02127659574468085;0.05;0.12195121951219513;0.018433179723502304;0.042105263157894736;0.0;0.0;0.037617554858934164;0.0625;0.04;0.05263157894736842;0.125;0.07407407407407407;0.02238805970149254;0.0;0.04098360655737705;0.0;0.0;0.2191780821917808
0.0;0.0;1.0;1.0;1.0;0.0;0.0;0.2222222222222222;1.0;0.2;0.06060606060606061;0.0;0.27350427350427353;1.0;1.0;0.0;1.0;0.0;0.0;1.0;0.2743362831858407;0.21052631578947367;0.041666666666666664;0.2596685082872928;0.4090909090909091;0.3125;0.2857142857142857;0.24242424242424243;0.2608695652173913;0.07142857142857142;0.42236024844720493;0.6956521739130435;0.2801724137931034;0.3415637860082305;0.36507936507936506;0.0;0.4866666666666667;0.0;0.3125;0.2;0.28205128205128205;0.26136363636363635;0.6363636363636364;0.5;0.5438596491228069;0.15000000000000002;0.18095238095238098;0.3018018018018018;0.42857142857142855;0.3157894736842105;0.13829787234042554;0.09375;0.24299065420560745;0.3484848484848485;0.3118279569892473;0.3333333333333333;0.3142857142857143;0.13846153846153847;0.232;0.3333333333333333;0.3333333333333333;0.3333333333333333;0.2755102040816326;0.3695652173913043;0.2222222222222222;0.3475177304964539;0.2833333333333333;0.3577235772357724;0.29493087557603687;0.11578947368421053;0.3333333333333333;0.24;0.31034482758620685;0.46428571428571425;0.38;0.3157894736842105;0.375;0.3055555555555555;0.3308457711442786;0.06153846153846154;0.07377049180327869;0.20270270270270271;0.3304347826086957;0.0410958904109589
0.0;0.0;0.0;0.0;1.0;0.0;0.0;0.08333333333333333;1.0;0.2;0.06060606060606061;0.23076923076923078;0.11538461538461539;1.0;1.0;0.0;1.0;0.0;1.0;1.0;0.0;0.02631578947368421;0.0;0.027624309392265192;0.0;0.0;0.0;0.0;0.043478260869565216;0.07142857142857142;0.024844720496894408;0.0;0.02586206896551724;0.02469135802469136;0.0;0.0;0.0;0.0;0.0;0.0;0.019230769230769232;0.03409090909090909;0.09090909090909091;0.0;0.0;0.025;0.028571428571428574;0.009009009009009009;0.0;0.0;0.02127659574468085;0.015625;0.018691588785046728;0.015151515151515152;0.005376344086021506;0.0;0.0380952380952381;0.023076923076923078;0.016;0.0;0.0;0.0;0.0;0.03260869565217391;0.0;0.02836879432624113;0.05;0.016260162601626018;0.013824884792626727;0.05263157894736842;0.0;0.0;0.03134796238244514;0.008928571428571428;0.0;0.0;0.0;0.027777777777777776;0.009950248756218905;0.03076923076923077;0.03278688524590164;0.04054054054054054;0.026086956521739132;0.0
0.0;0.0;0.0;1.0;0.0;0.0;0.0;0.19444444444444448;0.0;0.0;0.06060606060606061;0.07692307692307693;0.11111111111111113;0.0;1.0;0.0;0.0;0.0;1.0;1.0;0.12389380530973451;0.07894736842105263;0.10416666666666666;0.27071823204419887;0.045454545454545456;0.0;0.0;0.0;0.13043478260869565;0.0;0.3043478260869565;0.34782608695652173;0.11637931034482758;0.23045267489711935;0.07936507936507936;0.0;0.22666666666666668;0.0;0.0;0.2;0.23076923076923075;0.1590909090909091;0.0;0.0;0.07017543859649122;0.025;0.04761904761904762;0.22072072072072071;0.18367346938775508;0.10526315789473684;0.031914893617021274;0.015625;0.102803738317757;0.19696969696969696;0.18817204301075272;0.06666666666666667;0.1619047619047619;0.046153846153846156;0.08;0.26666666666666666;0.3333333333333333;0.09523809523809523;0.09183673469387754;0.20652173913043478;0.08333333333333333;0.15602836879432622;0.2;0.07317073170731708;0.1935483870967742;0.07368421052631578;0.0;0.12;0.23197492163009403;0.11607142857142856;0.0;0.02631578947368421;0.0;0.06481481481481481;0.1890547263681592;0.06153846153846154;0.10655737704918034;0.5;0.19130434782608696;0.0
1.0;0.0;0.0;1.0;1.0;0.0;0.0;0.16666666666666669;1.0;0.2;0.06060606060606061;0.07692307692307693;0.16666666666666669;1.0;0.0;0.0;1.0;0.0;0.0;0.0;0.07964601769911504;0.07894736842105263;0.020833333333333332;0.11049723756906077;0.07575757575757576;0.125;0.07142857142857142;0.12121212121212122;0.043478260869565216;0.07142857142857142;0.10559006211180123;0.0;0.125;0.07818930041152264;0.047619047619047616;0.0;0.09333333333333334;0.16666666666666666;0.125;0.0;0.08333333333333333;0.14772727272727273;0.18181818181818182;0.0;0.19298245614035087;0.025;0.09523809523809525;0.06306306306306306;0.0;0.12280701754385964;0.06382978723404255;0.09375;0.08411214953271028;0.09090909090909091;0.016129032258064516;0.03333333333333333;0.13333333333333336;0.07692307692307693;0.064;0.13333333333333333;0.08333333333333333;0.14285714285714285;0.08163265306122448;0.15217391304347827;0.1388888888888889;0.0921985815602837;0.11666666666666667;0.10569105691056911;0.06912442396313365;0.12631578947368421;0.0;0.0;0.08463949843260188;0.14285714285714285;0.14;0.05263157894736842;0.1875;0.19444444444444442;0.062189054726368154;0.07692307692307693;0.06557377049180328;0.2567567567567568;0.1;0.0
0.0;0.0;0.0;1.0;0.0;0.0;0.0;0.19444444444444448;1.0;0.2;0.030303030303030304;0.0;0.13675213675213677;0.0;1.0;0.0;1.0;0.0;1.0;1.0;0.061946902654867256;0.07894736842105263;0.020833333333333332;0.07734806629834254;0.15151515151515152;0.21875;0.14285714285714285;0.18181818181818182;0.13043478260869565;0.07142857142857142;0.08695652173913043;0.08695652173913043;0.15517241379310345;0.05349794238683128;0.07936507936507936;0.041666666666666664;0.060000000000000005;0.3333333333333333;0.28125;0.0;0.08333333333333333;0.125;0.09090909090909091;0.0;0.3157894736842105;0.05;0.13333333333333336;0.07657657657657657;0.04081632653061224;0.10526315789473684;0.0851063829787234;0.078125;0.14018691588785046;0.10606060606060606;0.05913978494623656;0.0;0.10476190476190478;0.11538461538461539;0.08;0.2;0.16666666666666666;0.09523809523809523;0.12244897959183673;0.10869565217391304;0.16666666666666666;0.05673758865248227;0.21666666666666667;0.12195121951219513;0.0967741935483871;0.1368421052631579;0.0;0.04;0.07523510971786833;0.09821428571428571;0.36;0.15789473684210525;0.25;0.18518518518518517;0.07213930348258707;0.03076923076923077;0.09836065573770492;0.10810810810810811;0.07391304347826087;0.0273972602739726
0.0;0.0;0.0;1.0;0.0;0.0;0.0;0.19444444444444448;1.0;0.6000000000000001;0.06060606060606061;0.23076923076923078;0.10256410256410259;1.0;1.0;0.0;1.0;0.0;1.0;1.0;0.05309734513274336;0.0;0.08333333333333333;0.07734806629834254;0.10606060606060606;0.0625;0.07142857142857142;0.06060606060606061;0.17391304347826086;0.0;0.10559006211180123;0.08695652173913043;0.11637931034482758;0.07407407407407408;0.015873015873015872;0.0;0.08;0.0;0.09375;0.0;0.09615384615384615;0.09090909090909091;0.0;0.5;0.15789473684210525;0.025;0.09523809523809525;0.04504504504504504;0.02040816326530612;0.05263157894736842;0.07446808510638298;0.0625;0.09345794392523364;0.09090909090909091;0.043010752688172046;0.03333333333333333;0.0761904761904762;0.07692307692307693;0.024;0.06666666666666667;0.08333333333333333;0.047619047619047616;0.09183673469387754;0.06521739130434782;0.05555555555555555;0.05673758865248227;0.18333333333333332;0.0894308943089431;0.10599078341013825;0.1368421052631579;0.0;0.0;0.07836990595611285;0.125;0.12;0.05263157894736842;0.125;0.07407407407407407;0.08208955223880597;0.06153846153846154;0.11475409836065574;0.05405405405405406;0.043478260869565216;0.0410958904109589
0.0;1.0;1.0;1.0;0.0;0.0;1.0;0.611111111111111;1.0;0.2;0.42424242424242425;0.15384615384615385;0.17521367521367523;1.0;0.0;0.0;1.0;0.0;0.0;0.0;0.1592920353982301;0.10526315789473684;0.125;0.2928176795580111;0.16666666666666669;0.0;0.07142857142857142;0.0;0.17391304347826086;0.07142857142857142;0.3167701863354037;0.21739130434782608;0.09051724137931035;0.2263374485596708;0.4126984126984127;0.0;0.37333333333333335;0.0;0.0625;0.0;0.23717948717948717;0.13636363636363635;0.09090909090909091;0.0;0.14035087719298245;0.0;0.01904761904761905;0.26126126126126126;0.44897959183673464;0.05263157894736842;0.010638297872340425;0.0;0.02803738317757009;0.15151515151515152;0.2903225806451613;0.4;0.14285714285714288;0.015384615384615385;0.176;0.0;0.41666666666666663;0.09523809523809523;0.0510204081632653;0.32608695652173914;0.0;0.2907801418439716;0.016666666666666666;0.0975609756097561;0.2350230414746544;0.05263157894736842;0.0;0.0;0.23510971786833856;0.17857142857142855;0.12;0.05263157894736842;0.0;0.018518518518518517;0.236318407960199;0.046153846153846156;0.04098360655737705;0.05405405405405406;0.10869565217391304;0.0547945205479452
0.0;0.0;0.0;1.0;0.0;0.0;0.0;0.16666666666666669;0.0;0.0;0.0;0.15384615384615385;0.21794871794871798;1.0;1.0;0.0;1.0;0.0;0.0;1.0;0.17699115044247787;0.2631578947368421;0.041666666666666664;0.22651933701657456;0.33333333333333337;0.21875;0.21428571428571427;0.030303030303030304;0.21739130434782608;0.0;0.24844720496894407;0.21739130434782608;0.21982758620689655;0.20164609053497945;0.1746031746031746;0.0;0.18666666666666668;0.0;0.21875;0.4;0.21153846153846154;0.2727272727272727;0.09090909090909091;0.0;0.17543859649122806;0.025;0.17142857142857143;0.18018018018018017;0.12244897959183673;0.19298245614035087;0.10638297872340426;0.03125;0.1588785046728972;0.2878787878787879;0.15053763440860216;0.2;0.20952380952380956;0.1;0.10400000000000001;0.06666666666666667;0.25;0.19047619047619047;0.19387755102040816;0.25;0.1111111111111111;0.17730496453900707;0.18333333333333332;0.3008130081300813;0.22580645161290322;0.17894736842105263;0.06666666666666667;0.0;0.2006269592476489;0.26785714285714285;0.32;0.05263157894736842;0.0625;0.17592592592592593;0.21641791044776118;0.06153846153846154;0.12295081967213116;0.14864864864864866;0.24347826086956523;0.0
0.0;1.0;0.0;1.0;1.0;0.0;0.0;0.19444444444444448;1.0;0.2;0.06060606060606061;0.07692307692307693;0.10256410256410259;1.0;0.0;0.0;1.0;0.0;0.0;0.0;0.08849557522123894;0.05263157894736842;0.020833333333333332;0.18784530386740333;0.13636363636363635;0.09375;0.0;0.0;0.043478260869565216;0.0;0.23602484472049687;0.08695652173913043;0.09913793103448276;0.16049382716049385;0.12698412698412698;0.0;0.2066666666666667;0.0;0.15625;0.0;0.1282051282051282;0.07954545454545454;0.2727272727272727;0.0;0.22807017543859648;0.025;0.08571428571428572;0.13513513513513514;0.12244897959183673;0.03508771929824561;0.02127659574468085;0.03125;0.09345794392523364;0.16666666666666669;0.11290322580645162;0.13333333333333333;0.10476190476190478;0.06153846153846154;0.08;0.06666666666666667;0.0;0.047619047619047616;0.12244897959183673;0.16304347826086957;0.05555555555555555;0.1702127659574468;0.1;0.17073170731707318;0.15668202764976957;0.08421052631578947;0.13333333333333333;0.12;0.12539184952978058;0.19642857142857142;0.14;0.10526315789473684;0.0;0.08333333333333333;0.13930348258706468;0.046153846153846156;0.10655737704918034;0.17567567567567569;0.14782608695652175;0.0
1.0;0.0;0.0;1.0;1.0;0.0;0.0;0.19444444444444448;1.0;0.4;0.0;0.23076923076923078;0.17948717948717952;1.0;1.0;0.0;1.0;0.0;0.0;1.0;0.09734513274336283;0.05263157894736842;0.08333333333333333;0.11049723756906077;0.12121212121212122;0.03125;0.0;0.0;0.08695652173913043;0.0;0.09937888198757763;0.13043478260869565;0.07327586206896551;0.11111111111111112;0.031746031746031744;0.0;0.12666666666666668;0.0;0.0625;0.0;0.09615384615384615;0.07954545454545454;0.2727272727272727;0.0;0.07017543859649122;0.0;0.04761904761904762;0.08558558558558559;0.14285714285714285;0.10526315789473684;0.031914893617021274;0.015625;0.07476635514018691;0.045454545454545456;0.0913978494623656;0.1;0.0380952380952381;0.038461538461538464;0.056;0.13333333333333333;0.08333333333333333;0.047619047619047616;0.0510204081632653;0.09782608695652173;0.027777777777777776;0.07801418439716312;0.08333333333333333;0.0975609756097561;0.05529953917050691;0.06315789473684211;0.0;0.04;0.10031347962382445;0.09821428571428571;0.04;0.07894736842105263;0.0;0.05555555555555555;0.08706467661691542;0.015384615384615385;0.03278688524590164;0.16216216216216217;0.09565217391304348;0.0
0.0;0.0;0.0;1.0;1.0;0.0;0.0;0.2777777777777778;1.0;0.4;0.030303030303030304;0.07692307692307693;0.2606837606837607;1.0;0.0;0.0;1.0;0.0;0.0;0.0;0.16814159292035397;0.3157894736842105;0.0625;0.23756906077348067;0.24242424242424243;0.0625;0.07142857142857142;0.030303030303030304;0.21739130434782608;0.07142857142857142;0.27329192546583847;0.3913043478260869;0.19827586206896552;0.22222222222222224;0.15873015873015872;0.125;0.28;0.0;0.28125;0.2;0.28846153846153844;0.18181818181818182;0.4545454545454546;0.5;0.3157894736842105;0.05;0.1619047619047619;0.16216216216216217;0.16326530612244897;0.21052631578947367;0.0851063829787234;0.0625;0.14953271028037382;0.2878787878787879;0.15591397849462366;0.16666666666666666;0.18095238095238098;0.09230769230769231;0.184;0.26666666666666666;0.3333333333333333;0.09523809523809523;0.14285714285714285;0.21739130434782608;0.08333333333333333;0.19148936170212766;0.23333333333333334;0.3089430894308943;0.22580645161290322;0.19999999999999998;0.26666666666666666;0.2;0.1755485893416928;0.33928571428571425;0.3;0.18421052631578946;0.0625;0.2685185185185185;0.1890547263681592;0.09230769230769231;0.10655737704918034;0.12162162162162163;0.16521739130434782;0.0136986301369863
0.0;0.0;1.0;1.0;0.0;0.0;0.0;0.3611111111111111;0.0;0.0;0.0;0.0;0.19658119658119663;0.0;0.0;0.0;1.0;0.0;0.0;0.0;0.10619469026548672;0.10526315789473684;0.020833333333333332;0.15469613259668508;0.15151515151515152;0.0625;0.21428571428571427;0.030303030303030304;0.043478260869565216;0.14285714285714285;0.18012422360248445;0.34782608695652173;0.12068965517241378;0.16049382716049385;0.19047619047619047;0.041666666666666664;0.22666666666666668;0.0;0.125;0.0;0.16025641025641024;0.07954545454545454;0.0;0.0;0.19298245614035087;0.0;0.05714285714285715;0.14864864864864866;0.24489795918367346;0.08771929824561403;0.0;0.0;0.07476635514018691;0.18181818181818182;0.12903225806451613;0.16666666666666666;0.1523809523809524;0.046153846153846156;0.112;0.2;0.16666666666666666;0.0;0.030612244897959183;0.14130434782608695;0.08333333333333333;0.1702127659574468;0.16666666666666666;0.15447154471544716;0.17050691244239632;0.06315789473684211;0.0;0.12;0.12852664576802508;0.25;0.18;0.05263157894736842;0.0625;0.12037037037037036;0.1517412935323383;0.09230769230769231;0.04918032786885246;0.02702702702702703;0.08260869565217391;0.0136986301369863
0.0;1.0;1.0;1.0;0.0;0.0;0.0;0.19444444444444448;1.0;0.2;0.09090909090909091;0.07692307692307693;0.24358974358974364;1.0;1.0;0.0;1.0;0.0;0.0;1.0;0.07964601769911504;0.10526315789473684;0.020833333333333332;0.23204419889502764;0.06060606060606061;0.0;0.0;0.030303030303030304;0.17391304347826086;0.0;0.11801242236024843;0.0;0.24568965517241378;0.10699588477366256;0.015873015873015872;0.0;0.13333333333333333;0.0;0.375;0.0;0.17307692307692307;0.20454545454545456;0.0;0.0;0.3508771929824561;0.15000000000000002;0.1904761904761905;0.1036036036036036;0.02040816326530612;0.17543859649122806;0.13829787234042554;0.09375;0.1308411214953271;0.15151515151515152;0.08602150537634409;0.06666666666666667;0.1904761904761905;0.11538461538461539;0.136;0.2;0.0;0.09523809523809523;0.22448979591836732;0.18478260869565216;0.027777777777777776;0.10638297872340426;0.11666666666666667;0.11382113821138212;0.14746543778801843;0.16842105263157894;0.06666666666666667;0.04;0.20689655172413793;0.14285714285714285;0.02;0.05263157894736842;0.0625;0.17592592592592593;0.14925373134328357;0.1076923076923077;0.20491803278688525;0.02702702702702703;0.08260869565217391;0.0684931506849315
0.0;0.0;0.0;0.0;0.0;0.0;0.0;0.1388888888888889;0.0;0.0;0.0;0.15384615384615385;0.1324786324786325;1.0;1.0;0.0;1.0;0.0;1.0;1.0;0.061946902654867256;0.18421052631578946;0.0;0.14917127071823205;0.09090909090909091;0.03125;0.14285714285714285;0.21212121212121213;0.21739130434782608;0.14285714285714285;0.09937888198757763;0.08695652173913043;0.19827586206896552;0.04938271604938272;0.06349206349206349;0.0;0.060000000000000005;0.0;0.15625;0.2;0.11538461538461538;0.18181818181818182;0.09090909090909091;0.0;0.22807017543859648;0.2;0.18095238095238098;0.04054054054054054;0.1020408163265306;0.15789473684210525;0.11702127659574468;0.203125;0.18691588785046728;0.06060606060606061;0.02688172043010753;0.03333333333333333;0.08571428571428572;0.13846153846153847;0.064;0.13333333333333333;0.08333333333333333;0.047619047619047616;0.17346938775510204;0.08695652173913043;0.19444444444444442;0.0921985815602837;0.26666666666666666;0.1626016260162602;0.004608294930875576;0.15789473684210525;0.3333333333333333;0.0;0.13479623824451412;0.13392857142857142;0.06;0.2631578947368421;0.0625;0.23148148148148145;0.07960199004975124;0.07692307692307693;0.1721311475409836;0.06756756756756757;0.1;0.0410958904109589
1.0;0.0;0.0;0.0;0.0;0.0;0.0;0.16666666666666669;1.0;0.2;0.030303030303030304;0.07692307692307693;0.0854700854700855;0.0;1.0;0.0;1.0;0.0;1.0;1.0;0.11504424778761062;0.10526315789473684;0.0;0.14364640883977903;0.09090909090909091;0.125;0.0;0.030303030303030304;0.17391304347826086;0.21428571428571427;0.09316770186335403;0.13043478260869565;0.14224137931034483;0.07818930041152264;0.0;0.08333333333333333;0.060000000000000005;0.16666666666666666;0.25;0.4;0.11538461538461538;0.06818181818181818;0.0;0.0;0.21052631578947367;0.1;0.09523809523809525;0.04504504504504504;0.1020408163265306;0.12280701754385964;0.07446808510638298;0.078125;0.09345794392523364;0.045454545454545456;0.048387096774193554;0.03333333333333333;0.12380952380952384;0.08461538461538462;0.032;0.06666666666666667;0.0;0.14285714285714285;0.09183673469387754;0.05434782608695652;0.16666666666666666;0.04964539007092199;0.15;0.11382113821138212;0.05069124423963134;0.06315789473684211;0.13333333333333333;0.0;0.11598746081504702;0.08035714285714285;0.1;0.10526315789473684;0.0625;0.14814814814814814;0.07711442786069651;0.1076923076923077;0.12295081967213116;0.013513513513513514;0.05217391304347826;0.2054794520547945
0.0;0.0;0.0;1.0;1.0;0.0;0.0;0.1388888888888889;0.0;0.0;0.030303030303030304;0.07692307692307693;0.11538461538461539;1.0;1.0;0.0;1.0;0.0;1.0;1.0;0.061946902654867256;0.07894736842105263;0.0;0.06629834254143646;0.09090909090909091;0.15625;0.07142857142857142;0.09090909090909091;0.08695652173913043;0.07142857142857142;0.08695652173913043;0.08695652173913043;0.10775862068965517;0.041152263374485604;0.015873015873015872;0.0;0.06666666666666667;0.0;0.25;0.2;0.07051282051282051;0.10227272727272728;0.09090909090909091;0.5;0.24561403508771928;0.025;0.0761904761904762;0.04954954954954955;0.0;0.10526315789473684;0.05319148936170213;0.03125;0.1308411214953271;0.030303030303030304;0.03225806451612903;0.0;0.057142857142857155;0.03076923076923077;0.056;0.0;0.0;0.047619047619047616;0.12244897959183673;0.010869565217391304;0.08333333333333333;0.06382978723404255;0.11666666666666667;0.11382113821138212;0.027649769585253454;0.11578947368421053;0.0;0.0;0.06269592476489028;0.09821428571428571;0.08;0.15789473684210525;0.125;0.12037037037037036;0.04477611940298507;0.13846153846153847;0.10655737704918034;0.10810810810810811;0.10434782608695652;0.0
0.0;0.0;0.0;0.0;0.0;1.0;0.0;0.1388888888888889;1.0;0.2;0.06060606060606061;0.0;0.0854700854700855;1.0;1.0;0.0;1.0;0.0;1.0;1.0;0.04424778761061947;0.02631578947368421;0.0;0.08839779005524862;0.06060606060606061;0.09375;0.21428571428571427;0.12121212121212122;0.21739130434782608;0.2857142857142857;0.05590062111801242;0.08695652173913043;0.125;0.041152263374485604;0.0;0.041666666666666664;0.03333333333333333;0.16666666666666666;0.21875;0.0;0.05769230769230769;0.125;0.0;0.0;0.17543859649122806;0.05;0.10476190476190478;0.04504504504504504;0.0;0.07017543859649122;0.05319148936170213;0.078125;0.12149532710280372;0.06060606060606061;0.016129032258064516;0.0;0.04761904761904762;0.046153846153846156;0.04;0.06666666666666667;0.16666666666666666;0.14285714285714285;0.1020408163265306;0.07608695652173914;0.05555555555555555;0.05673758865248227;0.15;0.0975609756097561;0.009216589861751152;0.11578947368421053;0.2;0.0;0.07523510971786833;0.08928571428571427;0.08;0.13157894736842105;0.25;0.12962962962962962;0.04975124378109453;0.046153846153846156;0.05737704918032787;0.13513513513513514;0.09130434782608696;0.0136986301369863
0.0;0.0;0.0;0.0;0.0;0.0;0.0;0.08333333333333333;1.0;0.2;0.06060606060606061;0.23076923076923078;0.0982905982905983;0.0;1.0;0.0;1.0;0.0;1.0;1.0;0.07079646017699115;0.02631578947368421;0.0;0.08287292817679558;0.12121212121212122;0.09375;0.21428571428571427;0.24242424242424243;0.13043478260869565;0.0;0.06211180124223602;0.08695652173913043;0.16810344827586207;0.03703703703703704;0.015873015873015872;0.0;0.02666666666666667;0.0;0.25;0.0;0.09615384615384615;0.1590909090909091;0.09090909090909091;0.0;0.15789473684210525;0.025;0.1619047619047619;0.036036036036036036;0.0;0.07017543859649122;0.10638297872340426;0.046875;0.17757009345794392;0.15151515151515152;0.0;0.0;0.057142857142857155;0.06153846153846154;0.032;0.0;0.25;0.09523809523809523;0.16326530612244897;0.06521739130434782;0.1388888888888889;0.07801418439716312;0.18333333333333332;0.13821138211382114;0.02304147465437788;0.11578947368421053;0.13333333333333333;0.0;0.08150470219435736;0.08928571428571427;0.24;0.3157894736842105;0.1875;0.12962962962962962;0.07462686567164178;0.12307692307692308;0.09016393442622951;0.05405405405405406;0.05652173913043478;0.1506849315068493
0.0;0.0;0.0;0.0;1.0;0.0;0.0;0.1388888888888889;1.0;0.2;0.06060606060606061;0.0;0.0854700854700855;1.0;0.0;0.0;1.0;0.0;0.0;0.0;0.035398230088495575;0.05263157894736842;0.020833333333333332;0.03867403314917127;0.045454545454545456;0.0;0.0;0.06060606060606061;0.0;0.0;0.037267080745341616;0.043478260869565216;0.04310344827586207;0.041152263374485604;0.047619047619047616;0.0;0.02;0.0;0.09375;0.0;0.05128205128205128;0.022727272727272728;0.0;0.0;0.12280701754385964;0.07500000000000001;0.05714285714285715;0.018018018018018018;0.02040816326530612;0.03508771929824561;0.05319148936170213;0.046875;0.05607476635514018;0.015151515151515152;0.010752688172043012;0.0;0.057142857142857155;0.06153846153846154;0.008;0.2;0.0;0.0;0.0510204081632653;0.03260869565217391;0.027777777777777776;0.05673758865248227;0.03333333333333333;0.024390243902439025;0.02304147465437788;0.06315789473684211;0.13333333333333333;0.0;0.04702194357366771;0.04464285714285714;0.04;0.02631578947368421;0.0;0.046296296296296294;0.03233830845771144;0.015384615384615385;0.02459016393442623;0.0945945945945946;0.03913043478260869;0.0
0.0;0.0;0.0;0.0;0.0;0.0;0.0;0.25;1.0;0.4;0.09090909090909091;0.07692307692307693;0.16666666666666669;1.0;1.0;0.0;1.0;0.0;1.0;0.0;0.05309734513274336;0.07894736842105263;0.0;0.10497237569060773;0.045454545454545456;0.1875;0.07142857142857142;0.030303030303030304;0.08695652173913043;0.0;0.08074534161490683;0.043478260869565216;0.09913793103448276;0.06584362139917696;0.0;0.041666666666666664;0.013333333333333334;0.16666666666666666;0.09375;0.0;0.05128205128205128;0.09090909090909091;0.0;0.0;0.12280701754385964;0.1;0.1142857142857143;0.04054054054054054;0.02040816326530612;0.05263157894736842;0.09574468085106383;0.015625;0.14018691588785046;0.015151515151515152;0.03225806451612903;0.03333333333333333;0.06666666666666668;0.05384615384615385;0.04;0.0;0.08333333333333333;0.09523809523809523;0.11224489795918366;0.06521739130434782;0.027777777777777776;0.07092198581560284;0.13333333333333333;0.13008130081300814;0.03686635944700461;0.07368421052631578;0.0;0.0;0.08463949843260188;0.05357142857142857;0.1;0.07894736842105263;0.0;0.1111111111111111;0.05472636815920398;0.06153846153846154;0.0819672131147541;0.013513513513513514;0.04782608695652174;0.0684931506849315
0.0;0.0;0.0;1.0;0.0;0.0;0.0;0.027777777777777776;0.0;0.0;0.06060606060606061;0.23076923076923078;0.047008547008547015;1.0;0.0;0.0;1.0;0.0;0.0;0.0;0.008849557522123894;0.07894736842105263;0.041666666666666664;0.011049723756906077;0.0;0.03125;0.0;0.09090909090909091;0.0;0.0;0.037267080745341616;0.043478260869565216;0.06034482758620689;0.00823045267489712;0.015873015873015872;0.0;0.006666666666666667;0.0;0.0625;0.0;0.02564102564102564;0.045454545454545456;0.0;0.0;0.10526315789473684;0.0;0.01904761904761905;0.009009009009009009;0.02040816326530612;0.10526315789473684;0.02127659574468085;0.03125;0.04672897196261682;0.015151515151515152;0.010752688172043012;0.0;0.01904761904761905;0.06153846153846154;0.032;0.0;0.08333333333333333;0.0;0.04081632653061224;0.03260869565217391;0.027777777777777776;0.02836879432624113;0.03333333333333333;0.06504065040650407;0.02304147465437788;0.042105263157894736;0.0;0.04;0.037617554858934164;0.017857142857142856;0.04;0.07894736842105263;0.0625;0.05555555555555555;0.01492537313432836;0.046153846153846156;0.02459016393442623;0.04054054054054054;0.026086956521739132;0.0
0.0;1.0;0.0;0.0;1.0;1.0;1.0;0.16666666666666669;1.0;0.2;0.06060606060606061;0.07692307692307693;0.29914529914529914;1.0;0.0;0.0;1.0;0.0;0.0;0.0;0.12389380530973451;0.05263157894736842;0.10416666666666666;0.23756906077348067;0.030303030303030304;0.0;0.0;0.0;0.0;0.0;0.2546583850931677;0.30434782608695654;0.01293103448275862;0.15637860082304528;0.36507936507936506;0.0;0.2733333333333334;0.0;0.0625;0.0;0.16666666666666666;0.07954545454545454;0.0;0.0;0.017543859649122806;0.0;0.0;0.16666666666666666;0.42857142857142855;0.0;0.0;0.0;0.009345794392523364;0.07575757575757576;0.1774193548387097;0.5333333333333333;0.01904761904761905;0.0;0.152;0.06666666666666667;0.0;0.0;0.04081632653061224;0.20652173913043478;0.0;0.14184397163120566;0.03333333333333333;0.0813008130081301;0.14746543778801843;0.0;0.06666666666666667;0.12;0.1724137931034483;0.0625;0.02;0.0;0.0;0.06481481481481481;0.12935323383084577;0.0;0.02459016393442623;0.12162162162162163;0.13478260869565217;0.0136986301369863
1.0;0.0;0.0;0.0;1.0;0.0;0.0;0.027777777777777776;0.0;0.0;0.0;0.0;0.17948717948717952;0.0;0.0;0.0;0.0;0.0;0.0;0.0;0.4247787610619469;0.05263157894736842;0.10416666666666666;0.2928176795580111;0.21212121212121213;0.0;0.0;0.030303030303030304;0.13043478260869565;0.14285714285714285;0.20496894409937888;0.34782608695652173;0.34913793103448276;0.11522633744855967;0.1111111111111111;0.0;0.07333333333333333;0.16666666666666666;0.28125;0.0;0.30128205128205127;0.17045454545454547;0.0;0.0;0.17543859649122806;0.05;0.2666666666666667;0.07207207207207207;0.26530612244897955;0.2631578947368421;0.07446808510638298;0.078125;0.34579439252336447;0.07575757575757576;0.05913978494623656;0.03333333333333333;0.20000000000000004;0.15384615384615385;0.024;0.06666666666666667;0.0;0.2857142857142857;0.37755102040816324;0.22826086956521738;0.25;0.2482269503546099;0.36666666666666664;0.12195121951219513;0.07373271889400922;0.24210526315789474;0.06666666666666667;0.0;0.2852664576802508;0.1607142857142857;0.12;0.02631578947368421;0.0;0.24074074074074073;0.21144278606965175;0.35384615384615387;0.26229508196721313;0.17567567567567569;0.09130434782608696;0.547945205479452
0.0;0.0;1.0;1.0;0.0;0.0;0.0;0.4166666666666667;1.0;0.2;0.33333333333333337;0.07692307692307693;0.19230769230769235;0.0;0.0;0.0;0.0;0.0;0.0;0.0;0.34513274336283184;0.15789473684210525;0.47916666666666663;0.6906077348066298;0.13636363636363635;0.0625;0.0;0.0;0.30434782608695654;0.07142857142857142;0.5838509316770186;0.9565217391304348;0.16810344827586207;0.4526748971193416;0.746031746031746;0.041666666666666664;0.6000000000000001;0.16666666666666666;0.1875;0.2;0.49358974358974356;0.2727272727272727;0.18181818181818182;0.0;0.3508771929824561;0.07500000000000001;0.10476190476190478;0.4009009009009009;0.9387755102040816;0.19298245614035087;0.0425531914893617;0.046875;0.14018691588785046;0.42424242424242425;0.39247311827956993;0.7333333333333333;0.20000000000000004;0.06923076923076923;0.24;0.13333333333333333;0.16666666666666666;0.23809523809523808;0.21428571428571427;0.5760869565217391;0.1388888888888889;0.4964539007092198;0.2;0.04065040650406505;0.39631336405529954;0.11578947368421053;0.0;0.2;0.5391849529780564;0.1875;0.04;0.07894736842105263;0.0;0.16666666666666666;0.43034825870646765;0.12307692307692308;0.12295081967213116;0.7972972972972974;0.5043478260869566;0.0136986301369863
0.0;0.0;0.0;0.0;0.0;0.0;0.0;0.08333333333333333;0.0;0.0;0.0;0.07692307692307693;0.09401709401709404;0.0;1.0;0.0;0.0;0.0;1.0;1.0;0.10619469026548672;0.10526315789473684;0.0;0.14364640883977903;0.16666666666666669;0.21875;0.2857142857142857;0.2727272727272727;0.2608695652173913;0.0;0.14906832298136646;0.17391304347826086;0.2543103448275862;0.09465020576131689;0.015873015873015872;0.08333333333333333;0.08666666666666667;0.16666666666666666;0.28125;0.4;0.16666666666666666;0.19318181818181818;0.18181818181818182;0.0;0.3333333333333333;0.17500000000000002;0.14285714285714288;0.11711711711711711;0.1020408163265306;0.14035087719298245;0.13829787234042554;0.15625;0.205607476635514;0.12121212121212122;0.043010752688172046;0.1;0.13333333333333336;0.18461538461538463;0.064;0.13333333333333333;0.25;0.23809523809523808;0.24489795918367346;0.13043478260869565;0.1388888888888889;0.1631205673758865;0.16666666666666666;0.28455284552845533;0.027649769585253454;0.16842105263157894;0.13333333333333333;0.0;0.14106583072100315;0.19642857142857142;0.3;0.18421052631578946;0.1875;0.2685185185185185;0.12189054726368159;0.18461538461538463;0.11475409836065574;0.0;0.10434782608695652;0.2328767123287671
0.0;1.0;0.0;1.0;0.0;0.0;0.0;0.2222222222222222;1.0;0.2;0.09090909090909091;0.15384615384615385;0.17948717948717952;1.0;1.0;1.0;0.0;1.0;0.0;1.0;0.1327433628318584;0.02631578947368421;0.0625;0.22651933701657456;0.2272727272727273;0.09375;0.14285714285714285;0.06060606060606061;0.043478260869565216;0.07142857142857142;0.10559006211180123;0.08695652173913043;0.28879310344827586;0.07818930041152264;0.047619047619047616;0.041666666666666664;0.08666666666666667;0.16666666666666666;0.125;0.0;0.20512820512820512;0.19318181818181818;0.0;0.0;0.12280701754385964;0.17500000000000002;0.3523809523809524;0.04054054054054054;0.1020408163265306;0.17543859649122806;0.23404255319148937;0.1875;0.2897196261682243;0.09090909090909091;0.03763440860215054;0.0;0.14285714285714288;0.23076923076923078;0.048;0.13333333333333333;0.08333333333333333;0.23809523809523808;0.2346938775510204;0.20652173913043478;0.05555555555555555;0.2553191489361702;0.11666666666666667;0.04878048780487805;0.14746543778801843;0.11578947368421053;0.2;0.0;0.15047021943573669;0.2857142857142857;0.16;0.13157894736842105;0.0;0.15740740740740738;0.16666666666666666;0.07692307692307693;0.18032786885245902;0.4594594594594595;0.20434782608695654;0.0
0.0;0.0;0.0;1.0;1.0;0.0;0.0;0.2222222222222222;0.0;0.0;0.06060606060606061;0.15384615384615385;0.2008547008547009;0.0;1.0;1.0;0.0;1.0;0.0;1.0;0.22123893805309736;0.23684210526315788;0.1875;0.3314917127071823;0.2272727272727273;0.0625;0.0;0.030303030303030304;0.08695652173913043;0.0;0.21118012422360247;0.3913043478260869;0.3793103448275862;0.2263374485596708;0.09523809523809523;0.041666666666666664;0.24000000000000002;0.3333333333333333;0.34375;0.4;0.3333333333333333;0.2159090909090909;0.09090909090909091;0.5;0.19298245614035087;0.225;0.4190476190476191;0.11711711711711711;0.16326530612244897;0.3333333333333333;0.26595744680851063;0.234375;0.411214953271028;0.15151515151515152;0.0913978494623656;0.1;0.3238095238095238;0.34615384615384615;0.08;0.13333333333333333;0.3333333333333333;0.2857142857142857;0.3877551020408163;0.19565217391304346;0.4444444444444444;0.2553191489361702;0.23333333333333334;0.05691056910569106;0.17511520737327188;0.12631578947368421;0.06666666666666667;0.04;0.26645768025078365;0.5089285714285714;0.12;0.3157894736842105;0.0;0.21296296296296297;0.3009950248756219;0.12307692307692308;0.21311475409836067;0.1891891891891892;0.30000000000000004;0.1232876712328767
0.0;0.0;0.0;0.0;1.0;1.0;0.0;0.2777777777777778;1.0;0.2;0.030303030303030304;0.0;0.0982905982905983;0.0;1.0;1.0;0.0;1.0;0.0;1.0;0.11504424778761062;0.07894736842105263;0.041666666666666664;0.10497237569060773;0.12121212121212122;0.03125;0.0;0.0;0.08695652173913043;0.0;0.043478260869565216;0.13043478260869565;0.11206896551724138;0.09053497942386832;0.031746031746031744;0.0;0.08666666666666667;0.0;0.09375;0.0;0.08333333333333333;0.1590909090909091;0.0;0.0;0.10526315789473684;0.07500000000000001;0.1142857142857143;0.05855855855855856;0.08163265306122448;0.10526315789473684;0.09574468085106383;0.03125;0.102803738317757;0.06060606060606061;0.05913978494623656;0.0;0.08571428571428572;0.07692307692307693;0.008;0.0;0.08333333333333333;0.14285714285714285;0.17346938775510204;0.09782608695652173;0.1388888888888889;0.09929078014184398;0.1;0.024390243902439025;0.11981566820276497;0.021052631578947368;0.0;0.16;0.09717868338557993;0.125;0.08;0.0;0.0625;0.08333333333333333;0.08955223880597014;0.09230769230769231;0.09836065573770492;0.0945945945945946;0.14782608695652175;0.0
0.0;1.0;0.0;0.0;1.0;0.0;0.0;0.25;1.0;0.2;0.21212121212121213;0.15384615384615385;0.16239316239316243;0.0;1.0;0.0;0.0;0.0;0.0;1.0;0.3185840707964602;0.5;0.041666666666666664;0.39226519337016574;0.2878787878787879;0.21875;0.2857142857142857;0.09090909090909091;0.08695652173913043;0.3571428571428571;0.17391304347826086;0.13043478260869565;0.5043103448275862;0.1440329218106996;0.047619047619047616;0.375;0.17333333333333334;0.0;0.1875;0.2;0.28846153846153844;0.4090909090909091;0.18181818181818182;0.5;0.21052631578947367;0.525;0.46666666666666673;0.08558558558558559;0.2857142857142857;0.38596491228070173;0.5;0.34375;0.4205607476635514;0.15151515151515152;0.043010752688172046;0.1;0.41904761904761906;0.4;0.04;0.06666666666666667;0.16666666666666666;0.047619047619047616;0.4081632653061224;0.21739130434782608;0.2222222222222222;0.35460992907801414;0.35;0.13821138211382114;0.17511520737327188;0.49473684210526314;0.2;0.0;0.31034482758620685;0.40178571428571425;0.2;0.2631578947368421;0.125;0.23148148148148145;0.31094527363184077;0.2;0.10655737704918034;0.5;0.3869565217391305;0.0136986301369863
0.0;0.0;1.0;1.0;1.0;0.0;0.0;0.19444444444444448;0.0;0.0;0.030303030303030304;0.15384615384615385;0.12820512820512822;1.0;0.0;0.0;1.0;0.0;0.0;0.0;0.1504424778761062;0.10526315789473684;0.16666666666666666;0.14917127071823205;0.12121212121212122;0.0;0.0;0.0;0.08695652173913043;0.07142857142857142;0.13664596273291924;0.34782608695652173;0.09913793103448276;0.13991769547325103;0.12698412698412698;0.0;0.2;0.0;0.0625;0.0;0.15384615384615385;0.07954545454545454;0.09090909090909091;0.0;0.15789473684210525;0.025;0.08571428571428572;0.04504504504504504;0.4693877551020408;0.07017543859649122;0.0425531914893617;0.0625;0.11214953271028036;0.12121212121212122;0.07526881720430108;0.43333333333333335;0.0761904761904762;0.08461538461538462;0.016;0.06666666666666667;0.08333333333333333;0.14285714285714285;0.14285714285714285;0.15217391304347827;0.08333333333333333;0.12056737588652482;0.08333333333333333;0.05691056910569106;0.14746543778801843;0.05263157894736842;0.0;0.04;0.15047021943573669;0.125;0.04;0.02631578947368421;0.0;0.05555555555555555;0.13432835820895522;0.12307692307692308;0.13934426229508198;0.35135135135135137;0.14347826086956522;0.0
0.0;1.0;1.0;1.0;1.0;0.0;0.0;0.08333333333333333;0.0;0.0;0.0;0.07692307692307693;0.0341880341880342;0.0;1.0;0.0;0.0;0.0;1.0;1.0;0.035398230088495575;0.0;0.0;0.027624309392265192;0.06060606060606061;0.0;0.0;0.0;0.043478260869565216;0.07142857142857142;0.012422360248447204;0.0;0.05172413793103448;0.01646090534979424;0.015873015873015872;0.0;0.02;0.0;0.0;0.0;0.019230769230769232;0.06818181818181818;0.0;0.0;0.05263157894736842;0.05;0.01904761904761905;0.0045045045045045045;0.02040816326530612;0.07017543859649122;0.031914893617021274;0.046875;0.04672897196261682;0.0;0.0;0.0;0.04761904761904762;0.03076923076923077;0.016;0.0;0.08333333333333333;0.047619047619047616;0.030612244897959183;0.021739130434782608;0.05555555555555555;0.035460992907801414;0.016666666666666666;0.008130081300813009;0.04608294930875576;0.021052631578947368;0.0;0.0;0.0;0.10714285714285714;0.08;0.02631578947368421;0.0625;0.027777777777777776;0.02238805970149254;0.0;0.03278688524590164;0.08108108108108109;0.03913043478260869;0.0
0.0;0.0;0.0;0.0;0.0;0.0;0.0;0.5277777777777777;1.0;1.0;0.06060606060606061;0.23076923076923078;0.38461538461538464;1.0;1.0;0.0;1.0;0.0;1.0;1.0;0.10619469026548672;0.10526315789473684;0.041666666666666664;0.16574585635359118;0.2878787878787879;0.28125;0.14285714285714285;0.09090909090909091;0.08695652173913043;0.0;0.20496894409937888;0.043478260869565216;0.23706896551724138;0.21810699588477367;0.07936507936507936;0.0;0.12666666666666668;0.16666666666666666;0.21875;0.4;0.23717948717948717;0.14772727272727273;0.2727272727272727;0.5;0.21052631578947367;0.0;0.1619047619047619;0.19369369369369369;0.061224489795918366;0.2982456140350877;0.05319148936170213;0.03125;0.14018691588785046;0.2727272727272727;0.1774193548387097;0.1;0.2761904761904762;0.09230769230769231;0.152;0.06666666666666667;0.5;0.047619047619047616;0.19387755102040816;0.2608695652173913;0.25;0.2978723404255319;0.18333333333333332;0.23577235772357727;0.2119815668202765;0.042105263157894736;0.26666666666666666;0.12;0.16927899686520376;0.3125;0.46;0.07894736842105263;0.25;0.1388888888888889;0.23134328358208955;0.09230769230769231;0.1721311475409836;0.17567567567567569;0.30000000000000004;0.0
0.0;0.0;1.0;1.0;0.0;1.0;0.0;0.611111111111111;1.0;0.6000000000000001;0.06060606060606061;0.07692307692307693;0.1452991452991453;0.0;0.0;0.0;0.0;0.0;0.0;0.0;0.30973451327433627;0.15789473684210525;0.2708333333333333;0.3812154696132597;0.09090909090909091;0.0625;0.0;0.0;0.08695652173913043;0.0;0.3354037267080745;0.30434782608695654;0.17672413793103448;0.3045267489711934;0.36507936507936506;0.041666666666666664;0.28;0.0;0.1875;0.0;0.34615384615384615;0.14772727272727273;0.09090909090909091;0.0;0.21052631578947367;0.0;0.09523809523809525;0.3153153153153153;0.2040816326530612;0.10526315789473684;0.02127659574468085;0.046875;0.08411214953271028;0.24242424242424243;0.33333333333333337;0.5;0.20000000000000004;0.06153846153846154;0.14400000000000002;0.06666666666666667;0.3333333333333333;0.14285714285714285;0.12244897959183673;0.2826086956521739;0.08333333333333333;0.41134751773049644;0.06666666666666667;0.024390243902439025;0.39631336405529954;0.031578947368421054;0.13333333333333333;0.28;0.3605015673981191;0.16964285714285712;0.06;0.05263157894736842;0.0625;0.09259259259259259;0.30597014925373134;0.09230769230769231;0.09836065573770492;0.14864864864864866;0.35652173913043483;0.0136986301369863
0.0;0.0;0.0;0.0;1.0;0.0;1.0;0.19444444444444448;0.0;0.0;0.06060606060606061;0.0;0.05128205128205129;0.0;0.0;0.0;1.0;0.0;0.0;0.0;0.1415929203539823;0.0;0.0625;0.1270718232044199;0.015151515151515152;0.0;0.0;0.0;0.0;0.0;0.12422360248447203;0.5217391304347826;0.0;0.03703703703703704;0.42857142857142855;0.0;0.21333333333333335;0.0;0.0;0.0;0.07692307692307693;0.03409090909090909;0.0;0.0;0.017543859649122806;0.0;0.0;0.05855855855855856;0.4081632653061224;0.017543859649122806;0.0;0.0;0.009345794392523364;0.0;0.06989247311827958;0.6666666666666666;0.0;0.0;0.112;0.0;0.08333333333333333;0.047619047619047616;0.01020408163265306;0.14130434782608695;0.0;0.13475177304964536;0.0;0.008130081300813009;0.11059907834101382;0.0;0.0;0.12;0.10971786833855798;0.0;0.0;0.0;0.0;0.0;0.07711442786069651;0.03076923076923077;0.0;0.04054054054054054;0.05652173913043478;0.0136986301369863
0.0;1.0;0.0;0.0;1.0;0.0;0.0;0.2222222222222222;0.0;0.0;0.0;0.0;0.2307692307692308;0.0;1.0;0.0;1.0;0.0;1.0;0.0;0.16814159292035397;0.10526315789473684;0.0;0.14364640883977903;0.2878787878787879;0.40625;0.2857142857142857;0.15151515151515152;0.08695652173913043;0.07142857142857142;0.10559006211180123;0.08695652173913043;0.21551724137931033;0.23045267489711935;0.1111111111111111;0.0;0.14;0.3333333333333333;0.5;0.4;0.21153846153846154;0.2159090909090909;0.5454545454545454;0.0;0.3684210526315789;0.15000000000000002;0.2666666666666667;0.09009009009009009;0.061224489795918366;0.14035087719298245;0.1595744680851064;0.15625;0.1308411214953271;0.25757575757575757;0.11290322580645162;0.13333333333333333;0.3142857142857143;0.17692307692307693;0.248;0.0;0.16666666666666666;0.19047619047619047;0.24489795918367346;0.22826086956521738;0.16666666666666666;0.21276595744680848;0.13333333333333333;0.42276422764227645;0.14746543778801843;0.16842105263157894;0.0;0.04;0.20376175548589343;0.27678571428571425;0.32;0.3157894736842105;0.25;0.2685185185185185;0.19651741293532338;0.046153846153846156;0.09016393442622951;0.24324324324324326;0.2956521739130435;0.0
0.0;1.0;1.0;1.0;0.0;1.0;1.0;0.3611111111111111;1.0;0.4;0.12121212121212122;0.23076923076923078;0.13675213675213677;1.0;0.0;0.0;1.0;0.0;0.0;0.0;0.3805309734513274;0.23684210526315788;0.125;0.4143646408839779;0.25757575757575757;0.0625;0.0;0.0;0.043478260869565216;0.07142857142857142;0.3167701863354037;0.43478260869565216;0.15948275862068964;0.3045267489711934;0.5079365079365079;0.0;0.38;0.16666666666666666;0.15625;0.2;0.358974358974359;0.1590909090909091;0.09090909090909091;0.0;0.21052631578947367;0.0;0.06666666666666668;0.31981981981981983;0.7142857142857142;0.10526315789473684;0.02127659574468085;0.015625;0.037383177570093455;0.2878787878787879;0.34946236559139787;0.8666666666666667;0.18095238095238098;0.015384615384615385;0.32;0.2;0.25;0.14285714285714285;0.17346938775510204;0.3913043478260869;0.1111111111111111;0.40425531914893614;0.1;0.17073170731707318;0.3456221198156682;0.010526315789473684;0.0;0.16;0.3667711598746081;0.1607142857142857;0.14;0.13157894736842105;0.0;0.07407407407407407;0.3233830845771144;0.03076923076923077;0.06557377049180328;0.4864864864864865;0.3521739130434783;0.0
0.0;1.0;0.0;1.0;0.0;0.0;0.0;0.19444444444444448;1.0;0.4;0.06060606060606061;0.15384615384615385;0.1324786324786325;0.0;1.0;0.0;0.0;0.0;0.0;1.0;0.04424778761061947;0.05263157894736842;0.0;0.14917127071823205;0.13636363636363635;0.0625;0.0;0.0;0.08695652173913043;0.0;0.06832298136645962;0.043478260869565216;0.15517241379310345;0.09465020576131689;0.06349206349206349;0.0;0.07333333333333333;0.16666666666666666;0.1875;0.2;0.12179487179487179;0.19318181818181818;0.18181818181818182;0.5;0.14035087719298245;0.05;0.0761904761904762;0.0990990990990991;0.02040816326530612;0.22807017543859648;0.0851063829787234;0.015625;0.037383177570093455;0.16666666666666669;0.06451612903225806;0.0;0.18095238095238098;0.09230769230769231;0.016;0.13333333333333333;0.25;0.14285714285714285;0.07142857142857142;0.11956521739130435;0.08333333333333333;0.14893617021276595;0.06666666666666667;0.04065040650406505;0.07834101382488479;0.042105263157894736;0.13333333333333333;0.04;0.12852664576802508;0.1607142857142857;0.06;0.10526315789473684;0.0;0.08333333333333333;0.12189054726368159;0.015384615384615385;0.06557377049180328;0.08108108108108109;0.16521739130434782;0.0
0.0;0.0;0.0;1.0;0.0;0.0;0.0;0.19444444444444448;0.0;0.0;0.06060606060606061;0.07692307692307693;0.07692307692307693;0.0;0.0;0.0;0.0;0.0;0.0;0.0;0.24778761061946902;0.13157894736842105;0.125;0.23204419889502764;0.15151515151515152;0.09375;0.0;0.0;0.0;0.0;0.2608695652173913;0.21739130434782608;0.08620689655172414;0.20987654320987656;0.3333333333333333;0.0;0.17333333333333334;0.0;0.03125;0.0;0.17307692307692307;0.11363636363636365;0.18181818181818182;0.0;0.08771929824561403;0.0;0.028571428571428574;0.22072072072072071;0.4081632653061224;0.07017543859649122;0.02127659574468085;0.0;0.018691588785046728;0.19696969696969696;0.23655913978494625;0.4666666666666667;0.09523809523809526;0.03076923076923077;0.136;0.06666666666666667;0.0;0.19047619047619047;0.061224489795918366;0.25;0.05555555555555555;0.2482269503546099;0.05;0.04065040650406505;0.23963133640552994;0.010526315789473684;0.06666666666666667;0.28;0.219435736677116;0.14285714285714285;0.1;0.10526315789473684;0.0;0.046296296296296294;0.20398009950248755;0.1076923076923077;0.04918032786885246;0.06756756756756757;0.20869565217391303;0.0
0.0;0.0;1.0;1.0;0.0;0.0;0.0;0.19444444444444448;0.0;0.0;0.06060606060606061;0.0;0.1495726495726496;1.0;1.0;0.0;1.0;0.0;1.0;1.0;0.1327433628318584;0.10526315789473684;0.020833333333333332;0.1602209944751381;0.24242424242424243;0.21875;0.14285714285714285;0.09090909090909091;0.08695652173913043;0.07142857142857142;0.12422360248447203;0.13043478260869565;0.3103448275862069;0.14814814814814817;0.14285714285714285;0.0;0.15333333333333335;0.5;0.59375;0.2;0.21794871794871795;0.25;0.2727272727272727;0.0;0.2982456140350877;0.07500000000000001;0.1619047619047619;0.2072072072072072;0.1020408163265306;0.21052631578947367;0.10638297872340426;0.109375;0.1308411214953271;0.2272727272727273;0.17204301075268819;0.13333333333333333;0.2857142857142857;0.1;0.14400000000000002;0.3333333333333333;0.16666666666666666;0.14285714285714285;0.21428571428571427;0.20652173913043478;0.1388888888888889;0.2553191489361702;0.25;0.3902439024390244;0.271889400921659;0.06315789473684211;0.2;0.08;0.2445141065830721;0.27678571428571425;0.14;0.2631578947368421;0.0;0.24074074074074073;0.21393034825870647;0.03076923076923077;0.09836065573770492;0.08108108108108109;0.16521739130434782;0.0821917808219178
0.0;1.0;1.0;1.0;1.0;1.0;1.0;0.3333333333333333;0.0;0.0;0.030303030303030304;0.23076923076923078;0.18803418803418806;0.0;0.0;0.0;0.0;0.0;0.0;0.0;0.4070796460176991;0.15789473684210525;0.2708333333333333;0.5359116022099447;0.19696969696969696;0.125;0.0;0.0;0.043478260869565216;0.0;0.4906832298136646;0.2608695652173913;0.22844827586206895;0.47736625514403297;0.4444444444444444;0.041666666666666664;0.4266666666666667;0.0;0.25;0.0;0.5064102564102564;0.19318181818181818;0.18181818181818182;0.0;0.24561403508771928;0.0;0.06666666666666668;0.46396396396396394;0.6530612244897959;0.17543859649122806;0.010638297872340425;0.015625;0.06542056074766354;0.3181818181818182;0.4516129032258065;0.8;0.3238095238095238;0.05384615384615385;0.272;0.2;0.41666666666666663;0.0;0.2857142857142857;0.532608695652174;0.027777777777777776;0.5177304964539007;0.25;0.12195121951219513;0.48847926267281105;0.042105263157894736;0.13333333333333333;0.28;0.48275862068965514;0.3214285714285714;0.12;0.13157894736842105;0.0;0.07407407407407407;0.4577114427860696;0.06153846153846154;0.10655737704918034;0.43243243243243246;0.4782608695652174;0.0
0.0;0.0;0.0;1.0;1.0;1.0;1.0;0.2777777777777778;0.0;0.0;0.09090909090909091;0.07692307692307693;0.08119658119658121;0.0;0.0;0.0;1.0;0.0;0.0;0.0;0.061946902654867256;0.02631578947368421;0.020833333333333332;0.09392265193370165;0.07575757575757576;0.0;0.0;0.0;0.043478260869565216;0.0;0.018633540372670808;0.17391304347826086;0.07327586206896551;0.05761316872427984;0.12698412698412698;0.041666666666666664;0.060000000000000005;0.0;0.0625;0.0;0.10897435897435898;0.06818181818181818;0.09090909090909091;0.0;0.017543859649122806;0.0;0.009523809523809525;0.0945945945945946;0.1020408163265306;0.03508771929824561;0.010638297872340425;0.03125;0.02803738317757009;0.12121212121212122;0.0913978494623656;0.1;0.04761904761904762;0.015384615384615385;0.07200000000000001;0.13333333333333333;0.3333333333333333;0.047619047619047616;0.12244897959183673;0.05434782608695652;0.027777777777777776;0.11347517730496454;0.11666666666666667;0.032520325203252036;0.059907834101382486;0.06315789473684211;0.0;0.0;0.09717868338557993;0.0625;0.0;0.02631578947368421;0.0;0.08333333333333333;0.062189054726368154;0.0;0.04098360655737705;0.14864864864864866;0.06521739130434782;0.0136986301369863
0.0;1.0;1.0;1.0;1.0;0.0;1.0;0.3333333333333333;0.0;0.0;0.06060606060606061;0.3076923076923077;0.14102564102564105;0.0;0.0;0.0;0.0;0.0;0.0;0.0;0.2743362831858407;0.07894736842105263;0.20833333333333331;0.5469613259668508;0.16666666666666669;0.0;0.07142857142857142;0.0;0.13043478260869565;0.0;0.3416149068322981;0.13043478260869565;0.16379310344827586;0.3909465020576132;0.3968253968253968;0.0;0.34;0.0;0.21875;0.0;0.36538461538461536;0.13636363636363635;0.2727272727272727;0.0;0.08771929824561403;0.0;0.05714285714285715;0.36036036036036034;0.6122448979591836;0.08771929824561403;0.02127659574468085;0.0;0.04672897196261682;0.3787878787878788;0.39247311827956993;0.6333333333333333;0.1619047619047619;0.03076923076923077;0.20800000000000002;0.26666666666666666;0.08333333333333333;0.09523809523809523;0.11224489795918366;0.3913043478260869;0.16666666666666666;0.36879432624113473;0.1;0.05691056910569106;0.4377880184331797;0.042105263157894736;0.06666666666666667;0.36;0.4075235109717868;0.20535714285714285;0.08;0.10526315789473684;0.0625;0.12962962962962962;0.34577114427860695;0.015384615384615385;0.1721311475409836;0.08108108108108109;0.31739130434782614;0.0
0.0;1.0;1.0;1.0;0.0;1.0;1.0;0.9999999999999999;1.0;0.2;0.15151515151515152;0.0;0.7094017094017094;0.0;0.0;0.0;1.0;0.0;0.0;0.0;0.25663716814159293;0.07894736842105263;0.0625;0.2541436464088398;0.21212121212121213;0.09375;0.0;0.0;0.043478260869565216;0.07142857142857142;0.43478260869565216;0.3913043478260869;0.06465517241379311;0.2757201646090535;0.5396825396825397;0.0;0.36000000000000004;0.0;0.03125;0.0;0.28846153846153844;0.10227272727272728;0.0;0.0;0.07017543859649122;0.0;0.0380952380952381;0.3108108108108108;0.5918367346938775;0.0;0.010638297872340425;0.0;0.0;0.13636363636363635;0.37634408602150543;0.9333333333333333;0.028571428571428574;0.007692307692307693;0.136;0.2;0.08333333333333333;0.09523809523809523;0.07142857142857142;0.40217391304347827;0.027777777777777776;0.36879432624113473;0.05;0.12195121951219513;0.31797235023041476;0.031578947368421054;0.06666666666666667;0.08;0.23510971786833856;0.2589285714285714;0.22;0.05263157894736842;0.0625;0.07407407407407407;0.2562189054726368;0.03076923076923077;0.03278688524590164;0.13513513513513514;0.2391304347826087;0.0273972602739726
0.0;1.0;0.0;1.0;1.0;0.0;0.0;0.1388888888888889;0.0;0.0;0.06060606060606061;0.0;0.19658119658119663;1.0;1.0;0.0;1.0;0.0;1.0;1.0;0.07964601769911504;0.02631578947368421;0.0;0.10497237569060773;0.045454545454545456;0.03125;0.07142857142857142;0.030303030303030304;0.043478260869565216;0.07142857142857142;0.07453416149068323;0.08695652173913043;0.07327586206896551;0.13168724279835392;0.07936507936507936;0.0;0.06666666666666667;0.0;0.09375;0.0;0.09615384615384615;0.022727272727272728;0.09090909090909091;0.0;0.12280701754385964;0.025;0.05714285714285715;0.0945945945945946;0.1020408163265306;0.08771929824561403;0.0425531914893617;0.03125;0.018691588785046728;0.10606060606060606;0.0913978494623656;0.13333333333333333;0.17142857142857146;0.023076923076923078;0.096;0.0;0.0;0.0;0.061224489795918366;0.08695652173913043;0.0;0.14893617021276595;0.05;0.12195121951219513;0.1152073732718894;0.021052631578947368;0.06666666666666667;0.2;0.12539184952978058;0.09821428571428571;0.04;0.05263157894736842;0.0625;0.009259259259259259;0.11940298507462688;0.03076923076923077;0.04918032786885246;0.13513513513513514;0.11739130434782609;0.0
0.0;1.0;1.0;1.0;1.0;0.0;0.0;0.25;1.0;0.2;0.030303030303030304;0.07692307692307693;0.07264957264957267;1.0;0.0;0.0;1.0;0.0;0.0;0.0;0.1504424778761062;0.05263157894736842;0.041666666666666664;0.13812154696132595;0.15151515151515152;0.09375;0.07142857142857142;0.0;0.0;0.07142857142857142;0.17391304347826086;0.21739130434782608;0.11637931034482758;0.12757201646090535;0.19047619047619047;0.0;0.17333333333333334;0.0;0.15625;0.0;0.12179487179487179;0.07954545454545454;0.0;0.5;0.19298245614035087;0.0;0.0380952380952381;0.12162162162162161;0.22448979591836732;0.17543859649122806;0.02127659574468085;0.015625;0.08411214953271028;0.15151515151515152;0.09677419354838711;0.4;0.14285714285714288;0.03076923076923077;0.07200000000000001;0.06666666666666667;0.08333333333333333;0.047619047619047616;0.1020408163265306;0.13043478260869565;0.1388888888888889;0.18439716312056736;0.08333333333333333;0.06504065040650407;0.17511520737327188;0.042105263157894736;0.0;0.12;0.11912225705329153;0.25;0.06;0.13157894736842105;0.0;0.05555555555555555;0.14676616915422885;0.046153846153846156;0.03278688524590164;0.14864864864864866;0.13043478260869565;0.0
0.0;1.0;0.0;1.0;1.0;1.0;0.0;0.16666666666666669;0.0;0.0;0.030303030303030304;0.07692307692307693;0.10256410256410259;0.0;0.0;0.0;0.0;0.0;0.0;0.0;0.1504424778761062;0.07894736842105263;0.1875;0.281767955801105;0.12121212121212122;0.09375;0.14285714285714285;0.0;0.0;0.0;0.21118012422360247;0.08695652173913043;0.16379310344827586;0.23045267489711935;0.12698412698412698;0.0;0.2;0.0;0.125;0.0;0.24358974358974358;0.1590909090909091;0.09090909090909091;0.0;0.12280701754385964;0.05;0.08571428571428572;0.21621621621621623;0.2040816326530612;0.07017543859649122;0.05319148936170213;0.015625;0.09345794392523364;0.24242424242424243;0.22580645161290325;0.43333333333333335;0.09523809523809526;0.09230769230769231;0.016;0.13333333333333333;0.08333333333333333;0.19047619047619047;0.09183673469387754;0.30434782608695654;0.1111111111111111;0.326241134751773;0.06666666666666667;0.0975609756097561;0.2626728110599078;0.010526315789473684;0.0;0.16;0.26018808777429464;0.125;0.08;0.05263157894736842;0.0;0.10185185185185185;0.21393034825870647;0.06153846153846154;0.13934426229508198;0.21621621621621623;0.30000000000000004;0.0
0.0;1.0;1.0;1.0;1.0;0.0;0.0;0.16666666666666669;0.0;0.0;0.0;0.0;0.1495726495726496;0.0;1.0;0.0;0.0;0.0;0.0;1.0;0.17699115044247787;0.07894736842105263;0.10416666666666666;0.19889502762430938;0.13636363636363635;0.0;0.0;0.0;0.043478260869565216;0.07142857142857142;0.14906832298136646;0.08695652173913043;0.16810344827586207;0.20164609053497945;0.12698412698412698;0.041666666666666664;0.11333333333333334;0.16666666666666666;0.40625;0.2;0.1794871794871795;0.125;0.0;0.0;0.12280701754385964;0.0;0.1142857142857143;0.18018018018018017;0.1020408163265306;0.10526315789473684;0.0425531914893617;0.03125;0.04672897196261682;0.24242424242424243;0.16129032258064518;0.2;0.21904761904761907;0.1;0.16;0.13333333333333333;0.0;0.09523809523809523;0.17346938775510204;0.21739130434782608;0.05555555555555555;0.23404255319148934;0.08333333333333333;0.04878048780487805;0.17972350230414746;0.09473684210526316;0.06666666666666667;0.24;0.23824451410658307;0.11607142857142856;0.12;0.18421052631578946;0.0;0.06481481481481481;0.208955223880597;0.06153846153846154;0.07377049180327869;0.2702702702702703;0.21739130434782608;0.0
0.0;1.0;0.0;1.0;1.0;1.0;1.0;0.25;1.0;0.4;0.030303030303030304;0.15384615384615385;0.2008547008547009;0.0;0.0;0.0;0.0;0.0;0.0;0.0;0.34513274336283184;0.3421052631578947;0.041666666666666664;0.3591160220994475;0.5909090909090909;0.46875;0.2857142857142857;0.09090909090909091;0.08695652173913043;0.21428571428571427;0.16770186335403725;0.21739130434782608;0.5775862068965517;0.33333333333333337;0.20634920634920634;0.08333333333333333;0.24666666666666667;0.5;1.0;0.6000000000000001;0.34615384615384615;0.5;0.6363636363636364;0.5;0.7017543859649122;0.17500000000000002;0.28571428571428575;0.3108108108108108;0.18367346938775508;0.45614035087719296;0.22340425531914893;0.078125;0.3364485981308411;0.5303030303030303;0.2849462365591398;0.3;0.5523809523809524;0.23076923076923078;0.4;0.26666666666666666;0.3333333333333333;0.2857142857142857;0.4081632653061224;0.44565217391304346;0.3333333333333333;0.5460992907801419;0.45;0.6585365853658537;0.47465437788018433;0.22105263157894736;0.2;0.24;0.4231974921630094;0.5625;0.58;0.39473684210526316;0.1875;0.3333333333333333;0.4651741293532338;0.2;0.4016393442622951;0.5135135135135136;0.4565217391304348;0.1780821917808219
0.0;1.0;0.0;1.0;1.0;1.0;0.0;0.19444444444444448;1.0;0.2;0.030303030303030304;0.0;0.12820512820512822;0.0;1.0;0.0;0.0;0.0;0.0;1.0;0.1415929203539823;0.0;0.0625;0.049723756906077346;0.06060606060606061;0.0;0.0;0.0;0.0;0.0;0.03105590062111801;0.043478260869565216;0.09051724137931035;0.06584362139917696;0.12698412698412698;0.041666666666666664;0.04666666666666667;0.16666666666666666;0.03125;0.0;0.08974358974358974;0.06818181818181818;0.18181818181818182;0.0;0.12280701754385964;0.05;0.01904761904761905;0.07657657657657657;0.02040816326530612;0.15789473684210525;0.0425531914893617;0.0;0.037383177570093455;0.12121212121212122;0.08064516129032259;0.1;0.057142857142857155;0.007692307692307693;0.04;0.0;0.16666666666666666;0.0;0.0510204081632653;0.11956521739130435;0.0;0.06382978723404255;0.05;0.024390243902439025;0.1336405529953917;0.010526315789473684;0.06666666666666667;0.0;0.09404388714733541;0.125;0.0;0.07894736842105263;0.0;0.037037037037037035;0.08955223880597014;0.03076923076923077;0.05737704918032787;0.12162162162162163;0.10434782608695652;0.0
0.0;0.0;0.0;1.0;1.0;0.0;0.0;0.25;1.0;0.6000000000000001;0.06060606060606061;0.07692307692307693;0.23504273504273507;0.0;1.0;0.0;0.0;0.0;0.0;1.0;0.24778761061946902;0.10526315789473684;0.08333333333333333;0.22651933701657456;0.15151515151515152;0.0625;0.0;0.0;0.0;0.14285714285714285;0.16770186335403725;0.043478260869565216;0.1896551724137931;0.20987654320987656;0.25396825396825395;0.0;0.16666666666666669;0.0;0.25;0.0;0.21794871794871795;0.1590909090909091;0.2727272727272727;0.0;0.07017543859649122;0.0;0.13333333333333336;0.19369369369369369;0.14285714285714285;0.10526315789473684;0.0425531914893617;0.0625;0.07476635514018691;0.16666666666666669;0.19354838709677422;0.26666666666666666;0.2380952380952381;0.038461538461538464;0.176;0.06666666666666667;0.08333333333333333;0.09523809523809523;0.13265306122448978;0.2608695652173913;0.08333333333333333;0.3049645390070922;0.05;0.016260162601626018;0.2534562211981567;0.031578947368421054;0.06666666666666667;0.2;0.2727272727272727;0.16964285714285712;0.08;0.18421052631578946;0.0625;0.046296296296296294;0.2512437810945274;0.046153846153846156;0.07377049180327869;0.0945945945945946;0.26086956521739135;0.0136986301369863
0.0;0.0;0.0;1.0;1.0;0.0;0.0;0.19444444444444448;1.0;0.6000000000000001;0.06060606060606061;0.15384615384615385;0.2008547008547009;0.0;0.0;0.0;0.0;0.0;0.0;0.0;0.5663716814159292;0.3421052631578947;0.2708333333333333;0.6685082872928176;0.7121212121212122;0.53125;0.2857142857142857;0.15151515151515152;0.043478260869565216;0.07142857142857142;0.5465838509316769;0.6086956521739131;0.4698275862068965;0.6707818930041153;0.5079365079365079;0.041666666666666664;0.5533333333333333;0.16666666666666666;0.40625;0.2;0.6987179487179487;0.3181818181818182;1.0;0.5;0.7192982456140351;0.025;0.380952380952381;0.6261261261261262;0.5714285714285714;0.3333333333333333;0.14893617021276595;0.03125;0.23364485981308408;0.8181818181818182;0.6397849462365592;0.7333333333333333;0.4761904761904762;0.1076923076923077;0.192;0.2;0.6666666666666666;0.19047619047619047;0.44897959183673464;0.6956521739130435;0.2777777777777778;0.6879432624113475;0.5166666666666666;0.7317073170731708;0.6820276497695853;0.1368421052631579;0.06666666666666667;0.52;0.6144200626959248;0.6071428571428571;0.78;0.4473684210526315;0.25;0.3796296296296296;0.6417910447761194;0.15384615384615385;0.2213114754098361;0.20270270270270271;0.46521739130434786;0.136986301369863
0.0;0.0;0.0;0.0;0.0;0.0;0.0;0.2777777777777778;0.0;0.0;0.030303030303030304;0.15384615384615385;0.2905982905982906;0.0;0.0;0.0;1.0;0.0;0.0;0.0;0.2920353982300885;0.2894736842105263;0.041666666666666664;0.2928176795580111;0.5;0.4375;0.5;0.36363636363636365;0.13043478260869565;0.0;0.3105590062111801;0.21739130434782608;0.40948275862068967;0.32921810699588483;0.20634920634920634;0.08333333333333333;0.2866666666666667;0.0;0.46875;0.0;0.3782051282051282;0.26136363636363635;0.18181818181818182;0.0;0.5964912280701754;0.225;0.2;0.34234234234234234;0.1020408163265306;0.2631578947368421;0.18085106382978722;0.109375;0.1308411214953271;0.42424242424242425;0.32258064516129037;0.2;0.4380952380952381;0.18461538461538463;0.352;0.26666666666666666;0.5;0.19047619047619047;0.42857142857142855;0.3913043478260869;0.1111111111111111;0.3900709219858156;0.4;0.41463414634146345;0.3824884792626728;0.09473684210526316;0.06666666666666667;0.2;0.31034482758620685;0.49107142857142855;0.66;0.5263157894736842;0.375;0.28703703703703703;0.3781094527363184;0.2153846153846154;0.1639344262295082;0.1891891891891892;0.32173913043478264;0.1232876712328767
0.0;0.0;0.0;1.0;0.0;1.0;1.0;0.2777777777777778;0.0;0.0;0.09090909090909091;0.07692307692307693;0.16239316239316243;1.0;1.0;0.0;1.0;0.0;1.0;0.0;0.22123893805309736;0.2894736842105263;0.0625;0.2541436464088398;0.4090909090909091;0.3125;0.21428571428571427;0.15151515151515152;0.21739130434782608;0.21428571428571427;0.19254658385093165;0.13043478260869565;0.3448275862068966;0.26337448559670784;0.12698412698412698;0.041666666666666664;0.18000000000000002;0.0;0.21875;0.2;0.3333333333333333;0.19318181818181818;0.36363636363636365;0.5;0.3508771929824561;0.05;0.1904761904761905;0.21621621621621623;0.04081632653061224;0.40350877192982454;0.05319148936170213;0.015625;0.1588785046728972;0.3181818181818182;0.2634408602150538;0.2;0.40952380952380957;0.08461538461538462;0.28800000000000003;0.0;0.0;0.2857142857142857;0.336734693877551;0.2934782608695652;0.19444444444444442;0.36170212765957444;0.26666666666666666;0.3739837398373984;0.2764976958525346;0.07368421052631578;0.13333333333333333;0.24;0.29780564263322884;0.3214285714285714;0.4;0.3421052631578947;0.125;0.19444444444444442;0.31343283582089554;0.07692307692307693;0.10655737704918034;0.12162162162162163;0.2217391304347826;0.1095890410958904
0.0;1.0;0.0;1.0;1.0;0.0;1.0;0.3055555555555555;1.0;0.6000000000000001;0.18181818181818182;0.15384615384615385;0.15811965811965814;0.0;1.0;0.0;0.0;0.0;0.0;1.0;0.36283185840707965;0.10526315789473684;0.41666666666666663;0.425414364640884;0.09090909090909091;0.0;0.0;0.0;0.043478260869565216;0.07142857142857142;0.4161490683229813;0.4782608695652174;0.23706896551724138;0.32510288065843623;0.36507936507936506;0.041666666666666664;0.3066666666666667;0.0;0.25;0.2;0.3846153846153846;0.18181818181818182;0.0;0.0;0.15789473684210525;0.025;0.04761904761904762;0.3288288288288288;0.32653061224489793;0.14035087719298245;0.02127659574468085;0.03125;0.05607476635514018;0.30303030303030304;0.34408602150537637;0.5;0.20952380952380956;0.06153846153846154;0.232;0.2;0.25;0.047619047619047616;0.16326530612244897;0.3804347826086956;0.05555555555555555;0.5106382978723404;0.03333333333333333;0.032520325203252036;0.4147465437788018;0.0;0.0;0.12;0.4012539184952978;0.24107142857142855;0.02;0.05263157894736842;0.0;0.046296296296296294;0.3656716417910448;0.09230769230769231;0.10655737704918034;0.6216216216216217;0.4521739130434783;0.0
0.0;1.0;0.0;1.0;1.0;0.0;1.0;0.2222222222222222;1.0;0.2;0.030303030303030304;0.07692307692307693;0.06410256410256412;0.0;0.0;0.0;0.0;0.0;0.0;0.0;0.21238938053097345;0.21052631578947367;0.10416666666666666;0.27071823204419887;0.06060606060606061;0.03125;0.0;0.0;0.08695652173913043;0.0;0.18012422360248445;0.13043478260869565;0.1336206896551724;0.21810699588477367;0.1746031746031746;0.041666666666666664;0.14;0.16666666666666666;0.15625;0.0;0.22435897435897434;0.05681818181818182;0.09090909090909091;0.0;0.15789473684210525;0.025;0.06666666666666668;0.17117117117117117;0.12244897959183673;0.17543859649122806;0.031914893617021274;0.015625;0.06542056074766354;0.18181818181818182;0.24731182795698928;0.16666666666666666;0.1619047619047619;0.038461538461538464;0.136;0.06666666666666667;0.08333333333333333;0.047619047619047616;0.1020408163265306;0.17391304347826086;0.0;0.23404255319148934;0.03333333333333333;0.0813008130081301;0.2350230414746544;0.010526315789473684;0.0;0.24;0.26332288401253917;0.07142857142857142;0.04;0.02631578947368421;0.0;0.1111111111111111;0.19402985074626866;0.03076923076923077;0.03278688524590164;0.13513513513513514;0.07391304347826087;0.0136986301369863
0.0;1.0;0.0;0.0;1.0;0.0;0.0;0.3611111111111111;1.0;0.6000000000000001;0.09090909090909091;0.15384615384615385;0.2094017094017094;0.0;1.0;0.0;0.0;0.0;0.0;1.0;0.10619469026548672;0.10526315789473684;0.0;0.24861878453038677;0.09090909090909091;0.0625;0.0;0.0;0.043478260869565216;0.0;0.10559006211180123;0.043478260869565216;0.1810344827586207;0.1934156378600823;0.047619047619047616;0.0;0.15333333333333335;0.0;0.3125;0.0;0.1858974358974359;0.13636363636363635;0.09090909090909091;0.0;0.15789473684210525;0.0;0.10476190476190478;0.15765765765765766;0.08163265306122448;0.10526315789473684;0.010638297872340425;0.03125;0.11214953271028036;0.24242424242424243;0.13978494623655915;0.1;0.20000000000000004;0.06923076923076923;0.064;0.0;0.0;0.047619047619047616;0.08163265306122448;0.2934782608695652;0.027777777777777776;0.2553191489361702;0.13333333333333333;0.0813008130081301;0.20276497695852536;0.021052631578947368;0.0;0.16;0.22570532915360503;0.14285714285714285;0.06;0.05263157894736842;0.0625;0.05555555555555555;0.20149253731343283;0.03076923076923077;0.10655737704918034;0.2567567567567568;0.2521739130434783;0.0
0.0;1.0;0.0;0.0;1.0;1.0;0.0;0.4166666666666667;1.0;0.2;0.030303030303030304;0.07692307692307693;0.21367521367521372;0.0;1.0;0.0;0.0;0.0;0.0;1.0;0.3805309734513274;0.2631578947368421;0.16666666666666666;0.5193370165745856;0.10606060606060606;0.03125;0.0;0.0;0.08695652173913043;0.07142857142857142;0.5341614906832298;0.3913043478260869;0.21551724137931033;0.37860082304526754;0.6190476190476191;0.0;0.54;0.16666666666666666;0.28125;0.0;0.4807692307692307;0.17045454545454547;0.18181818181818182;0.0;0.2807017543859649;0.025;0.04761904761904762;0.4144144144144144;0.6122448979591836;0.2982456140350877;0.031914893617021274;0.015625;0.1308411214953271;0.33333333333333337;0.41397849462365593;0.8333333333333334;0.21904761904761907;0.046153846153846156;0.20800000000000002;0.13333333333333333;0.3333333333333333;0.09523809523809523;0.22448979591836732;0.5217391304347826;0.1111111111111111;0.6028368794326241;0.11666666666666667;0.032520325203252036;0.45622119815668205;0.021052631578947368;0.0;0.44;0.45141065830721;0.2857142857142857;0.08;0.13157894736842105;0.0;0.06481481481481481;0.42039800995024873;0.03076923076923077;0.13114754098360656;0.2567567567567568;0.5391304347826087;0.0136986301369863
0.0;1.0;0.0;1.0;1.0;0.0;0.0;0.3333333333333333;1.0;0.2;0.0;0.07692307692307693;0.19658119658119663;0.0;1.0;0.0;1.0;0.0;0.0;1.0;0.1327433628318584;0.15789473684210525;0.041666666666666664;0.2044198895027624;0.030303030303030304;0.0;0.0;0.0;0.043478260869565216;0.07142857142857142;0.15527950310559005;0.08695652173913043;0.1810344827586207;0.16460905349794241;0.1746031746031746;0.041666666666666664;0.15333333333333335;0.0;0.21875;0.0;0.23076923076923075;0.11363636363636365;0.09090909090909091;0.0;0.22807017543859648;0.025;0.1904761904761905;0.11711711711711711;0.04081632653061224;0.14035087719298245;0.09574468085106383;0.046875;0.1308411214953271;0.24242424242424243;0.11827956989247312;0.16666666666666666;0.13333333333333336;0.06153846153846154;0.088;0.2;0.16666666666666666;0.14285714285714285;0.1530612244897959;0.19565217391304346;0.05555555555555555;0.2553191489361702;0.16666666666666666;0.07317073170731708;0.17050691244239632;0.05263157894736842;0.0;0.04;0.2476489028213166;0.10714285714285714;0.02;0.13157894736842105;0.0;0.1388888888888889;0.18159203980099503;0.046153846153846156;0.04918032786885246;0.08108108108108109;0.2217391304347826;0.0
0.0;1.0;0.0;1.0;0.0;0.0;0.0;0.16666666666666669;0.0;0.0;0.0;0.0;0.16666666666666669;0.0;0.0;0.0;0.0;0.0;0.0;0.0;0.1592920353982301;0.18421052631578946;0.20833333333333331;0.26519337016574585;0.36363636363636365;0.21875;0.2857142857142857;0.18181818181818182;0.2608695652173913;0.14285714285714285;0.22981366459627328;0.17391304347826086;0.3879310344827586;0.25102880658436216;0.23809523809523808;0.041666666666666664;0.26;0.16666666666666666;0.71875;0.0;0.358974358974359;0.2727272727272727;0.36363636363636365;0.0;0.43859649122807015;0.025;0.14285714285714288;0.32432432432432434;0.2040816326530612;0.3157894736842105;0.0425531914893617;0.03125;0.18691588785046728;0.3787878787878788;0.3010752688172043;0.36666666666666664;0.3619047619047619;0.13076923076923078;0.312;0.4666666666666667;0.5833333333333333;0.38095238095238093;0.2346938775510204;0.34782608695652173;0.3055555555555555;0.3829787234042553;0.26666666666666666;0.5040650406504066;0.3271889400921659;0.11578947368421053;0.4666666666666667;0.36;0.32601880877742945;0.4196428571428571;0.28;0.3157894736842105;0.1875;0.1388888888888889;0.36318407960199006;0.12307692307692308;0.2213114754098361;0.1891891891891892;0.26086956521739135;0.0547945205479452
0.0;1.0;0.0;0.0;0.0;0.0;0.0;0.25;1.0;0.4;0.12121212121212122;0.07692307692307693;0.19658119658119663;0.0;1.0;0.0;0.0;0.0;0.0;1.0;0.19469026548672566;0.18421052631578946;0.14583333333333331;0.27071823204419887;0.09090909090909091;0.0;0.0;0.0;0.043478260869565216;0.07142857142857142;0.16770186335403725;0.2608695652173913;0.12068965517241378;0.21399176954732513;0.25396825396825395;0.0;0.25333333333333335;0.0;0.09375;0.0;0.1987179487179487;0.13636363636363635;0.0;0.0;0.14035087719298245;0.0;0.09523809523809525;0.1981981981981982;0.32653061224489793;0.05263157894736842;0.0;0.015625;0.09345794392523364;0.18181818181818182;0.20967741935483872;0.5;0.10476190476190478;0.03076923076923077;0.064;0.13333333333333333;0.3333333333333333;0.0;0.0510204081632653;0.22826086956521738;0.05555555555555555;0.21276595744680848;0.1;0.05691056910569106;0.17511520737327188;0.031578947368421054;0.06666666666666667;0.04;0.2476489028213166;0.14285714285714285;0.0;0.02631578947368421;0.0;0.018518518518518517;0.22139303482587064;0.015384615384615385;0.07377049180327869;0.24324324324324326;0.26521739130434785;0.0
0.0;1.0;0.0;0.0;1.0;0.0;1.0;0.3333333333333333;1.0;0.4;0.15151515151515152;0.23076923076923078;0.18803418803418806;0.0;0.0;0.0;1.0;0.0;0.0;0.0;0.45132743362831856;0.3157894736842105;0.0625;0.430939226519337;0.696969696969697;0.5625;0.7142857142857142;0.4545454545454546;0.21739130434782608;0.2857142857142857;0.42857142857142855;0.13043478260869565;0.5862068965517241;0.4526748971193416;0.38095238095238093;0.0;0.4133333333333334;0.0;0.65625;0.6000000000000001;0.5576923076923077;0.5454545454545454;0.36363636363636365;0.0;0.8245614035087718;0.375;0.34285714285714286;0.4369369369369369;0.22448979591836732;0.24561403508771928;0.2553191489361702;0.140625;0.42990654205607476;0.5757575757575758;0.456989247311828;0.2;0.5047619047619049;0.23076923076923078;0.376;0.3333333333333333;0.5;0.5714285714285714;0.42857142857142855;0.46739130434782605;0.3333333333333333;0.5602836879432623;0.7333333333333333;0.6422764227642277;0.42857142857142855;0.15789473684210525;0.4;0.32;0.48275862068965514;0.7321428571428571;0.66;0.9736842105263157;0.6875;0.4444444444444444;0.5398009950248757;0.18461538461538463;0.3278688524590164;0.3918918918918919;0.4;0.273972602739726
0.0;1.0;0.0;1.0;0.0;0.0;0.0;0.3888888888888889;0.0;0.0;0.0;0.0;0.30341880341880345;1.0;1.0;0.0;1.0;0.0;1.0;0.0;0.2654867256637168;0.5263157894736842;0.0625;0.3259668508287293;0.4696969696969697;0.3125;0.42857142857142855;0.18181818181818182;0.043478260869565216;0.14285714285714285;0.2546583850931677;0.043478260869565216;0.4439655172413793;0.2880658436213992;0.12698412698412698;0.0;0.2866666666666667;0.16666666666666666;0.375;0.0;0.4487179487179487;0.32954545454545453;0.2727272727272727;0.0;0.40350877192982454;0.025;0.2666666666666667;0.3153153153153153;0.12244897959183673;0.24561403508771928;0.06382978723404255;0.03125;0.22429906542056072;0.4090909090909091;0.32795698924731187;0.23333333333333334;0.3523809523809524;0.13076923076923078;0.12;0.13333333333333333;0.16666666666666666;0.2857142857142857;0.2857142857142857;0.3913043478260869;0.08333333333333333;0.4964539007092198;0.26666666666666666;0.2764227642276423;0.2903225806451613;0.17894736842105263;0.0;0.16;0.34796238244514105;0.49107142857142855;0.28;0.5;0.25;0.2962962962962963;0.3582089552238806;0.24615384615384617;0.30327868852459017;0.06756756756756757;0.22608695652173913;0.136986301369863
0.0;0.0;0.0;0.0;0.0;0.0;0.0;0.3055555555555555;1.0;0.4;0.06060606060606061;0.3076923076923077;0.06410256410256412;0.0;0.0;0.0;0.0;0.0;0.0;0.0;0.16814159292035397;0.10526315789473684;0.020833333333333332;0.22651933701657456;0.21212121212121213;0.0;0.0;0.030303030303030304;0.0;0.0;0.12422360248447203;0.043478260869565216;0.1939655172413793;0.1851851851851852;0.12698412698412698;0.0;0.10666666666666667;0.16666666666666666;0.21875;0.0;0.23717948717948717;0.1590909090909091;0.0;0.0;0.12280701754385964;0.1;0.1523809523809524;0.14414414414414414;0.02040816326530612;0.05263157894736842;0.10638297872340426;0.046875;0.09345794392523364;0.24242424242424243;0.13440860215053765;0.06666666666666667;0.18095238095238098;0.07692307692307693;0.192;0.26666666666666666;0.16666666666666666;0.14285714285714285;0.11224489795918366;0.19565217391304346;0.16666666666666666;0.1702127659574468;0.13333333333333333;0.0894308943089431;0.1935483870967742;0.06315789473684211;0.0;0.24;0.2225705329153605;0.19642857142857142;0.08;0.10526315789473684;0.0625;0.16666666666666666;0.18656716417910446;0.046153846153846156;0.09836065573770492;0.14864864864864866;0.2391304347826087;0.0136986301369863
0.0;0.0;0.0;0.0;1.0;0.0;0.0;0.1388888888888889;0.0;0.0;0.06060606060606061;0.15384615384615385;0.10256410256410259;1.0;0.0;0.0;1.0;0.0;0.0;0.0;0.05309734513274336;0.13157894736842105;0.020833333333333332;0.0718232044198895;0.06060606060606061;0.125;0.21428571428571427;0.030303030303030304;0.0;0.0;0.043478260869565216;0.043478260869565216;0.11206896551724138;0.0617283950617284;0.06349206349206349;0.0;0.05333333333333334;0.16666666666666666;0.21875;0.0;0.1282051282051282;0.06818181818181818;0.0;0.0;0.12280701754385964;0.07500000000000001;0.06666666666666668;0.07657657657657657;0.02040816326530612;0.03508771929824561;0.0425531914893617;0.046875;0.06542056074766354;0.10606060606060606;0.05913978494623656;0.0;0.057142857142857155;0.038461538461538464;0.056;0.06666666666666667;0.16666666666666666;0.047619047619047616;0.04081632653061224;0.09782608695652173;0.027777777777777776;0.0851063829787234;0.11666666666666667;0.12195121951219513;0.07834101382488479;0.031578947368421054;0.0;0.08;0.09404388714733541;0.0625;0.14;0.13157894736842105;0.0625;0.037037037037037035;0.08955223880597014;0.0;0.00819672131147541;0.12162162162162163;0.09130434782608696;0.0136986301369863
0.0;1.0;1.0;1.0;1.0;1.0;1.0;0.3888888888888889;1.0;0.2;0.09090909090909091;0.07692307692307693;0.17094017094017097;0.0;1.0;0.0;0.0;0.0;0.0;1.0;0.23893805309734512;0.07894736842105263;0.10416666666666666;0.3591160220994475;0.16666666666666669;0.0;0.0;0.0;0.08695652173913043;0.14285714285714285;0.19875776397515527;0.08695652173913043;0.3146551724137931;0.24279835390946505;0.25396825396825395;0.0;0.26;0.16666666666666666;0.125;0.0;0.28205128205128205;0.2159090909090909;0.2727272727272727;0.0;0.2982456140350877;0.025;0.10476190476190478;0.2927927927927928;0.2040816326530612;0.15789473684210525;0.06382978723404255;0.03125;0.17757009345794392;0.25757575757575757;0.2849462365591398;0.2;0.2761904761904762;0.1076923076923077;0.184;0.13333333333333333;0.16666666666666666;0.047619047619047616;0.25510204081632654;0.33695652173913043;0.1388888888888889;0.45390070921985815;0.13333333333333333;0.0813008130081301;0.2672811059907834;0.06315789473684211;0.06666666666666667;0.4;0.36990595611285265;0.21428571428571427;0.1;0.15789473684210525;0.0;0.08333333333333333;0.3333333333333333;0.09230769230769231;0.2377049180327869;0.10810810810810811;0.30434782608695654;0.0410958904109589
0.0;1.0;0.0;1.0;0.0;0.0;0.0;0.6666666666666666;1.0;0.6000000000000001;0.09090909090909091;0.23076923076923078;0.3717948717948718;0.0;0.0;0.0;0.0;0.0;0.0;0.0;1.0;0.5;0.47916666666666663;0.9999999999999999;0.8333333333333334;0.65625;0.14285714285714285;0.30303030303030304;0.43478260869565216;0.21428571428571427;0.9999999999999999;1.0;0.6293103448275862;1.0;1.0;0.041666666666666664;1.0;0.3333333333333333;0.71875;0.2;1.0;0.5113636363636364;0.36363636363636365;0.0;0.8421052631578947;0.125;0.4;1.0;0.8775510204081632;0.3684210526315789;0.13829787234042554;0.0625;0.35514018691588783;1.0;1.0;1.0;0.6285714285714287;0.25384615384615383;1.0;0.4;0.8333333333333333;0.23809523809523808;0.4591836734693877;1.0;0.25;0.9999999999999999;0.6;0.7723577235772359;1.0;0.23157894736842105;0.06666666666666667;1.0;0.9999999999999999;0.8571428571428571;0.72;0.6052631578947368;0.4375;0.41666666666666663;1.0;0.18461538461538463;0.2868852459016394;0.3783783783783784;1.0;0.0547945205479452
0.0;1.0;0.0;1.0;1.0;1.0;0.0;0.19444444444444448;1.0;0.6000000000000001;0.09090909090909091;0.23076923076923078;0.08119658119658121;0.0;0.0;0.0;0.0;0.0;0.0;0.0;0.10619469026548672;0.05263157894736842;0.020833333333333332;0.07734806629834254;0.07575757575757576;0.0;0.07142857142857142;0.0;0.0;0.0;0.049689440993788817;0.17391304347826086;0.06465517241379311;0.06995884773662552;0.14285714285714285;0.0;0.060000000000000005;0.16666666666666666;0.1875;0.0;0.08974358974358974;0.05681818181818182;0.2727272727272727;0.0;0.08771929824561403;0.0;0.05714285714285715;0.05405405405405406;0.12244897959183673;0.03508771929824561;0.010638297872340425;0.015625;0.04672897196261682;0.09090909090909091;0.05376344086021506;0.23333333333333334;0.06666666666666668;0.038461538461538464;0.096;0.06666666666666667;0.0;0.047619047619047616;0.04081632653061224;0.10869565217391304;0.05555555555555555;0.07801418439716312;0.11666666666666667;0.016260162601626018;0.0967741935483871;0.021052631578947368;0.0;0.04;0.08463949843260188;0.08928571428571427;0.06;0.07894736842105263;0.0;0.046296296296296294;0.07711442786069651;0.03076923076923077;0.04098360655737705;0.05405405405405406;0.13478260869565217;0.0
0.0;0.0;0.0;0.0;0.0;0.0;0.0;0.1388888888888889;1.0;0.2;0.0;0.23076923076923078;0.08974358974358976;0.0;0.0;0.0;0.0;0.0;0.0;0.0;0.1415929203539823;0.23684210526315788;0.16666666666666666;0.18784530386740333;0.12121212121212122;0.09375;0.07142857142857142;0.0;0.043478260869565216;0.0;0.22981366459627328;0.17391304347826086;0.09482758620689655;0.16049382716049385;0.25396825396825395;0.08333333333333333;0.2;0.0;0.125;0.0;0.16666666666666666;0.07954545454545454;0.0;0.0;0.15789473684210525;0.0;0.0380952380952381;0.17117117117117117;0.3469387755102041;0.10526315789473684;0.02127659574468085;0.015625;0.0;0.24242424242424243;0.17204301075268819;0.26666666666666666;0.12380952380952384;0.03076923076923077;0.14400000000000002;0.2;0.0;0.0;0.061224489795918366;0.20652173913043478;0.05555555555555555;0.23404255319148934;0.016666666666666666;0.016260162601626018;0.17511520737327188;0.010526315789473684;0.0;0.16;0.1724137931034483;0.13392857142857142;0.12;0.07894736842105263;0.0;0.05555555555555555;0.16417910447761194;0.03076923076923077;0.00819672131147541;0.21621621621621623;0.2;0.0
0.0;1.0;1.0;1.0;1.0;1.0;1.0;0.2777777777777778;1.0;0.2;0.0;0.0;0.05982905982905983;0.0;0.0;0.0;0.0;0.0;0.0;0.0;0.20353982300884954;0.13157894736842105;0.125;0.19889502762430938;0.12121212121212122;0.03125;0.0;0.0;0.043478260869565216;0.07142857142857142;0.16770186335403725;0.2608695652173913;0.10344827586206896;0.1851851851851852;0.20634920634920634;0.0;0.23333333333333334;0.0;0.15625;0.0;0.1987179487179487;0.09090909090909091;0.0;0.0;0.10526315789473684;0.0;0.0380952380952381;0.17567567567567569;0.18367346938775508;0.12280701754385964;0.0;0.03125;0.04672897196261682;0.16666666666666669;0.14516129032258066;0.36666666666666664;0.13333333333333336;0.046153846153846156;0.176;0.06666666666666667;0.0;0.09523809523809523;0.09183673469387754;0.20652173913043478;0.0;0.2482269503546099;0.03333333333333333;0.024390243902439025;0.18433179723502305;0.042105263157894736;0.0;0.12;0.1755485893416928;0.19642857142857142;0.06;0.07894736842105263;0.0;0.027777777777777776;0.18407960199004975;0.06153846153846154;0.07377049180327869;0.21621621621621623;0.14347826086956522;0.0
0.0;1.0;1.0;1.0;1.0;1.0;1.0;0.25;1.0;0.4;0.030303030303030304;0.0;0.19230769230769235;0.0;1.0;0.0;1.0;0.0;1.0;1.0;0.05309734513274336;0.0;0.0;0.03867403314917127;0.06060606060606061;0.0;0.0;0.030303030303030304;0.0;0.0;0.037267080745341616;0.0;0.05172413793103448;0.05349794238683128;0.06349206349206349;0.0;0.04666666666666667;0.0;0.0625;0.0;0.07051282051282051;0.03409090909090909;0.09090909090909091;0.0;0.05263157894736842;0.025;0.06666666666666668;0.04504504504504504;0.04081632653061224;0.017543859649122806;0.02127659574468085;0.0;0.0;0.030303030303030304;0.08602150537634409;0.0;0.06666666666666668;0.007692307692307693;0.04;0.0;0.0;0.047619047619047616;0.030612244897959183;0.043478260869565216;0.027777777777777776;0.07801418439716312;0.08333333333333333;0.0;0.04608294930875576;0.021052631578947368;0.0;0.04;0.05329153605015673;0.09821428571428571;0.0;0.02631578947368421;0.125;0.018518518518518517;0.05472636815920398;0.015384615384615385;0.01639344262295082;0.02702702702702703;0.05217391304347826;0.0
0.0;0.0;0.0;0.0;0.0;0.0;0.0;0.3333333333333333;1.0;0.4;0.15151515151515152;0.3076923076923077;0.11965811965811968;0.0;0.0;0.0;0.0;0.0;0.0;0.0;0.1415929203539823;0.18421052631578946;0.0625;0.3149171270718232;0.2272727272727273;0.0625;0.0;0.0;0.043478260869565216;0.07142857142857142;0.14906832298136646;0.17391304347826086;0.3146551724137931;0.24279835390946505;0.12698412698412698;0.0;0.15333333333333335;0.0;0.34375;0.0;0.2564102564102564;0.2272727272727273;0.18181818181818182;0.0;0.15789473684210525;0.05;0.2380952380952381;0.19369369369369369;0.12244897959183673;0.19298245614035087;0.18085106382978722;0.015625;0.21495327102803738;0.4090909090909091;0.16666666666666669;0.03333333333333333;0.2857142857142857;0.1;0.064;0.2;0.08333333333333333;0.14285714285714285;0.21428571428571427;0.31521739130434784;0.1388888888888889;0.3475177304964539;0.18333333333333332;0.07317073170731708;0.29493087557603687;0.12631578947368421;0.0;0.12;0.3573667711598746;0.20535714285714285;0.04;0.10526315789473684;0.0;0.17592592592592593;0.2885572139303483;0.07692307692307693;0.12295081967213116;0.22972972972972974;0.30000000000000004;0.0
0.0;0.0;0.0;1.0;1.0;1.0;0.0;0.2777777777777778;1.0;0.6000000000000001;0.030303030303030304;0.46153846153846156;0.23931623931623933;1.0;1.0;0.0;1.0;0.0;1.0;1.0;0.1415929203539823;0.13157894736842105;0.020833333333333332;0.0718232044198895;0.2272727272727273;0.125;0.0;0.0;0.17391304347826086;0.14285714285714285;0.06211180124223602;0.0;0.14224137931034483;0.11934156378600824;0.047619047619047616;0.041666666666666664;0.09333333333333334;0.0;0.1875;0.0;0.16666666666666666;0.10227272727272728;0.09090909090909091;0.0;0.17543859649122806;0.025;0.04761904761904762;0.12612612612612611;0.02040816326530612;0.05263157894736842;0.02127659574468085;0.046875;0.04672897196261682;0.16666666666666669;0.10752688172043012;0.1;0.14285714285714288;0.06923076923076923;0.12;0.13333333333333333;0.08333333333333333;0.047619047619047616;0.09183673469387754;0.13043478260869565;0.0;0.14893617021276595;0.03333333333333333;0.1788617886178862;0.10599078341013825;0.042105263157894736;0.0;0.04;0.10344827586206896;0.23214285714285712;0.1;0.10526315789473684;0.0625;0.09259259259259259;0.12437810945273631;0.03076923076923077;0.10655737704918034;0.02702702702702703;0.07826086956521738;0.0136986301369863
0.0;1.0;0.0;1.0;1.0;0.0;0.0;0.2777777777777778;0.0;0.0;0.030303030303030304;0.07692307692307693;0.1837606837606838;0.0;0.0;0.0;0.0;0.0;0.0;0.0;0.1415929203539823;0.10526315789473684;0.125;0.26519337016574585;0.12121212121212122;0.125;0.0;0.030303030303030304;0.17391304347826086;0.0;0.09937888198757763;0.043478260869565216;0.20689655172413793;0.21810699588477367;0.19047619047619047;0.0;0.10666666666666667;0.16666666666666666;0.25;0.0;0.2756410256410256;0.13636363636363635;0.4545454545454546;0.0;0.08771929824561403;0.05;0.08571428571428572;0.21621621621621623;0.18367346938775508;0.17543859649122806;0.09574468085106383;0.015625;0.08411214953271028;0.2727272727272727;0.20430107526881722;0.13333333333333333;0.2571428571428572;0.06153846153846154;0.096;0.13333333333333333;0.08333333333333333;0.047619047619047616;0.11224489795918366;0.22826086956521738;0.19444444444444442;0.22695035460992907;0.15;0.05691056910569106;0.1935483870967742;0.06315789473684211;0.06666666666666667;0.04;0.26645768025078365;0.21428571428571427;0.06;0.10526315789473684;0.0625;0.1111111111111111;0.23880597014925375;0.09230769230769231;0.18852459016393444;0.08108108108108109;0.28260869565217395;0.0273972602739726
0.0;0.0;0.0;1.0;0.0;0.0;0.0;0.1388888888888889;1.0;0.4;0.12121212121212122;0.07692307692307693;0.08974358974358976;0.0;0.0;0.0;0.0;0.0;0.0;0.0;0.1592920353982301;0.02631578947368421;0.08333333333333333;0.15469613259668508;0.07575757575757576;0.03125;0.0;0.0;0.043478260869565216;0.0;0.09937888198757763;0.13043478260869565;0.08620689655172414;0.13168724279835392;0.19047619047619047;0.0;0.12000000000000001;0.0;0.09375;0.0;0.15384615384615385;0.11363636363636365;0.0;0.0;0.017543859649122806;0.025;0.0380952380952381;0.11261261261261261;0.22448979591836732;0.10526315789473684;0.05319148936170213;0.0;0.04672897196261682;0.18181818181818182;0.11827956989247312;0.26666666666666666;0.10476190476190478;0.03076923076923077;0.064;0.0;0.08333333333333333;0.09523809523809523;0.1020408163265306;0.15217391304347827;0.08333333333333333;0.20567375886524822;0.05;0.008130081300813009;0.17972350230414746;0.05263157894736842;0.0;0.2;0.16300940438871475;0.08928571428571427;0.02;0.10526315789473684;0.0;0.06481481481481481;0.12935323383084577;0.015384615384615385;0.06557377049180328;0.24324324324324326;0.13043478260869565;0.0
0.0;1.0;0.0;1.0;1.0;1.0;1.0;0.2777777777777778;1.0;0.6000000000000001;0.12121212121212122;0.46153846153846156;0.07264957264957267;0.0;0.0;0.0;0.0;0.0;0.0;0.0;0.1504424778761062;0.13157894736842105;0.041666666666666664;0.1712707182320442;0.09090909090909091;0.0625;0.0;0.0;0.08695652173913043;0.0;0.08695652173913043;0.043478260869565216;0.09913793103448276;0.14814814814814817;0.09523809523809523;0.0;0.04666666666666667;0.0;0.125;0.0;0.15384615384615385;0.06818181818181818;0.09090909090909091;0.5;0.03508771929824561;0.0;0.06666666666666668;0.0945945945945946;0.16326530612244897;0.10526315789473684;0.02127659574468085;0.0;0.07476635514018691;0.09090909090909091;0.15591397849462366;0.06666666666666667;0.12380952380952384;0.05384615384615385;0.096;0.13333333333333333;0.08333333333333333;0.0;0.01020408163265306;0.17391304347826086;0.05555555555555555;0.20567375886524822;0.05;0.04065040650406505;0.15668202764976957;0.042105263157894736;0.06666666666666667;0.08;0.14420062695924765;0.10714285714285714;0.12;0.0;0.0;0.07407407407407407;0.12935323383084577;0.015384615384615385;0.04918032786885246;0.20270270270270271;0.16521739130434782;0.0
0.0;0.0;1.0;1.0;1.0;1.0;1.0;0.5833333333333333;1.0;0.2;0.030303030303030304;0.0;0.25213675213675213;0.0;1.0;0.0;1.0;0.0;0.0;1.0;0.2920353982300885;0.2631578947368421;0.20833333333333331;0.3591160220994475;0.4545454545454546;0.34375;0.3571428571428571;0.30303030303030304;0.043478260869565216;0.0;0.27329192546583847;0.30434782608695654;0.3448275862068966;0.4444444444444445;0.3492063492063492;0.08333333333333333;0.3866666666666667;0.16666666666666666;0.40625;0.0;0.5256410256410257;0.2272727272727273;0.36363636363636365;0.5;0.5614035087719298;0.1;0.20952380952380956;0.4009009009009009;0.26530612244897955;0.24561403508771928;0.07446808510638298;0.0;0.21495327102803738;0.3484848484848485;0.42473118279569894;0.4;0.41904761904761906;0.13076923076923078;0.496;0.5333333333333333;0.3333333333333333;0.23809523809523808;0.2346938775510204;0.4891304347826087;0.1388888888888889;0.5531914893617021;0.4;0.5772357723577236;0.4838709677419355;0.09473684210526316;0.13333333333333333;0.32;0.39184952978056425;0.5;0.56;0.5789473684210527;0.1875;0.21296296296296297;0.4527363184079602;0.1076923076923077;0.1639344262295082;0.2972972972972973;0.3652173913043479;0.1506849315068493
0.0;0.0;0.0;1.0;0.0;0.0;0.0;0.49999999999999994;0.0;0.0;0.0;0.6153846153846154;0.14102564102564105;0.0;0.0;0.0;0.0;0.0;0.0;0.0;0.18584070796460178;0.13157894736842105;0.08333333333333333;0.2430939226519337;0.2272727272727273;0.15625;0.07142857142857142;0.030303030303030304;0.08695652173913043;0.07142857142857142;0.10559006211180123;0.08695652173913043;0.23275862068965517;0.20987654320987656;0.07936507936507936;0.041666666666666664;0.11333333333333334;0.16666666666666666;0.34375;0.0;0.22435897435897434;0.1590909090909091;0.36363636363636365;0.0;0.21052631578947367;0.0;0.06666666666666668;0.13963963963963963;0.18367346938775508;0.21052631578947367;0.05319148936170213;0.046875;0.09345794392523364;0.2727272727272727;0.16666666666666669;0.16666666666666666;0.2571428571428572;0.1076923076923077;0.224;0.0;0.0;0.047619047619047616;0.18367346938775508;0.32608695652173914;0.027777777777777776;0.19858156028368792;0.06666666666666667;0.06504065040650407;0.1889400921658986;0.08421052631578947;0.0;0.12;0.25391849529780564;0.17857142857142855;0.16;0.10526315789473684;0.0;0.09259259259259259;0.236318407960199;0.06153846153846154;0.18032786885245902;0.0945945945945946;0.26521739130434785;0.0136986301369863
0.0;0.0;0.0;1.0;1.0;0.0;0.0;0.19444444444444448;1.0;0.4;0.06060606060606061;0.15384615384615385;0.21367521367521372;1.0;1.0;0.0;1.0;0.0;1.0;1.0;0.07079646017699115;0.05263157894736842;0.0;0.03867403314917127;0.09090909090909091;0.0625;0.07142857142857142;0.0;0.043478260869565216;0.0;0.06211180124223602;0.0;0.12068965517241378;0.102880658436214;0.047619047619047616;0.0;0.04666666666666667;0.16666666666666666;0.1875;0.0;0.15384615384615385;0.125;0.18181818181818182;0.0;0.12280701754385964;0.05;0.06666666666666668;0.11711711711711711;0.04081632653061224;0.07017543859649122;0.06382978723404255;0.0;0.07476635514018691;0.10606060606060606;0.09677419354838711;0.0;0.12380952380952384;0.038461538461538464;0.128;0.0;0.08333333333333333;0.047619047619047616;0.09183673469387754;0.15217391304347827;0.027777777777777776;0.11347517730496454;0.13333333333333333;0.07317073170731708;0.07373271889400922;0.0;0.06666666666666667;0.04;0.12852664576802508;0.08928571428571427;0.08;0.10526315789473684;0.0625;0.06481481481481481;0.10945273631840796;0.0;0.11475409836065574;0.013513513513513514;0.06956521739130435;0.0547945205479452
0.0;0.0;0.0;0.0;1.0;0.0;0.0;0.08333333333333333;0.0;0.0;0.0;0.0;0.07264957264957267;1.0;0.0;0.0;1.0;0.0;0.0;0.0;0.035398230088495575;0.0;0.020833333333333332;0.03867403314917127;0.030303030303030304;0.0625;0.0;0.0;0.043478260869565216;0.0;0.018633540372670808;0.0;0.05603448275862069;0.04938271604938272;0.031746031746031744;0.0;0.006666666666666667;0.0;0.09375;0.0;0.04487179487179487;0.07954545454545454;0.09090909090909091;0.0;0.07017543859649122;0.0;0.028571428571428574;0.04954954954954955;0.0;0.017543859649122806;0.02127659574468085;0.0;0.05607476635514018;0.045454545454545456;0.043010752688172046;0.0;0.06666666666666668;0.023076923076923078;0.024;0.06666666666666667;0.08333333333333333;0.0;0.04081632653061224;0.05434782608695652;0.05555555555555555;0.04255319148936171;0.06666666666666667;0.04878048780487805;0.05069124423963134;0.021052631578947368;0.06666666666666667;0.0;0.06269592476489028;0.03571428571428571;0.04;0.05263157894736842;0.0;0.018518518518518517;0.04975124378109453;0.0;0.03278688524590164;0.05405405405405406;0.04782608695652174;0.0410958904109589
0.0;0.0;0.0;1.0;1.0;1.0;0.0;0.1388888888888889;0.0;0.0;0.09090909090909091;0.07692307692307693;0.11965811965811968;1.0;1.0;0.0;1.0;0.0;1.0;1.0;0.02654867256637168;0.07894736842105263;0.0;0.04419889502762431;0.015151515151515152;0.0;0.0;0.06060606060606061;0.0;0.07142857142857142;0.018633540372670808;0.0;0.05603448275862069;0.02880658436213992;0.0;0.0;0.02;0.0;0.15625;0.0;0.02564102564102564;0.05681818181818182;0.09090909090909091;0.0;0.08771929824561403;0.0;0.04761904761904762;0.02702702702702703;0.04081632653061224;0.07017543859649122;0.0;0.0;0.018691588785046728;0.0;0.03763440860215054;0.1;0.06666666666666668;0.0;0.008;0.06666666666666667;0.08333333333333333;0.047619047619047616;0.0510204081632653;0.043478260869565216;0.0;0.02836879432624113;0.016666666666666666;0.05691056910569106;0.03686635944700461;0.042105263157894736;0.0;0.08;0.037617554858934164;0.0625;0.0;0.0;0.0625;0.009259259259259259;0.03482587064676617;0.0;0.02459016393442623;0.05405405405405406;0.05217391304347826;0.0
0.0;1.0;1.0;1.0;1.0;1.0;1.0;0.5555555555555555;1.0;0.2;0.06060606060606061;0.0;0.04273504273504274;1.0;0.0;0.0;1.0;0.0;0.0;0.0;0.017699115044247787;0.05263157894736842;0.020833333333333332;0.04419889502762431;0.030303030303030304;0.0;0.07142857142857142;0.06060606060606061;0.043478260869565216;0.07142857142857142;0.024844720496894408;0.043478260869565216;0.06465517241379311;0.041152263374485604;0.031746031746031744;0.0;0.02;0.0;0.0625;0.0;0.04487179487179487;0.07954545454545454;0.09090909090909091;0.0;0.03508771929824561;0.0;0.0761904761904762;0.02702702702702703;0.02040816326530612;0.10526315789473684;0.010638297872340425;0.0;0.05607476635514018;0.06060606060606061;0.03225806451612903;0.0;0.0761904761904762;0.023076923076923078;0.024;0.0;0.08333333333333333;0.0;0.04081632653061224;0.03260869565217391;0.05555555555555555;0.04255319148936171;0.05;0.008130081300813009;0.04608294930875576;0.09473684210526316;0.06666666666666667;0.04;0.050156739811912224;0.08035714285714285;0.02;0.07894736842105263;0.0;0.08333333333333333;0.03233830845771144;0.015384615384615385;0.02459016393442623;0.05405405405405406;0.07826086956521738;0.0136986301369863
0.0;1.0;0.0;1.0;1.0;0.0;0.0;0.1388888888888889;0.0;0.0;0.0;0.0;0.11111111111111113;1.0;1.0;0.0;1.0;0.0;0.0;1.0;0.1592920353982301;0.2631578947368421;0.10416666666666666;0.10497237569060773;0.21212121212121213;0.0625;0.2857142857142857;0.06060606060606061;0.17391304347826086;0.07142857142857142;0.09937888198757763;0.043478260869565216;0.21982758620689655;0.13168724279835392;0.047619047619047616;0.041666666666666664;0.1;0.16666666666666666;0.3125;0.4;0.16025641025641024;0.14772727272727273;0.2727272727272727;0.0;0.2631578947368421;0.05;0.14285714285714288;0.13513513513513514;0.08163265306122448;0.15789473684210525;0.0425531914893617;0.0625;0.102803738317757;0.10606060606060606;0.10752688172043012;0.06666666666666667;0.24761904761904766;0.08461538461538462;0.12;0.26666666666666666;0.25;0.2857142857142857;0.2040816326530612;0.10869565217391304;0.027777777777777776;0.23404255319148934;0.16666666666666666;0.1869918699186992;0.2073732718894009;0.042105263157894736;0.0;0.12;0.15047021943573669;0.26785714285714285;0.14;0.15789473684210525;0.125;0.2222222222222222;0.1417910447761194;0.1076923076923077;0.07377049180327869;0.12162162162162163;0.12608695652173912;0.0821917808219178
0.0;0.0;0.0;1.0;0.0;0.0;0.0;0.2222222222222222;0.0;0.0;0.0;0.0;0.16239316239316243;1.0;1.0;0.0;1.0;0.0;1.0;1.0;0.1504424778761062;0.10526315789473684;0.020833333333333332;0.15469613259668508;0.30303030303030304;0.125;0.42857142857142855;0.15151515151515152;0.043478260869565216;0.0;0.08695652173913043;0.08695652173913043;0.21982758620689655;0.20164609053497945;0.07936507936507936;0.0;0.08666666666666667;0.16666666666666666;0.40625;0.0;0.1987179487179487;0.20454545454545456;0.18181818181818182;0.0;0.21052631578947367;0.05;0.17142857142857143;0.17567567567567569;0.0;0.15789473684210525;0.07446808510638298;0.015625;0.14953271028037382;0.21212121212121213;0.15591397849462366;0.03333333333333333;0.26666666666666666;0.13076923076923078;0.248;0.13333333333333333;0.08333333333333333;0.19047619047619047;0.2040816326530612;0.17391304347826086;0.08333333333333333;0.276595744680851;0.11666666666666667;0.1626016260162602;0.2488479262672811;0.07368421052631578;0.06666666666666667;0.04;0.18495297805642633;0.30357142857142855;0.22;0.21052631578947367;0.1875;0.21296296296296297;0.19154228855721392;0.03076923076923077;0.09016393442622951;0.02702702702702703;0.1;0.3972602739726027
0.0;0.0;0.0;1.0;0.0;0.0;0.0;0.3055555555555555;0.0;0.0;0.0;0.0;0.17094017094017097;0.0;1.0;0.0;0.0;0.0;0.0;1.0;0.12389380530973451;0.0;0.0625;0.18784530386740333;0.09090909090909091;0.0625;0.0;0.0;0.08695652173913043;0.0;0.13664596273291924;0.21739130434782608;0.1896551724137931;0.11111111111111112;0.14285714285714285;0.0;0.17333333333333334;0.5;0.25;0.0;0.1987179487179487;0.11363636363636365;0.18181818181818182;0.0;0.10526315789473684;0.07500000000000001;0.09523809523809525;0.13513513513513514;0.08163265306122448;0.08771929824561403;0.0425531914893617;0.078125;0.09345794392523364;0.12121212121212122;0.16129032258064518;0.23333333333333334;0.12380952380952384;0.06153846153846154;0.128;0.2;0.16666666666666666;0.14285714285714285;0.14285714285714285;0.15217391304347827;0.05555555555555555;0.19148936170212766;0.11666666666666667;0.10569105691056911;0.21658986175115208;0.021052631578947368;0.06666666666666667;0.24;0.2006269592476489;0.10714285714285714;0.06;0.05263157894736842;0.0;0.037037037037037035;0.17661691542288557;0.046153846153846156;0.06557377049180328;0.17567567567567569;0.23043478260869565;0.0
0.0;0.0;0.0;0.0;0.0;1.0;1.0;0.25;1.0;0.2;0.09090909090909091;0.3076923076923077;0.17948717948717952;0.0;1.0;0.0;0.0;0.0;0.0;1.0;0.25663716814159293;0.10526315789473684;0.20833333333333331;0.32044198895027626;0.15151515151515152;0.03125;0.0;0.0;0.13043478260869565;0.0;0.2919254658385093;0.13043478260869565;0.2025862068965517;0.2469135802469136;0.25396825396825395;0.0;0.22;0.0;0.125;0.0;0.3076923076923077;0.125;0.09090909090909091;0.0;0.19298245614035087;0.0;0.08571428571428572;0.25225225225225223;0.22448979591836732;0.15789473684210525;0.010638297872340425;0.015625;0.05607476635514018;0.2727272727272727;0.3118279569892473;0.3;0.1904761904761905;0.007692307692307693;0.056;0.0;0.08333333333333333;0.09523809523809523;0.08163265306122448;0.25;0.08333333333333333;0.3049645390070922;0.13333333333333333;0.0975609756097561;0.28110599078341014;0.031578947368421054;0.06666666666666667;0.36;0.28213166144200624;0.25;0.08;0.05263157894736842;0.0;0.1111111111111111;0.263681592039801;0.03076923076923077;0.13114754098360656;0.13513513513513514;0.26521739130434785;0.0
0.0;0.0;0.0;0.0;0.0;0.0;0.0;0.2777777777777778;1.0;0.6000000000000001;0.06060606060606061;0.15384615384615385;0.12393162393162396;0.0;1.0;0.0;0.0;0.0;0.0;1.0;0.08849557522123894;0.02631578947368421;0.041666666666666664;0.1270718232044199;0.06060606060606061;0.0;0.0;0.0;0.043478260869565216;0.0;0.06832298136645962;0.0;0.09482758620689655;0.09465020576131689;0.09523809523809523;0.0;0.1;0.16666666666666666;0.0625;0.0;0.07692307692307693;0.09090909090909091;0.0;0.0;0.07017543859649122;0.0;0.0380952380952381;0.1036036036036036;0.02040816326530612;0.03508771929824561;0.010638297872340425;0.015625;0.05607476635514018;0.15151515151515152;0.06451612903225806;0.06666666666666667;0.1142857142857143;0.03076923076923077;0.032;0.13333333333333333;0.0;0.047619047619047616;0.04081632653061224;0.07608695652173914;0.08333333333333333;0.14184397163120566;0.05;0.0;0.10599078341013825;0.031578947368421054;0.06666666666666667;0.0;0.1128526645768025;0.10714285714285714;0.04;0.05263157894736842;0.0;0.009259259259259259;0.11194029850746269;0.06153846153846154;0.01639344262295082;0.17567567567567569;0.13478260869565217;0.0136986301369863
0.0;0.0;0.0;1.0;1.0;1.0;0.0;0.19444444444444448;1.0;0.2;0.09090909090909091;0.3076923076923077;0.22222222222222224;1.0;1.0;0.0;1.0;0.0;1.0;0.0;0.1415929203539823;0.02631578947368421;0.0;0.06629834254143646;0.12121212121212122;0.25;0.21428571428571427;0.21212121212121213;0.21739130434782608;0.07142857142857142;0.06832298136645962;0.0;0.2025862068965517;0.07818930041152264;0.047619047619047616;0.0;0.08666666666666667;0.16666666666666666;0.53125;1.0;0.12179487179487179;0.05681818181818182;0.0;0.0;0.24561403508771928;0.025;0.1142857142857143;0.07657657657657657;0.04081632653061224;0.12280701754385964;0.05319148936170213;0.03125;0.14018691588785046;0.16666666666666669;0.08602150537634409;0.0;0.1523809523809524;0.07692307692307693;0.16;0.06666666666666667;0.08333333333333333;0.23809523809523808;0.14285714285714285;0.10869565217391304;0.1111111111111111;0.1276595744680851;0.18333333333333332;0.1788617886178862;0.15207373271889402;0.042105263157894736;0.06666666666666667;0.08;0.11598746081504702;0.19642857142857142;0.18;0.13157894736842105;0.3125;0.09259259259259259;0.13432835820895522;0.03076923076923077;0.06557377049180328;0.16216216216216217;0.1608695652173913;0.0
0.0;1.0;0.0;1.0;1.0;1.0;1.0;0.3055555555555555;0.0;0.0;0.0;0.0;0.25213675213675213;1.0;0.0;0.0;1.0;0.0;0.0;0.0;0.20353982300884954;0.21052631578947367;0.0;0.19337016574585636;0.4696969696969697;0.34375;0.5;0.18181818181818182;0.13043478260869565;0.14285714285714285;0.21739130434782608;0.21739130434782608;0.28448275862068967;0.27983539094650206;0.1746031746031746;0.08333333333333333;0.17333333333333334;0.5;0.46875;0.6000000000000001;0.2692307692307692;0.1590909090909091;0.18181818181818182;0.0;0.3508771929824561;0.07500000000000001;0.14285714285714288;0.27927927927927926;0.2857142857142857;0.15789473684210525;0.10638297872340426;0.109375;0.14953271028037382;0.2727272727272727;0.20967741935483872;0.4;0.3619047619047619;0.2;0.392;0.6;0.6666666666666666;0.23809523809523808;0.2346938775510204;0.25;0.1111111111111111;0.2978723404255319;0.3;0.33333333333333337;0.33640552995391704;0.14736842105263157;0.13333333333333333;0.36;0.2413793103448276;0.4732142857142857;0.28;0.5263157894736842;0.1875;0.18518518518518517;0.29850746268656714;0.07692307692307693;0.13114754098360656;0.22972972972972974;0.3130434782608696;0.0
0.0;0.0;1.0;1.0;0.0;0.0;0.0;0.19444444444444448;1.0;0.4;0.06060606060606061;0.0;0.26495726495726496;1.0;0.0;0.0;1.0;0.0;0.0;0.0;0.1415929203539823;0.3157894736842105;0.020833333333333332;0.16574585635359118;0.3484848484848485;0.125;0.07142857142857142;0.18181818181818182;0.08695652173913043;0.0;0.10559006211180123;0.08695652173913043;0.25862068965517243;0.1769547325102881;0.07936507936507936;0.041666666666666664;0.15333333333333335;0.0;0.59375;0.6000000000000001;0.17307692307692307;0.18181818181818182;0.4545454545454546;0.0;0.3684210526315789;0.125;0.2;0.15765765765765766;0.12244897959183673;0.19298245614035087;0.13829787234042554;0.09375;0.1588785046728972;0.18181818181818182;0.12365591397849464;0.1;0.2857142857142857;0.13076923076923078;0.152;0.06666666666666667;0.08333333333333333;0.14285714285714285;0.2040816326530612;0.15217391304347827;0.1388888888888889;0.2482269503546099;0.26666666666666666;0.3252032520325204;0.2488479262672811;0.07368421052631578;0.2;0.08;0.1943573667711599;0.2857142857142857;0.26;0.2894736842105263;0.375;0.21296296296296297;0.19900497512437812;0.09230769230769231;0.10655737704918034;0.20270270270270271;0.1391304347826087;0.1095890410958904
0.0;1.0;1.0;1.0;1.0;1.0;0.0;0.3888888888888889;1.0;0.6000000000000001;0.06060606060606061;0.0;0.2094017094017094;1.0;0.0;0.0;1.0;0.0;0.0;0.0;0.22123893805309736;0.23684210526315788;0.0625;0.1712707182320442;0.30303030303030304;0.5;0.42857142857142855;0.42424242424242425;0.08695652173913043;0.0;0.17391304347826086;0.2608695652173913;0.28879310344827586;0.29629629629629634;0.19047619047619047;0.08333333333333333;0.21333333333333335;0.16666666666666666;0.65625;0.2;0.25;0.32954545454545453;0.2727272727272727;0.5;0.5789473684210527;0.1;0.18095238095238098;0.26126126126126126;0.18367346938775508;0.2631578947368421;0.07446808510638298;0.09375;0.21495327102803738;0.2727272727272727;0.20430107526881722;0.06666666666666667;0.4285714285714286;0.17692307692307693;0.304;0.4;0.5;0.3333333333333333;0.3469387755102041;0.17391304347826086;0.1111111111111111;0.3475177304964539;0.23333333333333334;0.47154471544715454;0.2764976958525346;0.10526315789473684;0.3333333333333333;0.24;0.22884012539184953;0.4821428571428571;0.46;0.4473684210526315;0.25;0.2222222222222222;0.3034825870646766;0.0;0.10655737704918034;0.14864864864864866;0.2391304347826087;0.0136986301369863
0.0;0.0;0.0;1.0;1.0;0.0;0.0;0.2777777777777778;0.0;0.0;0.0;0.0;0.25641025641025644;1.0;1.0;0.0;1.0;0.0;1.0;0.0;0.10619469026548672;0.13157894736842105;0.020833333333333332;0.11049723756906077;0.25757575757575757;0.25;0.21428571428571427;0.09090909090909091;0.08695652173913043;0.0;0.11801242236024843;0.08695652173913043;0.22844827586206895;0.12757201646090535;0.1111111111111111;0.0;0.14;0.16666666666666666;0.28125;0.2;0.16666666666666666;0.19318181818181818;0.5454545454545454;0.0;0.3333333333333333;0.025;0.13333333333333336;0.13513513513513514;0.061224489795918366;0.15789473684210525;0.0851063829787234;0.046875;0.1308411214953271;0.2272727272727273;0.13440860215053765;0.13333333333333333;0.1619047619047619;0.06923076923076923;0.136;0.2;0.16666666666666666;0.0;0.09183673469387754;0.16304347826086957;0.027777777777777776;0.24113475177304963;0.11666666666666667;0.2601626016260163;0.18433179723502305;0.05263157894736842;0.13333333333333333;0.28;0.16300940438871475;0.27678571428571425;0.14;0.2631578947368421;0.1875;0.08333333333333333;0.19154228855721392;0.046153846153846156;0.05737704918032787;0.14864864864864866;0.2;0.0
0.0;1.0;0.0;1.0;1.0;0.0;1.0;0.3055555555555555;1.0;0.2;0.09090909090909091;0.07692307692307693;0.23931623931623933;0.0;1.0;0.0;0.0;0.0;0.0;1.0;0.08849557522123894;0.07894736842105263;0.0625;0.14364640883977903;0.07575757575757576;0.03125;0.0;0.0;0.043478260869565216;0.0;0.09316770186335403;0.0;0.11206896551724138;0.1234567901234568;0.07936507936507936;0.0;0.08;0.0;0.1875;0.0;0.11538461538461538;0.11363636363636365;0.0;0.0;0.07017543859649122;0.025;0.1142857142857143;0.11261261261261261;0.061224489795918366;0.03508771929824561;0.07446808510638298;0.015625;0.08411214953271028;0.12121212121212122;0.10215053763440861;0.1;0.10476190476190478;0.06153846153846154;0.008;0.0;0.16666666666666666;0.14285714285714285;0.09183673469387754;0.11956521739130435;0.1388888888888889;0.11347517730496454;0.06666666666666667;0.04878048780487805;0.1382488479262673;0.05263157894736842;0.0;0.08;0.15987460815047022;0.05357142857142857;0.06;0.05263157894736842;0.0;0.027777777777777776;0.1318407960199005;0.015384615384615385;0.04098360655737705;0.24324324324324326;0.1391304347826087;0.0
0.0;1.0;1.0;1.0;0.0;1.0;1.0;0.16666666666666669;1.0;0.6000000000000001;0.06060606060606061;0.07692307692307693;0.09401709401709404;0.0;0.0;0.0;0.0;0.0;0.0;0.0;0.20353982300884954;0.13157894736842105;0.3125;0.287292817679558;0.12121212121212122;0.03125;0.0;0.0;0.0;0.0;0.12422360248447203;0.0;0.2025862068965517;0.2263374485596708;0.15873015873015872;0.0;0.13333333333333333;0.0;0.21875;0.0;0.23717948717948717;0.14772727272727273;0.09090909090909091;0.0;0.15789473684210525;0.0;0.17142857142857143;0.18018018018018017;0.12244897959183673;0.10526315789473684;0.07446808510638298;0.015625;0.1308411214953271;0.2727272727272727;0.19354838709677422;0.1;0.20000000000000004;0.09230769230769231;0.048;0.0;0.08333333333333333;0.09523809523809523;0.22448979591836732;0.22826086956521738;0.0;0.36879432624113473;0.11666666666666667;0.04065040650406505;0.28110599078341014;0.021052631578947368;0.13333333333333333;0.2;0.29780564263322884;0.13392857142857142;0.02;0.07894736842105263;0.0625;0.12962962962962962;0.23134328358208955;0.06153846153846154;0.14754098360655737;0.41891891891891897;0.30000000000000004;0.0
0.0;0.0;0.0;1.0;0.0;0.0;0.0;0.25;0.0;0.0;0.06060606060606061;0.07692307692307693;0.19658119658119663;1.0;1.0;0.0;1.0;0.0;1.0;1.0;0.05309734513274336;0.02631578947368421;0.0;0.06077348066298342;0.07575757575757576;0.125;0.14285714285714285;0.0;0.043478260869565216;0.0;0.06211180124223602;0.0;0.09913793103448276;0.06584362139917696;0.031746031746031744;0.0;0.02666666666666667;0.0;0.125;0.0;0.07692307692307693;0.11363636363636365;0.18181818181818182;0.0;0.17543859649122806;0.0;0.04761904761904762;0.05855855855855856;0.04081632653061224;0.15789473684210525;0.02127659574468085;0.015625;0.07476635514018691;0.06060606060606061;0.048387096774193554;0.0;0.1142857142857143;0.038461538461538464;0.07200000000000001;0.0;0.08333333333333333;0.047619047619047616;0.07142857142857142;0.06521739130434782;0.027777777777777776;0.04964539007092199;0.1;0.05691056910569106;0.04608294930875576;0.07368421052631578;0.0;0.04;0.0877742946708464;0.05357142857142857;0.12;0.07894736842105263;0.1875;0.10185185185185185;0.062189054726368154;0.015384615384615385;0.03278688524590164;0.04054054054054054;0.10434782608695652;0.0
0.0;1.0;0.0;1.0;0.0;1.0;0.0;0.2777777777777778;1.0;0.8;0.09090909090909091;0.38461538461538464;0.07264957264957267;0.0;1.0;0.0;0.0;0.0;0.0;1.0;0.017699115044247787;0.07894736842105263;0.0;0.06629834254143646;0.07575757575757576;0.03125;0.0;0.0;0.0;0.0;0.024844720496894408;0.043478260869565216;0.07327586206896551;0.05761316872427984;0.015873015873015872;0.0;0.02666666666666667;0.0;0.125;0.2;0.038461538461538464;0.05681818181818182;0.09090909090909091;0.0;0.07017543859649122;0.0;0.06666666666666668;0.04054054054054054;0.02040816326530612;0.05263157894736842;0.0425531914893617;0.015625;0.037383177570093455;0.10606060606060606;0.03763440860215054;0.0;0.04761904761904762;0.038461538461538464;0.04;0.0;0.08333333333333333;0.0;0.08163265306122448;0.010869565217391304;0.05555555555555555;0.09929078014184398;0.05;0.008130081300813009;0.059907834101382486;0.0;0.0;0.0;0.06583072100313479;0.05357142857142857;0.08;0.0;0.0;0.027777777777777776;0.05970149253731344;0.0;0.03278688524590164;0.05405405405405406;0.08695652173913043;0.0
0.0;1.0;0.0;0.0;0.0;1.0;1.0;0.2222222222222222;1.0;0.6000000000000001;0.12121212121212122;0.46153846153846156;0.05555555555555556;0.0;0.0;0.0;0.0;0.0;0.0;0.0;0.12389380530973451;0.15789473684210525;0.08333333333333333;0.15469613259668508;0.045454545454545456;0.0;0.0;0.0;0.043478260869565216;0.07142857142857142;0.11180124223602483;0.043478260869565216;0.1336206896551724;0.09053497942386832;0.09523809523809523;0.041666666666666664;0.08;0.0;0.09375;0.0;0.11538461538461538;0.125;0.09090909090909091;0.0;0.08771929824561403;0.025;0.01904761904761905;0.11261261261261261;0.08163265306122448;0.08771929824561403;0.031914893617021274;0.015625;0.04672897196261682;0.09090909090909091;0.12365591397849464;0.06666666666666667;0.17142857142857146;0.038461538461538464;0.0;0.0;0.08333333333333333;0.19047619047619047;0.1020408163265306;0.10869565217391304;0.027777777777777776;0.14893617021276595;0.1;0.008130081300813009;0.14746543778801843;0.05263157894736842;0.13333333333333333;0.16;0.14733542319749218;0.08035714285714285;0.04;0.15789473684210525;0.0;0.06481481481481481;0.11691542288557213;0.046153846153846156;0.04918032786885246;0.05405405405405406;0.11304347826086956;0.0273972602739726
0.0;0.0;0.0;0.0;0.0;0.0;0.0;0.5277777777777777;1.0;0.4;0.06060606060606061;0.15384615384615385;0.07692307692307693;0.0;0.0;0.0;0.0;0.0;0.0;0.0;0.09734513274336283;0.13157894736842105;0.0625;0.18232044198895025;0.13636363636363635;0.0;0.0;0.0;0.08695652173913043;0.0;0.08695652173913043;0.08695652173913043;0.125;0.13991769547325103;0.09523809523809523;0.0;0.07333333333333333;0.16666666666666666;0.09375;0.0;0.17307692307692307;0.10227272727272728;0.09090909090909091;0.0;0.10526315789473684;0.025;0.0380952380952381;0.18018018018018017;0.04081632653061224;0.08771929824561403;0.010638297872340425;0.03125;0.009345794392523364;0.12121212121212122;0.14516129032258066;0.13333333333333333;0.12380952380952384;0.03076923076923077;0.08;0.0;0.08333333333333333;0.047619047619047616;0.1020408163265306;0.20652173913043478;0.0;0.22695035460992907;0.016666666666666666;0.032520325203252036;0.16589861751152074;0.05263157894736842;0.0;0.0;0.1724137931034483;0.09821428571428571;0.04;0.05263157894736842;0.0;0.08333333333333333;0.13681592039800994;0.0;0.09016393442622951;0.14864864864864866;0.10869565217391304;0.0273972602739726
0.0;0.0;0.0;1.0;0.0;0.0;0.0;0.3333333333333333;1.0;0.8;0.06060606060606061;0.15384615384615385;0.1452991452991453;1.0;1.0;0.0;1.0;0.0;1.0;1.0;0.11504424778761062;0.10526315789473684;0.0;0.09392265193370165;0.13636363636363635;0.125;0.2857142857142857;0.09090909090909091;0.13043478260869565;0.07142857142857142;0.018633540372670808;0.08695652173913043;0.19827586206896552;0.11934156378600824;0.031746031746031744;0.041666666666666664;0.05333333333333334;0.5;0.5;0.4;0.12179487179487179;0.18181818181818182;0.0;0.0;0.43859649122807015;0.05;0.2380952380952381;0.07207207207207207;0.02040816326530612;0.2631578947368421;0.20212765957446807;0.03125;0.11214953271028036;0.12121212121212122;0.0913978494623656;0.06666666666666667;0.26666666666666666;0.1076923076923077;0.184;0.2;0.25;0.047619047619047616;0.1530612244897959;0.14130434782608695;0.19444444444444442;0.21276595744680848;0.16666666666666666;0.12195121951219513;0.11059907834101382;0.10526315789473684;0.0;0.04;0.15047021943573669;0.17857142857142855;0.16;0.2631578947368421;0.1875;0.2222222222222222;0.11940298507462688;0.03076923076923077;0.0819672131147541;0.1891891891891892;0.13043478260869565;0.0273972602739726
0.0;0.0;0.0;0.0;0.0;0.0;0.0;0.19444444444444448;1.0;0.2;0.030303030303030304;0.07692307692307693;0.15384615384615388;1.0;1.0;0.0;1.0;0.0;1.0;1.0;0.061946902654867256;0.0;0.041666666666666664;0.03314917127071823;0.06060606060606061;0.0;0.07142857142857142;0.0;0.08695652173913043;0.07142857142857142;0.018633540372670808;0.043478260869565216;0.06034482758620689;0.04938271604938272;0.015873015873015872;0.041666666666666664;0.02;0.16666666666666666;0.0625;0.0;0.038461538461538464;0.07954545454545454;0.09090909090909091;0.0;0.03508771929824561;0.0;0.009523809523809525;0.013513513513513514;0.04081632653061224;0.05263157894736842;0.0;0.0;0.02803738317757009;0.09090909090909091;0.03225806451612903;0.03333333333333333;0.04761904761904762;0.0;0.024;0.06666666666666667;0.0;0.047619047619047616;0.030612244897959183;0.08695652173913043;0.0;0.04255319148936171;0.05;0.05691056910569106;0.06451612903225806;0.0;0.0;0.04;0.04075235109717868;0.08928571428571427;0.06;0.02631578947368421;0.0625;0.027777777777777776;0.0472636815920398;0.015384615384615385;0.01639344262295082;0.013513513513513514;0.03913043478260869;0.0136986301369863
0.0;1.0;1.0;1.0;1.0;1.0;1.0;0.4166666666666667;1.0;0.2;0.18181818181818182;0.15384615384615385;0.07264957264957267;0.0;0.0;0.0;0.0;0.0;0.0;0.0;0.20353982300884954;0.10526315789473684;0.10416666666666666;0.30386740331491713;0.15151515151515152;0.0;0.0;0.0;0.13043478260869565;0.07142857142857142;0.13664596273291924;0.08695652173913043;0.19827586206896552;0.2551440329218107;0.20634920634920634;0.041666666666666664;0.16666666666666669;0.16666666666666666;0.21875;0.0;0.25;0.2272727272727273;0.2727272727272727;0.0;0.24561403508771928;0.025;0.09523809523809525;0.23873873873873874;0.18367346938775508;0.15789473684210525;0.06382978723404255;0.015625;0.102803738317757;0.4090909090909091;0.22043010752688175;0.2;0.18095238095238098;0.06153846153846154;0.08;0.3333333333333333;0.16666666666666666;0.0;0.11224489795918366;0.2934782608695652;0.1388888888888889;0.276595744680851;0.11666666666666667;0.05691056910569106;0.3087557603686636;0.05263157894736842;0.0;0.12;0.3134796238244514;0.1607142857142857;0.04;0.15789473684210525;0.0;0.09259259259259259;0.263681592039801;0.046153846153846156;0.12295081967213116;0.06756756756756757;0.23478260869565218;0.0684931506849315
0.0;1.0;0.0;0.0;1.0;1.0;1.0;0.4166666666666667;1.0;0.2;0.030303030303030304;0.07692307692307693;0.07692307692307693;0.0;0.0;0.0;0.0;0.0;0.0;0.0;0.33628318584070793;0.2894736842105263;0.3125;0.5303867403314917;0.12121212121212122;0.0625;0.0;0.0;0.08695652173913043;0.07142857142857142;0.34782608695652173;0.34782608695652173;0.24568965517241378;0.28395061728395066;0.5714285714285714;0.041666666666666664;0.3866666666666667;0.3333333333333333;0.3125;0.2;0.40384615384615385;0.18181818181818182;0.0;0.0;0.24561403508771928;0.05;0.04761904761904762;0.3783783783783784;0.7551020408163265;0.19298245614035087;0.05319148936170213;0.015625;0.037383177570093455;0.30303030303030304;0.42473118279569894;0.6333333333333333;0.20000000000000004;0.03076923076923077;0.304;0.06666666666666667;0.41666666666666663;0.09523809523809523;0.32653061224489793;0.40217391304347827;0.1111111111111111;0.47517730496453897;0.06666666666666667;0.04065040650406505;0.4377880184331797;0.031578947368421054;0.0;0.16;0.44827586206896547;0.125;0.08;0.05263157894736842;0.0;0.037037037037037035;0.3805970149253731;0.046153846153846156;0.09836065573770492;0.6486486486486487;0.3956521739130435;0.0
0.0;1.0;1.0;1.0;0.0;0.0;0.0;0.25;1.0;0.2;0.030303030303030304;0.07692307692307693;0.07692307692307693;0.0;0.0;0.0;0.0;0.0;0.0;0.0;0.2831858407079646;0.07894736842105263;0.1875;0.36464088397790057;0.16666666666666669;0.0;0.0;0.0;0.0;0.0;0.2981366459627329;0.2608695652173913;0.10775862068965517;0.3045267489711934;0.4444444444444444;0.0;0.2866666666666667;0.0;0.1875;0.0;0.21794871794871795;0.1590909090909091;0.0;0.0;0.12280701754385964;0.025;0.0380952380952381;0.3063063063063063;0.44897959183673464;0.10526315789473684;0.02127659574468085;0.015625;0.05607476635514018;0.21212121212121213;0.2903225806451613;0.7333333333333333;0.1523809523809524;0.023076923076923078;0.184;0.3333333333333333;0.5833333333333333;0.047619047619047616;0.19387755102040816;0.358695652173913;0.027777777777777776;0.39716312056737585;0.05;0.024390243902439025;0.31336405529953915;0.042105263157894736;0.0;0.24;0.329153605015674;0.16964285714285712;0.04;0.05263157894736842;0.0;0.06481481481481481;0.2860696517412935;0.07692307692307693;0.10655737704918034;0.10810810810810811;0.13478260869565217;0.0547945205479452
0.0;1.0;0.0;0.0;0.0;1.0;1.0;0.25;1.0;0.2;0.030303030303030304;0.07692307692307693;0.07692307692307693;0.0;0.0;0.0;0.0;0.0;0.0;0.0;0.1504424778761062;0.23684210526315788;0.14583333333333331;0.22651933701657456;0.06060606060606061;0.0;0.0;0.0;0.0;0.0;0.21118012422360247;0.34782608695652173;0.05603448275862069;0.16049382716049385;0.3968253968253968;0.0;0.25333333333333335;0.0;0.0625;0.0;0.1346153846153846;0.06818181818181818;0.18181818181818182;0.0;0.07017543859649122;0.0;0.009523809523809525;0.1891891891891892;0.3469387755102041;0.03508771929824561;0.0;0.0;0.04672897196261682;0.13636363636363635;0.13978494623655915;0.6333333333333333;0.057142857142857155;0.03076923076923077;0.08;0.13333333333333333;0.25;0.14285714285714285;0.1020408163265306;0.15217391304347827;0.027777777777777776;0.24113475177304963;0.06666666666666667;0.008130081300813009;0.1935483870967742;0.010526315789473684;0.0;0.04;0.20376175548589343;0.08035714285714285;0.04;0.0;0.0;0.018518518518518517;0.17412935323383083;0.046153846153846156;0.04098360655737705;0.13513513513513514;0.20434782608695654;0.0
0.0;1.0;1.0;1.0;1.0;1.0;1.0;0.4166666666666667;1.0;0.2;0.12121212121212122;0.23076923076923078;0.15384615384615388;0.0;1.0;0.0;0.0;0.0;0.0;1.0;0.25663716814159293;0.23684210526315788;0.14583333333333331;0.4143646408839779;0.12121212121212122;0.0;0.07142857142857142;0.0;0.21739130434782608;0.07142857142857142;0.15527950310559005;0.13043478260869565;0.30603448275862066;0.308641975308642;0.2222222222222222;0.0;0.24000000000000002;0.0;0.34375;0.0;0.34615384615384615;0.20454545454545456;0.4545454545454546;0.0;0.3508771929824561;0.125;0.3047619047619048;0.25675675675675674;0.18367346938775508;0.14035087719298245;0.1595744680851064;0.0625;0.23364485981308408;0.2878787878787879;0.2688172043010753;0.4;0.2285714285714286;0.13076923076923078;0.264;0.26666666666666666;0.5;0.19047619047619047;0.14285714285714285;0.33695652173913043;0.1388888888888889;0.3829787234042553;0.18333333333333332;0.0894308943089431;0.31797235023041476;0.07368421052631578;0.13333333333333333;0.2;0.39811912225705326;0.2589285714285714;0.06;0.05263157894736842;0.0;0.1111111111111111;0.35572139303482586;0.07692307692307693;0.26229508196721313;0.3918918918918919;0.391304347826087;0.0136986301369863
0.0;0.0;1.0;1.0;0.0;0.0;0.0;0.19444444444444448;1.0;0.4;0.12121212121212122;0.07692307692307693;0.12820512820512822;0.0;1.0;1.0;0.0;1.0;1.0;1.0;0.4247787610619469;0.23684210526315788;0.1875;0.39226519337016574;0.09090909090909091;0.03125;0.0;0.06060606060606061;0.43478260869565216;0.2857142857142857;0.2546583850931677;0.08695652173913043;0.33620689655172414;0.1769547325102881;0.07936507936507936;0.041666666666666664;0.13333333333333333;0.16666666666666666;0.28125;0.0;0.30128205128205127;0.13636363636363635;0.09090909090909091;0.0;0.14035087719298245;0.15000000000000002;0.380952380952381;0.07657657657657657;0.18367346938775508;0.19298245614035087;0.14893617021276595;0.25;0.3364485981308411;0.33333333333333337;0.07526881720430108;0.13333333333333333;0.13333333333333336;0.2846153846153846;0.07200000000000001;0.13333333333333333;0.3333333333333333;0.19047619047619047;0.3469387755102041;0.25;0.25;0.276595744680851;0.26666666666666666;0.21138211382113822;0.16129032258064516;0.21052631578947367;0.13333333333333333;0.04;0.26018808777429464;0.3214285714285714;0.12;0.18421052631578946;0.0625;0.12962962962962962;0.26616915422885573;0.27692307692307694;0.24590163934426232;0.05405405405405406;0.16521739130434782;0.1780821917808219
0.0;1.0;0.0;1.0;1.0;0.0;1.0;0.4444444444444445;1.0;0.2;0.06060606060606061;0.0;0.11111111111111113;0.0;0.0;0.0;0.0;0.0;0.0;0.0;0.30973451327433627;0.23684210526315788;0.2708333333333333;0.30939226519337015;0.25757575757575757;0.03125;0.07142857142857142;0.0;0.34782608695652173;0.0;0.2608695652173913;0.13043478260869565;0.3103448275862069;0.205761316872428;0.2698412698412698;0.041666666666666664;0.25333333333333335;0.0;0.09375;0.0;0.3782051282051282;0.1590909090909091;0.0;0.0;0.12280701754385964;0.2;0.20952380952380956;0.22972972972972971;0.26530612244897955;0.15789473684210525;0.14893617021276595;0.109375;0.24299065420560745;0.25757575757575757;0.17204301075268819;0.3333333333333333;0.3047619047619048;0.2230769230769231;0.024;0.06666666666666667;0.08333333333333333;0.09523809523809523;0.2755102040816326;0.34782608695652173;0.08333333333333333;0.3404255319148936;0.18333333333333332;0.0975609756097561;0.3456221198156682;0.08421052631578947;0.06666666666666667;0.28;0.3072100313479624;0.2857142857142857;0.16;0.13157894736842105;0.0625;0.12037037037037036;0.3009950248756219;0.15384615384615385;0.19672131147540983;0.33783783783783783;0.3652173913043479;0.0
0.0;0.0;0.0;0.0;0.0;0.0;0.0;0.3333333333333333;0.0;0.0;0.06060606060606061;0.07692307692307693;0.2008547008547009;0.0;1.0;1.0;0.0;1.0;0.0;1.0;0.3805309734513274;0.39473684210526316;0.20833333333333331;0.30386740331491713;0.5;0.375;0.14285714285714285;0.12121212121212122;0.21739130434782608;0.07142857142857142;0.23602484472049687;0.13043478260869565;0.46551724137931033;0.20987654320987656;0.047619047619047616;0.041666666666666664;0.24666666666666667;0.3333333333333333;0.25;0.0;0.3141025641025641;0.36363636363636365;0.09090909090909091;0.0;0.24561403508771928;0.325;0.4285714285714286;0.15765765765765766;0.14285714285714285;0.42105263157894735;0.32978723404255317;0.28125;0.3364485981308411;0.2272727272727273;0.13440860215053765;0.13333333333333333;0.4761904761904762;0.4;0.12;0.3333333333333333;0.3333333333333333;0.47619047619047616;0.3571428571428571;0.31521739130434784;0.3055555555555555;0.35460992907801414;0.36666666666666664;0.1869918699186992;0.35023041474654376;0.29473684210526313;0.13333333333333333;0.28;0.2852664576802508;0.4464285714285714;0.4;0.23684210526315788;0.25;0.45370370370370366;0.26865671641791045;0.2923076923076923;0.27868852459016397;0.35135135135135137;0.3826086956521739;0.0
1.0;0.0;0.0;0.0;1.0;0.0;0.0;0.11111111111111109;1.0;0.2;0.030303030303030304;0.07692307692307693;0.12820512820512822;0.0;1.0;1.0;0.0;0.0;1.0;1.0;0.10619469026548672;0.3157894736842105;0.020833333333333332;0.10497237569060773;0.21212121212121213;0.28125;0.2857142857142857;0.030303030303030304;0.13043478260869565;0.0;0.09316770186335403;0.0;0.23706896551724138;0.07407407407407408;0.0;0.0;0.08;0.0;0.125;0.0;0.12179487179487179;0.23863636363636365;0.0;0.5;0.21052631578947367;0.15000000000000002;0.2;0.05855855855855856;0.1020408163265306;0.14035087719298245;0.14893617021276595;0.0625;0.21495327102803738;0.07575757575757576;0.05376344086021506;0.03333333333333333;0.17142857142857146;0.1;0.07200000000000001;0.13333333333333333;0.16666666666666666;0.047619047619047616;0.2346938775510204;0.08695652173913043;0.4722222222222222;0.1276595744680851;0.13333333333333333;0.13821138211382114;0.21658986175115208;0.05263157894736842;0.0;0.0;0.10971786833855798;0.21428571428571427;0.26;0.21052631578947367;0.1875;0.14814814814814814;0.12935323383084577;0.07692307692307693;0.11475409836065574;0.16216216216216217;0.15217391304347827;0.0410958904109589
0.0;0.0;0.0;0.0;1.0;0.0;0.0;0.25;0.0;0.0;0.030303030303030304;0.15384615384615385;0.06837606837606838;0.0;0.0;0.0;0.0;0.0;0.0;0.0;0.1327433628318584;0.0;0.0625;0.19337016574585636;0.13636363636363635;0.0;0.0;0.0;0.0;0.07142857142857142;0.08074534161490683;0.0;0.15517241379310345;0.11522633744855967;0.07936507936507936;0.041666666666666664;0.17333333333333334;0.0;0.0625;0.0;0.1346153846153846;0.19318181818181818;0.0;0.0;0.10526315789473684;0.0;0.06666666666666668;0.11261261261261261;0.2040816326530612;0.10526315789473684;0.05319148936170213;0.03125;0.1308411214953271;0.07575757575757576;0.0913978494623656;0.26666666666666666;0.09523809523809526;0.09230769230769231;0.016;0.0;0.0;0.0;0.07142857142857142;0.16304347826086957;0.05555555555555555;0.20567375886524822;0.03333333333333333;0.016260162601626018;0.2488479262672811;0.021052631578947368;0.06666666666666667;0.04;0.16614420062695925;0.08035714285714285;0.12;0.0;0.0;0.07407407407407407;0.13930348258706468;0.046153846153846156;0.0;0.16216216216216217;0.2217391304347826;0.0136986301369863
0.0;1.0;0.0;0.0;1.0;1.0;1.0;0.2222222222222222;1.0;0.2;0.15151515151515152;0.15384615384615385;0.10256410256410259;0.0;1.0;0.0;0.0;0.0;0.0;1.0;0.2831858407079646;0.15789473684210525;0.08333333333333333;0.24861878453038677;0.09090909090909091;0.09375;0.07142857142857142;0.06060606060606061;0.13043478260869565;0.14285714285714285;0.12422360248447203;0.0;0.2543103448275862;0.07407407407407408;0.015873015873015872;0.0;0.04666666666666667;0.0;0.0625;0.2;0.1858974358974359;0.10227272727272728;0.0;0.0;0.08771929824561403;0.1;0.31428571428571433;0.05855855855855856;0.04081632653061224;0.08771929824561403;0.10638297872340426;0.15625;0.3177570093457944;0.10606060606060606;0.016129032258064516;0.0;0.08571428571428572;0.15384615384615385;0.024;0.0;0.08333333333333333;0.09523809523809523;0.18367346938775508;0.18478260869565216;0.08333333333333333;0.19148936170212766;0.06666666666666667;0.04065040650406505;0.17972350230414746;0.1368421052631579;0.0;0.0;0.16614420062695925;0.13392857142857142;0.18;0.02631578947368421;0.0;0.06481481481481481;0.16417910447761194;0.06153846153846154;0.1639344262295082;0.5135135135135136;0.15217391304347827;0.0
0.0;0.0;0.0;0.0;1.0;0.0;0.0;0.08333333333333333;1.0;0.4;0.0;0.0;0.08119658119658121;0.0;0.0;0.0;0.0;0.0;0.0;0.0;0.12389380530973451;0.02631578947368421;0.125;0.13812154696132595;0.09090909090909091;0.09375;0.14285714285714285;0.030303030303030304;0.08695652173913043;0.0;0.043478260869565216;0.043478260869565216;0.20689655172413793;0.04526748971193416;0.015873015873015872;0.041666666666666664;0.07333333333333333;0.16666666666666666;0.03125;0.0;0.11538461538461538;0.18181818181818182;0.0;0.0;0.07017543859649122;0.15000000000000002;0.2666666666666667;0.02702702702702703;0.02040816326530612;0.10526315789473684;0.2127659574468085;0.1875;0.23364485981308408;0.045454545454545456;0.016129032258064516;0.0;0.10476190476190478;0.23076923076923078;0.008;0.06666666666666667;0.16666666666666666;0.14285714285714285;0.18367346938775508;0.03260869565217391;0.25;0.11347517730496454;0.06666666666666667;0.008130081300813009;0.09216589861751152;0.021052631578947368;0.06666666666666667;0.0;0.12852664576802508;0.14285714285714285;0.04;0.02631578947368421;0.0;0.16666666666666666;0.09203980099502487;0.09230769230769231;0.13934426229508198;0.28378378378378377;0.14782608695652175;0.0136986301369863
0.0;1.0;0.0;1.0;1.0;1.0;1.0;0.3333333333333333;1.0;0.2;0.0;0.15384615384615385;0.0854700854700855;0.0;0.0;0.0;0.0;0.0;0.0;0.0;0.12389380530973451;0.13157894736842105;0.22916666666666666;0.425414364640884;0.07575757575757576;0.0;0.0;0.0;0.043478260869565216;0.07142857142857142;0.3602484472049689;0.5217391304347826;0.14655172413793102;0.2880658436213992;0.2857142857142857;0.0;0.38;0.16666666666666666;0.15625;0.0;0.2948717948717949;0.13636363636363635;0.18181818181818182;0.0;0.10526315789473684;0.0;0.08571428571428572;0.17117117117117117;0.8163265306122448;0.12280701754385964;0.0425531914893617;0.03125;0.16822429906542055;0.19696969696969696;0.15053763440860216;0.6333333333333333;0.20000000000000004;0.046153846153846156;0.032;0.0;0.08333333333333333;0.09523809523809523;0.14285714285714285;0.2608695652173913;0.16666666666666666;0.3404255319148936;0.06666666666666667;0.024390243902439025;0.17972350230414746;0.07368421052631578;0.0;0.08;0.33228840125391845;0.10714285714285714;0.06;0.10526315789473684;0.0;0.1388888888888889;0.2537313432835821;0.12307692307692308;0.10655737704918034;0.472972972972973;0.3086956521739131;0.0
0.0;1.0;0.0;1.0;0.0;0.0;0.0;0.19444444444444448;1.0;0.4;0.09090909090909091;0.23076923076923078;0.0982905982905983;0.0;0.0;0.0;0.0;0.0;0.0;0.0;0.17699115044247787;0.02631578947368421;0.14583333333333331;0.27624309392265195;0.21212121212121213;0.03125;0.07142857142857142;0.0;0.17391304347826086;0.14285714285714285;0.24844720496894407;0.0;0.1853448275862069;0.20164609053497945;0.15873015873015872;0.0;0.21333333333333335;0.0;0.1875;0.0;0.1987179487179487;0.20454545454545456;0.09090909090909091;0.5;0.14035087719298245;0.07500000000000001;0.12380952380952381;0.2072072072072072;0.18367346938775508;0.08771929824561403;0.05319148936170213;0.03125;0.12149532710280372;0.25757575757575757;0.16666666666666669;0.3;0.1523809523809524;0.06153846153846154;0.032;0.06666666666666667;0.08333333333333333;0.14285714285714285;0.12244897959183673;0.18478260869565216;0.1388888888888889;0.23404255319148934;0.1;0.04878048780487805;0.15668202764976957;0.11578947368421053;0.06666666666666667;0.08;0.22570532915360503;0.21428571428571427;0.1;0.18421052631578946;0.0;0.17592592592592593;0.19402985074626866;0.12307692307692308;0.10655737704918034;0.3648648648648649;0.2565217391304348;0.0
0.0;0.0;0.0;1.0;0.0;0.0;0.0;0.1388888888888889;0.0;0.0;0.09090909090909091;0.07692307692307693;0.08119658119658121;1.0;0.0;0.0;1.0;0.0;0.0;0.0;0.02654867256637168;0.07894736842105263;0.020833333333333332;0.027624309392265192;0.045454545454545456;0.03125;0.07142857142857142;0.0;0.0;0.07142857142857142;0.07453416149068323;0.13043478260869565;0.10344827586206896;0.03703703703703704;0.0;0.0;0.02666666666666667;0.0;0.03125;0.0;0.04487179487179487;0.06818181818181818;0.09090909090909091;0.0;0.08771929824561403;0.025;0.10476190476190478;0.04054054054054054;0.04081632653061224;0.05263157894736842;0.02127659574468085;0.015625;0.05607476635514018;0.030303030303030304;0.02688172043010753;0.1;0.057142857142857155;0.046153846153846156;0.024;0.06666666666666667;0.0;0.047619047619047616;0.08163265306122448;0.043478260869565216;0.05555555555555555;0.0921985815602837;0.05;0.024390243902439025;0.03686635944700461;0.042105263157894736;0.06666666666666667;0.0;0.06269592476489028;0.08035714285714285;0.06;0.05263157894736842;0.0;0.17592592592592593;0.02238805970149254;0.07692307692307693;0.0819672131147541;0.04054054054054054;0.06521739130434782;0.0
0.0;1.0;1.0;1.0;1.0;0.0;1.0;0.25;0.0;0.0;0.0;0.07692307692307693;0.19230769230769235;1.0;0.0;0.0;1.0;0.0;0.0;0.0;0.10619469026548672;0.05263157894736842;0.020833333333333332;0.14364640883977903;0.30303030303030304;0.34375;0.14285714285714285;0.09090909090909091;0.21739130434782608;0.0;0.09937888198757763;0.043478260869565216;0.24568965517241378;0.04526748971193416;0.07936507936507936;0.08333333333333333;0.05333333333333334;0.0;0.15625;0.2;0.1282051282051282;0.20454545454545456;0.2727272727272727;0.0;0.3157894736842105;0.15000000000000002;0.17142857142857143;0.08108108108108109;0.08163265306122448;0.17543859649122806;0.1595744680851064;0.125;0.12149532710280372;0.07575757575757576;0.05376344086021506;0.03333333333333333;0.20000000000000004;0.16923076923076924;0.064;0.13333333333333333;0.25;0.14285714285714285;0.16326530612244897;0.08695652173913043;0.08333333333333333;0.13475177304964536;0.06666666666666667;0.07317073170731708;0.08755760368663594;0.17894736842105263;0.13333333333333333;0.08;0.11912225705329153;0.13392857142857142;0.38;0.2631578947368421;0.125;0.3333333333333333;0.07960199004975124;0.13846153846153847;0.13114754098360656;0.17567567567567569;0.16521739130434782;0.0
0.0;1.0;1.0;1.0;1.0;1.0;0.0;0.2222222222222222;1.0;0.2;0.030303030303030304;0.23076923076923078;0.1495726495726496;1.0;0.0;0.0;1.0;0.0;0.0;0.0;0.08849557522123894;0.15789473684210525;0.08333333333333333;0.19337016574585636;0.13636363636363635;0.0625;0.07142857142857142;0.0;0.043478260869565216;0.07142857142857142;0.17391304347826086;0.21739130434782608;0.14655172413793102;0.09053497942386832;0.2857142857142857;0.0;0.15333333333333335;0.3333333333333333;0.1875;0.0;0.1923076923076923;0.13636363636363635;0.0;0.5;0.07017543859649122;0.025;0.10476190476190478;0.11711711711711711;0.22448979591836732;0.08771929824561403;0.02127659574468085;0.015625;0.12149532710280372;0.12121212121212122;0.10752688172043012;0.2;0.14285714285714288;0.038461538461538464;0.016;0.06666666666666667;0.0;0.38095238095238093;0.14285714285714285;0.17391304347826086;0.08333333333333333;0.14893617021276595;0.08333333333333333;0.0894308943089431;0.0967741935483871;0.11578947368421053;0.0;0.04;0.1536050156739812;0.14285714285714285;0.16;0.05263157894736842;0.1875;0.25925925925925924;0.10199004975124377;0.07692307692307693;0.09836065573770492;0.08108108108108109;0.1565217391304348;0.0136986301369863
0.0;0.0;0.0;0.0;0.0;0.0;0.0;0.19444444444444448;0.0;0.0;0.06060606060606061;0.23076923076923078;0.07692307692307693;1.0;1.0;1.0;1.0;0.0;1.0;0.0;0.02654867256637168;0.07894736842105263;0.0;0.04419889502762431;0.07575757575757576;0.03125;0.0;0.0;0.043478260869565216;0.07142857142857142;0.024844720496894408;0.0;0.06465517241379311;0.01646090534979424;0.015873015873015872;0.0;0.013333333333333334;0.0;0.0625;0.0;0.05769230769230769;0.05681818181818182;0.0;0.0;0.05263157894736842;0.025;0.028571428571428574;0.04954954954954955;0.0;0.017543859649122806;0.02127659574468085;0.03125;0.08411214953271028;0.045454545454545456;0.0;0.0;0.009523809523809525;0.038461538461538464;0.008;0.06666666666666667;0.0;0.047619047619047616;0.0510204081632653;0.010869565217391304;0.0;0.035460992907801414;0.05;0.032520325203252036;0.04608294930875576;0.021052631578947368;0.13333333333333333;0.0;0.025078369905956112;0.07142857142857142;0.06;0.02631578947368421;0.0;0.06481481481481481;0.01990049751243781;0.015384615384615385;0.01639344262295082;0.06756756756756757;0.04782608695652174;0.0
0.0;0.0;0.0;0.0;1.0;0.0;0.0;0.08333333333333333;0.0;0.0;0.0;0.15384615384615385;0.012820512820512824;0.0;0.0;0.0;0.0;0.0;0.0;0.0;0.0;0.13157894736842105;0.0;0.04419889502762431;0.10606060606060606;0.09375;0.07142857142857142;0.21212121212121213;0.2608695652173913;0.14285714285714285;0.037267080745341616;0.08695652173913043;0.12068965517241378;0.020576131687242802;0.015873015873015872;0.20833333333333331;0.02;0.16666666666666666;0.125;0.0;0.07692307692307693;0.125;0.09090909090909091;0.5;0.12280701754385964;0.025;0.14285714285714288;0.05405405405405406;0.02040816326530612;0.05263157894736842;0.06382978723404255;0.015625;0.1308411214953271;0.015151515151515152;0.02688172043010753;0.06666666666666667;0.06666666666666668;0.06923076923076923;0.04;0.2;0.16666666666666666;0.14285714285714285;0.12244897959183673;0.021739130434782608;0.1111111111111111;0.0921985815602837;0.11666666666666667;0.06504065040650407;0.027649769585253454;0.05263157894736842;0.06666666666666667;0.04;0.05642633228840125;0.10714285714285714;0.06;0.18421052631578946;0.25;0.12962962962962962;0.03731343283582089;0.03076923076923077;0.04098360655737705;0.12162162162162163;0.08695652173913043;0.0
0.0;1.0;0.0;0.0;1.0;1.0;0.0;0.3611111111111111;1.0;0.4;0.12121212121212122;0.15384615384615385;0.08974358974358976;0.0;0.0;0.0;0.0;0.0;0.0;0.0;0.2831858407079646;0.13157894736842105;0.3125;0.5966850828729282;0.06060606060606061;0.03125;0.0;0.0;0.043478260869565216;0.14285714285714285;0.45341614906832295;0.6086956521739131;0.13793103448275862;0.32921810699588483;0.5714285714285714;0.041666666666666664;0.5066666666666667;0.3333333333333333;0.09375;0.0;0.35256410256410253;0.13636363636363635;0.09090909090909091;0.0;0.15789473684210525;0.05;0.09523809523809525;0.2972972972972973;0.9387755102040816;0.07017543859649122;0.0425531914893617;0.03125;0.11214953271028036;0.25757575757575757;0.25806451612903225;0.7333333333333333;0.18095238095238098;0.046153846153846156;0.048;0.13333333333333333;0.0;0.19047619047619047;0.12244897959183673;0.30434782608695654;0.08333333333333333;0.41843971631205673;0.11666666666666667;0.024390243902439025;0.2995391705069124;0.06315789473684211;0.0;0.16;0.4075235109717868;0.13392857142857142;0.04;0.05263157894736842;0.0;0.19444444444444442;0.3034825870646766;0.07692307692307693;0.0819672131147541;0.13513513513513514;0.30434782608695654;0.2876712328767123
0.0;0.0;0.0;0.0;0.0;0.0;0.0;0.2222222222222222;0.0;0.0;0.0;0.0;0.10683760683760685;0.0;1.0;0.0;0.0;0.0;0.0;1.0;0.23008849557522124;0.21052631578947367;0.16666666666666666;0.17679558011049723;0.42424242424242425;0.21875;0.07142857142857142;0.09090909090909091;0.13043478260869565;0.14285714285714285;0.14285714285714285;0.08695652173913043;0.39655172413793105;0.11934156378600824;0.047619047619047616;0.0;0.12666666666666668;0.0;0.03125;0.0;0.25;0.1590909090909091;0.09090909090909091;0.0;0.19298245614035087;0.07500000000000001;0.48571428571428577;0.05855855855855856;0.16326530612244897;0.17543859649122806;0.26595744680851063;0.1875;0.411214953271028;0.15151515151515152;0.048387096774193554;0.06666666666666667;0.17142857142857146;0.3615384615384616;0.10400000000000001;0.26666666666666666;0.3333333333333333;0.09523809523809523;0.39795918367346933;0.2391304347826087;0.1388888888888889;0.2695035460992908;0.3;0.0894308943089431;0.08294930875576037;0.21052631578947367;0.2;0.0;0.25391849529780564;0.30357142857142855;0.16;0.3684210526315789;0.0625;0.21296296296296297;0.23880597014925375;0.3230769230769231;0.319672131147541;0.0945945945945946;0.2391304347826087;0.0273972602739726
0.0;1.0;0.0;1.0;0.0;0.0;0.0;0.25;1.0;0.2;0.030303030303030304;0.15384615384615385;0.08974358974358976;0.0;0.0;0.0;0.0;0.0;0.0;0.0;0.3008849557522124;0.21052631578947367;0.125;0.5414364640883977;0.18181818181818182;0.03125;0.0;0.0;0.08695652173913043;0.14285714285714285;0.24223602484472048;0.34782608695652173;0.3577586206896552;0.25102880658436216;0.09523809523809523;0.0;0.2;0.0;0.03125;0.0;0.3205128205128205;0.1590909090909091;0.0;0.0;0.2631578947368421;0.1;0.3523809523809524;0.14864864864864866;0.3469387755102041;0.2982456140350877;0.18085106382978722;0.1875;0.3644859813084112;0.25757575757575757;0.10752688172043012;0.06666666666666667;0.3047619047619048;0.3076923076923077;0.04;0.0;0.0;0.2857142857142857;0.2346938775510204;0.30434782608695654;0.2222222222222222;0.3120567375886525;0.21666666666666667;0.11382113821138212;0.4976958525345622;0.07368421052631578;0.0;0.16;0.3385579937304075;0.3125;0.12;0.0;0.0625;0.3333333333333333;0.27114427860696516;0.2;0.2377049180327869;0.17567567567567569;0.31739130434782614;0.0136986301369863
0.0;0.0;0.0;0.0;0.0;0.0;0.0;0.2222222222222222;1.0;0.2;0.030303030303030304;0.3076923076923077;0.25641025641025644;1.0;1.0;1.0;1.0;1.0;1.0;1.0;0.061946902654867256;0.10526315789473684;0.020833333333333332;0.06629834254143646;0.09090909090909091;0.0;0.07142857142857142;0.06060606060606061;0.08695652173913043;0.07142857142857142;0.03105590062111801;0.043478260869565216;0.11206896551724138;0.03292181069958848;0.0;0.0;0.02;0.0;0.125;0.2;0.07051282051282051;0.045454545454545456;0.0;0.0;0.17543859649122806;0.0;0.13333333333333336;0.0045045045045045045;0.04081632653061224;0.12280701754385964;0.0425531914893617;0.0625;0.09345794392523364;0.030303030303030304;0.0;0.0;0.09523809523809526;0.1;0.056;0.0;0.16666666666666666;0.14285714285714285;0.11224489795918366;0.03260869565217391;0.027777777777777776;0.05673758865248227;0.05;0.13008130081300814;0.0967741935483871;0.07368421052631578;0.0;0.0;0.05329153605015673;0.11607142857142856;0.06;0.07894736842105263;0.0625;0.14814814814814814;0.03233830845771144;0.046153846153846156;0.09016393442622951;0.05405405405405406;0.07826086956521738;0.0
0.0;0.0;0.0;0.0;0.0;0.0;0.0;0.4444444444444445;0.0;0.0;0.12121212121212122;0.15384615384615385;0.047008547008547015;0.0;1.0;0.0;0.0;0.0;0.0;1.0;0.1415929203539823;0.15789473684210525;0.625;0.23204419889502764;0.2272727272727273;0.125;0.21428571428571427;0.06060606060606061;0.2608695652173913;0.42857142857142855;0.18012422360248445;0.2608695652173913;0.3879310344827586;0.11522633744855967;0.09523809523809523;0.16666666666666666;0.1;0.5;0.09375;0.0;0.23717948717948717;0.38636363636363635;0.09090909090909091;0.0;0.12280701754385964;0.125;0.39047619047619053;0.0990990990990991;0.2040816326530612;0.15789473684210525;0.1276595744680851;0.15625;0.34579439252336447;0.12121212121212122;0.06451612903225806;0.1;0.29523809523809524;0.27692307692307694;0.04;0.0;0.08333333333333333;0.23809523809523808;0.336734693877551;0.13043478260869565;0.2777777777777778;0.21985815602836878;0.35;0.10569105691056911;0.1382488479262673;0.3368421052631579;0.26666666666666666;0.0;0.2570532915360501;0.2589285714285714;0.24;0.02631578947368421;0.0;0.2222222222222222;0.236318407960199;0.4307692307692308;0.4016393442622951;0.41891891891891897;0.3521739130434783;0.0
0.0;0.0;0.0;0.0;1.0;1.0;0.0;0.1388888888888889;1.0;0.4;0.06060606060606061;0.0;0.0854700854700855;0.0;0.0;0.0;0.0;0.0;0.0;0.0;0.07964601769911504;0.02631578947368421;0.125;0.10497237569060773;0.16666666666666669;0.0625;0.14285714285714285;0.0;0.17391304347826086;0.07142857142857142;0.09937888198757763;0.043478260869565216;0.14655172413793102;0.06995884773662552;0.047619047619047616;0.0;0.04;0.0;0.0;0.0;0.07051282051282051;0.14772727272727273;0.09090909090909091;0.0;0.07017543859649122;0.07500000000000001;0.1142857142857143;0.03153153153153153;0.18367346938775508;0.12280701754385964;0.031914893617021274;0.0625;0.12149532710280372;0.07575757575757576;0.03225806451612903;0.1;0.06666666666666668;0.07692307692307693;0.016;0.06666666666666667;0.0;0.14285714285714285;0.09183673469387754;0.07608695652173914;0.1111111111111111;0.12056737588652482;0.05;0.016260162601626018;0.11059907834101382;0.05263157894736842;0.2;0.0;0.07523510971786833;0.19642857142857142;0.14;0.05263157894736842;0.0625;0.12962962962962962;0.08706467661691542;0.06153846153846154;0.09016393442622951;0.1891891891891892;0.1391304347826087;0.0
0.0;0.0;0.0;1.0;1.0;0.0;0.0;0.49999999999999994;0.0;0.0;0.09090909090909091;0.15384615384615385;0.1495726495726496;0.0;1.0;0.0;0.0;0.0;0.0;1.0;0.504424778761062;0.3157894736842105;0.22916666666666666;0.5359116022099447;0.13636363636363635;0.125;0.0;0.0;0.08695652173913043;0.0;0.48447204968944096;0.2608695652173913;0.28879310344827586;0.411522633744856;0.2222222222222222;0.0;0.30000000000000004;0.0;0.15625;0.0;0.4615384615384615;0.17045454545454547;0.0;0.0;0.10526315789473684;0.25;0.34285714285714286;0.19369369369369369;0.44897959183673464;0.17543859649122806;0.13829787234042554;0.109375;0.4392523364485981;0.2727272727272727;0.16666666666666669;0.5333333333333333;0.26666666666666666;0.23076923076923078;0.176;0.3333333333333333;0.3333333333333333;0.2857142857142857;0.14285714285714285;0.5434782608695652;0.1388888888888889;0.44680851063829785;0.16666666666666666;0.11382113821138212;0.4147465437788018;0.06315789473684211;0.0;0.48;0.4733542319749216;0.2232142857142857;0.08;0.13157894736842105;0.0;0.07407407407407407;0.417910447761194;0.1076923076923077;0.30327868852459017;0.12162162162162163;0.3130434782608696;0.0821917808219178
0.0;0.0;0.0;1.0;1.0;0.0;0.0;0.16666666666666669;1.0;0.2;0.030303030303030304;0.0;0.0982905982905983;1.0;0.0;0.0;1.0;0.0;0.0;0.0;0.11504424778761062;0.13157894736842105;0.020833333333333332;0.11602209944751381;0.15151515151515152;0.15625;0.0;0.06060606060606061;0.08695652173913043;0.14285714285714285;0.10559006211180123;0.0;0.15948275862068964;0.11522633744855967;0.0;0.0;0.060000000000000005;0.0;0.125;0.2;0.14102564102564102;0.06818181818181818;0.09090909090909091;0.0;0.12280701754385964;0.025;0.2285714285714286;0.04504504504504504;0.04081632653061224;0.12280701754385964;0.09574468085106383;0.0625;0.22429906542056072;0.13636363636363635;0.03763440860215054;0.0;0.12380952380952384;0.11538461538461539;0.112;0.2;0.25;0.0;0.17346938775510204;0.09782608695652173;0.1111111111111111;0.0851063829787234;0.1;0.1869918699186992;0.1382488479262673;0.06315789473684211;0.06666666666666667;0.0;0.12539184952978058;0.16964285714285712;0.1;0.15789473684210525;0.25;0.08333333333333333;0.12686567164179105;0.13846153846153847;0.09016393442622951;0.13513513513513514;0.06956521739130435;0.1917808219178082
1.0;0.0;0.0;1.0;0.0;0.0;0.0;0.5277777777777777;0.0;0.0;0.0;0.0;0.4658119658119658;0.0;1.0;0.0;1.0;0.0;1.0;1.0;0.3274336283185841;0.2631578947368421;0.0625;0.24861878453038677;0.4696969696969697;0.4375;0.42857142857142855;0.4545454545454546;0.3913043478260869;0.2857142857142857;0.2857142857142857;0.2608695652173913;0.4568965517241379;0.2469135802469136;0.07936507936507936;0.125;0.11333333333333334;0.8333333333333333;0.46875;0.6000000000000001;0.3846153846153846;0.3181818181818182;0.7272727272727273;0.5;0.6491228070175439;0.275;0.4190476190476191;0.08558558558558559;0.061224489795918366;0.5087719298245614;0.2765957446808511;0.375;0.4859813084112149;0.15151515151515152;0.048387096774193554;0.0;0.4380952380952381;0.43846153846153846;0.384;0.4666666666666667;0.5;0.42857142857142855;0.39795918367346933;0.20652173913043478;0.41666666666666663;0.2836879432624113;0.3333333333333333;0.5365853658536586;0.2764976958525346;0.18947368421052632;0.26666666666666666;0.12;0.329153605015674;0.39285714285714285;0.42;0.894736842105263;0.4375;0.2962962962962963;0.3333333333333333;0.4;0.319672131147541;0.05405405405405406;0.20869565217391303;0.136986301369863
1.0;0.0;0.0;0.0;0.0;0.0;0.0;0.027777777777777776;1.0;0.2;0.12121212121212122;0.07692307692307693;0.0982905982905983;0.0;0.0;0.0;0.0;0.0;0.0;0.0;0.2743362831858407;0.15789473684210525;0.22916666666666666;0.3149171270718232;0.33333333333333337;0.09375;0.0;0.09090909090909091;0.6956521739130435;0.5714285714285714;0.15527950310559005;0.0;0.4396551724137931;0.10699588477366256;0.047619047619047616;0.375;0.07333333333333333;0.16666666666666666;0.375;0.2;0.24358974358974358;0.32954545454545453;0.0;0.0;0.3684210526315789;0.30000000000000004;0.3238095238095238;0.11261261261261261;0.18367346938775508;0.22807017543859648;0.19148936170212766;0.3125;0.3644859813084112;0.06060606060606061;0.07526881720430108;0.06666666666666667;0.2285714285714286;0.23846153846153847;0.024;0.26666666666666666;0.08333333333333333;0.3333333333333333;0.36734693877551017;0.10869565217391304;0.4722222222222222;0.2624113475177305;0.3833333333333333;0.10569105691056911;0.1152073732718894;0.42105263157894735;0.2;0.04;0.25391849529780564;0.33928571428571425;0.22;0.18421052631578946;0.0625;0.2685185185185185;0.24129353233830847;0.4;0.3852459016393443;0.20270270270270271;0.21739130434782608;0.6301369863013698
1.0;0.0;1.0;1.0;1.0;0.0;0.0;0.16666666666666669;1.0;0.4;0.09090909090909091;0.15384615384615385;0.30341880341880345;1.0;1.0;0.0;1.0;0.0;0.0;1.0;0.02654867256637168;0.15789473684210525;0.125;0.09944751381215469;0.2272727272727273;0.21875;0.21428571428571427;0.15151515151515152;0.2608695652173913;0.2857142857142857;0.11801242236024843;0.08695652173913043;0.2672413793103448;0.09876543209876544;0.015873015873015872;0.0;0.13333333333333333;0.16666666666666666;0.125;0.0;0.12179487179487179;0.36363636363636365;0.2727272727272727;0.0;0.3333333333333333;0.1;0.18095238095238098;0.06306306306306306;0.02040816326530612;0.40350877192982454;0.1702127659574468;0.125;0.18691588785046728;0.10606060606060606;0.03763440860215054;0.06666666666666667;0.2380952380952381;0.19230769230769232;0.152;0.26666666666666666;0.08333333333333333;0.3333333333333333;0.24489795918367346;0.10869565217391304;0.3055555555555555;0.13475177304964536;0.2833333333333333;0.21951219512195125;0.07834101382488479;0.14736842105263157;0.26666666666666666;0.08;0.1128526645768025;0.3214285714285714;0.28;0.3157894736842105;0.125;0.2777777777777778;0.12935323383084577;0.2923076923076923;0.2540983606557377;0.12162162162162163;0.09130434782608696;0.136986301369863
1.0;0.0;0.0;0.0;1.0;0.0;0.0;0.3055555555555555;1.0;0.2;0.030303030303030304;0.15384615384615385;0.2008547008547009;1.0;1.0;1.0;1.0;1.0;1.0;1.0;0.07964601769911504;0.13157894736842105;0.16666666666666666;0.1602209944751381;0.24242424242424243;0.28125;0.5;0.15151515151515152;0.5652173913043478;0.21428571428571427;0.13043478260869565;0.17391304347826086;0.3146551724137931;0.08230452674897121;0.047619047619047616;0.0;0.09333333333333334;0.0;0.0625;0.2;0.10897435897435898;0.38636363636363635;0.09090909090909091;0.0;0.38596491228070173;0.17500000000000002;0.18095238095238098;0.07657657657657657;0.12244897959183673;0.15789473684210525;0.1595744680851064;0.25;0.205607476635514;0.15151515151515152;0.043010752688172046;0.1;0.20952380952380956;0.2230769230769231;0.10400000000000001;0.13333333333333333;0.41666666666666663;0.2857142857142857;0.2857142857142857;0.06521739130434782;0.1388888888888889;0.22695035460992907;0.23333333333333334;0.13008130081300814;0.05529953917050691;0.19999999999999998;0.2;0.0;0.13166144200626959;0.26785714285714285;0.46;0.3157894736842105;0.625;0.2685185185185185;0.15422885572139303;0.16923076923076924;0.2540983606557377;0.2702702702702703;0.23043478260869565;0.1506849315068493
0.0;0.0;1.0;1.0;0.0;0.0;0.0;0.16666666666666669;0.0;0.0;0.15151515151515152;0.15384615384615385;0.06410256410256412;0.0;0.0;0.0;1.0;0.0;0.0;0.0;0.1415929203539823;0.18421052631578946;0.22916666666666666;0.22651933701657456;0.30303030303030304;0.4375;0.5714285714285714;0.42424242424242425;0.9130434782608695;0.6428571428571428;0.24223602484472048;0.17391304347826086;0.4698275862068965;0.1234567901234568;0.031746031746031744;0.125;0.12666666666666668;0.3333333333333333;0.34375;0.0;0.28846153846153844;0.4090909090909091;0.0;0.0;0.3684210526315789;0.225;0.29523809523809524;0.16666666666666666;0.22448979591836732;0.3333333333333333;0.30851063829787234;0.25;0.38317757009345793;0.18181818181818182;0.08602150537634409;0.13333333333333333;0.29523809523809524;0.3615384615384616;0.112;0.26666666666666666;0.6666666666666666;0.14285714285714285;0.49999999999999994;0.10869565217391304;0.41666666666666663;0.276595744680851;0.36666666666666664;0.2682926829268293;0.09216589861751152;0.24210526315789474;0.06666666666666667;0.04;0.23824451410658307;0.39285714285714285;0.4;0.4473684210526315;0.5;0.48148148148148145;0.208955223880597;0.2153846153846154;0.29508196721311475;0.20270270270270271;0.2521739130434783;0.0821917808219178
0.0;1.0;1.0;1.0;1.0;0.0;0.0;0.1388888888888889;1.0;0.2;0.030303030303030304;0.07692307692307693;0.04273504273504274;0.0;0.0;0.0;0.0;0.0;0.0;0.0;0.18584070796460178;0.07894736842105263;0.125;0.17679558011049723;0.09090909090909091;0.03125;0.0;0.0;0.0;0.07142857142857142;0.09316770186335403;0.08695652173913043;0.1336206896551724;0.08230452674897121;0.07936507936507936;0.0;0.08;0.0;0.0625;0.0;0.1346153846153846;0.125;0.0;0.5;0.07017543859649122;0.1;0.20952380952380956;0.04504504504504504;0.12244897959183673;0.0;0.06382978723404255;0.078125;0.18691588785046728;0.09090909090909091;0.021505376344086023;0.03333333333333333;0.057142857142857155;0.11538461538461539;0.048;0.13333333333333333;0.0;0.0;0.13265306122448978;0.13043478260869565;0.08333333333333333;0.1276595744680851;0.1;0.06504065040650407;0.07834101382488479;0.05263157894736842;0.06666666666666667;0.04;0.11598746081504702;0.125;0.08;0.0;0.0;0.1388888888888889;0.08955223880597014;0.0;0.04918032786885246;0.10810810810810811;0.1608695652173913;0.0
0.0;1.0;0.0;0.0;0.0;1.0;1.0;0.3333333333333333;0.0;0.0;0.15151515151515152;0.15384615384615385;0.1837606837606838;0.0;1.0;0.0;0.0;0.0;0.0;1.0;0.1504424778761062;0.05263157894736842;0.22916666666666666;0.2430939226519337;0.12121212121212122;0.03125;0.0;0.0;0.0;0.07142857142857142;0.13664596273291924;0.043478260869565216;0.1896551724137931;0.13168724279835392;0.14285714285714285;0.041666666666666664;0.08666666666666667;0.0;0.03125;0.0;0.1858974358974359;0.17045454545454547;0.0;0.0;0.03508771929824561;0.05;0.17142857142857143;0.05855855855855856;0.3469387755102041;0.12280701754385964;0.09574468085106383;0.046875;0.19626168224299065;0.13636363636363635;0.0913978494623656;0.16666666666666666;0.13333333333333336;0.1076923076923077;0.008;0.06666666666666667;0.0;0.3333333333333333;0.061224489795918366;0.20652173913043478;0.05555555555555555;0.19858156028368792;0.1;0.032520325203252036;0.23963133640552994;0.11578947368421053;0.0;0.0;0.17868338557993732;0.1875;0.12;0.05263157894736842;0.0;0.09259259259259259;0.17412935323383083;0.12307692307692308;0.12295081967213116;0.43243243243243246;0.19130434782608696;0.0
0.0;1.0;1.0;1.0;1.0;1.0;1.0;0.3333333333333333;0.0;0.0;0.0;0.0;0.11538461538461539;0.0;0.0;0.0;0.0;0.0;0.0;0.0;0.34513274336283184;0.05263157894736842;0.0625;0.22099447513812154;0.21212121212121213;0.21875;0.21428571428571427;0.0;0.30434782608695654;0.14285714285714285;0.23602484472049687;0.13043478260869565;0.4353448275862069;0.18106995884773663;0.047619047619047616;0.041666666666666664;0.14;0.16666666666666666;0.1875;0.4;0.2564102564102564;0.375;0.2727272727272727;0.5;0.3157894736842105;0.2;0.39047619047619053;0.11261261261261261;0.26530612244897955;0.24561403508771928;0.2765957446808511;0.203125;0.3925233644859813;0.25757575757575757;0.08602150537634409;0.16666666666666666;0.2571428571428572;0.3384615384615385;0.096;0.26666666666666666;0.25;0.23809523809523808;0.22448979591836732;0.2717391304347826;0.19444444444444442;0.2624113475177305;0.35;0.14634146341463417;0.1382488479262673;0.39999999999999997;0.13333333333333333;0.08;0.30407523510971785;0.3214285714285714;0.28;0.10526315789473684;0.125;0.25925925925925924;0.2860696517412935;0.15384615384615385;0.18032786885245902;0.31081081081081086;0.24347826086956523;0.0
0.0;0.0;0.0;1.0;1.0;0.0;0.0;0.25;0.0;0.0;0.0;0.0;0.07692307692307693;0.0;0.0;0.0;0.0;0.0;0.0;0.0;0.23008849557522124;0.13157894736842105;0.0625;0.2430939226519337;0.06060606060606061;0.0;0.07142857142857142;0.0;0.043478260869565216;0.07142857142857142;0.21118012422360247;0.2608695652173913;0.1939655172413793;0.14814814814814817;0.07936507936507936;0.0;0.08666666666666667;0.0;0.125;0.0;0.14743589743589744;0.11363636363636365;0.0;0.0;0.12280701754385964;0.05;0.12380952380952381;0.10810810810810811;0.3877551020408163;0.08771929824561403;0.05319148936170213;0.046875;0.18691588785046728;0.19696969696969696;0.08602150537634409;0.1;0.1142857142857143;0.12307692307692308;0.048;0.06666666666666667;0.0;0.14285714285714285;0.08163265306122448;0.2934782608695652;0.08333333333333333;0.15602836879432622;0.13333333333333333;0.04065040650406505;0.10138248847926268;0.06315789473684211;0.0;0.08;0.22570532915360503;0.08928571428571427;0.06;0.05263157894736842;0.0;0.06481481481481481;0.18407960199004975;0.15384615384615385;0.1557377049180328;0.10810810810810811;0.18695652173913044;0.0
0.0;1.0;1.0;1.0;1.0;1.0;1.0;0.4166666666666667;0.0;0.0;0.12121212121212122;0.07692307692307693;0.15811965811965814;0.0;1.0;0.0;0.0;0.0;0.0;1.0;0.37168141592920356;0.21052631578947367;0.3333333333333333;0.4917127071823204;0.13636363636363635;0.0;0.0;0.0;0.2608695652173913;0.07142857142857142;0.19254658385093165;0.2608695652173913;0.3232758620689655;0.2674897119341564;0.07936507936507936;0.0;0.21333333333333335;0.3333333333333333;0.125;0.0;0.3269230769230769;0.20454545454545456;0.09090909090909091;0.0;0.14035087719298245;0.17500000000000002;0.2761904761904762;0.15315315315315314;0.26530612244897955;0.17543859649122806;0.1702127659574468;0.21875;0.2803738317757009;0.24242424242424243;0.14516129032258066;0.13333333333333333;0.2571428571428572;0.26153846153846155;0.048;0.06666666666666667;0.08333333333333333;0.14285714285714285;0.31632653061224486;0.3695652173913043;0.19444444444444442;0.43262411347517726;0.1;0.06504065040650407;0.28110599078341014;0.10526315789473684;0.13333333333333333;0.2;0.4106583072100313;0.09821428571428571;0.04;0.05263157894736842;0.0;0.1388888888888889;0.31094527363184077;0.09230769230769231;0.09836065573770492;0.5675675675675675;0.391304347826087;0.0
0.0;0.0;0.0;0.0;0.0;1.0;0.0;0.16666666666666669;1.0;0.2;0.15151515151515152;0.15384615384615385;0.15384615384615388;0.0;0.0;0.0;0.0;0.0;0.0;0.0;0.6371681415929203;0.8684210526315789;0.47916666666666663;0.574585635359116;0.3939393939393939;0.1875;0.3571428571428571;0.24242424242424243;0.3913043478260869;0.5;0.3602484472049689;0.21739130434782608;0.7887931034482758;0.24279835390946505;0.12698412698412698;0.375;0.24000000000000002;0.5;0.25;0.0;0.47435897435897434;0.5227272727272727;0.36363636363636365;0.5;0.5964912280701754;0.5750000000000001;0.7523809523809525;0.13063063063063063;0.14285714285714285;0.5964912280701754;0.6595744680851063;0.5625;0.7102803738317757;0.19696969696969696;0.06989247311827958;0.13333333333333333;0.5904761904761906;0.8;0.28800000000000003;0.4;0.6666666666666666;0.6190476190476191;0.7551020408163265;0.34782608695652173;0.611111111111111;0.43971631205673756;0.5;0.4471544715447155;0.22580645161290322;0.3263157894736842;0.4;0.16;0.5391849529780564;0.5267857142857143;0.36;0.5789473684210527;0.4375;0.6388888888888888;0.43781094527363185;0.4461538461538462;0.45081967213114754;0.4594594594594595;0.4608695652173913;0.1643835616438356
0.0;1.0;0.0;1.0;1.0;0.0;0.0;0.2777777777777778;0.0;0.0;0.0;0.0;0.10683760683760685;0.0;1.0;0.0;0.0;0.0;0.0;1.0;0.21238938053097345;0.05263157894736842;0.1875;0.30386740331491713;0.2878787878787879;0.4375;0.5;0.18181818181818182;0.2608695652173913;0.3571428571428571;0.22360248447204967;0.21739130434782608;0.47413793103448276;0.1358024691358025;0.031746031746031744;0.08333333333333333;0.22;0.0;0.15625;0.2;0.28846153846153844;0.2840909090909091;0.0;0.0;0.3508771929824561;0.275;0.4571428571428572;0.06306306306306306;0.2040816326530612;0.17543859649122806;0.36170212765957444;0.359375;0.4392523364485981;0.18181818181818182;0.10215053763440861;0.03333333333333333;0.20000000000000004;0.43846153846153846;0.192;0.4666666666666667;0.3333333333333333;0.5714285714285714;0.3877551020408163;0.17391304347826086;0.16666666666666666;0.2695035460992908;0.26666666666666666;0.1788617886178862;0.07834101382488479;0.34736842105263155;0.06666666666666667;0.04;0.21630094043887146;0.4196428571428571;0.56;0.3684210526315789;0.3125;0.48148148148148145;0.21890547263681592;0.4153846153846154;0.3278688524590164;0.0945945945945946;0.24782608695652172;0.0684931506849315
0.0;1.0;0.0;0.0;1.0;0.0;0.0;0.16666666666666669;1.0;0.6000000000000001;0.21212121212121213;0.07692307692307693;0.1837606837606838;0.0;1.0;0.0;0.0;0.0;1.0;1.0;0.39823008849557523;0.10526315789473684;0.0625;0.30939226519337015;0.2727272727272727;0.25;0.07142857142857142;0.15151515151515152;0.17391304347826086;0.21428571428571427;0.15527950310559005;0.08695652173913043;0.47413793103448276;0.15637860082304528;0.031746031746031744;0.0;0.17333333333333334;0.0;0.21875;0.4;0.28205128205128205;0.26136363636363635;0.36363636363636365;0.0;0.2982456140350877;0.35000000000000003;0.6285714285714287;0.08108108108108109;0.1020408163265306;0.2982456140350877;0.5;0.390625;0.5327102803738317;0.07575757575757576;0.05376344086021506;0.06666666666666667;0.24761904761904766;0.4153846153846154;0.088;0.26666666666666666;0.75;0.2857142857142857;0.4897959183673469;0.21739130434782608;0.5833333333333333;0.326241134751773;0.23333333333333334;0.13008130081300814;0.10138248847926268;0.4421052631578947;0.3333333333333333;0.0;0.26332288401253917;0.4821428571428571;0.22;0.23684210526315788;0.3125;0.39814814814814814;0.2537313432835821;0.2153846153846154;0.30327868852459017;0.7297297297297298;0.3130434782608696;0.0
0.0;1.0;1.0;1.0;1.0;0.0;0.0;0.19444444444444448;1.0;0.2;0.06060606060606061;0.15384615384615385;0.0982905982905983;0.0;1.0;0.0;0.0;0.0;0.0;1.0;0.19469026548672566;0.05263157894736842;0.3958333333333333;0.27624309392265195;0.045454545454545456;0.0;0.0;0.0;0.0;0.07142857142857142;0.21739130434782608;0.17391304347826086;0.23275862068965517;0.1769547325102881;0.09523809523809523;0.0;0.26666666666666666;0.0;0.1875;0.0;0.24358974358974358;0.09090909090909091;0.09090909090909091;0.0;0.22807017543859648;0.05;0.12380952380952381;0.16666666666666666;0.24489795918367346;0.07017543859649122;0.06382978723404255;0.03125;0.1308411214953271;0.18181818181818182;0.15053763440860216;0.26666666666666666;0.13333333333333336;0.08461538461538462;0.016;0.06666666666666667;0.08333333333333333;0.19047619047619047;0.18367346938775508;0.2717391304347826;0.19444444444444442;0.3404255319148936;0.06666666666666667;0.032520325203252036;0.24423963133640553;0.06315789473684211;0.06666666666666667;0.12;0.26018808777429464;0.15178571428571427;0.04;0.07894736842105263;0.0;0.046296296296296294;0.23134328358208955;0.06153846153846154;0.12295081967213116;0.6621621621621622;0.2;0.0
0.0;1.0;0.0;0.0;1.0;0.0;0.0;0.19444444444444448;1.0;0.2;0.030303030303030304;0.07692307692307693;0.0982905982905983;0.0;1.0;0.0;0.0;0.0;0.0;1.0;0.07079646017699115;0.2894736842105263;0.125;0.11049723756906077;0.18181818181818182;0.1875;0.2857142857142857;0.06060606060606061;0.34782608695652173;0.07142857142857142;0.09937888198757763;0.08695652173913043;0.25;0.07818930041152264;0.015873015873015872;0.041666666666666664;0.11333333333333334;0.0;0.15625;0.2;0.08333333333333333;0.2272727272727273;0.0;0.0;0.21052631578947367;0.15000000000000002;0.1142857142857143;0.09009009009009009;0.0;0.2631578947368421;0.19148936170212766;0.0625;0.11214953271028036;0.09090909090909091;0.06451612903225806;0.03333333333333333;0.2380952380952381;0.11538461538461539;0.07200000000000001;0.0;0.08333333333333333;0.09523809523809523;0.21428571428571427;0.10869565217391304;0.16666666666666666;0.19858156028368792;0.05;0.10569105691056911;0.0967741935483871;0.09473684210526316;0.06666666666666667;0.04;0.10344827586206896;0.29464285714285715;0.22;0.21052631578947367;0.0;0.21296296296296297;0.12437810945273631;0.1076923076923077;0.09836065573770492;0.0945945945945946;0.11739130434782609;0.273972602739726
0.0;0.0;0.0;0.0;0.0;0.0;0.0;0.0;1.0;0.2;0.030303030303030304;0.07692307692307693;0.008547008547008551;0.0;1.0;0.0;1.0;0.0;1.0;1.0;0.017699115044247787;0.07894736842105263;0.0625;0.06629834254143646;0.015151515151515152;0.03125;0.0;0.0;0.13043478260869565;0.07142857142857142;0.018633540372670808;0.0;0.10775862068965517;0.00823045267489712;0.0;0.041666666666666664;0.05333333333333334;0.16666666666666666;0.0;0.0;0.07692307692307693;0.022727272727272728;0.0;0.0;0.05263157894736842;0.025;0.05714285714285715;0.05855855855855856;0.02040816326530612;0.03508771929824561;0.031914893617021274;0.046875;0.037383177570093455;0.0;0.02688172043010753;0.0;0.06666666666666668;0.06153846153846154;0.008;0.06666666666666667;0.0;0.047619047619047616;0.08163265306122448;0.043478260869565216;0.05555555555555555;0.035460992907801414;0.1;0.024390243902439025;0.013824884792626727;0.042105263157894736;0.0;0.0;0.050156739811912224;0.0625;0.06;0.0;0.0;0.07407407407407407;0.03482587064676617;0.015384615384615385;0.04098360655737705;0.02702702702702703;0.03913043478260869;0.0821917808219178
0.0;1.0;1.0;1.0;1.0;1.0;1.0;0.4166666666666667;1.0;0.2;0.06060606060606061;0.07692307692307693;0.08119658119658121;0.0;0.0;0.0;0.0;0.0;0.0;0.0;0.1415929203539823;0.10526315789473684;0.375;0.39779005524861877;0.09090909090909091;0.0;0.0;0.0;0.21739130434782608;0.07142857142857142;0.2795031055900621;0.30434782608695654;0.22844827586206895;0.1934156378600823;0.20634920634920634;0.08333333333333333;0.24000000000000002;0.16666666666666666;0.0625;0.0;0.24358974358974358;0.10227272727272728;0.0;0.0;0.05263157894736842;0.15000000000000002;0.1619047619047619;0.14864864864864866;0.6122448979591836;0.08771929824561403;0.0851063829787234;0.09375;0.23364485981308408;0.13636363636363635;0.14516129032258066;0.2;0.14285714285714288;0.13846153846153847;0.016;0.06666666666666667;0.16666666666666666;0.09523809523809523;0.14285714285714285;0.33695652173913043;0.16666666666666666;0.21276595744680848;0.1;0.04065040650406505;0.1935483870967742;0.1368421052631579;0.06666666666666667;0.04;0.2946708463949843;0.14285714285714285;0.04;0.02631578947368421;0.0;0.17592592592592593;0.22139303482587064;0.12307692307692308;0.20491803278688525;0.3918918918918919;0.30000000000000004;0.0
0.0;0.0;0.0;1.0;1.0;0.0;0.0;0.2777777777777778;0.0;0.0;0.09090909090909091;0.15384615384615385;0.21367521367521372;1.0;0.0;0.0;1.0;0.0;0.0;0.0;0.07964601769911504;0.13157894736842105;0.0;0.2044198895027624;0.2272727272727273;0.1875;0.3571428571428571;0.09090909090909091;0.34782608695652173;0.2857142857142857;0.11801242236024843;0.21739130434782608;0.33620689655172414;0.08641975308641976;0.031746031746031744;0.16666666666666666;0.15333333333333335;0.0;0.1875;0.2;0.1987179487179487;0.17045454545454547;0.18181818181818182;0.0;0.2631578947368421;0.30000000000000004;0.24761904761904763;0.05855855855855856;0.061224489795918366;0.2631578947368421;0.26595744680851063;0.234375;0.27102803738317754;0.10606060606060606;0.048387096774193554;0.06666666666666667;0.2761904761904762;0.26153846153846155;0.07200000000000001;0.2;0.16666666666666666;0.3333333333333333;0.2857142857142857;0.18478260869565216;0.3333333333333333;0.22695035460992907;0.21666666666666667;0.10569105691056911;0.1336405529953917;0.23157894736842105;0.06666666666666667;0.04;0.14420062695924765;0.375;0.24;0.2894736842105263;0.375;0.25925925925925924;0.1691542288557214;0.27692307692307694;0.27049180327868855;0.35135135135135137;0.2565217391304348;0.0
1.0;0.0;0.0;1.0;1.0;1.0;0.0;0.11111111111111109;0.0;0.0;0.030303030303030304;0.0;0.13675213675213677;1.0;1.0;1.0;1.0;0.0;1.0;1.0;0.1504424778761062;0.07894736842105263;0.0625;0.19889502762430938;0.09090909090909091;0.0625;0.0;0.0;0.17391304347826086;0.14285714285714285;0.08074534161490683;0.043478260869565216;0.24137931034482757;0.04526748971193416;0.015873015873015872;0.16666666666666666;0.013333333333333334;0.0;0.0625;0.0;0.11538461538461538;0.14772727272727273;0.0;0.0;0.08771929824561403;0.17500000000000002;0.21904761904761907;0.05405405405405406;0.04081632653061224;0.12280701754385964;0.1276595744680851;0.203125;0.1588785046728972;0.06060606060606061;0.021505376344086023;0.0;0.17142857142857146;0.18461538461538463;0.032;0.2;0.16666666666666666;0.2857142857142857;0.16326530612244897;0.06521739130434782;0.16666666666666666;0.13475177304964536;0.05;0.04878048780487805;0.03225806451612903;0.19999999999999998;0.06666666666666667;0.0;0.1724137931034483;0.09821428571428571;0.02;0.0;0.0;0.17592592592592593;0.10945273631840796;0.18461538461538463;0.1639344262295082;0.17567567567567569;0.1391304347826087;0.0136986301369863
0.0;1.0;0.0;1.0;1.0;0.0;0.0;0.47222222222222227;0.0;0.0;0.06060606060606061;0.07692307692307693;0.3076923076923077;0.0;1.0;1.0;0.0;1.0;0.0;1.0;0.20353982300884954;0.10526315789473684;0.020833333333333332;0.18232044198895025;0.13636363636363635;0.15625;0.0;0.06060606060606061;0.13043478260869565;0.21428571428571427;0.14285714285714285;0.0;0.24137931034482757;0.07818930041152264;0.031746031746031744;0.16666666666666666;0.03333333333333333;0.0;0.15625;0.0;0.11538461538461538;0.13636363636363635;0.0;0.0;0.17543859649122806;0.07500000000000001;0.2761904761904762;0.04054054054054054;0.04081632653061224;0.14035087719298245;0.14893617021276595;0.140625;0.22429906542056072;0.10606060606060606;0.021505376344086023;0.1;0.1523809523809524;0.15384615384615385;0.016;0.06666666666666667;0.25;0.23809523809523808;0.21428571428571427;0.11956521739130435;0.1388888888888889;0.19148936170212766;0.11666666666666667;0.05691056910569106;0.17511520737327188;0.1368421052631579;0.0;0.04;0.1724137931034483;0.1607142857142857;0.06;0.10526315789473684;0.0625;0.19444444444444442;0.12686567164179105;0.2153846153846154;0.21311475409836067;0.3918918918918919;0.16956521739130434;0.0
0.0;0.0;1.0;1.0;0.0;0.0;0.0;0.16666666666666669;1.0;0.2;0.15151515151515152;0.23076923076923078;0.0982905982905983;0.0;0.0;0.0;0.0;0.0;0.0;0.0;0.3185840707964602;0.07894736842105263;0.10416666666666666;0.39779005524861877;0.06060606060606061;0.0;0.0;0.0;0.17391304347826086;0.07142857142857142;0.3105590062111801;0.34782608695652173;0.15517241379310345;0.271604938271605;0.2222222222222222;0.08333333333333333;0.26666666666666666;0.0;0.09375;0.0;0.2692307692307692;0.11363636363636365;0.0;0.0;0.15789473684210525;0.0;0.12380952380952381;0.18468468468468469;0.5714285714285714;0.08771929824561403;0.0425531914893617;0.046875;0.21495327102803738;0.21212121212121213;0.11290322580645162;0.3333333333333333;0.18095238095238098;0.1;0.008;0.0;0.0;0.09523809523809523;0.14285714285714285;0.2717391304347826;0.1111111111111111;0.2978723404255319;0.06666666666666667;0.032520325203252036;0.3271889400921659;0.1368421052631579;0.0;0.12;0.3009404388714733;0.13392857142857142;0.08;0.02631578947368421;0.0;0.15740740740740738;0.23383084577114427;0.046153846153846156;0.09836065573770492;0.7702702702702703;0.23043478260869565;0.0
0.0;0.0;0.0;1.0;0.0;0.0;0.0;0.16666666666666669;1.0;0.2;0.06060606060606061;0.0;0.12820512820512822;1.0;1.0;0.0;1.0;0.0;1.0;1.0;0.035398230088495575;0.05263157894736842;0.020833333333333332;0.022099447513812154;0.13636363636363635;0.0625;0.0;0.06060606060606061;0.043478260869565216;0.14285714285714285;0.05590062111801242;0.08695652173913043;0.09482758620689655;0.03703703703703704;0.0;0.0;0.03333333333333333;0.0;0.03125;0.2;0.08333333333333333;0.06818181818181818;0.0;0.0;0.08771929824561403;0.0;0.06666666666666668;0.03153153153153153;0.04081632653061224;0.08771929824561403;0.02127659574468085;0.0;0.06542056074766354;0.12121212121212122;0.016129032258064516;0.03333333333333333;0.057142857142857155;0.03076923076923077;0.008;0.0;0.08333333333333333;0.047619047619047616;0.04081632653061224;0.03260869565217391;0.05555555555555555;0.05673758865248227;0.06666666666666667;0.0894308943089431;0.07834101382488479;0.042105263157894736;0.0;0.0;0.03134796238244514;0.1607142857142857;0.04;0.21052631578947367;0.0625;0.027777777777777776;0.05721393034825871;0.03076923076923077;0.04918032786885246;0.06756756756756757;0.07391304347826087;0.0
0.0;0.0;0.0;0.0;0.0;0.0;0.0;0.1388888888888889;1.0;0.2;0.12121212121212122;0.23076923076923078;0.047008547008547015;0.0;1.0;0.0;0.0;0.0;0.0;1.0;0.09734513274336283;0.10526315789473684;0.0;0.18232044198895025;0.045454545454545456;0.0;0.0;0.0;0.043478260869565216;0.0;0.05590062111801242;0.08695652173913043;0.16810344827586207;0.06995884773662552;0.0;0.0;0.04666666666666667;0.0;0.03125;0.0;0.12179487179487179;0.13636363636363635;0.0;0.0;0.15789473684210525;0.025;0.18095238095238098;0.036036036036036036;0.0;0.07017543859649122;0.10638297872340426;0.078125;0.18691588785046728;0.12121212121212122;0.016129032258064516;0.0;0.04761904761904762;0.16153846153846155;0.016;0.0;0.16666666666666666;0.14285714285714285;0.13265306122448978;0.08695652173913043;0.08333333333333333;0.07801418439716312;0.15;0.04065040650406505;0.11059907834101382;0.14736842105263157;0.0;0.0;0.16300940438871475;0.017857142857142856;0.02;0.0;0.0;0.07407407407407407;0.10696517412935323;0.12307692307692308;0.10655737704918034;0.22972972972972974;0.14347826086956522;0.0
0.0;0.0;1.0;1.0;0.0;0.0;0.0;0.47222222222222227;1.0;0.2;0.09090909090909091;0.15384615384615385;0.12393162393162396;0.0;0.0;0.0;0.0;0.0;0.0;0.0;0.2743362831858407;0.15789473684210525;0.2708333333333333;0.3314917127071823;0.16666666666666669;0.0625;0.0;0.0;0.043478260869565216;0.0;0.14906832298136646;0.13043478260869565;0.23706896551724138;0.205761316872428;0.07936507936507936;0.0;0.14666666666666667;0.3333333333333333;0.15625;0.0;0.2692307692307692;0.13636363636363635;0.09090909090909091;0.0;0.08771929824561403;0.025;0.08571428571428572;0.23873873873873874;0.061224489795918366;0.2631578947368421;0.06382978723404255;0.09375;0.08411214953271028;0.19696969696969696;0.1827956989247312;0.2;0.3142857142857143;0.11538461538461539;0.056;0.2;0.16666666666666666;0.047619047619047616;0.14285714285714285;0.2391304347826087;0.08333333333333333;0.22695035460992907;0.18333333333333332;0.024390243902439025;0.2119815668202765;0.08421052631578947;0.0;0.24;0.26332288401253917;0.1875;0.08;0.05263157894736842;0.0;0.2037037037037037;0.2064676616915423;0.06153846153846154;0.13114754098360656;0.02702702702702703;0.19130434782608696;0.0
0.0;1.0;0.0;1.0;1.0;0.0;0.0;0.3611111111111111;0.0;0.0;0.15151515151515152;0.15384615384615385;0.3076923076923077;0.0;1.0;0.0;0.0;0.0;0.0;1.0;0.3185840707964602;0.21052631578947367;0.3958333333333333;0.5027624309392266;0.13636363636363635;0.03125;0.0;0.0;0.13043478260869565;0.0;0.32298136645962733;0.21739130434782608;0.2672413793103448;0.37860082304526754;0.2222222222222222;0.0;0.2733333333333334;0.0;0.25;0.0;0.4358974358974359;0.14772727272727273;0.18181818181818182;0.0;0.24561403508771928;0.07500000000000001;0.2285714285714286;0.3018018018018018;0.3469387755102041;0.19298245614035087;0.09574468085106383;0.09375;0.2523364485981308;0.33333333333333337;0.2903225806451613;0.3333333333333333;0.24761904761904766;0.13076923076923078;0.08;0.06666666666666667;0.25;0.047619047619047616;0.3061224489795918;0.5434782608695652;0.08333333333333333;0.41843971631205673;0.25;0.0813008130081301;0.45161290322580644;0.06315789473684211;0.2;0.28;0.41379310344827586;0.2857142857142857;0.06;0.05263157894736842;0.0;0.16666666666666666;0.3606965174129353;0.07692307692307693;0.18852459016393444;0.5135135135135136;0.4565217391304348;0.0
0.0;0.0;0.0;1.0;1.0;0.0;0.0;0.2222222222222222;1.0;0.2;0.09090909090909091;0.0;0.22649572649572655;0.0;1.0;0.0;0.0;0.0;0.0;1.0;0.23893805309734512;0.13157894736842105;0.041666666666666664;0.24861878453038677;0.19696969696969696;0.21875;0.0;0.0;0.17391304347826086;0.07142857142857142;0.14285714285714285;0.13043478260869565;0.23275862068965517;0.1522633744855967;0.09523809523809523;0.041666666666666664;0.14;0.16666666666666666;0.21875;0.0;0.23076923076923075;0.14772727272727273;0.09090909090909091;0.0;0.19298245614035087;0.07500000000000001;0.14285714285714288;0.15315315315315314;0.061224489795918366;0.22807017543859648;0.07446808510638298;0.046875;0.11214953271028036;0.21212121212121213;0.12903225806451613;0.06666666666666667;0.2857142857142857;0.1;0.096;0.06666666666666667;0.08333333333333333;0.2857142857142857;0.14285714285714285;0.19565217391304346;0.08333333333333333;0.23404255319148934;0.25;0.12195121951219513;0.17972350230414746;0.06315789473684211;0.0;0.16;0.1943573667711599;0.2232142857142857;0.18;0.05263157894736842;0.1875;0.12962962962962962;0.19402985074626866;0.046153846153846156;0.10655737704918034;0.06756756756756757;0.14782608695652175;0.0821917808219178
0.0;0.0;0.0;1.0;0.0;0.0;0.0;0.49999999999999994;0.0;0.0;0.0;0.0;0.32905982905982906;0.0;0.0;0.0;1.0;0.0;0.0;0.0;0.415929203539823;0.2894736842105263;0.08333333333333333;0.32044198895027626;0.5454545454545454;0.25;0.07142857142857142;0.030303030303030304;0.13043478260869565;0.0;0.15527950310559005;0.2608695652173913;0.41379310344827586;0.24279835390946505;0.19047619047619047;0.0;0.24000000000000002;0.16666666666666666;0.34375;0.0;0.3717948717948718;0.25;0.5454545454545454;0.0;0.43859649122807015;0.025;0.21904761904761907;0.23423423423423423;0.12244897959183673;0.2982456140350877;0.10638297872340426;0.046875;0.2523364485981308;0.3787878787878788;0.25268817204301075;0.03333333333333333;0.4;0.13846153846153847;0.152;0.4;0.25;0.38095238095238093;0.21428571428571427;0.40217391304347827;0.027777777777777776;0.39716312056737585;0.4166666666666667;0.21951219512195125;0.35944700460829493;0.19999999999999998;0.06666666666666667;0.36;0.2946708463949843;0.4732142857142857;0.38;0.2894736842105263;0.0;0.4907407407407407;0.27114427860696516;0.2923076923076923;0.22950819672131148;0.41891891891891897;0.4347826086956522;0.0
0.0;0.0;0.0;0.0;0.0;0.0;0.0;0.1388888888888889;0.0;0.0;0.0;0.0;0.03846153846153847;0.0;1.0;0.0;0.0;0.0;0.0;1.0;0.07964601769911504;0.05263157894736842;0.16666666666666666;0.11602209944751381;0.13636363636363635;0.03125;0.07142857142857142;0.030303030303030304;0.13043478260869565;0.07142857142857142;0.06211180124223602;0.0;0.1853448275862069;0.09053497942386832;0.031746031746031744;0.041666666666666664;0.08666666666666667;0.0;0.125;0.0;0.12179487179487179;0.10227272727272728;0.18181818181818182;0.0;0.17543859649122806;0.17500000000000002;0.28571428571428575;0.04954954954954955;0.0;0.05263157894736842;0.1702127659574468;0.21875;0.205607476635514;0.10606060606060606;0.021505376344086023;0.03333333333333333;0.08571428571428572;0.16153846153846155;0.07200000000000001;0.06666666666666667;0.3333333333333333;0.19047619047619047;0.2346938775510204;0.08695652173913043;0.1111111111111111;0.0851063829787234;0.16666666666666666;0.032520325203252036;0.11059907834101382;0.07368421052631578;0.13333333333333333;0.0;0.11598746081504702;0.24107142857142855;0.04;0.05263157894736842;0.0;0.2037037037037037;0.09950248756218906;0.046153846153846156;0.12295081967213116;0.0945945945945946;0.11739130434782609;0.0684931506849315
0.0;1.0;1.0;1.0;1.0;0.0;1.0;0.2222222222222222;0.0;0.0;0.09090909090909091;0.15384615384615385;0.08974358974358976;0.0;0.0;0.0;0.0;0.0;0.0;0.0;0.17699115044247787;0.10526315789473684;0.375;0.11049723756906077;0.15151515151515152;0.0;0.07142857142857142;0.0;0.0;0.0;0.11180124223602483;0.043478260869565216;0.1724137931034483;0.1358024691358025;0.031746031746031744;0.041666666666666664;0.1;0.0;0.1875;0.0;0.15384615384615385;0.07954545454545454;0.0;0.0;0.17543859649122806;0.05;0.1904761904761905;0.12162162162162161;0.04081632653061224;0.10526315789473684;0.07446808510638298;0.078125;0.22429906542056072;0.09090909090909091;0.07526881720430108;0.03333333333333333;0.10476190476190478;0.18461538461538463;0.024;0.0;0.0;0.047619047619047616;0.12244897959183673;0.15217391304347827;0.08333333333333333;0.21276595744680848;0.1;0.032520325203252036;0.1336405529953917;0.1368421052631579;0.06666666666666667;0.12;0.1755485893416928;0.10714285714285714;0.12;0.07894736842105263;0.0;0.12037037037037036;0.1417910447761194;0.0;0.01639344262295082;0.3648648648648649;0.16521739130434782;0.0
0.0;0.0;0.0;0.0;0.0;0.0;0.0;0.11111111111111109;1.0;0.2;0.06060606060606061;0.07692307692307693;0.1324786324786325;0.0;0.0;0.0;1.0;0.0;0.0;0.0;0.1415929203539823;0.2631578947368421;0.020833333333333332;0.11602209944751381;0.16666666666666669;0.28125;0.2857142857142857;0.2727272727272727;0.08695652173913043;0.14285714285714285;0.08695652173913043;0.08695652173913043;0.25;0.10699588477366256;0.031746031746031744;0.041666666666666664;0.05333333333333334;0.3333333333333333;0.25;0.2;0.14743589743589744;0.14772727272727273;0.18181818181818182;0.5;0.40350877192982454;0.25;0.28571428571428575;0.04954954954954955;0.04081632653061224;0.24561403508771928;0.24468085106382978;0.25;0.205607476635514;0.030303030303030304;0.05913978494623656;0.06666666666666667;0.2285714285714286;0.27692307692307694;0.152;0.2;0.3333333333333333;0.2857142857142857;0.26530612244897955;0.13043478260869565;0.19444444444444442;0.19148936170212766;0.2;0.0975609756097561;0.11059907834101382;0.15789473684210525;0.4666666666666667;0.04;0.08463949843260188;0.4375;0.18;0.3421052631578947;0.125;0.3055555555555555;0.11940298507462688;0.18461538461538463;0.13934426229508198;0.10810810810810811;0.22608695652173913;0.0273972602739726
0.0;1.0;0.0;1.0;1.0;1.0;1.0;0.5555555555555555;1.0;0.6000000000000001;0.18181818181818182;0.15384615384615385;0.25641025641025644;0.0;1.0;0.0;1.0;0.0;0.0;1.0;0.19469026548672566;0.23684210526315788;0.041666666666666664;0.39226519337016574;0.4090909090909091;0.28125;0.21428571428571427;0.0;0.13043478260869565;0.14285714285714285;0.19254658385093165;0.08695652173913043;0.4051724137931034;0.20987654320987656;0.06349206349206349;0.125;0.18000000000000002;0.0;0.21875;0.2;0.2948717948717949;0.375;0.36363636363636365;0.0;0.22807017543859648;0.15000000000000002;0.4190476190476191;0.15315315315315314;0.061224489795918366;0.21052631578947367;0.1595744680851064;0.328125;0.3925233644859813;0.16666666666666669;0.09677419354838711;0.1;0.34285714285714286;0.3076923076923077;0.128;0.2;0.25;0.42857142857142855;0.37755102040816324;0.22826086956521738;0.3611111111111111;0.2695035460992908;0.31666666666666665;0.2764227642276423;0.0967741935483871;0.4421052631578947;0.4;0.04;0.3009404388714733;0.33928571428571425;0.28;0.3157894736842105;0.125;0.3333333333333333;0.26865671641791045;0.15384615384615385;0.26229508196721313;0.40540540540540543;0.32173913043478264;0.0136986301369863
0.0;1.0;0.0;0.0;0.0;0.0;0.0;0.3611111111111111;1.0;0.4;0.06060606060606061;0.07692307692307693;0.21367521367521372;1.0;1.0;0.0;1.0;0.0;0.0;1.0;0.21238938053097345;0.21052631578947367;0.020833333333333332;0.24861878453038677;0.24242424242424243;0.15625;0.14285714285714285;0.09090909090909091;0.13043478260869565;0.21428571428571427;0.09316770186335403;0.13043478260869565;0.2629310344827586;0.16460905349794241;0.06349206349206349;0.08333333333333333;0.12000000000000001;0.0;0.125;0.0;0.1923076923076923;0.14772727272727273;0.0;0.5;0.3508771929824561;0.17500000000000002;0.1619047619047619;0.09009009009009009;0.08163265306122448;0.19298245614035087;0.1595744680851064;0.21875;0.21495327102803738;0.15151515151515152;0.07526881720430108;0.0;0.20952380952380956;0.25384615384615383;0.088;0.2;0.5;0.3333333333333333;0.21428571428571427;0.22826086956521738;0.16666666666666666;0.20567375886524822;0.36666666666666664;0.20325203252032523;0.12442396313364056;0.30526315789473685;0.06666666666666667;0.0;0.21630094043887146;0.2232142857142857;0.2;0.18421052631578946;0.375;0.16666666666666666;0.20398009950248755;0.23076923076923078;0.19672131147540983;0.17567567567567569;0.2;0.0
0.0;1.0;0.0;0.0;1.0;1.0;1.0;0.47222222222222227;1.0;0.2;0.36363636363636365;0.15384615384615385;0.14102564102564105;0.0;1.0;0.0;0.0;0.0;1.0;1.0;0.1504424778761062;0.10526315789473684;0.20833333333333331;0.3370165745856354;0.09090909090909091;0.0;0.0;0.0;0.043478260869565216;0.0;0.23602484472049687;0.30434782608695654;0.10775862068965517;0.26337448559670784;0.20634920634920634;0.0;0.3066666666666667;0.0;0.09375;0.0;0.24358974358974358;0.07954545454545454;0.18181818181818182;0.0;0.17543859649122806;0.0;0.04761904761904762;0.2072072072072072;0.4081632653061224;0.17543859649122806;0.0425531914893617;0.046875;0.11214953271028036;0.21212121212121213;0.14516129032258066;0.4;0.20000000000000004;0.07692307692307693;0.032;0.0;0.0;0.23809523809523808;0.061224489795918366;0.31521739130434784;0.05555555555555555;0.22695035460992907;0.13333333333333333;0.13008130081300814;0.16129032258064516;0.08421052631578947;0.06666666666666667;0.08;0.2727272727272727;0.11607142857142856;0.02;0.07894736842105263;0.0;0.12962962962962962;0.2064676616915423;0.09230769230769231;0.13114754098360656;0.04054054054054054;0.08260869565217391;0.0958904109589041
0.0;0.0;0.0;0.0;0.0;0.0;0.0;0.3333333333333333;0.0;0.0;0.0;0.0;0.10256410256410259;1.0;1.0;0.0;1.0;0.0;0.0;1.0;0.22123893805309736;0.2894736842105263;0.0625;0.22651933701657456;0.15151515151515152;0.34375;0.21428571428571427;0.18181818181818182;0.043478260869565216;0.21428571428571427;0.10559006211180123;0.21739130434782608;0.3103448275862069;0.12757201646090535;0.047619047619047616;0.16666666666666666;0.17333333333333334;0.0;0.09375;0.0;0.20512820512820512;0.14772727272727273;0.09090909090909091;0.5;0.3157894736842105;0.1;0.2380952380952381;0.06756756756756757;0.16326530612244897;0.2631578947368421;0.20212765957446807;0.15625;0.308411214953271;0.18181818181818182;0.05913978494623656;0.06666666666666667;0.21904761904761907;0.25384615384615383;0.128;0.2;0.25;0.3333333333333333;0.24489795918367346;0.15217391304347827;0.1388888888888889;0.15602836879432622;0.26666666666666666;0.17073170731707318;0.10138248847926268;0.24210526315789474;0.26666666666666666;0.08;0.21003134796238246;0.23214285714285712;0.24;0.2631578947368421;0.1875;0.3333333333333333;0.1616915422885572;0.18461538461538463;0.1721311475409836;0.08108108108108109;0.1782608695652174;0.0684931506849315
0.0;1.0;0.0;0.0;1.0;0.0;1.0;0.3888888888888889;1.0;0.6000000000000001;0.09090909090909091;0.15384615384615385;0.1324786324786325;1.0;1.0;0.0;1.0;0.0;1.0;0.0;0.07964601769911504;0.0;0.0625;0.2099447513812155;0.10606060606060606;0.09375;0.07142857142857142;0.0;0.0;0.0;0.13664596273291924;0.13043478260869565;0.14655172413793102;0.1522633744855967;0.015873015873015872;0.041666666666666664;0.10666666666666667;0.16666666666666666;0.03125;0.0;0.11538461538461538;0.125;0.09090909090909091;0.0;0.17543859649122806;0.05;0.2;0.05405405405405406;0.08163265306122448;0.07017543859649122;0.1276595744680851;0.046875;0.18691588785046728;0.24242424242424243;0.03225806451612903;0.0;0.10476190476190478;0.12307692307692308;0.048;0.06666666666666667;0.08333333333333333;0.047619047619047616;0.09183673469387754;0.15217391304347827;0.05555555555555555;0.10638297872340426;0.11666666666666667;0.12195121951219513;0.08294930875576037;0.10526315789473684;0.06666666666666667;0.04;0.16300940438871475;0.13392857142857142;0.08;0.05263157894736842;0.125;0.1388888888888889;0.12935323383084577;0.07692307692307693;0.09836065573770492;0.2702702702702703;0.17391304347826086;0.0
0.0;1.0;0.0;1.0;1.0;1.0;1.0;0.2777777777777778;1.0;0.6000000000000001;0.21212121212121213;0.15384615384615385;0.07692307692307693;0.0;0.0;0.0;0.0;0.0;0.0;0.0;0.30973451327433627;0.02631578947368421;0.29166666666666663;0.39779005524861877;0.09090909090909091;0.03125;0.0;0.0;0.21739130434782608;0.07142857142857142;0.3291925465838509;0.21739130434782608;0.09913793103448276;0.28395061728395066;0.36507936507936506;0.0;0.32;0.0;0.09375;0.2;0.2692307692307692;0.11363636363636365;0.09090909090909091;0.0;0.15789473684210525;0.025;0.08571428571428572;0.2072072072072072;0.6530612244897959;0.10526315789473684;0.0;0.046875;0.08411214953271028;0.18181818181818182;0.23655913978494625;0.4;0.10476190476190478;0.06923076923076923;0.096;0.2;0.16666666666666666;0.047619047619047616;0.21428571428571427;0.32608695652173914;0.027777777777777776;0.326241134751773;0.11666666666666667;0.024390243902439025;0.19815668202764977;0.12631578947368421;0.0;0.08;0.31034482758620685;0.09821428571428571;0.08;0.02631578947368421;0.0;0.09259259259259259;0.24875621890547261;0.0;0.03278688524590164;0.35135135135135137;0.2739130434782609;0.0136986301369863
1.0;0.0;0.0;1.0;0.0;0.0;0.0;0.2222222222222222;1.0;0.6000000000000001;0.36363636363636365;0.3076923076923077;0.15811965811965814;0.0;0.0;0.0;0.0;0.0;0.0;0.0;0.35398230088495575;0.3684210526315789;0.41666666666666663;0.43646408839779005;0.33333333333333337;0.1875;0.0;0.030303030303030304;0.34782608695652173;0.21428571428571427;0.21118012422360247;0.21739130434782608;0.5991379310344828;0.16460905349794241;0.047619047619047616;0.125;0.12000000000000001;0.5;0.21875;0.0;0.3717948717948718;0.6136363636363636;0.36363636363636365;0.5;0.22807017543859648;0.15000000000000002;0.4571428571428572;0.22972972972972971;0.26530612244897955;0.2982456140350877;0.24468085106382978;0.421875;0.5233644859813084;0.24242424242424243;0.10215053763440861;0.1;0.3238095238095238;0.4076923076923077;0.016;0.13333333333333333;0.16666666666666666;0.47619047619047616;0.520408163265306;0.34782608695652173;0.38888888888888884;0.43262411347517726;0.3;0.0894308943089431;0.3271889400921659;0.4842105263157895;0.3333333333333333;0.04;0.3573667711598746;0.5267857142857143;0.16;0.15789473684210525;0.125;0.8055555555555555;0.22388059701492538;0.46153846153846156;0.45901639344262296;0.8918918918918919;0.40869565217391307;0.0273972602739726
1.0;0.0;0.0;1.0;0.0;0.0;0.0;0.19444444444444448;1.0;0.6000000000000001;0.06060606060606061;0.15384615384615385;0.36752136752136755;1.0;0.0;1.0;1.0;1.0;0.0;0.0;0.20353982300884954;0.23684210526315788;0.10416666666666666;0.2044198895027624;0.2727272727272727;0.375;0.2857142857142857;0.15151515151515152;0.17391304347826086;0.2857142857142857;0.18012422360248445;0.17391304347826086;0.40086206896551724;0.09876543209876544;0.09523809523809523;0.375;0.060000000000000005;0.16666666666666666;0.40625;0.4;0.1794871794871795;0.25;0.18181818181818182;0.5;0.3333333333333333;0.30000000000000004;0.36190476190476195;0.09009009009009009;0.14285714285714285;0.21052631578947367;0.22340425531914893;0.34375;0.3364485981308411;0.030303030303030304;0.05913978494623656;0.13333333333333333;0.3333333333333333;0.2846153846153846;0.128;0.2;0.3333333333333333;0.2857142857142857;0.336734693877551;0.17391304347826086;0.3333333333333333;0.17730496453900707;0.25;0.10569105691056911;0.15207373271889402;0.14736842105263157;0.13333333333333333;0.04;0.2225705329153605;0.3571428571428571;0.22;0.39473684210526316;0.4375;0.3055555555555555;0.21144278606965175;0.2923076923076923;0.2540983606557377;0.3648648648648649;0.24347826086956523;0.1095890410958904
0.0;0.0;0.0;1.0;1.0;1.0;1.0;0.4166666666666667;0.0;0.0;0.06060606060606061;0.23076923076923078;0.1837606837606838;1.0;0.0;0.0;0.0;0.0;0.0;0.0;0.30973451327433627;0.10526315789473684;0.14583333333333331;0.4419889502762431;0.12121212121212122;0.125;0.0;0.0;0.08695652173913043;0.21428571428571427;0.3105590062111801;0.34782608695652173;0.2629310344827586;0.2263374485596708;0.20634920634920634;0.16666666666666666;0.26666666666666666;0.0;0.125;0.0;0.3974358974358974;0.11363636363636365;0.0;0.0;0.19298245614035087;0.1;0.17142857142857143;0.21621621621621623;0.24489795918367346;0.15789473684210525;0.10638297872340426;0.109375;0.23364485981308408;0.2272727272727273;0.15053763440860216;0.4;0.1619047619047619;0.16923076923076924;0.048;0.06666666666666667;0.08333333333333333;0.14285714285714285;0.29591836734693877;0.2826086956521739;0.1388888888888889;0.3191489361702127;0.13333333333333333;0.032520325203252036;0.271889400921659;0.042105263157894736;0.13333333333333333;0.08;0.3072100313479624;0.20535714285714285;0.14;0.02631578947368421;0.0;0.2777777777777778;0.23383084577114427;0.09230769230769231;0.14754098360655737;0.5270270270270271;0.3478260869565218;0.0
0.0;0.0;1.0;1.0;1.0;1.0;1.0;0.3611111111111111;1.0;0.4;0.030303030303030304;0.07692307692307693;0.09401709401709404;0.0;1.0;0.0;0.0;0.0;0.0;1.0;0.1592920353982301;0.21052631578947367;0.16666666666666666;0.3867403314917127;0.2272727272727273;0.1875;0.2857142857142857;0.0;0.13043478260869565;0.07142857142857142;0.23602484472049687;0.08695652173913043;0.41379310344827586;0.18930041152263377;0.07936507936507936;0.08333333333333333;0.22;0.16666666666666666;0.25;0.0;0.28846153846153844;0.23863636363636365;0.36363636363636365;0.0;0.2807017543859649;0.125;0.2380952380952381;0.19369369369369369;0.26530612244897955;0.43859649122807015;0.1595744680851064;0.0625;0.29906542056074764;0.2272727272727273;0.16666666666666669;0.13333333333333333;0.3238095238095238;0.2;0.07200000000000001;0.0;0.16666666666666666;0.19047619047619047;0.3061224489795918;0.2717391304347826;0.3611111111111111;0.36170212765957444;0.18333333333333332;0.04878048780487805;0.271889400921659;0.17894736842105263;0.13333333333333333;0.2;0.29780564263322884;0.36607142857142855;0.2;0.13157894736842105;0.0625;0.41666666666666663;0.24129353233830847;0.18461538461538463;0.22950819672131148;0.7027027027027027;0.3130434782608696;0.0
0.0;1.0;0.0;0.0;1.0;0.0;0.0;0.08333333333333333;1.0;0.2;0.09090909090909091;0.07692307692307693;0.004273504273504279;0.0;0.0;0.0;0.0;0.0;0.0;0.0;0.1327433628318584;0.07894736842105263;0.14583333333333331;0.1270718232044199;0.13636363636363635;0.15625;0.14285714285714285;0.0;0.17391304347826086;0.0;0.13043478260869565;0.08695652173913043;0.22413793103448276;0.06584362139917696;0.015873015873015872;0.041666666666666664;0.08666666666666667;0.0;0.125;0.2;0.15384615384615385;0.07954545454545454;0.0;0.0;0.10526315789473684;0.15000000000000002;0.1904761904761905;0.04504504504504504;0.14285714285714285;0.19298245614035087;0.1276595744680851;0.109375;0.19626168224299065;0.06060606060606061;0.043010752688172046;0.1;0.14285714285714288;0.13076923076923078;0.064;0.13333333333333333;0.08333333333333333;0.23809523809523808;0.2346938775510204;0.06521739130434782;0.3055555555555555;0.14184397163120566;0.13333333333333333;0.0813008130081301;0.041474654377880185;0.11578947368421053;0.06666666666666667;0.0;0.13166144200626959;0.19642857142857142;0.08;0.07894736842105263;0.125;0.28703703703703703;0.08208955223880597;0.1076923076923077;0.11475409836065574;0.35135135135135137;0.14782608695652175;0.0
0.0;0.0;0.0;0.0;0.0;0.0;0.0;0.055555555555555566;0.0;0.0;0.0;0.07692307692307693;0.04273504273504274;0.0;1.0;0.0;0.0;0.0;0.0;1.0;0.05309734513274336;0.15789473684210525;0.0625;0.08287292817679558;0.10606060606060606;0.1875;0.0;0.09090909090909091;0.13043478260869565;0.0;0.049689440993788817;0.043478260869565216;0.16810344827586207;0.04938271604938272;0.015873015873015872;0.0;0.08666666666666667;0.0;0.125;0.2;0.12179487179487179;0.06818181818181818;0.09090909090909091;0.0;0.15789473684210525;0.05;0.1142857142857143;0.07657657657657657;0.02040816326530612;0.08771929824561403;0.05319148936170213;0.046875;0.11214953271028036;0.07575757575757576;0.048387096774193554;0.0;0.09523809523809526;0.09230769230769231;0.056;0.0;0.0;0.0;0.16326530612244897;0.08695652173913043;0.1388888888888889;0.1276595744680851;0.08333333333333333;0.05691056910569106;0.08755760368663594;0.031578947368421054;0.26666666666666666;0.0;0.07836990595611285;0.1607142857142857;0.16;0.10526315789473684;0.0625;0.2685185185185185;0.04477611940298507;0.015384615384615385;0.04918032786885246;0.06756756756756757;0.06956521739130435;0.1232876712328767
0.0;0.0;0.0;0.0;0.0;1.0;0.0;0.08333333333333333;0.0;0.0;0.030303030303030304;0.0;0.008547008547008551;0.0;1.0;0.0;0.0;0.0;0.0;1.0;0.09734513274336283;0.02631578947368421;0.0625;0.10497237569060773;0.19696969696969696;0.0;0.07142857142857142;0.0;0.13043478260869565;0.07142857142857142;0.13043478260869565;0.0;0.16810344827586207;0.08230452674897121;0.0;0.0;0.09333333333333334;0.0;0.125;0.0;0.1282051282051282;0.11363636363636365;0.09090909090909091;0.0;0.05263157894736842;0.025;0.1142857142857143;0.0990990990990991;0.1020408163265306;0.08771929824561403;0.031914893617021274;0.046875;0.07476635514018691;0.13636363636363635;0.09677419354838711;0.06666666666666667;0.1142857142857143;0.06923076923076923;0.032;0.0;0.0;0.0;0.17346938775510204;0.09782608695652173;0.027777777777777776;0.13475177304964536;0.11666666666666667;0.06504065040650407;0.12903225806451613;0.05263157894736842;0.06666666666666667;0.04;0.11912225705329153;0.15178571428571427;0.06;0.05263157894736842;0.0;0.12037037037037036;0.10199004975124377;0.015384615384615385;0.07377049180327869;0.1891891891891892;0.10869565217391304;0.0273972602739726
0.0;0.0;1.0;1.0;1.0;1.0;1.0;0.3611111111111111;1.0;0.2;0.030303030303030304;0.15384615384615385;0.07264957264957267;0.0;1.0;0.0;0.0;0.0;0.0;1.0;0.19469026548672566;0.21052631578947367;0.041666666666666664;0.35359116022099446;0.21212121212121213;0.09375;0.07142857142857142;0.0;0.13043478260869565;0.07142857142857142;0.08074534161490683;0.08695652173913043;0.2543103448275862;0.1358024691358025;0.09523809523809523;0.125;0.09333333333333334;0.0;0.1875;0.0;0.17307692307692307;0.2727272727272727;0.09090909090909091;0.5;0.15789473684210525;0.05;0.21904761904761907;0.12162162162162161;0.24489795918367346;0.19298245614035087;0.1276595744680851;0.15625;0.2616822429906542;0.10606060606060606;0.08064516129032259;0.1;0.1523809523809524;0.2153846153846154;0.016;0.13333333333333333;0.0;0.09523809523809523;0.3061224489795918;0.13043478260869565;0.25;0.24113475177304963;0.15;0.04878048780487805;0.2534562211981567;0.15789473684210525;0.0;0.0;0.219435736677116;0.16964285714285712;0.16;0.10526315789473684;0.0625;0.23148148148148145;0.1691542288557214;0.16923076923076924;0.2540983606557377;0.20270270270270271;0.2695652173913044;0.0
0.0;0.0;0.0;0.0;0.0;0.0;0.0;0.08333333333333333;1.0;0.6000000000000001;0.06060606060606061;0.07692307692307693;0.04273504273504274;1.0;0.0;0.0;1.0;0.0;0.0;0.0;0.08849557522123894;0.10526315789473684;0.125;0.1270718232044199;0.06060606060606061;0.0;0.07142857142857142;0.09090909090909091;0.08695652173913043;0.0;0.043478260869565216;0.0;0.11637931034482758;0.05761316872427984;0.047619047619047616;0.041666666666666664;0.0;0.0;0.03125;0.0;0.0641025641025641;0.09090909090909091;0.0;0.0;0.05263157894736842;0.025;0.06666666666666668;0.03153153153153153;0.1020408163265306;0.10526315789473684;0.02127659574468085;0.09375;0.037383177570093455;0.07575757575757576;0.043010752688172046;0.03333333333333333;0.057142857142857155;0.09230769230769231;0.016;0.2;0.08333333333333333;0.19047619047619047;0.13265306122448978;0.06521739130434782;0.08333333333333333;0.07801418439716312;0.11666666666666667;0.07317073170731708;0.12442396313364056;0.031578947368421054;0.0;0.0;0.10658307210031347;0.05357142857142857;0.06;0.05263157894736842;0.0625;0.16666666666666666;0.05223880597014925;0.1076923076923077;0.10655737704918034;0.12162162162162163;0.11304347826086956;0.0
0.0;1.0;0.0;0.0;1.0;0.0;0.0;0.1388888888888889;1.0;0.2;0.030303030303030304;0.07692307692307693;0.047008547008547015;0.0;1.0;0.0;0.0;0.0;1.0;1.0;0.035398230088495575;0.0;0.041666666666666664;0.04419889502762431;0.015151515151515152;0.0;0.0;0.030303030303030304;0.0;0.0;0.024844720496894408;0.08695652173913043;0.07327586206896551;0.01234567901234568;0.031746031746031744;0.041666666666666664;0.02;0.0;0.0;0.0;0.03205128205128205;0.045454545454545456;0.09090909090909091;0.0;0.03508771929824561;0.025;0.04761904761904762;0.009009009009009009;0.04081632653061224;0.05263157894736842;0.02127659574468085;0.0625;0.02803738317757009;0.030303030303030304;0.010752688172043012;0.06666666666666667;0.0380952380952381;0.046153846153846156;0.024;0.06666666666666667;0.08333333333333333;0.047619047619047616;0.0510204081632653;0.043478260869565216;0.0;0.07801418439716312;0.05;0.008130081300813009;0.027649769585253454;0.031578947368421054;0.0;0.0;0.04702194357366771;0.04464285714285714;0.02;0.02631578947368421;0.0;0.009259259259259259;0.03980099502487562;0.046153846153846156;0.03278688524590164;0.0;0.05652173913043478;0.0
0.0;1.0;1.0;1.0;0.0;0.0;0.0;0.3333333333333333;1.0;0.2;0.12121212121212122;0.07692307692307693;0.09401709401709404;1.0;0.0;0.0;0.0;0.0;0.0;0.0;0.3008849557522124;0.05263157894736842;0.020833333333333332;0.22099447513812154;0.13636363636363635;0.03125;0.0;0.0;0.08695652173913043;0.07142857142857142;0.19254658385093165;0.17391304347826086;0.12068965517241378;0.18930041152263377;0.1111111111111111;0.0;0.2;0.0;0.03125;0.0;0.1987179487179487;0.09090909090909091;0.0;0.0;0.03508771929824561;0.0;0.12380952380952381;0.1036036036036036;0.3469387755102041;0.05263157894736842;0.031914893617021274;0.03125;0.14018691588785046;0.09090909090909091;0.06989247311827958;0.16666666666666666;0.13333333333333336;0.09230769230769231;0.008;0.06666666666666667;0.25;0.09523809523809523;0.0510204081632653;0.2934782608695652;0.027777777777777776;0.19148936170212766;0.03333333333333333;0.04878048780487805;0.14746543778801843;0.010526315789473684;0.0;0.04;0.16614420062695925;0.17857142857142855;0.14;0.05263157894736842;0.0;0.05555555555555555;0.17412935323383083;0.046153846153846156;0.07377049180327869;0.17567567567567569;0.1826086956521739;0.0
0.0;1.0;1.0;1.0;1.0;0.0;0.0;0.3611111111111111;1.0;0.6000000000000001;0.30303030303030304;0.23076923076923078;0.0982905982905983;0.0;0.0;0.0;0.0;0.0;0.0;0.0;0.3805309734513274;0.15789473684210525;0.0625;0.2983425414364641;0.2272727272727273;0.15625;0.0;0.0;0.043478260869565216;0.07142857142857142;0.2857142857142857;0.13043478260869565;0.2974137931034483;0.24279835390946505;0.14285714285714285;0.041666666666666664;0.22;0.0;0.09375;0.0;0.3141025641025641;0.1590909090909091;0.0;0.0;0.12280701754385964;0.35000000000000003;0.3238095238095238;0.11711711711711711;0.22448979591836732;0.10526315789473684;0.2127659574468085;0.203125;0.4579439252336448;0.13636363636363635;0.12365591397849464;0.13333333333333333;0.21904761904761907;0.26153846153846155;0.096;0.13333333333333333;0.0;0.14285714285714285;0.24489795918367346;0.358695652173913;0.027777777777777776;0.326241134751773;0.26666666666666666;0.20325203252032523;0.14746543778801843;0.021052631578947368;0.0;0.04;0.2852664576802508;0.29464285714285715;0.24;0.10526315789473684;0.0625;0.14814814814814814;0.2885572139303483;0.015384615384615385;0.13114754098360656;0.21621621621621623;0.30000000000000004;0.0136986301369863
0.0;1.0;1.0;1.0;0.0;0.0;0.0;0.3888888888888889;1.0;0.4;0.06060606060606061;0.15384615384615385;0.3888888888888889;1.0;1.0;0.0;1.0;0.0;0.0;1.0;0.3893805309734513;0.10526315789473684;0.0;0.27071823204419887;0.3787878787878788;0.34375;0.5;0.12121212121212122;0.08695652173913043;0.07142857142857142;0.24844720496894407;0.34782608695652173;0.3577586206896552;0.2592592592592593;0.09523809523809523;0.041666666666666664;0.23333333333333334;0.0;0.25;0.2;0.34615384615384615;0.14772727272727273;0.2727272727272727;1.0;0.40350877192982454;0.225;0.40952380952380957;0.12612612612612611;0.1020408163265306;0.3157894736842105;0.22340425531914893;0.171875;0.5046728971962616;0.25757575757575757;0.06989247311827958;0.03333333333333333;0.29523809523809524;0.23846153846153847;0.136;0.13333333333333333;0.3333333333333333;0.3333333333333333;0.3877551020408163;0.358695652173913;0.1388888888888889;0.276595744680851;0.26666666666666666;0.40650406504065045;0.12903225806451613;0.05263157894736842;0.2;0.04;0.2445141065830721;0.4821428571428571;0.38;0.3157894736842105;0.375;0.42592592592592593;0.2512437810945274;0.23076923076923078;0.20491803278688525;0.31081081081081086;0.3739130434782609;0.0
0.0;1.0;1.0;1.0;1.0;0.0;1.0;0.2777777777777778;1.0;0.2;0.09090909090909091;0.0;0.08119658119658121;1.0;0.0;0.0;1.0;0.0;0.0;0.0;0.2831858407079646;0.13157894736842105;0.041666666666666664;0.2596685082872928;0.15151515151515152;0.0;0.14285714285714285;0.0;0.043478260869565216;0.0;0.21739130434782608;0.08695652173913043;0.14655172413793102;0.23456790123456792;0.09523809523809523;0.0;0.18000000000000002;0.0;0.0625;0.0;0.26282051282051283;0.11363636363636365;0.09090909090909091;0.0;0.017543859649122806;0.07500000000000001;0.18095238095238098;0.15315315315315314;0.12244897959183673;0.03508771929824561;0.09574468085106383;0.0625;0.29906542056074764;0.19696969696969696;0.0913978494623656;0.03333333333333333;0.1142857142857143;0.16923076923076924;0.056;0.06666666666666667;0.0;0.09523809523809523;0.11224489795918366;0.32608695652173914;0.0;0.18439716312056736;0.13333333333333333;0.0975609756097561;0.12442396313364056;0.042105263157894736;0.0;0.0;0.2006269592476489;0.23214285714285712;0.12;0.05263157894736842;0.0;0.14814814814814814;0.1890547263681592;0.046153846153846156;0.13114754098360656;0.20270270270270271;0.2782608695652174;0.0
0.0;1.0;1.0;1.0;1.0;0.0;1.0;0.49999999999999994;1.0;0.6000000000000001;0.12121212121212122;0.0;0.27350427350427353;1.0;1.0;1.0;1.0;1.0;1.0;1.0;0.21238938053097345;0.21052631578947367;0.08333333333333333;0.2596685082872928;0.12121212121212122;0.1875;0.2857142857142857;0.030303030303030304;0.043478260869565216;0.21428571428571427;0.14285714285714285;0.08695652173913043;0.2974137931034483;0.06995884773662552;0.06349206349206349;0.041666666666666664;0.06666666666666667;0.0;0.125;0.0;0.1923076923076923;0.13636363636363635;0.0;0.0;0.2807017543859649;0.05;0.21904761904761907;0.04054054054054054;0.12244897959183673;0.21052631578947367;0.10638297872340426;0.078125;0.2616822429906542;0.16666666666666669;0.043010752688172046;0.06666666666666667;0.18095238095238098;0.2;0.048;0.13333333333333333;0.16666666666666666;0.2857142857142857;0.22448979591836732;0.11956521739130435;0.2222222222222222;0.1631205673758865;0.3333333333333333;0.10569105691056911;0.19815668202764977;0.10526315789473684;0.06666666666666667;0.08;0.20376175548589343;0.15178571428571427;0.14;0.05263157894736842;0.25;0.2037037037037037;0.15671641791044777;0.23076923076923078;0.18852459016393444;0.28378378378378377;0.21739130434782608;0.0
0.0;0.0;0.0;0.0;0.0;0.0;0.0;0.2222222222222222;0.0;0.0;0.0;0.07692307692307693;0.10256410256410259;1.0;1.0;0.0;1.0;0.0;0.0;1.0;0.23893805309734512;0.15789473684210525;0.125;0.287292817679558;0.13636363636363635;0.0625;0.07142857142857142;0.030303030303030304;0.17391304347826086;0.07142857142857142;0.13043478260869565;0.17391304347826086;0.16810344827586207;0.17283950617283952;0.1746031746031746;0.0;0.11333333333333334;0.0;0.125;0.2;0.1858974358974359;0.10227272727272728;0.36363636363636365;0.0;0.19298245614035087;0.025;0.1523809523809524;0.16216216216216217;0.1020408163265306;0.10526315789473684;0.05319148936170213;0.09375;0.17757009345794392;0.13636363636363635;0.07526881720430108;0.03333333333333333;0.13333333333333336;0.13846153846153847;0.04;0.13333333333333333;0.16666666666666666;0.19047619047619047;0.1020408163265306;0.19565217391304346;0.08333333333333333;0.18439716312056736;0.16666666666666666;0.10569105691056911;0.2304147465437788;0.07368421052631578;0.0;0.0;0.21630094043887146;0.16964285714285712;0.06;0.07894736842105263;0.125;0.12037037037037036;0.18407960199004975;0.015384615384615385;0.07377049180327869;0.2702702702702703;0.20434782608695654;0.0136986301369863
0.0;1.0;0.0;1.0;1.0;1.0;0.0;0.25;1.0;0.4;0.42424242424242425;0.3076923076923077;0.0854700854700855;0.0;0.0;0.0;0.0;0.0;0.0;0.0;0.2831858407079646;0.02631578947368421;0.25;0.35359116022099446;0.09090909090909091;0.0;0.0;0.0;0.0;0.07142857142857142;0.2795031055900621;0.17391304347826086;0.1853448275862069;0.1851851851851852;0.14285714285714285;0.041666666666666664;0.17333333333333334;0.0;0.03125;0.0;0.2564102564102564;0.17045454545454547;0.09090909090909091;0.0;0.10526315789473684;0.05;0.17142857142857143;0.15765765765765766;0.22448979591836732;0.03508771929824561;0.0851063829787234;0.046875;0.27102803738317754;0.13636363636363635;0.14516129032258066;0.1;0.08571428571428572;0.1076923076923077;0.0;0.0;0.0;0.14285714285714285;0.16326530612244897;0.2717391304347826;0.0;0.3191489361702127;0.06666666666666667;0.024390243902439025;0.22119815668202764;0.021052631578947368;0.06666666666666667;0.04;0.2507836990595611;0.11607142857142856;0.06;0.13157894736842105;0.0;0.07407407407407407;0.208955223880597;0.06153846153846154;0.07377049180327869;0.5675675675675675;0.21304347826086956;0.0
0.0;0.0;1.0;1.0;0.0;0.0;0.0;0.16666666666666669;1.0;0.4;0.09090909090909091;0.15384615384615385;0.08974358974358976;0.0;1.0;0.0;0.0;0.0;0.0;1.0;0.1415929203539823;0.07894736842105263;0.6458333333333333;0.19889502762430938;0.030303030303030304;0.0;0.07142857142857142;0.0;0.043478260869565216;0.07142857142857142;0.14285714285714285;0.13043478260869565;0.22844827586206895;0.09876543209876544;0.031746031746031744;0.0;0.12666666666666668;0.0;0.09375;0.0;0.17307692307692307;0.09090909090909091;0.0;0.0;0.10526315789473684;0.17500000000000002;0.2;0.06756756756756757;0.061224489795918366;0.12280701754385964;0.1595744680851064;0.234375;0.24299065420560745;0.030303030303030304;0.043010752688172046;0.03333333333333333;0.10476190476190478;0.23846153846153847;0.024;0.0;0.0;0.14285714285714285;0.21428571428571427;0.16304347826086957;0.1388888888888889;0.15602836879432622;0.06666666666666667;0.008130081300813009;0.17511520737327188;0.021052631578947368;0.13333333333333333;0.04;0.1943573667711599;0.14285714285714285;0.0;0.05263157894736842;0.0;0.06481481481481481;0.16666666666666666;0.046153846153846156;0.11475409836065574;0.21621621621621623;0.21304347826086956;0.0273972602739726
0.0;0.0;0.0;0.0;1.0;0.0;0.0;0.11111111111111109;1.0;0.2;0.06060606060606061;0.07692307692307693;0.11538461538461539;0.0;1.0;1.0;0.0;1.0;1.0;0.0;0.04424778761061947;0.02631578947368421;0.0;0.14917127071823205;0.10606060606060606;0.03125;0.0;0.24242424242424243;0.043478260869565216;0.2857142857142857;0.06832298136645962;0.08695652173913043;0.1853448275862069;0.041152263374485604;0.031746031746031744;0.041666666666666664;0.03333333333333333;0.0;0.03125;0.0;0.07051282051282051;0.20454545454545456;0.0;0.0;0.17543859649122806;0.07500000000000001;0.13333333333333336;0.09009009009009009;0.04081632653061224;0.05263157894736842;0.10638297872340426;0.0625;0.12149532710280372;0.030303030303030304;0.03763440860215054;0.06666666666666667;0.14285714285714288;0.13076923076923078;0.08;0.26666666666666666;0.16666666666666666;0.2857142857142857;0.13265306122448978;0.09782608695652173;0.2222222222222222;0.12056737588652482;0.1;0.0894308943089431;0.09216589861751152;0.11578947368421053;0.06666666666666667;0.0;0.11912225705329153;0.08928571428571427;0.12;0.21052631578947367;0.1875;0.17592592592592593;0.07711442786069651;0.12307692307692308;0.04918032786885246;0.06756756756756757;0.13043478260869565;0.0136986301369863
0.0;0.0;1.0;1.0;0.0;0.0;0.0;0.1388888888888889;1.0;0.4;0.15151515151515152;0.3076923076923077;0.06837606837606838;0.0;0.0;0.0;0.0;0.0;0.0;0.0;0.11504424778761062;0.05263157894736842;0.020833333333333332;0.3591160220994475;0.06060606060606061;0.0;0.0;0.0;0.21739130434782608;0.21428571428571427;0.24844720496894407;0.2608695652173913;0.21120689655172414;0.17283950617283952;0.06349206349206349;0.0;0.12000000000000001;0.0;0.03125;0.0;0.22435897435897434;0.14772727272727273;0.0;0.0;0.05263157894736842;0.0;0.13333333333333336;0.11261261261261261;0.5306122448979591;0.21052631578947367;0.0851063829787234;0.046875;0.12149532710280372;0.30303030303030304;0.11827956989247312;0.16666666666666666;0.18095238095238098;0.07692307692307693;0.008;0.06666666666666667;0.08333333333333333;0.09523809523809523;0.25510204081632654;0.21739130434782608;0.05555555555555555;0.3191489361702127;0.08333333333333333;0.008130081300813009;0.17511520737327188;0.031578947368421054;0.0;0.0;0.26018808777429464;0.09821428571428571;0.0;0.05263157894736842;0.0;0.18518518518518517;0.17412935323383083;0.03076923076923077;0.09836065573770492;0.6756756756756757;0.1782608695652174;0.0
1.0;0.0;1.0;1.0;1.0;0.0;0.0;0.3055555555555555;0.0;0.0;0.030303030303030304;0.07692307692307693;0.17521367521367523;0.0;1.0;0.0;0.0;0.0;0.0;1.0;0.1592920353982301;0.2631578947368421;0.10416666666666666;0.2430939226519337;0.2272727272727273;0.21875;0.0;0.030303030303030304;0.13043478260869565;0.07142857142857142;0.15527950310559005;0.2608695652173913;0.3448275862068966;0.11522633744855967;0.1111111111111111;0.20833333333333331;0.17333333333333334;0.0;0.21875;0.0;0.24358974358974358;0.29545454545454547;0.09090909090909091;0.0;0.21052631578947367;0.125;0.2761904761904762;0.14414414414414414;0.16326530612244897;0.14035087719298245;0.1276595744680851;0.15625;0.29906542056074764;0.18181818181818182;0.11827956989247312;0.16666666666666666;0.14285714285714288;0.14615384615384616;0.07200000000000001;0.13333333333333333;0.0;0.14285714285714285;0.25510204081632654;0.15217391304347827;0.1111111111111111;0.3191489361702127;0.13333333333333333;0.1626016260162602;0.15668202764976957;0.2736842105263158;0.2;0.08;0.23197492163009403;0.30357142857142855;0.12;0.13157894736842105;0.0;0.18518518518518517;0.22388059701492538;0.15384615384615385;0.14754098360655737;0.5135135135135136;0.26086956521739135;0.0
0.0;0.0;1.0;1.0;0.0;0.0;0.0;0.16666666666666669;0.0;0.0;0.15151515151515152;0.07692307692307693;0.021367521367521368;0.0;1.0;0.0;0.0;0.0;0.0;1.0;0.25663716814159293;0.10526315789473684;0.041666666666666664;0.2983425414364641;0.0;0.0;0.0;0.030303030303030304;0.13043478260869565;0.0;0.16770186335403725;0.17391304347826086;0.1853448275862069;0.102880658436214;0.1111111111111111;0.0;0.12666666666666668;0.0;0.125;0.0;0.1923076923076923;0.022727272727272728;0.09090909090909091;0.0;0.12280701754385964;0.07500000000000001;0.21904761904761907;0.05405405405405406;0.08163265306122448;0.12280701754385964;0.0851063829787234;0.046875;0.2897196261682243;0.045454545454545456;0.03225806451612903;0.1;0.13333333333333336;0.12307692307692308;0.0;0.0;0.0;0.047619047619047616;0.16326530612244897;0.09782608695652173;0.1388888888888889;0.20567375886524822;0.11666666666666667;0.0894308943089431;0.17972350230414746;0.042105263157894736;0.0;0.08;0.18495297805642633;0.125;0.02;0.05263157894736842;0.0;0.1111111111111111;0.14427860696517414;0.15384615384615385;0.09016393442622951;0.35135135135135137;0.1826086956521739;0.0
1.0;0.0;1.0;1.0;0.0;0.0;0.0;0.08333333333333333;0.0;0.0;0.0;0.0;0.0982905982905983;1.0;0.0;0.0;1.0;0.0;0.0;0.0;0.45132743362831856;0.2631578947368421;0.0625;0.30939226519337015;0.19696969696969696;0.1875;0.21428571428571427;0.15151515151515152;0.17391304347826086;0.14285714285714285;0.2857142857142857;0.13043478260869565;0.3017241379310345;0.20164609053497945;0.14285714285714285;0.041666666666666664;0.12666666666666668;0.0;0.21875;0.8;0.2756410256410256;0.11363636363636365;0.09090909090909091;0.0;0.3684210526315789;0.125;0.36190476190476195;0.10810810810810811;0.061224489795918366;0.22807017543859648;0.19148936170212766;0.125;0.4392523364485981;0.09090909090909091;0.07526881720430108;0.06666666666666667;0.29523809523809524;0.25384615384615383;0.168;0.06666666666666667;0.16666666666666666;0.3333333333333333;0.37755102040816324;0.20652173913043478;0.16666666666666666;0.18439716312056736;0.31666666666666665;0.49593495934959353;0.22119815668202764;0.15789473684210525;0.06666666666666667;0.12;0.2413793103448276;0.3571428571428571;0.2;0.3684210526315789;0.3125;0.37037037037037035;0.2064676616915423;0.24615384615384617;0.36885245901639346;0.1891891891891892;0.20434782608695654;0.2465753424657534
0.0;0.0;0.0;0.0;0.0;0.0;0.0;0.25;1.0;0.6000000000000001;0.0;0.15384615384615385;0.05555555555555556;0.0;0.0;0.0;1.0;0.0;0.0;0.0;0.21238938053097345;0.21052631578947367;0.125;0.1270718232044199;0.19696969696969696;0.09375;0.2857142857142857;0.09090909090909091;0.08695652173913043;0.14285714285714285;0.08074534161490683;0.13043478260869565;0.2974137931034483;0.03703703703703704;0.015873015873015872;0.041666666666666664;0.08666666666666667;0.0;0.03125;0.0;0.1282051282051282;0.17045454545454547;0.0;0.0;0.14035087719298245;0.2;0.29523809523809524;0.04054054054054054;0.04081632653061224;0.14035087719298245;0.20212765957446807;0.1875;0.2803738317757009;0.07575757575757576;0.021505376344086023;0.0;0.1619047619047619;0.25384615384615383;0.016;0.13333333333333333;0.08333333333333333;0.047619047619047616;0.29591836734693877;0.09782608695652173;0.2222222222222222;0.18439716312056736;0.08333333333333333;0.04065040650406505;0.07834101382488479;0.18947368421052632;0.06666666666666667;0.0;0.13166144200626959;0.2232142857142857;0.22;0.05263157894736842;0.0625;0.3055555555555555;0.10199004975124377;0.2923076923076923;0.18852459016393444;0.3918918918918919;0.17391304347826086;0.0
0.0;1.0;0.0;1.0;1.0;0.0;0.0;0.2222222222222222;0.0;0.0;0.0;0.0;0.11111111111111113;0.0;0.0;0.0;0.0;0.0;0.0;0.0;0.07079646017699115;0.02631578947368421;0.041666666666666664;0.30939226519337015;0.13636363636363635;0.0625;0.07142857142857142;0.0;0.17391304347826086;0.14285714285714285;0.15527950310559005;0.0;0.27586206896551724;0.11111111111111112;0.047619047619047616;0.0;0.08;0.0;0.1875;0.0;0.1346153846153846;0.3068181818181818;0.0;0.0;0.12280701754385964;0.05;0.3047619047619048;0.06306306306306306;0.18367346938775508;0.07017543859649122;0.1595744680851064;0.0625;0.35514018691588783;0.13636363636363635;0.05376344086021506;0.16666666666666666;0.09523809523809526;0.16923076923076924;0.0;0.06666666666666667;0.08333333333333333;0.09523809523809523;0.14285714285714285;0.2717391304347826;0.05555555555555555;0.22695035460992907;0.11666666666666667;0.06504065040650407;0.17972350230414746;0.16842105263157894;0.0;0.0;0.21003134796238246;0.1875;0.1;0.05263157894736842;0.0625;0.25;0.15422885572139303;0.07692307692307693;0.07377049180327869;0.4594594594594595;0.22608695652173913;0.0
0.0;1.0;0.0;1.0;1.0;0.0;1.0;0.4166666666666667;1.0;0.4;0.18181818181818182;0.6153846153846154;0.13675213675213677;0.0;0.0;0.0;0.0;0.0;0.0;0.0;0.1327433628318584;0.07894736842105263;0.020833333333333332;0.16574585635359118;0.2272727272727273;0.09375;0.0;0.0;0.043478260869565216;0.14285714285714285;0.11801242236024843;0.043478260869565216;0.2025862068965517;0.1440329218106996;0.031746031746031744;0.0;0.06666666666666667;0.0;0.0625;0.0;0.1794871794871795;0.20454545454545456;0.09090909090909091;0.0;0.05263157894736842;0.0;0.2380952380952381;0.05855855855855856;0.12244897959183673;0.12280701754385964;0.0851063829787234;0.078125;0.17757009345794392;0.16666666666666669;0.07526881720430108;0.03333333333333333;0.14285714285714288;0.14615384615384616;0.008;0.0;0.16666666666666666;0.047619047619047616;0.16326530612244897;0.18478260869565216;0.1388888888888889;0.23404255319148934;0.06666666666666667;0.032520325203252036;0.1382488479262673;0.042105263157894736;0.0;0.08;0.19122257053291536;0.14285714285714285;0.12;0.0;0.0;0.12037037037037036;0.16417910447761194;0.07692307692307693;0.11475409836065574;0.22972972972972974;0.26086956521739135;0.0
0.0;1.0;0.0;1.0;1.0;0.0;1.0;0.3888888888888889;1.0;0.2;0.12121212121212122;0.07692307692307693;0.17948717948717952;0.0;1.0;0.0;0.0;0.0;0.0;1.0;0.36283185840707965;0.2631578947368421;0.041666666666666664;0.2044198895027624;1.0;0.6875;0.6428571428571428;0.15151515151515152;0.21739130434782608;0.07142857142857142;0.20496894409937888;0.13043478260869565;0.646551724137931;0.29629629629629634;0.07936507936507936;0.08333333333333333;0.18000000000000002;0.0;0.6875;0.6000000000000001;0.46794871794871795;0.4431818181818182;0.2727272727272727;0.0;0.5438596491228069;0.45;0.6000000000000001;0.19369369369369369;0.061224489795918366;0.42105263157894735;0.39361702127659576;0.328125;0.5981308411214953;0.36363636363636365;0.11290322580645162;0.03333333333333333;0.5333333333333334;0.42307692307692313;0.176;0.26666666666666666;0.5833333333333333;0.38095238095238093;0.673469387755102;0.32608695652173914;0.3333333333333333;0.47517730496453897;0.3333333333333333;0.1869918699186992;0.3317972350230415;0.23157894736842105;0.26666666666666666;0.0;0.27586206896551724;1.0;0.52;0.7105263157894737;0.1875;0.39814814814814814;0.445273631840796;0.35384615384615387;0.42622950819672134;0.5675675675675675;0.4739130434782609;0.0273972602739726
0.0;1.0;1.0;1.0;1.0;0.0;0.0;0.3333333333333333;0.0;0.0;0.06060606060606061;0.23076923076923078;0.11965811965811968;0.0;0.0;0.0;0.0;0.0;0.0;0.0;0.2920353982300885;0.13157894736842105;0.14583333333333331;0.4198895027624309;0.16666666666666669;0.125;0.0;0.0;0.08695652173913043;0.07142857142857142;0.3416149068322981;0.34782608695652173;0.23706896551724138;0.37448559670781895;0.3333333333333333;0.0;0.30000000000000004;0.16666666666666666;0.28125;0.0;0.42948717948717946;0.19318181818181818;0.0;0.0;0.14035087719298245;0.025;0.17142857142857143;0.26126126126126126;0.673469387755102;0.10526315789473684;0.05319148936170213;0.0;0.22429906542056072;0.42424242424242425;0.24193548387096775;0.4;0.1523809523809524;0.11538461538461539;0.024;0.06666666666666667;0.08333333333333333;0.047619047619047616;0.24489795918367346;0.43478260869565216;0.027777777777777776;0.48226950354609927;0.03333333333333333;0.032520325203252036;0.3225806451612903;0.010526315789473684;0.0;0.0;0.4294670846394984;0.24107142857142855;0.04;0.05263157894736842;0.0;0.06481481481481481;0.38557213930348255;0.12307692307692308;0.06557377049180328;0.8918918918918919;0.3869565217391305;0.0
0.0;0.0;0.0;0.0;0.0;0.0;0.0;0.11111111111111109;1.0;0.4;0.0;0.15384615384615385;0.1452991452991453;0.0;0.0;0.0;0.0;0.0;0.0;0.0;0.5221238938053098;0.15789473684210525;0.14583333333333331;0.4088397790055249;0.5454545454545454;0.46875;0.14285714285714285;0.18181818181818182;0.30434782608695654;0.42857142857142855;0.37888198757763975;0.17391304347826086;0.5301724137931034;0.3045267489711934;0.07936507936507936;0.16666666666666666;0.25333333333333335;1.0;0.75;0.2;0.4807692307692307;0.20454545454545456;0.2727272727272727;0.0;0.38596491228070173;0.2;0.6571428571428573;0.11711711711711711;0.16326530612244897;0.3333333333333333;0.23404255319148937;0.359375;0.5514018691588785;0.24242424242424243;0.09677419354838711;0.2;0.3619047619047619;0.4;0.256;0.5333333333333333;0.41666666666666663;0.38095238095238093;0.49999999999999994;0.2826086956521739;0.2222222222222222;0.375886524822695;0.31666666666666665;0.6260162601626017;0.2764976958525346;0.28421052631578947;0.2;0.16;0.3448275862068965;0.5267857142857143;0.64;0.42105263157894735;0.375;0.45370370370370366;0.3681592039800995;0.2;0.3278688524590164;0.7837837837837838;0.40869565217391307;0.0136986301369863
0.0;0.0;0.0;1.0;0.0;0.0;0.0;0.2222222222222222;0.0;0.0;0.030303030303030304;0.07692307692307693;0.2008547008547009;0.0;1.0;0.0;0.0;0.0;0.0;1.0;0.23008849557522124;0.07894736842105263;0.20833333333333331;0.281767955801105;0.15151515151515152;0.09375;0.0;0.0;0.043478260869565216;0.07142857142857142;0.16149068322981366;0.043478260869565216;0.2974137931034483;0.11111111111111112;0.06349206349206349;0.041666666666666664;0.10666666666666667;0.0;0.21875;0.0;0.1923076923076923;0.18181818181818182;0.18181818181818182;0.5;0.10526315789473684;0.15000000000000002;0.33333333333333337;0.04954954954954955;0.02040816326530612;0.19298245614035087;0.1702127659574468;0.15625;0.29906542056074764;0.10606060606060606;0.03763440860215054;0.06666666666666667;0.1904761904761905;0.2230769230769231;0.096;0.26666666666666666;0.08333333333333333;0.2857142857142857;0.19387755102040816;0.16304347826086957;0.19444444444444442;0.1631205673758865;0.23333333333333334;0.14634146341463417;0.10599078341013825;0.19999999999999998;0.0;0.04;0.21003134796238246;0.20535714285714285;0.18;0.15789473684210525;0.0;0.12962962962962962;0.20149253731343283;0.13846153846153847;0.18032786885245902;0.14864864864864866;0.28695652173913044;0.0
0.0;1.0;1.0;1.0;1.0;0.0;0.0;0.19444444444444448;0.0;0.0;0.06060606060606061;0.15384615384615385;0.12820512820512822;0.0;1.0;0.0;0.0;0.0;0.0;1.0;0.08849557522123894;0.02631578947368421;0.041666666666666664;0.10497237569060773;0.06060606060606061;0.03125;0.0;0.0;0.13043478260869565;0.0;0.06211180124223602;0.0;0.09051724137931035;0.08641975308641976;0.047619047619047616;0.0;0.04;0.0;0.15625;0.0;0.09615384615384615;0.06818181818181818;0.18181818181818182;0.0;0.017543859649122806;0.125;0.12380952380952381;0.06756756756756757;0.1020408163265306;0.017543859649122806;0.07446808510638298;0.0625;0.12149532710280372;0.07575757575757576;0.02688172043010753;0.1;0.0761904761904762;0.1076923076923077;0.0;0.0;0.08333333333333333;0.09523809523809523;0.1020408163265306;0.06521739130434782;0.16666666666666666;0.0851063829787234;0.03333333333333333;0.016260162601626018;0.1152073732718894;0.031578947368421054;0.0;0.08;0.07836990595611285;0.1607142857142857;0.02;0.0;0.0;0.018518518518518517;0.0945273631840796;0.046153846153846156;0.0819672131147541;0.16216216216216217;0.1;0.0
0.0;0.0;1.0;1.0;1.0;0.0;0.0;0.3333333333333333;1.0;0.4;0.0;0.07692307692307693;0.13675213675213677;0.0;0.0;0.0;0.0;0.0;0.0;0.0;0.19469026548672566;0.3157894736842105;0.1875;0.43646408839779005;0.18181818181818182;0.0625;0.0;0.0;0.21739130434782608;0.21428571428571427;0.2670807453416149;0.21739130434782608;0.375;0.21810699588477367;0.14285714285714285;0.041666666666666664;0.19333333333333336;0.0;0.0625;0.0;0.2948717948717949;0.2840909090909091;0.09090909090909091;0.0;0.14035087719298245;0.125;0.21904761904761907;0.1981981981981982;0.4693877551020408;0.24561403508771928;0.18085106382978722;0.171875;0.2523364485981308;0.2878787878787879;0.15591397849462366;0.16666666666666666;0.2761904761904762;0.23846153846153847;0.048;0.26666666666666666;0.3333333333333333;0.23809523809523808;0.22448979591836732;0.3695652173913043;0.2222222222222222;0.2695035460992908;0.35;0.0975609756097561;0.3778801843317972;0.14736842105263157;0.06666666666666667;0.04;0.38244514106583066;0.19642857142857142;0.08;0.02631578947368421;0.0;0.37037037037037035;0.25870646766169153;0.18461538461538463;0.3442622950819672;0.3918918918918919;0.3130434782608696;0.0
1.0;0.0;1.0;1.0;1.0;0.0;0.0;0.3333333333333333;0.0;0.0;0.030303030303030304;0.07692307692307693;0.16666666666666669;1.0;1.0;1.0;1.0;0.0;1.0;1.0;0.061946902654867256;0.07894736842105263;0.020833333333333332;0.11602209944751381;0.15151515151515152;0.21875;0.07142857142857142;0.06060606060606061;0.34782608695652173;0.3571428571428571;0.09937888198757763;0.0;0.23706896551724138;0.03292181069958848;0.0;0.041666666666666664;0.02666666666666667;0.0;0.09375;0.2;0.08974358974358974;0.17045454545454547;0.18181818181818182;0.0;0.22807017543859648;0.1;0.2571428571428572;0.036036036036036036;0.04081632653061224;0.10526315789473684;0.13829787234042554;0.25;0.1308411214953271;0.045454545454545456;0.021505376344086023;0.0;0.1619047619047619;0.19230769230769232;0.024;0.0;0.0;0.42857142857142855;0.25510204081632654;0.03260869565217391;0.3333333333333333;0.0851063829787234;0.15;0.0894308943089431;0.06912442396313365;0.22105263157894736;0.0;0.04;0.10971786833855798;0.20535714285714285;0.08;0.21052631578947367;0.0625;0.17592592592592593;0.09701492537313433;0.35384615384615387;0.2377049180327869;0.1891891891891892;0.14347826086956522;0.0
0.0;1.0;0.0;0.0;0.0;0.0;0.0;0.3611111111111111;1.0;0.4;0.12121212121212122;0.15384615384615385;0.15384615384615388;0.0;1.0;0.0;0.0;0.0;1.0;1.0;0.11504424778761062;0.02631578947368421;0.10416666666666666;0.13812154696132595;0.15151515151515152;0.09375;0.07142857142857142;0.0;0.043478260869565216;0.14285714285714285;0.09316770186335403;0.13043478260869565;0.16379310344827586;0.09053497942386832;0.015873015873015872;0.041666666666666664;0.06666666666666667;0.0;0.03125;0.0;0.16025641025641024;0.09090909090909091;0.0;0.0;0.10526315789473684;0.025;0.17142857142857143;0.09009009009009009;0.061224489795918366;0.10526315789473684;0.031914893617021274;0.078125;0.1308411214953271;0.09090909090909091;0.048387096774193554;0.03333333333333333;0.1523809523809524;0.1;0.0;0.0;0.0;0.047619047619047616;0.12244897959183673;0.10869565217391304;0.027777777777777776;0.14893617021276595;0.15;0.05691056910569106;0.12903225806451613;0.07368421052631578;0.06666666666666667;0.08;0.10031347962382445;0.17857142857142855;0.16;0.02631578947368421;0.0;0.1111111111111111;0.10945273631840796;0.13846153846153847;0.1639344262295082;0.24324324324324326;0.13478260869565217;0.0
0.0;0.0;0.0;1.0;0.0;0.0;1.0;0.19444444444444448;1.0;0.6000000000000001;0.09090909090909091;0.6153846153846154;0.10683760683760685;0.0;0.0;0.0;0.0;0.0;0.0;0.0;0.17699115044247787;0.07894736842105263;0.2708333333333333;0.2044198895027624;0.12121212121212122;0.0625;0.0;0.0;0.043478260869565216;0.07142857142857142;0.14906832298136646;0.2608695652173913;0.15517241379310345;0.11111111111111112;0.12698412698412698;0.0;0.12666666666666668;0.0;0.0;0.0;0.1346153846153846;0.05681818181818182;0.0;0.0;0.03508771929824561;0.025;0.08571428571428572;0.13063063063063063;0.2040816326530612;0.08771929824561403;0.02127659574468085;0.046875;0.1308411214953271;0.09090909090909091;0.0913978494623656;0.06666666666666667;0.0761904761904762;0.08461538461538462;0.016;0.06666666666666667;0.08333333333333333;0.09523809523809523;0.09183673469387754;0.25;0.027777777777777776;0.19148936170212766;0.06666666666666667;0.024390243902439025;0.17050691244239632;0.06315789473684211;0.13333333333333333;0.04;0.16300940438871475;0.11607142857142856;0.1;0.05263157894736842;0.0;0.09259259259259259;0.13930348258706468;0.07692307692307693;0.0819672131147541;0.20270270270270271;0.16956521739130434;0.0821917808219178
0.0;1.0;0.0;1.0;1.0;1.0;0.0;0.3333333333333333;1.0;0.2;0.09090909090909091;0.0;0.1324786324786325;0.0;0.0;0.0;0.0;0.0;0.0;0.0;0.2920353982300885;0.3157894736842105;0.14583333333333331;0.281767955801105;0.6060606060606061;0.625;0.5;0.06060606060606061;0.2608695652173913;0.2857142857142857;0.24223602484472048;0.2608695652173913;0.6594827586206896;0.11934156378600824;0.06349206349206349;0.375;0.15333333333333335;0.16666666666666666;0.15625;0.2;0.30128205128205127;0.5227272727272727;0.2727272727272727;0.0;0.3508771929824561;0.7250000000000001;0.5714285714285715;0.06756756756756757;0.2857142857142857;0.38596491228070173;0.6170212765957447;0.53125;0.5887850467289719;0.09090909090909091;0.016129032258064516;0.1;0.44761904761904764;0.5461538461538462;0.088;0.26666666666666666;0.41666666666666663;0.38095238095238093;0.8163265306122448;0.20652173913043478;0.3611111111111111;0.2907801418439716;0.55;0.15447154471544716;0.11059907834101382;0.6105263157894737;0.06666666666666667;0.08;0.26645768025078365;0.6875;0.46;0.18421052631578946;0.4375;0.7407407407407407;0.2512437810945274;0.4307692307692308;0.5655737704918034;0.5675675675675675;0.5304347826086957;0.0
0.0;0.0;1.0;1.0;1.0;0.0;0.0;0.1388888888888889;1.0;0.4;0.15151515151515152;0.15384615384615385;0.029914529914529912;0.0;0.0;0.0;0.0;0.0;0.0;0.0;0.061946902654867256;0.0;0.041666666666666664;0.13812154696132595;0.045454545454545456;0.0;0.0;0.0;0.043478260869565216;0.07142857142857142;0.09937888198757763;0.0;0.09051724137931035;0.09053497942386832;0.015873015873015872;0.0;0.05333333333333334;0.0;0.0625;0.0;0.07692307692307693;0.022727272727272728;0.09090909090909091;0.0;0.017543859649122806;0.0;0.0761904761904762;0.06756756756756757;0.02040816326530612;0.07017543859649122;0.0425531914893617;0.0;0.11214953271028036;0.12121212121212122;0.02688172043010753;0.06666666666666667;0.09523809523809526;0.046153846153846156;0.008;0.06666666666666667;0.0;0.23809523809523808;0.08163265306122448;0.13043478260869565;0.1111111111111111;0.12056737588652482;0.05;0.04878048780487805;0.09216589861751152;0.021052631578947368;0.0;0.0;0.10971786833855798;0.0625;0.02;0.05263157894736842;0.0;0.06481481481481481;0.07960199004975124;0.046153846153846156;0.05737704918032787;0.3783783783783784;0.05652173913043478;0.0
0.0;0.0;0.0;1.0;0.0;0.0;0.0;0.1388888888888889;1.0;0.4;0.06060606060606061;0.07692307692307693;0.12393162393162396;0.0;0.0;0.0;1.0;0.0;0.0;0.0;0.02654867256637168;0.02631578947368421;0.0;0.016574585635359115;0.07575757575757576;0.09375;0.0;0.030303030303030304;0.0;0.0;0.024844720496894408;0.08695652173913043;0.05603448275862069;0.02880658436213992;0.015873015873015872;0.0;0.02;0.0;0.03125;0.2;0.03205128205128205;0.011363636363636364;0.09090909090909091;0.0;0.05263157894736842;0.0;0.0761904761904762;0.009009009009009009;0.0;0.07017543859649122;0.0;0.015625;0.037383177570093455;0.045454545454545456;0.016129032258064516;0.0;0.04761904761904762;0.038461538461538464;0.008;0.06666666666666667;0.08333333333333333;0.047619047619047616;0.030612244897959183;0.010869565217391304;0.027777777777777776;0.035460992907801414;0.1;0.024390243902439025;0.027649769585253454;0.0;0.0;0.0;0.018808777429467086;0.10714285714285714;0.04;0.10526315789473684;0.0625;0.06481481481481481;0.02238805970149254;0.06153846153846154;0.06557377049180328;0.02702702702702703;0.034782608695652174;0.0
0.0;0.0;1.0;1.0;0.0;1.0;0.0;0.16666666666666669;0.0;0.0;0.06060606060606061;0.07692307692307693;0.11538461538461539;1.0;0.0;0.0;1.0;0.0;0.0;0.0;0.035398230088495575;0.0;0.041666666666666664;0.04419889502762431;0.015151515151515152;0.15625;0.0;0.06060606060606061;0.08695652173913043;0.0;0.037267080745341616;0.043478260869565216;0.06896551724137931;0.03292181069958848;0.0;0.041666666666666664;0.0;0.0;0.03125;0.0;0.03205128205128205;0.03409090909090909;0.09090909090909091;0.0;0.10526315789473684;0.025;0.028571428571428574;0.02252252252252252;0.04081632653061224;0.07017543859649122;0.010638297872340425;0.03125;0.06542056074766354;0.045454545454545456;0.010752688172043012;0.0;0.0380952380952381;0.038461538461538464;0.024;0.06666666666666667;0.08333333333333333;0.14285714285714285;0.0510204081632653;0.021739130434782608;0.05555555555555555;0.02836879432624113;0.11666666666666667;0.04878048780487805;0.018433179723502304;0.07368421052631578;0.0;0.0;0.04075235109717868;0.05357142857142857;0.08;0.05263157894736842;0.1875;0.06481481481481481;0.02985074626865672;0.046153846153846156;0.0819672131147541;0.0945945945945946;0.05652173913043478;0.0
0.0;1.0;0.0;1.0;0.0;0.0;0.0;0.3333333333333333;1.0;0.4;0.21212121212121213;0.15384615384615385;0.12820512820512822;1.0;0.0;0.0;0.0;0.0;0.0;0.0;0.36283185840707965;0.3157894736842105;0.16666666666666666;0.3314917127071823;0.16666666666666669;0.03125;0.0;0.0;0.17391304347826086;0.14285714285714285;0.16149068322981366;0.13043478260869565;0.3448275862068966;0.15637860082304528;0.09523809523809523;0.0;0.17333333333333334;0.0;0.09375;0.2;0.20512820512820512;0.2727272727272727;0.0;0.0;0.22807017543859648;0.2;0.2285714285714286;0.13513513513513514;0.22448979591836732;0.24561403508771928;0.22340425531914893;0.203125;0.22429906542056072;0.18181818181818182;0.09677419354838711;0.06666666666666667;0.24761904761904766;0.23076923076923078;0.08;0.06666666666666667;0.25;0.14285714285714285;0.19387755102040816;0.2717391304347826;0.19444444444444442;0.2482269503546099;0.11666666666666667;0.0813008130081301;0.4055299539170507;0.09473684210526316;0.06666666666666667;0.04;0.27586206896551724;0.26785714285714285;0.1;0.07894736842105263;0.0625;0.2685185185185185;0.22388059701492538;0.23076923076923078;0.2377049180327869;0.21621621621621623;0.3956521739130435;0.0
1.0;0.0;0.0;0.0;0.0;0.0;0.0;0.1388888888888889;1.0;0.2;0.06060606060606061;0.15384615384615385;0.14102564102564105;1.0;1.0;0.0;1.0;0.0;1.0;1.0;0.035398230088495575;0.05263157894736842;0.0;0.022099447513812154;0.10606060606060606;0.15625;0.0;0.0;0.043478260869565216;0.14285714285714285;0.018633540372670808;0.043478260869565216;0.06896551724137931;0.01234567901234568;0.0;0.041666666666666664;0.006666666666666667;0.0;0.0625;0.0;0.03205128205128205;0.045454545454545456;0.0;0.0;0.10526315789473684;0.1;0.0380952380952381;0.0045045045045045045;0.0;0.05263157894736842;0.0425531914893617;0.09375;0.06542056074766354;0.0;0.005376344086021506;0.0;0.028571428571428574;0.05384615384615385;0.024;0.0;0.16666666666666666;0.09523809523809523;0.08163265306122448;0.010869565217391304;0.1388888888888889;0.02836879432624113;0.08333333333333333;0.04065040650406505;0.07834101382488479;0.010526315789473684;0.0;0.0;0.018808777429467086;0.04464285714285714;0.14;0.07894736842105263;0.0625;0.12037037037037036;0.002487562189054727;0.06153846153846154;0.03278688524590164;0.02702702702702703;0.008695652173913045;0.0273972602739726
0.0;0.0;0.0;1.0;0.0;0.0;0.0;0.2222222222222222;1.0;0.2;0.33333333333333337;0.07692307692307693;0.12393162393162396;0.0;0.0;0.0;0.0;0.0;0.0;0.0;0.07079646017699115;0.07894736842105263;0.4375;0.19889502762430938;0.015151515151515152;0.03125;0.0;0.0;0.08695652173913043;0.0;0.13664596273291924;0.043478260869565216;0.1896551724137931;0.09465020576131689;0.06349206349206349;0.0;0.13333333333333333;0.0;0.09375;0.0;0.12179487179487179;0.1590909090909091;0.09090909090909091;0.0;0.05263157894736842;0.1;0.12380952380952381;0.04054054054054054;0.14285714285714285;0.21052631578947367;0.0851063829787234;0.015625;0.1588785046728972;0.07575757575757576;0.07526881720430108;0.06666666666666667;0.18095238095238098;0.03076923076923077;0.016;0.0;0.0;0.09523809523809523;0.18367346938775508;0.11956521739130435;0.05555555555555555;0.18439716312056736;0.03333333333333333;0.024390243902439025;0.10599078341013825;0.10526315789473684;0.13333333333333333;0.0;0.1724137931034483;0.10714285714285714;0.06;0.02631578947368421;0.0625;0.16666666666666666;0.11940298507462688;0.046153846153846156;0.10655737704918034;0.10810810810810811;0.19130434782608696;0.0
0.0;1.0;1.0;1.0;1.0;1.0;1.0;0.25;1.0;0.2;0.12121212121212122;0.38461538461538464;0.06410256410256412;0.0;1.0;0.0;0.0;0.0;0.0;1.0;0.20353982300884954;0.02631578947368421;0.0625;0.14364640883977903;0.13636363636363635;0.09375;0.0;0.0;0.043478260869565216;0.07142857142857142;0.12422360248447203;0.0;0.17672413793103448;0.08230452674897121;0.015873015873015872;0.041666666666666664;0.08;0.0;0.03125;0.0;0.12179487179487179;0.10227272727272728;0.0;0.0;0.07017543859649122;0.07500000000000001;0.2;0.04054054054054054;0.04081632653061224;0.12280701754385964;0.07446808510638298;0.203125;0.12149532710280372;0.10606060606060606;0.03763440860215054;0.0;0.1523809523809524;0.18461538461538463;0.056;0.2;0.25;0.19047619047619047;0.11224489795918366;0.17391304347826086;0.1111111111111111;0.13475177304964536;0.08333333333333333;0.024390243902439025;0.12903225806451613;0.05263157894736842;0.0;0.0;0.14420062695924765;0.09821428571428571;0.08;0.02631578947368421;0.0;0.1111111111111111;0.11194029850746269;0.12307692307692308;0.10655737704918034;0.16216216216216217;0.1565217391304348;0.0
0.0;0.0;0.0;1.0;1.0;0.0;0.0;0.16666666666666669;0.0;0.0;0.0;0.0;0.08974358974358976;0.0;1.0;0.0;0.0;0.0;0.0;1.0;0.34513274336283184;0.13157894736842105;0.3958333333333333;0.3867403314917127;0.045454545454545456;0.0;0.0;0.0;0.043478260869565216;0.0;0.32298136645962733;0.2608695652173913;0.22413793103448276;0.21810699588477367;0.23809523809523808;0.0;0.33333333333333337;0.0;0.0625;0.2;0.3076923076923077;0.11363636363636365;0.18181818181818182;0.0;0.15789473684210525;0.025;0.21904761904761907;0.12612612612612611;0.3877551020408163;0.05263157894736842;0.05319148936170213;0.0625;0.23364485981308408;0.2727272727272727;0.10752688172043012;0.16666666666666666;0.13333333333333336;0.12307692307692308;0.056;0.06666666666666667;0.3333333333333333;0.14285714285714285;0.07142857142857142;0.34782608695652173;0.05555555555555555;0.3120567375886525;0.05;0.10569105691056911;0.2626728110599078;0.10526315789473684;0.06666666666666667;0.16;0.3009404388714733;0.17857142857142855;0.06;0.05263157894736842;0.0;0.1111111111111111;0.2562189054726368;0.16923076923076924;0.1721311475409836;0.24324324324324326;0.26521739130434785;0.0136986301369863
0.0;1.0;0.0;1.0;1.0;1.0;0.0;0.2222222222222222;1.0;0.4;0.06060606060606061;0.23076923076923078;0.08119658119658121;0.0;0.0;0.0;0.0;0.0;0.0;0.0;0.22123893805309736;0.15789473684210525;0.29166666666666663;0.3149171270718232;0.13636363636363635;0.0;0.0;0.0;0.08695652173913043;0.14285714285714285;0.19875776397515527;0.2608695652173913;0.23706896551724138;0.21399176954732513;0.047619047619047616;0.08333333333333333;0.2066666666666667;0.3333333333333333;0.09375;0.0;0.2692307692307692;0.23863636363636365;0.09090909090909091;0.0;0.08771929824561403;0.05;0.1523809523809524;0.16666666666666666;0.32653061224489793;0.12280701754385964;0.0851063829787234;0.09375;0.308411214953271;0.2272727272727273;0.10752688172043012;0.1;0.12380952380952384;0.13846153846153847;0.032;0.0;0.16666666666666666;0.14285714285714285;0.2346938775510204;0.2717391304347826;0.2222222222222222;0.3120567375886525;0.1;0.04065040650406505;0.2534562211981567;0.010526315789473684;0.13333333333333333;0.12;0.2413793103448276;0.2589285714285714;0.06;0.05263157894736842;0.0;0.18518518518518517;0.21144278606965175;0.015384615384615385;0.09016393442622951;0.5270270270270271;0.2565217391304348;0.0
1.0;1.0;0.0;1.0;1.0;0.0;0.0;0.3888888888888889;0.0;0.0;0.0;0.0;0.358974358974359;0.0;1.0;0.0;0.0;0.0;0.0;1.0;0.22123893805309736;0.07894736842105263;0.2708333333333333;0.23756906077348067;0.2878787878787879;0.1875;0.07142857142857142;0.0;0.21739130434782608;0.14285714285714285;0.13664596273291924;0.2608695652173913;0.3577586206896552;0.13168724279835392;0.06349206349206349;0.08333333333333333;0.15333333333333335;0.0;0.21875;0.0;0.23076923076923075;0.2159090909090909;0.18181818181818182;0.0;0.15789473684210525;0.15000000000000002;0.31428571428571433;0.15765765765765766;0.04081632653061224;0.17543859649122806;0.2765957446808511;0.140625;0.3177570093457944;0.21212121212121213;0.08064516129032259;0.0;0.24761904761904766;0.2153846153846154;0.10400000000000001;0.2;0.3333333333333333;0.23809523809523808;0.3061224489795918;0.15217391304347827;0.05555555555555555;0.3120567375886525;0.15;0.11382113821138212;0.1382488479262673;0.15789473684210525;0.26666666666666666;0.04;0.21316614420062696;0.33928571428571425;0.24;0.13157894736842105;0.1875;0.18518518518518517;0.23383084577114427;0.1076923076923077;0.18032786885245902;0.6081081081081081;0.26086956521739135;0.0
0.0;1.0;0.0;0.0;1.0;0.0;1.0;0.2222222222222222;0.0;0.0;0.06060606060606061;0.07692307692307693;0.26495726495726496;1.0;1.0;0.0;1.0;0.0;1.0;1.0;0.23008849557522124;0.10526315789473684;0.041666666666666664;0.1602209944751381;0.15151515151515152;0.25;0.21428571428571427;0.36363636363636365;0.17391304347826086;0.14285714285714285;0.07453416149068323;0.0;0.23706896551724138;0.15637860082304528;0.015873015873015872;0.041666666666666664;0.12000000000000001;0.16666666666666666;0.3125;0.0;0.23717948717948717;0.09090909090909091;0.18181818181818182;0.0;0.2807017543859649;0.25;0.2571428571428572;0.08108108108108109;0.02040816326530612;0.08771929824561403;0.2127659574468085;0.203125;0.18691588785046728;0.18181818181818182;0.08602150537634409;0.06666666666666667;0.14285714285714288;0.16923076923076924;0.216;0.2;0.3333333333333333;0.047619047619047616;0.2040816326530612;0.14130434782608695;0.2222222222222222;0.20567375886524822;0.23333333333333334;0.10569105691056911;0.11059907834101382;0.14736842105263157;0.26666666666666666;0.12;0.14733542319749218;0.29464285714285715;0.26;0.4473684210526315;0.375;0.19444444444444442;0.1691542288557214;0.07692307692307693;0.12295081967213116;0.2567567567567568;0.20434782608695654;0.0273972602739726
1.0;0.0;0.0;1.0;0.0;0.0;0.0;0.1388888888888889;0.0;0.0;0.06060606060606061;0.07692307692307693;0.10683760683760685;0.0;1.0;0.0;0.0;0.0;0.0;1.0;0.23893805309734512;0.18421052631578946;0.125;0.22651933701657456;0.42424242424242425;0.59375;0.42857142857142855;0.18181818181818182;0.2608695652173913;0.14285714285714285;0.14285714285714285;0.21739130434782608;0.4051724137931034;0.21810699588477367;0.06349206349206349;0.041666666666666664;0.2066666666666667;0.6666666666666666;0.34375;0.0;0.3205128205128205;0.14772727272727273;0.18181818181818182;0.0;0.47368421052631576;0.125;0.39047619047619053;0.16216216216216217;0.12244897959183673;0.2631578947368421;0.2553191489361702;0.125;0.4579439252336448;0.13636363636363635;0.12365591397849464;0.06666666666666667;0.2761904761904762;0.3307692307692308;0.304;0.13333333333333333;0.08333333333333333;0.19047619047619047;0.39795918367346933;0.2934782608695652;0.3055555555555555;0.2907801418439716;0.21666666666666667;0.21138211382113822;0.22119815668202764;0.18947368421052632;0.3333333333333333;0.04;0.21316614420062696;0.4821428571428571;0.56;0.39473684210526316;0.5;0.2685185185185185;0.291044776119403;0.2153846153846154;0.18032786885245902;0.6081081081081081;0.3130434782608696;0.0
0.0;0.0;1.0;1.0;0.0;0.0;0.0;0.4444444444444445;0.0;0.0;0.12121212121212122;0.38461538461538464;0.10683760683760685;0.0;0.0;0.0;0.0;0.0;0.0;0.0;0.3008849557522124;0.13157894736842105;0.2708333333333333;0.6519337016574586;0.18181818181818182;0.15625;0.07142857142857142;0.030303030303030304;0.2608695652173913;0.07142857142857142;0.39751552795031053;0.08695652173913043;0.4267241379310345;0.3868312757201646;0.1746031746031746;0.0;0.33333333333333337;0.16666666666666666;0.28125;0.2;0.5384615384615384;0.14772727272727273;0.09090909090909091;0.0;0.2807017543859649;0.1;0.33333333333333337;0.2747747747747748;0.42857142857142855;0.2807017543859649;0.18085106382978722;0.125;0.29906542056074764;0.48484848484848486;0.23655913978494625;0.5;0.41904761904761906;0.26153846153846155;0.07200000000000001;0.2;0.25;0.19047619047619047;0.3877551020408163;0.532608695652174;0.16666666666666666;0.7234042553191489;0.1;0.07317073170731708;0.35944700460829493;0.1368421052631579;0.2;0.08;0.48902821316614414;0.33035714285714285;0.2;0.18421052631578946;0.125;0.2037037037037037;0.44029850746268656;0.35384615384615387;0.29508196721311475;0.7027027027027027;0.4173913043478261;0.0136986301369863
0.0;1.0;0.0;1.0;1.0;0.0;0.0;0.4444444444444445;0.0;0.0;0.0;0.07692307692307693;0.3076923076923077;0.0;1.0;0.0;1.0;0.0;1.0;1.0;0.21238938053097345;0.13157894736842105;0.10416666666666666;0.287292817679558;0.15151515151515152;0.09375;0.14285714285714285;0.0;0.17391304347826086;0.0;0.11801242236024843;0.043478260869565216;0.23275862068965517;0.18106995884773663;0.047619047619047616;0.0;0.14;0.16666666666666666;0.28125;0.2;0.23717948717948717;0.18181818181818182;0.0;0.0;0.14035087719298245;0.07500000000000001;0.1904761904761905;0.13963963963963963;0.02040816326530612;0.22807017543859648;0.09574468085106383;0.078125;0.21495327102803738;0.19696969696969696;0.10215053763440861;0.03333333333333333;0.1904761904761905;0.16923076923076924;0.088;0.13333333333333333;0.25;0.14285714285714285;0.22448979591836732;0.22826086956521738;0.16666666666666666;0.276595744680851;0.16666666666666666;0.0813008130081301;0.2119815668202765;0.042105263157894736;0.06666666666666667;0.0;0.20376175548589343;0.24107142857142855;0.16;0.05263157894736842;0.125;0.12962962962962962;0.20398009950248755;0.06153846153846154;0.10655737704918034;0.10810810810810811;0.23043478260869565;0.0273972602739726
0.0;1.0;0.0;1.0;1.0;0.0;0.0;0.49999999999999994;0.0;0.0;0.0;0.07692307692307693;0.18803418803418806;0.0;1.0;0.0;0.0;0.0;0.0;1.0;0.09734513274336283;0.10526315789473684;0.0625;0.1712707182320442;0.09090909090909091;0.0625;0.0;0.0;0.043478260869565216;0.0;0.11180124223602483;0.043478260869565216;0.12068965517241378;0.1358024691358025;0.047619047619047616;0.0;0.08666666666666667;0.0;0.0;0.0;0.15384615384615385;0.09090909090909091;0.09090909090909091;0.0;0.017543859649122806;0.07500000000000001;0.08571428571428572;0.11261261261261261;0.1020408163265306;0.07017543859649122;0.0851063829787234;0.046875;0.11214953271028036;0.10606060606060606;0.08064516129032259;0.03333333333333333;0.08571428571428572;0.08461538461538462;0.07200000000000001;0.06666666666666667;0.16666666666666666;0.0;0.09183673469387754;0.25;0.0;0.17730496453900707;0.05;0.008130081300813009;0.1152073732718894;0.05263157894736842;0.06666666666666667;0.0;0.12852664576802508;0.15178571428571427;0.1;0.07894736842105263;0.0;0.07407407407407407;0.12686567164179105;0.015384615384615385;0.04918032786885246;0.06756756756756757;0.11739130434782609;0.0273972602739726
0.0;0.0;0.0;1.0;0.0;0.0;0.0;0.25;0.0;0.0;0.06060606060606061;0.07692307692307693;0.0982905982905983;0.0;1.0;0.0;0.0;0.0;0.0;1.0;0.35398230088495575;0.4473684210526315;0.125;0.3812154696132597;0.30303030303030304;0.5625;0.2857142857142857;0.30303030303030304;0.30434782608695654;0.21428571428571427;0.24223602484472048;0.043478260869565216;0.48275862068965514;0.24279835390946505;0.1111111111111111;0.041666666666666664;0.21333333333333335;0.0;0.46875;0.6000000000000001;0.4230769230769231;0.2272727272727273;0.09090909090909091;1.0;0.38596491228070173;0.325;0.4285714285714286;0.25675675675675674;0.061224489795918366;0.17543859649122806;0.2978723404255319;0.265625;0.47663551401869153;0.2878787878787879;0.1774193548387097;0.06666666666666667;0.3142857142857143;0.2846153846153846;0.28800000000000003;0.6666666666666666;0.8333333333333333;0.19047619047619047;0.49999999999999994;0.2934782608695652;0.3055555555555555;0.36170212765957444;0.48333333333333334;0.3902439024390244;0.21658986175115208;0.23157894736842105;0.2;0.12;0.2852664576802508;0.4732142857142857;0.66;0.5;0.3125;0.19444444444444442;0.3781094527363184;0.12307692307692308;0.20491803278688525;0.31081081081081086;0.28695652173913044;0.0821917808219178
0.0;0.0;0.0;0.0;0.0;0.0;0.0;0.3055555555555555;0.0;0.0;0.09090909090909091;0.15384615384615385;0.16239316239316243;0.0;1.0;0.0;1.0;0.0;1.0;0.0;0.017699115044247787;0.0;0.041666666666666664;0.011049723756906077;0.09090909090909091;0.0625;0.0;0.030303030303030304;0.043478260869565216;0.07142857142857142;0.018633540372670808;0.0;0.06465517241379311;0.01646090534979424;0.0;0.041666666666666664;0.013333333333333334;0.0;0.0625;0.0;0.02564102564102564;0.03409090909090909;0.0;0.0;0.07017543859649122;0.07500000000000001;0.04761904761904762;0.018018018018018018;0.0;0.017543859649122806;0.0425531914893617;0.046875;0.06542056074766354;0.0;0.005376344086021506;0.0;0.009523809523809525;0.06153846153846154;0.008;0.26666666666666666;0.3333333333333333;0.0;0.02040816326530612;0.043478260869565216;0.08333333333333333;0.035460992907801414;0.03333333333333333;0.016260162601626018;0.018433179723502304;0.042105263157894736;0.0;0.0;0.018808777429467086;0.05357142857142857;0.12;0.02631578947368421;0.0625;0.0;0.03482587064676617;0.0;0.03278688524590164;0.0;0.02173913043478261;0.0821917808219178
1.0;0.0;0.0;0.0;1.0;0.0;0.0;0.027777777777777776;0.0;0.0;0.030303030303030304;0.07692307692307693;0.008547008547008551;0.0;1.0;0.0;0.0;0.0;0.0;1.0;0.017699115044247787;0.10526315789473684;0.020833333333333332;0.03867403314917127;0.015151515151515152;0.03125;0.0;0.0;0.0;0.14285714285714285;0.0;0.0;0.06896551724137931;0.02880658436213992;0.0;0.0;0.02;0.0;0.0;0.0;0.04487179487179487;0.05681818181818182;0.0;0.0;0.07017543859649122;0.05;0.08571428571428572;0.013513513513513514;0.0;0.05263157894736842;0.07446808510638298;0.015625;0.102803738317757;0.0;0.005376344086021506;0.0;0.057142857142857155;0.06153846153846154;0.016;0.0;0.0;0.0;0.07142857142857142;0.043478260869565216;0.027777777777777776;0.02836879432624113;0.016666666666666666;0.024390243902439025;0.018433179723502304;0.10526315789473684;0.06666666666666667;0.0;0.04388714733542319;0.07142857142857142;0.0;0.0;0.0;0.037037037037037035;0.03482587064676617;0.015384615384615385;0.04098360655737705;0.06756756756756757;0.030434782608695653;0.0
0.0;0.0;0.0;0.0;0.0;0.0;0.0;0.25;1.0;0.2;0.030303030303030304;0.07692307692307693;0.0982905982905983;0.0;1.0;0.0;0.0;0.0;0.0;1.0;0.10619469026548672;0.07894736842105263;0.29166666666666663;0.13259668508287292;0.07575757575757576;0.0;0.0;0.0;0.043478260869565216;0.0;0.07453416149068323;0.043478260869565216;0.1810344827586207;0.06584362139917696;0.047619047619047616;0.0;0.11333333333333334;0.16666666666666666;0.03125;0.0;0.09615384615384615;0.17045454545454547;0.0;0.0;0.10526315789473684;0.07500000000000001;0.12380952380952381;0.04954954954954955;0.1020408163265306;0.08771929824561403;0.07446808510638298;0.109375;0.12149532710280372;0.09090909090909091;0.06989247311827958;0.1;0.0761904761904762;0.1;0.016;0.0;0.08333333333333333;0.23809523809523808;0.11224489795918366;0.13043478260869565;0.05555555555555555;0.10638297872340426;0.06666666666666667;0.0813008130081301;0.08755760368663594;0.031578947368421054;0.0;0.0;0.12225705329153604;0.16964285714285712;0.04;0.07894736842105263;0.0;0.046296296296296294;0.12686567164179105;0.03076923076923077;0.13934426229508198;0.17567567567567569;0.14782608695652175;0.0
