TX_RESP_Q019_F;TX_RESP_Q004_C;IN_COMUM_FUND_AF;TX_RESP_Q038_A;TX_RESP_Q042_B;TX_RESP_Q018_B;TX_RESP_Q004_H;TX_RESP_Q013_C;TX_RESP_Q004_F;TX_RESP_Q041_C;TX_RESP_Q004_G;TX_RESP_Q042_C;TX_RESP_Q041_B;TX_RESP_Q004_E;TX_RESP_Q037_D;TX_RESP_Q043_A;TX_RESP_Q041_A;TX_RESP_Q036_C;TX_RESP_Q043_B;TX_RESP_Q015_B;TX_RESP_Q019_G;TX_RESP_Q023_G
0.0;0.027624309392265192;1.0;0.10569105691056911;0.21052631578947367;0.10526315789473684;0.0;0.031746031746031744;0.03125;0.1;0.0;0.0;0.13392857142857142;0.15151515151515152;0.08333333333333333;0.1111111111111111;0.037617554858934164;0.07608695652173914;0.03980099502487562;0.0625;0.0;0.01904761904761905
0.02040816326530612;0.17679558011049723;1.0;0.04065040650406505;0.05263157894736842;0.08771929824561403;0.0;0.09523809523809523;0.03125;0.04;0.0;0.0625;0.11607142857142856;0.07575757575757576;0.05;0.018518518518518517;0.16927899686520376;0.21739130434782608;0.15671641791044777;0.15625;0.14035087719298245;0.1904761904761905
0.0;0.06629834254143646;1.0;0.0813008130081301;0.07894736842105263;0.03508771929824561;0.0;0.015873015873015872;0.09375;0.06;0.07142857142857142;0.0625;0.07142857142857142;0.045454545454545456;0.1;0.07407407407407407;0.0909090909090909;0.07608695652173914;0.06965174129353234;0.0625;0.08771929824561403;0.09523809523809526
0.2040816326530612;0.22651933701657456;0.0;0.05691056910569106;0.07894736842105263;0.12280701754385964;0.0;0.06349206349206349;0.03125;0.1;0.07142857142857142;0.125;0.15178571428571427;0.045454545454545456;0.15;0.08333333333333333;0.1724137931034483;0.20652173913043478;0.15920398009950248;0.21875;0.07017543859649122;0.08571428571428572
0.0;0.08839779005524862;1.0;0.06504065040650407;0.02631578947368421;0.08771929824561403;0.0;0.06349206349206349;0.03125;0.02;0.0;0.0;0.125;0.015151515151515152;0.08333333333333333;0.06481481481481481;0.08150470219435736;0.06521739130434782;0.07462686567164178;0.03125;0.05263157894736842;0.0761904761904762
0.04081632653061224;0.13259668508287292;1.0;0.0813008130081301;0.02631578947368421;0.08771929824561403;0.0;0.06349206349206349;0.0;0.02;0.0;0.0;0.09821428571428571;0.015151515151515152;0.05;0.027777777777777776;0.10344827586206896;0.13043478260869565;0.0945273631840796;0.03125;0.05263157894736842;0.08571428571428572
0.36734693877551017;0.6685082872928176;0.0;0.032520325203252036;0.13157894736842105;0.22807017543859648;0.0;0.19047619047619047;0.0;0.06;0.0;0.0;0.27678571428571425;0.09090909090909091;0.25;0.09259259259259259;0.5391849529780564;0.5543478260869565;0.47761194029850745;0.3125;0.15789473684210525;0.29523809523809524
0.08163265306122448;0.2928176795580111;1.0;0.14634146341463417;0.3684210526315789;0.19298245614035087;0.0;0.031746031746031744;0.1875;0.14;0.14285714285714285;0.125;0.36607142857142855;0.13636363636363635;0.15;0.2962962962962963;0.15987460815047022;0.20652173913043478;0.15671641791044777;0.25;0.2982456140350877;0.26666666666666666
0.18367346938775508;0.16574585635359118;0.0;0.016260162601626018;0.07894736842105263;0.07017543859649122;0.0;0.14285714285714285;0.0;0.08;0.0;0.0625;0.08928571428571427;0.045454545454545456;0.0;0.10185185185185185;0.09717868338557993;0.07608695652173914;0.07462686567164178;0.03125;0.05263157894736842;0.057142857142857155
0.12244897959183673;0.18232044198895025;0.0;0.0813008130081301;0.0;0.17543859649122806;0.0;0.0;0.03125;0.12;0.14285714285714285;0.0;0.25;0.15151515151515152;0.2;0.18518518518518517;0.16614420062695925;0.15217391304347827;0.15671641791044777;0.28125;0.22807017543859648;0.17142857142857146
0.02040816326530612;0.0055248618784530384;0.0;0.04065040650406505;0.05263157894736842;0.10526315789473684;0.09090909090909091;0.0;0.0625;0.1;0.14285714285714285;0.0625;0.0625;0.10606060606060606;0.1;0.12037037037037036;0.04075235109717868;0.010869565217391304;0.01990049751243781;0.15625;0.08771929824561403;0.057142857142857155
0.16326530612244897;0.23204419889502764;0.0;0.024390243902439025;0.02631578947368421;0.14035087719298245;0.0;0.09523809523809523;0.0;0.06;0.0;0.0;0.20535714285714285;0.030303030303030304;0.11666666666666667;0.18518518518518517;0.20689655172413793;0.15217391304347827;0.1691542288557214;0.0625;0.12280701754385964;0.17142857142857146
0.08163265306122448;0.4530386740331492;0.0;0.1626016260162602;0.18421052631578946;0.3333333333333333;0.030303030303030304;0.015873015873015872;0.0625;0.2;0.07142857142857142;0.0;0.39285714285714285;0.2878787878787879;0.3333333333333333;0.25925925925925924;0.3573667711598746;0.42391304347826086;0.3383084577114428;0.25;0.40350877192982454;0.3904761904761905
0.22448979591836732;0.4917127071823204;0.0;0.0813008130081301;0.21052631578947367;0.3333333333333333;0.0;0.07936507936507936;0.1875;0.18;0.0;0.0625;0.45535714285714285;0.3939393939393939;0.13333333333333333;0.4722222222222222;0.4075235109717868;0.40217391304347827;0.33582089552238803;0.125;0.3333333333333333;0.4571428571428572
0.08163265306122448;0.11049723756906077;0.0;0.04065040650406505;0.13157894736842105;0.07017543859649122;0.06060606060606061;0.015873015873015872;0.15625;0.04;0.0;0.0625;0.1875;0.10606060606060606;0.08333333333333333;0.1111111111111111;0.10031347962382445;0.06521739130434782;0.09701492537313433;0.09375;0.10526315789473684;0.09523809523809526
0.18367346938775508;0.27624309392265195;0.0;0.41463414634146345;0.5;0.6140350877192982;0.42424242424242425;0.1111111111111111;0.65625;0.64;0.6428571428571428;0.375;0.7053571428571428;0.7575757575757576;0.6333333333333333;0.5;0.3448275862068965;0.40217391304347827;0.4054726368159204;0.1875;0.5087719298245614;0.523809523809524
0.3061224489795918;0.19889502762430938;0.0;0.024390243902439025;0.10526315789473684;0.07017543859649122;0.0;0.06349206349206349;0.25;0.12;0.07142857142857142;0.0625;0.1607142857142857;0.13636363636363635;0.15;0.12962962962962962;0.16614420062695925;0.14130434782608695;0.14676616915422885;0.0625;0.07017543859649122;0.1142857142857143
0.18367346938775508;0.18784530386740333;0.0;0.0975609756097561;0.18421052631578946;0.22807017543859648;0.030303030303030304;0.06349206349206349;0.21875;0.2;0.21428571428571427;0.0;0.25;0.18181818181818182;0.16666666666666666;0.24074074074074073;0.18181818181818182;0.14130434782608695;0.16417910447761194;0.09375;0.12280701754385964;0.20000000000000004
0.24489795918367346;0.32044198895027626;0.0;0.04878048780487805;0.18421052631578946;0.12280701754385964;0.0;0.09523809523809523;0.15625;0.16;0.14285714285714285;0.0625;0.21428571428571427;0.16666666666666669;0.08333333333333333;0.12962962962962962;0.26645768025078365;0.2608695652173913;0.2462686567164179;0.0625;0.12280701754385964;0.17142857142857146
0.0;0.016574585635359115;1.0;0.016260162601626018;0.02631578947368421;0.03508771929824561;0.0;0.0;0.03125;0.02;0.0;0.0;0.05357142857142857;0.015151515151515152;0.016666666666666666;0.027777777777777776;0.012539184952978056;0.0;0.009950248756218905;0.0;0.017543859649122806;0.009523809523809525
0.16326530612244897;0.2541436464088398;0.0;0.17073170731707318;0.4473684210526315;0.40350877192982454;0.09090909090909091;0.07936507936507936;0.8125;0.62;0.7142857142857142;0.125;0.6428571428571428;0.48484848484848486;0.36666666666666664;0.4444444444444444;0.2570532915360501;0.2717391304347826;0.3308457711442786;0.21875;0.3684210526315789;0.5714285714285715
0.02040816326530612;0.09944751381215469;1.0;0.1869918699186992;0.3684210526315789;0.40350877192982454;0.4545454545454546;0.06349206349206349;0.40625;0.54;0.3571428571428571;0.6875;0.3482142857142857;0.3181818181818182;0.21666666666666667;0.28703703703703703;0.11912225705329153;0.14130434782608695;0.17164179104477612;0.15625;0.38596491228070173;0.2761904761904762
0.12244897959183673;0.26519337016574585;0.0;0.008130081300813009;0.10526315789473684;0.08771929824561403;0.0;0.07936507936507936;0.15625;0.12;0.0;0.0;0.16964285714285712;0.15151515151515152;0.11666666666666667;0.09259259259259259;0.219435736677116;0.13043478260869565;0.20149253731343283;0.09375;0.15789473684210525;0.13333333333333336
0.24489795918367346;0.13812154696132595;0.0;0.032520325203252036;0.0;0.12280701754385964;0.0;0.047619047619047616;0.03125;0.08;0.07142857142857142;0.0;0.1607142857142857;0.12121212121212122;0.1;0.05555555555555555;0.12539184952978058;0.17391304347826086;0.12935323383084577;0.03125;0.03508771929824561;0.057142857142857155
0.02040816326530612;0.03867403314917127;0.0;0.016260162601626018;0.15789473684210525;0.07017543859649122;0.06060606060606061;0.015873015873015872;0.03125;0.12;0.14285714285714285;0.125;0.10714285714285714;0.10606060606060606;0.05;0.027777777777777776;0.04388714733542319;0.043478260869565216;0.062189054726368154;0.15625;0.15789473684210525;0.12380952380952384
0.1020408163265306;0.2154696132596685;0.0;0.0813008130081301;0.3421052631578947;0.2631578947368421;0.18181818181818182;0.031746031746031744;0.15625;0.28;0.2857142857142857;0.0625;0.29464285714285715;0.19696969696969696;0.2833333333333333;0.23148148148148145;0.15673981191222572;0.10869565217391304;0.1691542288557214;0.1875;0.10526315789473684;0.1904761904761905
0.2040816326530612;0.3701657458563536;0.0;0.0813008130081301;0.10526315789473684;0.3508771929824561;0.0;0.031746031746031744;0.03125;0.28;0.0;0.125;0.3571428571428571;0.33333333333333337;0.16666666666666666;0.37037037037037035;0.31034482758620685;0.2934782608695652;0.27114427860696516;0.1875;0.22807017543859648;0.3523809523809524
0.061224489795918366;0.2099447513812155;0.0;0.06504065040650407;0.13157894736842105;0.05263157894736842;0.0;0.015873015873015872;0.0;0.04;0.0;0.0;0.1875;0.10606060606060606;0.13333333333333333;0.10185185185185185;0.16927899686520376;0.11956521739130435;0.15422885572139303;0.125;0.10526315789473684;0.14285714285714288
0.061224489795918366;0.09392265193370165;1.0;0.10569105691056911;0.10526315789473684;0.07017543859649122;0.030303030303030304;0.0;0.09375;0.14;0.21428571428571427;0.0;0.11607142857142856;0.19696969696969696;0.11666666666666667;0.23148148148148145;0.10658307210031347;0.05434782608695652;0.062189054726368154;0.125;0.24561403508771928;0.13333333333333336
0.061224489795918366;0.22099447513812154;1.0;0.14634146341463417;0.21052631578947367;0.3157894736842105;0.0;0.07936507936507936;0.25;0.06;0.07142857142857142;0.1875;0.375;0.2272727272727273;0.2833333333333333;0.23148148148148145;0.22884012539184953;0.15217391304347827;0.22139303482587064;0.34375;0.2631578947368421;0.2285714285714286
0.0;0.07734806629834254;1.0;0.04878048780487805;0.02631578947368421;0.12280701754385964;0.0;0.031746031746031744;0.09375;0.04;0.07142857142857142;0.0;0.2232142857142857;0.18181818181818182;0.06666666666666667;0.1111111111111111;0.08463949843260188;0.07608695652173914;0.0945273631840796;0.15625;0.14035087719298245;0.1142857142857143
0.08163265306122448;0.11049723756906077;1.0;0.04065040650406505;0.05263157894736842;0.05263157894736842;0.0;0.047619047619047616;0.03125;0.02;0.0;0.0;0.05357142857142857;0.045454545454545456;0.13333333333333333;0.046296296296296294;0.07836990595611285;0.05434782608695652;0.05721393034825871;0.0625;0.10526315789473684;0.1523809523809524
0.04081632653061224;0.06629834254143646;1.0;0.04065040650406505;0.07894736842105263;0.08771929824561403;0.030303030303030304;0.0;0.125;0.04;0.14285714285714285;0.0625;0.09821428571428571;0.030303030303030304;0.08333333333333333;0.09259259259259259;0.04388714733542319;0.03260869565217391;0.03233830845771144;0.1875;0.05263157894736842;0.06666666666666668
0.04081632653061224;0.15469613259668508;1.0;0.0975609756097561;0.02631578947368421;0.14035087719298245;0.0;0.015873015873015872;0.09375;0.04;0.0;0.0;0.125;0.09090909090909091;0.2;0.18518518518518517;0.13793103448275862;0.06521739130434782;0.08955223880597014;0.3125;0.2807017543859649;0.1523809523809524
0.02040816326530612;0.03867403314917127;1.0;0.024390243902439025;0.02631578947368421;0.07017543859649122;0.0;0.0;0.03125;0.04;0.07142857142857142;0.0;0.0625;0.09090909090909091;0.06666666666666667;0.10185185185185185;0.04075235109717868;0.03260869565217391;0.017412935323383085;0.0625;0.05263157894736842;0.0761904761904762
0.6530612244897959;0.287292817679558;0.0;0.032520325203252036;0.13157894736842105;0.10526315789473684;0.0;0.2698412698412698;0.03125;0.06;0.0;0.0;0.09821428571428571;0.07575757575757576;0.08333333333333333;0.08333333333333333;0.2476489028213166;0.21739130434782608;0.19900497512437812;0.0;0.05263157894736842;0.09523809523809526
0.14285714285714285;0.3756906077348066;0.0;0.04065040650406505;0.07894736842105263;0.21052631578947367;0.0;0.14285714285714285;0.0;0.1;0.0;0.0625;0.2232142857142857;0.07575757575757576;0.13333333333333333;0.12962962962962962;0.2946708463949843;0.25;0.263681592039801;0.09375;0.12280701754385964;0.24761904761904766
0.1020408163265306;0.2099447513812155;1.0;0.1869918699186992;0.5789473684210527;0.3508771929824561;0.24242424242424243;0.047619047619047616;0.28125;0.38;0.2857142857142857;0.25;0.29464285714285715;0.3181818181818182;0.31666666666666665;0.35185185185185186;0.17868338557993732;0.17391304347826086;0.16666666666666666;0.25;0.3157894736842105;0.2285714285714286
0.24489795918367346;0.34806629834254144;0.0;0.07317073170731708;0.21052631578947367;0.17543859649122806;0.030303030303030304;0.12698412698412698;0.09375;0.3;0.0;0.125;0.2857142857142857;0.2272727272727273;0.16666666666666666;0.15740740740740738;0.2789968652037617;0.2717391304347826;0.2860696517412935;0.1875;0.2807017543859649;0.26666666666666666
0.061224489795918366;0.04419889502762431;1.0;0.0975609756097561;0.15789473684210525;0.17543859649122806;0.030303030303030304;0.0;0.15625;0.22;0.21428571428571427;0.25;0.08928571428571427;0.13636363636363635;0.16666666666666666;0.07407407407407407;0.05956112852664576;0.043478260869565216;0.06965174129353234;0.1875;0.05263157894736842;0.08571428571428572
0.061224489795918366;0.14917127071823205;1.0;0.17073170731707318;0.2894736842105263;0.15789473684210525;0.2727272727272727;0.047619047619047616;0.15625;0.16;0.21428571428571427;0.25;0.25;0.13636363636363635;0.15;0.19444444444444442;0.1128526645768025;0.06521739130434782;0.11691542288557213;0.125;0.08771929824561403;0.18095238095238098
0.9999999999999999;0.6574585635359116;0.0;0.07317073170731708;0.2631578947368421;0.22807017543859648;0.0;0.5714285714285714;0.09375;0.16;0.0;0.0625;0.36607142857142855;0.21212121212121213;0.18333333333333332;0.15740740740740738;0.5109717868338558;0.6195652173913043;0.47512437810945274;0.1875;0.12280701754385964;0.3238095238095238
0.0;0.27071823204419887;0.0;0.0975609756097561;0.07894736842105263;0.19298245614035087;0.06060606060606061;0.015873015873015872;0.28125;0.18;0.07142857142857142;0.0625;0.3214285714285714;0.19696969696969696;0.1;0.37037037037037035;0.219435736677116;0.17391304347826086;0.17661691542288557;0.21875;0.3508771929824561;0.2857142857142857
0.4897959183673469;0.47513812154696133;0.0;0.11382113821138212;0.07894736842105263;0.24561403508771928;0.0;0.12698412698412698;0.125;0.18;0.0;0.0625;0.21428571428571427;0.18181818181818182;0.08333333333333333;0.25;0.3730407523510971;0.18478260869565216;0.3009950248756219;0.0625;0.15789473684210525;0.12380952380952384
0.0;0.0055248618784530384;1.0;0.008130081300813009;0.07894736842105263;0.03508771929824561;0.030303030303030304;0.0;0.09375;0.02;0.07142857142857142;0.0625;0.0625;0.030303030303030304;0.03333333333333333;0.046296296296296294;0.012539184952978056;0.010869565217391304;0.00746268656716418;0.0625;0.05263157894736842;0.01904761904761905
0.0;0.07734806629834254;1.0;0.05691056910569106;0.13157894736842105;0.19298245614035087;0.06060606060606061;0.0;0.21875;0.2;0.14285714285714285;0.125;0.1875;0.15151515151515152;0.18333333333333332;0.19444444444444442;0.07210031347962383;0.06521739130434782;0.07213930348258707;0.0625;0.19298245614035087;0.20952380952380956
0.1020408163265306;0.2983425414364641;0.0;0.24390243902439027;0.42105263157894735;0.5438596491228069;0.2727272727272727;0.06349206349206349;0.5625;0.6;0.5;0.6875;0.6160714285714285;0.48484848484848486;0.31666666666666665;0.4907407407407407;0.2789968652037617;0.2608695652173913;0.32587064676616917;0.34375;0.47368421052631576;0.5904761904761906
0.24489795918367346;0.287292817679558;0.0;0.13008130081300814;0.2894736842105263;0.21052631578947367;0.18181818181818182;0.07936507936507936;0.09375;0.2;0.14285714285714285;0.1875;0.3214285714285714;0.15151515151515152;0.23333333333333334;0.34259259259259256;0.2915360501567398;0.19565217391304346;0.24378109452736318;0.25;0.2982456140350877;0.3333333333333333
0.061224489795918366;0.04419889502762431;1.0;0.05691056910569106;0.07894736842105263;0.07017543859649122;0.030303030303030304;0.0;0.09375;0.1;0.0;0.125;0.08035714285714285;0.18181818181818182;0.06666666666666667;0.12962962962962962;0.06269592476489028;0.043478260869565216;0.03980099502487562;0.0625;0.03508771929824561;0.0380952380952381
0.5714285714285714;0.281767955801105;0.0;0.04878048780487805;0.05263157894736842;0.14035087719298245;0.0;0.1746031746031746;0.09375;0.06;0.0;0.0;0.17857142857142855;0.10606060606060606;0.1;0.19444444444444442;0.219435736677116;0.21739130434782608;0.1691542288557214;0.15625;0.07017543859649122;0.12380952380952384
0.04081632653061224;0.03314917127071823;0.0;0.05691056910569106;0.02631578947368421;0.07017543859649122;0.06060606060606061;0.031746031746031744;0.0;0.04;0.14285714285714285;0.0625;0.026785714285714284;0.015151515151515152;0.1;0.1111111111111111;0.04702194357366771;0.010869565217391304;0.009950248756218905;0.125;0.03508771929824561;0.01904761904761905
0.02040816326530612;0.027624309392265192;0.0;0.0894308943089431;0.07894736842105263;0.07017543859649122;0.09090909090909091;0.031746031746031744;0.0625;0.04;0.07142857142857142;0.0625;0.08035714285714285;0.09090909090909091;0.06666666666666667;0.1111111111111111;0.05642633228840125;0.05434782608695652;0.03233830845771144;0.0;0.05263157894736842;0.01904761904761905
0.14285714285714285;0.3425414364640884;0.0;0.5609756097560976;0.9736842105263157;0.6842105263157894;1.0;0.23809523809523808;0.875;1.0;0.3571428571428571;0.9375;0.7232142857142857;0.8939393939393939;0.5833333333333334;0.6203703703703703;0.42006269592476486;0.34782608695652173;0.4825870646766169;0.40625;0.5087719298245614;0.523809523809524
0.04081632653061224;0.11049723756906077;0.0;0.016260162601626018;0.10526315789473684;0.12280701754385964;0.0;0.015873015873015872;0.09375;0.1;0.0;0.0;0.15178571428571427;0.15151515151515152;0.0;0.037037037037037035;0.11598746081504702;0.14130434782608695;0.12686567164179105;0.03125;0.03508771929824561;0.10476190476190478
0.36734693877551017;0.4530386740331492;0.0;0.0813008130081301;0.02631578947368421;0.22807017543859648;0.0;0.15873015873015872;0.09375;0.14;0.0;0.0625;0.11607142857142856;0.15151515151515152;0.08333333333333333;0.1111111111111111;0.3667711598746081;0.43478260869565216;0.3009950248756219;0.03125;0.08771929824561403;0.1142857142857143
0.1020408163265306;0.0718232044198895;0.0;0.05691056910569106;0.05263157894736842;0.10526315789473684;0.0;0.06349206349206349;0.125;0.06;0.07142857142857142;0.0625;0.19642857142857142;0.07575757575757576;0.1;0.1388888888888889;0.04388714733542319;0.043478260869565216;0.04975124378109453;0.0625;0.07017543859649122;0.0761904761904762
0.061224489795918366;0.16574585635359118;1.0;0.07317073170731708;0.10526315789473684;0.19298245614035087;0.030303030303030304;0.031746031746031744;0.34375;0.34;0.07142857142857142;0.1875;0.23214285714285712;0.30303030303030304;0.15;0.09259259259259259;0.15987460815047022;0.10869565217391304;0.19900497512437812;0.25;0.14035087719298245;0.26666666666666666
0.02040816326530612;0.016574585635359115;1.0;0.04878048780487805;0.13157894736842105;0.21052631578947367;0.21212121212121213;0.015873015873015872;0.03125;0.06;0.07142857142857142;0.1875;0.04464285714285714;0.015151515151515152;0.1;0.08333333333333333;0.025078369905956112;0.010869565217391304;0.00746268656716418;0.03125;0.03508771929824561;0.01904761904761905
0.02040816326530612;0.18784530386740333;1.0;0.1869918699186992;0.5;0.38596491228070173;0.09090909090909091;0.031746031746031744;0.34375;0.42;0.2857142857142857;0.1875;0.4196428571428571;0.36363636363636365;0.31666666666666665;0.24074074074074073;0.18808777429467086;0.22826086956521738;0.24378109452736318;0.40625;0.2631578947368421;0.2761904761904762
0.02040816326530612;0.1602209944751381;1.0;0.032520325203252036;0.05263157894736842;0.07017543859649122;0.06060606060606061;0.015873015873015872;0.1875;0.16;0.07142857142857142;0.0625;0.15178571428571427;0.06060606060606061;0.1;0.12962962962962962;0.10971786833855798;0.14130434782608695;0.1044776119402985;0.0625;0.14035087719298245;0.1619047619047619
0.2857142857142857;0.5082872928176796;0.0;0.04878048780487805;0.05263157894736842;0.12280701754385964;0.0;0.09523809523809523;0.0625;0.12;0.07142857142857142;0.0625;0.19642857142857142;0.09090909090909091;0.11666666666666667;0.09259259259259259;0.3730407523510971;0.5217391304347826;0.3308457711442786;0.15625;0.10526315789473684;0.14285714285714288
0.3469387755102041;0.13259668508287292;0.0;0.016260162601626018;0.0;0.017543859649122806;0.0;0.1111111111111111;0.0;0.04;0.0;0.0;0.09821428571428571;0.030303030303030304;0.1;0.06481481481481481;0.10971786833855798;0.10869565217391304;0.09203980099502487;0.0;0.03508771929824561;0.08571428571428572
0.04081632653061224;0.0718232044198895;0.0;0.024390243902439025;0.07894736842105263;0.05263157894736842;0.0;0.0;0.03125;0.06;0.0;0.0;0.17857142857142855;0.06060606060606061;0.08333333333333333;0.10185185185185185;0.04702194357366771;0.03260869565217391;0.05721393034825871;0.0625;0.03508771929824561;0.0761904761904762
0.3061224489795918;0.30386740331491713;0.0;0.0975609756097561;0.15789473684210525;0.24561403508771928;0.0;0.1111111111111111;0.09375;0.06;0.0;0.0;0.23214285714285712;0.2272727272727273;0.18333333333333332;0.21296296296296297;0.3009404388714733;0.17391304347826086;0.24378109452736318;0.21875;0.17543859649122806;0.18095238095238098
0.26530612244897955;0.15469613259668508;0.0;0.008130081300813009;0.13157894736842105;0.08771929824561403;0.0;0.06349206349206349;0.0625;0.16;0.0;0.0;0.13392857142857142;0.10606060606060606;0.06666666666666667;0.08333333333333333;0.12852664576802508;0.16304347826086957;0.12686567164179105;0.09375;0.08771929824561403;0.10476190476190478
0.08163265306122448;0.15469613259668508;0.0;0.032520325203252036;0.07894736842105263;0.07017543859649122;0.0;0.015873015873015872;0.03125;0.1;0.0;0.0;0.24107142857142855;0.10606060606060606;0.13333333333333333;0.14814814814814814;0.10031347962382445;0.10869565217391304;0.10945273631840796;0.09375;0.03508771929824561;0.04761904761904762
0.04081632653061224;0.06077348066298342;0.0;0.04878048780487805;0.23684210526315788;0.08771929824561403;0.030303030303030304;0.031746031746031744;0.0625;0.14;0.0;0.0625;0.2589285714285714;0.21212121212121213;0.18333333333333332;0.15740740740740738;0.04702194357366771;0.043478260869565216;0.07462686567164178;0.0625;0.03508771929824561;0.04761904761904762
0.26530612244897955;0.2430939226519337;0.0;0.032520325203252036;0.02631578947368421;0.10526315789473684;0.0;0.06349206349206349;0.0625;0.04;0.0;0.0625;0.15178571428571427;0.10606060606060606;0.05;0.08333333333333333;0.23824451410658307;0.19565217391304346;0.20398009950248755;0.125;0.14035087719298245;0.1904761904761905
0.12244897959183673;0.2596685082872928;0.0;0.21951219512195125;0.631578947368421;0.5263157894736842;0.3939393939393939;0.047619047619047616;0.78125;0.48;0.42857142857142855;0.3125;0.6428571428571428;0.5151515151515151;0.55;0.6944444444444444;0.2789968652037617;0.2608695652173913;0.263681592039801;0.4375;0.49122807017543857;0.40952380952380957
0.0;0.04419889502762431;1.0;0.06504065040650407;0.13157894736842105;0.15789473684210525;0.15151515151515152;0.0;0.09375;0.06;0.14285714285714285;0.1875;0.08928571428571427;0.10606060606060606;0.18333333333333332;0.16666666666666666;0.06269592476489028;0.06521739130434782;0.02736318407960199;0.09375;0.03508771929824561;0.04761904761904762
0.04081632653061224;0.18232044198895025;0.0;0.016260162601626018;0.0;0.05263157894736842;0.0;0.015873015873015872;0.03125;0.14;0.07142857142857142;0.0;0.13392857142857142;0.12121212121212122;0.06666666666666667;0.12037037037037036;0.15987460815047022;0.13043478260869565;0.13930348258706468;0.09375;0.07017543859649122;0.09523809523809526
0.061224489795918366;0.08839779005524862;1.0;0.008130081300813009;0.07894736842105263;0.08771929824561403;0.030303030303030304;0.047619047619047616;0.03125;0.08;0.14285714285714285;0.0625;0.09821428571428571;0.07575757575757576;0.1;0.12962962962962962;0.07523510971786833;0.07608695652173914;0.05223880597014925;0.0;0.10526315789473684;0.09523809523809526
0.3061224489795918;0.7071823204419889;0.0;0.5365853658536586;0.15789473684210525;0.3508771929824561;0.09090909090909091;0.19047619047619047;0.4375;0.46;0.07142857142857142;0.125;0.7589285714285714;0.5606060606060607;0.43333333333333335;0.3611111111111111;0.5047021943573667;0.5434782608695652;0.5621890547263682;0.5625;0.3333333333333333;0.4761904761904762
0.061224489795918366;0.06629834254143646;0.0;0.04878048780487805;0.18421052631578946;0.03508771929824561;0.030303030303030304;0.031746031746031744;0.1875;0.08;0.07142857142857142;0.125;0.16964285714285712;0.06060606060606061;0.13333333333333333;0.16666666666666666;0.06896551724137931;0.08695652173913043;0.05721393034825871;0.28125;0.10526315789473684;0.08571428571428572
0.061224489795918366;0.07734806629834254;1.0;0.04878048780487805;0.05263157894736842;0.10526315789473684;0.030303030303030304;0.047619047619047616;0.0625;0.04;0.07142857142857142;0.0;0.09821428571428571;0.06060606060606061;0.03333333333333333;0.07407407407407407;0.07210031347962383;0.06521739130434782;0.05970149253731344;0.0625;0.017543859649122806;0.028571428571428574
0.04081632653061224;0.15469613259668508;0.0;0.024390243902439025;0.07894736842105263;0.05263157894736842;0.0;0.015873015873015872;0.0625;0.04;0.0;0.0;0.14285714285714285;0.07575757575757576;0.16666666666666666;0.12037037037037036;0.11598746081504702;0.03260869565217391;0.0945273631840796;0.0625;0.15789473684210525;0.1523809523809524
0.14285714285714285;0.5082872928176796;0.0;0.10569105691056911;0.05263157894736842;0.15789473684210525;0.0;0.07936507936507936;0.0;0.14;0.0;0.0;0.33928571428571425;0.21212121212121213;0.26666666666666666;0.4074074074074074;0.3667711598746081;0.31521739130434784;0.2835820895522388;0.1875;0.22807017543859648;0.3142857142857143
0.061224489795918366;0.48066298342541436;1.0;0.2682926829268293;0.763157894736842;0.5964912280701754;0.8181818181818182;0.047619047619047616;1.0;0.58;0.5714285714285714;0.625;0.7589285714285714;0.7121212121212122;1.0;1.0;0.44827586206896547;0.33695652173913043;0.3606965174129353;0.75;0.7894736842105263;0.6190476190476192
0.061224489795918366;0.39779005524861877;0.0;0.34146341463414637;0.2894736842105263;0.38596491228070173;0.09090909090909091;0.1746031746031746;0.15625;0.32;0.14285714285714285;0.3125;0.4821428571428571;0.3484848484848485;0.4666666666666667;0.2685185185185185;0.3855799373040752;0.3913043478260869;0.39800995024875624;0.375;0.2982456140350877;0.4
0.26530612244897955;0.7955801104972375;1.0;0.4471544715447155;0.2631578947368421;0.5438596491228069;0.15151515151515152;0.19047619047619047;0.53125;0.34;0.21428571428571427;0.375;0.5714285714285714;0.4393939393939394;0.6166666666666667;0.5277777777777778;0.7021943573667712;0.5978260869565217;0.6069651741293532;0.53125;0.5964912280701754;0.6285714285714287
0.22448979591836732;0.3812154696132597;0.0;0.04065040650406505;0.10526315789473684;0.17543859649122806;0.0;0.20634920634920634;0.0625;0.14;0.07142857142857142;0.0625;0.26785714285714285;0.18181818181818182;0.16666666666666666;0.09259259259259259;0.31034482758620685;0.31521739130434784;0.3034825870646766;0.15625;0.14035087719298245;0.1619047619047619
0.1020408163265306;0.11049723756906077;0.0;0.0;0.07894736842105263;0.10526315789473684;0.0;0.06349206349206349;0.03125;0.08;0.0;0.0;0.08035714285714285;0.07575757575757576;0.06666666666666667;0.1111111111111111;0.10031347962382445;0.09782608695652173;0.07213930348258707;0.0625;0.08771929824561403;0.10476190476190478
0.14285714285714285;0.39226519337016574;0.0;0.1788617886178862;0.23684210526315788;0.2982456140350877;0.030303030303030304;0.06349206349206349;0.25;0.42;0.21428571428571427;0.25;0.3839285714285714;0.4393939393939394;0.3;0.48148148148148145;0.3510971786833855;0.3913043478260869;0.29850746268656714;0.375;0.45614035087719296;0.4380952380952381
0.14285714285714285;0.3701657458563536;0.0;0.34146341463414637;0.39473684210526316;0.6491228070175439;0.15151515151515152;0.20634920634920634;0.34375;0.32;0.3571428571428571;0.125;0.5446428571428571;0.4545454545454546;0.3833333333333333;0.4629629629629629;0.3667711598746081;0.34782608695652173;0.34825870646766166;0.71875;0.5964912280701754;0.4285714285714286
0.02040816326530612;0.1602209944751381;0.0;0.032520325203252036;0.05263157894736842;0.17543859649122806;0.0;0.06349206349206349;0.0;0.02;0.0;0.0;0.09821428571428571;0.0;0.06666666666666667;0.12037037037037036;0.12539184952978058;0.09782608695652173;0.08706467661691542;0.21875;0.10526315789473684;0.10476190476190478
0.42857142857142855;0.8674033149171271;0.0;0.41463414634146345;0.5526315789473684;0.7894736842105263;0.18181818181818182;0.3333333333333333;0.84375;0.78;0.2857142857142857;0.5625;0.9285714285714285;0.7121212121212122;0.7166666666666667;0.5092592592592592;0.7774294670846394;0.717391304347826;0.8258706467661692;0.8125;1.0;1.0000000000000002
0.12244897959183673;0.35359116022099446;0.0;0.1951219512195122;0.5;0.47368421052631576;0.2727272727272727;0.14285714285714285;0.21875;0.38;0.21428571428571427;0.3125;0.375;0.3939393939393939;0.23333333333333334;0.4074074074074074;0.3228840125391849;0.19565217391304346;0.2885572139303483;0.34375;0.3508771929824561;0.3619047619047619
0.2040816326530612;0.4198895027624309;0.0;0.04878048780487805;0.07894736842105263;0.10526315789473684;0.0;0.19047619047619047;0.0625;0.04;0.0;0.0;0.16964285714285712;0.07575757575757576;0.11666666666666667;0.17592592592592593;0.3197492163009404;0.30434782608695654;0.24875621890547261;0.1875;0.21052631578947367;0.2571428571428572
0.6326530612244897;0.425414364640884;0.0;0.0894308943089431;0.05263157894736842;0.21052631578947367;0.0;0.1746031746031746;0.0;0.04;0.0;0.0;0.14285714285714285;0.13636363636363635;0.15;0.06481481481481481;0.445141065830721;0.5;0.3706467661691542;0.21875;0.14035087719298245;0.26666666666666666
0.32653061224489793;0.430939226519337;0.0;0.15447154471544716;0.23684210526315788;0.38596491228070173;0.15151515151515152;0.047619047619047616;0.09375;0.16;0.14285714285714285;0.25;0.33928571428571425;0.2272727272727273;0.2833333333333333;0.6759259259259259;0.39498432601880873;0.22826086956521738;0.236318407960199;0.34375;0.43859649122807015;0.37142857142857144
0.02040816326530612;0.15469613259668508;1.0;0.1788617886178862;0.2631578947368421;0.38596491228070173;0.12121212121212122;0.06349206349206349;0.0;0.18;0.14285714285714285;0.1875;0.25;0.21212121212121213;0.2;0.3796296296296296;0.17868338557993732;0.10869565217391304;0.12189054726368159;0.1875;0.19298245614035087;0.2571428571428572
0.2040816326530612;0.47513812154696133;0.0;0.1626016260162602;0.13157894736842105;0.14035087719298245;0.030303030303030304;0.15873015873015872;0.15625;0.1;0.07142857142857142;0.0625;0.33035714285714285;0.09090909090909091;0.25;0.09259259259259259;0.329153605015674;0.30434782608695654;0.3308457711442786;0.1875;0.12280701754385964;0.18095238095238098
0.24489795918367346;0.6243093922651933;0.0;0.2601626016260163;0.3684210526315789;0.42105263157894735;0.2727272727272727;0.07936507936507936;0.6875;0.66;0.14285714285714285;0.3125;0.6785714285714285;0.6363636363636364;0.8166666666666667;0.5925925925925926;0.5015673981191222;0.40217391304347827;0.5;0.28125;0.38596491228070173;0.3904761904761905
0.08163265306122448;0.16574585635359118;0.0;0.032520325203252036;0.07894736842105263;0.10526315789473684;0.030303030303030304;0.031746031746031744;0.09375;0.12;0.0;0.0625;0.1607142857142857;0.12121212121212122;0.13333333333333333;0.09259259259259259;0.12539184952978058;0.11956521739130435;0.12437810945273631;0.0;0.10526315789473684;0.08571428571428572
0.061224489795918366;0.15469613259668508;0.0;0.008130081300813009;0.07894736842105263;0.07017543859649122;0.030303030303030304;0.015873015873015872;0.0625;0.06;0.0;0.0;0.13392857142857142;0.09090909090909091;0.08333333333333333;0.12962962962962962;0.13793103448275862;0.10869565217391304;0.10945273631840796;0.03125;0.07017543859649122;0.10476190476190478
0.0;0.049723756906077346;1.0;0.032520325203252036;0.0;0.07017543859649122;0.0;0.031746031746031744;0.0;0.02;0.07142857142857142;0.0;0.07142857142857142;0.12121212121212122;0.03333333333333333;0.05555555555555555;0.04075235109717868;0.043478260869565216;0.02985074626865672;0.0;0.0;0.009523809523809525
0.08163265306122448;0.12154696132596686;1.0;0.0894308943089431;0.05263157894736842;0.12280701754385964;0.0;0.047619047619047616;0.0;0.04;0.0;0.0625;0.16964285714285712;0.09090909090909091;0.03333333333333333;0.08333333333333333;0.13166144200626959;0.17391304347826086;0.12437810945273631;0.0625;0.14035087719298245;0.1619047619047619
0.0;0.17679558011049723;0.0;0.04065040650406505;0.02631578947368421;0.03508771929824561;0.0;0.06349206349206349;0.03125;0.08;0.0;0.0625;0.08928571428571427;0.07575757575757576;0.05;0.037037037037037035;0.13793103448275862;0.14130434782608695;0.12437810945273631;0.0625;0.08771929824561403;0.20000000000000004
0.22448979591836732;0.4585635359116022;1.0;0.2764227642276423;0.3157894736842105;0.43859649122807015;0.06060606060606061;0.15873015873015872;0.1875;0.24;0.07142857142857142;0.125;0.4196428571428571;0.3181818181818182;0.23333333333333334;0.2685185185185185;0.3385579937304075;0.3804347826086956;0.3333333333333333;0.1875;0.3157894736842105;0.4
0.5306122448979591;0.5193370165745856;1.0;0.20325203252032523;0.05263157894736842;0.15789473684210525;0.030303030303030304;0.47619047619047616;0.0;0.12;0.0;0.0625;0.2857142857142857;0.15151515151515152;0.15;0.09259259259259259;0.39811912225705326;0.5108695652173912;0.3756218905472637;0.125;0.14035087719298245;0.17142857142857146
0.14285714285714285;0.39226519337016574;0.0;0.0813008130081301;0.02631578947368421;0.15789473684210525;0.0;0.2222222222222222;0.09375;0.18;0.07142857142857142;0.0;0.16964285714285712;0.07575757575757576;0.3;0.21296296296296297;0.28213166144200624;0.31521739130434784;0.2263681592039801;0.03125;0.05263157894736842;0.13333333333333336
0.02040816326530612;0.10497237569060773;1.0;0.13008130081300814;0.23684210526315788;0.19298245614035087;0.09090909090909091;0.06349206349206349;0.21875;0.36;0.2857142857142857;0.25;0.25;0.21212121212121213;0.16666666666666666;0.12037037037037036;0.07523510971786833;0.10869565217391304;0.1318407960199005;0.28125;0.12280701754385964;0.1142857142857143
0.0;0.0;1.0;0.008130081300813009;0.02631578947368421;0.017543859649122806;0.030303030303030304;0.0;0.0;0.04;0.0;0.0;0.017857142857142856;0.030303030303030304;0.05;0.037037037037037035;0.012539184952978056;0.010869565217391304;0.0;0.0;0.0;0.0
0.4081632653061224;0.27624309392265195;0.0;0.04065040650406505;0.05263157894736842;0.15789473684210525;0.0;0.2222222222222222;0.03125;0.1;0.0;0.0625;0.19642857142857142;0.09090909090909091;0.05;0.08333333333333333;0.23824451410658307;0.31521739130434784;0.22388059701492538;0.0625;0.05263157894736842;0.0761904761904762
0.0;0.03867403314917127;1.0;0.04878048780487805;0.10526315789473684;0.08771929824561403;0.030303030303030304;0.031746031746031744;0.0625;0.16;0.07142857142857142;0.0625;0.125;0.10606060606060606;0.1;0.046296296296296294;0.05642633228840125;0.06521739130434782;0.07711442786069651;0.0;0.05263157894736842;0.12380952380952384
0.0;0.04419889502762431;1.0;0.024390243902439025;0.02631578947368421;0.10526315789473684;0.030303030303030304;0.031746031746031744;0.0;0.08;0.0;0.0;0.0625;0.09090909090909091;0.08333333333333333;0.05555555555555555;0.05329153605015673;0.07608695652173914;0.04477611940298507;0.0;0.10526315789473684;0.057142857142857155
0.04081632653061224;0.11602209944751381;1.0;0.0894308943089431;0.21052631578947367;0.14035087719298245;0.06060606060606061;0.015873015873015872;0.09375;0.2;0.07142857142857142;0.0625;0.0625;0.12121212121212122;0.06666666666666667;0.05555555555555555;0.07836990595611285;0.08695652173913043;0.07960199004975124;0.25;0.12280701754385964;0.057142857142857155
0.08163265306122448;0.1602209944751381;0.0;0.0975609756097561;0.07894736842105263;0.12280701754385964;0.0;0.015873015873015872;0.375;0.32;0.07142857142857142;0.0625;0.3125;0.33333333333333337;0.15;0.1388888888888889;0.15047021943573669;0.20652173913043478;0.19900497512437812;0.1875;0.15789473684210525;0.20000000000000004
0.18367346938775508;0.17679558011049723;0.0;0.032520325203252036;0.02631578947368421;0.14035087719298245;0.030303030303030304;0.015873015873015872;0.15625;0.14;0.07142857142857142;0.0625;0.24107142857142855;0.19696969696969696;0.08333333333333333;0.18518518518518517;0.15047021943573669;0.13043478260869565;0.14427860696517414;0.15625;0.08771929824561403;0.12380952380952384
0.04081632653061224;0.2154696132596685;0.0;0.04878048780487805;0.13157894736842105;0.14035087719298245;0.0;0.015873015873015872;0.125;0.16;0.0;0.0;0.2589285714285714;0.25757575757575757;0.2;0.12037037037037036;0.2006269592476489;0.14130434782608695;0.208955223880597;0.0625;0.19298245614035087;0.2571428571428572
0.22448979591836732;0.47513812154696133;0.0;0.1788617886178862;0.3421052631578947;0.19298245614035087;0.12121212121212122;0.1111111111111111;0.25;0.18;0.07142857142857142;0.125;0.46428571428571425;0.19696969696969696;0.4666666666666667;0.35185185185185186;0.3510971786833855;0.358695652173913;0.32587064676616917;0.25;0.22807017543859648;0.24761904761904766
0.0;0.19889502762430938;0.0;0.11382113821138212;0.10526315789473684;0.07017543859649122;0.0;0.031746031746031744;0.125;0.08;0.0;0.125;0.15178571428571427;0.09090909090909091;0.36666666666666664;0.21296296296296297;0.1755485893416928;0.03260869565217391;0.12437810945273631;0.125;0.3157894736842105;0.21904761904761907
0.3469387755102041;0.2044198895027624;0.0;0.008130081300813009;0.0;0.07017543859649122;0.0;0.07936507936507936;0.0;0.02;0.0;0.0;0.03571428571428571;0.030303030303030304;0.03333333333333333;0.10185185185185185;0.2006269592476489;0.13043478260869565;0.13432835820895522;0.0;0.12280701754385964;0.14285714285714288
0.3061224489795918;0.18232044198895025;0.0;0.016260162601626018;0.07894736842105263;0.05263157894736842;0.0;0.047619047619047616;0.0625;0.04;0.0;0.0;0.11607142857142856;0.045454545454545456;0.05;0.1388888888888889;0.1536050156739812;0.11956521739130435;0.11194029850746269;0.0625;0.07017543859649122;0.1142857142857143
0.18367346938775508;0.4530386740331492;0.0;0.07317073170731708;0.2894736842105263;0.22807017543859648;0.0;0.25396825396825395;0.25;0.28;0.07142857142857142;0.0625;0.5267857142857143;0.4090909090909091;0.26666666666666666;0.24074074074074073;0.33228840125391845;0.5;0.3706467661691542;0.1875;0.17543859649122806;0.3142857142857143
0.22448979591836732;0.3591160220994475;1.0;0.1626016260162602;0.10526315789473684;0.3157894736842105;0.030303030303030304;0.07936507936507936;0.125;0.2;0.14285714285714285;0.125;0.4821428571428571;0.25757575757575757;0.3333333333333333;0.23148148148148145;0.2570532915360501;0.2717391304347826;0.291044776119403;0.1875;0.2807017543859649;0.2857142857142857
0.04081632653061224;0.2154696132596685;1.0;0.05691056910569106;0.07894736842105263;0.14035087719298245;0.12121212121212122;0.06349206349206349;0.15625;0.2;0.07142857142857142;0.0;0.2857142857142857;0.18181818181818182;0.11666666666666667;0.25925925925925924;0.15987460815047022;0.14130434782608695;0.1517412935323383;0.125;0.21052631578947367;0.26666666666666666
0.2857142857142857;0.17679558011049723;1.0;0.0975609756097561;0.07894736842105263;0.14035087719298245;0.030303030303030304;0.14285714285714285;0.03125;0.14;0.07142857142857142;0.125;0.20535714285714285;0.16666666666666669;0.11666666666666667;0.046296296296296294;0.1536050156739812;0.09782608695652173;0.17412935323383083;0.125;0.07017543859649122;0.04761904761904762
0.32653061224489793;0.4033149171270718;0.0;0.06504065040650407;0.05263157894736842;0.03508771929824561;0.0;0.12698412698412698;0.03125;0.04;0.0;0.0;0.2232142857142857;0.06060606060606061;0.05;0.12037037037037036;0.28213166144200624;0.2608695652173913;0.24875621890547261;0.125;0.08771929824561403;0.1619047619047619
0.4081632653061224;0.5359116022099447;0.0;0.1869918699186992;0.13157894736842105;0.2631578947368421;0.0;0.23809523809523808;0.15625;0.1;0.0;0.0625;0.2232142857142857;0.18181818181818182;0.2;0.1111111111111111;0.3887147335423197;0.4891304347826087;0.34328358208955223;0.03125;0.14035087719298245;0.2571428571428572
0.18367346938775508;0.4475138121546961;0.0;0.33333333333333337;0.5263157894736842;0.2631578947368421;0.030303030303030304;0.2222222222222222;0.25;0.26;0.0;0.0625;0.39285714285714285;0.2878787878787879;0.26666666666666666;0.21296296296296297;0.36990595611285265;0.43478260869565216;0.3681592039800995;0.25;0.15789473684210525;0.20952380952380956
0.26530612244897955;0.3314917127071823;0.0;0.05691056910569106;0.13157894736842105;0.05263157894736842;0.0;0.14285714285714285;0.0;0.14;0.07142857142857142;0.0;0.09821428571428571;0.09090909090909091;0.05;0.009259259259259259;0.26645768025078365;0.3695652173913043;0.24378109452736318;0.09375;0.03508771929824561;0.1142857142857143
0.3469387755102041;0.39779005524861877;0.0;0.0813008130081301;0.02631578947368421;0.08771929824561403;0.0;0.30158730158730157;0.0;0.02;0.0;0.0;0.13392857142857142;0.030303030303030304;0.1;0.037037037037037035;0.2789968652037617;0.3913043478260869;0.24129353233830847;0.125;0.0;0.06666666666666668
0.08163265306122448;0.2154696132596685;0.0;0.29268292682926833;0.5789473684210527;0.3684210526315789;0.15151515151515152;0.09523809523809523;0.34375;0.38;0.21428571428571427;0.125;0.24107142857142855;0.33333333333333337;0.25;0.25;0.2006269592476489;0.2391304347826087;0.19651741293532338;0.28125;0.3157894736842105;0.34285714285714286
0.18367346938775508;0.46408839779005523;0.0;0.15447154471544716;0.07894736842105263;0.05263157894736842;0.0;0.2222222222222222;0.0;0.08;0.0;0.0;0.2232142857142857;0.16666666666666669;0.3;0.1111111111111111;0.3510971786833855;0.4782608695652174;0.31094527363184077;0.15625;0.10526315789473684;0.1904761904761905
0.16326530612244897;0.281767955801105;0.0;0.0813008130081301;0.10526315789473684;0.15789473684210525;0.0;0.20634920634920634;0.0;0.0;0.0;0.0625;0.1607142857142857;0.015151515151515152;0.1;0.0;0.21630094043887146;0.18478260869565216;0.2064676616915423;0.0625;0.03508771929824561;0.10476190476190478
0.1020408163265306;0.4143646408839779;0.0;0.7560975609756099;0.6578947368421052;0.5614035087719298;0.12121212121212122;0.2698412698412698;0.40625;0.6;0.14285714285714285;0.125;0.5803571428571428;0.6818181818181819;0.3333333333333333;0.37037037037037035;0.34796238244514105;0.41304347826086957;0.40298507462686567;0.40625;0.2631578947368421;0.37142857142857144
0.2857142857142857;0.6850828729281768;0.0;1.0;1.0;0.6842105263157894;0.30303030303030304;0.25396825396825395;0.6875;0.74;0.42857142857142855;0.375;0.9285714285714285;0.7272727272727273;0.5;0.5648148148148148;0.5736677115987461;0.6847826086956521;0.6442786069651741;0.625;0.6666666666666666;0.761904761904762
0.08163265306122448;0.19337016574585636;1.0;0.11382113821138212;0.10526315789473684;0.19298245614035087;0.0;0.047619047619047616;0.03125;0.06;0.0;0.0;0.13392857142857142;0.09090909090909091;0.05;0.06481481481481481;0.13166144200626959;0.14130434782608695;0.12189054726368159;0.15625;0.05263157894736842;0.21904761904761907
0.1020408163265306;0.27071823204419887;0.0;0.024390243902439025;0.15789473684210525;0.14035087719298245;0.0;0.1746031746031746;0.03125;0.02;0.0;0.0625;0.10714285714285714;0.10606060606060606;0.15;0.018518518518518517;0.21316614420062696;0.16304347826086957;0.18656716417910446;0.09375;0.08771929824561403;0.10476190476190478
0.1020408163265306;0.16574585635359118;0.0;0.04065040650406505;0.05263157894736842;0.05263157894736842;0.030303030303030304;0.031746031746031744;0.125;0.12;0.07142857142857142;0.0625;0.10714285714285714;0.15151515151515152;0.16666666666666666;0.3055555555555555;0.21003134796238246;0.05434782608695652;0.11940298507462688;0.125;0.3333333333333333;0.2857142857142857
0.5306122448979591;0.26519337016574585;0.0;0.11382113821138212;0.15789473684210525;0.22807017543859648;0.0;0.23809523809523808;0.125;0.16;0.0;0.125;0.24107142857142855;0.2272727272727273;0.25;0.23148148148148145;0.2946708463949843;0.20652173913043478;0.24875621890547261;0.0625;0.21052631578947367;0.2380952380952381
0.3061224489795918;0.2099447513812155;0.0;0.032520325203252036;0.05263157894736842;0.03508771929824561;0.0;0.07936507936507936;0.03125;0.08;0.0;0.0;0.0625;0.030303030303030304;0.05;0.08333333333333333;0.14106583072100315;0.11956521739130435;0.10696517412935323;0.03125;0.10526315789473684;0.0761904761904762
0.0;0.14917127071823205;1.0;0.0894308943089431;0.18421052631578946;0.12280701754385964;0.24242424242424243;0.015873015873015872;0.0625;0.22;0.21428571428571427;0.25;0.14285714285714285;0.12121212121212122;0.08333333333333333;0.15740740740740738;0.10344827586206896;0.043478260869565216;0.09701492537313433;0.1875;0.17543859649122806;0.12380952380952384
0.14285714285714285;0.13812154696132595;0.0;0.04065040650406505;0.15789473684210525;0.22807017543859648;0.0;0.015873015873015872;0.09375;0.06;0.0;0.0;0.3214285714285714;0.21212121212121213;0.15;0.19444444444444442;0.1724137931034483;0.10869565217391304;0.17164179104477612;0.0625;0.21052631578947367;0.2380952380952381
0.1020408163265306;0.18232044198895025;0.0;0.04065040650406505;0.07894736842105263;0.07017543859649122;0.0;0.047619047619047616;0.0625;0.02;0.0;0.0;0.21428571428571427;0.07575757575757576;0.11666666666666667;0.027777777777777776;0.18495297805642633;0.10869565217391304;0.19154228855721392;0.0625;0.17543859649122806;0.13333333333333336
0.061224489795918366;0.23204419889502764;0.0;0.04878048780487805;0.07894736842105263;0.10526315789473684;0.0;0.06349206349206349;0.0;0.08;0.0;0.0;0.1875;0.06060606060606061;0.06666666666666667;0.07407407407407407;0.15987460815047022;0.11956521739130435;0.15920398009950248;0.03125;0.12280701754385964;0.14285714285714288
0.04081632653061224;0.09944751381215469;1.0;0.11382113821138212;0.2894736842105263;0.3684210526315789;0.24242424242424243;0.015873015873015872;0.40625;0.46;0.2857142857142857;0.125;0.5;0.36363636363636365;0.21666666666666667;0.38888888888888884;0.10971786833855798;0.15217391304347827;0.1691542288557214;0.25;0.3508771929824561;0.3238095238095238
0.14285714285714285;0.12154696132596686;0.0;0.032520325203252036;0.0;0.05263157894736842;0.0;0.0;0.03125;0.04;0.07142857142857142;0.0;0.15178571428571427;0.07575757575757576;0.06666666666666667;0.027777777777777776;0.10344827586206896;0.05434782608695652;0.11194029850746269;0.03125;0.017543859649122806;0.0761904761904762
0.02040816326530612;0.049723756906077346;0.0;0.016260162601626018;0.10526315789473684;0.07017543859649122;0.06060606060606061;0.015873015873015872;0.03125;0.02;0.0;0.0625;0.17857142857142855;0.06060606060606061;0.16666666666666666;0.05555555555555555;0.04702194357366771;0.06521739130434782;0.06467661691542288;0.0;0.05263157894736842;0.06666666666666668
0.14285714285714285;0.3259668508287293;0.0;0.13008130081300814;0.05263157894736842;0.12280701754385964;0.0;0.1111111111111111;0.25;0.08;0.07142857142857142;0.0625;0.2857142857142857;0.16666666666666669;0.18333333333333332;0.21296296296296297;0.26018808777429464;0.19565217391304346;0.2288557213930348;0.0625;0.14035087719298245;0.20000000000000004
0.3877551020408163;0.3425414364640884;0.0;0.06504065040650407;0.10526315789473684;0.19298245614035087;0.0;0.07936507936507936;0.28125;0.1;0.21428571428571427;0.125;0.2232142857142857;0.12121212121212122;0.26666666666666666;0.2685185185185185;0.3166144200626959;0.21739130434782608;0.24378109452736318;0.1875;0.14035087719298245;0.20952380952380956
0.16326530612244897;0.3259668508287293;0.0;0.016260162601626018;0.10526315789473684;0.07017543859649122;0.0;0.12698412698412698;0.0;0.02;0.0;0.0;0.2232142857142857;0.07575757575757576;0.05;0.09259259259259259;0.2476489028213166;0.25;0.2263681592039801;0.125;0.12280701754385964;0.1523809523809524
0.12244897959183673;0.10497237569060773;1.0;0.2601626016260163;0.3421052631578947;0.38596491228070173;0.24242424242424243;0.047619047619047616;0.375;0.48;0.21428571428571427;0.25;0.39285714285714285;0.4696969696969697;0.43333333333333335;0.5092592592592592;0.13479623824451412;0.10869565217391304;0.12935323383084577;0.09375;0.2807017543859649;0.2571428571428572
0.9591836734693877;0.6077348066298343;0.0;0.0894308943089431;0.15789473684210525;0.14035087719298245;0.0;0.30158730158730157;0.0625;0.12;0.0;0.1875;0.3125;0.16666666666666669;0.16666666666666666;0.35185185185185186;0.46081504702194354;0.4782608695652174;0.36318407960199006;0.09375;0.2631578947368421;0.3238095238095238
0.18367346938775508;0.06077348066298342;1.0;0.0813008130081301;0.18421052631578946;0.12280701754385964;0.09090909090909091;0.015873015873015872;0.28125;0.1;0.2857142857142857;0.0625;0.19642857142857142;0.16666666666666669;0.21666666666666667;0.24074074074074073;0.08463949843260188;0.06521739130434782;0.05970149253731344;0.0625;0.15789473684210525;0.1142857142857143
0.061224489795918366;0.09944751381215469;0.0;0.07317073170731708;0.02631578947368421;0.14035087719298245;0.0;0.015873015873015872;0.0625;0.08;0.14285714285714285;0.125;0.10714285714285714;0.09090909090909091;0.15;0.16666666666666666;0.06896551724137931;0.09782608695652173;0.03980099502487562;0.09375;0.07017543859649122;0.0761904761904762
0.26530612244897955;0.6077348066298343;0.0;0.10569105691056911;0.0;0.21052631578947367;0.0;0.14285714285714285;0.09375;0.06;0.0;0.0;0.15178571428571427;0.07575757575757576;0.21666666666666667;0.15740740740740738;0.40438871473354226;0.358695652173913;0.31840796019900497;0.1875;0.10526315789473684;0.13333333333333336
0.1020408163265306;0.1270718232044199;1.0;0.06504065040650407;0.15789473684210525;0.2807017543859649;0.12121212121212122;0.06349206349206349;0.25;0.2;0.07142857142857142;0.0;0.3125;0.30303030303030304;0.2;0.21296296296296297;0.14733542319749218;0.15217391304347827;0.1616915422885572;0.15625;0.19298245614035087;0.13333333333333336
0.02040816326530612;0.04419889502762431;1.0;0.016260162601626018;0.0;0.10526315789473684;0.0;0.031746031746031744;0.0;0.08;0.0;0.0;0.05357142857142857;0.12121212121212122;0.05;0.046296296296296294;0.04702194357366771;0.03260869565217391;0.03980099502487562;0.03125;0.07017543859649122;0.08571428571428572
0.4081632653061224;0.3701657458563536;0.0;0.0894308943089431;0.05263157894736842;0.2807017543859649;0.0;0.15873015873015872;0.09375;0.08;0.0;0.0;0.33928571428571425;0.18181818181818182;0.26666666666666666;0.21296296296296297;0.2852664576802508;0.21739130434782608;0.263681592039801;0.3125;0.21052631578947367;0.2571428571428572
0.2857142857142857;0.3425414364640884;0.0;0.4634146341463415;0.7368421052631579;1.0;0.696969696969697;0.12698412698412698;0.71875;0.8;1.0;1.0;0.8571428571428571;0.6818181818181819;0.5666666666666667;0.9259259259259258;0.38244514106583066;0.31521739130434784;0.38308457711442784;0.625;0.6842105263157894;0.7333333333333334
0.6326530612244897;0.580110497237569;0.0;0.06504065040650407;0.05263157894736842;0.14035087719298245;0.0;0.14285714285714285;0.125;0.12;0.07142857142857142;0.0;0.23214285714285712;0.15151515151515152;0.18333333333333332;0.35185185185185186;0.4231974921630094;0.43478260869565216;0.31094527363184077;0.21875;0.22807017543859648;0.20952380952380956
0.14285714285714285;0.32044198895027626;1.0;0.23577235772357727;0.3684210526315789;0.3157894736842105;0.30303030303030304;0.031746031746031744;0.375;0.32;0.7142857142857142;0.4375;0.6339285714285714;0.4696969696969697;0.4666666666666667;0.4629629629629629;0.2915360501567398;0.21739130434782608;0.31343283582089554;0.28125;0.5263157894736842;0.4857142857142857
0.061224489795918366;0.1270718232044199;1.0;0.0894308943089431;0.02631578947368421;0.14035087719298245;0.0;0.0;0.03125;0.04;0.0;0.0;0.13392857142857142;0.13636363636363635;0.06666666666666667;0.18518518518518517;0.10658307210031347;0.10869565217391304;0.06716417910447761;0.1875;0.12280701754385964;0.10476190476190478
0.14285714285714285;0.3756906077348066;0.0;0.04878048780487805;0.02631578947368421;0.14035087719298245;0.0;0.047619047619047616;0.03125;0.08;0.0;0.0625;0.20535714285714285;0.045454545454545456;0.08333333333333333;0.09259259259259259;0.26332288401253917;0.19565217391304346;0.24129353233830847;0.09375;0.10526315789473684;0.09523809523809526
0.061224489795918366;0.14917127071823205;1.0;0.0813008130081301;0.13157894736842105;0.21052631578947367;0.09090909090909091;0.015873015873015872;0.34375;0.42;0.21428571428571427;0.0;0.2857142857142857;0.19696969696969696;0.18333333333333332;0.2685185185185185;0.13479623824451412;0.14130434782608695;0.15671641791044777;0.25;0.12280701754385964;0.1619047619047619
0.061224489795918366;0.03867403314917127;1.0;0.008130081300813009;0.0;0.0;0.0;0.047619047619047616;0.0;0.02;0.0;0.0;0.0;0.015151515151515152;0.0;0.018518518518518517;0.028213166144200625;0.03260869565217391;0.009950248756218905;0.0625;0.017543859649122806;0.01904761904761905
0.08163265306122448;0.23204419889502764;0.0;0.0975609756097561;0.05263157894736842;0.22807017543859648;0.0;0.015873015873015872;0.09375;0.1;0.14285714285714285;0.0625;0.21428571428571427;0.15151515151515152;0.11666666666666667;0.06481481481481481;0.18495297805642633;0.13043478260869565;0.19154228855721392;0.15625;0.14035087719298245;0.20000000000000004
0.2040816326530612;0.1602209944751381;0.0;0.008130081300813009;0.05263157894736842;0.03508771929824561;0.0;0.0;0.0625;0.04;0.0;0.0625;0.14285714285714285;0.09090909090909091;0.05;0.05555555555555555;0.12852664576802508;0.14130434782608695;0.12189054726368159;0.03125;0.03508771929824561;0.0761904761904762
0.061224489795918366;0.14364640883977903;1.0;0.05691056910569106;0.0;0.08771929824561403;0.0;0.0;0.0;0.02;0.0;0.0;0.008928571428571428;0.0;0.08333333333333333;0.05555555555555555;0.09404388714733541;0.07608695652173914;0.05472636815920398;0.0;0.10526315789473684;0.06666666666666668
0.16326530612244897;0.18232044198895025;1.0;0.1869918699186992;0.15789473684210525;0.21052631578947367;0.06060606060606061;0.06349206349206349;0.1875;0.26;0.2857142857142857;0.125;0.24107142857142855;0.2727272727272727;0.2;0.2685185185185185;0.15987460815047022;0.16304347826086957;0.14427860696517414;0.09375;0.19298245614035087;0.13333333333333336
0.4897959183673469;0.24861878453038677;0.0;0.032520325203252036;0.07894736842105263;0.2807017543859649;0.0;0.23809523809523808;0.0;0.04;0.0;0.0625;0.15178571428571427;0.06060606060606061;0.18333333333333332;0.17592592592592593;0.26332288401253917;0.25;0.19900497512437812;0.0625;0.08771929824561403;0.18095238095238098
0.14285714285714285;0.12154696132596686;1.0;0.024390243902439025;0.15789473684210525;0.07017543859649122;0.030303030303030304;0.06349206349206349;0.0625;0.06;0.0;0.0;0.11607142857142856;0.12121212121212122;0.08333333333333333;0.1388888888888889;0.12225705329153604;0.08695652173913043;0.08955223880597014;0.0625;0.10526315789473684;0.10476190476190478
0.04081632653061224;0.011049723756906077;1.0;0.06504065040650407;0.07894736842105263;0.14035087719298245;0.0;0.031746031746031744;0.125;0.1;0.07142857142857142;0.125;0.05357142857142857;0.030303030303030304;0.06666666666666667;0.07407407407407407;0.034482758620689655;0.05434782608695652;0.02487562189054726;0.09375;0.017543859649122806;0.04761904761904762
0.04081632653061224;0.23204419889502764;0.0;0.29268292682926833;0.42105263157894735;0.2982456140350877;0.24242424242424243;0.047619047619047616;0.15625;0.2;0.2857142857142857;0.25;0.30357142857142855;0.19696969696969696;0.18333333333333332;0.3055555555555555;0.18808777429467086;0.25;0.16666666666666666;0.21875;0.24561403508771928;0.26666666666666666
0.061224489795918366;0.2099447513812155;1.0;0.06504065040650407;0.07894736842105263;0.14035087719298245;0.06060606060606061;0.047619047619047616;0.0;0.14;0.0;0.125;0.09821428571428571;0.10606060606060606;0.13333333333333333;0.12037037037037036;0.16300940438871475;0.16304347826086957;0.1318407960199005;0.28125;0.07017543859649122;0.0761904761904762
0.02040816326530612;0.11602209944751381;0.0;0.032520325203252036;0.02631578947368421;0.05263157894736842;0.0;0.015873015873015872;0.09375;0.12;0.0;0.0;0.14285714285714285;0.09090909090909091;0.06666666666666667;0.09259259259259259;0.0909090909090909;0.11956521739130435;0.09203980099502487;0.03125;0.17543859649122806;0.12380952380952384
0.02040816326530612;0.2099447513812155;0.0;0.07317073170731708;0.05263157894736842;0.017543859649122806;0.030303030303030304;0.031746031746031744;0.09375;0.1;0.07142857142857142;0.0;0.14285714285714285;0.06060606060606061;0.08333333333333333;0.1111111111111111;0.16927899686520376;0.17391304347826086;0.14676616915422885;0.0625;0.08771929824561403;0.14285714285714288
0.2857142857142857;0.3867403314917127;0.0;0.1626016260162602;0.15789473684210525;0.2807017543859649;0.030303030303030304;0.1746031746031746;0.15625;0.16;0.0;0.0625;0.5267857142857143;0.33333333333333337;0.31666666666666665;0.16666666666666666;0.35423197492163006;0.40217391304347827;0.39303482587064675;0.0625;0.19298245614035087;0.26666666666666666
0.12244897959183673;0.17679558011049723;0.0;0.04065040650406505;0.05263157894736842;0.07017543859649122;0.030303030303030304;0.19047619047619047;0.15625;0.08;0.0;0.0625;0.1607142857142857;0.045454545454545456;0.06666666666666667;0.09259259259259259;0.1724137931034483;0.16304347826086957;0.15671641791044777;0.03125;0.12280701754385964;0.12380952380952384
0.0;0.03867403314917127;1.0;0.016260162601626018;0.0;0.05263157894736842;0.0;0.0;0.0;0.04;0.14285714285714285;0.0;0.0625;0.045454545454545456;0.03333333333333333;0.037037037037037035;0.03134796238244514;0.043478260869565216;0.02736318407960199;0.0625;0.03508771929824561;0.009523809523809525
0.04081632653061224;0.08287292817679558;1.0;0.07317073170731708;0.10526315789473684;0.15789473684210525;0.0;0.031746031746031744;0.15625;0.08;0.07142857142857142;0.0;0.14285714285714285;0.09090909090909091;0.08333333333333333;0.1111111111111111;0.09717868338557993;0.15217391304347827;0.08706467661691542;0.03125;0.05263157894736842;0.1142857142857143
0.02040816326530612;0.09392265193370165;0.0;0.008130081300813009;0.07894736842105263;0.0;0.030303030303030304;0.047619047619047616;0.0;0.04;0.0;0.0;0.05357142857142857;0.06060606060606061;0.05;0.037037037037037035;0.09717868338557993;0.11956521739130435;0.07711442786069651;0.0;0.03508771929824561;0.0380952380952381
0.14285714285714285;0.13812154696132595;0.0;0.0894308943089431;0.10526315789473684;0.05263157894736842;0.0;0.06349206349206349;0.1875;0.1;0.0;0.0;0.14285714285714285;0.045454545454545456;0.05;0.018518518518518517;0.12539184952978058;0.13043478260869565;0.13681592039800994;0.0;0.03508771929824561;0.09523809523809526
0.4081632653061224;0.34806629834254144;1.0;0.13008130081300814;0.02631578947368421;0.05263157894736842;0.0;0.4126984126984127;0.0;0.0;0.0;0.0;0.05357142857142857;0.015151515151515152;0.016666666666666666;0.009259259259259259;0.25391849529780564;0.25;0.20398009950248755;0.0;0.017543859649122806;0.057142857142857155
0.18367346938775508;0.2541436464088398;0.0;0.008130081300813009;0.05263157894736842;0.07017543859649122;0.0;0.30158730158730157;0.0;0.04;0.0;0.0;0.13392857142857142;0.09090909090909091;0.016666666666666666;0.037037037037037035;0.21003134796238246;0.358695652173913;0.1890547263681592;0.03125;0.05263157894736842;0.1142857142857143
0.26530612244897955;0.3149171270718232;0.0;0.0813008130081301;0.02631578947368421;0.12280701754385964;0.0;0.047619047619047616;0.0;0.0;0.0;0.0;0.19642857142857142;0.0;0.15;0.24074074074074073;0.3072100313479624;0.2934782608695652;0.22388059701492538;0.09375;0.08771929824561403;0.1523809523809524
0.061224489795918366;0.2541436464088398;0.0;0.0975609756097561;0.21052631578947367;0.2807017543859649;0.09090909090909091;0.031746031746031744;0.34375;0.4;0.2857142857142857;0.0625;0.42857142857142855;0.4090909090909091;0.3833333333333333;0.4074074074074074;0.2727272727272727;0.25;0.26616915422885573;0.15625;0.3508771929824561;0.3238095238095238
0.14285714285714285;0.17679558011049723;0.0;0.04065040650406505;0.07894736842105263;0.15789473684210525;0.0;0.07936507936507936;0.03125;0.12;0.0;0.0625;0.3125;0.06060606060606061;0.03333333333333333;0.08333333333333333;0.12852664576802508;0.15217391304347827;0.17164179104477612;0.09375;0.19298245614035087;0.20000000000000004
0.3877551020408163;0.281767955801105;0.0;0.21951219512195125;0.3421052631578947;0.2982456140350877;0.15151515151515152;0.19047619047619047;0.15625;0.36;0.21428571428571427;0.25;0.5535714285714285;0.4090909090909091;0.11666666666666667;0.16666666666666666;0.2225705329153605;0.18478260869565216;0.3208955223880597;0.125;0.2631578947368421;0.2571428571428572
0.14285714285714285;0.1270718232044199;0.0;0.06504065040650407;0.05263157894736842;0.14035087719298245;0.0;0.06349206349206349;0.0625;0.06;0.0;0.1875;0.3571428571428571;0.18181818181818182;0.05;0.08333333333333333;0.08463949843260188;0.14130434782608695;0.1417910447761194;0.0625;0.2631578947368421;0.18095238095238098
0.04081632653061224;0.016574585635359115;1.0;0.05691056910569106;0.05263157894736842;0.017543859649122806;0.030303030303030304;0.015873015873015872;0.0625;0.16;0.07142857142857142;0.0;0.0625;0.07575757575757576;0.1;0.06481481481481481;0.0219435736677116;0.021739130434782608;0.02736318407960199;0.0625;0.03508771929824561;0.0761904761904762
0.2857142857142857;0.08287292817679558;0.0;0.016260162601626018;0.02631578947368421;0.017543859649122806;0.0;0.047619047619047616;0.0;0.06;0.0;0.0;0.10714285714285714;0.045454545454545456;0.06666666666666667;0.1388888888888889;0.12225705329153604;0.09782608695652173;0.08706467661691542;0.03125;0.05263157894736842;0.1142857142857143
0.04081632653061224;0.2154696132596685;0.0;0.3008130081300813;0.5263157894736842;0.5614035087719298;0.15151515151515152;0.07936507936507936;0.5;0.56;0.5;0.125;0.5;0.3787878787878788;0.3333333333333333;0.41666666666666663;0.17868338557993732;0.2391304347826087;0.2288557213930348;0.53125;0.3684210526315789;0.4380952380952381
0.36734693877551017;0.6132596685082873;0.0;0.1788617886178862;0.18421052631578946;0.2982456140350877;0.0;0.15873015873015872;0.1875;0.28;0.07142857142857142;0.0;0.5089285714285714;0.2272727272727273;0.16666666666666666;0.2037037037037037;0.4796238244514106;0.6086956521739131;0.4925373134328358;0.375;0.38596491228070173;0.40952380952380957
0.08163265306122448;0.27071823204419887;0.0;0.4471544715447155;0.7105263157894737;0.6666666666666666;0.48484848484848486;0.07936507936507936;0.875;0.88;0.7142857142857142;0.6875;0.6071428571428571;0.5151515151515151;0.55;0.4907407407407407;0.2727272727272727;0.16304347826086957;0.35323383084577115;0.75;0.24561403508771928;0.4
0.14285714285714285;0.2928176795580111;0.0;0.0813008130081301;0.07894736842105263;0.15789473684210525;0.0;0.07936507936507936;0.125;0.22;0.0;0.0;0.26785714285714285;0.21212121212121213;0.13333333333333333;0.12962962962962962;0.2225705329153605;0.19565217391304346;0.23383084577114427;0.21875;0.15789473684210525;0.14285714285714288
0.18367346938775508;0.2044198895027624;0.0;0.17073170731707318;0.3421052631578947;0.24561403508771928;0.06060606060606061;0.06349206349206349;0.28125;0.4;0.5;0.1875;0.5714285714285714;0.6060606060606061;0.45;0.24074074074074073;0.22884012539184953;0.16304347826086957;0.31592039800995025;0.125;0.2807017543859649;0.21904761904761907
0.3061224489795918;0.2154696132596685;0.0;0.032520325203252036;0.10526315789473684;0.21052631578947367;0.0;0.09523809523809523;0.0625;0.1;0.14285714285714285;0.0;0.2857142857142857;0.21212121212121213;0.11666666666666667;0.18518518518518517;0.15673981191222572;0.18478260869565216;0.15671641791044777;0.15625;0.14035087719298245;0.20000000000000004
0.02040816326530612;0.03867403314917127;1.0;0.10569105691056911;0.3157894736842105;0.2982456140350877;0.18181818181818182;0.015873015873015872;0.3125;0.18;0.21428571428571427;0.25;0.16964285714285712;0.12121212121212122;0.13333333333333333;0.2037037037037037;0.07210031347962383;0.021739130434782608;0.062189054726368154;0.09375;0.22807017543859648;0.18095238095238098
0.061224489795918366;0.07734806629834254;0.0;0.04878048780487805;0.10526315789473684;0.08771929824561403;0.030303030303030304;0.0;0.125;0.16;0.21428571428571427;0.0;0.125;0.15151515151515152;0.11666666666666667;0.05555555555555555;0.07523510971786833;0.06521739130434782;0.08955223880597014;0.0;0.22807017543859648;0.1523809523809524
0.02040816326530612;0.3591160220994475;1.0;0.1626016260162602;0.10526315789473684;0.14035087719298245;0.0;0.12698412698412698;0.0;0.0;0.0;0.0625;0.27678571428571425;0.07575757575757576;0.15;0.08333333333333333;0.28840125391849525;0.2934782608695652;0.2736318407960199;0.125;0.14035087719298245;0.1523809523809524
0.1020408163265306;0.3314917127071823;0.0;0.0894308943089431;0.05263157894736842;0.08771929824561403;0.0;0.06349206349206349;0.09375;0.08;0.0;0.0625;0.375;0.19696969696969696;0.2;0.15740740740740738;0.27586206896551724;0.32608695652173914;0.2810945273631841;0.21875;0.19298245614035087;0.2571428571428572
0.36734693877551017;0.6574585635359116;1.0;0.41463414634146345;0.39473684210526316;0.7543859649122806;0.18181818181818182;0.3333333333333333;0.25;0.66;0.07142857142857142;0.375;0.8125;0.8333333333333334;0.4;0.4074074074074074;0.5705329153605015;0.532608695652174;0.6417910447761194;0.375;0.2982456140350877;0.5428571428571429
0.02040816326530612;0.09944751381215469;0.0;0.06504065040650407;0.0;0.08771929824561403;0.06060606060606061;0.015873015873015872;0.0;0.02;0.07142857142857142;0.0625;0.10714285714285714;0.045454545454545456;0.06666666666666667;0.09259259259259259;0.06896551724137931;0.06521739130434782;0.05223880597014925;0.03125;0.07017543859649122;0.10476190476190478
0.1020408163265306;0.15469613259668508;0.0;0.04065040650406505;0.02631578947368421;0.08771929824561403;0.06060606060606061;0.047619047619047616;0.03125;0.04;0.07142857142857142;0.0;0.08928571428571427;0.045454545454545456;0.11666666666666667;0.05555555555555555;0.18495297805642633;0.07608695652173914;0.1517412935323383;0.09375;0.12280701754385964;0.1142857142857143
0.22448979591836732;0.13259668508287292;0.0;0.0813008130081301;0.13157894736842105;0.12280701754385964;0.030303030303030304;0.047619047619047616;0.09375;0.08;0.21428571428571427;0.0625;0.24107142857142855;0.16666666666666669;0.21666666666666667;0.23148148148148145;0.1128526645768025;0.11956521739130435;0.0945273631840796;0.1875;0.14035087719298245;0.20952380952380956
0.0;0.011049723756906077;0.0;0.032520325203252036;0.05263157894736842;0.017543859649122806;0.0;0.015873015873015872;0.0;0.0;0.0;0.0625;0.14285714285714285;0.045454545454545456;0.03333333333333333;0.07407407407407407;0.006269592476489029;0.021739130434782608;0.01492537313432836;0.09375;0.03508771929824561;0.01904761904761905
0.1020408163265306;0.32044198895027626;0.0;0.1869918699186992;0.13157894736842105;0.5263157894736842;0.06060606060606061;0.047619047619047616;0.25;0.14;0.21428571428571427;0.1875;0.5535714285714285;0.4696969696969697;0.3833333333333333;0.5;0.3448275862068965;0.21739130434782608;0.3009950248756219;0.375;0.40350877192982454;0.3523809523809524
0.18367346938775508;0.22651933701657456;0.0;0.0894308943089431;0.05263157894736842;0.22807017543859648;0.0;0.06349206349206349;0.03125;0.18;0.14285714285714285;0.0;0.20535714285714285;0.10606060606060606;0.2;0.16666666666666666;0.19122257053291536;0.14130434782608695;0.17661691542288557;0.125;0.17543859649122806;0.20952380952380956
0.16326530612244897;0.3149171270718232;0.0;0.3008130081300813;0.23684210526315788;0.5087719298245614;0.0;0.15873015873015872;0.09375;0.32;0.07142857142857142;0.1875;0.5267857142857143;0.5909090909090909;0.35;0.4444444444444444;0.335423197492163;0.3913043478260869;0.3233830845771144;0.40625;0.2807017543859649;0.4
0.32653061224489793;0.39779005524861877;0.0;0.13008130081300814;0.23684210526315788;0.19298245614035087;0.0;0.19047619047619047;0.03125;0.04;0.0;0.0;0.20535714285714285;0.10606060606060606;0.16666666666666666;0.14814814814814814;0.39811912225705326;0.31521739130434784;0.3283582089552239;0.1875;0.3157894736842105;0.2380952380952381
0.32653061224489793;0.3370165745856354;0.0;0.04065040650406505;0.05263157894736842;0.14035087719298245;0.0;0.14285714285714285;0.0;0.02;0.0;0.0;0.24107142857142855;0.10606060606060606;0.13333333333333333;0.10185185185185185;0.2789968652037617;0.22826086956521738;0.2537313432835821;0.0625;0.03508771929824561;0.1619047619047619
0.2857142857142857;0.287292817679558;0.0;0.016260162601626018;0.0;0.10526315789473684;0.0;0.047619047619047616;0.0;0.0;0.0;0.0;0.08928571428571427;0.015151515151515152;0.1;0.09259259259259259;0.18808777429467086;0.20652173913043478;0.13930348258706468;0.0625;0.07017543859649122;0.09523809523809526
0.16326530612244897;0.22099447513812154;1.0;0.2682926829268293;0.3157894736842105;0.3157894736842105;0.12121212121212122;0.07936507936507936;0.28125;0.26;0.3571428571428571;0.0625;0.36607142857142855;0.36363636363636365;0.36666666666666664;0.4629629629629629;0.219435736677116;0.15217391304347827;0.17412935323383083;0.25;0.21052631578947367;0.24761904761904766
0.24489795918367346;0.35359116022099446;0.0;0.15447154471544716;0.5;0.38596491228070173;0.30303030303030304;0.09523809523809523;0.4375;0.22;0.3571428571428571;0.375;0.33928571428571425;0.30303030303030304;0.5;0.4907407407407407;0.32601880877742945;0.19565217391304346;0.23880597014925375;0.21875;0.2807017543859649;0.2857142857142857
0.04081632653061224;0.0718232044198895;0.0;0.04878048780487805;0.07894736842105263;0.05263157894736842;0.030303030303030304;0.031746031746031744;0.03125;0.06;0.14285714285714285;0.0625;0.15178571428571427;0.13636363636363635;0.05;0.07407407407407407;0.08463949843260188;0.11956521739130435;0.08706467661691542;0.03125;0.07017543859649122;0.0761904761904762
0.04081632653061224;0.18784530386740333;1.0;0.04065040650406505;0.02631578947368421;0.03508771929824561;0.0;0.047619047619047616;0.0;0.0;0.0;0.0;0.05357142857142857;0.0;0.05;0.05555555555555555;0.12852664576802508;0.08695652173913043;0.09203980099502487;0.0625;0.017543859649122806;0.0761904761904762
0.1020408163265306;0.14917127071823205;1.0;0.032520325203252036;0.10526315789473684;0.19298245614035087;0.0;0.047619047619047616;0.03125;0.0;0.0;0.0;0.23214285714285712;0.030303030303030304;0.15;0.16666666666666666;0.12225705329153604;0.14130434782608695;0.10696517412935323;0.125;0.15789473684210525;0.13333333333333336
0.5918367346938775;0.4475138121546961;0.0;0.06504065040650407;0.02631578947368421;0.17543859649122806;0.0;0.25396825396825395;0.09375;0.12;0.0;0.0;0.08035714285714285;0.06060606060606061;0.06666666666666667;0.06481481481481481;0.33228840125391845;0.2934782608695652;0.2736318407960199;0.0625;0.12280701754385964;0.18095238095238098
0.22448979591836732;0.4198895027624309;0.0;0.1788617886178862;0.3421052631578947;0.2807017543859649;0.06060606060606061;0.14285714285714285;0.46875;0.5;0.3571428571428571;0.125;0.45535714285714285;0.3939393939393939;0.36666666666666664;0.19444444444444442;0.3134796238244514;0.3695652173913043;0.3756218905472637;0.1875;0.3157894736842105;0.3904761904761905
0.0;0.027624309392265192;1.0;0.0;0.0;0.03508771929824561;0.0;0.0;0.03125;0.0;0.0;0.0;0.008928571428571428;0.015151515151515152;0.016666666666666666;0.037037037037037035;0.028213166144200625;0.010869565217391304;0.004975124378109454;0.03125;0.017543859649122806;0.0
0.2040816326530612;0.281767955801105;0.0;0.07317073170731708;0.05263157894736842;0.15789473684210525;0.0;0.12698412698412698;0.0625;0.08;0.0;0.0625;0.17857142857142855;0.06060606060606061;0.1;0.12037037037037036;0.19122257053291536;0.19565217391304346;0.1691542288557214;0.0;0.15789473684210525;0.18095238095238098
0.14285714285714285;0.1270718232044199;1.0;0.05691056910569106;0.21052631578947367;0.15789473684210525;0.0;0.031746031746031744;0.0625;0.22;0.0;0.125;0.26785714285714285;0.15151515151515152;0.13333333333333333;0.10185185185185185;0.07836990595611285;0.13043478260869565;0.12686567164179105;0.1875;0.14035087719298245;0.1904761904761905
0.02040816326530612;0.09944751381215469;1.0;0.032520325203252036;0.02631578947368421;0.08771929824561403;0.0;0.0;0.0625;0.08;0.0;0.0625;0.08035714285714285;0.045454545454545456;0.05;0.12962962962962962;0.07523510971786833;0.021739130434782608;0.0472636815920398;0.0625;0.07017543859649122;0.12380952380952384
0.14285714285714285;0.287292817679558;0.0;0.04878048780487805;0.07894736842105263;0.07017543859649122;0.0;0.12698412698412698;0.03125;0.02;0.0;0.0;0.24107142857142855;0.030303030303030304;0.016666666666666666;0.12037037037037036;0.2445141065830721;0.20652173913043478;0.22139303482587064;0.0;0.14035087719298245;0.1904761904761905
0.12244897959183673;0.049723756906077346;0.0;0.0;0.02631578947368421;0.03508771929824561;0.0;0.015873015873015872;0.0;0.02;0.0;0.0625;0.04464285714285714;0.045454545454545456;0.03333333333333333;0.037037037037037035;0.04075235109717868;0.021739130434782608;0.02736318407960199;0.03125;0.017543859649122806;0.01904761904761905
0.04081632653061224;0.11602209944751381;1.0;0.06504065040650407;0.05263157894736842;0.14035087719298245;0.030303030303030304;0.06349206349206349;0.0;0.04;0.0;0.0;0.1607142857142857;0.09090909090909091;0.05;0.07407407407407407;0.10031347962382445;0.10869565217391304;0.09950248756218906;0.15625;0.07017543859649122;0.0761904761904762
0.12244897959183673;0.26519337016574585;0.0;0.1626016260162602;0.18421052631578946;0.2631578947368421;0.030303030303030304;0.2222222222222222;0.25;0.3;0.42857142857142855;0.0625;0.25;0.2878787878787879;0.3;0.34259259259259256;0.2413793103448276;0.20652173913043478;0.19651741293532338;0.15625;0.24561403508771928;0.2571428571428572
0.0;0.10497237569060773;0.0;0.016260162601626018;0.13157894736842105;0.15789473684210525;0.0;0.015873015873015872;0.0625;0.14;0.0;0.0625;0.16964285714285712;0.13636363636363635;0.1;0.06481481481481481;0.07836990595611285;0.09782608695652173;0.09950248756218906;0.0625;0.017543859649122806;0.057142857142857155
0.26530612244897955;0.56353591160221;0.0;0.032520325203252036;0.0;0.03508771929824561;0.0;0.20634920634920634;0.0;0.02;0.0;0.0;0.21428571428571427;0.030303030303030304;0.1;0.14814814814814814;0.41379310344827586;0.46739130434782605;0.3407960199004975;0.21875;0.17543859649122806;0.18095238095238098
0.1020408163265306;0.06077348066298342;0.0;0.04065040650406505;0.02631578947368421;0.05263157894736842;0.0;0.047619047619047616;0.0625;0.04;0.07142857142857142;0.0625;0.15178571428571427;0.10606060606060606;0.06666666666666667;0.05555555555555555;0.04702194357366771;0.08695652173913043;0.05970149253731344;0.125;0.07017543859649122;0.12380952380952384
0.22448979591836732;0.3149171270718232;0.0;0.13008130081300814;0.07894736842105263;0.15789473684210525;0.0;0.2222222222222222;0.0;0.16;0.07142857142857142;0.0;0.26785714285714285;0.24242424242424243;0.08333333333333333;0.14814814814814814;0.2476489028213166;0.32608695652173914;0.24129353233830847;0.125;0.24561403508771928;0.20000000000000004
0.1020408163265306;0.4088397790055249;0.0;0.21951219512195125;0.15789473684210525;0.2807017543859649;0.0;0.15873015873015872;0.21875;0.3;0.07142857142857142;0.125;0.3571428571428571;0.2878787878787879;0.18333333333333332;0.3333333333333333;0.35423197492163006;0.40217391304347827;0.31840796019900497;0.25;0.19298245614035087;0.380952380952381
0.02040816326530612;0.26519337016574585;0.0;0.04878048780487805;0.02631578947368421;0.08771929824561403;0.0;0.07936507936507936;0.03125;0.0;0.0;0.0;0.13392857142857142;0.07575757575757576;0.1;0.12037037037037036;0.20689655172413793;0.17391304347826086;0.15920398009950248;0.15625;0.10526315789473684;0.18095238095238098
0.2040816326530612;0.14364640883977903;0.0;0.0;0.05263157894736842;0.03508771929824561;0.0;0.1111111111111111;0.03125;0.1;0.0;0.0;0.10714285714285714;0.06060606060606061;0.016666666666666666;0.009259259259259259;0.1128526645768025;0.16304347826086957;0.11940298507462688;0.0625;0.03508771929824561;0.0761904761904762
0.08163265306122448;0.2430939226519337;0.0;0.17073170731707318;0.18421052631578946;0.24561403508771928;0.09090909090909091;0.19047619047619047;0.15625;0.18;0.0;0.0625;0.33928571428571425;0.25757575757575757;0.26666666666666666;0.2685185185185185;0.20689655172413793;0.22826086956521738;0.19900497512437812;0.125;0.2631578947368421;0.2761904761904762
0.04081632653061224;0.09944751381215469;1.0;0.0975609756097561;0.0;0.08771929824561403;0.0;0.031746031746031744;0.0;0.04;0.0;0.0625;0.09821428571428571;0.06060606060606061;0.08333333333333333;0.07407407407407407;0.07523510971786833;0.08695652173913043;0.062189054726368154;0.03125;0.10526315789473684;0.1142857142857143
0.16326530612244897;0.36464088397790057;0.0;0.2682926829268293;0.21052631578947367;0.49122807017543857;0.030303030303030304;0.14285714285714285;0.28125;0.38;0.14285714285714285;0.0625;0.27678571428571425;0.30303030303030304;0.3333333333333333;0.2685185185185185;0.4075235109717868;0.31521739130434784;0.3656716417910448;0.5;0.38596491228070173;0.4285714285714286
0.04081632653061224;0.11049723756906077;1.0;0.0975609756097561;0.13157894736842105;0.12280701754385964;0.0;0.06349206349206349;0.09375;0.08;0.0;0.0;0.10714285714285714;0.13636363636363635;0.06666666666666667;0.16666666666666666;0.14106583072100315;0.10869565217391304;0.09701492537313433;0.1875;0.12280701754385964;0.13333333333333336
0.061224489795918366;0.2154696132596685;1.0;0.21138211382113822;0.15789473684210525;0.38596491228070173;0.12121212121212122;0.047619047619047616;0.09375;0.28;0.0;0.125;0.24107142857142855;0.3181818181818182;0.35;0.21296296296296297;0.23824451410658307;0.31521739130434784;0.22388059701492538;0.375;0.15789473684210525;0.24761904761904766
0.2040816326530612;0.23204419889502764;1.0;0.05691056910569106;0.15789473684210525;0.17543859649122806;0.0;0.19047619047619047;0.15625;0.14;0.0;0.0;0.13392857142857142;0.06060606060606061;0.08333333333333333;0.10185185185185185;0.2225705329153605;0.25;0.19402985074626866;0.15625;0.10526315789473684;0.21904761904761907
0.22448979591836732;0.30939226519337015;0.0;0.05691056910569106;0.10526315789473684;0.07017543859649122;0.0;0.15873015873015872;0.09375;0.1;0.0;0.125;0.05357142857142857;0.15151515151515152;0.21666666666666667;0.08333333333333333;0.3228840125391849;0.22826086956521738;0.2512437810945274;0.0625;0.10526315789473684;0.14285714285714288
0.061224489795918366;0.13812154696132595;1.0;0.17073170731707318;0.3157894736842105;0.24561403508771928;0.09090909090909091;0.047619047619047616;0.1875;0.22;0.21428571428571427;0.0625;0.24107142857142855;0.21212121212121213;0.2833333333333333;0.17592592592592593;0.17868338557993732;0.15217391304347827;0.1791044776119403;0.25;0.24561403508771928;0.26666666666666666
0.3877551020408163;0.43646408839779005;0.0;0.0813008130081301;0.13157894736842105;0.17543859649122806;0.0;0.3968253968253968;0.0;0.0;0.0;0.0;0.14285714285714285;0.09090909090909091;0.08333333333333333;0.12037037037037036;0.41692789968652033;0.4782608695652174;0.3283582089552239;0.25;0.15789473684210525;0.21904761904761907
0.08163265306122448;0.13259668508287292;1.0;0.13821138211382114;0.05263157894736842;0.08771929824561403;0.0;0.07936507936507936;0.125;0.22;0.0;0.0;0.16964285714285712;0.21212121212121213;0.13333333333333333;0.08333333333333333;0.12852664576802508;0.16304347826086957;0.14427860696517414;0.0625;0.08771929824561403;0.13333333333333336
0.14285714285714285;0.32044198895027626;0.0;0.024390243902439025;0.02631578947368421;0.12280701754385964;0.0;0.1746031746031746;0.0;0.04;0.0;0.0;0.09821428571428571;0.10606060606060606;0.15;0.14814814814814814;0.2915360501567398;0.30434782608695654;0.21393034825870647;0.1875;0.19298245614035087;0.17142857142857146
0.1020408163265306;0.22099447513812154;0.0;0.04065040650406505;0.05263157894736842;0.08771929824561403;0.030303030303030304;0.15873015873015872;0.0;0.02;0.0;0.0;0.07142857142857142;0.045454545454545456;0.05;0.1111111111111111;0.1724137931034483;0.17391304347826086;0.11940298507462688;0.0625;0.15789473684210525;0.10476190476190478
0.04081632653061224;0.1270718232044199;0.0;0.016260162601626018;0.07894736842105263;0.21052631578947367;0.0;0.031746031746031744;0.0625;0.06;0.0;0.0625;0.17857142857142855;0.09090909090909091;0.05;0.14814814814814814;0.12225705329153604;0.06521739130434782;0.1044776119402985;0.09375;0.14035087719298245;0.14285714285714288
0.1020408163265306;0.3370165745856354;1.0;0.21138211382113822;0.15789473684210525;0.24561403508771928;0.12121212121212122;0.14285714285714285;0.09375;0.1;0.0;0.125;0.36607142857142855;0.24242424242424243;0.3833333333333333;0.2222222222222222;0.329153605015674;0.2934782608695652;0.30597014925373134;0.5625;0.3333333333333333;0.380952380952381
0.16326530612244897;0.22651933701657456;0.0;0.13008130081300814;0.15789473684210525;0.12280701754385964;0.0;0.20634920634920634;0.09375;0.06;0.07142857142857142;0.125;0.24107142857142855;0.13636363636363635;0.15;0.1111111111111111;0.2507836990595611;0.31521739130434784;0.23383084577114427;0.21875;0.17543859649122806;0.26666666666666666
0.2040816326530612;0.2928176795580111;0.0;0.024390243902439025;0.02631578947368421;0.17543859649122806;0.0;0.15873015873015872;0.03125;0.1;0.0;0.0;0.19642857142857142;0.12121212121212122;0.2;0.17592592592592593;0.28840125391849525;0.2391304347826087;0.23880597014925375;0.125;0.15789473684210525;0.21904761904761907
0.08163265306122448;0.2596685082872928;0.0;0.3252032520325204;0.5;0.40350877192982454;0.2727272727272727;0.20634920634920634;0.25;0.46;0.2857142857142857;0.4375;0.4107142857142857;0.4090909090909091;0.25;0.18518518518518517;0.2476489028213166;0.2717391304347826;0.30845771144278605;0.4375;0.2982456140350877;0.3047619047619048
0.0;0.1270718232044199;1.0;0.3170731707317074;0.5526315789473684;0.5789473684210527;0.4545454545454546;0.047619047619047616;0.40625;0.3;0.21428571428571427;0.5;0.4464285714285714;0.36363636363636365;0.18333333333333332;0.31481481481481477;0.20376175548589343;0.18478260869565216;0.2288557213930348;0.625;0.3157894736842105;0.2761904761904762
0.2040816326530612;0.3701657458563536;0.0;0.3008130081300813;0.47368421052631576;0.5438596491228069;0.18181818181818182;0.12698412698412698;0.5;0.46;0.2857142857142857;0.4375;0.5535714285714285;0.3484848484848485;0.43333333333333335;0.28703703703703703;0.3667711598746081;0.2934782608695652;0.4154228855721393;0.6875;0.2982456140350877;0.4380952380952381
0.061224489795918366;0.18232044198895025;0.0;0.024390243902439025;0.15789473684210525;0.12280701754385964;0.0;0.07936507936507936;0.15625;0.1;0.0;0.0;0.13392857142857142;0.15151515151515152;0.1;0.12037037037037036;0.15673981191222572;0.25;0.1318407960199005;0.0625;0.08771929824561403;0.14285714285714288
0.08163265306122448;0.11602209944751381;1.0;0.2601626016260163;0.4473684210526315;0.5263157894736842;0.18181818181818182;0.09523809523809523;0.5;0.46;0.6428571428571428;0.4375;0.33928571428571425;0.25757575757575757;0.36666666666666664;0.2222222222222222;0.14420062695924765;0.20652173913043478;0.19651741293532338;0.5;0.21052631578947367;0.2857142857142857
0.1020408163265306;0.18784530386740333;0.0;0.024390243902439025;0.13157894736842105;0.15789473684210525;0.0;0.06349206349206349;0.03125;0.04;0.0;0.0;0.20535714285714285;0.10606060606060606;0.1;0.28703703703703703;0.2006269592476489;0.11956521739130435;0.13432835820895522;0.15625;0.14035087719298245;0.12380952380952384
0.1020408163265306;0.23204419889502764;0.0;0.07317073170731708;0.13157894736842105;0.15789473684210525;0.0;0.0;0.0625;0.1;0.0;0.0;0.30357142857142855;0.2878787878787879;0.11666666666666667;0.1111111111111111;0.22570532915360503;0.22826086956521738;0.236318407960199;0.15625;0.38596491228070173;0.2761904761904762
0.3877551020408163;0.4530386740331492;0.0;0.04878048780487805;0.02631578947368421;0.19298245614035087;0.0;0.09523809523809523;0.0625;0.14;0.0;0.0;0.1607142857142857;0.12121212121212122;0.2;0.28703703703703703;0.28840125391849525;0.2934782608695652;0.20398009950248755;0.15625;0.21052631578947367;0.1619047619047619
0.0;0.0055248618784530384;1.0;0.032520325203252036;0.07894736842105263;0.05263157894736842;0.0;0.0;0.0625;0.06;0.0;0.0;0.05357142857142857;0.045454545454545456;0.05;0.06481481481481481;0.006269592476489029;0.010869565217391304;0.0;0.03125;0.017543859649122806;0.0
0.26530612244897955;0.23204419889502764;0.0;0.024390243902439025;0.10526315789473684;0.15789473684210525;0.0;0.015873015873015872;0.0625;0.12;0.14285714285714285;0.0;0.27678571428571425;0.24242424242424243;0.16666666666666666;0.12962962962962962;0.18808777429467086;0.18478260869565216;0.19651741293532338;0.0625;0.14035087719298245;0.13333333333333336
0.02040816326530612;0.1602209944751381;0.0;0.10569105691056911;0.3157894736842105;0.42105263157894735;0.06060606060606061;0.031746031746031744;0.25;0.26;0.21428571428571427;0.0;0.4375;0.2878787878787879;0.3833333333333333;0.3055555555555555;0.13793103448275862;0.14130434782608695;0.17164179104477612;0.15625;0.3684210526315789;0.3333333333333333
0.18367346938775508;0.16574585635359118;0.0;0.04065040650406505;0.18421052631578946;0.15789473684210525;0.0;0.047619047619047616;0.0625;0.08;0.07142857142857142;0.0;0.29464285714285715;0.15151515151515152;0.1;0.18518518518518517;0.1755485893416928;0.18478260869565216;0.17164179104477612;0.0625;0.12280701754385964;0.20952380952380956
0.1020408163265306;0.2099447513812155;0.0;0.016260162601626018;0.13157894736842105;0.10526315789473684;0.06060606060606061;0.015873015873015872;0.0625;0.1;0.0;0.0625;0.16964285714285712;0.13636363636363635;0.11666666666666667;0.07407407407407407;0.18495297805642633;0.18478260869565216;0.17661691542288557;0.03125;0.12280701754385964;0.08571428571428572
0.08163265306122448;0.32044198895027626;0.0;0.032520325203252036;0.10526315789473684;0.12280701754385964;0.030303030303030304;0.015873015873015872;0.03125;0.12;0.0;0.0625;0.15178571428571427;0.13636363636363635;0.1;0.08333333333333333;0.2695924764890282;0.22826086956521738;0.23880597014925375;0.0625;0.22807017543859648;0.1904761904761905
0.14285714285714285;0.30939226519337015;0.0;0.07317073170731708;0.18421052631578946;0.14035087719298245;0.0;0.015873015873015872;0.1875;0.22;0.07142857142857142;0.0625;0.3482142857142857;0.24242424242424243;0.25;0.25925925925925924;0.23197492163009403;0.22826086956521738;0.2288557213930348;0.1875;0.21052631578947367;0.2571428571428572
0.18367346938775508;0.34806629834254144;0.0;0.04878048780487805;0.10526315789473684;0.14035087719298245;0.0;0.12698412698412698;0.125;0.1;0.0;0.0;0.40178571428571425;0.15151515151515152;0.21666666666666667;0.25925925925925924;0.2915360501567398;0.20652173913043478;0.27611940298507465;0.125;0.19298245614035087;0.4571428571428572
0.18367346938775508;0.18784530386740333;0.0;0.11382113821138212;0.07894736842105263;0.21052631578947367;0.030303030303030304;0.06349206349206349;0.125;0.1;0.07142857142857142;0.0;0.33928571428571425;0.2272727272727273;0.3333333333333333;0.08333333333333333;0.18495297805642633;0.2608695652173913;0.22139303482587064;0.0625;0.15789473684210525;0.13333333333333336
0.04081632653061224;0.18784530386740333;0.0;0.04065040650406505;0.07894736842105263;0.15789473684210525;0.0;0.047619047619047616;0.1875;0.08;0.0;0.0;0.125;0.16666666666666669;0.1;0.1388888888888889;0.22570532915360503;0.07608695652173914;0.17661691542288557;0.0625;0.19298245614035087;0.2761904761904762
0.22448979591836732;0.35359116022099446;0.0;0.05691056910569106;0.02631578947368421;0.14035087719298245;0.0;0.06349206349206349;0.0625;0.0;0.0;0.0;0.26785714285714285;0.13636363636363635;0.1;0.12962962962962962;0.2225705329153605;0.17391304347826086;0.2064676616915423;0.09375;0.07017543859649122;0.14285714285714288
0.02040816326530612;0.03867403314917127;0.0;0.04065040650406505;0.0;0.07017543859649122;0.0;0.047619047619047616;0.03125;0.04;0.0;0.0625;0.04464285714285714;0.030303030303030304;0.0;0.027777777777777776;0.025078369905956112;0.043478260869565216;0.01990049751243781;0.03125;0.07017543859649122;0.04761904761904762
0.3061224489795918;0.2154696132596685;0.0;0.024390243902439025;0.0;0.03508771929824561;0.030303030303030304;0.12698412698412698;0.03125;0.08;0.0;0.0625;0.11607142857142856;0.045454545454545456;0.016666666666666666;0.037037037037037035;0.16300940438871475;0.21739130434782608;0.1517412935323383;0.0625;0.017543859649122806;0.06666666666666668
0.04081632653061224;0.2541436464088398;0.0;0.24390243902439027;0.18421052631578946;0.3333333333333333;0.12121212121212122;0.06349206349206349;0.375;0.54;0.14285714285714285;0.125;0.5267857142857143;0.33333333333333337;0.3833333333333333;0.3055555555555555;0.16614420062695925;0.19565217391304346;0.2537313432835821;0.1875;0.22807017543859648;0.21904761904761907
0.16326530612244897;0.4419889502762431;1.0;0.0813008130081301;0.2631578947368421;0.24561403508771928;0.09090909090909091;0.06349206349206349;0.4375;0.5;0.3571428571428571;0.125;0.3482142857142857;0.2878787878787879;0.16666666666666666;0.25925925925925924;0.29780564263322884;0.2826086956521739;0.31592039800995025;0.09375;0.24561403508771928;0.3142857142857143
0.061224489795918366;0.3591160220994475;0.0;0.05691056910569106;0.10526315789473684;0.12280701754385964;0.0;0.047619047619047616;0.0;0.08;0.0;0.0;0.21428571428571427;0.12121212121212122;0.1;0.07407407407407407;0.23510971786833856;0.18478260869565216;0.2263681592039801;0.0625;0.19298245614035087;0.2285714285714286
0.14285714285714285;0.24861878453038677;0.0;0.008130081300813009;0.02631578947368421;0.10526315789473684;0.030303030303030304;0.09523809523809523;0.03125;0.04;0.0;0.0;0.21428571428571427;0.045454545454545456;0.06666666666666667;0.12962962962962962;0.16614420062695925;0.18478260869565216;0.1517412935323383;0.03125;0.07017543859649122;0.14285714285714288
0.02040816326530612;0.13812154696132595;1.0;0.07317073170731708;0.23684210526315788;0.17543859649122806;0.09090909090909091;0.047619047619047616;0.0625;0.26;0.14285714285714285;0.0;0.19642857142857142;0.2272727272727273;0.08333333333333333;0.2037037037037037;0.10658307210031347;0.08695652173913043;0.10696517412935323;0.1875;0.17543859649122806;0.17142857142857146
0.14285714285714285;0.26519337016574585;1.0;0.2520325203252033;0.2631578947368421;0.2631578947368421;0.12121212121212122;0.09523809523809523;0.25;0.54;0.21428571428571427;0.1875;0.33928571428571425;0.2878787878787879;0.31666666666666665;0.15740740740740738;0.19122257053291536;0.2391304347826087;0.26119402985074625;0.25;0.22807017543859648;0.2380952380952381
0.1020408163265306;0.27071823204419887;1.0;0.15447154471544716;0.18421052631578946;0.24561403508771928;0.06060606060606061;0.031746031746031744;0.3125;0.06;0.07142857142857142;0.125;0.39285714285714285;0.18181818181818182;0.3;0.2962962962962963;0.19122257053291536;0.16304347826086957;0.1791044776119403;0.3125;0.2807017543859649;0.34285714285714286
0.0;0.0718232044198895;1.0;0.008130081300813009;0.13157894736842105;0.10526315789473684;0.06060606060606061;0.015873015873015872;0.03125;0.04;0.07142857142857142;0.125;0.11607142857142856;0.06060606060606061;0.03333333333333333;0.10185185185185185;0.050156739811912224;0.043478260869565216;0.03980099502487562;0.09375;0.17543859649122806;0.12380952380952384
0.02040816326530612;0.09392265193370165;1.0;0.008130081300813009;0.05263157894736842;0.14035087719298245;0.0;0.0;0.0625;0.08;0.0;0.0625;0.08035714285714285;0.09090909090909091;0.15;0.12037037037037036;0.0909090909090909;0.03260869565217391;0.062189054726368154;0.09375;0.2982456140350877;0.14285714285714288
0.5918367346938775;0.4088397790055249;0.0;0.024390243902439025;0.05263157894736842;0.05263157894736842;0.0;0.25396825396825395;0.0;0.04;0.0;0.0;0.08928571428571427;0.06060606060606061;0.0;0.1111111111111111;0.3197492163009404;0.25;0.24378109452736318;0.0625;0.05263157894736842;0.0380952380952381
0.061224489795918366;0.23756906077348067;0.0;0.11382113821138212;0.10526315789473684;0.14035087719298245;0.0;0.047619047619047616;0.125;0.1;0.07142857142857142;0.0625;0.33035714285714285;0.12121212121212122;0.21666666666666667;0.25;0.23824451410658307;0.18478260869565216;0.21641791044776118;0.21875;0.2807017543859649;0.21904761904761907
0.12244897959183673;0.11049723756906077;0.0;0.032520325203252036;0.0;0.03508771929824561;0.0;0.031746031746031744;0.03125;0.08;0.0;0.0;0.21428571428571427;0.15151515151515152;0.06666666666666667;0.046296296296296294;0.07523510971786833;0.14130434782608695;0.10696517412935323;0.03125;0.10526315789473684;0.10476190476190478
0.24489795918367346;0.14917127071823205;0.0;0.04065040650406505;0.05263157894736842;0.05263157894736842;0.0;0.031746031746031744;0.0;0.04;0.0;0.0;0.15178571428571427;0.09090909090909091;0.05;0.25925925925925924;0.11912225705329153;0.11956521739130435;0.062189054726368154;0.0625;0.07017543859649122;0.13333333333333336
0.02040816326530612;0.049723756906077346;1.0;0.05691056910569106;0.02631578947368421;0.05263157894736842;0.09090909090909091;0.0;0.0625;0.08;0.07142857142857142;0.0;0.1875;0.19696969696969696;0.016666666666666666;0.21296296296296297;0.05642633228840125;0.043478260869565216;0.03980099502487562;0.0625;0.08771929824561403;0.1142857142857143
0.1020408163265306;0.27624309392265195;1.0;0.1869918699186992;0.10526315789473684;0.15789473684210525;0.030303030303030304;0.09523809523809523;0.1875;0.36;0.21428571428571427;0.0625;0.29464285714285715;0.2727272727272727;0.2;0.15740740740740738;0.18495297805642633;0.15217391304347827;0.22139303482587064;0.15625;0.3333333333333333;0.2571428571428572
0.12244897959183673;0.3149171270718232;0.0;0.016260162601626018;0.13157894736842105;0.10526315789473684;0.0;0.06349206349206349;0.0;0.02;0.0;0.0;0.09821428571428571;0.030303030303030304;0.2;0.09259259259259259;0.26018808777429464;0.21739130434782608;0.20149253731343283;0.03125;0.07017543859649122;0.18095238095238098
0.1020408163265306;0.32044198895027626;0.0;0.11382113821138212;0.23684210526315788;0.14035087719298245;0.030303030303030304;0.031746031746031744;0.09375;0.16;0.07142857142857142;0.0;0.26785714285714285;0.19696969696969696;0.16666666666666666;0.31481481481481477;0.26645768025078365;0.2391304347826087;0.21144278606965175;0.125;0.21052631578947367;0.20952380952380956
0.1020408163265306;0.24861878453038677;0.0;0.024390243902439025;0.07894736842105263;0.10526315789473684;0.0;0.047619047619047616;0.0625;0.1;0.0;0.0;0.2232142857142857;0.13636363636363635;0.16666666666666666;0.18518518518518517;0.21003134796238246;0.20652173913043478;0.18159203980099503;0.21875;0.21052631578947367;0.12380952380952384
0.0;0.0718232044198895;1.0;0.04878048780487805;0.05263157894736842;0.05263157894736842;0.030303030303030304;0.031746031746031744;0.0625;0.2;0.21428571428571427;0.0625;0.17857142857142855;0.21212121212121213;0.06666666666666667;0.14814814814814814;0.06269592476489028;0.05434782608695652;0.07462686567164178;0.09375;0.12280701754385964;0.1142857142857143
0.3061224489795918;0.2044198895027624;0.0;0.04878048780487805;0.13157894736842105;0.12280701754385964;0.0;0.20634920634920634;0.0;0.1;0.0;0.0;0.16964285714285712;0.07575757575757576;0.05;0.046296296296296294;0.15673981191222572;0.16304347826086957;0.1616915422885572;0.0;0.03508771929824561;0.1142857142857143
0.2040816326530612;0.287292817679558;0.0;0.1951219512195122;0.21052631578947367;0.2982456140350877;0.06060606060606061;0.1746031746031746;0.1875;0.52;0.3571428571428571;0.0625;0.49107142857142855;0.36363636363636365;0.23333333333333334;0.4074074074074074;0.18181818181818182;0.21739130434782608;0.2263681592039801;0.1875;0.3333333333333333;0.37142857142857144
0.8775510204081632;0.287292817679558;1.0;0.032520325203252036;0.02631578947368421;0.05263157894736842;0.0;0.38095238095238093;0.0;0.0;0.0;0.0;0.08928571428571427;0.015151515151515152;0.0;0.018518518518518517;0.22884012539184953;0.19565217391304346;0.19154228855721392;0.0;0.017543859649122806;0.0380952380952381
0.08163265306122448;0.11602209944751381;0.0;0.0;0.0;0.08771929824561403;0.0;0.1111111111111111;0.03125;0.02;0.0;0.0;0.08928571428571427;0.06060606060606061;0.05;0.08333333333333333;0.10971786833855798;0.09782608695652173;0.08208955223880597;0.0;0.05263157894736842;0.1142857142857143
0.04081632653061224;0.09392265193370165;1.0;0.0813008130081301;0.07894736842105263;0.10526315789473684;0.0;0.047619047619047616;0.0;0.08;0.0;0.0;0.08928571428571427;0.10606060606060606;0.1;0.05555555555555555;0.10658307210031347;0.08695652173913043;0.0945273631840796;0.09375;0.10526315789473684;0.13333333333333336
0.08163265306122448;0.13259668508287292;1.0;0.11382113821138212;0.05263157894736842;0.10526315789473684;0.030303030303030304;0.1111111111111111;0.0625;0.16;0.07142857142857142;0.0;0.21428571428571427;0.2272727272727273;0.03333333333333333;0.16666666666666666;0.12225705329153604;0.14130434782608695;0.12189054726368159;0.28125;0.15789473684210525;0.17142857142857146
0.02040816326530612;0.0055248618784530384;1.0;0.016260162601626018;0.02631578947368421;0.0;0.0;0.015873015873015872;0.0625;0.06;0.0;0.0;0.008928571428571428;0.030303030303030304;0.0;0.018518518518518517;0.012539184952978056;0.010869565217391304;0.004975124378109454;0.03125;0.03508771929824561;0.009523809523809525
0.18367346938775508;0.17679558011049723;0.0;0.016260162601626018;0.15789473684210525;0.07017543859649122;0.030303030303030304;0.06349206349206349;0.09375;0.08;0.07142857142857142;0.0;0.125;0.06060606060606061;0.016666666666666666;0.08333333333333333;0.14106583072100315;0.14130434782608695;0.12437810945273631;0.0625;0.07017543859649122;0.14285714285714288
0.04081632653061224;0.06077348066298342;1.0;0.04065040650406505;0.07894736842105263;0.14035087719298245;0.0;0.047619047619047616;0.03125;0.1;0.07142857142857142;0.0625;0.14285714285714285;0.10606060606060606;0.1;0.05555555555555555;0.08150470219435736;0.14130434782608695;0.09203980099502487;0.1875;0.07017543859649122;0.09523809523809526
0.02040816326530612;0.049723756906077346;1.0;0.04065040650406505;0.05263157894736842;0.03508771929824561;0.0;0.031746031746031744;0.0;0.04;0.0;0.0;0.0625;0.045454545454545456;0.05;0.018518518518518517;0.05956112852664576;0.03260869565217391;0.05472636815920398;0.09375;0.05263157894736842;0.057142857142857155
0.12244897959183673;0.2983425414364641;0.0;0.05691056910569106;0.13157894736842105;0.07017543859649122;0.0;0.15873015873015872;0.0;0.02;0.0;0.0;0.11607142857142856;0.045454545454545456;0.1;0.08333333333333333;0.2570532915360501;0.21739130434782608;0.2064676616915423;0.15625;0.19298245614035087;0.13333333333333336
0.04081632653061224;0.11602209944751381;1.0;0.0894308943089431;0.15789473684210525;0.05263157894736842;0.0;0.047619047619047616;0.0625;0.06;0.07142857142857142;0.0625;0.1607142857142857;0.12121212121212122;0.1;0.1111111111111111;0.12852664576802508;0.15217391304347827;0.11442786069651742;0.1875;0.07017543859649122;0.17142857142857146
0.04081632653061224;0.14917127071823205;1.0;0.1951219512195122;0.5;0.42105263157894735;0.36363636363636365;0.12698412698412698;0.59375;0.78;0.5714285714285714;0.5;0.3482142857142857;0.4696969696969697;0.48333333333333334;0.15740740740740738;0.20376175548589343;0.19565217391304346;0.3034825870646766;0.625;0.2982456140350877;0.29523809523809524
0.1020408163265306;0.18784530386740333;0.0;0.06504065040650407;0.05263157894736842;0.12280701754385964;0.0;0.047619047619047616;0.03125;0.0;0.0;0.0;0.04464285714285714;0.030303030303030304;0.18333333333333332;0.009259259259259259;0.16300940438871475;0.08695652173913043;0.12935323383084577;0.15625;0.017543859649122806;0.12380952380952384
0.04081632653061224;0.055248618784530384;1.0;0.06504065040650407;0.02631578947368421;0.03508771929824561;0.0;0.06349206349206349;0.0625;0.08;0.0;0.0;0.10714285714285714;0.07575757575757576;0.016666666666666666;0.07407407407407407;0.06269592476489028;0.09782608695652173;0.05970149253731344;0.0625;0.07017543859649122;0.09523809523809526
0.12244897959183673;0.1602209944751381;0.0;0.016260162601626018;0.07894736842105263;0.12280701754385964;0.0;0.1111111111111111;0.03125;0.04;0.0;0.0;0.0625;0.045454545454545456;0.1;0.037037037037037035;0.14106583072100315;0.18478260869565216;0.11442786069651742;0.09375;0.10526315789473684;0.12380952380952384
0.1020408163265306;0.055248618784530384;1.0;0.05691056910569106;0.07894736842105263;0.14035087719298245;0.0;0.12698412698412698;0.09375;0.08;0.0;0.0;0.08928571428571427;0.12121212121212122;0.08333333333333333;0.07407407407407407;0.10031347962382445;0.08695652173913043;0.0845771144278607;0.09375;0.03508771929824561;0.08571428571428572
0.02040816326530612;0.027624309392265192;1.0;0.016260162601626018;0.07894736842105263;0.07017543859649122;0.030303030303030304;0.0;0.0625;0.02;0.0;0.0;0.08035714285714285;0.07575757575757576;0.06666666666666667;0.07407407407407407;0.028213166144200625;0.03260869565217391;0.017412935323383085;0.125;0.017543859649122806;0.06666666666666668
0.08163265306122448;0.1270718232044199;1.0;0.07317073170731708;0.05263157894736842;0.12280701754385964;0.0;0.015873015873015872;0.0;0.04;0.0;0.0625;0.19642857142857142;0.13636363636363635;0.05;0.1111111111111111;0.10344827586206896;0.16304347826086957;0.10199004975124377;0.1875;0.05263157894736842;0.1142857142857143
0.08163265306122448;0.0718232044198895;0.0;0.0;0.02631578947368421;0.0;0.0;0.031746031746031744;0.09375;0.04;0.07142857142857142;0.0;0.03571428571428571;0.015151515151515152;0.0;0.046296296296296294;0.06583072100313479;0.08695652173913043;0.04477611940298507;0.03125;0.017543859649122806;0.0380952380952381
0.42857142857142855;0.46408839779005523;0.0;0.05691056910569106;0.05263157894736842;0.21052631578947367;0.0;0.31746031746031744;0.03125;0.04;0.0;0.0625;0.29464285714285715;0.12121212121212122;0.08333333333333333;0.07407407407407407;0.41379310344827586;0.45652173913043476;0.38557213930348255;0.28125;0.08771929824561403;0.1904761904761905
0.3061224489795918;0.4198895027624309;0.0;0.0813008130081301;0.07894736842105263;0.17543859649122806;0.0;0.1111111111111111;0.03125;0.04;0.0;0.0;0.3125;0.12121212121212122;0.16666666666666666;0.21296296296296297;0.36990595611285265;0.30434782608695654;0.31840796019900497;0.09375;0.12280701754385964;0.10476190476190478
0.12244897959183673;0.17679558011049723;0.0;0.07317073170731708;0.02631578947368421;0.017543859649122806;0.0;0.06349206349206349;0.09375;0.16;0.14285714285714285;0.0625;0.2232142857142857;0.045454545454545456;0.11666666666666667;0.12962962962962962;0.12852664576802508;0.08695652173913043;0.13930348258706468;0.09375;0.12280701754385964;0.13333333333333336
0.18367346938775508;0.2541436464088398;0.0;0.032520325203252036;0.10526315789473684;0.21052631578947367;0.0;0.0;0.03125;0.04;0.07142857142857142;0.0;0.26785714285714285;0.12121212121212122;0.16666666666666666;0.32407407407407407;0.15047021943573669;0.11956521739130435;0.10199004975124377;0.09375;0.07017543859649122;0.12380952380952384
0.02040816326530612;0.055248618784530384;0.0;0.04878048780487805;0.05263157894736842;0.10526315789473684;0.0;0.031746031746031744;0.03125;0.02;0.0;0.0;0.13392857142857142;0.045454545454545456;0.08333333333333333;0.08333333333333333;0.06896551724137931;0.021739130434782608;0.062189054726368154;0.1875;0.05263157894736842;0.0761904761904762
0.24489795918367346;0.19337016574585636;0.0;0.04878048780487805;0.10526315789473684;0.12280701754385964;0.0;0.047619047619047616;0.0625;0.02;0.07142857142857142;0.0;0.16964285714285712;0.10606060606060606;0.18333333333333332;0.12962962962962962;0.18181818181818182;0.10869565217391304;0.14925373134328357;0.09375;0.14035087719298245;0.13333333333333336
0.4081632653061224;0.30939226519337015;0.0;0.008130081300813009;0.07894736842105263;0.24561403508771928;0.0;0.1111111111111111;0.0;0.04;0.0;0.0625;0.1607142857142857;0.07575757575757576;0.11666666666666667;0.18518518518518517;0.25391849529780564;0.32608695652173914;0.19154228855721392;0.1875;0.10526315789473684;0.1904761904761905
0.3469387755102041;0.4419889502762431;1.0;0.3089430894308943;0.6052631578947368;0.6666666666666666;0.36363636363636365;0.09523809523809523;0.5;0.34;0.5714285714285714;0.5;0.6696428571428571;0.6818181818181819;0.7;0.8888888888888888;0.46708463949843254;0.2826086956521739;0.35074626865671643;0.59375;0.5789473684210527;0.4952380952380953
0.12244897959183673;0.2983425414364641;1.0;0.21951219512195125;0.5526315789473684;0.47368421052631576;0.24242424242424243;0.015873015873015872;0.5;0.22;0.5714285714285714;0.125;0.46428571428571425;0.42424242424242425;0.55;0.6666666666666666;0.36990595611285265;0.17391304347826086;0.26119402985074625;0.4375;0.3684210526315789;0.3904761904761905
0.2857142857142857;0.30386740331491713;0.0;0.05691056910569106;0.10526315789473684;0.10526315789473684;0.0;0.09523809523809523;0.03125;0.04;0.0;0.0;0.16964285714285712;0.12121212121212122;0.11666666666666667;0.08333333333333333;0.26332288401253917;0.30434782608695654;0.2288557213930348;0.15625;0.12280701754385964;0.13333333333333336
0.02040816326530612;0.027624309392265192;0.0;0.11382113821138212;0.15789473684210525;0.14035087719298245;0.06060606060606061;0.0;0.1875;0.12;0.21428571428571427;0.0625;0.14285714285714285;0.13636363636363635;0.06666666666666667;0.12962962962962962;0.04075235109717868;0.043478260869565216;0.04228855721393035;0.0;0.10526315789473684;0.0761904761904762
0.0;0.13812154696132595;0.0;0.04878048780487805;0.2894736842105263;0.17543859649122806;0.15151515151515152;0.031746031746031744;0.1875;0.18;0.3571428571428571;0.0625;0.21428571428571427;0.15151515151515152;0.2;0.32407407407407407;0.13166144200626959;0.06521739130434782;0.08955223880597014;0.15625;0.10526315789473684;0.17142857142857146
0.0;0.04419889502762431;0.0;0.06504065040650407;0.3421052631578947;0.12280701754385964;0.12121212121212122;0.015873015873015872;0.15625;0.12;0.07142857142857142;0.0625;0.14285714285714285;0.15151515151515152;0.16666666666666666;0.12037037037037036;0.07836990595611285;0.05434782608695652;0.07462686567164178;0.09375;0.08771929824561403;0.1523809523809524
0.14285714285714285;0.19337016574585636;1.0;0.2682926829268293;0.10526315789473684;0.2807017543859649;0.09090909090909091;0.015873015873015872;0.21875;0.44;0.2857142857142857;0.25;0.24107142857142855;0.36363636363636365;0.26666666666666666;0.25;0.20689655172413793;0.2717391304347826;0.208955223880597;0.3125;0.17543859649122806;0.21904761904761907
0.5306122448979591;0.30386740331491713;0.0;0.024390243902439025;0.05263157894736842;0.12280701754385964;0.0;0.19047619047619047;0.03125;0.02;0.0;0.0;0.1875;0.15151515151515152;0.0;0.046296296296296294;0.2476489028213166;0.30434782608695654;0.2288557213930348;0.09375;0.05263157894736842;0.14285714285714288
0.14285714285714285;0.19337016574585636;0.0;0.07317073170731708;0.05263157894736842;0.14035087719298245;0.0;0.06349206349206349;0.125;0.08;0.0;0.0625;0.1875;0.16666666666666669;0.26666666666666666;0.12037037037037036;0.14733542319749218;0.11956521739130435;0.13681592039800994;0.125;0.12280701754385964;0.1904761904761905
0.18367346938775508;0.3425414364640884;0.0;0.33333333333333337;0.5789473684210527;0.8070175438596491;0.7575757575757576;0.031746031746031744;0.46875;0.36;0.42857142857142855;0.625;0.5446428571428571;0.6060606060606061;0.6;0.5555555555555556;0.3793103448275862;0.19565217391304346;0.3383084577114428;0.3125;0.6491228070175439;0.6095238095238096
0.7551020408163265;0.5027624309392266;0.0;0.04065040650406505;0.07894736842105263;0.07017543859649122;0.0;0.23809523809523808;0.0625;0.06;0.0;0.0625;0.23214285714285712;0.13636363636363635;0.1;0.17592592592592593;0.45454545454545453;0.33695652173913043;0.3756218905472637;0.125;0.10526315789473684;0.18095238095238098
0.1020408163265306;0.18232044198895025;0.0;0.15447154471544716;0.21052631578947367;0.07017543859649122;0.0;0.07936507936507936;0.125;0.2;0.2857142857142857;0.125;0.29464285714285715;0.36363636363636365;0.13333333333333333;0.16666666666666666;0.16614420062695925;0.20652173913043478;0.18407960199004975;0.15625;0.03508771929824561;0.0761904761904762
0.3877551020408163;0.3812154696132597;0.0;0.016260162601626018;0.10526315789473684;0.12280701754385964;0.0;0.031746031746031744;0.0;0.04;0.0;0.0;0.13392857142857142;0.09090909090909091;0.08333333333333333;0.28703703703703703;0.2570532915360501;0.2608695652173913;0.15920398009950248;0.0625;0.22807017543859648;0.20952380952380956
0.22448979591836732;0.49723756906077343;1.0;0.15447154471544716;0.5789473684210527;0.5789473684210527;0.6363636363636364;0.12698412698412698;0.28125;0.36;0.3571428571428571;0.4375;0.4375;0.3181818181818182;0.5;0.8148148148148148;0.40438871473354226;0.2391304347826087;0.25870646766169153;0.59375;0.49122807017543857;0.5428571428571429
0.12244897959183673;0.32044198895027626;1.0;0.07317073170731708;0.23684210526315788;0.3508771929824561;0.12121212121212122;0.031746031746031744;0.1875;0.2;0.21428571428571427;0.0;0.24107142857142855;0.2272727272727273;0.35;0.3611111111111111;0.2946708463949843;0.17391304347826086;0.21890547263681592;0.34375;0.3157894736842105;0.24761904761904766
0.3061224489795918;0.36464088397790057;0.0;0.04878048780487805;0.0;0.14035087719298245;0.0;0.06349206349206349;0.0;0.04;0.0;0.0;0.14285714285714285;0.030303030303030304;0.05;0.21296296296296297;0.2789968652037617;0.22826086956521738;0.19900497512437812;0.125;0.08771929824561403;0.09523809523809526
0.04081632653061224;0.16574585635359118;0.0;0.12195121951219513;0.21052631578947367;0.3508771929824561;0.15151515151515152;0.015873015873015872;0.03125;0.16;0.07142857142857142;0.25;0.27678571428571425;0.16666666666666669;0.26666666666666666;0.25925925925925924;0.15047021943573669;0.11956521739130435;0.13681592039800994;0.03125;0.19298245614035087;0.14285714285714288
0.22448979591836732;0.3425414364640884;0.0;0.04878048780487805;0.0;0.15789473684210525;0.0;0.09523809523809523;0.1875;0.32;0.0;0.0;0.33928571428571425;0.18181818181818182;0.08333333333333333;0.24074074074074073;0.21630094043887146;0.2608695652173913;0.23134328358208955;0.125;0.17543859649122806;0.20952380952380956
0.14285714285714285;0.4143646408839779;0.0;0.2520325203252033;0.2631578947368421;0.5263157894736842;0.33333333333333337;0.07936507936507936;0.40625;0.7000000000000001;0.5714285714285714;0.3125;0.6071428571428571;0.4090909090909091;0.45;0.37037037037037035;0.31034482758620685;0.3695652173913043;0.39303482587064675;0.375;0.3684210526315789;0.44761904761904764
0.0;0.06077348066298342;0.0;0.016260162601626018;0.0;0.0;0.0;0.015873015873015872;0.0;0.0;0.0;0.0;0.017857142857142856;0.0;0.016666666666666666;0.027777777777777776;0.04702194357366771;0.021739130434782608;0.02487562189054726;0.03125;0.03508771929824561;0.028571428571428574
0.02040816326530612;0.11602209944751381;1.0;0.032520325203252036;0.13157894736842105;0.14035087719298245;0.0;0.047619047619047616;0.09375;0.14;0.07142857142857142;0.125;0.24107142857142855;0.16666666666666669;0.11666666666666667;0.16666666666666666;0.08463949843260188;0.05434782608695652;0.09701492537313433;0.125;0.19298245614035087;0.21904761904761907
0.061224489795918366;0.12154696132596686;1.0;0.04065040650406505;0.02631578947368421;0.05263157894736842;0.0;0.0;0.03125;0.12;0.07142857142857142;0.0625;0.08035714285714285;0.09090909090909091;0.08333333333333333;0.17592592592592593;0.09717868338557993;0.13043478260869565;0.05721393034825871;0.0625;0.12280701754385964;0.10476190476190478
0.836734693877551;0.8453038674033149;0.0;0.2764227642276423;0.2631578947368421;0.3157894736842105;0.0;0.5714285714285714;0.0;0.12;0.07142857142857142;0.0;0.33035714285714285;0.24242424242424243;0.23333333333333334;0.31481481481481477;0.7084639498432601;0.6630434782608695;0.5746268656716418;0.15625;0.2807017543859649;0.4285714285714286
0.12244897959183673;0.27624309392265195;1.0;0.1951219512195122;0.18421052631578946;0.2807017543859649;0.030303030303030304;0.14285714285714285;0.125;0.12;0.14285714285714285;0.0625;0.2857142857142857;0.19696969696969696;0.18333333333333332;0.1388888888888889;0.219435736677116;0.2826086956521739;0.22139303482587064;0.3125;0.17543859649122806;0.2571428571428572
0.3877551020408163;0.30939226519337015;0.0;0.0813008130081301;0.13157894736842105;0.10526315789473684;0.030303030303030304;0.3492063492063492;0.09375;0.12;0.07142857142857142;0.125;0.1875;0.06060606060606061;0.21666666666666667;0.09259259259259259;0.3228840125391849;0.32608695652173914;0.2885572139303483;0.1875;0.21052631578947367;0.24761904761904766
0.5714285714285714;0.6022099447513812;0.0;0.07317073170731708;0.10526315789473684;0.24561403508771928;0.0;0.4126984126984127;0.0;0.02;0.0;0.0625;0.20535714285714285;0.09090909090909091;0.16666666666666666;0.12037037037037036;0.5141065830721003;0.5;0.4253731343283582;0.3125;0.19298245614035087;0.2761904761904762
0.12244897959183673;0.1712707182320442;1.0;0.15447154471544716;0.15789473684210525;0.08771929824561403;0.0;0.09523809523809523;0.0;0.02;0.0;0.0;0.11607142857142856;0.045454545454545456;0.08333333333333333;0.14814814814814814;0.16614420062695925;0.11956521739130435;0.11691542288557213;0.28125;0.15789473684210525;0.13333333333333336
0.1020408163265306;0.22099447513812154;1.0;0.15447154471544716;0.10526315789473684;0.24561403508771928;0.09090909090909091;0.14285714285714285;0.15625;0.12;0.14285714285714285;0.0625;0.1875;0.15151515151515152;0.11666666666666667;0.17592592592592593;0.219435736677116;0.16304347826086957;0.18407960199004975;0.15625;0.21052631578947367;0.21904761904761907
0.061224489795918366;0.19889502762430938;1.0;0.0975609756097561;0.10526315789473684;0.14035087719298245;0.0;0.14285714285714285;0.125;0.14;0.14285714285714285;0.0625;0.23214285714285712;0.12121212121212122;0.13333333333333333;0.10185185185185185;0.16614420062695925;0.18478260869565216;0.17661691542288557;0.28125;0.10526315789473684;0.14285714285714288
0.04081632653061224;0.055248618784530384;0.0;0.024390243902439025;0.02631578947368421;0.07017543859649122;0.0;0.047619047619047616;0.0625;0.06;0.0;0.0;0.0625;0.030303030303030304;0.05;0.08333333333333333;0.05956112852664576;0.06521739130434782;0.03980099502487562;0.03125;0.0;0.057142857142857155
0.0;0.08839779005524862;1.0;0.016260162601626018;0.07894736842105263;0.10526315789473684;0.0;0.031746031746031744;0.0;0.02;0.0;0.0;0.04464285714285714;0.045454545454545456;0.05;0.06481481481481481;0.06583072100313479;0.08695652173913043;0.03980099502487562;0.09375;0.017543859649122806;0.0761904761904762
0.4081632653061224;0.48066298342541436;0.0;0.1869918699186992;0.23684210526315788;0.2631578947368421;0.0;0.31746031746031744;0.15625;0.26;0.14285714285714285;0.1875;0.36607142857142855;0.3181818181818182;0.23333333333333334;0.25925925925925924;0.4106583072100313;0.40217391304347827;0.3805970149253731;0.21875;0.3684210526315789;0.3333333333333333
0.02040816326530612;0.011049723756906077;1.0;0.008130081300813009;0.0;0.0;0.0;0.015873015873015872;0.0;0.0;0.0;0.0;0.0;0.015151515151515152;0.0;0.0;0.0219435736677116;0.021739130434782608;0.00746268656716418;0.03125;0.0;0.0
0.061224489795918366;0.09392265193370165;1.0;0.024390243902439025;0.02631578947368421;0.05263157894736842;0.0;0.047619047619047616;0.03125;0.08;0.0;0.125;0.125;0.07575757575757576;0.06666666666666667;0.027777777777777776;0.05642633228840125;0.06521739130434782;0.07213930348258707;0.125;0.07017543859649122;0.057142857142857155
0.36734693877551017;0.4475138121546961;0.0;0.07317073170731708;0.07894736842105263;0.24561403508771928;0.0;0.1746031746031746;0.03125;0.06;0.0;0.0625;0.17857142857142855;0.10606060606060606;0.15;0.10185185185185185;0.35423197492163006;0.40217391304347827;0.3009950248756219;0.21875;0.12280701754385964;0.1904761904761905
0.12244897959183673;0.1602209944751381;0.0;0.04878048780487805;0.10526315789473684;0.12280701754385964;0.0;0.12698412698412698;0.0625;0.06;0.0;0.0;0.20535714285714285;0.13636363636363635;0.05;0.06481481481481481;0.13793103448275862;0.15217391304347827;0.14676616915422885;0.0625;0.07017543859649122;0.14285714285714288
0.14285714285714285;0.1712707182320442;0.0;0.04065040650406505;0.18421052631578946;0.17543859649122806;0.0;0.06349206349206349;0.03125;0.04;0.0;0.0625;0.1875;0.10606060606060606;0.15;0.17592592592592593;0.12225705329153604;0.09782608695652173;0.09701492537313433;0.09375;0.2631578947368421;0.20000000000000004
0.02040816326530612;0.06629834254143646;1.0;0.13821138211382114;0.2631578947368421;0.24561403508771928;0.24242424242424243;0.047619047619047616;0.21875;0.24;0.3571428571428571;0.1875;0.16964285714285712;0.2272727272727273;0.25;0.28703703703703703;0.11912225705329153;0.07608695652173914;0.0845771144278607;0.125;0.21052631578947367;0.2380952380952381
0.673469387755102;0.8011049723756906;0.0;0.04065040650406505;0.10526315789473684;0.2631578947368421;0.0;0.20634920634920634;0.0625;0.12;0.0;0.0;0.21428571428571427;0.15151515151515152;0.08333333333333333;0.31481481481481477;0.6269592476489028;0.3804347826086956;0.47761194029850745;0.1875;0.3157894736842105;0.37142857142857144
0.0;0.03314917127071823;1.0;0.032520325203252036;0.07894736842105263;0.03508771929824561;0.06060606060606061;0.015873015873015872;0.03125;0.0;0.0;0.0;0.04464285714285714;0.015151515151515152;0.016666666666666666;0.046296296296296294;0.028213166144200625;0.021739130434782608;0.01243781094527363;0.03125;0.05263157894736842;0.01904761904761905
0.12244897959183673;0.3591160220994475;0.0;0.1788617886178862;0.6842105263157894;0.7192982456140351;0.3939393939393939;0.1111111111111111;0.34375;0.44;0.6428571428571428;0.625;0.5446428571428571;0.4545454545454546;0.45;0.5925925925925926;0.329153605015674;0.19565217391304346;0.29850746268656714;0.4375;0.6666666666666666;0.6571428571428573
0.12244897959183673;0.23756906077348067;0.0;0.04065040650406505;0.05263157894736842;0.14035087719298245;0.0;0.06349206349206349;0.15625;0.12;0.0;0.0;0.23214285714285712;0.12121212121212122;0.11666666666666667;0.19444444444444442;0.19122257053291536;0.14130434782608695;0.1691542288557214;0.15625;0.2631578947368421;0.2285714285714286
0.2857142857142857;0.39226519337016574;0.0;0.1951219512195122;0.23684210526315788;0.2631578947368421;0.06060606060606061;0.23809523809523808;0.0625;0.22;0.07142857142857142;0.25;0.30357142857142855;0.25757575757575757;0.2833333333333333;0.39814814814814814;0.3197492163009404;0.25;0.24875621890547261;0.1875;0.3508771929824561;0.3904761904761905
0.0;0.06629834254143646;1.0;0.13008130081300814;0.10526315789473684;0.14035087719298245;0.06060606060606061;0.031746031746031744;0.375;0.26;0.0;0.125;0.125;0.18181818181818182;0.16666666666666666;0.17592592592592593;0.06896551724137931;0.06521739130434782;0.06467661691542288;0.0625;0.15789473684210525;0.13333333333333336
0.5102040816326531;0.4530386740331492;0.0;0.016260162601626018;0.02631578947368421;0.14035087719298245;0.0;0.19047619047619047;0.0;0.08;0.0;0.0;0.07142857142857142;0.045454545454545456;0.18333333333333332;0.25925925925925924;0.3605015673981191;0.3695652173913043;0.236318407960199;0.21875;0.10526315789473684;0.20000000000000004
0.0;0.027624309392265192;1.0;0.008130081300813009;0.05263157894736842;0.05263157894736842;0.06060606060606061;0.0;0.03125;0.0;0.14285714285714285;0.0;0.07142857142857142;0.06060606060606061;0.06666666666666667;0.09259259259259259;0.028213166144200625;0.03260869565217391;0.00746268656716418;0.09375;0.07017543859649122;0.0380952380952381
0.061224489795918366;0.09944751381215469;1.0;0.07317073170731708;0.10526315789473684;0.017543859649122806;0.0;0.031746031746031744;0.0625;0.02;0.0;0.0;0.08928571428571427;0.07575757575757576;0.13333333333333333;0.07407407407407407;0.09404388714733541;0.06521739130434782;0.07213930348258707;0.0;0.15789473684210525;0.10476190476190478
0.836734693877551;0.56353591160221;0.0;0.07317073170731708;0.07894736842105263;0.2807017543859649;0.0;0.47619047619047616;0.03125;0.08;0.0;0.0;0.23214285714285712;0.18181818181818182;0.21666666666666667;0.2685185185185185;0.46708463949843254;0.41304347826086957;0.36318407960199006;0.375;0.14035087719298245;0.17142857142857146
0.061224489795918366;0.10497237569060773;1.0;0.10569105691056911;0.15789473684210525;0.19298245614035087;0.030303030303030304;0.015873015873015872;0.09375;0.12;0.07142857142857142;0.0;0.11607142857142856;0.16666666666666669;0.08333333333333333;0.17592592592592593;0.11912225705329153;0.11956521739130435;0.0845771144278607;0.125;0.19298245614035087;0.18095238095238098
0.02040816326530612;0.027624309392265192;1.0;0.13008130081300814;0.15789473684210525;0.17543859649122806;0.12121212121212122;0.0;0.21875;0.2;0.14285714285714285;0.3125;0.13392857142857142;0.12121212121212122;0.13333333333333333;0.1388888888888889;0.06269592476489028;0.07608695652173914;0.06467661691542288;0.15625;0.07017543859649122;0.09523809523809526
0.42857142857142855;0.23204419889502764;1.0;0.15447154471544716;0.18421052631578946;0.2631578947368421;0.0;0.2222222222222222;0.1875;0.18;0.14285714285714285;0.125;0.23214285714285712;0.15151515151515152;0.18333333333333332;0.1388888888888889;0.22884012539184953;0.20652173913043478;0.22139303482587064;0.25;0.12280701754385964;0.18095238095238098
0.42857142857142855;0.3149171270718232;0.0;0.05691056910569106;0.05263157894736842;0.14035087719298245;0.0;0.31746031746031744;0.0;0.08;0.0;0.0625;0.13392857142857142;0.16666666666666669;0.15;0.1388888888888889;0.2476489028213166;0.20652173913043478;0.19651741293532338;0.1875;0.17543859649122806;0.20000000000000004
0.0;0.23204419889502764;1.0;0.2520325203252033;0.13157894736842105;0.3157894736842105;0.06060606060606061;0.0;0.0625;0.08;0.21428571428571427;0.0;0.16964285714285712;0.18181818181818182;0.15;0.23148148148148145;0.1974921630094044;0.19565217391304346;0.1417910447761194;0.28125;0.24561403508771928;0.1904761904761905
0.0;0.06077348066298342;1.0;0.17073170731707318;0.21052631578947367;0.19298245614035087;0.09090909090909091;0.031746031746031744;0.125;0.2;0.14285714285714285;0.0;0.13392857142857142;0.15151515151515152;0.11666666666666667;0.07407407407407407;0.06269592476489028;0.07608695652173914;0.08208955223880597;0.25;0.07017543859649122;0.057142857142857155
0.6326530612244897;0.4033149171270718;1.0;0.13008130081300814;0.2631578947368421;0.38596491228070173;0.030303030303030304;0.36507936507936506;0.1875;0.34;0.14285714285714285;0.1875;0.26785714285714285;0.2272727272727273;0.3333333333333333;0.16666666666666666;0.3009404388714733;0.2826086956521739;0.3009950248756219;0.125;0.17543859649122806;0.24761904761904766
0.22448979591836732;0.1712707182320442;1.0;0.24390243902439027;0.15789473684210525;0.40350877192982454;0.12121212121212122;0.1746031746031746;0.25;0.26;0.0;0.1875;0.19642857142857142;0.19696969696969696;0.15;0.12962962962962962;0.15673981191222572;0.20652173913043478;0.16666666666666666;0.15625;0.22807017543859648;0.20000000000000004
0.061224489795918366;0.13259668508287292;1.0;0.0975609756097561;0.10526315789473684;0.12280701754385964;0.0;0.015873015873015872;0.09375;0.08;0.0;0.0;0.1607142857142857;0.19696969696969696;0.25;0.1111111111111111;0.12225705329153604;0.05434782608695652;0.11194029850746269;0.1875;0.19298245614035087;0.13333333333333336
0.16326530612244897;0.281767955801105;1.0;0.20325203252032523;0.2894736842105263;0.45614035087719296;0.030303030303030304;0.14285714285714285;0.09375;0.12;0.07142857142857142;0.1875;0.2232142857142857;0.18181818181818182;0.16666666666666666;0.25;0.2727272727272727;0.15217391304347827;0.21641791044776118;0.5;0.2631578947368421;0.24761904761904766
0.061224489795918366;0.022099447513812154;1.0;0.016260162601626018;0.10526315789473684;0.08771929824561403;0.0;0.06349206349206349;0.15625;0.06;0.0;0.0625;0.08035714285714285;0.07575757575757576;0.05;0.037037037037037035;0.04388714733542319;0.021739130434782608;0.04477611940298507;0.03125;0.05263157894736842;0.10476190476190478
0.32653061224489793;0.27071823204419887;0.0;0.07317073170731708;0.05263157894736842;0.17543859649122806;0.0;0.1746031746031746;0.0;0.08;0.0;0.0;0.10714285714285714;0.07575757575757576;0.03333333333333333;0.12037037037037036;0.21316614420062696;0.25;0.16666666666666666;0.09375;0.10526315789473684;0.14285714285714288
0.0;0.027624309392265192;1.0;0.12195121951219513;0.05263157894736842;0.10526315789473684;0.030303030303030304;0.015873015873015872;0.125;0.04;0.07142857142857142;0.125;0.0625;0.015151515151515152;0.05;0.07407407407407407;0.037617554858934164;0.010869565217391304;0.02238805970149254;0.03125;0.08771929824561403;0.057142857142857155
0.42857142857142855;0.2596685082872928;1.0;0.3577235772357724;0.3157894736842105;0.5438596491228069;0.24242424242424243;0.36507936507936506;0.3125;0.38;0.2857142857142857;0.375;0.46428571428571425;0.4090909090909091;0.2833333333333333;0.3055555555555555;0.31034482758620685;0.3695652173913043;0.3308457711442786;0.3125;0.3157894736842105;0.3142857142857143
0.0;0.027624309392265192;1.0;0.016260162601626018;0.0;0.0;0.0;0.0;0.0;0.0;0.0;0.0;0.008928571428571428;0.0;0.05;0.027777777777777776;0.03134796238244514;0.03260869565217391;0.009950248756218905;0.0;0.0;0.0380952380952381
0.18367346938775508;0.27071823204419887;0.0;0.07317073170731708;0.02631578947368421;0.07017543859649122;0.0;0.07936507936507936;0.0;0.0;0.0;0.0;0.11607142857142856;0.045454545454545456;0.2;0.06481481481481481;0.23197492163009403;0.20652173913043478;0.1890547263681592;0.0;0.10526315789473684;0.1619047619047619
0.0;0.11049723756906077;1.0;0.10569105691056911;0.05263157894736842;0.19298245614035087;0.12121212121212122;0.047619047619047616;0.125;0.14;0.07142857142857142;0.1875;0.14285714285714285;0.07575757575757576;0.11666666666666667;0.19444444444444442;0.08463949843260188;0.15217391304347827;0.062189054726368154;0.125;0.12280701754385964;0.13333333333333336
0.04081632653061224;0.07734806629834254;1.0;0.12195121951219513;0.15789473684210525;0.3157894736842105;0.18181818181818182;0.07936507936507936;0.21875;0.36;0.14285714285714285;0.25;0.09821428571428571;0.15151515151515152;0.21666666666666667;0.18518518518518517;0.07523510971786833;0.10869565217391304;0.07213930348258707;0.28125;0.10526315789473684;0.10476190476190478
0.02040816326530612;0.07734806629834254;1.0;0.0894308943089431;0.05263157894736842;0.15789473684210525;0.06060606060606061;0.015873015873015872;0.0625;0.12;0.07142857142857142;0.125;0.125;0.10606060606060606;0.18333333333333332;0.07407407407407407;0.07836990595611285;0.06521739130434782;0.08208955223880597;0.09375;0.05263157894736842;0.0761904761904762
0.44897959183673464;0.2928176795580111;1.0;0.0975609756097561;0.05263157894736842;0.14035087719298245;0.0;0.4126984126984127;0.0;0.12;0.07142857142857142;0.0;0.17857142857142855;0.16666666666666669;0.016666666666666666;0.018518518518518517;0.23510971786833856;0.32608695652173914;0.236318407960199;0.0625;0.05263157894736842;0.14285714285714288
0.12244897959183673;0.22651933701657456;1.0;0.3008130081300813;0.05263157894736842;0.17543859649122806;0.030303030303030304;0.1746031746031746;0.21875;0.32;0.21428571428571427;0.0625;0.26785714285714285;0.33333333333333337;0.18333333333333332;0.17592592592592593;0.2006269592476489;0.25;0.21641791044776118;0.21875;0.19298245614035087;0.20952380952380956
0.12244897959183673;0.18784530386740333;1.0;0.17073170731707318;0.10526315789473684;0.22807017543859648;0.0;0.12698412698412698;0.09375;0.14;0.0;0.0;0.19642857142857142;0.13636363636363635;0.1;0.08333333333333333;0.12539184952978058;0.16304347826086957;0.13930348258706468;0.15625;0.03508771929824561;0.10476190476190478
0.14285714285714285;0.11049723756906077;1.0;0.0975609756097561;0.07894736842105263;0.07017543859649122;0.0;0.031746031746031744;0.03125;0.04;0.0;0.0;0.09821428571428571;0.12121212121212122;0.08333333333333333;0.05555555555555555;0.10031347962382445;0.09782608695652173;0.08706467661691542;0.0625;0.10526315789473684;0.0380952380952381
0.16326530612244897;0.23756906077348067;1.0;0.3089430894308943;0.18421052631578946;0.3157894736842105;0.030303030303030304;0.15873015873015872;0.0625;0.3;0.07142857142857142;0.0625;0.33928571428571425;0.24242424242424243;0.23333333333333334;0.2685185185185185;0.1755485893416928;0.21739130434782608;0.1890547263681592;0.28125;0.21052631578947367;0.18095238095238098
0.24489795918367346;0.15469613259668508;1.0;0.15447154471544716;0.05263157894736842;0.19298245614035087;0.030303030303030304;0.19047619047619047;0.0625;0.18;0.21428571428571427;0.0625;0.25;0.15151515151515152;0.16666666666666666;0.12037037037037036;0.12852664576802508;0.14130434782608695;0.1517412935323383;0.125;0.08771929824561403;0.1523809523809524
0.02040816326530612;0.23204419889502764;1.0;0.11382113821138212;0.05263157894736842;0.3508771929824561;0.030303030303030304;0.015873015873015872;0.0;0.02;0.0;0.0625;0.14285714285714285;0.06060606060606061;0.11666666666666667;0.17592592592592593;0.20689655172413793;0.18478260869565216;0.14925373134328357;0.375;0.17543859649122806;0.1904761904761905
0.1020408163265306;0.14917127071823205;1.0;0.1626016260162602;0.2631578947368421;0.22807017543859648;0.21212121212121213;0.06349206349206349;0.03125;0.06;0.14285714285714285;0.0625;0.13392857142857142;0.09090909090909091;0.26666666666666666;0.23148148148148145;0.13479623824451412;0.08695652173913043;0.07960199004975124;0.15625;0.15789473684210525;0.08571428571428572
0.1020408163265306;0.14364640883977903;1.0;0.11382113821138212;0.10526315789473684;0.21052631578947367;0.030303030303030304;0.0;0.125;0.1;0.0;0.0625;0.08035714285714285;0.09090909090909091;0.15;0.14814814814814814;0.11598746081504702;0.05434782608695652;0.07711442786069651;0.25;0.12280701754385964;0.12380952380952384
0.0;0.06629834254143646;1.0;0.11382113821138212;0.15789473684210525;0.24561403508771928;0.09090909090909091;0.015873015873015872;0.15625;0.08;0.07142857142857142;0.125;0.09821428571428571;0.09090909090909091;0.11666666666666667;0.12037037037037036;0.06269592476489028;0.010869565217391304;0.04477611940298507;0.25;0.10526315789473684;0.057142857142857155
0.0;0.08839779005524862;1.0;0.0975609756097561;0.13157894736842105;0.17543859649122806;0.12121212121212122;0.0;0.09375;0.08;0.21428571428571427;0.25;0.08928571428571427;0.06060606060606061;0.15;0.12962962962962962;0.07523510971786833;0.07608695652173914;0.04975124378109453;0.21875;0.07017543859649122;0.04761904761904762
0.0;0.08287292817679558;1.0;0.13821138211382114;0.3157894736842105;0.15789473684210525;0.24242424242424243;0.015873015873015872;0.09375;0.24;0.21428571428571427;0.1875;0.08928571428571427;0.12121212121212122;0.18333333333333332;0.12962962962962962;0.08150470219435736;0.06521739130434782;0.07462686567164178;0.25;0.07017543859649122;0.057142857142857155
0.02040816326530612;0.03867403314917127;1.0;0.024390243902439025;0.02631578947368421;0.12280701754385964;0.06060606060606061;0.047619047619047616;0.0;0.04;0.0;0.0;0.04464285714285714;0.045454545454545456;0.03333333333333333;0.046296296296296294;0.04702194357366771;0.03260869565217391;0.03233830845771144;0.09375;0.03508771929824561;0.057142857142857155
0.02040816326530612;0.10497237569060773;1.0;0.13008130081300814;0.07894736842105263;0.12280701754385964;0.030303030303030304;0.0;0.1875;0.1;0.07142857142857142;0.0;0.05357142857142857;0.045454545454545456;0.13333333333333333;0.1111111111111111;0.08463949843260188;0.06521739130434782;0.05472636815920398;0.09375;0.05263157894736842;0.06666666666666668
0.02040816326530612;0.011049723756906077;1.0;0.06504065040650407;0.07894736842105263;0.10526315789473684;0.09090909090909091;0.015873015873015872;0.03125;0.04;0.0;0.0625;0.017857142857142856;0.0;0.03333333333333333;0.05555555555555555;0.037617554858934164;0.03260869565217391;0.01492537313432836;0.0625;0.10526315789473684;0.01904761904761905
0.42857142857142855;0.23756906077348067;1.0;0.0813008130081301;0.0;0.017543859649122806;0.0;0.36507936507936506;0.0;0.02;0.0;0.0;0.0625;0.030303030303030304;0.03333333333333333;0.06481481481481481;0.1724137931034483;0.20652173913043478;0.12935323383084577;0.0625;0.0;0.01904761904761905
0.26530612244897955;0.2928176795580111;0.0;0.12195121951219513;0.02631578947368421;0.17543859649122806;0.030303030303030304;0.1111111111111111;0.0;0.12;0.0;0.0;0.1607142857142857;0.21212121212121213;0.36666666666666664;0.24074074074074073;0.2852664576802508;0.22826086956521738;0.21144278606965175;0.28125;0.2631578947368421;0.20000000000000004
0.9387755102040816;0.6906077348066298;0.0;0.04065040650406505;0.07894736842105263;0.3508771929824561;0.0;0.746031746031746;0.0625;0.04;0.0;0.0;0.1875;0.13636363636363635;0.2;0.16666666666666666;0.5391849529780564;0.5760869565217391;0.43034825870646765;0.1875;0.19298245614035087;0.20000000000000004
0.1020408163265306;0.14364640883977903;0.0;0.28455284552845533;0.18421052631578946;0.3333333333333333;0.2727272727272727;0.015873015873015872;0.21875;0.3;0.2857142857142857;0.1875;0.19642857142857142;0.16666666666666669;0.16666666666666666;0.2685185185185185;0.14106583072100315;0.13043478260869565;0.12189054726368159;0.28125;0.14035087719298245;0.13333333333333336
0.1020408163265306;0.22651933701657456;0.0;0.04878048780487805;0.13157894736842105;0.12280701754385964;0.06060606060606061;0.047619047619047616;0.09375;0.16;0.14285714285714285;0.0;0.2857142857142857;0.2272727272727273;0.11666666666666667;0.15740740740740738;0.15047021943573669;0.20652173913043478;0.16666666666666666;0.125;0.17543859649122806;0.14285714285714288
0.16326530612244897;0.3314917127071823;0.0;0.05691056910569106;0.3157894736842105;0.19298245614035087;0.030303030303030304;0.09523809523809523;0.0625;0.12;0.0;0.0;0.5089285714285714;0.2272727272727273;0.23333333333333334;0.21296296296296297;0.26645768025078365;0.19565217391304346;0.3009950248756219;0.34375;0.3333333333333333;0.3238095238095238
0.08163265306122448;0.10497237569060773;0.0;0.024390243902439025;0.0;0.10526315789473684;0.0;0.031746031746031744;0.03125;0.08;0.0;0.0625;0.125;0.12121212121212122;0.1;0.08333333333333333;0.09717868338557993;0.09782608695652173;0.08955223880597014;0.09375;0.10526315789473684;0.08571428571428572
0.2857142857142857;0.39226519337016574;0.0;0.13821138211382114;0.2631578947368421;0.21052631578947367;0.09090909090909091;0.047619047619047616;0.21875;0.2;0.2857142857142857;0.125;0.40178571428571425;0.2878787878787879;0.35;0.23148148148148145;0.31034482758620685;0.21739130434782608;0.31094527363184077;0.1875;0.38596491228070173;0.41904761904761906
0.4693877551020408;0.14917127071823205;1.0;0.05691056910569106;0.02631578947368421;0.15789473684210525;0.0;0.12698412698412698;0.0;0.04;0.0;0.0;0.125;0.12121212121212122;0.08333333333333333;0.05555555555555555;0.15047021943573669;0.15217391304347827;0.13432835820895522;0.0625;0.07017543859649122;0.0761904761904762
0.02040816326530612;0.027624309392265192;0.0;0.008130081300813009;0.02631578947368421;0.05263157894736842;0.0;0.015873015873015872;0.0;0.08;0.0;0.0625;0.10714285714285714;0.06060606060606061;0.016666666666666666;0.027777777777777776;0.0;0.021739130434782608;0.02238805970149254;0.0;0.07017543859649122;0.04761904761904762
0.061224489795918366;0.16574585635359118;1.0;0.23577235772357727;0.07894736842105263;0.21052631578947367;0.09090909090909091;0.07936507936507936;0.28125;0.46;0.14285714285714285;0.25;0.3125;0.2878787878787879;0.18333333333333332;0.1388888888888889;0.16927899686520376;0.2608695652173913;0.23134328358208955;0.21875;0.2982456140350877;0.2761904761904762
0.2040816326530612;0.3812154696132597;0.0;0.024390243902439025;0.05263157894736842;0.21052631578947367;0.0;0.36507936507936506;0.0625;0.06;0.0;0.0625;0.16964285714285712;0.09090909090909091;0.06666666666666667;0.09259259259259259;0.3605015673981191;0.2826086956521739;0.30597014925373134;0.1875;0.10526315789473684;0.20000000000000004
0.4081632653061224;0.1270718232044199;1.0;0.008130081300813009;0.0;0.017543859649122806;0.0;0.42857142857142855;0.0;0.0;0.0;0.0;0.0;0.015151515151515152;0.0;0.0;0.10971786833855798;0.14130434782608695;0.07711442786069651;0.0;0.017543859649122806;0.0
0.061224489795918366;0.14364640883977903;1.0;0.42276422764227645;0.3157894736842105;0.3684210526315789;0.15151515151515152;0.1111111111111111;0.40625;0.32;0.2857142857142857;0.25;0.27678571428571425;0.2878787878787879;0.13333333333333333;0.2685185185185185;0.20376175548589343;0.22826086956521738;0.19651741293532338;0.5;0.14035087719298245;0.3142857142857143
0.7142857142857142;0.4143646408839779;1.0;0.17073170731707318;0.13157894736842105;0.21052631578947367;0.0;0.5079365079365079;0.0625;0.14;0.0;0.0;0.1607142857142857;0.25757575757575757;0.1;0.07407407407407407;0.3667711598746081;0.3913043478260869;0.3233830845771144;0.15625;0.10526315789473684;0.18095238095238098
0.02040816326530612;0.14917127071823205;0.0;0.04065040650406505;0.10526315789473684;0.14035087719298245;0.0;0.06349206349206349;0.0625;0.06;0.0;0.0;0.1607142857142857;0.13636363636363635;0.06666666666666667;0.08333333333333333;0.12852664576802508;0.11956521739130435;0.12189054726368159;0.1875;0.22807017543859648;0.18095238095238098
0.4081632653061224;0.23204419889502764;0.0;0.04065040650406505;0.10526315789473684;0.08771929824561403;0.0;0.3333333333333333;0.09375;0.1;0.0;0.0;0.14285714285714285;0.15151515151515152;0.05;0.046296296296296294;0.219435736677116;0.25;0.20398009950248755;0.03125;0.07017543859649122;0.09523809523809526
0.1020408163265306;0.1602209944751381;1.0;0.3902439024390244;0.2631578947368421;0.2982456140350877;0.09090909090909091;0.14285714285714285;0.21875;0.14;0.14285714285714285;0.0;0.27678571428571425;0.24242424242424243;0.25;0.24074074074074073;0.2445141065830721;0.20652173913043478;0.21393034825870647;0.59375;0.21052631578947367;0.2857142857142857
0.6530612244897959;0.5359116022099447;0.0;0.12195121951219513;0.13157894736842105;0.24561403508771928;0.0;0.4444444444444444;0.125;0.12;0.0;0.0;0.3214285714285714;0.19696969696969696;0.25;0.07407407407407407;0.48275862068965514;0.532608695652174;0.4577114427860696;0.25;0.17543859649122806;0.3238095238095238
0.1020408163265306;0.09392265193370165;1.0;0.032520325203252036;0.02631578947368421;0.017543859649122806;0.0;0.12698412698412698;0.0;0.0;0.0;0.0;0.0625;0.07575757575757576;0.11666666666666667;0.08333333333333333;0.09717868338557993;0.05434782608695652;0.062189054726368154;0.0625;0.03508771929824561;0.04761904761904762
0.6122448979591836;0.5469613259668508;0.0;0.05691056910569106;0.10526315789473684;0.08771929824561403;0.0;0.3968253968253968;0.0;0.08;0.07142857142857142;0.0625;0.20535714285714285;0.16666666666666669;0.1;0.12962962962962962;0.4075235109717868;0.3913043478260869;0.34577114427860695;0.21875;0.08771929824561403;0.1619047619047619
0.5918367346938775;0.2541436464088398;1.0;0.12195121951219513;0.05263157894736842;0.07017543859649122;0.0;0.5396825396825397;0.09375;0.22;0.0;0.0625;0.2589285714285714;0.21212121212121213;0.05;0.07407407407407407;0.23510971786833856;0.40217391304347827;0.2562189054726368;0.03125;0.0;0.028571428571428574
0.1020408163265306;0.10497237569060773;1.0;0.12195121951219513;0.05263157894736842;0.12280701754385964;0.030303030303030304;0.07936507936507936;0.03125;0.04;0.07142857142857142;0.0625;0.09821428571428571;0.045454545454545456;0.05;0.009259259259259259;0.12539184952978058;0.08695652173913043;0.11940298507462688;0.09375;0.08771929824561403;0.17142857142857146
0.22448979591836732;0.13812154696132595;1.0;0.06504065040650407;0.13157894736842105;0.19298245614035087;0.0;0.19047619047619047;0.09375;0.06;0.07142857142857142;0.0;0.25;0.15151515151515152;0.08333333333333333;0.05555555555555555;0.11912225705329153;0.13043478260869565;0.14676616915422885;0.15625;0.17543859649122806;0.14285714285714288
0.2040816326530612;0.281767955801105;0.0;0.0975609756097561;0.05263157894736842;0.12280701754385964;0.0;0.12698412698412698;0.09375;0.08;0.14285714285714285;0.0;0.125;0.12121212121212122;0.06666666666666667;0.10185185185185185;0.26018808777429464;0.30434782608695654;0.21393034825870647;0.125;0.07017543859649122;0.09523809523809526
0.1020408163265306;0.19889502762430938;0.0;0.04878048780487805;0.18421052631578946;0.12280701754385964;0.0;0.12698412698412698;0.0;0.12;0.0;0.0;0.11607142857142856;0.13636363636363635;0.08333333333333333;0.06481481481481481;0.23824451410658307;0.21739130434782608;0.208955223880597;0.40625;0.10526315789473684;0.21904761904761907
0.18367346938775508;0.3591160220994475;0.0;0.6585365853658537;0.39473684210526316;0.7017543859649122;0.09090909090909091;0.20634920634920634;0.46875;0.58;0.2857142857142857;0.1875;0.5625;0.5909090909090909;0.45;0.3333333333333333;0.4231974921630094;0.44565217391304346;0.4651741293532338;1.0;0.45614035087719296;0.5523809523809524
0.02040816326530612;0.049723756906077346;0.0;0.024390243902439025;0.07894736842105263;0.12280701754385964;0.0;0.12698412698412698;0.0;0.0;0.0;0.0;0.125;0.06060606060606061;0.05;0.037037037037037035;0.09404388714733541;0.11956521739130435;0.08955223880597014;0.03125;0.15789473684210525;0.057142857142857155
0.14285714285714285;0.22651933701657456;0.0;0.016260162601626018;0.18421052631578946;0.07017543859649122;0.0;0.25396825396825395;0.0625;0.08;0.0;0.0625;0.16964285714285712;0.15151515151515152;0.05;0.046296296296296294;0.2727272727272727;0.2608695652173913;0.2512437810945274;0.25;0.10526315789473684;0.2380952380952381
0.5714285714285714;0.6685082872928176;0.0;0.7317073170731708;0.4473684210526315;0.7192982456140351;0.15151515151515152;0.5079365079365079;0.53125;0.78;0.2857142857142857;0.25;0.6071428571428571;0.7121212121212122;0.5166666666666666;0.3796296296296296;0.6144200626959248;0.6956521739130435;0.6417910447761194;0.40625;0.3333333333333333;0.4761904761904762
0.1020408163265306;0.2928176795580111;1.0;0.41463414634146345;0.5263157894736842;0.5964912280701754;0.36363636363636365;0.20634920634920634;0.4375;0.66;0.5;0.375;0.49107142857142855;0.5;0.4;0.28703703703703703;0.31034482758620685;0.3913043478260869;0.3781094527363184;0.46875;0.2631578947368421;0.4380952380952381
0.04081632653061224;0.2541436464088398;1.0;0.3739837398373984;0.3421052631578947;0.3508771929824561;0.15151515151515152;0.12698412698412698;0.3125;0.4;0.21428571428571427;0.125;0.3214285714285714;0.4090909090909091;0.26666666666666666;0.19444444444444442;0.29780564263322884;0.2934782608695652;0.31343283582089554;0.21875;0.40350877192982454;0.40952380952380957
0.32653061224489793;0.425414364640884;0.0;0.032520325203252036;0.05263157894736842;0.15789473684210525;0.0;0.36507936507936506;0.0;0.02;0.0;0.0;0.24107142857142855;0.09090909090909091;0.03333333333333333;0.046296296296296294;0.4012539184952978;0.3804347826086956;0.3656716417910448;0.25;0.14035087719298245;0.20952380952380956
0.12244897959183673;0.27071823204419887;0.0;0.0813008130081301;0.02631578947368421;0.15789473684210525;0.0;0.1746031746031746;0.03125;0.04;0.0;0.0;0.07142857142857142;0.06060606060606061;0.03333333333333333;0.1111111111111111;0.26332288401253917;0.17391304347826086;0.19402985074626866;0.15625;0.17543859649122806;0.1619047619047619
0.08163265306122448;0.24861878453038677;0.0;0.0813008130081301;0.05263157894736842;0.15789473684210525;0.0;0.047619047619047616;0.0625;0.06;0.0;0.0625;0.14285714285714285;0.09090909090909091;0.13333333333333333;0.05555555555555555;0.22570532915360503;0.2934782608695652;0.20149253731343283;0.3125;0.10526315789473684;0.20000000000000004
0.6122448979591836;0.5193370165745856;0.0;0.032520325203252036;0.13157894736842105;0.2807017543859649;0.0;0.6190476190476191;0.03125;0.08;0.0;0.0;0.2857142857142857;0.10606060606060606;0.11666666666666667;0.06481481481481481;0.45141065830721;0.5217391304347826;0.42039800995024873;0.28125;0.2982456140350877;0.21904761904761907
0.04081632653061224;0.2044198895027624;1.0;0.07317073170731708;0.13157894736842105;0.22807017543859648;0.0;0.1746031746031746;0.0;0.02;0.0;0.0;0.10714285714285714;0.030303030303030304;0.16666666666666666;0.1388888888888889;0.2476489028213166;0.19565217391304346;0.18159203980099503;0.21875;0.14035087719298245;0.13333333333333336
0.2040816326530612;0.26519337016574585;0.0;0.5040650406504066;0.3157894736842105;0.43859649122807015;0.18181818181818182;0.23809523809523808;0.21875;0.28;0.2857142857142857;0.1875;0.4196428571428571;0.36363636363636365;0.26666666666666666;0.1388888888888889;0.32601880877742945;0.34782608695652173;0.36318407960199006;0.71875;0.3157894736842105;0.3619047619047619
0.32653061224489793;0.27071823204419887;0.0;0.05691056910569106;0.02631578947368421;0.14035087719298245;0.0;0.25396825396825395;0.0;0.0;0.0;0.0;0.14285714285714285;0.09090909090909091;0.1;0.018518518518518517;0.2476489028213166;0.22826086956521738;0.22139303482587064;0.09375;0.05263157894736842;0.10476190476190478
0.22448979591836732;0.430939226519337;1.0;0.6422764227642277;0.9736842105263157;0.8245614035087718;0.4545454545454546;0.38095238095238093;0.5625;0.66;0.7142857142857142;0.6875;0.7321428571428571;0.696969696969697;0.7333333333333333;0.4444444444444444;0.48275862068965514;0.46739130434782605;0.5398009950248757;0.65625;0.24561403508771928;0.5047619047619049
0.12244897959183673;0.3259668508287293;1.0;0.2764227642276423;0.5;0.40350877192982454;0.18181818181818182;0.12698412698412698;0.3125;0.28;0.42857142857142855;0.25;0.49107142857142855;0.4696969696969697;0.26666666666666666;0.2962962962962963;0.34796238244514105;0.3913043478260869;0.3582089552238806;0.375;0.24561403508771928;0.3523809523809524
0.02040816326530612;0.22651933701657456;0.0;0.0894308943089431;0.10526315789473684;0.12280701754385964;0.030303030303030304;0.12698412698412698;0.0;0.08;0.0;0.0625;0.19642857142857142;0.21212121212121213;0.13333333333333333;0.16666666666666666;0.2225705329153605;0.19565217391304346;0.18656716417910446;0.21875;0.05263157894736842;0.18095238095238098
0.02040816326530612;0.0718232044198895;1.0;0.12195121951219513;0.13157894736842105;0.12280701754385964;0.030303030303030304;0.06349206349206349;0.125;0.14;0.21428571428571427;0.0625;0.0625;0.06060606060606061;0.11666666666666667;0.037037037037037035;0.09404388714733541;0.09782608695652173;0.08955223880597014;0.21875;0.03508771929824561;0.057142857142857155
0.2040816326530612;0.3591160220994475;0.0;0.0813008130081301;0.15789473684210525;0.2982456140350877;0.0;0.25396825396825395;0.0;0.1;0.0;0.0;0.21428571428571427;0.16666666666666669;0.13333333333333333;0.08333333333333333;0.36990595611285265;0.33695652173913043;0.3333333333333333;0.125;0.15789473684210525;0.2761904761904762
0.8775510204081632;0.9999999999999999;0.0;0.7723577235772359;0.6052631578947368;0.8421052631578947;0.30303030303030304;1.0;0.65625;0.72;0.14285714285714285;0.4375;0.8571428571428571;0.8333333333333334;0.6;0.41666666666666663;0.9999999999999999;1.0;1.0;0.71875;0.3684210526315789;0.6285714285714287
0.12244897959183673;0.07734806629834254;0.0;0.016260162601626018;0.07894736842105263;0.08771929824561403;0.0;0.14285714285714285;0.0;0.06;0.07142857142857142;0.0;0.08928571428571427;0.07575757575757576;0.11666666666666667;0.046296296296296294;0.08463949843260188;0.10869565217391304;0.07711442786069651;0.1875;0.03508771929824561;0.06666666666666668
0.3469387755102041;0.18784530386740333;0.0;0.016260162601626018;0.07894736842105263;0.15789473684210525;0.0;0.25396825396825395;0.09375;0.12;0.07142857142857142;0.0;0.13392857142857142;0.12121212121212122;0.016666666666666666;0.05555555555555555;0.1724137931034483;0.20652173913043478;0.16417910447761194;0.125;0.10526315789473684;0.12380952380952384
0.18367346938775508;0.19889502762430938;0.0;0.024390243902439025;0.07894736842105263;0.10526315789473684;0.0;0.20634920634920634;0.03125;0.06;0.0;0.0;0.19642857142857142;0.12121212121212122;0.03333333333333333;0.027777777777777776;0.1755485893416928;0.20652173913043478;0.18407960199004975;0.15625;0.12280701754385964;0.13333333333333336
0.04081632653061224;0.03867403314917127;1.0;0.0;0.02631578947368421;0.05263157894736842;0.030303030303030304;0.06349206349206349;0.0;0.0;0.0;0.125;0.09821428571428571;0.06060606060606061;0.08333333333333333;0.018518518518518517;0.05329153605015673;0.043478260869565216;0.05472636815920398;0.0625;0.017543859649122806;0.06666666666666668
0.12244897959183673;0.3149171270718232;0.0;0.07317073170731708;0.10526315789473684;0.15789473684210525;0.0;0.12698412698412698;0.0625;0.04;0.0;0.0;0.20535714285714285;0.2272727272727273;0.18333333333333332;0.17592592592592593;0.3573667711598746;0.31521739130434784;0.2885572139303483;0.34375;0.19298245614035087;0.2857142857142857
0.02040816326530612;0.0718232044198895;1.0;0.1788617886178862;0.10526315789473684;0.17543859649122806;0.0;0.047619047619047616;0.125;0.1;0.0;0.0625;0.23214285714285712;0.2272727272727273;0.03333333333333333;0.09259259259259259;0.10344827586206896;0.13043478260869565;0.12437810945273631;0.1875;0.05263157894736842;0.14285714285714288
0.18367346938775508;0.26519337016574585;0.0;0.05691056910569106;0.10526315789473684;0.08771929824561403;0.030303030303030304;0.19047619047619047;0.125;0.06;0.0;0.0625;0.21428571428571427;0.12121212121212122;0.15;0.1111111111111111;0.26645768025078365;0.22826086956521738;0.23880597014925375;0.25;0.17543859649122806;0.2571428571428572
0.22448979591836732;0.15469613259668508;0.0;0.008130081300813009;0.10526315789473684;0.017543859649122806;0.0;0.19047619047619047;0.03125;0.02;0.0;0.0;0.08928571428571427;0.07575757575757576;0.05;0.06481481481481481;0.16300940438871475;0.15217391304347827;0.12935323383084577;0.09375;0.10526315789473684;0.10476190476190478
0.16326530612244897;0.1712707182320442;0.0;0.04065040650406505;0.0;0.03508771929824561;0.0;0.09523809523809523;0.0625;0.12;0.0;0.0;0.10714285714285714;0.09090909090909091;0.05;0.07407407407407407;0.14420062695924765;0.17391304347826086;0.12935323383084577;0.125;0.10526315789473684;0.12380952380952384
0.26530612244897955;0.3591160220994475;1.0;0.5772357723577236;0.5789473684210527;0.5614035087719298;0.30303030303030304;0.3492063492063492;0.34375;0.56;0.3571428571428571;0.1875;0.5;0.4545454545454546;0.4;0.21296296296296297;0.39184952978056425;0.4891304347826087;0.4527363184079602;0.40625;0.24561403508771928;0.41904761904761906
0.18367346938775508;0.2430939226519337;0.0;0.06504065040650407;0.10526315789473684;0.21052631578947367;0.030303030303030304;0.07936507936507936;0.15625;0.16;0.07142857142857142;0.0;0.17857142857142855;0.2272727272727273;0.06666666666666667;0.09259259259259259;0.25391849529780564;0.32608695652173914;0.236318407960199;0.34375;0.21052631578947367;0.2571428571428572
0.04081632653061224;0.03867403314917127;1.0;0.07317073170731708;0.10526315789473684;0.12280701754385964;0.0;0.047619047619047616;0.0625;0.08;0.07142857142857142;0.0625;0.08928571428571427;0.09090909090909091;0.13333333333333333;0.06481481481481481;0.12852664576802508;0.15217391304347827;0.10945273631840796;0.1875;0.07017543859649122;0.12380952380952384
0.0;0.03867403314917127;1.0;0.04878048780487805;0.05263157894736842;0.07017543859649122;0.0;0.031746031746031744;0.0625;0.04;0.0;0.0;0.03571428571428571;0.030303030303030304;0.06666666666666667;0.018518518518518517;0.06269592476489028;0.05434782608695652;0.04975124378109453;0.09375;0.017543859649122806;0.06666666666666668
0.04081632653061224;0.04419889502762431;1.0;0.05691056910569106;0.0;0.08771929824561403;0.06060606060606061;0.0;0.0;0.0;0.0;0.0625;0.0625;0.015151515151515152;0.016666666666666666;0.009259259259259259;0.037617554858934164;0.043478260869565216;0.03482587064676617;0.15625;0.07017543859649122;0.06666666666666668
0.02040816326530612;0.04419889502762431;1.0;0.008130081300813009;0.07894736842105263;0.03508771929824561;0.06060606060606061;0.031746031746031744;0.0;0.02;0.07142857142857142;0.0;0.08035714285714285;0.030303030303030304;0.05;0.08333333333333333;0.050156739811912224;0.03260869565217391;0.03233830845771144;0.0625;0.10526315789473684;0.0761904761904762
0.08163265306122448;0.10497237569060773;1.0;0.1869918699186992;0.15789473684210525;0.2631578947368421;0.06060606060606061;0.047619047619047616;0.0625;0.14;0.2857142857142857;0.125;0.26785714285714285;0.21212121212121213;0.16666666666666666;0.2222222222222222;0.15047021943573669;0.10869565217391304;0.1417910447761194;0.3125;0.15789473684210525;0.24761904761904766
0.0;0.15469613259668508;1.0;0.1626016260162602;0.21052631578947367;0.21052631578947367;0.15151515151515152;0.07936507936507936;0.125;0.22;0.42857142857142855;0.1875;0.30357142857142855;0.30303030303030304;0.11666666666666667;0.21296296296296297;0.18495297805642633;0.17391304347826086;0.19154228855721392;0.40625;0.15789473684210525;0.26666666666666666
0.08163265306122448;0.18784530386740333;0.0;0.10569105691056911;0.05263157894736842;0.10526315789473684;0.0;0.14285714285714285;0.0625;0.06;0.0;0.0;0.10714285714285714;0.09090909090909091;0.11666666666666667;0.037037037037037035;0.2006269592476489;0.15217391304347827;0.17661691542288557;0.25;0.08771929824561403;0.12380952380952384
0.22448979591836732;0.32044198895027626;0.0;0.0975609756097561;0.05263157894736842;0.19298245614035087;0.0;0.25396825396825395;0.03125;0.08;0.0;0.0;0.25;0.15151515151515152;0.13333333333333333;0.1111111111111111;0.28213166144200624;0.25;0.263681592039801;0.125;0.15789473684210525;0.1904761904761905
0.02040816326530612;0.1270718232044199;0.0;0.0;0.05263157894736842;0.07017543859649122;0.0;0.09523809523809523;0.0;0.04;0.0;0.0;0.10714285714285714;0.06060606060606061;0.05;0.009259259259259259;0.1128526645768025;0.07608695652173914;0.11194029850746269;0.0625;0.03508771929824561;0.1142857142857143
0.04081632653061224;0.06629834254143646;1.0;0.1788617886178862;0.13157894736842105;0.24561403508771928;0.21212121212121213;0.047619047619047616;0.25;0.18;0.21428571428571427;0.3125;0.19642857142857142;0.12121212121212122;0.18333333333333332;0.09259259259259259;0.11598746081504702;0.10869565217391304;0.13432835820895522;0.53125;0.12280701754385964;0.1523809523809524
0.2857142857142857;0.19337016574585636;1.0;0.33333333333333337;0.5263157894736842;0.3508771929824561;0.18181818181818182;0.1746031746031746;0.34375;0.28;0.5;0.1875;0.4732142857142857;0.4696969696969697;0.3;0.18518518518518517;0.2413793103448276;0.25;0.29850746268656714;0.46875;0.15789473684210525;0.3619047619047619
0.12244897959183673;0.16574585635359118;1.0;0.3252032520325204;0.2894736842105263;0.3684210526315789;0.18181818181818182;0.07936507936507936;0.125;0.26;0.07142857142857142;0.375;0.2857142857142857;0.3484848484848485;0.26666666666666666;0.21296296296296297;0.1943573667711599;0.15217391304347827;0.19900497512437812;0.59375;0.19298245614035087;0.2857142857142857
0.18367346938775508;0.1712707182320442;1.0;0.47154471544715454;0.4473684210526315;0.5789473684210527;0.42424242424242425;0.19047619047619047;0.5;0.46;0.42857142857142855;0.25;0.4821428571428571;0.30303030303030304;0.23333333333333334;0.2222222222222222;0.22884012539184953;0.17391304347826086;0.3034825870646766;0.65625;0.2631578947368421;0.4285714285714286
0.061224489795918366;0.11049723756906077;1.0;0.2601626016260163;0.2631578947368421;0.3333333333333333;0.09090909090909091;0.1111111111111111;0.25;0.14;0.21428571428571427;0.1875;0.27678571428571425;0.25757575757575757;0.11666666666666667;0.08333333333333333;0.16300940438871475;0.16304347826086957;0.19154228855721392;0.28125;0.15789473684210525;0.1619047619047619
0.061224489795918366;0.14364640883977903;0.0;0.04878048780487805;0.05263157894736842;0.07017543859649122;0.0;0.07936507936507936;0.03125;0.06;0.0;0.0;0.05357142857142857;0.07575757575757576;0.06666666666666667;0.027777777777777776;0.15987460815047022;0.11956521739130435;0.1318407960199005;0.1875;0.03508771929824561;0.10476190476190478
0.12244897959183673;0.287292817679558;0.0;0.04065040650406505;0.07894736842105263;0.15789473684210525;0.0;0.15873015873015872;0.03125;0.02;0.0;0.0625;0.13392857142857142;0.12121212121212122;0.11666666666666667;0.12962962962962962;0.29780564263322884;0.22826086956521738;0.23134328358208955;0.21875;0.10526315789473684;0.20000000000000004
0.04081632653061224;0.06077348066298342;1.0;0.05691056910569106;0.07894736842105263;0.17543859649122806;0.0;0.031746031746031744;0.125;0.12;0.14285714285714285;0.1875;0.05357142857142857;0.07575757575757576;0.1;0.10185185185185185;0.0877742946708464;0.06521739130434782;0.062189054726368154;0.125;0.15789473684210525;0.1142857142857143
0.02040816326530612;0.06629834254143646;0.0;0.008130081300813009;0.0;0.07017543859649122;0.0;0.015873015873015872;0.03125;0.08;0.0;0.0;0.05357142857142857;0.07575757575757576;0.05;0.027777777777777776;0.06583072100313479;0.010869565217391304;0.05970149253731344;0.125;0.05263157894736842;0.04761904761904762
0.08163265306122448;0.15469613259668508;0.0;0.008130081300813009;0.15789473684210525;0.08771929824561403;0.0;0.09523809523809523;0.0;0.04;0.0;0.0;0.08035714285714285;0.045454545454545456;0.1;0.06481481481481481;0.14733542319749218;0.10869565217391304;0.11691542288557213;0.09375;0.08771929824561403;0.17142857142857146
0.04081632653061224;0.18232044198895025;0.0;0.032520325203252036;0.05263157894736842;0.10526315789473684;0.0;0.09523809523809523;0.0;0.04;0.0;0.0;0.09821428571428571;0.13636363636363635;0.016666666666666666;0.08333333333333333;0.1724137931034483;0.20652173913043478;0.13681592039800994;0.09375;0.08771929824561403;0.12380952380952384
0.02040816326530612;0.09392265193370165;1.0;0.12195121951219513;0.2631578947368421;0.43859649122807015;0.09090909090909091;0.031746031746031744;0.125;0.16;0.2857142857142857;0.1875;0.17857142857142855;0.13636363636363635;0.16666666666666666;0.2222222222222222;0.15047021943573669;0.14130434782608695;0.11940298507462688;0.5;0.2631578947368421;0.26666666666666666
0.04081632653061224;0.03314917127071823;1.0;0.05691056910569106;0.02631578947368421;0.03508771929824561;0.0;0.015873015873015872;0.0;0.06;0.07142857142857142;0.0625;0.08928571428571427;0.06060606060606061;0.05;0.027777777777777776;0.04075235109717868;0.08695652173913043;0.0472636815920398;0.0625;0.05263157894736842;0.04761904761904762
0.18367346938775508;0.30386740331491713;0.0;0.05691056910569106;0.15789473684210525;0.24561403508771928;0.0;0.20634920634920634;0.0;0.04;0.0;0.0;0.1607142857142857;0.15151515151515152;0.11666666666666667;0.09259259259259259;0.3134796238244514;0.2934782608695652;0.263681592039801;0.21875;0.15789473684210525;0.18095238095238098
0.7551020408163265;0.5303867403314917;0.0;0.04065040650406505;0.05263157894736842;0.24561403508771928;0.0;0.5714285714285714;0.0625;0.08;0.0;0.0;0.125;0.12121212121212122;0.06666666666666667;0.037037037037037035;0.44827586206896547;0.40217391304347827;0.3805970149253731;0.3125;0.19298245614035087;0.20000000000000004
0.44897959183673464;0.36464088397790057;0.0;0.024390243902439025;0.05263157894736842;0.12280701754385964;0.0;0.4444444444444444;0.0;0.04;0.0;0.0;0.16964285714285712;0.16666666666666669;0.05;0.06481481481481481;0.329153605015674;0.358695652173913;0.2860696517412935;0.1875;0.10526315789473684;0.1523809523809524
0.3469387755102041;0.22651933701657456;0.0;0.008130081300813009;0.0;0.07017543859649122;0.0;0.3968253968253968;0.0;0.04;0.0;0.0;0.08035714285714285;0.06060606060606061;0.06666666666666667;0.018518518518518517;0.20376175548589343;0.15217391304347827;0.17412935323383083;0.0625;0.03508771929824561;0.057142857142857155
0.18367346938775508;0.4143646408839779;0.0;0.0894308943089431;0.05263157894736842;0.3508771929824561;0.0;0.2222222222222222;0.0;0.06;0.07142857142857142;0.0;0.2589285714285714;0.12121212121212122;0.18333333333333332;0.1111111111111111;0.39811912225705326;0.33695652173913043;0.35572139303482586;0.34375;0.14035087719298245;0.2285714285714286
0.18367346938775508;0.39226519337016574;0.0;0.21138211382113822;0.18421052631578946;0.14035087719298245;0.06060606060606061;0.07936507936507936;0.03125;0.12;0.0;0.0625;0.3214285714285714;0.09090909090909091;0.26666666666666666;0.12962962962962962;0.26018808777429464;0.25;0.26616915422885573;0.28125;0.19298245614035087;0.13333333333333336
0.26530612244897955;0.30939226519337015;0.0;0.0975609756097561;0.13157894736842105;0.12280701754385964;0.0;0.2698412698412698;0.03125;0.16;0.07142857142857142;0.0625;0.2857142857142857;0.25757575757575757;0.18333333333333332;0.12037037037037036;0.3072100313479624;0.34782608695652173;0.3009950248756219;0.09375;0.15789473684210525;0.3047619047619048
0.14285714285714285;0.30386740331491713;0.0;0.1869918699186992;0.23684210526315788;0.24561403508771928;0.12121212121212122;0.047619047619047616;0.375;0.4;0.14285714285714285;0.25;0.4464285714285714;0.5;0.36666666666666664;0.45370370370370366;0.2852664576802508;0.31521739130434784;0.26865671641791045;0.25;0.42105263157894735;0.4761904761904762
0.1020408163265306;0.10497237569060773;0.0;0.13821138211382114;0.21052631578947367;0.21052631578947367;0.030303030303030304;0.0;0.28125;0.26;0.2857142857142857;0.1875;0.21428571428571427;0.21212121212121213;0.13333333333333333;0.14814814814814814;0.10971786833855798;0.08695652173913043;0.12935323383084577;0.125;0.14035087719298245;0.17142857142857146
0.2040816326530612;0.19337016574585636;0.0;0.016260162601626018;0.0;0.10526315789473684;0.0;0.07936507936507936;0.0;0.12;0.0;0.0;0.08035714285714285;0.13636363636363635;0.03333333333333333;0.07407407407407407;0.16614420062695925;0.16304347826086957;0.13930348258706468;0.0625;0.10526315789473684;0.09523809523809526
0.04081632653061224;0.24861878453038677;0.0;0.04065040650406505;0.02631578947368421;0.08771929824561403;0.06060606060606061;0.015873015873015872;0.09375;0.18;0.07142857142857142;0.0;0.13392857142857142;0.09090909090909091;0.06666666666666667;0.06481481481481481;0.16614420062695925;0.18478260869565216;0.16417910447761194;0.0625;0.08771929824561403;0.08571428571428572
0.02040816326530612;0.13812154696132595;0.0;0.008130081300813009;0.02631578947368421;0.07017543859649122;0.030303030303030304;0.015873015873015872;0.09375;0.04;0.14285714285714285;0.0;0.14285714285714285;0.09090909090909091;0.06666666666666667;0.16666666666666666;0.12852664576802508;0.03260869565217391;0.09203980099502487;0.03125;0.10526315789473684;0.10476190476190478
0.8163265306122448;0.425414364640884;0.0;0.024390243902439025;0.10526315789473684;0.10526315789473684;0.0;0.2857142857142857;0.0;0.06;0.0;0.0;0.10714285714285714;0.07575757575757576;0.06666666666666667;0.1388888888888889;0.33228840125391845;0.2608695652173913;0.2537313432835821;0.15625;0.12280701754385964;0.20000000000000004
0.18367346938775508;0.27624309392265195;0.0;0.04878048780487805;0.18421052631578946;0.14035087719298245;0.0;0.15873015873015872;0.03125;0.1;0.07142857142857142;0.0;0.21428571428571427;0.21212121212121213;0.1;0.17592592592592593;0.22570532915360503;0.18478260869565216;0.19402985074626866;0.1875;0.08771929824561403;0.1523809523809524
0.04081632653061224;0.027624309392265192;1.0;0.024390243902439025;0.05263157894736842;0.08771929824561403;0.0;0.0;0.03125;0.06;0.07142857142857142;0.0;0.08035714285714285;0.045454545454545456;0.05;0.17592592592592593;0.06269592476489028;0.043478260869565216;0.02238805970149254;0.03125;0.05263157894736842;0.057142857142857155
0.08163265306122448;0.14364640883977903;1.0;0.07317073170731708;0.2631578947368421;0.3157894736842105;0.09090909090909091;0.07936507936507936;0.34375;0.38;0.14285714285714285;0.125;0.13392857142857142;0.30303030303030304;0.06666666666666667;0.3333333333333333;0.11912225705329153;0.08695652173913043;0.07960199004975124;0.15625;0.17543859649122806;0.20000000000000004
0.22448979591836732;0.19337016574585636;1.0;0.0894308943089431;0.05263157894736842;0.07017543859649122;0.0;0.2857142857142857;0.0625;0.16;0.07142857142857142;0.1875;0.14285714285714285;0.13636363636363635;0.08333333333333333;0.25925925925925924;0.1536050156739812;0.17391304347826086;0.10199004975124377;0.1875;0.08771929824561403;0.14285714285714288
0.0;0.04419889502762431;1.0;0.032520325203252036;0.02631578947368421;0.05263157894736842;0.0;0.015873015873015872;0.03125;0.06;0.0;0.0;0.07142857142857142;0.07575757575757576;0.05;0.06481481481481481;0.025078369905956112;0.010869565217391304;0.01990049751243781;0.0625;0.017543859649122806;0.009523809523809525
0.02040816326530612;0.04419889502762431;0.0;0.06504065040650407;0.18421052631578946;0.12280701754385964;0.21212121212121213;0.015873015873015872;0.09375;0.06;0.07142857142857142;0.25;0.10714285714285714;0.10606060606060606;0.11666666666666667;0.12962962962962962;0.05642633228840125;0.021739130434782608;0.03731343283582089;0.125;0.05263157894736842;0.06666666666666668
0.9387755102040816;0.5966850828729282;0.0;0.024390243902439025;0.05263157894736842;0.15789473684210525;0.0;0.5714285714285714;0.03125;0.04;0.0;0.0;0.13392857142857142;0.06060606060606061;0.11666666666666667;0.19444444444444442;0.4075235109717868;0.30434782608695654;0.3034825870646766;0.09375;0.07017543859649122;0.18095238095238098
0.16326530612244897;0.17679558011049723;0.0;0.0894308943089431;0.3684210526315789;0.19298245614035087;0.09090909090909091;0.047619047619047616;0.21875;0.16;0.07142857142857142;0.0625;0.30357142857142855;0.42424242424242425;0.3;0.21296296296296297;0.25391849529780564;0.2391304347826087;0.23880597014925375;0.03125;0.17543859649122806;0.17142857142857146
0.3469387755102041;0.5414364640883977;0.0;0.11382113821138212;0.0;0.2631578947368421;0.0;0.09523809523809523;0.03125;0.12;0.0;0.0625;0.3125;0.18181818181818182;0.21666666666666667;0.3333333333333333;0.3385579937304075;0.30434782608695654;0.27114427860696516;0.03125;0.2982456140350877;0.3047619047619048
0.04081632653061224;0.06629834254143646;1.0;0.13008130081300814;0.07894736842105263;0.17543859649122806;0.06060606060606061;0.0;0.0;0.06;0.07142857142857142;0.0625;0.11607142857142856;0.09090909090909091;0.05;0.14814814814814814;0.05329153605015673;0.03260869565217391;0.03233830845771144;0.125;0.12280701754385964;0.09523809523809526
0.2040816326530612;0.23204419889502764;0.0;0.10569105691056911;0.02631578947368421;0.12280701754385964;0.06060606060606061;0.09523809523809523;0.125;0.24;0.21428571428571427;0.0;0.2589285714285714;0.2272727272727273;0.35;0.2222222222222222;0.2570532915360501;0.13043478260869565;0.236318407960199;0.09375;0.15789473684210525;0.29523809523809524
0.18367346938775508;0.10497237569060773;0.0;0.016260162601626018;0.05263157894736842;0.07017543859649122;0.0;0.047619047619047616;0.0625;0.14;0.14285714285714285;0.0625;0.19642857142857142;0.16666666666666669;0.05;0.12962962962962962;0.07523510971786833;0.07608695652173914;0.08706467661691542;0.0;0.12280701754385964;0.06666666666666668
0.44897959183673464;0.5359116022099447;0.0;0.11382113821138212;0.13157894736842105;0.10526315789473684;0.0;0.2222222222222222;0.125;0.08;0.0;0.0;0.2232142857142857;0.13636363636363635;0.16666666666666666;0.07407407407407407;0.4733542319749216;0.5434782608695652;0.417910447761194;0.15625;0.17543859649122806;0.26666666666666666
0.04081632653061224;0.11602209944751381;1.0;0.1869918699186992;0.15789473684210525;0.12280701754385964;0.06060606060606061;0.0;0.15625;0.1;0.0;0.25;0.16964285714285712;0.15151515151515152;0.1;0.08333333333333333;0.12539184952978058;0.09782608695652173;0.12686567164179105;0.125;0.12280701754385964;0.12380952380952384
0.061224489795918366;0.24861878453038677;1.0;0.5365853658536586;0.894736842105263;0.6491228070175439;0.4545454545454546;0.07936507936507936;0.4375;0.42;0.42857142857142855;0.4375;0.39285714285714285;0.4696969696969697;0.3333333333333333;0.2962962962962963;0.329153605015674;0.20652173913043478;0.3333333333333333;0.46875;0.5087719298245614;0.4380952380952381
0.18367346938775508;0.3149171270718232;0.0;0.10569105691056911;0.18421052631578946;0.3684210526315789;0.09090909090909091;0.047619047619047616;0.09375;0.22;0.0;0.0625;0.33928571428571425;0.33333333333333337;0.3833333333333333;0.2685185185185185;0.25391849529780564;0.10869565217391304;0.24129353233830847;0.375;0.22807017543859648;0.2285714285714286
0.02040816326530612;0.09944751381215469;1.0;0.21951219512195125;0.3157894736842105;0.3333333333333333;0.15151515151515152;0.015873015873015872;0.21875;0.28;0.21428571428571427;0.125;0.3214285714285714;0.2272727272727273;0.2833333333333333;0.2777777777777778;0.1128526645768025;0.10869565217391304;0.12935323383084577;0.125;0.40350877192982454;0.2380952380952381
0.12244897959183673;0.1602209944751381;1.0;0.13008130081300814;0.3157894736842105;0.38596491228070173;0.15151515151515152;0.047619047619047616;0.28125;0.46;0.5;0.625;0.26785714285714285;0.24242424242424243;0.23333333333333334;0.2685185185185185;0.13166144200626959;0.06521739130434782;0.15422885572139303;0.0625;0.15789473684210525;0.20952380952380956
0.22448979591836732;0.22651933701657456;1.0;0.2682926829268293;0.4473684210526315;0.3684210526315789;0.42424242424242425;0.031746031746031744;0.4375;0.4;0.5714285714285714;0.5;0.39285714285714285;0.30303030303030304;0.36666666666666664;0.48148148148148145;0.23824451410658307;0.10869565217391304;0.208955223880597;0.34375;0.3333333333333333;0.29523809523809524
0.12244897959183673;0.17679558011049723;0.0;0.06504065040650407;0.0;0.07017543859649122;0.0;0.07936507936507936;0.03125;0.08;0.0;0.0;0.125;0.09090909090909091;0.1;0.1388888888888889;0.11598746081504702;0.13043478260869565;0.08955223880597014;0.0625;0.0;0.057142857142857155
0.3469387755102041;0.2430939226519337;0.0;0.032520325203252036;0.05263157894736842;0.03508771929824561;0.0;0.14285714285714285;0.03125;0.12;0.0;0.0;0.1875;0.12121212121212122;0.1;0.09259259259259259;0.17868338557993732;0.20652173913043478;0.17412935323383083;0.03125;0.12280701754385964;0.13333333333333336
0.26530612244897955;0.22099447513812154;0.0;0.14634146341463417;0.10526315789473684;0.3157894736842105;0.0;0.047619047619047616;0.21875;0.28;0.21428571428571427;0.125;0.3214285714285714;0.21212121212121213;0.35;0.25925925925925924;0.30407523510971785;0.2717391304347826;0.2860696517412935;0.1875;0.24561403508771928;0.2571428571428572
0.3877551020408163;0.2430939226519337;0.0;0.04065040650406505;0.05263157894736842;0.12280701754385964;0.0;0.07936507936507936;0.0;0.06;0.07142857142857142;0.0;0.08928571428571427;0.06060606060606061;0.13333333333333333;0.06481481481481481;0.22570532915360503;0.2934782608695652;0.18407960199004975;0.125;0.08771929824561403;0.1142857142857143
0.26530612244897955;0.4917127071823204;0.0;0.06504065040650407;0.05263157894736842;0.14035087719298245;0.0;0.07936507936507936;0.0;0.04;0.0;0.0;0.09821428571428571;0.13636363636363635;0.1;0.1388888888888889;0.4106583072100313;0.3695652173913043;0.31094527363184077;0.125;0.17543859649122806;0.2571428571428572
0.14285714285714285;0.574585635359116;0.0;0.4471544715447155;0.5789473684210527;0.5964912280701754;0.24242424242424243;0.12698412698412698;0.1875;0.36;0.3571428571428571;0.4375;0.5267857142857143;0.3939393939393939;0.5;0.6388888888888888;0.5391849529780564;0.34782608695652173;0.43781094527363185;0.25;0.5964912280701754;0.5904761904761906
0.2040816326530612;0.30386740331491713;0.0;0.1788617886178862;0.3684210526315789;0.3508771929824561;0.18181818181818182;0.031746031746031744;0.4375;0.56;0.5;0.3125;0.4196428571428571;0.2878787878787879;0.26666666666666666;0.48148148148148145;0.21630094043887146;0.17391304347826086;0.21890547263681592;0.15625;0.17543859649122806;0.20000000000000004
0.1020408163265306;0.30939226519337015;0.0;0.13008130081300814;0.23684210526315788;0.2982456140350877;0.15151515151515152;0.031746031746031744;0.25;0.22;0.07142857142857142;0.3125;0.4821428571428571;0.2727272727272727;0.23333333333333334;0.39814814814814814;0.26332288401253917;0.21739130434782608;0.2537313432835821;0.21875;0.2982456140350877;0.24761904761904766
0.24489795918367346;0.27624309392265195;0.0;0.032520325203252036;0.07894736842105263;0.22807017543859648;0.0;0.09523809523809523;0.0;0.04;0.0;0.0;0.15178571428571427;0.045454545454545456;0.06666666666666667;0.046296296296296294;0.26018808777429464;0.2717391304347826;0.23134328358208955;0.1875;0.07017543859649122;0.13333333333333336
0.0;0.11049723756906077;0.0;0.10569105691056911;0.21052631578947367;0.21052631578947367;0.06060606060606061;0.015873015873015872;0.1875;0.22;0.2857142857142857;0.0;0.29464285714285715;0.18181818181818182;0.05;0.21296296296296297;0.10344827586206896;0.10869565217391304;0.12437810945273631;0.15625;0.2631578947368421;0.2380952380952381
0.02040816326530612;0.06629834254143646;1.0;0.024390243902439025;0.0;0.05263157894736842;0.0;0.0;0.03125;0.06;0.0;0.0;0.0625;0.015151515151515152;0.1;0.07407407407407407;0.050156739811912224;0.043478260869565216;0.03482587064676617;0.0;0.03508771929824561;0.06666666666666668
0.6122448979591836;0.39779005524861877;0.0;0.04065040650406505;0.02631578947368421;0.05263157894736842;0.0;0.20634920634920634;0.0;0.04;0.0;0.0;0.14285714285714285;0.09090909090909091;0.1;0.17592592592592593;0.2946708463949843;0.33695652173913043;0.22139303482587064;0.0625;0.08771929824561403;0.14285714285714288
0.061224489795918366;0.2044198895027624;1.0;0.10569105691056911;0.2894736842105263;0.2631578947368421;0.09090909090909091;0.031746031746031744;0.1875;0.24;0.3571428571428571;0.375;0.375;0.2272727272727273;0.21666666666666667;0.25925925925925924;0.14420062695924765;0.18478260869565216;0.1691542288557214;0.1875;0.2631578947368421;0.2761904761904762
0.04081632653061224;0.19889502762430938;1.0;0.04878048780487805;0.0;0.08771929824561403;0.0;0.015873015873015872;0.0625;0.02;0.0;0.0;0.09821428571428571;0.09090909090909091;0.05;0.17592592592592593;0.1724137931034483;0.06521739130434782;0.10945273631840796;0.0625;0.12280701754385964;0.17142857142857146
0.04081632653061224;0.18232044198895025;0.0;0.05691056910569106;0.10526315789473684;0.17543859649122806;0.06060606060606061;0.031746031746031744;0.15625;0.06;0.0;0.0625;0.1607142857142857;0.13636363636363635;0.11666666666666667;0.19444444444444442;0.1724137931034483;0.11956521739130435;0.12686567164179105;0.15625;0.14035087719298245;0.1523809523809524
0.5714285714285714;0.39779005524861877;0.0;0.032520325203252036;0.02631578947368421;0.15789473684210525;0.0;0.2222222222222222;0.0;0.08;0.0;0.0;0.13392857142857142;0.06060606060606061;0.06666666666666667;0.15740740740740738;0.3009404388714733;0.2717391304347826;0.23383084577114427;0.09375;0.08771929824561403;0.18095238095238098
0.04081632653061224;0.022099447513812154;1.0;0.0894308943089431;0.21052631578947367;0.08771929824561403;0.06060606060606061;0.0;0.0625;0.04;0.0;0.0625;0.1607142857142857;0.13636363636363635;0.06666666666666667;0.027777777777777776;0.03134796238244514;0.03260869565217391;0.05721393034825871;0.03125;0.08771929824561403;0.057142857142857155
0.0;0.18232044198895025;0.0;0.04065040650406505;0.0;0.15789473684210525;0.0;0.0;0.0;0.02;0.0;0.0;0.017857142857142856;0.045454545454545456;0.15;0.07407407407407407;0.16300940438871475;0.08695652173913043;0.10696517412935323;0.03125;0.07017543859649122;0.04761904761904762
0.061224489795918366;0.3314917127071823;0.0;0.024390243902439025;0.05263157894736842;0.08771929824561403;0.0;0.07936507936507936;0.0625;0.08;0.0;0.0;0.1875;0.16666666666666669;0.18333333333333332;0.2037037037037037;0.26332288401253917;0.2391304347826087;0.2064676616915423;0.15625;0.2631578947368421;0.3142857142857143
0.3469387755102041;0.5027624309392266;0.0;0.0813008130081301;0.05263157894736842;0.24561403508771928;0.0;0.2222222222222222;0.03125;0.06;0.0;0.0;0.2857142857142857;0.13636363636363635;0.25;0.16666666666666666;0.41379310344827586;0.5434782608695652;0.3606965174129353;0.25;0.19298245614035087;0.24761904761904766
0.061224489795918366;0.24861878453038677;0.0;0.12195121951219513;0.05263157894736842;0.19298245614035087;0.0;0.09523809523809523;0.21875;0.18;0.0;0.1875;0.2232142857142857;0.19696969696969696;0.25;0.12962962962962962;0.1943573667711599;0.19565217391304346;0.19402985074626866;0.21875;0.22807017543859648;0.2857142857142857
0.12244897959183673;0.32044198895027626;1.0;0.21951219512195125;0.2894736842105263;0.43859649122807015;0.030303030303030304;0.19047619047619047;0.25;0.38;0.07142857142857142;0.0;0.4732142857142857;0.5454545454545454;0.4166666666666667;0.4907407407407407;0.2946708463949843;0.40217391304347827;0.27114427860696516;0.34375;0.2982456140350877;0.4
0.0;0.11602209944751381;0.0;0.032520325203252036;0.05263157894736842;0.17543859649122806;0.030303030303030304;0.031746031746031744;0.03125;0.04;0.07142857142857142;0.0;0.24107142857142855;0.13636363636363635;0.16666666666666666;0.2037037037037037;0.11598746081504702;0.08695652173913043;0.09950248756218906;0.125;0.05263157894736842;0.08571428571428572
0.04081632653061224;0.11049723756906077;0.0;0.032520325203252036;0.07894736842105263;0.17543859649122806;0.0;0.031746031746031744;0.0;0.12;0.07142857142857142;0.0;0.10714285714285714;0.15151515151515152;0.1;0.12037037037037036;0.1755485893416928;0.15217391304347827;0.1417910447761194;0.1875;0.10526315789473684;0.10476190476190478
0.04081632653061224;0.11602209944751381;1.0;0.0975609756097561;0.3421052631578947;0.40350877192982454;0.2727272727272727;0.031746031746031744;0.28125;0.18;0.2857142857142857;0.125;0.4375;0.16666666666666669;0.2;0.3055555555555555;0.08463949843260188;0.13043478260869565;0.11940298507462688;0.25;0.24561403508771928;0.2285714285714286
0.061224489795918366;0.39226519337016574;1.0;0.2764227642276423;0.3157894736842105;0.22807017543859648;0.0;0.06349206349206349;0.28125;0.28;0.21428571428571427;0.125;0.33928571428571425;0.4090909090909091;0.31666666666666665;0.3333333333333333;0.3009404388714733;0.22826086956521738;0.26865671641791045;0.21875;0.21052631578947367;0.34285714285714286
0.08163265306122448;0.24861878453038677;1.0;0.20325203252032523;0.18421052631578946;0.3508771929824561;0.09090909090909091;0.06349206349206349;0.15625;0.2;0.14285714285714285;0.375;0.2232142857142857;0.24242424242424243;0.36666666666666664;0.16666666666666666;0.21630094043887146;0.22826086956521738;0.20398009950248755;0.125;0.19298245614035087;0.20952380952380956
0.4081632653061224;0.3370165745856354;0.0;0.13008130081300814;0.07894736842105263;0.17543859649122806;0.0;0.20634920634920634;0.0;0.02;0.0;0.0;0.11607142857142856;0.09090909090909091;0.13333333333333333;0.12962962962962962;0.2727272727272727;0.31521739130434784;0.2064676616915423;0.09375;0.17543859649122806;0.20000000000000004
0.16326530612244897;0.22651933701657456;1.0;0.17073170731707318;0.2631578947368421;0.3157894736842105;0.18181818181818182;0.047619047619047616;0.34375;0.24;0.21428571428571427;0.1875;0.23214285714285712;0.15151515151515152;0.26666666666666666;0.3333333333333333;0.21003134796238246;0.15217391304347827;0.1616915422885572;0.09375;0.2631578947368421;0.21904761904761907
0.08163265306122448;0.2099447513812155;1.0;0.12195121951219513;0.05263157894736842;0.17543859649122806;0.0;0.015873015873015872;0.09375;0.08;0.07142857142857142;0.125;0.13392857142857142;0.10606060606060606;0.11666666666666667;0.1388888888888889;0.16300940438871475;0.15217391304347827;0.12935323383084577;0.03125;0.07017543859649122;0.10476190476190478
0.6530612244897959;0.39779005524861877;0.0;0.024390243902439025;0.02631578947368421;0.15789473684210525;0.0;0.36507936507936506;0.03125;0.08;0.0;0.0;0.09821428571428571;0.09090909090909091;0.11666666666666667;0.09259259259259259;0.31034482758620685;0.32608695652173914;0.24875621890547261;0.09375;0.10526315789473684;0.10476190476190478
0.26530612244897955;0.43646408839779005;0.0;0.0894308943089431;0.15789473684210525;0.22807017543859648;0.030303030303030304;0.047619047619047616;0.1875;0.16;0.0;0.125;0.5267857142857143;0.33333333333333337;0.3;0.8055555555555555;0.3573667711598746;0.34782608695652173;0.22388059701492538;0.21875;0.2982456140350877;0.3238095238095238
0.14285714285714285;0.2044198895027624;1.0;0.10569105691056911;0.39473684210526316;0.3333333333333333;0.15151515151515152;0.09523809523809523;0.375;0.22;0.2857142857142857;0.4375;0.3571428571428571;0.2727272727272727;0.25;0.3055555555555555;0.2225705329153605;0.17391304347826086;0.21144278606965175;0.40625;0.21052631578947367;0.3333333333333333
0.24489795918367346;0.4419889502762431;0.0;0.032520325203252036;0.02631578947368421;0.19298245614035087;0.0;0.20634920634920634;0.125;0.14;0.0;0.0;0.20535714285714285;0.12121212121212122;0.13333333333333333;0.2777777777777778;0.3072100313479624;0.2826086956521739;0.23383084577114427;0.125;0.15789473684210525;0.1619047619047619
0.26530612244897955;0.3867403314917127;0.0;0.04878048780487805;0.13157894736842105;0.2807017543859649;0.0;0.07936507936507936;0.1875;0.2;0.2857142857142857;0.0625;0.36607142857142855;0.2272727272727273;0.18333333333333332;0.41666666666666663;0.29780564263322884;0.2717391304347826;0.24129353233830847;0.25;0.43859649122807015;0.3238095238095238
0.14285714285714285;0.1270718232044199;0.0;0.0813008130081301;0.07894736842105263;0.10526315789473684;0.0;0.015873015873015872;0.15625;0.08;0.14285714285714285;0.125;0.19642857142857142;0.13636363636363635;0.13333333333333333;0.28703703703703703;0.13166144200626959;0.06521739130434782;0.08208955223880597;0.125;0.19298245614035087;0.14285714285714288
0.02040816326530612;0.08287292817679558;0.0;0.05691056910569106;0.10526315789473684;0.15789473684210525;0.09090909090909091;0.015873015873015872;0.1875;0.16;0.0;0.0625;0.1607142857142857;0.10606060606060606;0.08333333333333333;0.2685185185185185;0.07836990595611285;0.08695652173913043;0.04477611940298507;0.125;0.08771929824561403;0.09523809523809526
0.1020408163265306;0.10497237569060773;0.0;0.06504065040650407;0.05263157894736842;0.05263157894736842;0.0;0.0;0.0;0.06;0.07142857142857142;0.0;0.15178571428571427;0.19696969696969696;0.11666666666666667;0.12037037037037036;0.11912225705329153;0.09782608695652173;0.10199004975124377;0.125;0.08771929824561403;0.1142857142857143
0.24489795918367346;0.35359116022099446;0.0;0.04878048780487805;0.10526315789473684;0.15789473684210525;0.0;0.09523809523809523;0.09375;0.16;0.07142857142857142;0.0625;0.16964285714285712;0.21212121212121213;0.15;0.23148148148148145;0.219435736677116;0.13043478260869565;0.1691542288557214;0.1875;0.19298245614035087;0.1523809523809524
0.1020408163265306;0.1270718232044199;1.0;0.07317073170731708;0.05263157894736842;0.05263157894736842;0.09090909090909091;0.047619047619047616;0.0;0.06;0.07142857142857142;0.0625;0.05357142857142857;0.06060606060606061;0.11666666666666667;0.16666666666666666;0.10658307210031347;0.06521739130434782;0.05223880597014925;0.03125;0.10526315789473684;0.057142857142857155
0.04081632653061224;0.04419889502762431;0.0;0.008130081300813009;0.02631578947368421;0.03508771929824561;0.030303030303030304;0.031746031746031744;0.0;0.02;0.0;0.0;0.04464285714285714;0.015151515151515152;0.05;0.009259259259259259;0.04702194357366771;0.043478260869565216;0.03980099502487562;0.0;0.05263157894736842;0.0380952380952381
0.3469387755102041;0.22099447513812154;0.0;0.04878048780487805;0.05263157894736842;0.03508771929824561;0.0;0.1111111111111111;0.03125;0.14;0.0;0.0;0.17857142857142855;0.13636363636363635;0.03333333333333333;0.05555555555555555;0.16614420062695925;0.2934782608695652;0.17412935323383083;0.03125;0.05263157894736842;0.13333333333333336
0.22448979591836732;0.2983425414364641;0.0;0.20325203252032523;0.10526315789473684;0.12280701754385964;0.0;0.14285714285714285;0.15625;0.24;0.0;0.0625;0.29464285714285715;0.2272727272727273;0.26666666666666666;0.14814814814814814;0.2852664576802508;0.358695652173913;0.2885572139303483;0.09375;0.10526315789473684;0.21904761904761907
0.1020408163265306;0.27071823204419887;1.0;0.40650406504065045;0.3157894736842105;0.40350877192982454;0.12121212121212122;0.09523809523809523;0.34375;0.38;0.5;0.375;0.4821428571428571;0.3787878787878788;0.26666666666666666;0.42592592592592593;0.2445141065830721;0.358695652173913;0.2512437810945274;0.25;0.3157894736842105;0.29523809523809524
0.12244897959183673;0.2596685082872928;1.0;0.0975609756097561;0.05263157894736842;0.017543859649122806;0.0;0.09523809523809523;0.0;0.12;0.14285714285714285;0.0;0.23214285714285712;0.15151515151515152;0.13333333333333333;0.14814814814814814;0.2006269592476489;0.32608695652173914;0.1890547263681592;0.0625;0.03508771929824561;0.1142857142857143
0.12244897959183673;0.2596685082872928;1.0;0.10569105691056911;0.05263157894736842;0.2807017543859649;0.030303030303030304;0.06349206349206349;0.1875;0.14;0.2857142857142857;0.25;0.15178571428571427;0.12121212121212122;0.3333333333333333;0.2037037037037037;0.20376175548589343;0.11956521739130435;0.15671641791044777;0.125;0.21052631578947367;0.18095238095238098
0.1020408163265306;0.287292817679558;1.0;0.10569105691056911;0.07894736842105263;0.19298245614035087;0.030303030303030304;0.1746031746031746;0.0625;0.06;0.07142857142857142;0.125;0.16964285714285712;0.13636363636363635;0.16666666666666666;0.12037037037037036;0.21630094043887146;0.19565217391304346;0.18407960199004975;0.125;0.10526315789473684;0.13333333333333336
0.22448979591836732;0.35359116022099446;0.0;0.024390243902439025;0.13157894736842105;0.10526315789473684;0.0;0.14285714285714285;0.0;0.06;0.0;0.0;0.11607142857142856;0.09090909090909091;0.06666666666666667;0.07407407407407407;0.2507836990595611;0.2717391304347826;0.208955223880597;0.03125;0.03508771929824561;0.08571428571428572
0.061224489795918366;0.19889502762430938;0.0;0.008130081300813009;0.05263157894736842;0.10526315789473684;0.0;0.031746031746031744;0.0;0.0;0.07142857142857142;0.0;0.14285714285714285;0.030303030303030304;0.06666666666666667;0.06481481481481481;0.1943573667711599;0.16304347826086957;0.16666666666666666;0.09375;0.12280701754385964;0.10476190476190478
0.04081632653061224;0.14917127071823205;0.0;0.0894308943089431;0.21052631578947367;0.17543859649122806;0.24242424242424243;0.031746031746031744;0.03125;0.12;0.0;0.1875;0.08928571428571427;0.10606060606060606;0.1;0.17592592592592593;0.11912225705329153;0.09782608695652173;0.07711442786069651;0.03125;0.05263157894736842;0.14285714285714288
0.5306122448979591;0.3591160220994475;0.0;0.008130081300813009;0.05263157894736842;0.05263157894736842;0.0;0.06349206349206349;0.0;0.0;0.0;0.0;0.09821428571428571;0.06060606060606061;0.08333333333333333;0.18518518518518517;0.26018808777429464;0.21739130434782608;0.17412935323383083;0.03125;0.21052631578947367;0.18095238095238098
0.16326530612244897;0.2430939226519337;0.0;0.1626016260162602;0.13157894736842105;0.21052631578947367;0.030303030303030304;0.1111111111111111;0.21875;0.12;0.0;0.0;0.30357142857142855;0.2272727272727273;0.13333333333333333;0.18518518518518517;0.23197492163009403;0.15217391304347827;0.22388059701492538;0.21875;0.14035087719298245;0.14285714285714288
0.08163265306122448;0.2983425414364641;0.0;0.0894308943089431;0.05263157894736842;0.12280701754385964;0.030303030303030304;0.1111111111111111;0.0;0.02;0.0;0.0;0.125;0.0;0.11666666666666667;0.1111111111111111;0.18495297805642633;0.09782608695652173;0.14427860696517414;0.125;0.12280701754385964;0.13333333333333336
0.061224489795918366;0.30939226519337015;1.0;0.49593495934959353;0.3684210526315789;0.3684210526315789;0.15151515151515152;0.14285714285714285;0.1875;0.2;0.21428571428571427;0.3125;0.3571428571428571;0.19696969696969696;0.31666666666666665;0.37037037037037035;0.2413793103448276;0.20652173913043478;0.2064676616915423;0.21875;0.22807017543859648;0.29523809523809524
0.04081632653061224;0.1270718232044199;1.0;0.04065040650406505;0.05263157894736842;0.14035087719298245;0.09090909090909091;0.015873015873015872;0.09375;0.22;0.2857142857142857;0.0625;0.2232142857142857;0.19696969696969696;0.08333333333333333;0.3055555555555555;0.13166144200626959;0.09782608695652173;0.10199004975124377;0.03125;0.14035087719298245;0.1619047619047619
0.18367346938775508;0.30939226519337015;0.0;0.06504065040650407;0.05263157894736842;0.12280701754385964;0.0;0.047619047619047616;0.0625;0.1;0.07142857142857142;0.0625;0.1875;0.13636363636363635;0.11666666666666667;0.25;0.21003134796238246;0.2717391304347826;0.15422885572139303;0.1875;0.07017543859649122;0.09523809523809526
0.12244897959183673;0.16574585635359118;0.0;0.032520325203252036;0.0;0.05263157894736842;0.0;0.031746031746031744;0.09375;0.12;0.0;0.0;0.14285714285714285;0.2272727272727273;0.06666666666666667;0.12037037037037036;0.19122257053291536;0.18478260869565216;0.16417910447761194;0.0625;0.12280701754385964;0.14285714285714288
0.061224489795918366;0.2044198895027624;0.0;0.1869918699186992;0.7105263157894737;0.5438596491228069;0.15151515151515152;0.07936507936507936;0.6875;0.52;0.6428571428571428;0.1875;1.0;1.0;0.3333333333333333;0.39814814814814814;0.27586206896551724;0.32608695652173914;0.445273631840796;0.6875;0.42105263157894735;0.5333333333333334
0.673469387755102;0.4198895027624309;0.0;0.032520325203252036;0.05263157894736842;0.14035087719298245;0.0;0.3333333333333333;0.125;0.04;0.0;0.0;0.24107142857142855;0.16666666666666669;0.03333333333333333;0.06481481481481481;0.4294670846394984;0.43478260869565216;0.38557213930348255;0.28125;0.10526315789473684;0.1523809523809524
0.16326530612244897;0.4088397790055249;0.0;0.6260162601626017;0.42105263157894735;0.38596491228070173;0.18181818181818182;0.07936507936507936;0.46875;0.64;0.14285714285714285;0.375;0.5267857142857143;0.5454545454545454;0.31666666666666665;0.45370370370370366;0.3448275862068965;0.2826086956521739;0.3681592039800995;0.75;0.3333333333333333;0.3619047619047619
0.02040816326530612;0.281767955801105;0.0;0.14634146341463417;0.15789473684210525;0.10526315789473684;0.0;0.06349206349206349;0.09375;0.18;0.0;0.0;0.20535714285714285;0.15151515151515152;0.23333333333333334;0.12962962962962962;0.21003134796238246;0.16304347826086957;0.20149253731343283;0.21875;0.19298245614035087;0.1904761904761905
0.1020408163265306;0.10497237569060773;0.0;0.016260162601626018;0.0;0.017543859649122806;0.0;0.047619047619047616;0.03125;0.02;0.0;0.0;0.1607142857142857;0.06060606060606061;0.03333333333333333;0.018518518518518517;0.07836990595611285;0.06521739130434782;0.0945273631840796;0.15625;0.017543859649122806;0.0761904761904762
0.4693877551020408;0.43646408839779005;0.0;0.0975609756097561;0.02631578947368421;0.14035087719298245;0.0;0.14285714285714285;0.0625;0.08;0.0;0.0;0.19642857142857142;0.18181818181818182;0.35;0.37037037037037035;0.38244514106583066;0.3695652173913043;0.25870646766169153;0.0625;0.24561403508771928;0.2761904761904762
0.04081632653061224;0.11602209944751381;1.0;0.0894308943089431;0.21052631578947367;0.22807017543859648;0.06060606060606061;0.0;0.21875;0.08;0.07142857142857142;0.0625;0.20535714285714285;0.15151515151515152;0.15;0.17592592592592593;0.10971786833855798;0.03260869565217391;0.09701492537313433;0.09375;0.10526315789473684;0.1619047619047619
0.061224489795918366;0.13812154696132595;0.0;0.05691056910569106;0.02631578947368421;0.10526315789473684;0.0;0.015873015873015872;0.09375;0.16;0.07142857142857142;0.0;0.17857142857142855;0.15151515151515152;0.15;0.1111111111111111;0.10031347962382445;0.10869565217391304;0.10945273631840796;0.03125;0.10526315789473684;0.1523809523809524
0.2040816326530612;0.2044198895027624;0.0;0.024390243902439025;0.05263157894736842;0.03508771929824561;0.0;0.12698412698412698;0.0625;0.1;0.0;0.0;0.11607142857142856;0.12121212121212122;0.06666666666666667;0.09259259259259259;0.16300940438871475;0.25;0.13930348258706468;0.0;0.08771929824561403;0.0761904761904762
0.2857142857142857;0.281767955801105;0.0;0.15447154471544716;0.18421052631578946;0.3508771929824561;0.06060606060606061;0.06349206349206349;0.625;0.46;0.5;0.4375;0.6875;0.6060606060606061;0.55;0.7407407407407407;0.26645768025078365;0.20652173913043478;0.2512437810945274;0.15625;0.38596491228070173;0.44761904761904764
0.02040816326530612;0.13812154696132595;0.0;0.04878048780487805;0.05263157894736842;0.017543859649122806;0.0;0.015873015873015872;0.0;0.02;0.0;0.0;0.0625;0.045454545454545456;0.05;0.06481481481481481;0.10971786833855798;0.13043478260869565;0.07960199004975124;0.0625;0.07017543859649122;0.09523809523809526
0.0;0.016574585635359115;1.0;0.024390243902439025;0.10526315789473684;0.05263157894736842;0.030303030303030304;0.015873015873015872;0.09375;0.04;0.0;0.0625;0.10714285714285714;0.07575757575757576;0.1;0.06481481481481481;0.018808777429467086;0.010869565217391304;0.02238805970149254;0.03125;0.07017543859649122;0.04761904761904762
0.04081632653061224;0.04419889502762431;1.0;0.04878048780487805;0.05263157894736842;0.10526315789473684;0.06060606060606061;0.0;0.15625;0.08;0.0;0.1875;0.05357142857142857;0.015151515151515152;0.11666666666666667;0.06481481481481481;0.04075235109717868;0.021739130434782608;0.02985074626865672;0.03125;0.07017543859649122;0.0380952380952381
0.22448979591836732;0.3314917127071823;0.0;0.0813008130081301;0.07894736842105263;0.22807017543859648;0.0;0.09523809523809523;0.03125;0.1;0.0;0.0625;0.26785714285714285;0.16666666666666669;0.11666666666666667;0.2685185185185185;0.27586206896551724;0.2717391304347826;0.22388059701492538;0.09375;0.24561403508771928;0.24761904761904766
0.0;0.022099447513812154;1.0;0.04065040650406505;0.07894736842105263;0.10526315789473684;0.0;0.0;0.15625;0.14;0.0;0.0625;0.04464285714285714;0.10606060606060606;0.08333333333333333;0.12037037037037036;0.018808777429467086;0.010869565217391304;0.002487562189054727;0.0625;0.05263157894736842;0.028571428571428574
0.14285714285714285;0.19889502762430938;0.0;0.024390243902439025;0.02631578947368421;0.05263157894736842;0.0;0.06349206349206349;0.03125;0.06;0.0;0.0625;0.10714285714285714;0.015151515151515152;0.03333333333333333;0.16666666666666666;0.1724137931034483;0.11956521739130435;0.11940298507462688;0.09375;0.21052631578947367;0.18095238095238098
0.04081632653061224;0.14364640883977903;0.0;0.024390243902439025;0.02631578947368421;0.07017543859649122;0.0;0.015873015873015872;0.09375;0.08;0.0;0.0;0.09821428571428571;0.13636363636363635;0.08333333333333333;0.1111111111111111;0.14420062695924765;0.17391304347826086;0.11194029850746269;0.03125;0.12280701754385964;0.1523809523809524
0.3877551020408163;0.3867403314917127;0.0;0.10569105691056911;0.05263157894736842;0.15789473684210525;0.0;0.23809523809523808;0.0;0.06;0.0;0.0;0.17857142857142855;0.045454545454545456;0.05;0.1111111111111111;0.3009404388714733;0.34782608695652173;0.2562189054726368;0.0625;0.05263157894736842;0.13333333333333336
0.32653061224489793;0.3149171270718232;0.0;0.04065040650406505;0.05263157894736842;0.08771929824561403;0.0;0.047619047619047616;0.0;0.06;0.0;0.0;0.2589285714285714;0.13636363636363635;0.1;0.18518518518518517;0.2413793103448276;0.2717391304347826;0.21144278606965175;0.09375;0.12280701754385964;0.12380952380952384
0.04081632653061224;0.23756906077348067;0.0;0.11382113821138212;0.13157894736842105;0.15789473684210525;0.0;0.06349206349206349;0.1875;0.24;0.07142857142857142;0.1875;0.33928571428571425;0.2878787878787879;0.15;0.18518518518518517;0.21316614420062696;0.15217391304347827;0.23383084577114427;0.21875;0.17543859649122806;0.24761904761904766
0.02040816326530612;0.1602209944751381;1.0;0.10569105691056911;0.4473684210526315;0.2807017543859649;0.36363636363636365;0.015873015873015872;0.25;0.26;0.21428571428571427;0.375;0.29464285714285715;0.15151515151515152;0.23333333333333334;0.19444444444444442;0.14733542319749218;0.14130434782608695;0.1691542288557214;0.3125;0.08771929824561403;0.14285714285714288
0.12244897959183673;0.22651933701657456;0.0;0.21138211382113822;0.39473684210526316;0.47368421052631576;0.18181818181818182;0.06349206349206349;0.59375;0.56;0.42857142857142855;0.5;0.4821428571428571;0.42424242424242425;0.21666666666666667;0.2685185185185185;0.21316614420062696;0.2934782608695652;0.291044776119403;0.34375;0.2631578947368421;0.2761904761904762
0.42857142857142855;0.6519337016574586;0.0;0.07317073170731708;0.18421052631578946;0.2807017543859649;0.030303030303030304;0.1746031746031746;0.15625;0.2;0.07142857142857142;0.125;0.33035714285714285;0.18181818181818182;0.1;0.2037037037037037;0.48902821316614414;0.532608695652174;0.44029850746268656;0.28125;0.2807017543859649;0.41904761904761906
0.02040816326530612;0.287292817679558;1.0;0.0813008130081301;0.05263157894736842;0.14035087719298245;0.0;0.047619047619047616;0.09375;0.16;0.14285714285714285;0.125;0.24107142857142855;0.15151515151515152;0.16666666666666666;0.12962962962962962;0.20376175548589343;0.22826086956521738;0.20398009950248755;0.28125;0.22807017543859648;0.1904761904761905
0.1020408163265306;0.1712707182320442;0.0;0.008130081300813009;0.07894736842105263;0.017543859649122806;0.0;0.047619047619047616;0.0625;0.1;0.0;0.0;0.15178571428571427;0.09090909090909091;0.05;0.07407407407407407;0.12852664576802508;0.25;0.12686567164179105;0.0;0.07017543859649122;0.08571428571428572
0.061224489795918366;0.3812154696132597;0.0;0.3902439024390244;0.5;0.38596491228070173;0.30303030303030304;0.1111111111111111;0.5625;0.66;0.2857142857142857;0.3125;0.4732142857142857;0.30303030303030304;0.48333333333333334;0.19444444444444442;0.2852664576802508;0.2934782608695652;0.3781094527363184;0.46875;0.17543859649122806;0.3142857142857143
0.0;0.011049723756906077;1.0;0.016260162601626018;0.02631578947368421;0.07017543859649122;0.030303030303030304;0.0;0.0625;0.12;0.0;0.0625;0.05357142857142857;0.09090909090909091;0.03333333333333333;0.0;0.018808777429467086;0.043478260869565216;0.03482587064676617;0.0625;0.017543859649122806;0.009523809523809525
0.0;0.03867403314917127;0.0;0.024390243902439025;0.0;0.07017543859649122;0.0;0.0;0.03125;0.0;0.0;0.0;0.07142857142857142;0.015151515151515152;0.016666666666666666;0.037037037037037035;0.04388714733542319;0.043478260869565216;0.03482587064676617;0.0;0.05263157894736842;0.057142857142857155
0.1020408163265306;0.13259668508287292;0.0;0.0813008130081301;0.07894736842105263;0.10526315789473684;0.0;0.047619047619047616;0.0;0.04;0.0;0.0;0.16964285714285712;0.07575757575757576;0.06666666666666667;0.046296296296296294;0.12225705329153604;0.13043478260869565;0.12686567164179105;0.03125;0.08771929824561403;0.0761904761904762
