NU_FUNCIONARIOS;IN_EJA;IN_COMUM_FUND_AF;TX_RESP_Q002_A;TX_RESP_Q004_C;TX_RESP_Q004_E;TX_RESP_Q004_F;TX_RESP_Q004_G;TX_RESP_Q004_H;TX_RESP_Q012_B;TX_RESP_Q013_A;TX_RESP_Q013_C;TX_RESP_Q014_C;TX_RESP_Q015_B;TX_RESP_Q018_B;TX_RESP_Q019_F;TX_RESP_Q019_G;TX_RESP_Q023_G;TX_RESP_Q034_A;TX_RESP_Q036_C;TX_RESP_Q036_E;TX_RESP_Q037_D;TX_RESP_Q038_A;TX_RESP_Q041_A;TX_RESP_Q041_B;TX_RESP_Q041_C;TX_RESP_Q042_B;TX_RESP_Q042_C;TX_RESP_Q043_A;TX_RESP_Q043_B
0.16239316239316243;1.0;1.0;0.04424778761061947;0.027624309392265192;0.15151515151515152;0.03125;0.0;0.0;0.049689440993788817;0.08189655172413793;0.031746031746031744;0.04;0.0625;0.10526315789473684;0.0;0.0;0.01904761904761905;0.05263157894736842;0.07608695652173914;0.08333333333333333;0.08333333333333333;0.10569105691056911;0.037617554858934164;0.13392857142857142;0.1;0.21052631578947367;0.0;0.1111111111111111;0.03980099502487562
0.15811965811965814;1.0;1.0;0.09734513274336283;0.17679558011049723;0.07575757575757576;0.03125;0.0;0.0;0.09937888198757763;0.125;0.09523809523809523;0.09333333333333334;0.15625;0.08771929824561403;0.02040816326530612;0.14035087719298245;0.1904761904761905;0.13157894736842105;0.21739130434782608;0.1111111111111111;0.05;0.04065040650406505;0.16927899686520376;0.11607142857142856;0.04;0.05263157894736842;0.0625;0.018518518518518517;0.15671641791044777
0.0982905982905983;0.0;1.0;0.061946902654867256;0.06629834254143646;0.045454545454545456;0.09375;0.07142857142857142;0.0;0.08695652173913043;0.07327586206896551;0.015873015873015872;0.06666666666666667;0.0625;0.03508771929824561;0.0;0.08771929824561403;0.09523809523809526;0.05921052631578947;0.07608695652173914;0.0;0.1;0.0813008130081301;0.0909090909090909;0.07142857142857142;0.06;0.07894736842105263;0.0625;0.07407407407407407;0.06965174129353234
0.12393162393162396;1.0;0.0;0.12389380530973451;0.22651933701657456;0.045454545454545456;0.03125;0.07142857142857142;0.0;0.18012422360248445;0.11206896551724138;0.06349206349206349;0.16;0.21875;0.12280701754385964;0.2040816326530612;0.07017543859649122;0.08571428571428572;0.19078947368421054;0.20652173913043478;0.0;0.15;0.05691056910569106;0.1724137931034483;0.15178571428571427;0.1;0.07894736842105263;0.125;0.08333333333333333;0.15920398009950248
0.19230769230769235;1.0;1.0;0.061946902654867256;0.08839779005524862;0.015151515151515152;0.03125;0.0;0.0;0.06211180124223602;0.08189655172413793;0.06349206349206349;0.060000000000000005;0.03125;0.08771929824561403;0.0;0.05263157894736842;0.0761904761904762;0.07236842105263158;0.06521739130434782;0.05555555555555555;0.08333333333333333;0.06504065040650407;0.08150470219435736;0.125;0.02;0.02631578947368421;0.0;0.06481481481481481;0.07462686567164178
0.06837606837606838;1.0;1.0;0.061946902654867256;0.13259668508287292;0.015151515151515152;0.0;0.0;0.0;0.10559006211180123;0.07758620689655173;0.06349206349206349;0.05333333333333334;0.03125;0.08771929824561403;0.04081632653061224;0.05263157894736842;0.08571428571428572;0.07236842105263158;0.13043478260869565;0.027777777777777776;0.05;0.0813008130081301;0.10344827586206896;0.09821428571428571;0.02;0.02631578947368421;0.0;0.027777777777777776;0.0945273631840796
0.21794871794871798;0.0;0.0;0.21238938053097345;0.6685082872928176;0.09090909090909091;0.0;0.0;0.0;0.45341614906832295;0.43103448275862066;0.19047619047619047;0.23333333333333334;0.3125;0.22807017543859648;0.36734693877551017;0.15789473684210525;0.29523809523809524;0.5986842105263158;0.5543478260869565;0.08333333333333333;0.25;0.032520325203252036;0.5391849529780564;0.27678571428571425;0.06;0.13157894736842105;0.0;0.09259259259259259;0.47761194029850745
0.26495726495726496;1.0;1.0;0.2743362831858407;0.2928176795580111;0.13636363636363635;0.1875;0.14285714285714285;0.0;0.14906832298136646;0.27586206896551724;0.031746031746031744;0.08;0.25;0.19298245614035087;0.08163265306122448;0.2982456140350877;0.26666666666666666;0.1513157894736842;0.20652173913043478;0.08333333333333333;0.15;0.14634146341463417;0.15987460815047022;0.36607142857142855;0.14;0.3684210526315789;0.125;0.2962962962962963;0.15671641791044777
0.10256410256410259;0.0;0.0;0.1504424778761062;0.16574585635359118;0.045454545454545456;0.0;0.0;0.0;0.10559006211180123;0.04741379310344827;0.14285714285714285;0.14;0.03125;0.07017543859649122;0.18367346938775508;0.05263157894736842;0.057142857142857155;0.08552631578947367;0.07608695652173914;0.0;0.0;0.016260162601626018;0.09717868338557993;0.08928571428571427;0.08;0.07894736842105263;0.0625;0.10185185185185185;0.07462686567164178
0.0982905982905983;1.0;0.0;0.20353982300884954;0.18232044198895025;0.15151515151515152;0.03125;0.14285714285714285;0.0;0.09316770186335403;0.3103448275862069;0.0;0.04666666666666667;0.28125;0.17543859649122806;0.12244897959183673;0.22807017543859648;0.17142857142857146;0.17763157894736842;0.15217391304347827;0.2777777777777778;0.2;0.0813008130081301;0.16614420062695925;0.25;0.12;0.0;0.0;0.18518518518518517;0.15671641791044777
0.0;1.0;0.0;0.061946902654867256;0.0055248618784530384;0.10606060606060606;0.0625;0.14285714285714285;0.09090909090909091;0.024844720496894408;0.09913793103448276;0.0;0.006666666666666667;0.15625;0.10526315789473684;0.02040816326530612;0.08771929824561403;0.057142857142857155;0.05921052631578947;0.010869565217391304;0.08333333333333333;0.1;0.04065040650406505;0.04075235109717868;0.0625;0.1;0.05263157894736842;0.0625;0.12037037037037036;0.01990049751243781
0.08119658119658121;0.0;0.0;0.23893805309734512;0.23204419889502764;0.030303030303030304;0.0;0.0;0.0;0.13043478260869565;0.22413793103448276;0.09523809523809523;0.05333333333333334;0.0625;0.14035087719298245;0.16326530612244897;0.12280701754385964;0.17142857142857146;0.1513157894736842;0.15217391304347827;0.16666666666666666;0.11666666666666667;0.024390243902439025;0.20689655172413793;0.20535714285714285;0.06;0.02631578947368421;0.0;0.18518518518518517;0.1691542288557214
0.22222222222222224;1.0;0.0;0.4424778761061947;0.4530386740331492;0.2878787878787879;0.0625;0.07142857142857142;0.030303030303030304;0.22360248447204967;0.5474137931034483;0.015873015873015872;0.18666666666666668;0.25;0.3333333333333333;0.08163265306122448;0.40350877192982454;0.3904761904761905;0.3552631578947368;0.42391304347826086;0.38888888888888884;0.3333333333333333;0.1626016260162602;0.3573667711598746;0.39285714285714285;0.2;0.18421052631578946;0.0;0.25925925925925924;0.3383084577114428
0.18803418803418806;1.0;0.0;0.3185840707964602;0.4917127071823204;0.3939393939393939;0.1875;0.0;0.0;0.22360248447204967;0.5603448275862069;0.07936507936507936;0.22666666666666668;0.125;0.3333333333333333;0.22448979591836732;0.3333333333333333;0.4571428571428572;0.4671052631578947;0.40217391304347827;0.3055555555555555;0.13333333333333333;0.0813008130081301;0.4075235109717868;0.45535714285714285;0.18;0.21052631578947367;0.0625;0.4722222222222222;0.33582089552238803
0.06837606837606838;1.0;0.0;0.12389380530973451;0.11049723756906077;0.10606060606060606;0.15625;0.0;0.06060606060606061;0.049689440993788817;0.1896551724137931;0.015873015873015872;0.04666666666666667;0.09375;0.07017543859649122;0.08163265306122448;0.10526315789473684;0.09523809523809526;0.13157894736842105;0.06521739130434782;0.1111111111111111;0.08333333333333333;0.04065040650406505;0.10031347962382445;0.1875;0.04;0.13157894736842105;0.0625;0.1111111111111111;0.09701492537313433
0.27350427350427353;1.0;0.0;0.3274336283185841;0.27624309392265195;0.7575757575757576;0.65625;0.6428571428571428;0.42424242424242425;0.3291925465838509;0.6939655172413793;0.1111111111111111;0.22666666666666668;0.1875;0.6140350877192982;0.18367346938775508;0.5087719298245614;0.523809523809524;0.4802631578947368;0.40217391304347827;0.3333333333333333;0.6333333333333333;0.41463414634146345;0.3448275862068965;0.7053571428571428;0.64;0.5;0.375;0.5;0.4054726368159204
0.1324786324786325;0.0;0.0;0.09734513274336283;0.19889502762430938;0.13636363636363635;0.25;0.07142857142857142;0.0;0.06211180124223602;0.24568965517241378;0.06349206349206349;0.12000000000000001;0.0625;0.07017543859649122;0.3061224489795918;0.07017543859649122;0.1142857142857143;0.256578947368421;0.14130434782608695;0.1111111111111111;0.15;0.024390243902439025;0.16614420062695925;0.1607142857142857;0.12;0.10526315789473684;0.0625;0.12962962962962962;0.14676616915422885
0.14102564102564105;0.0;0.0;0.19469026548672566;0.18784530386740333;0.18181818181818182;0.21875;0.21428571428571427;0.030303030303030304;0.15527950310559005;0.27155172413793105;0.06349206349206349;0.10666666666666667;0.09375;0.22807017543859648;0.18367346938775508;0.12280701754385964;0.20000000000000004;0.18421052631578946;0.14130434782608695;0.1388888888888889;0.16666666666666666;0.0975609756097561;0.18181818181818182;0.25;0.2;0.18421052631578946;0.0;0.24074074074074073;0.16417910447761194
0.07264957264957267;0.0;0.0;0.19469026548672566;0.32044198895027626;0.16666666666666669;0.15625;0.14285714285714285;0.0;0.14906832298136646;0.1939655172413793;0.09523809523809523;0.23333333333333334;0.0625;0.12280701754385964;0.24489795918367346;0.12280701754385964;0.17142857142857146;0.3157894736842105;0.2608695652173913;0.027777777777777776;0.08333333333333333;0.04878048780487805;0.26645768025078365;0.21428571428571427;0.16;0.18421052631578946;0.0625;0.12962962962962962;0.2462686567164179
1.0;1.0;1.0;0.017699115044247787;0.016574585635359115;0.015151515151515152;0.03125;0.0;0.0;0.006211180124223602;0.04741379310344827;0.0;0.006666666666666667;0.0;0.03508771929824561;0.0;0.017543859649122806;0.009523809523809525;0.019736842105263157;0.0;0.05555555555555555;0.016666666666666666;0.016260162601626018;0.012539184952978056;0.05357142857142857;0.02;0.02631578947368421;0.0;0.027777777777777776;0.009950248756218905
0.1324786324786325;1.0;0.0;0.3274336283185841;0.2541436464088398;0.48484848484848486;0.8125;0.7142857142857142;0.09090909090909091;0.14285714285714285;0.5086206896551724;0.07936507936507936;0.14666666666666667;0.21875;0.40350877192982454;0.16326530612244897;0.3684210526315789;0.5714285714285715;0.36184210526315785;0.2717391304347826;0.2777777777777778;0.36666666666666664;0.17073170731707318;0.2570532915360501;0.6428571428571428;0.62;0.4473684210526315;0.125;0.4444444444444444;0.3308457711442786
0.12393162393162396;1.0;1.0;0.2654867256637168;0.09944751381215469;0.3181818181818182;0.40625;0.3571428571428571;0.4545454545454546;0.15527950310559005;0.34913793103448276;0.06349206349206349;0.12000000000000001;0.15625;0.40350877192982454;0.02040816326530612;0.38596491228070173;0.2761904761904762;0.19078947368421054;0.14130434782608695;0.4722222222222222;0.21666666666666667;0.1869918699186992;0.11912225705329153;0.3482142857142857;0.54;0.3684210526315789;0.6875;0.28703703703703703;0.17164179104477612
0.09401709401709404;0.0;0.0;0.21238938053097345;0.26519337016574585;0.15151515151515152;0.15625;0.0;0.0;0.13664596273291924;0.25;0.07936507936507936;0.14;0.09375;0.08771929824561403;0.12244897959183673;0.15789473684210525;0.13333333333333336;0.23026315789473684;0.13043478260869565;0.1111111111111111;0.11666666666666667;0.008130081300813009;0.219435736677116;0.16964285714285712;0.12;0.10526315789473684;0.0;0.09259259259259259;0.20149253731343283
0.05555555555555556;0.0;0.0;0.19469026548672566;0.13812154696132595;0.12121212121212122;0.03125;0.07142857142857142;0.0;0.06832298136645962;0.15086206896551724;0.047619047619047616;0.11333333333333334;0.03125;0.12280701754385964;0.24489795918367346;0.03508771929824561;0.057142857142857155;0.17763157894736842;0.17391304347826086;0.08333333333333333;0.1;0.032520325203252036;0.12539184952978058;0.1607142857142857;0.08;0.0;0.0;0.05555555555555555;0.12935323383084577
0.08119658119658121;1.0;0.0;0.1327433628318584;0.03867403314917127;0.10606060606060606;0.03125;0.14285714285714285;0.06060606060606061;0.049689440993788817;0.09051724137931035;0.015873015873015872;0.03333333333333333;0.15625;0.07017543859649122;0.02040816326530612;0.15789473684210525;0.12380952380952384;0.09210526315789475;0.043478260869565216;0.25;0.05;0.016260162601626018;0.04388714733542319;0.10714285714285714;0.12;0.15789473684210525;0.125;0.027777777777777776;0.062189054726368154
0.12393162393162396;1.0;0.0;0.19469026548672566;0.2154696132596685;0.19696969696969696;0.15625;0.2857142857142857;0.18181818181818182;0.11801242236024843;0.29310344827586204;0.031746031746031744;0.14666666666666667;0.1875;0.2631578947368421;0.1020408163265306;0.10526315789473684;0.1904761904761905;0.256578947368421;0.10869565217391304;0.2777777777777778;0.2833333333333333;0.0813008130081301;0.15673981191222572;0.29464285714285715;0.28;0.3421052631578947;0.0625;0.23148148148148145;0.1691542288557214
0.19230769230769235;1.0;0.0;0.21238938053097345;0.3701657458563536;0.33333333333333337;0.03125;0.0;0.0;0.16770186335403725;0.43103448275862066;0.031746031746031744;0.2066666666666667;0.1875;0.3508771929824561;0.2040816326530612;0.22807017543859648;0.3523809523809524;0.381578947368421;0.2934782608695652;0.3611111111111111;0.16666666666666666;0.0813008130081301;0.31034482758620685;0.3571428571428571;0.28;0.10526315789473684;0.125;0.37037037037037035;0.27114427860696516
0.11538461538461539;1.0;0.0;0.12389380530973451;0.2099447513812155;0.10606060606060606;0.0;0.0;0.0;0.10559006211180123;0.25;0.015873015873015872;0.07333333333333333;0.125;0.05263157894736842;0.061224489795918366;0.10526315789473684;0.14285714285714288;0.19736842105263158;0.11956521739130435;0.1111111111111111;0.13333333333333333;0.06504065040650407;0.16927899686520376;0.1875;0.04;0.13157894736842105;0.0;0.10185185185185185;0.15422885572139303
0.08974358974358976;0.0;1.0;0.07079646017699115;0.09392265193370165;0.19696969696969696;0.09375;0.21428571428571427;0.030303030303030304;0.06211180124223602;0.1896551724137931;0.0;0.04;0.125;0.07017543859649122;0.061224489795918366;0.24561403508771928;0.13333333333333336;0.11842105263157895;0.05434782608695652;0.16666666666666666;0.11666666666666667;0.10569105691056911;0.10658307210031347;0.11607142857142856;0.14;0.10526315789473684;0.0;0.23148148148148145;0.062189054726368154
0.23504273504273507;1.0;1.0;0.16814159292035397;0.22099447513812154;0.2272727272727273;0.25;0.07142857142857142;0.0;0.19254658385093165;0.3879310344827586;0.07936507936507936;0.1;0.34375;0.3157894736842105;0.061224489795918366;0.2631578947368421;0.2285714285714286;0.19736842105263158;0.15217391304347827;0.1388888888888889;0.2833333333333333;0.14634146341463417;0.22884012539184953;0.375;0.06;0.21052631578947367;0.1875;0.23148148148148145;0.22139303482587064
0.2606837606837607;1.0;1.0;0.035398230088495575;0.07734806629834254;0.18181818181818182;0.09375;0.07142857142857142;0.0;0.06832298136645962;0.16810344827586207;0.031746031746031744;0.006666666666666667;0.15625;0.12280701754385964;0.0;0.14035087719298245;0.1142857142857143;0.13157894736842105;0.07608695652173914;0.05555555555555555;0.06666666666666667;0.04878048780487805;0.08463949843260188;0.2232142857142857;0.04;0.02631578947368421;0.0;0.1111111111111111;0.0945273631840796
0.047008547008547015;1.0;1.0;0.02654867256637168;0.11049723756906077;0.045454545454545456;0.03125;0.0;0.0;0.037267080745341616;0.10775862068965517;0.047619047619047616;0.02;0.0625;0.05263157894736842;0.08163265306122448;0.10526315789473684;0.1523809523809524;0.07236842105263158;0.05434782608695652;0.027777777777777776;0.13333333333333333;0.04065040650406505;0.07836990595611285;0.05357142857142857;0.02;0.05263157894736842;0.0;0.046296296296296294;0.05721393034825871
0.10256410256410259;1.0;1.0;0.035398230088495575;0.06629834254143646;0.030303030303030304;0.125;0.14285714285714285;0.030303030303030304;0.018633540372670808;0.09482758620689655;0.0;0.0;0.1875;0.08771929824561403;0.04081632653061224;0.05263157894736842;0.06666666666666668;0.06578947368421054;0.03260869565217391;0.08333333333333333;0.08333333333333333;0.04065040650406505;0.04388714733542319;0.09821428571428571;0.04;0.07894736842105263;0.0625;0.09259259259259259;0.03233830845771144
0.07264957264957267;1.0;1.0;0.11504424778761062;0.15469613259668508;0.09090909090909091;0.09375;0.0;0.0;0.05590062111801242;0.22413793103448276;0.015873015873015872;0.02666666666666667;0.3125;0.14035087719298245;0.04081632653061224;0.2807017543859649;0.1523809523809524;0.08552631578947367;0.06521739130434782;0.3055555555555555;0.2;0.0975609756097561;0.13793103448275862;0.125;0.04;0.02631578947368421;0.0;0.18518518518518517;0.08955223880597014
0.0854700854700855;0.0;1.0;0.04424778761061947;0.03867403314917127;0.09090909090909091;0.03125;0.07142857142857142;0.0;0.037267080745341616;0.08189655172413793;0.0;0.0;0.0625;0.07017543859649122;0.02040816326530612;0.05263157894736842;0.0761904761904762;0.039473684210526314;0.03260869565217391;0.08333333333333333;0.06666666666666667;0.024390243902439025;0.04075235109717868;0.0625;0.04;0.02631578947368421;0.0;0.10185185185185185;0.017412935323383085
0.07264957264957267;0.0;0.0;0.23893805309734512;0.287292817679558;0.07575757575757576;0.03125;0.0;0.0;0.2546583850931677;0.11206896551724138;0.2698412698412698;0.30000000000000004;0.0;0.10526315789473684;0.6530612244897959;0.05263157894736842;0.09523809523809526;0.30921052631578944;0.21739130434782608;0.05555555555555555;0.08333333333333333;0.032520325203252036;0.2476489028213166;0.09821428571428571;0.06;0.13157894736842105;0.0;0.08333333333333333;0.19900497512437812
0.16666666666666669;0.0;0.0;0.16814159292035397;0.3756906077348066;0.07575757575757576;0.0;0.0;0.0;0.24223602484472048;0.28448275862068967;0.14285714285714285;0.16;0.09375;0.21052631578947367;0.14285714285714285;0.12280701754385964;0.24761904761904766;0.3157894736842105;0.25;0.19444444444444442;0.13333333333333333;0.04065040650406505;0.2946708463949843;0.2232142857142857;0.1;0.07894736842105263;0.0625;0.12962962962962962;0.263681592039801
0.30341880341880345;1.0;1.0;0.17699115044247787;0.2099447513812155;0.3181818181818182;0.28125;0.2857142857142857;0.24242424242424243;0.18012422360248445;0.3146551724137931;0.047619047619047616;0.1;0.25;0.3508771929824561;0.1020408163265306;0.3157894736842105;0.2285714285714286;0.19078947368421054;0.17391304347826086;0.25;0.31666666666666665;0.1869918699186992;0.17868338557993732;0.29464285714285715;0.38;0.5789473684210527;0.25;0.35185185185185186;0.16666666666666666
0.15811965811965814;0.0;0.0;0.25663716814159293;0.34806629834254144;0.2272727272727273;0.09375;0.0;0.030303030303030304;0.2546583850931677;0.2629310344827586;0.12698412698412698;0.2;0.1875;0.17543859649122806;0.24489795918367346;0.2807017543859649;0.26666666666666666;0.30921052631578944;0.2717391304347826;0.16666666666666666;0.16666666666666666;0.07317073170731708;0.2789968652037617;0.2857142857142857;0.3;0.21052631578947367;0.125;0.15740740740740738;0.2860696517412935
0.12393162393162396;0.0;1.0;0.035398230088495575;0.04419889502762431;0.13636363636363635;0.15625;0.21428571428571427;0.030303030303030304;0.06211180124223602;0.10775862068965517;0.0;0.013333333333333334;0.1875;0.17543859649122806;0.061224489795918366;0.05263157894736842;0.08571428571428572;0.05921052631578947;0.043478260869565216;0.08333333333333333;0.16666666666666666;0.0975609756097561;0.05956112852664576;0.08928571428571427;0.22;0.15789473684210525;0.25;0.07407407407407407;0.06965174129353234
0.2606837606837607;1.0;1.0;0.07079646017699115;0.14917127071823205;0.13636363636363635;0.15625;0.21428571428571427;0.2727272727272727;0.12422360248447203;0.1896551724137931;0.047619047619047616;0.08666666666666667;0.125;0.15789473684210525;0.061224489795918366;0.08771929824561403;0.18095238095238098;0.07894736842105263;0.06521739130434782;0.05555555555555555;0.15;0.17073170731707318;0.1128526645768025;0.25;0.16;0.2894736842105263;0.25;0.19444444444444442;0.11691542288557213
0.09401709401709404;0.0;0.0;0.3893805309734513;0.6574585635359116;0.21212121212121213;0.09375;0.0;0.0;0.6211180124223602;0.25;0.5714285714285714;0.54;0.1875;0.22807017543859648;0.9999999999999999;0.12280701754385964;0.3238095238095238;0.4605263157894736;0.6195652173913043;0.1111111111111111;0.18333333333333332;0.07317073170731708;0.5109717868338558;0.36607142857142855;0.16;0.2631578947368421;0.0625;0.15740740740740738;0.47512437810945274
0.21367521367521372;1.0;0.0;0.16814159292035397;0.27071823204419887;0.19696969696969696;0.28125;0.07142857142857142;0.06060606060606061;0.13043478260869565;0.40086206896551724;0.015873015873015872;0.11333333333333334;0.21875;0.19298245614035087;0.0;0.3508771929824561;0.2857142857142857;0.24342105263157895;0.17391304347826086;0.3611111111111111;0.1;0.0975609756097561;0.219435736677116;0.3214285714285714;0.18;0.07894736842105263;0.0625;0.37037037037037035;0.17661691542288557
0.10683760683760685;0.0;0.0;0.3893805309734513;0.47513812154696133;0.18181818181818182;0.125;0.0;0.0;0.2670807453416149;0.3146551724137931;0.12698412698412698;0.32666666666666666;0.0625;0.24561403508771928;0.4897959183673469;0.15789473684210525;0.12380952380952384;0.3881578947368421;0.18478260869565216;0.1388888888888889;0.08333333333333333;0.11382113821138212;0.3730407523510971;0.21428571428571427;0.18;0.07894736842105263;0.0625;0.25;0.3009950248756219
0.11111111111111113;0.0;1.0;0.008849557522123894;0.0055248618784530384;0.030303030303030304;0.09375;0.07142857142857142;0.030303030303030304;0.018633540372670808;0.05172413793103448;0.0;0.0;0.0625;0.03508771929824561;0.0;0.05263157894736842;0.01904761904761905;0.013157894736842105;0.010869565217391304;0.027777777777777776;0.03333333333333333;0.008130081300813009;0.012539184952978056;0.0625;0.02;0.07894736842105263;0.0625;0.046296296296296294;0.00746268656716418
0.22222222222222224;1.0;1.0;0.07079646017699115;0.07734806629834254;0.15151515151515152;0.21875;0.14285714285714285;0.06060606060606061;0.037267080745341616;0.1810344827586207;0.0;0.013333333333333334;0.0625;0.19298245614035087;0.0;0.19298245614035087;0.20952380952380956;0.125;0.06521739130434782;0.25;0.18333333333333332;0.05691056910569106;0.07210031347962383;0.1875;0.2;0.13157894736842105;0.125;0.19444444444444442;0.07213930348258707
0.2692307692307692;1.0;0.0;0.2654867256637168;0.2983425414364641;0.48484848484848486;0.5625;0.5;0.2727272727272727;0.17391304347826086;0.5517241379310345;0.06349206349206349;0.29333333333333333;0.34375;0.5438596491228069;0.1020408163265306;0.47368421052631576;0.5904761904761906;0.3355263157894736;0.2608695652173913;0.38888888888888884;0.31666666666666665;0.24390243902439027;0.2789968652037617;0.6160714285714285;0.6;0.42105263157894735;0.6875;0.4907407407407407;0.32587064676616917
0.10683760683760685;1.0;0.0;0.30973451327433627;0.287292817679558;0.15151515151515152;0.09375;0.14285714285714285;0.18181818181818182;0.21739130434782608;0.4568965517241379;0.07936507936507936;0.16666666666666669;0.25;0.21052631578947367;0.24489795918367346;0.2982456140350877;0.3333333333333333;0.36184210526315785;0.19565217391304346;0.3055555555555555;0.23333333333333334;0.13008130081300814;0.2915360501567398;0.3214285714285714;0.2;0.2894736842105263;0.1875;0.34259259259259256;0.24378109452736318
0.12820512820512822;1.0;1.0;0.02654867256637168;0.04419889502762431;0.18181818181818182;0.09375;0.0;0.030303030303030304;0.043478260869565216;0.09482758620689655;0.0;0.03333333333333333;0.0625;0.07017543859649122;0.061224489795918366;0.03508771929824561;0.0380952380952381;0.05921052631578947;0.043478260869565216;0.19444444444444442;0.06666666666666667;0.05691056910569106;0.06269592476489028;0.08035714285714285;0.1;0.07894736842105263;0.125;0.12962962962962962;0.03980099502487562
0.04273504273504274;0.0;0.0;0.1327433628318584;0.281767955801105;0.10606060606060606;0.09375;0.0;0.0;0.19875776397515527;0.13793103448275862;0.1746031746031746;0.2;0.15625;0.14035087719298245;0.5714285714285714;0.07017543859649122;0.12380952380952384;0.24999999999999997;0.21739130434782608;0.1388888888888889;0.1;0.04878048780487805;0.219435736677116;0.17857142857142855;0.06;0.05263157894736842;0.0;0.19444444444444442;0.1691542288557214
0.02564102564102564;1.0;0.0;0.035398230088495575;0.03314917127071823;0.015151515151515152;0.0;0.14285714285714285;0.06060606060606061;0.024844720496894408;0.06034482758620689;0.031746031746031744;0.006666666666666667;0.125;0.07017543859649122;0.04081632653061224;0.03508771929824561;0.01904761904761905;0.05263157894736842;0.010869565217391304;0.027777777777777776;0.1;0.05691056910569106;0.04702194357366771;0.026785714285714284;0.04;0.02631578947368421;0.0625;0.1111111111111111;0.009950248756218905
0.012820512820512824;0.0;0.0;0.02654867256637168;0.027624309392265192;0.09090909090909091;0.0625;0.07142857142857142;0.09090909090909091;0.024844720496894408;0.09482758620689655;0.031746031746031744;0.03333333333333333;0.0;0.07017543859649122;0.02040816326530612;0.05263157894736842;0.01904761904761905;0.039473684210526314;0.05434782608695652;0.027777777777777776;0.06666666666666667;0.0894308943089431;0.05642633228840125;0.08035714285714285;0.04;0.07894736842105263;0.0625;0.1111111111111111;0.03233830845771144
0.11965811965811968;0.0;0.0;0.5752212389380531;0.3425414364640884;0.8939393939393939;0.875;0.3571428571428571;1.0;0.39751552795031053;0.7413793103448276;0.23809523809523808;0.24666666666666667;0.40625;0.6842105263157894;0.14285714285714285;0.5087719298245614;0.523809523809524;0.48684210526315785;0.34782608695652173;0.5277777777777778;0.5833333333333334;0.5609756097560976;0.42006269592476486;0.7232142857142857;1.0;0.9736842105263157;0.9375;0.6203703703703703;0.4825870646766169
0.1324786324786325;1.0;0.0;0.11504424778761062;0.11049723756906077;0.15151515151515152;0.09375;0.0;0.0;0.09316770186335403;0.16379310344827586;0.015873015873015872;0.03333333333333333;0.03125;0.12280701754385964;0.04081632653061224;0.03508771929824561;0.10476190476190478;0.1513157894736842;0.14130434782608695;0.08333333333333333;0.0;0.016260162601626018;0.11598746081504702;0.15178571428571427;0.1;0.10526315789473684;0.0;0.037037037037037035;0.12686567164179105
0.08119658119658121;1.0;0.0;0.415929203539823;0.4530386740331492;0.15151515151515152;0.09375;0.0;0.0;0.3602484472049689;0.15948275862068964;0.15873015873015872;0.31333333333333335;0.03125;0.22807017543859648;0.36734693877551017;0.08771929824561403;0.1142857142857143;0.43421052631578944;0.43478260869565216;0.08333333333333333;0.08333333333333333;0.0813008130081301;0.3667711598746081;0.11607142857142856;0.14;0.02631578947368421;0.0625;0.1111111111111111;0.3009950248756219
0.11111111111111113;1.0;0.0;0.07964601769911504;0.0718232044198895;0.07575757575757576;0.125;0.07142857142857142;0.0;0.06211180124223602;0.09913793103448276;0.06349206349206349;0.02666666666666667;0.0625;0.10526315789473684;0.1020408163265306;0.07017543859649122;0.0761904761904762;0.07236842105263158;0.043478260869565216;0.16666666666666666;0.1;0.05691056910569106;0.04388714733542319;0.19642857142857142;0.06;0.05263157894736842;0.0625;0.1388888888888889;0.04975124378109453
0.2692307692307692;1.0;1.0;0.30973451327433627;0.16574585635359118;0.30303030303030304;0.34375;0.07142857142857142;0.030303030303030304;0.10559006211180123;0.2629310344827586;0.031746031746031744;0.05333333333333334;0.25;0.19298245614035087;0.061224489795918366;0.14035087719298245;0.26666666666666666;0.14473684210526316;0.10869565217391304;0.2222222222222222;0.15;0.07317073170731708;0.15987460815047022;0.23214285714285712;0.34;0.10526315789473684;0.1875;0.09259259259259259;0.19900497512437812
0.2094017094017094;1.0;1.0;0.05309734513274336;0.016574585635359115;0.015151515151515152;0.03125;0.07142857142857142;0.21212121212121213;0.049689440993788817;0.04741379310344827;0.015873015873015872;0.02;0.03125;0.21052631578947367;0.02040816326530612;0.03508771929824561;0.01904761904761905;0.013157894736842105;0.010869565217391304;0.027777777777777776;0.1;0.04878048780487805;0.025078369905956112;0.04464285714285714;0.06;0.13157894736842105;0.1875;0.08333333333333333;0.00746268656716418
0.1452991452991453;0.0;1.0;0.3805309734513274;0.18784530386740333;0.36363636363636365;0.34375;0.2857142857142857;0.09090909090909091;0.19875776397515527;0.3146551724137931;0.031746031746031744;0.13333333333333333;0.40625;0.38596491228070173;0.02040816326530612;0.2631578947368421;0.2761904761904762;0.3157894736842105;0.22826086956521738;0.25;0.31666666666666665;0.1869918699186992;0.18808777429467086;0.4196428571428571;0.42;0.5;0.1875;0.24074074074074073;0.24378109452736318
0.14102564102564105;0.0;1.0;0.18584070796460178;0.1602209944751381;0.06060606060606061;0.1875;0.07142857142857142;0.06060606060606061;0.08074534161490683;0.125;0.015873015873015872;0.060000000000000005;0.0625;0.07017543859649122;0.02040816326530612;0.14035087719298245;0.1619047619047619;0.09868421052631579;0.14130434782608695;0.027777777777777776;0.1;0.032520325203252036;0.10971786833855798;0.15178571428571427;0.16;0.05263157894736842;0.0625;0.12962962962962962;0.1044776119402985
0.05982905982905983;0.0;0.0;0.3805309734513274;0.5082872928176796;0.09090909090909091;0.0625;0.07142857142857142;0.0;0.3105590062111801;0.2025862068965517;0.09523809523809523;0.25333333333333335;0.15625;0.12280701754385964;0.2857142857142857;0.10526315789473684;0.14285714285714288;0.3881578947368421;0.5217391304347826;0.0;0.11666666666666667;0.04878048780487805;0.3730407523510971;0.19642857142857142;0.12;0.05263157894736842;0.0625;0.09259259259259259;0.3308457711442786
0.03846153846153847;0.0;0.0;0.035398230088495575;0.13259668508287292;0.030303030303030304;0.0;0.0;0.0;0.10559006211180123;0.05603448275862069;0.1111111111111111;0.14;0.0;0.017543859649122806;0.3469387755102041;0.03508771929824561;0.08571428571428572;0.13815789473684212;0.10869565217391304;0.027777777777777776;0.1;0.016260162601626018;0.10971786833855798;0.09821428571428571;0.04;0.0;0.0;0.06481481481481481;0.09203980099502487
0.04273504273504274;1.0;0.0;0.017699115044247787;0.0718232044198895;0.06060606060606061;0.03125;0.0;0.0;0.05590062111801242;0.12931034482758622;0.0;0.02;0.0625;0.05263157894736842;0.04081632653061224;0.03508771929824561;0.0761904761904762;0.06578947368421054;0.03260869565217391;0.16666666666666666;0.08333333333333333;0.024390243902439025;0.04702194357366771;0.17857142857142855;0.06;0.07894736842105263;0.0;0.10185185185185185;0.05721393034825871
0.11111111111111113;0.0;0.0;0.18584070796460178;0.30386740331491713;0.2272727272727273;0.09375;0.0;0.0;0.19254658385093165;0.3189655172413793;0.1111111111111111;0.17333333333333334;0.21875;0.24561403508771928;0.3061224489795918;0.17543859649122806;0.18095238095238098;0.30263157894736836;0.17391304347826086;0.19444444444444442;0.18333333333333332;0.0975609756097561;0.3009404388714733;0.23214285714285712;0.06;0.15789473684210525;0.0;0.21296296296296297;0.24378109452736318
0.05128205128205129;1.0;0.0;0.19469026548672566;0.15469613259668508;0.10606060606060606;0.0625;0.0;0.0;0.13043478260869565;0.1336206896551724;0.06349206349206349;0.19333333333333336;0.09375;0.08771929824561403;0.26530612244897955;0.08771929824561403;0.10476190476190478;0.10526315789473684;0.16304347826086957;0.027777777777777776;0.06666666666666667;0.008130081300813009;0.12852664576802508;0.13392857142857142;0.16;0.13157894736842105;0.0;0.08333333333333333;0.12686567164179105
0.1452991452991453;0.0;0.0;0.1415929203539823;0.15469613259668508;0.10606060606060606;0.03125;0.0;0.0;0.16149068322981366;0.1724137931034483;0.015873015873015872;0.05333333333333334;0.09375;0.07017543859649122;0.08163265306122448;0.03508771929824561;0.04761904761904762;0.1644736842105263;0.10869565217391304;0.1111111111111111;0.13333333333333333;0.032520325203252036;0.10031347962382445;0.24107142857142855;0.1;0.07894736842105263;0.0;0.14814814814814814;0.10945273631840796
0.11538461538461539;0.0;0.0;0.11504424778761062;0.06077348066298342;0.21212121212121213;0.0625;0.0;0.030303030303030304;0.07453416149068323;0.15086206896551724;0.031746031746031744;0.08666666666666667;0.0625;0.08771929824561403;0.04081632653061224;0.03508771929824561;0.04761904761904762;0.11842105263157895;0.043478260869565216;0.08333333333333333;0.18333333333333332;0.04878048780487805;0.04702194357366771;0.2589285714285714;0.14;0.23684210526315788;0.0625;0.15740740740740738;0.07462686567164178
0.15384615384615388;1.0;0.0;0.2831858407079646;0.2430939226519337;0.10606060606060606;0.0625;0.0;0.0;0.18012422360248445;0.24137931034482757;0.06349206349206349;0.14666666666666667;0.125;0.10526315789473684;0.26530612244897955;0.14035087719298245;0.1904761904761905;0.2236842105263158;0.19565217391304346;0.08333333333333333;0.05;0.032520325203252036;0.23824451410658307;0.15178571428571427;0.04;0.02631578947368421;0.0625;0.08333333333333333;0.20398009950248755
0.17094017094017097;1.0;0.0;0.4424778761061947;0.2596685082872928;0.5151515151515151;0.78125;0.42857142857142855;0.3939393939393939;0.22981366459627328;0.6810344827586207;0.047619047619047616;0.12000000000000001;0.4375;0.5263157894736842;0.12244897959183673;0.49122807017543857;0.40952380952380957;0.4013157894736842;0.2608695652173913;0.6944444444444444;0.55;0.21951219512195125;0.2789968652037617;0.6428571428571428;0.48;0.631578947368421;0.3125;0.6944444444444444;0.263681592039801
0.10683760683760685;1.0;1.0;0.035398230088495575;0.04419889502762431;0.10606060606060606;0.09375;0.14285714285714285;0.15151515151515152;0.06211180124223602;0.11206896551724138;0.0;0.02;0.09375;0.15789473684210525;0.0;0.03508771929824561;0.04761904761904762;0.06578947368421054;0.06521739130434782;0.16666666666666666;0.18333333333333332;0.06504065040650407;0.06269592476489028;0.08928571428571427;0.06;0.13157894736842105;0.1875;0.16666666666666666;0.02736318407960199
0.08974358974358976;1.0;0.0;0.1415929203539823;0.18232044198895025;0.12121212121212122;0.03125;0.07142857142857142;0.0;0.08695652173913043;0.28448275862068967;0.015873015873015872;0.013333333333333334;0.09375;0.05263157894736842;0.04081632653061224;0.07017543859649122;0.09523809523809526;0.21710526315789472;0.13043478260869565;0.1111111111111111;0.06666666666666667;0.016260162601626018;0.15987460815047022;0.13392857142857142;0.14;0.0;0.0;0.12037037037037036;0.13930348258706468
0.10256410256410259;1.0;1.0;0.02654867256637168;0.08839779005524862;0.07575757575757576;0.03125;0.14285714285714285;0.030303030303030304;0.05590062111801242;0.1336206896551724;0.047619047619047616;0.03333333333333333;0.0;0.08771929824561403;0.061224489795918366;0.10526315789473684;0.09523809523809526;0.08552631578947367;0.07608695652173914;0.0;0.1;0.008130081300813009;0.07523510971786833;0.09821428571428571;0.08;0.07894736842105263;0.0625;0.12962962962962962;0.05223880597014925
0.27350427350427353;1.0;0.0;0.4690265486725664;0.7071823204419889;0.5606060606060607;0.4375;0.07142857142857142;0.09090909090909091;0.32298136645962733;0.7068965517241379;0.19047619047619047;0.4066666666666667;0.5625;0.3508771929824561;0.3061224489795918;0.3333333333333333;0.4761904761904762;0.5263157894736842;0.5434782608695652;0.41666666666666663;0.43333333333333335;0.5365853658536586;0.5047021943573667;0.7589285714285714;0.46;0.15789473684210525;0.125;0.3611111111111111;0.5621890547263682
0.03846153846153847;1.0;0.0;0.08849557522123894;0.06629834254143646;0.06060606060606061;0.1875;0.07142857142857142;0.030303030303030304;0.07453416149068323;0.16810344827586207;0.031746031746031744;0.03333333333333333;0.28125;0.03508771929824561;0.061224489795918366;0.10526315789473684;0.08571428571428572;0.15789473684210525;0.08695652173913043;0.19444444444444442;0.13333333333333333;0.04878048780487805;0.06896551724137931;0.16964285714285712;0.08;0.18421052631578946;0.125;0.16666666666666666;0.05721393034825871
0.07264957264957267;0.0;1.0;0.035398230088495575;0.07734806629834254;0.06060606060606061;0.0625;0.07142857142857142;0.030303030303030304;0.043478260869565216;0.12068965517241378;0.047619047619047616;0.060000000000000005;0.0625;0.10526315789473684;0.061224489795918366;0.017543859649122806;0.028571428571428574;0.10526315789473684;0.06521739130434782;0.1111111111111111;0.03333333333333333;0.04878048780487805;0.07210031347962383;0.09821428571428571;0.04;0.05263157894736842;0.0;0.07407407407407407;0.05970149253731344
0.06410256410256412;1.0;0.0;0.008849557522123894;0.15469613259668508;0.07575757575757576;0.0625;0.0;0.0;0.037267080745341616;0.20689655172413793;0.015873015873015872;0.02666666666666667;0.0625;0.05263157894736842;0.04081632653061224;0.15789473684210525;0.1523809523809524;0.1513157894736842;0.03260869565217391;0.1388888888888889;0.16666666666666666;0.024390243902439025;0.11598746081504702;0.14285714285714285;0.04;0.07894736842105263;0.0;0.12037037037037036;0.0945273631840796
0.11111111111111113;0.0;0.0;0.22123893805309736;0.5082872928176796;0.21212121212121213;0.0;0.0;0.0;0.2919254658385093;0.521551724137931;0.07936507936507936;0.18666666666666668;0.1875;0.15789473684210525;0.14285714285714285;0.22807017543859648;0.3142857142857143;0.44078947368421045;0.31521739130434784;0.4722222222222222;0.26666666666666666;0.10569105691056911;0.3667711598746081;0.33928571428571425;0.14;0.05263157894736842;0.0;0.4074074074074074;0.2835820895522388
0.4572649572649573;1.0;1.0;0.23893805309734512;0.48066298342541436;0.7121212121212122;1.0;0.5714285714285714;0.8181818181818182;0.22360248447204967;1.0;0.047619047619047616;0.08666666666666667;0.75;0.5964912280701754;0.061224489795918366;0.7894736842105263;0.6190476190476192;0.631578947368421;0.33695652173913043;1.0;1.0;0.2682926829268293;0.44827586206896547;0.7589285714285714;0.58;0.763157894736842;0.625;1.0;0.3606965174129353
0.17521367521367523;1.0;0.0;0.16814159292035397;0.39779005524861877;0.3484848484848485;0.15625;0.14285714285714285;0.09090909090909091;0.3105590062111801;0.4353448275862069;0.1746031746031746;0.29333333333333333;0.375;0.38596491228070173;0.061224489795918366;0.2982456140350877;0.4;0.3947368421052631;0.3913043478260869;0.3611111111111111;0.4666666666666667;0.34146341463414637;0.3855799373040752;0.4821428571428571;0.32;0.2894736842105263;0.3125;0.2685185185185185;0.39800995024875624
0.22222222222222224;1.0;1.0;0.6106194690265486;0.7955801104972375;0.4393939393939394;0.53125;0.21428571428571427;0.15151515151515152;0.49689440993788814;0.7155172413793104;0.19047619047619047;0.44;0.53125;0.5438596491228069;0.26530612244897955;0.5964912280701754;0.6285714285714287;0.7105263157894737;0.5978260869565217;0.3333333333333333;0.6166666666666667;0.4471544715447155;0.7021943573667712;0.5714285714285714;0.34;0.2631578947368421;0.375;0.5277777777777778;0.6069651741293532
0.09401709401709404;0.0;0.0;0.3008849557522124;0.3812154696132597;0.18181818181818182;0.0625;0.07142857142857142;0.0;0.3664596273291925;0.17672413793103448;0.20634920634920634;0.36000000000000004;0.15625;0.17543859649122806;0.22448979591836732;0.14035087719298245;0.1619047619047619;0.3355263157894736;0.31521739130434784;0.08333333333333333;0.16666666666666666;0.04065040650406505;0.31034482758620685;0.26785714285714285;0.14;0.10526315789473684;0.0625;0.09259259259259259;0.3034825870646766
0.27350427350427353;0.0;0.0;0.07964601769911504;0.11049723756906077;0.07575757575757576;0.03125;0.0;0.0;0.06832298136645962;0.09051724137931035;0.06349206349206349;0.08;0.0625;0.10526315789473684;0.1020408163265306;0.08771929824561403;0.10476190476190478;0.09210526315789475;0.09782608695652173;0.0;0.06666666666666667;0.0;0.10031347962382445;0.08035714285714285;0.08;0.07894736842105263;0.0;0.1111111111111111;0.07213930348258707
0.09401709401709404;0.0;0.0;0.33628318584070793;0.39226519337016574;0.4393939393939394;0.25;0.21428571428571427;0.030303030303030304;0.24223602484472048;0.5560344827586207;0.06349206349206349;0.13333333333333333;0.375;0.2982456140350877;0.14285714285714285;0.45614035087719296;0.4380952380952381;0.4013157894736842;0.3913043478260869;0.4444444444444444;0.3;0.1788617886178862;0.3510971786833855;0.3839285714285714;0.42;0.23684210526315788;0.25;0.48148148148148145;0.29850746268656714
0.19230769230769235;1.0;0.0;0.2920353982300885;0.3701657458563536;0.4545454545454546;0.34375;0.3571428571428571;0.15151515151515152;0.2919254658385093;0.375;0.20634920634920634;0.30000000000000004;0.71875;0.6491228070175439;0.14285714285714285;0.5964912280701754;0.4285714285714286;0.4605263157894736;0.34782608695652173;0.38888888888888884;0.3833333333333333;0.34146341463414637;0.3667711598746081;0.5446428571428571;0.32;0.39473684210526316;0.125;0.4629629629629629;0.34825870646766166
0.13675213675213677;0.0;0.0;0.05309734513274336;0.1602209944751381;0.0;0.0;0.0;0.0;0.08695652173913043;0.14655172413793102;0.06349206349206349;0.060000000000000005;0.21875;0.17543859649122806;0.02040816326530612;0.10526315789473684;0.10476190476190478;0.1644736842105263;0.09782608695652173;0.1388888888888889;0.06666666666666667;0.032520325203252036;0.12539184952978058;0.09821428571428571;0.02;0.05263157894736842;0.0;0.12037037037037036;0.08706467661691542
0.26495726495726496;1.0;0.0;0.5575221238938053;0.8674033149171271;0.7121212121212122;0.84375;0.2857142857142857;0.18181818181818182;0.7204968944099378;0.9094827586206896;0.3333333333333333;0.66;0.8125;0.7894736842105263;0.42857142857142855;1.0;1.0000000000000002;0.9144736842105263;0.717391304347826;0.8333333333333333;0.7166666666666667;0.41463414634146345;0.7774294670846394;0.9285714285714285;0.78;0.5526315789473684;0.5625;0.5092592592592592;0.8258706467661692
0.1324786324786325;1.0;0.0;0.19469026548672566;0.35359116022099446;0.3939393939393939;0.21875;0.21428571428571427;0.2727272727272727;0.21118012422360247;0.41379310344827586;0.14285714285714285;0.3066666666666667;0.34375;0.47368421052631576;0.12244897959183673;0.3508771929824561;0.3619047619047619;0.4605263157894736;0.19565217391304346;0.25;0.23333333333333334;0.1951219512195122;0.3228840125391849;0.375;0.38;0.5;0.3125;0.4074074074074074;0.2885572139303483
0.09401709401709404;0.0;0.0;0.11504424778761062;0.4198895027624309;0.07575757575757576;0.0625;0.0;0.0;0.27329192546583847;0.2543103448275862;0.19047619047619047;0.18666666666666668;0.1875;0.10526315789473684;0.2040816326530612;0.21052631578947367;0.2571428571428572;0.2763157894736842;0.30434782608695654;0.05555555555555555;0.11666666666666667;0.04878048780487805;0.3197492163009404;0.16964285714285712;0.04;0.07894736842105263;0.0;0.17592592592592593;0.24875621890547261
0.21367521367521372;1.0;0.0;0.19469026548672566;0.425414364640884;0.13636363636363635;0.0;0.0;0.0;0.3913043478260869;0.34913793103448276;0.1746031746031746;0.35333333333333333;0.21875;0.21052631578947367;0.6326530612244897;0.14035087719298245;0.26666666666666666;0.3157894736842105;0.5;0.1111111111111111;0.15;0.0894308943089431;0.445141065830721;0.14285714285714285;0.04;0.05263157894736842;0.0;0.06481481481481481;0.3706467661691542
0.19230769230769235;0.0;0.0;0.19469026548672566;0.430939226519337;0.2272727272727273;0.09375;0.14285714285714285;0.15151515151515152;0.2670807453416149;0.603448275862069;0.047619047619047616;0.15333333333333335;0.34375;0.38596491228070173;0.32653061224489793;0.43859649122807015;0.37142857142857144;0.3421052631578947;0.22826086956521738;0.5;0.2833333333333333;0.15447154471544716;0.39498432601880873;0.33928571428571425;0.16;0.23684210526315788;0.25;0.6759259259259259;0.236318407960199
0.13675213675213677;1.0;1.0;0.07964601769911504;0.15469613259668508;0.21212121212121213;0.0;0.14285714285714285;0.12121212121212122;0.08695652173913043;0.3318965517241379;0.06349206349206349;0.10666666666666667;0.1875;0.38596491228070173;0.02040816326530612;0.19298245614035087;0.2571428571428572;0.21710526315789472;0.10869565217391304;0.3333333333333333;0.2;0.1788617886178862;0.17868338557993732;0.25;0.18;0.2631578947368421;0.1875;0.3796296296296296;0.12189054726368159
0.10256410256410259;1.0;0.0;0.4070796460176991;0.47513812154696133;0.09090909090909091;0.15625;0.07142857142857142;0.030303030303030304;0.2546583850931677;0.3620689655172414;0.15873015873015872;0.2066666666666667;0.1875;0.14035087719298245;0.2040816326530612;0.12280701754385964;0.18095238095238098;0.34868421052631576;0.30434782608695654;0.25;0.25;0.1626016260162602;0.329153605015674;0.33035714285714285;0.1;0.13157894736842105;0.0625;0.09259259259259259;0.3308457711442786
0.15811965811965814;1.0;0.0;0.7256637168141593;0.6243093922651933;0.6363636363636364;0.6875;0.14285714285714285;0.2727272727272727;0.4658385093167702;0.8879310344827586;0.07936507936507936;0.28;0.28125;0.42105263157894735;0.24489795918367346;0.38596491228070173;0.3904761904761905;0.6907894736842105;0.40217391304347827;0.7222222222222222;0.8166666666666667;0.2601626016260163;0.5015673981191222;0.6785714285714285;0.66;0.3684210526315789;0.3125;0.5925925925925926;0.5
0.0982905982905983;1.0;0.0;0.11504424778761062;0.16574585635359118;0.12121212121212122;0.09375;0.0;0.030303030303030304;0.13043478260869565;0.19827586206896552;0.031746031746031744;0.07333333333333333;0.0;0.10526315789473684;0.08163265306122448;0.10526315789473684;0.08571428571428572;0.17763157894736842;0.11956521739130435;0.08333333333333333;0.13333333333333333;0.032520325203252036;0.12539184952978058;0.1607142857142857;0.12;0.07894736842105263;0.0625;0.09259259259259259;0.12437810945273631
0.06410256410256412;1.0;0.0;0.07964601769911504;0.15469613259668508;0.09090909090909091;0.0625;0.0;0.030303030303030304;0.09316770186335403;0.1939655172413793;0.015873015873015872;0.060000000000000005;0.03125;0.07017543859649122;0.061224489795918366;0.07017543859649122;0.10476190476190478;0.125;0.10869565217391304;0.08333333333333333;0.08333333333333333;0.008130081300813009;0.13793103448275862;0.13392857142857142;0.06;0.07894736842105263;0.0;0.12962962962962962;0.10945273631840796
0.1495726495726496;1.0;1.0;0.04424778761061947;0.049723756906077346;0.12121212121212122;0.0;0.07142857142857142;0.0;0.012422360248447204;0.05603448275862069;0.031746031746031744;0.06666666666666667;0.0;0.07017543859649122;0.0;0.0;0.009523809523809525;0.05263157894736842;0.043478260869565216;0.0;0.03333333333333333;0.032520325203252036;0.04075235109717868;0.07142857142857142;0.02;0.0;0.0;0.05555555555555555;0.02985074626865672
0.2606837606837607;1.0;1.0;0.07079646017699115;0.12154696132596686;0.09090909090909091;0.0;0.0;0.0;0.05590062111801242;0.15086206896551724;0.047619047619047616;0.04666666666666667;0.0625;0.12280701754385964;0.08163265306122448;0.14035087719298245;0.1619047619047619;0.1513157894736842;0.17391304347826086;0.027777777777777776;0.03333333333333333;0.0894308943089431;0.13166144200626959;0.16964285714285712;0.04;0.05263157894736842;0.0625;0.08333333333333333;0.12437810945273631
0.11111111111111113;1.0;0.0;0.061946902654867256;0.17679558011049723;0.07575757575757576;0.03125;0.0;0.0;0.07453416149068323;0.125;0.06349206349206349;0.07333333333333333;0.0625;0.03508771929824561;0.0;0.08771929824561403;0.20000000000000004;0.125;0.14130434782608695;0.027777777777777776;0.05;0.04065040650406505;0.13793103448275862;0.08928571428571427;0.08;0.02631578947368421;0.0625;0.037037037037037035;0.12437810945273631
0.16666666666666669;1.0;1.0;0.33628318584070793;0.4585635359116022;0.3181818181818182;0.1875;0.07142857142857142;0.06060606060606061;0.2546583850931677;0.3318965517241379;0.15873015873015872;0.34;0.1875;0.43859649122807015;0.22448979591836732;0.3157894736842105;0.4;0.381578947368421;0.3804347826086956;0.19444444444444442;0.23333333333333334;0.2764227642276423;0.3385579937304075;0.4196428571428571;0.24;0.3157894736842105;0.125;0.2685185185185185;0.3333333333333333
0.23931623931623933;1.0;1.0;0.30973451327433627;0.5193370165745856;0.15151515151515152;0.0;0.0;0.030303030303030304;0.40993788819875776;0.1896551724137931;0.47619047619047616;0.43333333333333335;0.125;0.15789473684210525;0.5306122448979591;0.14035087719298245;0.17142857142857146;0.4802631578947368;0.5108695652173912;0.1111111111111111;0.15;0.20325203252032523;0.39811912225705326;0.2857142857142857;0.12;0.05263157894736842;0.0625;0.09259259259259259;0.3756218905472637
0.23504273504273507;0.0;0.0;0.1327433628318584;0.39226519337016574;0.07575757575757576;0.09375;0.07142857142857142;0.0;0.18633540372670807;0.21120689655172414;0.2222222222222222;0.2066666666666667;0.03125;0.15789473684210525;0.14285714285714285;0.05263157894736842;0.13333333333333336;0.2631578947368421;0.31521739130434784;0.1111111111111111;0.3;0.0813008130081301;0.28213166144200624;0.16964285714285712;0.18;0.02631578947368421;0.0;0.21296296296296297;0.2263681592039801
0.19230769230769235;1.0;1.0;0.07964601769911504;0.10497237569060773;0.21212121212121213;0.21875;0.2857142857142857;0.09090909090909091;0.049689440993788817;0.1810344827586207;0.06349206349206349;0.08666666666666667;0.28125;0.19298245614035087;0.02040816326530612;0.12280701754385964;0.1142857142857143;0.125;0.10869565217391304;0.16666666666666666;0.16666666666666666;0.13008130081300814;0.07523510971786833;0.25;0.36;0.23684210526315788;0.25;0.12037037037037036;0.1318407960199005
0.2008547008547009;1.0;1.0;0.017699115044247787;0.0;0.030303030303030304;0.0;0.0;0.030303030303030304;0.0;0.01293103448275862;0.0;0.0;0.0;0.017543859649122806;0.0;0.0;0.0;0.013157894736842105;0.010869565217391304;0.0;0.05;0.008130081300813009;0.012539184952978056;0.017857142857142856;0.04;0.02631578947368421;0.0;0.037037037037037035;0.0
0.12393162393162396;0.0;0.0;0.2831858407079646;0.27624309392265195;0.09090909090909091;0.03125;0.0;0.0;0.27329192546583847;0.11206896551724138;0.2222222222222222;0.3066666666666667;0.0625;0.15789473684210525;0.4081632653061224;0.05263157894736842;0.0761904761904762;0.23684210526315788;0.31521739130434784;0.0;0.05;0.04065040650406505;0.23824451410658307;0.19642857142857142;0.1;0.05263157894736842;0.0625;0.08333333333333333;0.22388059701492538
0.13675213675213677;1.0;1.0;0.05309734513274336;0.03867403314917127;0.10606060606060606;0.0625;0.07142857142857142;0.030303030303030304;0.07453416149068323;0.09913793103448276;0.031746031746031744;0.04666666666666667;0.0;0.08771929824561403;0.0;0.05263157894736842;0.12380952380952384;0.09868421052631579;0.06521739130434782;0.08333333333333333;0.1;0.04878048780487805;0.05642633228840125;0.125;0.16;0.10526315789473684;0.0625;0.046296296296296294;0.07711442786069651
0.0982905982905983;0.0;1.0;0.02654867256637168;0.04419889502762431;0.09090909090909091;0.0;0.0;0.030303030303030304;0.03105590062111801;0.07327586206896551;0.031746031746031744;0.04;0.0;0.10526315789473684;0.0;0.10526315789473684;0.057142857142857155;0.046052631578947366;0.07608695652173914;0.0;0.08333333333333333;0.024390243902439025;0.05329153605015673;0.0625;0.08;0.02631578947368421;0.0;0.05555555555555555;0.04477611940298507
0.15811965811965814;0.0;1.0;0.017699115044247787;0.11602209944751381;0.12121212121212122;0.09375;0.07142857142857142;0.06060606060606061;0.037267080745341616;0.08620689655172414;0.015873015873015872;0.02666666666666667;0.25;0.14035087719298245;0.04081632653061224;0.12280701754385964;0.057142857142857155;0.10526315789473684;0.08695652173913043;0.08333333333333333;0.06666666666666667;0.0894308943089431;0.07836990595611285;0.0625;0.2;0.21052631578947367;0.0625;0.05555555555555555;0.07960199004975124
0.12820512820512822;1.0;0.0;0.2920353982300885;0.1602209944751381;0.33333333333333337;0.375;0.07142857142857142;0.0;0.08695652173913043;0.34051724137931033;0.015873015873015872;0.09333333333333334;0.1875;0.12280701754385964;0.08163265306122448;0.15789473684210525;0.20000000000000004;0.2236842105263158;0.20652173913043478;0.08333333333333333;0.15;0.0975609756097561;0.15047021943573669;0.3125;0.32;0.07894736842105263;0.0625;0.1388888888888889;0.19900497512437812
0.0854700854700855;1.0;0.0;0.1327433628318584;0.17679558011049723;0.19696969696969696;0.15625;0.07142857142857142;0.030303030303030304;0.10559006211180123;0.2543103448275862;0.015873015873015872;0.060000000000000005;0.15625;0.14035087719298245;0.18367346938775508;0.08771929824561403;0.12380952380952384;0.18421052631578946;0.13043478260869565;0.16666666666666666;0.08333333333333333;0.032520325203252036;0.15047021943573669;0.24107142857142855;0.14;0.02631578947368421;0.0625;0.18518518518518517;0.14427860696517414
0.08119658119658121;0.0;0.0;0.20353982300884954;0.2154696132596685;0.25757575757575757;0.125;0.0;0.0;0.14906832298136646;0.34051724137931033;0.015873015873015872;0.14666666666666667;0.0625;0.14035087719298245;0.04081632653061224;0.19298245614035087;0.2571428571428572;0.2236842105263158;0.14130434782608695;0.08333333333333333;0.2;0.04878048780487805;0.2006269592476489;0.2589285714285714;0.16;0.13157894736842105;0.0;0.12037037037037036;0.208955223880597
0.16239316239316243;1.0;0.0;0.6814159292035398;0.47513812154696133;0.19696969696969696;0.25;0.07142857142857142;0.12121212121212122;0.32298136645962733;0.5344827586206896;0.1111111111111111;0.22;0.25;0.19298245614035087;0.22448979591836732;0.22807017543859648;0.24761904761904766;0.44078947368421045;0.358695652173913;0.41666666666666663;0.4666666666666667;0.1788617886178862;0.3510971786833855;0.46428571428571425;0.18;0.3421052631578947;0.125;0.35185185185185186;0.32587064676616917
0.16239316239316243;1.0;0.0;0.11504424778761062;0.19889502762430938;0.09090909090909091;0.125;0.0;0.0;0.07453416149068323;0.2629310344827586;0.031746031746031744;0.03333333333333333;0.125;0.07017543859649122;0.0;0.3157894736842105;0.21904761904761907;0.10526315789473684;0.03260869565217391;0.19444444444444442;0.36666666666666664;0.11382113821138212;0.1755485893416928;0.15178571428571427;0.08;0.10526315789473684;0.125;0.21296296296296297;0.12437810945273631
0.0854700854700855;0.0;0.0;0.16814159292035397;0.2044198895027624;0.030303030303030304;0.0;0.0;0.0;0.14285714285714285;0.14655172413793102;0.07936507936507936;0.10666666666666667;0.0;0.07017543859649122;0.3469387755102041;0.12280701754385964;0.14285714285714288;0.19078947368421054;0.13043478260869565;0.1388888888888889;0.03333333333333333;0.008130081300813009;0.2006269592476489;0.03571428571428571;0.02;0.0;0.0;0.10185185185185185;0.13432835820895522
0.04273504273504274;1.0;0.0;0.008849557522123894;0.18232044198895025;0.045454545454545456;0.0625;0.0;0.0;0.08695652173913043;0.20689655172413793;0.047619047619047616;0.08;0.0625;0.05263157894736842;0.3061224489795918;0.07017543859649122;0.1142857142857143;0.21710526315789472;0.11956521739130435;0.1388888888888889;0.05;0.016260162601626018;0.1536050156739812;0.11607142857142856;0.04;0.07894736842105263;0.0;0.1388888888888889;0.11194029850746269
0.21367521367521372;1.0;0.0;0.4424778761061947;0.4530386740331492;0.4090909090909091;0.25;0.07142857142857142;0.0;0.32298136645962733;0.3620689655172414;0.25396825396825395;0.3466666666666667;0.1875;0.22807017543859648;0.18367346938775508;0.17543859649122806;0.3142857142857143;0.3947368421052631;0.5;0.19444444444444442;0.26666666666666666;0.07317073170731708;0.33228840125391845;0.5267857142857143;0.28;0.2894736842105263;0.0625;0.24074074074074073;0.3706467661691542
0.14102564102564105;1.0;1.0;0.20353982300884954;0.3591160220994475;0.25757575757575757;0.125;0.14285714285714285;0.030303030303030304;0.16149068322981366;0.3706896551724138;0.07936507936507936;0.22;0.1875;0.3157894736842105;0.22448979591836732;0.2807017543859649;0.2857142857142857;0.381578947368421;0.2717391304347826;0.16666666666666666;0.3333333333333333;0.1626016260162602;0.2570532915360501;0.4821428571428571;0.2;0.10526315789473684;0.125;0.23148148148148145;0.291044776119403
0.17948717948717952;1.0;1.0;0.12389380530973451;0.2154696132596685;0.18181818181818182;0.15625;0.07142857142857142;0.12121212121212122;0.08074534161490683;0.27586206896551724;0.06349206349206349;0.14666666666666667;0.125;0.14035087719298245;0.04081632653061224;0.21052631578947367;0.26666666666666666;0.17763157894736842;0.14130434782608695;0.2222222222222222;0.11666666666666667;0.05691056910569106;0.15987460815047022;0.2857142857142857;0.2;0.07894736842105263;0.0;0.25925925925925924;0.1517412935323383
0.15811965811965814;0.0;1.0;0.22123893805309736;0.17679558011049723;0.16666666666666669;0.03125;0.07142857142857142;0.030303030303030304;0.18012422360248445;0.14655172413793102;0.14285714285714285;0.18000000000000002;0.125;0.14035087719298245;0.2857142857142857;0.07017543859649122;0.04761904761904762;0.20394736842105263;0.09782608695652173;0.027777777777777776;0.11666666666666667;0.0975609756097561;0.1536050156739812;0.20535714285714285;0.14;0.07894736842105263;0.125;0.046296296296296294;0.17412935323383083
0.12820512820512822;0.0;0.0;0.17699115044247787;0.4033149171270718;0.06060606060606061;0.03125;0.0;0.0;0.24844720496894407;0.19827586206896552;0.12698412698412698;0.36000000000000004;0.125;0.03508771929824561;0.32653061224489793;0.08771929824561403;0.1619047619047619;0.17105263157894737;0.2608695652173913;0.19444444444444442;0.05;0.06504065040650407;0.28213166144200624;0.2232142857142857;0.04;0.05263157894736842;0.0;0.12037037037037036;0.24875621890547261
0.17948717948717952;1.0;0.0;0.4690265486725664;0.5359116022099447;0.18181818181818182;0.15625;0.0;0.0;0.40993788819875776;0.2025862068965517;0.23809523809523808;0.44;0.03125;0.2631578947368421;0.4081632653061224;0.14035087719298245;0.2571428571428572;0.30263157894736836;0.4891304347826087;0.027777777777777776;0.2;0.1869918699186992;0.3887147335423197;0.2232142857142857;0.1;0.13157894736842105;0.0625;0.1111111111111111;0.34328358208955223
0.17521367521367523;1.0;0.0;0.4336283185840708;0.4475138121546961;0.2878787878787879;0.25;0.0;0.030303030303030304;0.3664596273291925;0.41810344827586204;0.2222222222222222;0.31333333333333335;0.25;0.2631578947368421;0.18367346938775508;0.15789473684210525;0.20952380952380956;0.3881578947368421;0.43478260869565216;0.16666666666666666;0.26666666666666666;0.33333333333333337;0.36990595611285265;0.39285714285714285;0.26;0.5263157894736842;0.0625;0.21296296296296297;0.3681592039800995
0.10683760683760685;1.0;0.0;0.2831858407079646;0.3314917127071823;0.09090909090909091;0.0;0.07142857142857142;0.0;0.2981366459627329;0.13793103448275862;0.14285714285714285;0.25333333333333335;0.09375;0.05263157894736842;0.26530612244897955;0.03508771929824561;0.1142857142857143;0.2697368421052631;0.3695652173913043;0.05555555555555555;0.05;0.05691056910569106;0.26645768025078365;0.09821428571428571;0.14;0.13157894736842105;0.0;0.009259259259259259;0.24378109452736318
0.11538461538461539;1.0;0.0;0.3893805309734513;0.39779005524861877;0.030303030303030304;0.0;0.0;0.0;0.2670807453416149;0.13793103448275862;0.30158730158730157;0.24000000000000002;0.125;0.08771929824561403;0.3469387755102041;0.0;0.06666666666666668;0.2631578947368421;0.3913043478260869;0.0;0.1;0.0813008130081301;0.2789968652037617;0.13392857142857142;0.02;0.02631578947368421;0.0;0.037037037037037035;0.24129353233830847
0.1495726495726496;0.0;0.0;0.33628318584070793;0.2154696132596685;0.33333333333333337;0.34375;0.21428571428571427;0.15151515151515152;0.15527950310559005;0.25862068965517243;0.09523809523809523;0.11333333333333334;0.28125;0.3684210526315789;0.08163265306122448;0.3157894736842105;0.34285714285714286;0.23684210526315788;0.2391304347826087;0.08333333333333333;0.25;0.29268292682926833;0.2006269592476489;0.24107142857142855;0.38;0.5789473684210527;0.125;0.25;0.19651741293532338
0.12820512820512822;1.0;0.0;0.30973451327433627;0.46408839779005523;0.16666666666666669;0.0;0.0;0.0;0.3416149068322981;0.23706896551724138;0.2222222222222222;0.37333333333333335;0.15625;0.05263157894736842;0.18367346938775508;0.10526315789473684;0.1904761904761905;0.34868421052631576;0.4782608695652174;0.1111111111111111;0.3;0.15447154471544716;0.3510971786833855;0.2232142857142857;0.08;0.07894736842105263;0.0;0.1111111111111111;0.31094527363184077
0.11965811965811968;1.0;0.0;0.20353982300884954;0.281767955801105;0.015151515151515152;0.0;0.0;0.0;0.27329192546583847;0.09482758620689655;0.20634920634920634;0.22666666666666668;0.0625;0.15789473684210525;0.16326530612244897;0.03508771929824561;0.10476190476190478;0.23026315789473684;0.18478260869565216;0.0;0.1;0.0813008130081301;0.21630094043887146;0.1607142857142857;0.0;0.10526315789473684;0.0625;0.0;0.2064676616915423
0.11538461538461539;0.0;0.0;0.5575221238938053;0.4143646408839779;0.6818181818181819;0.40625;0.14285714285714285;0.12121212121212122;0.3602484472049689;0.4870689655172414;0.2698412698412698;0.3666666666666667;0.40625;0.5614035087719298;0.1020408163265306;0.2631578947368421;0.37142857142857144;0.4473684210526315;0.41304347826086957;0.19444444444444442;0.3333333333333333;0.7560975609756099;0.34796238244514105;0.5803571428571428;0.6;0.6578947368421052;0.125;0.37037037037037035;0.40298507462686567
0.25641025641025644;0.0;0.0;0.9026548672566371;0.6850828729281768;0.7272727272727273;0.6875;0.42857142857142855;0.30303030303030304;0.6770186335403726;0.7025862068965517;0.25396825396825395;0.5733333333333334;0.625;0.6842105263157894;0.2857142857142857;0.6666666666666666;0.761904761904762;0.7105263157894737;0.6847826086956521;0.2777777777777778;0.5;1.0;0.5736677115987461;0.9285714285714285;0.74;1.0;0.375;0.5648148148148148;0.6442786069651741
0.0854700854700855;0.0;1.0;0.11504424778761062;0.19337016574585636;0.09090909090909091;0.03125;0.0;0.0;0.13043478260869565;0.10344827586206896;0.047619047619047616;0.08666666666666667;0.15625;0.19298245614035087;0.08163265306122448;0.05263157894736842;0.21904761904761907;0.13815789473684212;0.14130434782608695;0.0;0.05;0.11382113821138212;0.13166144200626959;0.13392857142857142;0.06;0.10526315789473684;0.0;0.06481481481481481;0.12189054726368159
0.1324786324786325;1.0;0.0;0.19469026548672566;0.27071823204419887;0.10606060606060606;0.03125;0.0;0.0;0.19254658385093165;0.1336206896551724;0.1746031746031746;0.19333333333333336;0.09375;0.14035087719298245;0.1020408163265306;0.08771929824561403;0.10476190476190478;0.1513157894736842;0.16304347826086957;0.08333333333333333;0.15;0.024390243902439025;0.21316614420062696;0.10714285714285714;0.02;0.15789473684210525;0.0625;0.018518518518518517;0.18656716417910446
0.16239316239316243;1.0;0.0;0.35398230088495575;0.16574585635359118;0.15151515151515152;0.125;0.07142857142857142;0.030303030303030304;0.10559006211180123;0.2801724137931034;0.031746031746031744;0.08666666666666667;0.125;0.05263157894736842;0.1020408163265306;0.3333333333333333;0.2857142857142857;0.23684210526315788;0.05434782608695652;0.3333333333333333;0.16666666666666666;0.04065040650406505;0.21003134796238246;0.10714285714285714;0.12;0.05263157894736842;0.0625;0.3055555555555555;0.11940298507462688
0.0854700854700855;0.0;0.0;0.34513274336283184;0.26519337016574585;0.2272727272727273;0.125;0.0;0.0;0.32298136645962733;0.25;0.23809523809523808;0.2733333333333334;0.0625;0.22807017543859648;0.5306122448979591;0.21052631578947367;0.2380952380952381;0.256578947368421;0.20652173913043478;0.1111111111111111;0.25;0.11382113821138212;0.2946708463949843;0.24107142857142855;0.16;0.15789473684210525;0.125;0.23148148148148145;0.24875621890547261
0.0854700854700855;1.0;0.0;0.11504424778761062;0.2099447513812155;0.030303030303030304;0.03125;0.0;0.0;0.08074534161490683;0.125;0.07936507936507936;0.11333333333333334;0.03125;0.03508771929824561;0.3061224489795918;0.10526315789473684;0.0761904761904762;0.11184210526315788;0.11956521739130435;0.08333333333333333;0.05;0.032520325203252036;0.14106583072100315;0.0625;0.08;0.05263157894736842;0.0;0.08333333333333333;0.10696517412935323
0.11965811965811968;1.0;1.0;0.1327433628318584;0.14917127071823205;0.12121212121212122;0.0625;0.21428571428571427;0.24242424242424243;0.043478260869565216;0.21982758620689655;0.015873015873015872;0.02666666666666667;0.1875;0.12280701754385964;0.0;0.17543859649122806;0.12380952380952384;0.11842105263157895;0.043478260869565216;0.19444444444444442;0.08333333333333333;0.0894308943089431;0.10344827586206896;0.14285714285714285;0.22;0.18421052631578946;0.25;0.15740740740740738;0.09701492537313433
0.17094017094017097;1.0;0.0;0.10619469026548672;0.13812154696132595;0.21212121212121213;0.09375;0.0;0.0;0.09316770186335403;0.27155172413793105;0.015873015873015872;0.08;0.0625;0.22807017543859648;0.14285714285714285;0.21052631578947367;0.2380952380952381;0.29605263157894735;0.10869565217391304;0.16666666666666666;0.15;0.04065040650406505;0.1724137931034483;0.3214285714285714;0.06;0.15789473684210525;0.0;0.19444444444444442;0.17164179104477612
0.12393162393162396;1.0;0.0;0.1415929203539823;0.18232044198895025;0.07575757575757576;0.0625;0.0;0.0;0.13043478260869565;0.2801724137931034;0.047619047619047616;0.05333333333333334;0.0625;0.07017543859649122;0.1020408163265306;0.17543859649122806;0.13333333333333336;0.21052631578947367;0.10869565217391304;0.1388888888888889;0.11666666666666667;0.04065040650406505;0.18495297805642633;0.21428571428571427;0.02;0.07894736842105263;0.0;0.027777777777777776;0.19154228855721392
0.08119658119658121;0.0;0.0;0.08849557522123894;0.23204419889502764;0.06060606060606061;0.0;0.0;0.0;0.12422360248447203;0.16379310344827586;0.06349206349206349;0.13333333333333333;0.03125;0.10526315789473684;0.061224489795918366;0.12280701754385964;0.14285714285714288;0.13815789473684212;0.11956521739130435;0.0;0.06666666666666667;0.04878048780487805;0.15987460815047022;0.1875;0.08;0.07894736842105263;0.0;0.07407407407407407;0.15920398009950248
0.21367521367521372;1.0;1.0;0.11504424778761062;0.09944751381215469;0.36363636363636365;0.40625;0.2857142857142857;0.24242424242424243;0.06211180124223602;0.36637931034482757;0.015873015873015872;0.13333333333333333;0.25;0.3684210526315789;0.04081632653061224;0.3508771929824561;0.3238095238095238;0.23684210526315788;0.15217391304347827;0.25;0.21666666666666667;0.11382113821138212;0.10971786833855798;0.5;0.46;0.2894736842105263;0.125;0.38888888888888884;0.1691542288557214
0.07264957264957267;0.0;0.0;0.09734513274336283;0.12154696132596686;0.07575757575757576;0.03125;0.07142857142857142;0.0;0.05590062111801242;0.15517241379310345;0.0;0.08;0.03125;0.05263157894736842;0.14285714285714285;0.017543859649122806;0.0761904761904762;0.17763157894736842;0.05434782608695652;0.08333333333333333;0.06666666666666667;0.032520325203252036;0.10344827586206896;0.15178571428571427;0.04;0.0;0.0;0.027777777777777776;0.11194029850746269
0.06837606837606838;1.0;0.0;0.05309734513274336;0.049723756906077346;0.06060606060606061;0.03125;0.0;0.06060606060606061;0.018633540372670808;0.1336206896551724;0.015873015873015872;0.03333333333333333;0.0;0.07017543859649122;0.02040816326530612;0.05263157894736842;0.06666666666666668;0.09210526315789475;0.06521739130434782;0.2222222222222222;0.16666666666666666;0.016260162601626018;0.04702194357366771;0.17857142857142855;0.02;0.10526315789473684;0.0625;0.05555555555555555;0.06467661691542288
0.11538461538461539;1.0;0.0;0.23008849557522124;0.3259668508287293;0.16666666666666669;0.25;0.07142857142857142;0.0;0.23602484472049687;0.3275862068965517;0.1111111111111111;0.21333333333333335;0.0625;0.12280701754385964;0.14285714285714285;0.14035087719298245;0.20000000000000004;0.29605263157894735;0.19565217391304346;0.08333333333333333;0.18333333333333332;0.13008130081300814;0.26018808777429464;0.2857142857142857;0.08;0.05263157894736842;0.0625;0.21296296296296297;0.2288557213930348
0.15384615384615388;1.0;0.0;0.4690265486725664;0.3425414364640884;0.12121212121212122;0.28125;0.21428571428571427;0.0;0.23602484472049687;0.30603448275862066;0.07936507936507936;0.18666666666666668;0.1875;0.19298245614035087;0.3877551020408163;0.14035087719298245;0.20952380952380956;0.3157894736842105;0.21739130434782608;0.1111111111111111;0.26666666666666666;0.06504065040650407;0.3166144200626959;0.2232142857142857;0.1;0.10526315789473684;0.125;0.2685185185185185;0.24378109452736318
0.07264957264957267;1.0;0.0;0.2920353982300885;0.3259668508287293;0.07575757575757576;0.0;0.0;0.0;0.21118012422360247;0.28448275862068967;0.12698412698412698;0.18666666666666668;0.125;0.07017543859649122;0.16326530612244897;0.12280701754385964;0.1523809523809524;0.29605263157894735;0.25;0.16666666666666666;0.05;0.016260162601626018;0.2476489028213166;0.2232142857142857;0.02;0.10526315789473684;0.0;0.09259259259259259;0.2263681592039801
0.23931623931623933;0.0;1.0;0.23008849557522124;0.10497237569060773;0.4696969696969697;0.375;0.21428571428571427;0.24242424242424243;0.17391304347826086;0.3577586206896552;0.047619047619047616;0.11333333333333334;0.09375;0.38596491228070173;0.12244897959183673;0.2807017543859649;0.2571428571428572;0.17763157894736842;0.10869565217391304;0.3055555555555555;0.43333333333333335;0.2601626016260163;0.13479623824451412;0.39285714285714285;0.48;0.3421052631578947;0.25;0.5092592592592592;0.12935323383084577
0.12820512820512822;0.0;0.0;0.4070796460176991;0.6077348066298343;0.16666666666666669;0.0625;0.0;0.0;0.44720496894409933;0.3103448275862069;0.30158730158730157;0.4266666666666667;0.09375;0.14035087719298245;0.9591836734693877;0.2631578947368421;0.3238095238095238;0.37499999999999994;0.4782608695652174;0.1111111111111111;0.16666666666666666;0.0894308943089431;0.46081504702194354;0.3125;0.12;0.15789473684210525;0.1875;0.35185185185185186;0.36318407960199006
0.2777777777777778;1.0;1.0;0.061946902654867256;0.06077348066298342;0.16666666666666669;0.28125;0.2857142857142857;0.09090909090909091;0.08695652173913043;0.15517241379310345;0.015873015873015872;0.02666666666666667;0.0625;0.12280701754385964;0.18367346938775508;0.15789473684210525;0.1142857142857143;0.125;0.06521739130434782;0.1111111111111111;0.21666666666666667;0.0813008130081301;0.08463949843260188;0.19642857142857142;0.1;0.18421052631578946;0.0625;0.24074074074074073;0.05970149253731344
0.004273504273504279;0.0;0.0;0.08849557522123894;0.09944751381215469;0.09090909090909091;0.0625;0.14285714285714285;0.0;0.018633540372670808;0.125;0.015873015873015872;0.006666666666666667;0.09375;0.14035087719298245;0.061224489795918366;0.07017543859649122;0.0761904761904762;0.07894736842105263;0.09782608695652173;0.027777777777777776;0.15;0.07317073170731708;0.06896551724137931;0.10714285714285714;0.08;0.02631578947368421;0.125;0.16666666666666666;0.03980099502487562
0.08974358974358976;1.0;0.0;0.584070796460177;0.6077348066298343;0.07575757575757576;0.09375;0.0;0.0;0.2670807453416149;0.3922413793103448;0.14285714285714285;0.16;0.1875;0.21052631578947367;0.26530612244897955;0.10526315789473684;0.13333333333333336;0.41447368421052627;0.358695652173913;0.2222222222222222;0.21666666666666667;0.10569105691056911;0.40438871473354226;0.15178571428571427;0.06;0.0;0.0;0.15740740740740738;0.31840796019900497
0.19658119658119663;1.0;1.0;0.1504424778761062;0.1270718232044199;0.30303030303030304;0.25;0.07142857142857142;0.12121212121212122;0.13664596273291924;0.2629310344827586;0.06349206349206349;0.1;0.15625;0.2807017543859649;0.1020408163265306;0.19298245614035087;0.13333333333333336;0.17105263157894737;0.15217391304347827;0.2222222222222222;0.2;0.06504065040650407;0.14733542319749218;0.3125;0.2;0.15789473684210525;0.0;0.21296296296296297;0.1616915422885572
0.17094017094017097;1.0;1.0;0.017699115044247787;0.04419889502762431;0.12121212121212122;0.0;0.0;0.0;0.018633540372670808;0.05603448275862069;0.031746031746031744;0.03333333333333333;0.03125;0.10526315789473684;0.02040816326530612;0.07017543859649122;0.08571428571428572;0.07236842105263158;0.03260869565217391;0.027777777777777776;0.05;0.016260162601626018;0.04702194357366771;0.05357142857142857;0.08;0.0;0.0;0.046296296296296294;0.03980099502487562
0.12820512820512822;0.0;0.0;0.2831858407079646;0.3701657458563536;0.18181818181818182;0.09375;0.0;0.0;0.18012422360248445;0.3146551724137931;0.15873015873015872;0.19333333333333336;0.3125;0.2807017543859649;0.4081632653061224;0.21052631578947367;0.2571428571428572;0.28289473684210525;0.21739130434782608;0.19444444444444442;0.26666666666666666;0.0894308943089431;0.2852664576802508;0.33928571428571425;0.08;0.05263157894736842;0.0;0.21296296296296297;0.263681592039801
0.1495726495726496;0.0;0.0;0.3274336283185841;0.3425414364640884;0.6818181818181819;0.71875;1.0;0.696969696969697;0.3354037267080745;0.7801724137931034;0.12698412698412698;0.22666666666666668;0.625;1.0;0.2857142857142857;0.6842105263157894;0.7333333333333334;0.5263157894736842;0.31521739130434784;0.5833333333333333;0.5666666666666667;0.4634146341463415;0.38244514106583066;0.8571428571428571;0.8;0.7368421052631579;1.0;0.9259259259259258;0.38308457711442784
0.14102564102564105;0.0;0.0;0.30973451327433627;0.580110497237569;0.15151515151515152;0.125;0.07142857142857142;0.0;0.32298136645962733;0.4396551724137931;0.14285714285714285;0.24666666666666667;0.21875;0.14035087719298245;0.6326530612244897;0.22807017543859648;0.20952380952380956;0.3157894736842105;0.43478260869565216;0.38888888888888884;0.18333333333333332;0.06504065040650407;0.4231974921630094;0.23214285714285712;0.12;0.05263157894736842;0.0;0.35185185185185186;0.31094527363184077
0.29914529914529914;1.0;1.0;0.34513274336283184;0.32044198895027626;0.4696969696969697;0.375;0.7142857142857142;0.30303030303030304;0.21118012422360247;0.5775862068965517;0.031746031746031744;0.1;0.28125;0.3157894736842105;0.14285714285714285;0.5263157894736842;0.4857142857142857;0.4013157894736842;0.21739130434782608;0.5;0.4666666666666667;0.23577235772357727;0.2915360501567398;0.6339285714285714;0.32;0.3684210526315789;0.4375;0.4629629629629629;0.31343283582089554
0.10256410256410259;1.0;1.0;0.07079646017699115;0.1270718232044199;0.13636363636363635;0.03125;0.0;0.0;0.10559006211180123;0.15517241379310345;0.0;0.03333333333333333;0.1875;0.14035087719298245;0.061224489795918366;0.12280701754385964;0.10476190476190478;0.09868421052631579;0.10869565217391304;0.08333333333333333;0.06666666666666667;0.0894308943089431;0.10658307210031347;0.13392857142857142;0.04;0.02631578947368421;0.0;0.18518518518518517;0.06716417910447761
0.15384615384615388;0.0;0.0;0.1504424778761062;0.3756906077348066;0.045454545454545456;0.03125;0.0;0.0;0.13664596273291924;0.3017241379310345;0.047619047619047616;0.14;0.09375;0.14035087719298245;0.14285714285714285;0.10526315789473684;0.09523809523809526;0.3157894736842105;0.19565217391304346;0.1388888888888889;0.08333333333333333;0.04878048780487805;0.26332288401253917;0.20535714285714285;0.08;0.02631578947368421;0.0625;0.09259259259259259;0.24129353233830847
0.1837606837606838;0.0;1.0;0.1327433628318584;0.14917127071823205;0.19696969696969696;0.34375;0.21428571428571427;0.09090909090909091;0.12422360248447203;0.3232758620689655;0.015873015873015872;0.07333333333333333;0.25;0.21052631578947367;0.061224489795918366;0.12280701754385964;0.1619047619047619;0.24999999999999997;0.14130434782608695;0.19444444444444442;0.18333333333333332;0.0813008130081301;0.13479623824451412;0.2857142857142857;0.42;0.13157894736842105;0.0;0.2685185185185185;0.15671641791044777
0.33760683760683763;1.0;1.0;0.017699115044247787;0.03867403314917127;0.015151515151515152;0.0;0.0;0.0;0.006211180124223602;0.01293103448275862;0.047619047619047616;0.03333333333333333;0.0625;0.0;0.061224489795918366;0.017543859649122806;0.01904761904761905;0.013157894736842105;0.03260869565217391;0.0;0.0;0.008130081300813009;0.028213166144200625;0.0;0.02;0.0;0.0;0.018518518518518517;0.009950248756218905
0.17094017094017097;1.0;0.0;0.20353982300884954;0.23204419889502764;0.15151515151515152;0.09375;0.14285714285714285;0.0;0.07453416149068323;0.21551724137931033;0.015873015873015872;0.060000000000000005;0.15625;0.22807017543859648;0.08163265306122448;0.14035087719298245;0.20000000000000004;0.125;0.13043478260869565;0.2222222222222222;0.11666666666666667;0.0975609756097561;0.18495297805642633;0.21428571428571427;0.1;0.05263157894736842;0.0625;0.06481481481481481;0.19154228855721392
0.05982905982905983;1.0;0.0;0.11504424778761062;0.1602209944751381;0.09090909090909091;0.0625;0.0;0.0;0.12422360248447203;0.15086206896551724;0.0;0.03333333333333333;0.03125;0.03508771929824561;0.2040816326530612;0.03508771929824561;0.0761904761904762;0.1644736842105263;0.14130434782608695;0.08333333333333333;0.05;0.008130081300813009;0.12852664576802508;0.14285714285714285;0.04;0.05263157894736842;0.0625;0.05555555555555555;0.12189054726368159
0.08974358974358976;1.0;1.0;0.09734513274336283;0.14364640883977903;0.0;0.0;0.0;0.0;0.05590062111801242;0.10775862068965517;0.0;0.03333333333333333;0.0;0.08771929824561403;0.061224489795918366;0.10526315789473684;0.06666666666666668;0.05263157894736842;0.07608695652173914;0.027777777777777776;0.08333333333333333;0.05691056910569106;0.09404388714733541;0.008928571428571428;0.02;0.0;0.0;0.05555555555555555;0.05472636815920398
0.16666666666666669;1.0;1.0;0.23008849557522124;0.18232044198895025;0.2727272727272727;0.1875;0.2857142857142857;0.06060606060606061;0.14285714285714285;0.28448275862068967;0.06349206349206349;0.08;0.09375;0.21052631578947367;0.16326530612244897;0.19298245614035087;0.13333333333333336;0.13157894736842105;0.16304347826086957;0.2777777777777778;0.2;0.1869918699186992;0.15987460815047022;0.24107142857142855;0.26;0.15789473684210525;0.125;0.2685185185185185;0.14427860696517414
0.21367521367521372;1.0;0.0;0.20353982300884954;0.24861878453038677;0.06060606060606061;0.0;0.0;0.0;0.21739130434782608;0.1896551724137931;0.23809523809523808;0.18666666666666668;0.0625;0.2807017543859649;0.4897959183673469;0.08771929824561403;0.18095238095238098;0.1644736842105263;0.25;0.1111111111111111;0.18333333333333332;0.032520325203252036;0.26332288401253917;0.15178571428571427;0.04;0.07894736842105263;0.0625;0.17592592592592593;0.19900497512437812
0.14102564102564105;1.0;1.0;0.061946902654867256;0.12154696132596686;0.12121212121212122;0.0625;0.0;0.030303030303030304;0.08695652173913043;0.17672413793103448;0.06349206349206349;0.07333333333333333;0.0625;0.07017543859649122;0.14285714285714285;0.10526315789473684;0.10476190476190478;0.09210526315789475;0.08695652173913043;0.08333333333333333;0.08333333333333333;0.024390243902439025;0.12225705329153604;0.11607142857142856;0.06;0.15789473684210525;0.0;0.1388888888888889;0.08955223880597014
0.11965811965811968;1.0;1.0;0.008849557522123894;0.011049723756906077;0.030303030303030304;0.125;0.07142857142857142;0.0;0.03105590062111801;0.07758620689655173;0.031746031746031744;0.02666666666666667;0.09375;0.14035087719298245;0.04081632653061224;0.017543859649122806;0.04761904761904762;0.05921052631578947;0.05434782608695652;0.0;0.06666666666666667;0.06504065040650407;0.034482758620689655;0.05357142857142857;0.1;0.07894736842105263;0.125;0.07407407407407407;0.02487562189054726
0.047008547008547015;0.0;0.0;0.2654867256637168;0.23204419889502764;0.19696969696969696;0.15625;0.2857142857142857;0.24242424242424243;0.17391304347826086;0.3189655172413793;0.047619047619047616;0.10666666666666667;0.21875;0.2982456140350877;0.04081632653061224;0.24561403508771928;0.26666666666666666;0.17763157894736842;0.25;0.19444444444444442;0.18333333333333332;0.29268292682926833;0.18808777429467086;0.30357142857142855;0.2;0.42105263157894735;0.25;0.3055555555555555;0.16666666666666666
0.0982905982905983;0.0;1.0;0.3185840707964602;0.2099447513812155;0.10606060606060606;0.0;0.0;0.06060606060606061;0.13664596273291924;0.1896551724137931;0.047619047619047616;0.060000000000000005;0.28125;0.14035087719298245;0.061224489795918366;0.07017543859649122;0.0761904761904762;0.14473684210526316;0.16304347826086957;0.08333333333333333;0.13333333333333333;0.06504065040650407;0.16300940438871475;0.09821428571428571;0.14;0.07894736842105263;0.125;0.12037037037037036;0.1318407960199005
0.15384615384615388;0.0;0.0;0.07079646017699115;0.11602209944751381;0.09090909090909091;0.09375;0.0;0.0;0.03105590062111801;0.15517241379310345;0.015873015873015872;0.06666666666666667;0.03125;0.05263157894736842;0.02040816326530612;0.17543859649122806;0.12380952380952384;0.07236842105263158;0.11956521739130435;0.08333333333333333;0.06666666666666667;0.032520325203252036;0.0909090909090909;0.14285714285714285;0.12;0.02631578947368421;0.0;0.09259259259259259;0.09203980099502487
0.17521367521367523;1.0;0.0;0.1415929203539823;0.2099447513812155;0.06060606060606061;0.09375;0.07142857142857142;0.030303030303030304;0.09316770186335403;0.19827586206896552;0.031746031746031744;0.09333333333333334;0.0625;0.017543859649122806;0.02040816326530612;0.08771929824561403;0.14285714285714288;0.18421052631578946;0.17391304347826086;0.0;0.08333333333333333;0.07317073170731708;0.16927899686520376;0.14285714285714285;0.1;0.05263157894736842;0.0;0.1111111111111111;0.14676616915422885
0.21794871794871798;1.0;0.0;0.30973451327433627;0.3867403314917127;0.33333333333333337;0.15625;0.0;0.030303030303030304;0.39751552795031053;0.375;0.1746031746031746;0.37333333333333335;0.0625;0.2807017543859649;0.2857142857142857;0.19298245614035087;0.26666666666666666;0.3355263157894736;0.40217391304347827;0.08333333333333333;0.31666666666666665;0.1626016260162602;0.35423197492163006;0.5267857142857143;0.16;0.15789473684210525;0.0625;0.16666666666666666;0.39303482587064675
0.05128205128205129;0.0;0.0;0.23008849557522124;0.17679558011049723;0.045454545454545456;0.15625;0.0;0.030303030303030304;0.21118012422360247;0.15948275862068964;0.19047619047619047;0.2;0.03125;0.07017543859649122;0.12244897959183673;0.12280701754385964;0.12380952380952384;0.17763157894736842;0.16304347826086957;0.08333333333333333;0.06666666666666667;0.04065040650406505;0.1724137931034483;0.1607142857142857;0.08;0.05263157894736842;0.0625;0.09259259259259259;0.15671641791044777
0.08974358974358976;1.0;1.0;0.02654867256637168;0.03867403314917127;0.045454545454545456;0.0;0.14285714285714285;0.0;0.018633540372670808;0.07327586206896551;0.0;0.013333333333333334;0.0625;0.05263157894736842;0.0;0.03508771929824561;0.009523809523809525;0.039473684210526314;0.043478260869565216;0.027777777777777776;0.03333333333333333;0.016260162601626018;0.03134796238244514;0.0625;0.04;0.0;0.0;0.037037037037037035;0.02736318407960199
0.22649572649572655;1.0;1.0;0.10619469026548672;0.08287292817679558;0.09090909090909091;0.15625;0.07142857142857142;0.0;0.11801242236024843;0.14224137931034483;0.031746031746031744;0.05333333333333334;0.03125;0.15789473684210525;0.04081632653061224;0.05263157894736842;0.1142857142857143;0.125;0.15217391304347827;0.027777777777777776;0.08333333333333333;0.07317073170731708;0.09717868338557993;0.14285714285714285;0.08;0.10526315789473684;0.0;0.1111111111111111;0.08706467661691542
0.18803418803418806;1.0;0.0;0.061946902654867256;0.09392265193370165;0.06060606060606061;0.0;0.0;0.030303030303030304;0.08695652173913043;0.10344827586206896;0.047619047619047616;0.060000000000000005;0.0;0.0;0.02040816326530612;0.03508771929824561;0.0380952380952381;0.09210526315789475;0.11956521739130435;0.027777777777777776;0.05;0.008130081300813009;0.09717868338557993;0.05357142857142857;0.04;0.07894736842105263;0.0;0.037037037037037035;0.07711442786069651
0.09401709401709404;0.0;0.0;0.1592920353982301;0.13812154696132595;0.045454545454545456;0.1875;0.0;0.0;0.19875776397515527;0.08620689655172414;0.06349206349206349;0.18666666666666668;0.0;0.05263157894736842;0.14285714285714285;0.03508771929824561;0.09523809523809526;0.17105263157894737;0.13043478260869565;0.05555555555555555;0.05;0.0894308943089431;0.12539184952978058;0.14285714285714285;0.1;0.10526315789473684;0.0;0.018518518518518517;0.13681592039800994
0.09401709401709404;0.0;1.0;0.25663716814159293;0.34806629834254144;0.015151515151515152;0.0;0.0;0.0;0.2857142857142857;0.08189655172413793;0.4126984126984127;0.32666666666666666;0.0;0.05263157894736842;0.4081632653061224;0.017543859649122806;0.057142857142857155;0.256578947368421;0.25;0.0;0.016666666666666666;0.13008130081300814;0.25391849529780564;0.05357142857142857;0.0;0.02631578947368421;0.0;0.009259259259259259;0.20398009950248755
0.06837606837606838;0.0;0.0;0.16814159292035397;0.2541436464088398;0.09090909090909091;0.0;0.0;0.0;0.2546583850931677;0.08189655172413793;0.30158730158730157;0.25333333333333335;0.03125;0.07017543859649122;0.18367346938775508;0.05263157894736842;0.1142857142857143;0.20394736842105263;0.358695652173913;0.0;0.016666666666666666;0.008130081300813009;0.21003134796238246;0.13392857142857142;0.04;0.05263157894736842;0.0;0.037037037037037035;0.1890547263681592
0.08974358974358976;0.0;0.0;0.1592920353982301;0.3149171270718232;0.0;0.0;0.0;0.0;0.20496894409937888;0.2801724137931034;0.047619047619047616;0.17333333333333334;0.09375;0.12280701754385964;0.26530612244897955;0.08771929824561403;0.1523809523809524;0.2631578947368421;0.2934782608695652;0.1388888888888889;0.15;0.0813008130081301;0.3072100313479624;0.19642857142857142;0.0;0.02631578947368421;0.0;0.24074074074074073;0.22388059701492538
0.07692307692307693;1.0;0.0;0.16814159292035397;0.2541436464088398;0.4090909090909091;0.34375;0.2857142857142857;0.09090909090909091;0.12422360248447203;0.5431034482758621;0.031746031746031744;0.13333333333333333;0.15625;0.2807017543859649;0.061224489795918366;0.3508771929824561;0.3238095238095238;0.4078947368421052;0.25;0.3611111111111111;0.3833333333333333;0.0975609756097561;0.2727272727272727;0.42857142857142855;0.4;0.21052631578947367;0.0625;0.4074074074074074;0.26616915422885573
0.10683760683760685;0.0;0.0;0.1415929203539823;0.17679558011049723;0.06060606060606061;0.03125;0.0;0.0;0.07453416149068323;0.20689655172413793;0.07936507936507936;0.12666666666666668;0.09375;0.15789473684210525;0.14285714285714285;0.19298245614035087;0.20000000000000004;0.21052631578947367;0.15217391304347827;0.1388888888888889;0.03333333333333333;0.04065040650406505;0.12852664576802508;0.3125;0.12;0.07894736842105263;0.0625;0.08333333333333333;0.17164179104477612
0.12393162393162396;0.0;0.0;0.2831858407079646;0.281767955801105;0.4090909090909091;0.15625;0.21428571428571427;0.15151515151515152;0.3416149068322981;0.30603448275862066;0.19047619047619047;0.26;0.125;0.2982456140350877;0.3877551020408163;0.2631578947368421;0.2571428571428572;0.3421052631578947;0.18478260869565216;0.25;0.11666666666666667;0.21951219512195125;0.2225705329153605;0.5535714285714285;0.36;0.3421052631578947;0.25;0.16666666666666666;0.3208955223880597
0.12393162393162396;1.0;0.0;0.061946902654867256;0.1270718232044199;0.18181818181818182;0.0625;0.0;0.0;0.10559006211180123;0.1896551724137931;0.06349206349206349;0.15333333333333335;0.0625;0.14035087719298245;0.14285714285714285;0.2631578947368421;0.18095238095238098;0.11184210526315788;0.14130434782608695;0.1111111111111111;0.05;0.06504065040650407;0.08463949843260188;0.3571428571428571;0.06;0.05263157894736842;0.1875;0.08333333333333333;0.1417910447761194
0.021367521367521368;0.0;1.0;0.008849557522123894;0.016574585635359115;0.07575757575757576;0.0625;0.07142857142857142;0.030303030303030304;0.012422360248447204;0.06034482758620689;0.015873015873015872;0.02;0.0625;0.017543859649122806;0.04081632653061224;0.03508771929824561;0.0761904761904762;0.07236842105263158;0.021739130434782608;0.05555555555555555;0.1;0.05691056910569106;0.0219435736677116;0.0625;0.16;0.05263157894736842;0.0;0.06481481481481481;0.02736318407960199
0.029914529914529912;0.0;0.0;0.02654867256637168;0.08287292817679558;0.045454545454545456;0.0;0.0;0.0;0.08074534161490683;0.14655172413793102;0.047619047619047616;0.08;0.03125;0.017543859649122806;0.2857142857142857;0.05263157894736842;0.1142857142857143;0.125;0.09782608695652173;0.1388888888888889;0.06666666666666667;0.016260162601626018;0.12225705329153604;0.10714285714285714;0.06;0.02631578947368421;0.0;0.1388888888888889;0.08706467661691542
0.13675213675213677;1.0;0.0;0.34513274336283184;0.2154696132596685;0.3787878787878788;0.5;0.5;0.15151515151515152;0.14906832298136646;0.43103448275862066;0.07936507936507936;0.09333333333333334;0.53125;0.5614035087719298;0.04081632653061224;0.3684210526315789;0.4380952380952381;0.28289473684210525;0.2391304347826087;0.2777777777777778;0.3333333333333333;0.3008130081300813;0.17868338557993732;0.5;0.56;0.5263157894736842;0.125;0.41666666666666663;0.2288557213930348
0.1324786324786325;0.0;0.0;0.6371681415929203;0.6132596685082873;0.2272727272727273;0.1875;0.07142857142857142;0.0;0.44720496894409933;0.48275862068965514;0.15873015873015872;0.4466666666666667;0.375;0.2982456140350877;0.36734693877551017;0.38596491228070173;0.40952380952380957;0.506578947368421;0.6086956521739131;0.16666666666666666;0.16666666666666666;0.1788617886178862;0.4796238244514106;0.5089285714285714;0.28;0.18421052631578946;0.0;0.2037037037037037;0.4925373134328358
0.1452991452991453;1.0;0.0;0.4690265486725664;0.27071823204419887;0.5151515151515151;0.875;0.7142857142857142;0.48484848484848486;0.3043478260869565;0.603448275862069;0.07936507936507936;0.19333333333333336;0.75;0.6666666666666666;0.08163265306122448;0.24561403508771928;0.4;0.381578947368421;0.16304347826086957;0.5833333333333333;0.55;0.4471544715447155;0.2727272727272727;0.6071428571428571;0.88;0.7105263157894737;0.6875;0.4907407407407407;0.35323383084577115
0.3076923076923077;0.0;0.0;0.33628318584070793;0.2928176795580111;0.21212121212121213;0.125;0.0;0.0;0.17391304347826086;0.3103448275862069;0.07936507936507936;0.13333333333333333;0.21875;0.15789473684210525;0.14285714285714285;0.15789473684210525;0.14285714285714288;0.21710526315789472;0.19565217391304346;0.1388888888888889;0.13333333333333333;0.0813008130081301;0.2225705329153605;0.26785714285714285;0.22;0.07894736842105263;0.0;0.12962962962962962;0.23383084577114427
0.15384615384615388;1.0;0.0;0.35398230088495575;0.2044198895027624;0.6060606060606061;0.28125;0.5;0.06060606060606061;0.2857142857142857;0.4956896551724138;0.06349206349206349;0.16666666666666669;0.125;0.24561403508771928;0.18367346938775508;0.2807017543859649;0.21904761904761907;0.4802631578947368;0.16304347826086957;0.38888888888888884;0.45;0.17073170731707318;0.22884012539184953;0.5714285714285714;0.4;0.3421052631578947;0.1875;0.24074074074074073;0.31592039800995025
0.16239316239316243;0.0;0.0;0.1504424778761062;0.2154696132596685;0.21212121212121213;0.0625;0.14285714285714285;0.0;0.14285714285714285;0.25;0.09523809523809523;0.11333333333333334;0.15625;0.21052631578947367;0.3061224489795918;0.14035087719298245;0.20000000000000004;0.14473684210526316;0.18478260869565216;0.1388888888888889;0.11666666666666667;0.032520325203252036;0.15673981191222572;0.2857142857142857;0.1;0.10526315789473684;0.0;0.18518518518518517;0.15671641791044777
0.11111111111111113;0.0;1.0;0.04424778761061947;0.03867403314917127;0.12121212121212122;0.3125;0.21428571428571427;0.18181818181818182;0.09937888198757763;0.1896551724137931;0.015873015873015872;0.03333333333333333;0.09375;0.2982456140350877;0.02040816326530612;0.22807017543859648;0.18095238095238098;0.125;0.021739130434782608;0.19444444444444442;0.13333333333333333;0.10569105691056911;0.07210031347962383;0.16964285714285712;0.18;0.3157894736842105;0.25;0.2037037037037037;0.062189054726368154
0.04273504273504274;1.0;0.0;0.17699115044247787;0.07734806629834254;0.15151515151515152;0.125;0.21428571428571427;0.030303030303030304;0.06832298136645962;0.15517241379310345;0.0;0.02666666666666667;0.0;0.08771929824561403;0.061224489795918366;0.22807017543859648;0.1523809523809524;0.07236842105263158;0.06521739130434782;0.05555555555555555;0.11666666666666667;0.04878048780487805;0.07523510971786833;0.125;0.16;0.10526315789473684;0.0;0.05555555555555555;0.08955223880597014
0.2307692307692308;1.0;1.0;0.21238938053097345;0.3591160220994475;0.07575757575757576;0.0;0.0;0.0;0.2608695652173913;0.22413793103448276;0.12698412698412698;0.22;0.125;0.14035087719298245;0.02040816326530612;0.14035087719298245;0.1523809523809524;0.3355263157894736;0.2934782608695652;0.05555555555555555;0.15;0.1626016260162602;0.28840125391849525;0.27678571428571425;0.0;0.10526315789473684;0.0625;0.08333333333333333;0.2736318407960199
0.11965811965811968;1.0;0.0;0.23008849557522124;0.3314917127071823;0.19696969696969696;0.09375;0.0;0.0;0.2608695652173913;0.33620689655172414;0.06349206349206349;0.23333333333333334;0.21875;0.08771929824561403;0.1020408163265306;0.19298245614035087;0.2571428571428572;0.2697368421052631;0.32608695652173914;0.2222222222222222;0.2;0.0894308943089431;0.27586206896551724;0.375;0.08;0.05263157894736842;0.0625;0.15740740740740738;0.2810945273631841
0.25213675213675213;1.0;1.0;0.39823008849557523;0.6574585635359116;0.8333333333333334;0.25;0.07142857142857142;0.18181818181818182;0.5652173913043478;0.6853448275862069;0.3333333333333333;0.6266666666666667;0.375;0.7543859649122806;0.36734693877551017;0.2982456140350877;0.5428571428571429;0.756578947368421;0.532608695652174;0.3055555555555555;0.4;0.41463414634146345;0.5705329153605015;0.8125;0.66;0.39473684210526316;0.375;0.4074074074074074;0.6417910447761194
0.02564102564102564;0.0;0.0;0.07079646017699115;0.09944751381215469;0.045454545454545456;0.0;0.07142857142857142;0.06060606060606061;0.05590062111801242;0.12068965517241378;0.015873015873015872;0.03333333333333333;0.03125;0.08771929824561403;0.02040816326530612;0.07017543859649122;0.10476190476190478;0.08552631578947367;0.06521739130434782;0.027777777777777776;0.06666666666666667;0.06504065040650407;0.06896551724137931;0.10714285714285714;0.02;0.0;0.0625;0.09259259259259259;0.05223880597014925
0.06837606837606838;1.0;0.0;0.12389380530973451;0.15469613259668508;0.045454545454545456;0.03125;0.07142857142857142;0.06060606060606061;0.12422360248447203;0.23275862068965517;0.047619047619047616;0.02;0.09375;0.08771929824561403;0.1020408163265306;0.12280701754385964;0.1142857142857143;0.14473684210526316;0.07608695652173914;0.25;0.11666666666666667;0.04065040650406505;0.18495297805642633;0.08928571428571427;0.04;0.02631578947368421;0.0;0.05555555555555555;0.1517412935323383
0.13675213675213677;0.0;0.0;0.07079646017699115;0.13259668508287292;0.16666666666666669;0.09375;0.21428571428571427;0.030303030303030304;0.09937888198757763;0.22844827586206895;0.047619047619047616;0.09333333333333334;0.1875;0.12280701754385964;0.22448979591836732;0.14035087719298245;0.20952380952380956;0.10526315789473684;0.11956521739130435;0.19444444444444442;0.21666666666666667;0.0813008130081301;0.1128526645768025;0.24107142857142855;0.08;0.13157894736842105;0.0625;0.23148148148148145;0.0945273631840796
0.029914529914529912;0.0;0.0;0.02654867256637168;0.011049723756906077;0.045454545454545456;0.0;0.0;0.0;0.024844720496894408;0.06034482758620689;0.015873015873015872;0.013333333333333334;0.09375;0.017543859649122806;0.0;0.03508771929824561;0.01904761904761905;0.03289473684210526;0.021739130434782608;0.0;0.03333333333333333;0.032520325203252036;0.006269592476489029;0.14285714285714285;0.0;0.05263157894736842;0.0625;0.07407407407407407;0.01492537313432836
0.15811965811965814;1.0;0.0;0.22123893805309736;0.32044198895027626;0.4696969696969697;0.25;0.21428571428571427;0.06060606060606061;0.20496894409937888;0.5517241379310345;0.047619047619047616;0.16666666666666669;0.375;0.5263157894736842;0.1020408163265306;0.40350877192982454;0.3523809523809524;0.3684210526315789;0.21739130434782608;0.3611111111111111;0.3833333333333333;0.1869918699186992;0.3448275862068965;0.5535714285714285;0.14;0.13157894736842105;0.1875;0.5;0.3009950248756219
0.10256410256410259;1.0;0.0;0.19469026548672566;0.22651933701657456;0.10606060606060606;0.03125;0.14285714285714285;0.0;0.16770186335403725;0.22413793103448276;0.06349206349206349;0.21333333333333335;0.125;0.22807017543859648;0.18367346938775508;0.17543859649122806;0.20952380952380956;0.19736842105263158;0.14130434782608695;0.19444444444444442;0.2;0.0894308943089431;0.19122257053291536;0.20535714285714285;0.18;0.05263157894736842;0.0;0.16666666666666666;0.17661691542288557
0.11111111111111113;1.0;0.0;0.18584070796460178;0.3149171270718232;0.5909090909090909;0.09375;0.07142857142857142;0.0;0.2857142857142857;0.48275862068965514;0.15873015873015872;0.30000000000000004;0.40625;0.5087719298245614;0.16326530612244897;0.2807017543859649;0.4;0.381578947368421;0.3913043478260869;0.16666666666666666;0.35;0.3008130081300813;0.335423197492163;0.5267857142857143;0.32;0.23684210526315788;0.1875;0.4444444444444444;0.3233830845771144
0.029914529914529912;1.0;0.0;0.19469026548672566;0.39779005524861877;0.10606060606060606;0.03125;0.0;0.0;0.3291925465838509;0.29310344827586204;0.19047619047619047;0.3466666666666667;0.1875;0.19298245614035087;0.32653061224489793;0.3157894736842105;0.2380952380952381;0.30263157894736836;0.31521739130434784;0.1388888888888889;0.16666666666666666;0.13008130081300814;0.39811912225705326;0.20535714285714285;0.04;0.23684210526315788;0.0;0.14814814814814814;0.3283582089552239
0.05128205128205129;0.0;0.0;0.1592920353982301;0.3370165745856354;0.10606060606060606;0.0;0.0;0.0;0.27329192546583847;0.23706896551724138;0.14285714285714285;0.2733333333333334;0.0625;0.14035087719298245;0.32653061224489793;0.03508771929824561;0.1619047619047619;0.21710526315789472;0.22826086956521738;0.1111111111111111;0.13333333333333333;0.04065040650406505;0.2789968652037617;0.24107142857142855;0.02;0.05263157894736842;0.0;0.10185185185185185;0.2537313432835821
0.05555555555555556;0.0;0.0;0.11504424778761062;0.287292817679558;0.015151515151515152;0.0;0.0;0.0;0.11801242236024843;0.1724137931034483;0.047619047619047616;0.12666666666666668;0.0625;0.10526315789473684;0.2857142857142857;0.07017543859649122;0.09523809523809526;0.08552631578947367;0.20652173913043478;0.027777777777777776;0.1;0.016260162601626018;0.18808777429467086;0.08928571428571427;0.0;0.0;0.0;0.09259259259259259;0.13930348258706468
0.15384615384615388;1.0;1.0;0.1327433628318584;0.22099447513812154;0.36363636363636365;0.28125;0.3571428571428571;0.12121212121212122;0.17391304347826086;0.40948275862068967;0.07936507936507936;0.10666666666666667;0.25;0.3157894736842105;0.16326530612244897;0.21052631578947367;0.24761904761904766;0.256578947368421;0.15217391304347827;0.4444444444444444;0.36666666666666664;0.2682926829268293;0.219435736677116;0.36607142857142855;0.26;0.3157894736842105;0.0625;0.4629629629629629;0.17412935323383083
0.05982905982905983;0.0;0.0;0.25663716814159293;0.35359116022099446;0.30303030303030304;0.4375;0.3571428571428571;0.30303030303030304;0.23602484472049687;0.5344827586206896;0.09523809523809523;0.1;0.21875;0.38596491228070173;0.24489795918367346;0.2807017543859649;0.2857142857142857;0.36184210526315785;0.19565217391304346;0.5833333333333333;0.5;0.15447154471544716;0.32601880877742945;0.33928571428571425;0.22;0.5;0.375;0.4907407407407407;0.23880597014925375
0.12393162393162396;1.0;0.0;0.07964601769911504;0.0718232044198895;0.13636363636363635;0.03125;0.14285714285714285;0.030303030303030304;0.06832298136645962;0.15086206896551724;0.031746031746031744;0.02;0.03125;0.05263157894736842;0.04081632653061224;0.07017543859649122;0.0761904761904762;0.10526315789473684;0.11956521739130435;0.05555555555555555;0.05;0.04878048780487805;0.08463949843260188;0.15178571428571427;0.06;0.07894736842105263;0.0625;0.07407407407407407;0.08706467661691542
0.06410256410256412;0.0;1.0;0.05309734513274336;0.18784530386740333;0.0;0.0;0.0;0.0;0.09937888198757763;0.09482758620689655;0.047619047619047616;0.12666666666666668;0.0625;0.03508771929824561;0.04081632653061224;0.017543859649122806;0.0761904761904762;0.11842105263157895;0.08695652173913043;0.05555555555555555;0.05;0.04065040650406505;0.12852664576802508;0.05357142857142857;0.0;0.02631578947368421;0.0;0.05555555555555555;0.09203980099502487
0.2008547008547009;1.0;1.0;0.05309734513274336;0.14917127071823205;0.030303030303030304;0.03125;0.0;0.0;0.08695652173913043;0.16379310344827586;0.047619047619047616;0.15333333333333335;0.125;0.19298245614035087;0.1020408163265306;0.15789473684210525;0.13333333333333336;0.11184210526315788;0.14130434782608695;0.19444444444444442;0.15;0.032520325203252036;0.12225705329153604;0.23214285714285712;0.0;0.10526315789473684;0.0;0.16666666666666666;0.10696517412935323
0.07264957264957267;0.0;0.0;0.19469026548672566;0.4475138121546961;0.06060606060606061;0.09375;0.0;0.0;0.2608695652173913;0.15948275862068964;0.25396825396825395;0.30000000000000004;0.0625;0.17543859649122806;0.5918367346938775;0.12280701754385964;0.18095238095238098;0.3421052631578947;0.2934782608695652;0.027777777777777776;0.06666666666666667;0.06504065040650407;0.33228840125391845;0.08035714285714285;0.12;0.02631578947368421;0.0;0.06481481481481481;0.2736318407960199
0.16239316239316243;1.0;0.0;0.2831858407079646;0.4198895027624309;0.3939393939393939;0.46875;0.3571428571428571;0.06060606060606061;0.2546583850931677;0.4482758620689655;0.14285714285714285;0.28;0.1875;0.2807017543859649;0.22448979591836732;0.3157894736842105;0.3904761904761905;0.36184210526315785;0.3695652173913043;0.19444444444444442;0.36666666666666664;0.1788617886178862;0.3134796238244514;0.45535714285714285;0.5;0.3421052631578947;0.125;0.19444444444444442;0.3756218905472637
0.0341880341880342;0.0;1.0;0.017699115044247787;0.027624309392265192;0.015151515151515152;0.03125;0.0;0.0;0.0;0.04741379310344827;0.0;0.0;0.03125;0.03508771929824561;0.0;0.017543859649122806;0.0;0.013157894736842105;0.010869565217391304;0.027777777777777776;0.016666666666666666;0.0;0.028213166144200625;0.008928571428571428;0.0;0.0;0.0;0.037037037037037035;0.004975124378109454
0.08119658119658121;1.0;0.0;0.23893805309734512;0.281767955801105;0.06060606060606061;0.0625;0.0;0.0;0.22981366459627328;0.12068965517241378;0.12698412698412698;0.13333333333333333;0.0;0.15789473684210525;0.2040816326530612;0.15789473684210525;0.18095238095238098;0.21052631578947367;0.19565217391304346;0.16666666666666666;0.1;0.07317073170731708;0.19122257053291536;0.17857142857142855;0.08;0.05263157894736842;0.0625;0.12037037037037036;0.1691542288557214
0.14102564102564105;1.0;1.0;0.08849557522123894;0.1270718232044199;0.15151515151515152;0.0625;0.0;0.0;0.06211180124223602;0.1896551724137931;0.031746031746031744;0.11333333333333334;0.1875;0.15789473684210525;0.14285714285714285;0.14035087719298245;0.1904761904761905;0.09868421052631579;0.13043478260869565;0.1111111111111111;0.13333333333333333;0.05691056910569106;0.07836990595611285;0.26785714285714285;0.22;0.21052631578947367;0.125;0.10185185185185185;0.12686567164179105
0.18803418803418806;1.0;1.0;0.02654867256637168;0.09944751381215469;0.045454545454545456;0.0625;0.0;0.0;0.043478260869565216;0.11637931034482758;0.0;0.02666666666666667;0.0625;0.08771929824561403;0.02040816326530612;0.07017543859649122;0.12380952380952384;0.07236842105263158;0.021739130434782608;0.05555555555555555;0.05;0.032520325203252036;0.07523510971786833;0.08035714285714285;0.08;0.02631578947368421;0.0625;0.12962962962962962;0.0472636815920398
0.09401709401709404;0.0;0.0;0.1504424778761062;0.287292817679558;0.030303030303030304;0.03125;0.0;0.0;0.14285714285714285;0.22413793103448276;0.12698412698412698;0.18000000000000002;0.0;0.07017543859649122;0.14285714285714285;0.14035087719298245;0.1904761904761905;0.256578947368421;0.20652173913043478;0.1388888888888889;0.016666666666666666;0.04878048780487805;0.2445141065830721;0.24107142857142855;0.02;0.07894736842105263;0.0;0.12037037037037036;0.22139303482587064
0.05128205128205129;0.0;0.0;0.017699115044247787;0.049723756906077346;0.045454545454545456;0.0;0.0;0.0;0.037267080745341616;0.030172413793103446;0.015873015873015872;0.02;0.03125;0.03508771929824561;0.12244897959183673;0.017543859649122806;0.01904761904761905;0.019736842105263157;0.021739130434782608;0.05555555555555555;0.03333333333333333;0.0;0.04075235109717868;0.04464285714285714;0.02;0.02631578947368421;0.0625;0.037037037037037035;0.02736318407960199
0.24358974358974364;1.0;1.0;0.07079646017699115;0.11602209944751381;0.09090909090909091;0.0;0.0;0.030303030303030304;0.09937888198757763;0.11206896551724138;0.06349206349206349;0.06666666666666667;0.15625;0.14035087719298245;0.04081632653061224;0.07017543859649122;0.0761904761904762;0.07894736842105263;0.10869565217391304;0.05555555555555555;0.05;0.06504065040650407;0.10031347962382445;0.1607142857142857;0.04;0.05263157894736842;0.0;0.07407407407407407;0.09950248756218906
0.2948717948717949;1.0;0.0;0.20353982300884954;0.26519337016574585;0.2878787878787879;0.25;0.42857142857142855;0.030303030303030304;0.13664596273291924;0.2974137931034483;0.2222222222222222;0.1;0.15625;0.2631578947368421;0.12244897959183673;0.24561403508771928;0.2571428571428572;0.2236842105263158;0.20652173913043478;0.25;0.3;0.1626016260162602;0.2413793103448276;0.25;0.3;0.18421052631578946;0.0625;0.34259259259259256;0.19651741293532338
0.10256410256410259;0.0;0.0;0.07964601769911504;0.10497237569060773;0.13636363636363635;0.0625;0.0;0.0;0.05590062111801242;0.15086206896551724;0.015873015873015872;0.09333333333333334;0.0625;0.15789473684210525;0.0;0.017543859649122806;0.057142857142857155;0.07236842105263158;0.09782608695652173;0.1111111111111111;0.1;0.016260162601626018;0.07836990595611285;0.16964285714285712;0.14;0.13157894736842105;0.0625;0.06481481481481481;0.09950248756218906
0.2094017094017094;0.0;0.0;0.2654867256637168;0.56353591160221;0.030303030303030304;0.0;0.0;0.0;0.23602484472049687;0.30603448275862066;0.20634920634920634;0.17333333333333334;0.21875;0.03508771929824561;0.26530612244897955;0.17543859649122806;0.18095238095238098;0.3223684210526315;0.46739130434782605;0.08333333333333333;0.1;0.032520325203252036;0.41379310344827586;0.21428571428571427;0.02;0.0;0.0;0.14814814814814814;0.3407960199004975
0.2008547008547009;1.0;0.0;0.02654867256637168;0.06077348066298342;0.10606060606060606;0.0625;0.07142857142857142;0.0;0.043478260869565216;0.07327586206896551;0.047619047619047616;0.060000000000000005;0.125;0.05263157894736842;0.1020408163265306;0.07017543859649122;0.12380952380952384;0.046052631578947366;0.08695652173913043;0.05555555555555555;0.06666666666666667;0.04065040650406505;0.04702194357366771;0.15178571428571427;0.04;0.02631578947368421;0.0625;0.05555555555555555;0.05970149253731344
0.17094017094017097;1.0;0.0;0.20353982300884954;0.3149171270718232;0.24242424242424243;0.0;0.07142857142857142;0.0;0.16770186335403725;0.21982758620689655;0.2222222222222222;0.22;0.125;0.15789473684210525;0.22448979591836732;0.24561403508771928;0.20000000000000004;0.29605263157894735;0.32608695652173914;0.19444444444444442;0.08333333333333333;0.13008130081300814;0.2476489028213166;0.26785714285714285;0.16;0.07894736842105263;0.0;0.14814814814814814;0.24129353233830847
0.32051282051282054;1.0;0.0;0.24778761061946902;0.4088397790055249;0.2878787878787879;0.21875;0.07142857142857142;0.0;0.27329192546583847;0.3146551724137931;0.15873015873015872;0.19333333333333336;0.25;0.2807017543859649;0.1020408163265306;0.19298245614035087;0.380952380952381;0.28947368421052627;0.40217391304347827;0.08333333333333333;0.18333333333333332;0.21951219512195125;0.35423197492163006;0.3571428571428571;0.3;0.15789473684210525;0.125;0.3333333333333333;0.31840796019900497
0.04273504273504274;0.0;0.0;0.09734513274336283;0.26519337016574585;0.07575757575757576;0.03125;0.0;0.0;0.08695652173913043;0.17672413793103448;0.07936507936507936;0.12000000000000001;0.15625;0.08771929824561403;0.02040816326530612;0.10526315789473684;0.18095238095238098;0.19736842105263158;0.17391304347826086;0.08333333333333333;0.1;0.04878048780487805;0.20689655172413793;0.13392857142857142;0.0;0.02631578947368421;0.0;0.12037037037037036;0.15920398009950248
0.06837606837606838;0.0;0.0;0.1415929203539823;0.14364640883977903;0.06060606060606061;0.03125;0.0;0.0;0.14285714285714285;0.07327586206896551;0.1111111111111111;0.10666666666666667;0.0625;0.03508771929824561;0.2040816326530612;0.03508771929824561;0.0761904761904762;0.13157894736842105;0.16304347826086957;0.0;0.016666666666666666;0.0;0.1128526645768025;0.10714285714285714;0.1;0.05263157894736842;0.0;0.009259259259259259;0.11940298507462688
0.08119658119658121;1.0;0.0;0.1415929203539823;0.2430939226519337;0.25757575757575757;0.15625;0.0;0.09090909090909091;0.14285714285714285;0.23706896551724138;0.19047619047619047;0.18666666666666668;0.125;0.24561403508771928;0.08163265306122448;0.2631578947368421;0.2761904761904762;0.21052631578947367;0.22826086956521738;0.05555555555555555;0.26666666666666666;0.17073170731707318;0.20689655172413793;0.33928571428571425;0.18;0.18421052631578946;0.0625;0.2685185185185185;0.19900497512437812
0.22222222222222224;1.0;1.0;0.07964601769911504;0.09944751381215469;0.06060606060606061;0.0;0.0;0.0;0.05590062111801242;0.08189655172413793;0.031746031746031744;0.07333333333333333;0.03125;0.08771929824561403;0.04081632653061224;0.10526315789473684;0.1142857142857143;0.07894736842105263;0.08695652173913043;0.0;0.08333333333333333;0.0975609756097561;0.07523510971786833;0.09821428571428571;0.04;0.0;0.0625;0.07407407407407407;0.062189054726368154
0.32905982905982906;1.0;0.0;0.4070796460176991;0.36464088397790057;0.30303030303030304;0.28125;0.14285714285714285;0.030303030303030304;0.2608695652173913;0.41379310344827586;0.14285714285714285;0.2066666666666667;0.5;0.49122807017543857;0.16326530612244897;0.38596491228070173;0.4285714285714286;0.3157894736842105;0.31521739130434784;0.1388888888888889;0.3333333333333333;0.2682926829268293;0.4075235109717868;0.27678571428571425;0.38;0.21052631578947367;0.0625;0.2685185185185185;0.3656716417910448
0.1452991452991453;1.0;1.0;0.05309734513274336;0.11049723756906077;0.13636363636363635;0.09375;0.0;0.0;0.06832298136645962;0.14655172413793102;0.06349206349206349;0.05333333333333334;0.1875;0.12280701754385964;0.04081632653061224;0.12280701754385964;0.13333333333333336;0.11842105263157895;0.10869565217391304;0.16666666666666666;0.06666666666666667;0.0975609756097561;0.14106583072100315;0.10714285714285714;0.08;0.13157894736842105;0.0;0.16666666666666666;0.09701492537313433
0.11538461538461539;1.0;1.0;0.1504424778761062;0.2154696132596685;0.3181818181818182;0.09375;0.0;0.12121212121212122;0.13664596273291924;0.27155172413793105;0.047619047619047616;0.14666666666666667;0.375;0.38596491228070173;0.061224489795918366;0.15789473684210525;0.24761904761904766;0.21710526315789472;0.31521739130434784;0.2222222222222222;0.35;0.21138211382113822;0.23824451410658307;0.24107142857142855;0.28;0.15789473684210525;0.125;0.21296296296296297;0.22388059701492538
0.2863247863247863;1.0;1.0;0.16814159292035397;0.23204419889502764;0.06060606060606061;0.15625;0.0;0.0;0.16770186335403725;0.14224137931034483;0.19047619047619047;0.15333333333333335;0.15625;0.17543859649122806;0.2040816326530612;0.10526315789473684;0.21904761904761907;0.15789473684210525;0.25;0.0;0.08333333333333333;0.05691056910569106;0.2225705329153605;0.13392857142857142;0.14;0.15789473684210525;0.0;0.10185185185185185;0.19402985074626866
0.2307692307692308;0.0;0.0;0.2831858407079646;0.30939226519337015;0.15151515151515152;0.09375;0.0;0.0;0.21739130434782608;0.1939655172413793;0.15873015873015872;0.16;0.0625;0.07017543859649122;0.22448979591836732;0.10526315789473684;0.14285714285714288;0.28947368421052627;0.22826086956521738;0.08333333333333333;0.21666666666666667;0.05691056910569106;0.3228840125391849;0.05357142857142857;0.1;0.10526315789473684;0.125;0.08333333333333333;0.2512437810945274
0.1495726495726496;1.0;1.0;0.07964601769911504;0.13812154696132595;0.21212121212121213;0.1875;0.21428571428571427;0.09090909090909091;0.10559006211180123;0.2543103448275862;0.047619047619047616;0.14;0.25;0.24561403508771928;0.061224489795918366;0.24561403508771928;0.26666666666666666;0.28947368421052627;0.15217391304347827;0.3055555555555555;0.2833333333333333;0.17073170731707318;0.17868338557993732;0.24107142857142855;0.22;0.3157894736842105;0.0625;0.17592592592592593;0.1791044776119403
0.15811965811965814;0.0;0.0;0.3274336283185841;0.43646408839779005;0.09090909090909091;0.0;0.0;0.0;0.3913043478260869;0.19827586206896552;0.3968253968253968;0.3066666666666667;0.25;0.17543859649122806;0.3877551020408163;0.15789473684210525;0.21904761904761907;0.4671052631578947;0.4782608695652174;0.16666666666666666;0.08333333333333333;0.0813008130081301;0.41692789968652033;0.14285714285714285;0.0;0.13157894736842105;0.0;0.12037037037037036;0.3283582089552239
0.15811965811965814;1.0;1.0;0.1504424778761062;0.13259668508287292;0.21212121212121213;0.125;0.0;0.0;0.10559006211180123;0.13793103448275862;0.07936507936507936;0.060000000000000005;0.0625;0.08771929824561403;0.08163265306122448;0.08771929824561403;0.13333333333333336;0.19078947368421054;0.16304347826086957;0.027777777777777776;0.13333333333333333;0.13821138211382114;0.12852664576802508;0.16964285714285712;0.22;0.05263157894736842;0.0;0.08333333333333333;0.14427860696517414
0.13675213675213677;1.0;0.0;0.1327433628318584;0.32044198895027626;0.10606060606060606;0.0;0.0;0.0;0.21118012422360247;0.1896551724137931;0.1746031746031746;0.2066666666666667;0.1875;0.12280701754385964;0.14285714285714285;0.19298245614035087;0.17142857142857146;0.28289473684210525;0.30434782608695654;0.1111111111111111;0.15;0.024390243902439025;0.2915360501567398;0.09821428571428571;0.04;0.02631578947368421;0.0;0.14814814814814814;0.21393034825870647
0.16239316239316243;0.0;0.0;0.061946902654867256;0.22099447513812154;0.045454545454545456;0.0;0.0;0.030303030303030304;0.14906832298136646;0.10775862068965517;0.15873015873015872;0.12000000000000001;0.0625;0.08771929824561403;0.1020408163265306;0.15789473684210525;0.10476190476190478;0.15789473684210525;0.17391304347826086;0.05555555555555555;0.05;0.04065040650406505;0.1724137931034483;0.07142857142857142;0.02;0.05263157894736842;0.0;0.1111111111111111;0.11940298507462688
0.2307692307692308;1.0;0.0;0.061946902654867256;0.1270718232044199;0.09090909090909091;0.0625;0.0;0.0;0.08074534161490683;0.125;0.031746031746031744;0.09333333333333334;0.09375;0.21052631578947367;0.04081632653061224;0.14035087719298245;0.14285714285714288;0.09210526315789475;0.06521739130434782;0.1388888888888889;0.05;0.016260162601626018;0.12225705329153604;0.17857142857142855;0.06;0.07894736842105263;0.0625;0.14814814814814814;0.1044776119402985
0.1837606837606838;1.0;1.0;0.2831858407079646;0.3370165745856354;0.24242424242424243;0.09375;0.0;0.12121212121212122;0.16149068322981366;0.3275862068965517;0.14285714285714285;0.16666666666666669;0.5625;0.24561403508771928;0.1020408163265306;0.3333333333333333;0.380952380952381;0.34868421052631576;0.2934782608695652;0.1388888888888889;0.3833333333333333;0.21138211382113822;0.329153605015674;0.36607142857142855;0.1;0.15789473684210525;0.125;0.2222222222222222;0.30597014925373134
0.0982905982905983;1.0;0.0;0.1327433628318584;0.22651933701657456;0.13636363636363635;0.09375;0.07142857142857142;0.0;0.17391304347826086;0.23706896551724138;0.20634920634920634;0.24000000000000002;0.21875;0.12280701754385964;0.16326530612244897;0.17543859649122806;0.26666666666666666;0.19078947368421054;0.31521739130434784;0.08333333333333333;0.15;0.13008130081300814;0.2507836990595611;0.24107142857142855;0.06;0.15789473684210525;0.125;0.1111111111111111;0.23383084577114427
0.1324786324786325;0.0;0.0;0.22123893805309736;0.2928176795580111;0.12121212121212122;0.03125;0.0;0.0;0.16770186335403725;0.21551724137931033;0.15873015873015872;0.15333333333333335;0.125;0.17543859649122806;0.2040816326530612;0.15789473684210525;0.21904761904761907;0.2631578947368421;0.2391304347826087;0.1111111111111111;0.2;0.024390243902439025;0.28840125391849525;0.19642857142857142;0.1;0.02631578947368421;0.0;0.17592592592592593;0.23880597014925375
0.17094017094017097;0.0;0.0;0.24778761061946902;0.2596685082872928;0.4090909090909091;0.25;0.2857142857142857;0.2727272727272727;0.18633540372670807;0.3318965517241379;0.20634920634920634;0.18000000000000002;0.4375;0.40350877192982454;0.08163265306122448;0.2982456140350877;0.3047619047619048;0.30263157894736836;0.2717391304347826;0.19444444444444442;0.25;0.3252032520325204;0.2476489028213166;0.4107142857142857;0.46;0.5;0.4375;0.18518518518518517;0.30845771144278605
0.27350427350427353;1.0;1.0;0.16814159292035397;0.1270718232044199;0.36363636363636365;0.40625;0.21428571428571427;0.4545454545454546;0.17391304347826086;0.3017241379310345;0.047619047619047616;0.16666666666666669;0.625;0.5789473684210527;0.0;0.3157894736842105;0.2761904761904762;0.2763157894736842;0.18478260869565216;0.19444444444444442;0.18333333333333332;0.3170731707317074;0.20376175548589343;0.4464285714285714;0.3;0.5526315789473684;0.5;0.31481481481481477;0.2288557213930348
0.19230769230769235;1.0;0.0;0.3274336283185841;0.3701657458563536;0.3484848484848485;0.5;0.2857142857142857;0.18181818181818182;0.2795031055900621;0.5086206896551724;0.12698412698412698;0.36000000000000004;0.6875;0.5438596491228069;0.2040816326530612;0.2982456140350877;0.4380952380952381;0.42763157894736836;0.2934782608695652;0.1388888888888889;0.43333333333333335;0.3008130081300813;0.3667711598746081;0.5535714285714285;0.46;0.47368421052631576;0.4375;0.28703703703703703;0.4154228855721393
0.05982905982905983;0.0;0.0;0.1592920353982301;0.18232044198895025;0.15151515151515152;0.15625;0.0;0.0;0.08695652173913043;0.14224137931034483;0.07936507936507936;0.08666666666666667;0.0625;0.12280701754385964;0.061224489795918366;0.08771929824561403;0.14285714285714288;0.07894736842105263;0.25;0.05555555555555555;0.1;0.024390243902439025;0.15673981191222572;0.13392857142857142;0.1;0.15789473684210525;0.0;0.12037037037037036;0.1318407960199005
0.14102564102564105;1.0;1.0;0.1504424778761062;0.11602209944751381;0.25757575757575757;0.5;0.6428571428571428;0.18181818181818182;0.14906832298136646;0.25;0.09523809523809523;0.12000000000000001;0.5;0.5263157894736842;0.08163265306122448;0.21052631578947367;0.2857142857142857;0.1644736842105263;0.20652173913043478;0.25;0.36666666666666664;0.2601626016260163;0.14420062695924765;0.33928571428571425;0.46;0.4473684210526315;0.4375;0.2222222222222222;0.19651741293532338
0.1495726495726496;1.0;0.0;0.23008849557522124;0.18784530386740333;0.10606060606060606;0.03125;0.0;0.0;0.09316770186335403;0.2672413793103448;0.06349206349206349;0.10666666666666667;0.15625;0.15789473684210525;0.1020408163265306;0.14035087719298245;0.12380952380952384;0.24999999999999997;0.11956521739130435;0.16666666666666666;0.1;0.024390243902439025;0.2006269592476489;0.20535714285714285;0.04;0.13157894736842105;0.0;0.28703703703703703;0.13432835820895522
0.07692307692307693;1.0;0.0;0.20353982300884954;0.23204419889502764;0.2878787878787879;0.0625;0.0;0.0;0.14906832298136646;0.3448275862068966;0.0;0.08;0.15625;0.15789473684210525;0.1020408163265306;0.38596491228070173;0.2761904761904762;0.14473684210526316;0.22826086956521738;0.2222222222222222;0.11666666666666667;0.07317073170731708;0.22570532915360503;0.30357142857142855;0.1;0.13157894736842105;0.0;0.1111111111111111;0.236318407960199
0.0854700854700855;0.0;0.0;0.10619469026548672;0.4530386740331492;0.12121212121212122;0.0625;0.0;0.0;0.2795031055900621;0.23706896551724138;0.09523809523809523;0.16666666666666669;0.15625;0.19298245614035087;0.3877551020408163;0.21052631578947367;0.1619047619047619;0.19736842105263158;0.2934782608695652;0.1388888888888889;0.2;0.04878048780487805;0.28840125391849525;0.1607142857142857;0.14;0.02631578947368421;0.0;0.28703703703703703;0.20398009950248755
0.11111111111111113;1.0;1.0;0.008849557522123894;0.0055248618784530384;0.045454545454545456;0.0625;0.0;0.0;0.018633540372670808;0.034482758620689655;0.0;0.02666666666666667;0.03125;0.05263157894736842;0.0;0.017543859649122806;0.0;0.02631578947368421;0.010869565217391304;0.0;0.05;0.032520325203252036;0.006269592476489029;0.05357142857142857;0.06;0.07894736842105263;0.0;0.06481481481481481;0.0
0.13675213675213677;0.0;0.0;0.2654867256637168;0.23204419889502764;0.24242424242424243;0.0625;0.14285714285714285;0.0;0.15527950310559005;0.16810344827586207;0.015873015873015872;0.14666666666666667;0.0625;0.15789473684210525;0.26530612244897955;0.14035087719298245;0.13333333333333336;0.2631578947368421;0.18478260869565216;0.2222222222222222;0.16666666666666666;0.024390243902439025;0.18808777429467086;0.27678571428571425;0.12;0.10526315789473684;0.0;0.12962962962962962;0.19651741293532338
0.10256410256410259;1.0;0.0;0.2831858407079646;0.1602209944751381;0.2878787878787879;0.25;0.21428571428571427;0.06060606060606061;0.13043478260869565;0.33620689655172414;0.031746031746031744;0.12000000000000001;0.15625;0.42105263157894735;0.02040816326530612;0.3684210526315789;0.3333333333333333;0.20394736842105263;0.14130434782608695;0.3611111111111111;0.3833333333333333;0.10569105691056911;0.13793103448275862;0.4375;0.26;0.3157894736842105;0.0;0.3055555555555555;0.17164179104477612
0.25213675213675213;1.0;0.0;0.1504424778761062;0.16574585635359118;0.15151515151515152;0.0625;0.07142857142857142;0.0;0.13664596273291924;0.25;0.047619047619047616;0.14;0.0625;0.15789473684210525;0.18367346938775508;0.12280701754385964;0.20952380952380956;0.28289473684210525;0.18478260869565216;0.3333333333333333;0.1;0.04065040650406505;0.1755485893416928;0.29464285714285715;0.08;0.18421052631578946;0.0;0.18518518518518517;0.17164179104477612
0.07264957264957267;1.0;0.0;0.23008849557522124;0.2099447513812155;0.13636363636363635;0.0625;0.0;0.06060606060606061;0.17391304347826086;0.2672413793103448;0.015873015873015872;0.060000000000000005;0.03125;0.10526315789473684;0.1020408163265306;0.12280701754385964;0.08571428571428572;0.1644736842105263;0.18478260869565216;0.1111111111111111;0.11666666666666667;0.016260162601626018;0.18495297805642633;0.16964285714285712;0.1;0.13157894736842105;0.0625;0.07407407407407407;0.17661691542288557
0.10256410256410259;1.0;0.0;0.20353982300884954;0.32044198895027626;0.13636363636363635;0.03125;0.0;0.030303030303030304;0.21118012422360247;0.33620689655172414;0.015873015873015872;0.08666666666666667;0.0625;0.12280701754385964;0.08163265306122448;0.22807017543859648;0.1904761904761905;0.23684210526315788;0.22826086956521738;0.19444444444444442;0.1;0.032520325203252036;0.2695924764890282;0.15178571428571427;0.12;0.10526315789473684;0.0625;0.08333333333333333;0.23880597014925375
0.14102564102564105;1.0;0.0;0.2920353982300885;0.30939226519337015;0.24242424242424243;0.1875;0.07142857142857142;0.0;0.19875776397515527;0.3706896551724138;0.015873015873015872;0.12000000000000001;0.1875;0.14035087719298245;0.14285714285714285;0.21052631578947367;0.2571428571428572;0.3421052631578947;0.22826086956521738;0.25;0.25;0.07317073170731708;0.23197492163009403;0.3482142857142857;0.22;0.18421052631578946;0.0625;0.25925925925925924;0.2288557213930348
0.11111111111111113;1.0;0.0;0.23893805309734512;0.34806629834254144;0.15151515151515152;0.125;0.0;0.0;0.13664596273291924;0.40086206896551724;0.12698412698412698;0.21333333333333335;0.125;0.14035087719298245;0.18367346938775508;0.19298245614035087;0.4571428571428572;0.28947368421052627;0.20652173913043478;0.25;0.21666666666666667;0.04878048780487805;0.2915360501567398;0.40178571428571425;0.1;0.10526315789473684;0.0;0.25925925925925924;0.27611940298507465
0.07264957264957267;1.0;0.0;0.2654867256637168;0.18784530386740333;0.2272727272727273;0.125;0.07142857142857142;0.030303030303030304;0.10559006211180123;0.2974137931034483;0.06349206349206349;0.16;0.0625;0.21052631578947367;0.18367346938775508;0.15789473684210525;0.13333333333333336;0.28947368421052627;0.2608695652173913;0.1111111111111111;0.3333333333333333;0.11382113821138212;0.18495297805642633;0.33928571428571425;0.1;0.07894736842105263;0.0;0.08333333333333333;0.22139303482587064
0.10683760683760685;1.0;0.0;0.24778761061946902;0.18784530386740333;0.16666666666666669;0.1875;0.0;0.0;0.16770186335403725;0.2974137931034483;0.047619047619047616;0.14;0.0625;0.15789473684210525;0.04081632653061224;0.19298245614035087;0.2761904761904762;0.18421052631578946;0.07608695652173914;0.2222222222222222;0.1;0.04065040650406505;0.22570532915360503;0.125;0.08;0.07894736842105263;0.0;0.1388888888888889;0.17661691542288557
0.10683760683760685;1.0;0.0;0.10619469026548672;0.35359116022099446;0.13636363636363635;0.0625;0.0;0.0;0.21118012422360247;0.24568965517241378;0.06349206349206349;0.14;0.09375;0.14035087719298245;0.22448979591836732;0.07017543859649122;0.14285714285714288;0.24342105263157895;0.17391304347826086;0.08333333333333333;0.1;0.05691056910569106;0.2225705329153605;0.26785714285714285;0.0;0.02631578947368421;0.0;0.12962962962962962;0.2064676616915423
0.0;0.0;0.0;0.0;0.03867403314917127;0.030303030303030304;0.03125;0.0;0.0;0.05590062111801242;0.03879310344827586;0.047619047619047616;0.02666666666666667;0.03125;0.07017543859649122;0.02040816326530612;0.07017543859649122;0.04761904761904762;0.013157894736842105;0.043478260869565216;0.0;0.0;0.04065040650406505;0.025078369905956112;0.04464285714285714;0.04;0.0;0.0625;0.027777777777777776;0.01990049751243781
0.06410256410256412;0.0;0.0;0.1504424778761062;0.2154696132596685;0.045454545454545456;0.03125;0.0;0.030303030303030304;0.24844720496894407;0.11206896551724138;0.12698412698412698;0.2;0.0625;0.03508771929824561;0.3061224489795918;0.017543859649122806;0.06666666666666668;0.21052631578947367;0.21739130434782608;0.08333333333333333;0.016666666666666666;0.024390243902439025;0.16300940438871475;0.11607142857142856;0.08;0.0;0.0625;0.037037037037037035;0.1517412935323383
0.17948717948717952;1.0;0.0;0.2743362831858407;0.2541436464088398;0.33333333333333337;0.375;0.14285714285714285;0.12121212121212122;0.21118012422360247;0.4568965517241379;0.06349206349206349;0.12666666666666668;0.1875;0.3333333333333333;0.04081632653061224;0.22807017543859648;0.21904761904761907;0.30263157894736836;0.19565217391304346;0.2777777777777778;0.3833333333333333;0.24390243902439027;0.16614420062695925;0.5267857142857143;0.54;0.18421052631578946;0.125;0.3055555555555555;0.2537313432835821
0.2777777777777778;0.0;1.0;0.36283185840707965;0.4419889502762431;0.2878787878787879;0.4375;0.3571428571428571;0.09090909090909091;0.18633540372670807;0.38362068965517243;0.06349206349206349;0.18666666666666668;0.09375;0.24561403508771928;0.16326530612244897;0.24561403508771928;0.3142857142857143;0.3881578947368421;0.2826086956521739;0.16666666666666666;0.16666666666666666;0.0813008130081301;0.29780564263322884;0.3482142857142857;0.5;0.2631578947368421;0.125;0.25925925925925924;0.31592039800995025
0.19230769230769235;1.0;0.0;0.24778761061946902;0.3591160220994475;0.12121212121212122;0.0;0.0;0.0;0.11180124223602483;0.3017241379310345;0.047619047619047616;0.11333333333333334;0.0625;0.12280701754385964;0.061224489795918366;0.19298245614035087;0.2285714285714286;0.24999999999999997;0.18478260869565216;0.19444444444444442;0.1;0.05691056910569106;0.23510971786833856;0.21428571428571427;0.08;0.10526315789473684;0.0;0.07407407407407407;0.2263681592039801
0.09401709401709404;0.0;0.0;0.2831858407079646;0.24861878453038677;0.045454545454545456;0.03125;0.0;0.030303030303030304;0.13043478260869565;0.14655172413793102;0.09523809523809523;0.18000000000000002;0.03125;0.10526315789473684;0.14285714285714285;0.07017543859649122;0.14285714285714288;0.17105263157894737;0.18478260869565216;0.027777777777777776;0.06666666666666667;0.008130081300813009;0.16614420062695925;0.21428571428571427;0.04;0.02631578947368421;0.0;0.12962962962962962;0.1517412935323383
0.11965811965811968;1.0;1.0;0.1327433628318584;0.13812154696132595;0.2272727272727273;0.0625;0.14285714285714285;0.09090909090909091;0.03105590062111801;0.22844827586206895;0.047619047619047616;0.04;0.1875;0.17543859649122806;0.02040816326530612;0.17543859649122806;0.17142857142857146;0.13815789473684212;0.08695652173913043;0.2222222222222222;0.08333333333333333;0.07317073170731708;0.10658307210031347;0.19642857142857142;0.26;0.23684210526315788;0.0;0.2037037037037037;0.10696517412935323
0.32051282051282054;1.0;1.0;0.2654867256637168;0.26519337016574585;0.2878787878787879;0.25;0.21428571428571427;0.12121212121212122;0.13664596273291924;0.3017241379310345;0.09523809523809523;0.17333333333333334;0.25;0.2631578947368421;0.14285714285714285;0.22807017543859648;0.2380952380952381;0.23026315789473684;0.2391304347826087;0.25;0.31666666666666665;0.2520325203252033;0.19122257053291536;0.33928571428571425;0.54;0.2631578947368421;0.1875;0.15740740740740738;0.26119402985074625
0.17948717948717952;1.0;1.0;0.22123893805309736;0.27071823204419887;0.18181818181818182;0.3125;0.07142857142857142;0.06060606060606061;0.08695652173913043;0.3706896551724138;0.031746031746031744;0.05333333333333334;0.3125;0.24561403508771928;0.1020408163265306;0.2807017543859649;0.34285714285714286;0.23026315789473684;0.16304347826086957;0.1388888888888889;0.3;0.15447154471544716;0.19122257053291536;0.39285714285714285;0.06;0.18421052631578946;0.125;0.2962962962962963;0.1791044776119403
0.06410256410256412;0.0;1.0;0.07079646017699115;0.0718232044198895;0.06060606060606061;0.03125;0.07142857142857142;0.06060606060606061;0.0;0.11637931034482758;0.015873015873015872;0.013333333333333334;0.09375;0.10526315789473684;0.0;0.17543859649122806;0.12380952380952384;0.09210526315789475;0.043478260869565216;0.1388888888888889;0.03333333333333333;0.008130081300813009;0.050156739811912224;0.11607142857142856;0.04;0.13157894736842105;0.125;0.10185185185185185;0.03980099502487562
0.06410256410256412;0.0;1.0;0.07964601769911504;0.09392265193370165;0.09090909090909091;0.0625;0.0;0.0;0.05590062111801242;0.12931034482758622;0.0;0.013333333333333334;0.09375;0.14035087719298245;0.02040816326530612;0.2982456140350877;0.14285714285714288;0.10526315789473684;0.03260869565217391;0.0;0.15;0.008130081300813009;0.0909090909090909;0.08035714285714285;0.08;0.05263157894736842;0.0625;0.12037037037037036;0.062189054726368154
0.05128205128205129;0.0;0.0;0.1592920353982301;0.4088397790055249;0.06060606060606061;0.0;0.0;0.0;0.2919254658385093;0.10775862068965517;0.25396825396825395;0.2733333333333334;0.0625;0.05263157894736842;0.5918367346938775;0.05263157894736842;0.0380952380952381;0.42105263157894735;0.25;0.1388888888888889;0.0;0.024390243902439025;0.3197492163009404;0.08928571428571427;0.04;0.05263157894736842;0.0;0.1111111111111111;0.24378109452736318
0.24358974358974364;1.0;0.0;0.25663716814159293;0.23756906077348067;0.12121212121212122;0.125;0.07142857142857142;0.0;0.11801242236024843;0.40086206896551724;0.047619047619047616;0.08666666666666667;0.21875;0.14035087719298245;0.061224489795918366;0.2807017543859649;0.21904761904761907;0.4013157894736842;0.18478260869565216;0.2777777777777778;0.21666666666666667;0.11382113821138212;0.23824451410658307;0.33035714285714285;0.1;0.10526315789473684;0.0625;0.25;0.21641791044776118
0.06837606837606838;1.0;0.0;0.09734513274336283;0.11049723756906077;0.15151515151515152;0.03125;0.0;0.0;0.06832298136645962;0.14224137931034483;0.031746031746031744;0.11333333333333334;0.03125;0.03508771929824561;0.12244897959183673;0.10526315789473684;0.10476190476190478;0.05263157894736842;0.14130434782608695;0.1388888888888889;0.06666666666666667;0.032520325203252036;0.07523510971786833;0.21428571428571427;0.08;0.0;0.0;0.046296296296296294;0.10696517412935323
0.06410256410256412;1.0;0.0;0.04424778761061947;0.14917127071823205;0.09090909090909091;0.0;0.0;0.0;0.13043478260869565;0.1724137931034483;0.031746031746031744;0.07333333333333333;0.0625;0.05263157894736842;0.24489795918367346;0.07017543859649122;0.13333333333333336;0.14473684210526316;0.11956521739130435;0.1388888888888889;0.05;0.04065040650406505;0.11912225705329153;0.15178571428571427;0.04;0.05263157894736842;0.0;0.25925925925925924;0.062189054726368154
0.04273504273504274;0.0;1.0;0.0;0.049723756906077346;0.19696969696969696;0.0625;0.07142857142857142;0.09090909090909091;0.043478260869565216;0.15517241379310345;0.0;0.013333333333333334;0.0625;0.05263157894736842;0.02040816326530612;0.08771929824561403;0.1142857142857143;0.05263157894736842;0.043478260869565216;0.19444444444444442;0.016666666666666666;0.05691056910569106;0.05642633228840125;0.1875;0.08;0.02631578947368421;0.0;0.21296296296296297;0.03980099502487562
0.17094017094017097;1.0;1.0;0.17699115044247787;0.27624309392265195;0.2727272727272727;0.1875;0.21428571428571427;0.030303030303030304;0.18012422360248445;0.2974137931034483;0.09523809523809523;0.15333333333333335;0.15625;0.15789473684210525;0.1020408163265306;0.3333333333333333;0.2571428571428572;0.21052631578947367;0.15217391304347827;0.3333333333333333;0.2;0.1869918699186992;0.18495297805642633;0.29464285714285715;0.36;0.10526315789473684;0.0625;0.15740740740740738;0.22139303482587064
0.11111111111111113;1.0;0.0;0.1327433628318584;0.3149171270718232;0.030303030303030304;0.0;0.0;0.0;0.14285714285714285;0.19827586206896552;0.06349206349206349;0.17333333333333334;0.03125;0.10526315789473684;0.12244897959183673;0.07017543859649122;0.18095238095238098;0.24342105263157895;0.21739130434782608;0.1111111111111111;0.2;0.016260162601626018;0.26018808777429464;0.09821428571428571;0.02;0.13157894736842105;0.0;0.09259259259259259;0.20149253731343283
0.15384615384615388;1.0;0.0;0.21238938053097345;0.32044198895027626;0.19696969696969696;0.09375;0.07142857142857142;0.030303030303030304;0.13043478260869565;0.3189655172413793;0.031746031746031744;0.23333333333333334;0.125;0.14035087719298245;0.1020408163265306;0.21052631578947367;0.20952380952380956;0.3157894736842105;0.2391304347826087;0.19444444444444442;0.16666666666666666;0.11382113821138212;0.26645768025078365;0.26785714285714285;0.16;0.23684210526315788;0.0;0.31481481481481477;0.21144278606965175
0.10256410256410259;0.0;0.0;0.12389380530973451;0.24861878453038677;0.13636363636363635;0.0625;0.0;0.0;0.09316770186335403;0.2672413793103448;0.047619047619047616;0.14;0.21875;0.10526315789473684;0.1020408163265306;0.21052631578947367;0.12380952380952384;0.2631578947368421;0.20652173913043478;0.08333333333333333;0.16666666666666666;0.024390243902439025;0.21003134796238246;0.2232142857142857;0.1;0.07894736842105263;0.0;0.18518518518518517;0.18159203980099503
0.15384615384615388;1.0;1.0;0.04424778761061947;0.0718232044198895;0.21212121212121213;0.0625;0.21428571428571427;0.030303030303030304;0.049689440993788817;0.14655172413793102;0.031746031746031744;0.06666666666666667;0.09375;0.05263157894736842;0.0;0.12280701754385964;0.1142857142857143;0.09868421052631579;0.05434782608695652;0.08333333333333333;0.06666666666666667;0.04878048780487805;0.06269592476489028;0.17857142857142855;0.2;0.05263157894736842;0.0625;0.14814814814814814;0.07462686567164178
0.07264957264957267;0.0;0.0;0.1592920353982301;0.2044198895027624;0.07575757575757576;0.0;0.0;0.0;0.13043478260869565;0.09051724137931035;0.20634920634920634;0.19333333333333336;0.0;0.12280701754385964;0.3061224489795918;0.03508771929824561;0.1142857142857143;0.15789473684210525;0.16304347826086957;0.05555555555555555;0.05;0.04878048780487805;0.15673981191222572;0.16964285714285712;0.1;0.13157894736842105;0.0;0.046296296296296294;0.1616915422885572
0.18803418803418806;0.0;0.0;0.20353982300884954;0.287292817679558;0.36363636363636365;0.1875;0.3571428571428571;0.06060606060606061;0.21118012422360247;0.2974137931034483;0.1746031746031746;0.3066666666666667;0.1875;0.2982456140350877;0.2040816326530612;0.3333333333333333;0.37142857142857144;0.24342105263157895;0.21739130434782608;0.25;0.23333333333333334;0.1951219512195122;0.18181818181818182;0.49107142857142855;0.52;0.21052631578947367;0.0625;0.4074074074074074;0.2263681592039801
0.07264957264957267;0.0;1.0;0.20353982300884954;0.287292817679558;0.015151515151515152;0.0;0.0;0.0;0.2795031055900621;0.04310344827586207;0.38095238095238093;0.37333333333333335;0.0;0.05263157894736842;0.8775510204081632;0.017543859649122806;0.0380952380952381;0.19078947368421054;0.19565217391304346;0.05555555555555555;0.0;0.032520325203252036;0.22884012539184953;0.08928571428571427;0.0;0.02631578947368421;0.0;0.018518518518518517;0.19154228855721392
0.13675213675213677;0.0;0.0;0.04424778761061947;0.11602209944751381;0.06060606060606061;0.03125;0.0;0.0;0.13043478260869565;0.08189655172413793;0.1111111111111111;0.11333333333333334;0.0;0.08771929824561403;0.08163265306122448;0.05263157894736842;0.1142857142857143;0.10526315789473684;0.09782608695652173;0.027777777777777776;0.05;0.0;0.10971786833855798;0.08928571428571427;0.02;0.0;0.0;0.08333333333333333;0.08208955223880597
0.13675213675213677;1.0;1.0;0.08849557522123894;0.09392265193370165;0.10606060606060606;0.0;0.0;0.0;0.05590062111801242;0.09482758620689655;0.047619047619047616;0.08666666666666667;0.09375;0.10526315789473684;0.04081632653061224;0.10526315789473684;0.13333333333333336;0.08552631578947367;0.08695652173913043;0.027777777777777776;0.1;0.0813008130081301;0.10658307210031347;0.08928571428571427;0.08;0.07894736842105263;0.0;0.05555555555555555;0.0945273631840796
0.23504273504273507;1.0;1.0;0.07964601769911504;0.13259668508287292;0.2272727272727273;0.0625;0.07142857142857142;0.030303030303030304;0.14906832298136646;0.13793103448275862;0.1111111111111111;0.10666666666666667;0.28125;0.10526315789473684;0.08163265306122448;0.15789473684210525;0.17142857142857146;0.125;0.14130434782608695;0.05555555555555555;0.03333333333333333;0.11382113821138212;0.12225705329153604;0.21428571428571427;0.16;0.05263157894736842;0.0;0.16666666666666666;0.12189054726368159
0.33333333333333337;1.0;1.0;0.02654867256637168;0.0055248618784530384;0.030303030303030304;0.0625;0.0;0.0;0.006211180124223602;0.030172413793103446;0.015873015873015872;0.006666666666666667;0.03125;0.0;0.02040816326530612;0.03508771929824561;0.009523809523809525;0.006578947368421052;0.010869565217391304;0.0;0.0;0.016260162601626018;0.012539184952978056;0.008928571428571428;0.06;0.02631578947368421;0.0;0.018518518518518517;0.004975124378109454
0.047008547008547015;0.0;0.0;0.07964601769911504;0.17679558011049723;0.06060606060606061;0.09375;0.07142857142857142;0.030303030303030304;0.09316770186335403;0.10775862068965517;0.06349206349206349;0.10666666666666667;0.0625;0.07017543859649122;0.18367346938775508;0.07017543859649122;0.14285714285714288;0.1644736842105263;0.14130434782608695;0.027777777777777776;0.016666666666666666;0.016260162601626018;0.14106583072100315;0.125;0.08;0.15789473684210525;0.0;0.08333333333333333;0.12437810945273631
0.0982905982905983;0.0;1.0;0.07079646017699115;0.06077348066298342;0.10606060606060606;0.03125;0.07142857142857142;0.0;0.043478260869565216;0.10344827586206896;0.047619047619047616;0.060000000000000005;0.1875;0.14035087719298245;0.04081632653061224;0.07017543859649122;0.09523809523809526;0.09210526315789475;0.14130434782608695;0.027777777777777776;0.1;0.04065040650406505;0.08150470219435736;0.14285714285714285;0.1;0.07894736842105263;0.0625;0.05555555555555555;0.09203980099502487
0.12820512820512822;1.0;1.0;0.04424778761061947;0.049723756906077346;0.045454545454545456;0.0;0.0;0.0;0.049689440993788817;0.06896551724137931;0.031746031746031744;0.02666666666666667;0.09375;0.03508771929824561;0.02040816326530612;0.05263157894736842;0.057142857142857155;0.05263157894736842;0.03260869565217391;0.08333333333333333;0.05;0.04065040650406505;0.05956112852664576;0.0625;0.04;0.05263157894736842;0.0;0.018518518518518517;0.05472636815920398
0.15811965811965814;0.0;0.0;0.1504424778761062;0.2983425414364641;0.045454545454545456;0.0;0.0;0.0;0.13664596273291924;0.15517241379310345;0.15873015873015872;0.1;0.15625;0.07017543859649122;0.12244897959183673;0.19298245614035087;0.13333333333333336;0.30921052631578944;0.21739130434782608;0.027777777777777776;0.1;0.05691056910569106;0.2570532915360501;0.11607142857142856;0.02;0.13157894736842105;0.0;0.08333333333333333;0.2064676616915423
0.1495726495726496;1.0;1.0;0.061946902654867256;0.11602209944751381;0.12121212121212122;0.0625;0.07142857142857142;0.0;0.049689440993788817;0.15517241379310345;0.047619047619047616;0.1;0.1875;0.05263157894736842;0.04081632653061224;0.07017543859649122;0.17142857142857146;0.13157894736842105;0.15217391304347827;0.08333333333333333;0.1;0.0894308943089431;0.12852664576802508;0.1607142857142857;0.06;0.15789473684210525;0.0625;0.1111111111111111;0.11442786069651742
0.2863247863247863;1.0;1.0;0.18584070796460178;0.14917127071823205;0.4696969696969697;0.59375;0.5714285714285714;0.36363636363636365;0.12422360248447203;0.3318965517241379;0.12698412698412698;0.19333333333333336;0.625;0.42105263157894735;0.04081632653061224;0.2982456140350877;0.29523809523809524;0.28947368421052627;0.19565217391304346;0.2222222222222222;0.48333333333333334;0.1951219512195122;0.20376175548589343;0.3482142857142857;0.78;0.5;0.5;0.15740740740740738;0.3034825870646766
0.0982905982905983;0.0;0.0;0.1327433628318584;0.18784530386740333;0.030303030303030304;0.03125;0.0;0.0;0.11801242236024843;0.125;0.047619047619047616;0.04666666666666667;0.15625;0.12280701754385964;0.1020408163265306;0.017543859649122806;0.12380952380952384;0.1644736842105263;0.08695652173913043;0.05555555555555555;0.18333333333333332;0.06504065040650407;0.16300940438871475;0.04464285714285714;0.0;0.05263157894736842;0.0;0.009259259259259259;0.12935323383084577
0.2094017094017094;0.0;1.0;0.08849557522123894;0.055248618784530384;0.07575757575757576;0.0625;0.0;0.0;0.049689440993788817;0.07758620689655173;0.06349206349206349;0.060000000000000005;0.0625;0.03508771929824561;0.04081632653061224;0.07017543859649122;0.09523809523809526;0.05921052631578947;0.09782608695652173;0.0;0.016666666666666666;0.06504065040650407;0.06269592476489028;0.10714285714285714;0.08;0.02631578947368421;0.0;0.07407407407407407;0.05970149253731344
0.08119658119658121;0.0;0.0;0.1415929203539823;0.1602209944751381;0.045454545454545456;0.03125;0.0;0.0;0.09937888198757763;0.10344827586206896;0.1111111111111111;0.1;0.09375;0.12280701754385964;0.12244897959183673;0.10526315789473684;0.12380952380952384;0.10526315789473684;0.18478260869565216;0.0;0.1;0.016260162601626018;0.14106583072100315;0.0625;0.04;0.07894736842105263;0.0;0.037037037037037035;0.11442786069651742
0.12820512820512822;0.0;1.0;0.07079646017699115;0.055248618784530384;0.12121212121212122;0.09375;0.0;0.0;0.06211180124223602;0.07327586206896551;0.12698412698412698;0.1;0.09375;0.14035087719298245;0.1020408163265306;0.03508771929824561;0.08571428571428572;0.08552631578947367;0.08695652173913043;0.0;0.08333333333333333;0.05691056910569106;0.10031347962382445;0.08928571428571427;0.08;0.07894736842105263;0.0;0.07407407407407407;0.0845771144278607
0.07264957264957267;0.0;1.0;0.017699115044247787;0.027624309392265192;0.07575757575757576;0.0625;0.0;0.030303030303030304;0.024844720496894408;0.04310344827586207;0.0;0.02;0.125;0.07017543859649122;0.02040816326530612;0.017543859649122806;0.06666666666666668;0.05921052631578947;0.03260869565217391;0.05555555555555555;0.06666666666666667;0.016260162601626018;0.028213166144200625;0.08035714285714285;0.02;0.07894736842105263;0.0;0.07407407407407407;0.017412935323383085
0.16239316239316243;1.0;1.0;0.11504424778761062;0.1270718232044199;0.13636363636363635;0.0;0.0;0.0;0.08074534161490683;0.11206896551724138;0.015873015873015872;0.08;0.1875;0.12280701754385964;0.08163265306122448;0.05263157894736842;0.1142857142857143;0.09210526315789475;0.16304347826086957;0.027777777777777776;0.05;0.07317073170731708;0.10344827586206896;0.19642857142857142;0.04;0.05263157894736842;0.0625;0.1111111111111111;0.10199004975124377
0.15811965811965814;0.0;0.0;0.07964601769911504;0.0718232044198895;0.015151515151515152;0.09375;0.07142857142857142;0.0;0.043478260869565216;0.03879310344827586;0.031746031746031744;0.05333333333333334;0.03125;0.0;0.08163265306122448;0.017543859649122806;0.0380952380952381;0.03289473684210526;0.08695652173913043;0.0;0.0;0.0;0.06583072100313479;0.03571428571428571;0.04;0.02631578947368421;0.0;0.046296296296296294;0.04477611940298507
0.1495726495726496;0.0;0.0;0.4424778761061947;0.46408839779005523;0.12121212121212122;0.03125;0.0;0.0;0.3664596273291925;0.21551724137931033;0.31746031746031744;0.35333333333333333;0.28125;0.21052631578947367;0.42857142857142855;0.08771929824561403;0.1904761904761905;0.41447368421052627;0.45652173913043476;0.027777777777777776;0.08333333333333333;0.05691056910569106;0.41379310344827586;0.29464285714285715;0.04;0.05263157894736842;0.0625;0.07407407407407407;0.38557213930348255
0.11538461538461539;0.0;0.0;0.35398230088495575;0.4198895027624309;0.12121212121212122;0.03125;0.0;0.0;0.24223602484472048;0.4525862068965517;0.1111111111111111;0.2866666666666667;0.09375;0.17543859649122806;0.3061224489795918;0.12280701754385964;0.10476190476190478;0.4605263157894736;0.30434782608695654;0.41666666666666663;0.16666666666666666;0.0813008130081301;0.36990595611285265;0.3125;0.04;0.07894736842105263;0.0;0.21296296296296297;0.31840796019900497
0.19230769230769235;1.0;0.0;0.20353982300884954;0.17679558011049723;0.045454545454545456;0.09375;0.14285714285714285;0.0;0.14285714285714285;0.2025862068965517;0.06349206349206349;0.15333333333333335;0.09375;0.017543859649122806;0.12244897959183673;0.12280701754385964;0.13333333333333336;0.19736842105263158;0.08695652173913043;0.08333333333333333;0.11666666666666667;0.07317073170731708;0.12852664576802508;0.2232142857142857;0.16;0.02631578947368421;0.0625;0.12962962962962962;0.13930348258706468
0.11111111111111113;0.0;0.0;0.02654867256637168;0.2541436464088398;0.12121212121212122;0.03125;0.07142857142857142;0.0;0.13664596273291924;0.22844827586206895;0.0;0.06666666666666667;0.09375;0.21052631578947367;0.18367346938775508;0.07017543859649122;0.12380952380952384;0.17763157894736842;0.11956521739130435;0.2222222222222222;0.16666666666666666;0.032520325203252036;0.15047021943573669;0.26785714285714285;0.04;0.10526315789473684;0.0;0.32407407407407407;0.10199004975124377
0.10683760683760685;1.0;0.0;0.008849557522123894;0.055248618784530384;0.045454545454545456;0.03125;0.0;0.0;0.024844720496894408;0.125;0.031746031746031744;0.02;0.1875;0.10526315789473684;0.02040816326530612;0.05263157894736842;0.0761904761904762;0.13157894736842105;0.021739130434782608;0.1111111111111111;0.08333333333333333;0.04878048780487805;0.06896551724137931;0.13392857142857142;0.02;0.05263157894736842;0.0;0.08333333333333333;0.062189054726368154
0.12393162393162396;1.0;0.0;0.11504424778761062;0.19337016574585636;0.10606060606060606;0.0625;0.07142857142857142;0.0;0.11180124223602483;0.21982758620689655;0.047619047619047616;0.07333333333333333;0.09375;0.12280701754385964;0.24489795918367346;0.14035087719298245;0.13333333333333336;0.15789473684210525;0.10869565217391304;0.1111111111111111;0.18333333333333332;0.04878048780487805;0.18181818181818182;0.16964285714285712;0.02;0.10526315789473684;0.0;0.12962962962962962;0.14925373134328357
0.08974358974358976;0.0;0.0;0.21238938053097345;0.30939226519337015;0.07575757575757576;0.0;0.0;0.0;0.18012422360248445;0.21120689655172414;0.1111111111111111;0.16666666666666669;0.1875;0.24561403508771928;0.4081632653061224;0.10526315789473684;0.1904761904761905;0.21052631578947367;0.32608695652173914;0.1388888888888889;0.11666666666666667;0.008130081300813009;0.25391849529780564;0.1607142857142857;0.04;0.07894736842105263;0.0625;0.18518518518518517;0.19154228855721392
0.43162393162393164;1.0;1.0;0.25663716814159293;0.4419889502762431;0.6818181818181819;0.5;0.5714285714285714;0.36363636363636365;0.2670807453416149;0.7456896551724138;0.09523809523809523;0.16666666666666669;0.59375;0.6666666666666666;0.3469387755102041;0.5789473684210527;0.4952380952380953;0.5592105263157895;0.2826086956521739;0.5833333333333333;0.7;0.3089430894308943;0.46708463949843254;0.6696428571428571;0.34;0.6052631578947368;0.5;0.8888888888888888;0.35074626865671643
0.1495726495726496;0.0;1.0;0.2920353982300885;0.2983425414364641;0.42424242424242425;0.5;0.5714285714285714;0.24242424242424243;0.23602484472049687;0.603448275862069;0.015873015873015872;0.12666666666666668;0.4375;0.47368421052631576;0.12244897959183673;0.3684210526315789;0.3904761904761905;0.3684210526315789;0.17391304347826086;0.8333333333333333;0.55;0.21951219512195125;0.36990595611285265;0.46428571428571425;0.22;0.5526315789473684;0.125;0.6666666666666666;0.26119402985074625
0.09401709401709404;0.0;0.0;0.21238938053097345;0.30386740331491713;0.12121212121212122;0.03125;0.0;0.0;0.21118012422360247;0.23275862068965517;0.09523809523809523;0.21333333333333335;0.15625;0.10526315789473684;0.2857142857142857;0.12280701754385964;0.13333333333333336;0.3157894736842105;0.30434782608695654;0.0;0.11666666666666667;0.05691056910569106;0.26332288401253917;0.16964285714285712;0.04;0.10526315789473684;0.0;0.08333333333333333;0.2288557213930348
0.21794871794871798;1.0;0.0;0.04424778761061947;0.027624309392265192;0.13636363636363635;0.1875;0.21428571428571427;0.06060606060606061;0.037267080745341616;0.125;0.0;0.02666666666666667;0.0;0.14035087719298245;0.02040816326530612;0.10526315789473684;0.0761904761904762;0.06578947368421054;0.043478260869565216;0.027777777777777776;0.06666666666666667;0.11382113821138212;0.04075235109717868;0.14285714285714285;0.12;0.15789473684210525;0.0625;0.12962962962962962;0.04228855721393035
0.06837606837606838;0.0;0.0;0.061946902654867256;0.13812154696132595;0.15151515151515152;0.1875;0.3571428571428571;0.15151515151515152;0.09316770186335403;0.2543103448275862;0.031746031746031744;0.07333333333333333;0.15625;0.17543859649122806;0.0;0.10526315789473684;0.17142857142857146;0.14473684210526316;0.06521739130434782;0.25;0.2;0.04878048780487805;0.13166144200626959;0.21428571428571427;0.18;0.2894736842105263;0.0625;0.32407407407407407;0.08955223880597014
0.10256410256410259;1.0;0.0;0.11504424778761062;0.04419889502762431;0.15151515151515152;0.15625;0.07142857142857142;0.12121212121212122;0.024844720496894408;0.15517241379310345;0.015873015873015872;0.04666666666666667;0.09375;0.12280701754385964;0.0;0.08771929824561403;0.1523809523809524;0.07236842105263158;0.05434782608695652;0.05555555555555555;0.16666666666666666;0.06504065040650407;0.07836990595611285;0.14285714285714285;0.12;0.3421052631578947;0.0625;0.12037037037037036;0.07462686567164178
0.12393162393162396;1.0;1.0;0.1592920353982301;0.19337016574585636;0.36363636363636365;0.21875;0.2857142857142857;0.09090909090909091;0.18012422360248445;0.3318965517241379;0.015873015873015872;0.12000000000000001;0.3125;0.2807017543859649;0.14285714285714285;0.17543859649122806;0.21904761904761907;0.3157894736842105;0.2717391304347826;0.1111111111111111;0.26666666666666666;0.2682926829268293;0.20689655172413793;0.24107142857142855;0.44;0.10526315789473684;0.25;0.25;0.208955223880597
0.0982905982905983;0.0;0.0;0.25663716814159293;0.30386740331491713;0.15151515151515152;0.03125;0.0;0.0;0.23602484472049687;0.14655172413793102;0.19047619047619047;0.30000000000000004;0.09375;0.12280701754385964;0.5306122448979591;0.05263157894736842;0.14285714285714288;0.28289473684210525;0.30434782608695654;0.05555555555555555;0.0;0.024390243902439025;0.2476489028213166;0.1875;0.02;0.05263157894736842;0.0;0.046296296296296294;0.2288557213930348
0.047008547008547015;1.0;0.0;0.1592920353982301;0.19337016574585636;0.16666666666666669;0.125;0.0;0.0;0.08695652173913043;0.20689655172413793;0.06349206349206349;0.13333333333333333;0.125;0.14035087719298245;0.14285714285714285;0.12280701754385964;0.1904761904761905;0.19078947368421054;0.11956521739130435;0.1388888888888889;0.26666666666666666;0.07317073170731708;0.14733542319749218;0.1875;0.08;0.05263157894736842;0.0625;0.12037037037037036;0.13681592039800994
0.19230769230769235;0.0;0.0;0.45132743362831856;0.3425414364640884;0.6060606060606061;0.46875;0.42857142857142855;0.7575757575757576;0.21118012422360247;0.6724137931034483;0.031746031746031744;0.22666666666666668;0.3125;0.8070175438596491;0.18367346938775508;0.6491228070175439;0.6095238095238096;0.47368421052631576;0.19565217391304346;0.6666666666666666;0.6;0.33333333333333337;0.3793103448275862;0.5446428571428571;0.36;0.5789473684210527;0.625;0.5555555555555556;0.3383084577114428
0.12393162393162396;0.0;0.0;0.47787610619469023;0.5027624309392266;0.13636363636363635;0.0625;0.0;0.0;0.3416149068322981;0.30603448275862066;0.23809523809523808;0.4;0.125;0.07017543859649122;0.7551020408163265;0.10526315789473684;0.18095238095238098;0.4473684210526315;0.33695652173913043;0.16666666666666666;0.1;0.04065040650406505;0.45454545454545453;0.23214285714285712;0.06;0.07894736842105263;0.0625;0.17592592592592593;0.3756218905472637
0.047008547008547015;1.0;0.0;0.24778761061946902;0.18232044198895025;0.36363636363636365;0.125;0.2857142857142857;0.0;0.14906832298136646;0.3017241379310345;0.07936507936507936;0.060000000000000005;0.15625;0.07017543859649122;0.1020408163265306;0.03508771929824561;0.0761904761904762;0.21052631578947367;0.20652173913043478;0.25;0.13333333333333333;0.15447154471544716;0.16614420062695925;0.29464285714285715;0.2;0.21052631578947367;0.125;0.16666666666666666;0.18407960199004975
0.04273504273504274;0.0;0.0;0.19469026548672566;0.3812154696132597;0.09090909090909091;0.0;0.0;0.0;0.17391304347826086;0.27155172413793105;0.031746031746031744;0.17333333333333334;0.0625;0.12280701754385964;0.3877551020408163;0.22807017543859648;0.20952380952380956;0.24999999999999997;0.2608695652173913;0.16666666666666666;0.08333333333333333;0.016260162601626018;0.2570532915360501;0.13392857142857142;0.04;0.10526315789473684;0.0;0.28703703703703703;0.15920398009950248
0.14102564102564105;0.0;1.0;0.33628318584070793;0.49723756906077343;0.3181818181818182;0.28125;0.3571428571428571;0.6363636363636364;0.2546583850931677;0.6939655172413793;0.12698412698412698;0.10666666666666667;0.59375;0.5789473684210527;0.22448979591836732;0.49122807017543857;0.5428571428571429;0.3289473684210526;0.2391304347826087;0.5833333333333333;0.5;0.15447154471544716;0.40438871473354226;0.4375;0.36;0.5789473684210527;0.4375;0.8148148148148148;0.25870646766169153
0.19658119658119663;0.0;1.0;0.30973451327433627;0.32044198895027626;0.2272727272727273;0.1875;0.21428571428571427;0.12121212121212122;0.21739130434782608;0.39655172413793105;0.031746031746031744;0.08666666666666667;0.34375;0.3508771929824561;0.12244897959183673;0.3157894736842105;0.24761904761904766;0.34868421052631576;0.17391304347826086;0.3055555555555555;0.35;0.07317073170731708;0.2946708463949843;0.24107142857142855;0.2;0.23684210526315788;0.0;0.3611111111111111;0.21890547263681592
0.08974358974358976;0.0;0.0;0.17699115044247787;0.36464088397790057;0.030303030303030304;0.0;0.0;0.0;0.13664596273291924;0.2543103448275862;0.06349206349206349;0.15333333333333335;0.125;0.14035087719298245;0.3061224489795918;0.08771929824561403;0.09523809523809526;0.30263157894736836;0.22826086956521738;0.027777777777777776;0.05;0.04878048780487805;0.2789968652037617;0.14285714285714285;0.04;0.0;0.0;0.21296296296296297;0.19900497512437812
0.0982905982905983;1.0;0.0;0.16814159292035397;0.16574585635359118;0.16666666666666669;0.03125;0.07142857142857142;0.15151515151515152;0.15527950310559005;0.2629310344827586;0.015873015873015872;0.13333333333333333;0.03125;0.3508771929824561;0.04081632653061224;0.19298245614035087;0.14285714285714288;0.18421052631578946;0.11956521739130435;0.027777777777777776;0.26666666666666666;0.12195121951219513;0.15047021943573669;0.27678571428571425;0.16;0.21052631578947367;0.25;0.25925925925925924;0.13681592039800994
0.16239316239316243;0.0;0.0;0.1504424778761062;0.3425414364640884;0.18181818181818182;0.1875;0.0;0.0;0.19254658385093165;0.3017241379310345;0.09523809523809523;0.17333333333333334;0.125;0.15789473684210525;0.22448979591836732;0.17543859649122806;0.20952380952380956;0.28947368421052627;0.2608695652173913;0.1388888888888889;0.08333333333333333;0.04878048780487805;0.21630094043887146;0.33928571428571425;0.32;0.0;0.0;0.24074074074074073;0.23134328358208955
0.15811965811965814;1.0;0.0;0.33628318584070793;0.4143646408839779;0.4090909090909091;0.40625;0.5714285714285714;0.33333333333333337;0.22360248447204967;0.5129310344827586;0.07936507936507936;0.24666666666666667;0.375;0.5263157894736842;0.14285714285714285;0.3684210526315789;0.44761904761904764;0.4605263157894736;0.3695652173913043;0.5277777777777778;0.45;0.2520325203252033;0.31034482758620685;0.6071428571428571;0.7000000000000001;0.2631578947368421;0.3125;0.37037037037037035;0.39303482587064675
0.12393162393162396;1.0;0.0;0.02654867256637168;0.06077348066298342;0.0;0.0;0.0;0.0;0.018633540372670808;0.03879310344827586;0.015873015873015872;0.03333333333333333;0.03125;0.0;0.0;0.03508771929824561;0.028571428571428574;0.03289473684210526;0.021739130434782608;0.027777777777777776;0.016666666666666666;0.016260162601626018;0.04702194357366771;0.017857142857142856;0.0;0.0;0.0;0.027777777777777776;0.02487562189054726
0.21794871794871798;1.0;1.0;0.11504424778761062;0.11602209944751381;0.16666666666666669;0.09375;0.07142857142857142;0.0;0.06832298136645962;0.1939655172413793;0.047619047619047616;0.04666666666666667;0.125;0.14035087719298245;0.02040816326530612;0.19298245614035087;0.21904761904761907;0.1644736842105263;0.05434782608695652;0.08333333333333333;0.11666666666666667;0.032520325203252036;0.08463949843260188;0.24107142857142855;0.14;0.13157894736842105;0.125;0.16666666666666666;0.09701492537313433
0.1324786324786325;1.0;1.0;0.07964601769911504;0.12154696132596686;0.09090909090909091;0.03125;0.07142857142857142;0.0;0.08695652173913043;0.14224137931034483;0.0;0.08;0.0625;0.05263157894736842;0.061224489795918366;0.12280701754385964;0.10476190476190478;0.08552631578947367;0.13043478260869565;0.1388888888888889;0.08333333333333333;0.04065040650406505;0.09717868338557993;0.08035714285714285;0.12;0.02631578947368421;0.0625;0.17592592592592593;0.05721393034825871
0.21367521367521372;0.0;0.0;0.5398230088495575;0.8453038674033149;0.24242424242424243;0.0;0.07142857142857142;0.0;0.5714285714285714;0.39655172413793105;0.5714285714285714;0.62;0.15625;0.3157894736842105;0.836734693877551;0.2807017543859649;0.4285714285714286;0.6447368421052632;0.6630434782608695;0.05555555555555555;0.23333333333333334;0.2764227642276423;0.7084639498432601;0.33035714285714285;0.12;0.2631578947368421;0.0;0.31481481481481477;0.5746268656716418
0.358974358974359;1.0;1.0;0.1415929203539823;0.27624309392265195;0.19696969696969696;0.125;0.14285714285714285;0.030303030303030304;0.19254658385093165;0.24568965517241378;0.14285714285714285;0.19333333333333336;0.3125;0.2807017543859649;0.12244897959183673;0.17543859649122806;0.2571428571428572;0.23684210526315788;0.2826086956521739;0.08333333333333333;0.18333333333333332;0.1951219512195122;0.219435736677116;0.2857142857142857;0.12;0.18421052631578946;0.0625;0.1388888888888889;0.22139303482587064
0.20512820512820515;1.0;0.0;0.2654867256637168;0.30939226519337015;0.06060606060606061;0.09375;0.07142857142857142;0.030303030303030304;0.2795031055900621;0.19827586206896552;0.3492063492063492;0.36000000000000004;0.1875;0.10526315789473684;0.3877551020408163;0.21052631578947367;0.24761904761904766;0.30263157894736836;0.32608695652173914;0.08333333333333333;0.21666666666666667;0.0813008130081301;0.3228840125391849;0.1875;0.12;0.13157894736842105;0.125;0.09259259259259259;0.2885572139303483
0.16239316239316243;1.0;0.0;0.47787610619469023;0.6022099447513812;0.09090909090909091;0.0;0.0;0.0;0.37267080745341613;0.2543103448275862;0.4126984126984127;0.31333333333333335;0.3125;0.24561403508771928;0.5714285714285714;0.19298245614035087;0.2761904761904762;0.41447368421052627;0.5;0.08333333333333333;0.16666666666666666;0.07317073170731708;0.5141065830721003;0.20535714285714285;0.02;0.10526315789473684;0.0625;0.12037037037037036;0.4253731343283582
0.17948717948717952;1.0;1.0;0.11504424778761062;0.1712707182320442;0.045454545454545456;0.0;0.0;0.0;0.09316770186335403;0.15086206896551724;0.09523809523809523;0.12000000000000001;0.28125;0.08771929824561403;0.12244897959183673;0.15789473684210525;0.13333333333333336;0.14473684210526316;0.11956521739130435;0.05555555555555555;0.08333333333333333;0.15447154471544716;0.16614420062695925;0.11607142857142856;0.02;0.15789473684210525;0.0;0.14814814814814814;0.11691542288557213
0.21794871794871798;1.0;1.0;0.10619469026548672;0.22099447513812154;0.15151515151515152;0.15625;0.14285714285714285;0.09090909090909091;0.13043478260869565;0.23706896551724138;0.14285714285714285;0.14666666666666667;0.15625;0.24561403508771928;0.1020408163265306;0.21052631578947367;0.21904761904761907;0.17763157894736842;0.16304347826086957;0.19444444444444442;0.11666666666666667;0.15447154471544716;0.219435736677116;0.1875;0.12;0.10526315789473684;0.0625;0.17592592592592593;0.18407960199004975
0.1837606837606838;1.0;1.0;0.16814159292035397;0.19889502762430938;0.12121212121212122;0.125;0.14285714285714285;0.0;0.16770186335403725;0.16810344827586207;0.14285714285714285;0.18000000000000002;0.28125;0.14035087719298245;0.061224489795918366;0.10526315789473684;0.14285714285714288;0.20394736842105263;0.18478260869565216;0.2222222222222222;0.13333333333333333;0.0975609756097561;0.16614420062695925;0.23214285714285712;0.14;0.10526315789473684;0.0625;0.10185185185185185;0.17661691542288557
0.21367521367521372;0.0;0.0;0.035398230088495575;0.055248618784530384;0.030303030303030304;0.0625;0.0;0.0;0.037267080745341616;0.07758620689655173;0.047619047619047616;0.04;0.03125;0.07017543859649122;0.04081632653061224;0.0;0.057142857142857155;0.09210526315789475;0.06521739130434782;0.0;0.05;0.024390243902439025;0.05956112852664576;0.0625;0.06;0.02631578947368421;0.0;0.08333333333333333;0.03980099502487562
0.11965811965811968;1.0;1.0;0.02654867256637168;0.08839779005524862;0.045454545454545456;0.0;0.0;0.0;0.049689440993788817;0.06465517241379311;0.031746031746031744;0.05333333333333334;0.09375;0.10526315789473684;0.0;0.017543859649122806;0.0761904761904762;0.05921052631578947;0.08695652173913043;0.05555555555555555;0.05;0.016260162601626018;0.06583072100313479;0.04464285714285714;0.02;0.07894736842105263;0.0;0.06481481481481481;0.03980099502487562
0.11538461538461539;0.0;0.0;0.2920353982300885;0.48066298342541436;0.3181818181818182;0.15625;0.14285714285714285;0.0;0.3664596273291925;0.3103448275862069;0.31746031746031744;0.32;0.21875;0.2631578947368421;0.4081632653061224;0.3684210526315789;0.3333333333333333;0.3881578947368421;0.40217391304347827;0.1388888888888889;0.23333333333333334;0.1869918699186992;0.4106583072100313;0.36607142857142855;0.26;0.23684210526315788;0.1875;0.25925925925925924;0.3805970149253731
0.1324786324786325;1.0;1.0;0.008849557522123894;0.011049723756906077;0.015151515151515152;0.0;0.0;0.0;0.006211180124223602;0.01293103448275862;0.015873015873015872;0.013333333333333334;0.03125;0.0;0.02040816326530612;0.0;0.0;0.013157894736842105;0.021739130434782608;0.0;0.0;0.008130081300813009;0.0219435736677116;0.0;0.0;0.0;0.0;0.0;0.00746268656716418
0.17948717948717952;0.0;1.0;0.07079646017699115;0.09392265193370165;0.07575757575757576;0.03125;0.0;0.0;0.06211180124223602;0.09482758620689655;0.047619047619047616;0.03333333333333333;0.125;0.05263157894736842;0.061224489795918366;0.07017543859649122;0.057142857142857155;0.07236842105263158;0.06521739130434782;0.1111111111111111;0.06666666666666667;0.024390243902439025;0.05642633228840125;0.125;0.08;0.02631578947368421;0.125;0.027777777777777776;0.07213930348258707
0.09401709401709404;0.0;0.0;0.23893805309734512;0.4475138121546961;0.10606060606060606;0.03125;0.0;0.0;0.2857142857142857;0.22413793103448276;0.1746031746031746;0.30000000000000004;0.21875;0.24561403508771928;0.36734693877551017;0.12280701754385964;0.1904761904761905;0.3157894736842105;0.40217391304347827;0.027777777777777776;0.15;0.07317073170731708;0.35423197492163006;0.17857142857142855;0.06;0.07894736842105263;0.0625;0.10185185185185185;0.3009950248756219
0.07264957264957267;1.0;0.0;0.1327433628318584;0.1602209944751381;0.13636363636363635;0.0625;0.0;0.0;0.12422360248447203;0.15517241379310345;0.12698412698412698;0.12666666666666668;0.0625;0.12280701754385964;0.12244897959183673;0.07017543859649122;0.14285714285714288;0.17763157894736842;0.15217391304347827;0.08333333333333333;0.05;0.04878048780487805;0.13793103448275862;0.20535714285714285;0.06;0.10526315789473684;0.0;0.06481481481481481;0.14676616915422885
0.021367521367521368;0.0;0.0;0.12389380530973451;0.1712707182320442;0.10606060606060606;0.03125;0.0;0.0;0.08074534161490683;0.1853448275862069;0.06349206349206349;0.10666666666666667;0.09375;0.17543859649122806;0.14285714285714285;0.2631578947368421;0.20000000000000004;0.1644736842105263;0.09782608695652173;0.08333333333333333;0.15;0.04065040650406505;0.12225705329153604;0.1875;0.04;0.18421052631578946;0.0625;0.17592592592592593;0.09701492537313433
0.17948717948717952;1.0;1.0;0.12389380530973451;0.06629834254143646;0.2272727272727273;0.21875;0.3571428571428571;0.24242424242424243;0.12422360248447203;0.25;0.047619047619047616;0.06666666666666667;0.125;0.24561403508771928;0.02040816326530612;0.21052631578947367;0.2380952380952381;0.1513157894736842;0.07608695652173914;0.2222222222222222;0.25;0.13821138211382114;0.11912225705329153;0.16964285714285712;0.24;0.2631578947368421;0.1875;0.28703703703703703;0.0845771144278607
0.13675213675213677;0.0;0.0;0.5132743362831859;0.8011049723756906;0.15151515151515152;0.0625;0.0;0.0;0.5031055900621118;0.46551724137931033;0.20634920634920634;0.34;0.1875;0.2631578947368421;0.673469387755102;0.3157894736842105;0.37142857142857144;0.48684210526315785;0.3804347826086956;0.2222222222222222;0.08333333333333333;0.04065040650406505;0.6269592476489028;0.21428571428571427;0.12;0.10526315789473684;0.0;0.31481481481481477;0.47761194029850745
0.06837606837606838;1.0;1.0;0.04424778761061947;0.03314917127071823;0.015151515151515152;0.03125;0.0;0.06060606060606061;0.018633540372670808;0.034482758620689655;0.015873015873015872;0.02666666666666667;0.03125;0.03508771929824561;0.0;0.05263157894736842;0.01904761904761905;0.03289473684210526;0.021739130434782608;0.05555555555555555;0.016666666666666666;0.032520325203252036;0.028213166144200625;0.04464285714285714;0.0;0.07894736842105263;0.0;0.046296296296296294;0.01243781094527363
0.19230769230769235;0.0;0.0;0.4424778761061947;0.3591160220994475;0.4545454545454546;0.34375;0.6428571428571428;0.3939393939393939;0.2546583850931677;0.5905172413793104;0.1111111111111111;0.09333333333333334;0.4375;0.7192982456140351;0.12244897959183673;0.6666666666666666;0.6571428571428573;0.36184210526315785;0.19565217391304346;0.38888888888888884;0.45;0.1788617886178862;0.329153605015674;0.5446428571428571;0.44;0.6842105263157894;0.625;0.5925925925925926;0.29850746268656714
0.12393162393162396;0.0;0.0;0.19469026548672566;0.23756906077348067;0.12121212121212122;0.15625;0.0;0.0;0.17391304347826086;0.2672413793103448;0.06349206349206349;0.060000000000000005;0.15625;0.14035087719298245;0.12244897959183673;0.2631578947368421;0.2285714285714286;0.20394736842105263;0.14130434782608695;0.16666666666666666;0.11666666666666667;0.04065040650406505;0.19122257053291536;0.23214285714285712;0.12;0.05263157894736842;0.0;0.19444444444444442;0.1691542288557214
0.1837606837606838;1.0;0.0;0.1592920353982301;0.39226519337016574;0.25757575757575757;0.0625;0.07142857142857142;0.06060606060606061;0.27329192546583847;0.3448275862068966;0.23809523809523808;0.32666666666666666;0.1875;0.2631578947368421;0.2857142857142857;0.3508771929824561;0.3904761904761905;0.3157894736842105;0.25;0.25;0.2833333333333333;0.1951219512195122;0.3197492163009404;0.30357142857142855;0.22;0.23684210526315788;0.25;0.39814814814814814;0.24875621890547261
0.07264957264957267;1.0;1.0;0.04424778761061947;0.06629834254143646;0.18181818181818182;0.375;0.0;0.06060606060606061;0.09937888198757763;0.14655172413793102;0.031746031746031744;0.10666666666666667;0.0625;0.14035087719298245;0.0;0.15789473684210525;0.13333333333333336;0.07894736842105263;0.06521739130434782;0.1388888888888889;0.16666666666666666;0.13008130081300814;0.06896551724137931;0.125;0.26;0.10526315789473684;0.125;0.17592592592592593;0.06467661691542288
0.09401709401709404;0.0;0.0;0.1592920353982301;0.4530386740331492;0.045454545454545456;0.0;0.0;0.0;0.2919254658385093;0.25862068965517243;0.19047619047619047;0.26666666666666666;0.21875;0.14035087719298245;0.5102040816326531;0.10526315789473684;0.20000000000000004;0.3157894736842105;0.3695652173913043;0.0;0.18333333333333332;0.016260162601626018;0.3605015673981191;0.07142857142857142;0.08;0.02631578947368421;0.0;0.25925925925925924;0.236318407960199
0.06837606837606838;0.0;1.0;0.017699115044247787;0.027624309392265192;0.06060606060606061;0.03125;0.14285714285714285;0.06060606060606061;0.037267080745341616;0.05603448275862069;0.0;0.02;0.09375;0.05263157894736842;0.0;0.07017543859649122;0.0380952380952381;0.039473684210526314;0.03260869565217391;0.08333333333333333;0.06666666666666667;0.008130081300813009;0.028213166144200625;0.07142857142857142;0.0;0.05263157894736842;0.0;0.09259259259259259;0.00746268656716418
0.07264957264957267;1.0;1.0;0.008849557522123894;0.09944751381215469;0.07575757575757576;0.0625;0.0;0.0;0.12422360248447203;0.11637931034482758;0.031746031746031744;0.1;0.0;0.017543859649122806;0.061224489795918366;0.15789473684210525;0.10476190476190478;0.06578947368421054;0.06521739130434782;0.05555555555555555;0.13333333333333333;0.07317073170731708;0.09404388714733541;0.08928571428571427;0.02;0.10526315789473684;0.0;0.07407407407407407;0.07213930348258707
0.13675213675213677;0.0;0.0;0.4070796460176991;0.56353591160221;0.18181818181818182;0.03125;0.0;0.0;0.6335403726708074;0.22844827586206895;0.47619047619047616;0.5800000000000001;0.375;0.2807017543859649;0.836734693877551;0.14035087719298245;0.17142857142857146;0.42105263157894735;0.41304347826086957;0.08333333333333333;0.21666666666666667;0.07317073170731708;0.46708463949843254;0.23214285714285712;0.08;0.07894736842105263;0.0;0.2685185185185185;0.36318407960199006
0.1324786324786325;1.0;1.0;0.05309734513274336;0.10497237569060773;0.16666666666666669;0.09375;0.07142857142857142;0.030303030303030304;0.08695652173913043;0.16810344827586207;0.015873015873015872;0.060000000000000005;0.125;0.19298245614035087;0.061224489795918366;0.19298245614035087;0.18095238095238098;0.125;0.11956521739130435;0.05555555555555555;0.08333333333333333;0.10569105691056911;0.11912225705329153;0.11607142857142856;0.12;0.15789473684210525;0.0;0.17592592592592593;0.0845771144278607
0.14102564102564105;1.0;1.0;0.04424778761061947;0.027624309392265192;0.12121212121212122;0.21875;0.14285714285714285;0.12121212121212122;0.06832298136645962;0.15086206896551724;0.0;0.04666666666666667;0.15625;0.17543859649122806;0.02040816326530612;0.07017543859649122;0.09523809523809526;0.09210526315789475;0.07608695652173914;0.05555555555555555;0.13333333333333333;0.13008130081300814;0.06269592476489028;0.13392857142857142;0.2;0.15789473684210525;0.3125;0.1388888888888889;0.06467661691542288
0.13675213675213677;0.0;1.0;0.1327433628318584;0.23204419889502764;0.15151515151515152;0.1875;0.14285714285714285;0.0;0.2546583850931677;0.1810344827586207;0.2222222222222222;0.30000000000000004;0.25;0.2631578947368421;0.42857142857142855;0.12280701754385964;0.18095238095238098;0.28289473684210525;0.20652173913043478;0.19444444444444442;0.18333333333333332;0.15447154471544716;0.22884012539184953;0.23214285714285712;0.18;0.18421052631578946;0.125;0.1388888888888889;0.22139303482587064
0.12393162393162396;0.0;0.0;0.20353982300884954;0.3149171270718232;0.16666666666666669;0.0;0.0;0.0;0.2857142857142857;0.10775862068965517;0.31746031746031744;0.28;0.1875;0.14035087719298245;0.42857142857142855;0.17543859649122806;0.20000000000000004;0.2236842105263158;0.20652173913043478;0.1111111111111111;0.15;0.05691056910569106;0.2476489028213166;0.13392857142857142;0.08;0.05263157894736842;0.0625;0.1388888888888889;0.19651741293532338
0.08119658119658121;1.0;1.0;0.1592920353982301;0.23204419889502764;0.18181818181818182;0.0625;0.21428571428571427;0.06060606060606061;0.18012422360248445;0.2543103448275862;0.0;0.08666666666666667;0.28125;0.3157894736842105;0.0;0.24561403508771928;0.1904761904761905;0.125;0.19565217391304346;0.19444444444444442;0.15;0.2520325203252033;0.1974921630094044;0.16964285714285712;0.08;0.13157894736842105;0.0;0.23148148148148145;0.1417910447761194
0.2478632478632479;0.0;1.0;0.08849557522123894;0.06077348066298342;0.15151515151515152;0.125;0.14285714285714285;0.09090909090909091;0.09937888198757763;0.09051724137931035;0.031746031746031744;0.1;0.25;0.19298245614035087;0.0;0.07017543859649122;0.057142857142857155;0.046052631578947366;0.07608695652173914;0.08333333333333333;0.11666666666666667;0.17073170731707318;0.06269592476489028;0.13392857142857142;0.2;0.21052631578947367;0.0;0.07407407407407407;0.08208955223880597
0.15811965811965814;0.0;1.0;0.21238938053097345;0.4033149171270718;0.2272727272727273;0.1875;0.14285714285714285;0.030303030303030304;0.40372670807453415;0.16810344827586207;0.36507936507936506;0.35333333333333333;0.125;0.38596491228070173;0.6326530612244897;0.17543859649122806;0.24761904761904766;0.30263157894736836;0.2826086956521739;0.08333333333333333;0.3333333333333333;0.13008130081300814;0.3009404388714733;0.26785714285714285;0.34;0.2631578947368421;0.1875;0.16666666666666666;0.3009950248756219
0.2777777777777778;1.0;1.0;0.1327433628318584;0.1712707182320442;0.19696969696969696;0.25;0.0;0.12121212121212122;0.24844720496894407;0.125;0.1746031746031746;0.19333333333333336;0.15625;0.40350877192982454;0.22448979591836732;0.22807017543859648;0.20000000000000004;0.17105263157894737;0.20652173913043478;0.1388888888888889;0.15;0.24390243902439027;0.15673981191222572;0.19642857142857142;0.26;0.15789473684210525;0.1875;0.12962962962962962;0.16666666666666666
0.1837606837606838;1.0;1.0;0.07964601769911504;0.13259668508287292;0.19696969696969696;0.09375;0.0;0.0;0.09937888198757763;0.20689655172413793;0.015873015873015872;0.04;0.1875;0.12280701754385964;0.061224489795918366;0.19298245614035087;0.13333333333333336;0.08552631578947367;0.05434782608695652;0.16666666666666666;0.25;0.0975609756097561;0.12225705329153604;0.1607142857142857;0.08;0.10526315789473684;0.0;0.1111111111111111;0.11194029850746269
0.25641025641025644;1.0;1.0;0.1327433628318584;0.281767955801105;0.18181818181818182;0.09375;0.07142857142857142;0.030303030303030304;0.2670807453416149;0.22844827586206895;0.14285714285714285;0.24000000000000002;0.5;0.45614035087719296;0.16326530612244897;0.2631578947368421;0.24761904761904766;0.19736842105263158;0.15217391304347827;0.1388888888888889;0.16666666666666666;0.20325203252032523;0.2727272727272727;0.2232142857142857;0.12;0.2894736842105263;0.1875;0.25;0.21641791044776118
0.05128205128205129;0.0;1.0;0.02654867256637168;0.022099447513812154;0.07575757575757576;0.15625;0.0;0.0;0.06832298136645962;0.04310344827586207;0.06349206349206349;0.04666666666666667;0.03125;0.08771929824561403;0.061224489795918366;0.05263157894736842;0.10476190476190478;0.02631578947368421;0.021739130434782608;0.0;0.05;0.016260162601626018;0.04388714733542319;0.08035714285714285;0.06;0.10526315789473684;0.0625;0.037037037037037035;0.04477611940298507
0.10256410256410259;0.0;0.0;0.10619469026548672;0.27071823204419887;0.07575757575757576;0.0;0.0;0.0;0.24844720496894407;0.10775862068965517;0.1746031746031746;0.19333333333333336;0.09375;0.17543859649122806;0.32653061224489793;0.10526315789473684;0.14285714285714288;0.19078947368421054;0.25;0.027777777777777776;0.03333333333333333;0.07317073170731708;0.21316614420062696;0.10714285714285714;0.08;0.05263157894736842;0.0;0.12037037037037036;0.16666666666666666
0.11538461538461539;1.0;1.0;0.017699115044247787;0.027624309392265192;0.015151515151515152;0.125;0.07142857142857142;0.030303030303030304;0.043478260869565216;0.07758620689655173;0.015873015873015872;0.02;0.03125;0.10526315789473684;0.0;0.08771929824561403;0.057142857142857155;0.05921052631578947;0.010869565217391304;0.1111111111111111;0.05;0.12195121951219513;0.037617554858934164;0.0625;0.04;0.05263157894736842;0.125;0.07407407407407407;0.02238805970149254
0.27350427350427353;1.0;1.0;0.2743362831858407;0.2596685082872928;0.4090909090909091;0.3125;0.2857142857142857;0.24242424242424243;0.42236024844720493;0.2801724137931034;0.36507936507936506;0.4866666666666667;0.3125;0.5438596491228069;0.42857142857142855;0.3157894736842105;0.3142857142857143;0.29605263157894735;0.3695652173913043;0.2222222222222222;0.2833333333333333;0.3577235772357724;0.31034482758620685;0.46428571428571425;0.38;0.3157894736842105;0.375;0.3055555555555555;0.3308457711442786
0.11538461538461539;1.0;1.0;0.0;0.027624309392265192;0.0;0.0;0.0;0.0;0.024844720496894408;0.02586206896551724;0.0;0.0;0.0;0.0;0.0;0.0;0.0380952380952381;0.03289473684210526;0.03260869565217391;0.0;0.05;0.016260162601626018;0.03134796238244514;0.008928571428571428;0.0;0.0;0.0;0.027777777777777776;0.009950248756218905
0.11111111111111113;1.0;0.0;0.12389380530973451;0.27071823204419887;0.045454545454545456;0.0;0.0;0.0;0.3043478260869565;0.11637931034482758;0.07936507936507936;0.22666666666666668;0.0;0.07017543859649122;0.18367346938775508;0.10526315789473684;0.1619047619047619;0.17763157894736842;0.20652173913043478;0.08333333333333333;0.2;0.07317073170731708;0.23197492163009403;0.11607142857142856;0.0;0.02631578947368421;0.0;0.06481481481481481;0.1890547263681592
0.16666666666666669;0.0;1.0;0.07964601769911504;0.11049723756906077;0.07575757575757576;0.125;0.07142857142857142;0.12121212121212122;0.10559006211180123;0.125;0.047619047619047616;0.09333333333333334;0.125;0.19298245614035087;0.0;0.12280701754385964;0.13333333333333336;0.10526315789473684;0.15217391304347827;0.1388888888888889;0.11666666666666667;0.10569105691056911;0.08463949843260188;0.14285714285714285;0.14;0.05263157894736842;0.1875;0.19444444444444442;0.062189054726368154
0.13675213675213677;1.0;1.0;0.061946902654867256;0.07734806629834254;0.15151515151515152;0.21875;0.14285714285714285;0.18181818181818182;0.08695652173913043;0.15517241379310345;0.07936507936507936;0.060000000000000005;0.28125;0.3157894736842105;0.04081632653061224;0.10526315789473684;0.10476190476190478;0.11184210526315788;0.10869565217391304;0.16666666666666666;0.21666666666666667;0.12195121951219513;0.07523510971786833;0.09821428571428571;0.36;0.15789473684210525;0.25;0.18518518518518517;0.07213930348258707
0.10256410256410259;1.0;1.0;0.05309734513274336;0.07734806629834254;0.10606060606060606;0.0625;0.07142857142857142;0.06060606060606061;0.10559006211180123;0.11637931034482758;0.015873015873015872;0.08;0.09375;0.15789473684210525;0.02040816326530612;0.05263157894736842;0.0761904761904762;0.08552631578947367;0.06521739130434782;0.05555555555555555;0.18333333333333332;0.0894308943089431;0.07836990595611285;0.125;0.12;0.05263157894736842;0.125;0.07407407407407407;0.08208955223880597
0.17521367521367523;0.0;1.0;0.1592920353982301;0.2928176795580111;0.16666666666666669;0.0;0.07142857142857142;0.0;0.3167701863354037;0.09051724137931035;0.4126984126984127;0.37333333333333335;0.0625;0.14035087719298245;0.44897959183673464;0.05263157894736842;0.14285714285714288;0.2236842105263158;0.32608695652173914;0.0;0.016666666666666666;0.0975609756097561;0.23510971786833856;0.17857142857142855;0.12;0.05263157894736842;0.0;0.018518518518518517;0.236318407960199
0.21794871794871798;1.0;1.0;0.17699115044247787;0.22651933701657456;0.33333333333333337;0.21875;0.21428571428571427;0.030303030303030304;0.24844720496894407;0.21982758620689655;0.1746031746031746;0.18666666666666668;0.21875;0.17543859649122806;0.12244897959183673;0.19298245614035087;0.20952380952380956;0.23684210526315788;0.25;0.1111111111111111;0.18333333333333332;0.3008130081300813;0.2006269592476489;0.26785714285714285;0.32;0.05263157894736842;0.0625;0.17592592592592593;0.21641791044776118
0.10256410256410259;0.0;1.0;0.08849557522123894;0.18784530386740333;0.13636363636363635;0.09375;0.0;0.0;0.23602484472049687;0.09913793103448276;0.12698412698412698;0.2066666666666667;0.15625;0.22807017543859648;0.12244897959183673;0.03508771929824561;0.10476190476190478;0.13157894736842105;0.16304347826086957;0.05555555555555555;0.1;0.17073170731707318;0.12539184952978058;0.19642857142857142;0.14;0.10526315789473684;0.0;0.08333333333333333;0.13930348258706468
0.17948717948717952;1.0;1.0;0.09734513274336283;0.11049723756906077;0.12121212121212122;0.03125;0.0;0.0;0.09937888198757763;0.07327586206896551;0.031746031746031744;0.12666666666666668;0.0625;0.07017543859649122;0.14285714285714285;0.10526315789473684;0.0380952380952381;0.09210526315789475;0.09782608695652173;0.027777777777777776;0.08333333333333333;0.0975609756097561;0.10031347962382445;0.09821428571428571;0.04;0.07894736842105263;0.0;0.05555555555555555;0.08706467661691542
0.2606837606837607;0.0;1.0;0.16814159292035397;0.23756906077348067;0.24242424242424243;0.0625;0.07142857142857142;0.030303030303030304;0.27329192546583847;0.19827586206896552;0.15873015873015872;0.28;0.28125;0.3157894736842105;0.16326530612244897;0.21052631578947367;0.18095238095238098;0.20394736842105263;0.21739130434782608;0.08333333333333333;0.23333333333333334;0.3089430894308943;0.1755485893416928;0.33928571428571425;0.3;0.18421052631578946;0.0625;0.2685185185185185;0.1890547263681592
0.19658119658119663;0.0;1.0;0.10619469026548672;0.15469613259668508;0.15151515151515152;0.0625;0.21428571428571427;0.030303030303030304;0.18012422360248445;0.12068965517241378;0.19047619047619047;0.22666666666666668;0.125;0.19298245614035087;0.24489795918367346;0.08771929824561403;0.1523809523809524;0.17763157894736842;0.14130434782608695;0.08333333333333333;0.16666666666666666;0.15447154471544716;0.12852664576802508;0.25;0.18;0.05263157894736842;0.0625;0.12037037037037036;0.1517412935323383
0.24358974358974364;1.0;1.0;0.07964601769911504;0.23204419889502764;0.06060606060606061;0.0;0.0;0.030303030303030304;0.11801242236024843;0.24568965517241378;0.015873015873015872;0.13333333333333333;0.375;0.3508771929824561;0.02040816326530612;0.17543859649122806;0.1904761904761905;0.13815789473684212;0.18478260869565216;0.027777777777777776;0.11666666666666667;0.11382113821138212;0.20689655172413793;0.14285714285714285;0.02;0.05263157894736842;0.0625;0.17592592592592593;0.14925373134328357
0.1324786324786325;1.0;1.0;0.061946902654867256;0.14917127071823205;0.09090909090909091;0.03125;0.14285714285714285;0.21212121212121213;0.09937888198757763;0.19827586206896552;0.06349206349206349;0.060000000000000005;0.15625;0.22807017543859648;0.1020408163265306;0.15789473684210525;0.08571428571428572;0.125;0.08695652173913043;0.19444444444444442;0.26666666666666666;0.1626016260162602;0.13479623824451412;0.13392857142857142;0.06;0.2631578947368421;0.0625;0.23148148148148145;0.07960199004975124
0.0854700854700855;1.0;1.0;0.11504424778761062;0.14364640883977903;0.09090909090909091;0.125;0.0;0.030303030303030304;0.09316770186335403;0.14224137931034483;0.0;0.060000000000000005;0.25;0.21052631578947367;0.1020408163265306;0.12280701754385964;0.12380952380952384;0.09210526315789475;0.05434782608695652;0.16666666666666666;0.15;0.11382113821138212;0.11598746081504702;0.08035714285714285;0.1;0.10526315789473684;0.0625;0.14814814814814814;0.07711442786069651
0.11538461538461539;1.0;1.0;0.061946902654867256;0.06629834254143646;0.09090909090909091;0.15625;0.07142857142857142;0.09090909090909091;0.08695652173913043;0.10775862068965517;0.015873015873015872;0.06666666666666667;0.25;0.24561403508771928;0.0;0.10526315789473684;0.057142857142857155;0.07894736842105263;0.010869565217391304;0.08333333333333333;0.11666666666666667;0.11382113821138212;0.06269592476489028;0.09821428571428571;0.08;0.15789473684210525;0.125;0.12037037037037036;0.04477611940298507
0.0854700854700855;1.0;1.0;0.04424778761061947;0.08839779005524862;0.06060606060606061;0.09375;0.21428571428571427;0.12121212121212122;0.05590062111801242;0.125;0.0;0.03333333333333333;0.21875;0.17543859649122806;0.0;0.07017543859649122;0.04761904761904762;0.11184210526315788;0.07608695652173914;0.05555555555555555;0.15;0.0975609756097561;0.07523510971786833;0.08928571428571427;0.08;0.13157894736842105;0.25;0.12962962962962962;0.04975124378109453
0.0982905982905983;1.0;1.0;0.07079646017699115;0.08287292817679558;0.12121212121212122;0.09375;0.21428571428571427;0.24242424242424243;0.06211180124223602;0.16810344827586207;0.015873015873015872;0.02666666666666667;0.25;0.15789473684210525;0.0;0.07017543859649122;0.057142857142857155;0.11184210526315788;0.06521739130434782;0.1388888888888889;0.18333333333333332;0.13821138211382114;0.08150470219435736;0.08928571428571427;0.24;0.3157894736842105;0.1875;0.12962962962962962;0.07462686567164178
0.0854700854700855;0.0;1.0;0.035398230088495575;0.03867403314917127;0.045454545454545456;0.0;0.0;0.06060606060606061;0.037267080745341616;0.04310344827586207;0.047619047619047616;0.02;0.09375;0.12280701754385964;0.02040816326530612;0.03508771929824561;0.057142857142857155;0.05263157894736842;0.03260869565217391;0.027777777777777776;0.03333333333333333;0.024390243902439025;0.04702194357366771;0.04464285714285714;0.04;0.02631578947368421;0.0;0.046296296296296294;0.03233830845771144
0.16666666666666669;1.0;1.0;0.05309734513274336;0.10497237569060773;0.045454545454545456;0.1875;0.07142857142857142;0.030303030303030304;0.08074534161490683;0.09913793103448276;0.0;0.013333333333333334;0.09375;0.12280701754385964;0.02040816326530612;0.05263157894736842;0.06666666666666668;0.046052631578947366;0.06521739130434782;0.027777777777777776;0.13333333333333333;0.13008130081300814;0.08463949843260188;0.05357142857142857;0.1;0.07894736842105263;0.0;0.1111111111111111;0.05472636815920398
0.047008547008547015;0.0;1.0;0.008849557522123894;0.011049723756906077;0.0;0.03125;0.0;0.09090909090909091;0.037267080745341616;0.06034482758620689;0.015873015873015872;0.006666666666666667;0.0625;0.10526315789473684;0.02040816326530612;0.10526315789473684;0.01904761904761905;0.046052631578947366;0.03260869565217391;0.027777777777777776;0.03333333333333333;0.06504065040650407;0.037617554858934164;0.017857142857142856;0.04;0.07894736842105263;0.0625;0.05555555555555555;0.01492537313432836
0.29914529914529914;0.0;1.0;0.12389380530973451;0.23756906077348067;0.030303030303030304;0.0;0.0;0.0;0.2546583850931677;0.01293103448275862;0.36507936507936506;0.2733333333333334;0.0625;0.017543859649122806;0.42857142857142855;0.0;0.01904761904761905;0.08552631578947367;0.20652173913043478;0.0;0.03333333333333333;0.0813008130081301;0.1724137931034483;0.0625;0.02;0.0;0.0;0.06481481481481481;0.12935323383084577
0.17948717948717952;0.0;0.0;0.4247787610619469;0.2928176795580111;0.21212121212121213;0.0;0.0;0.030303030303030304;0.20496894409937888;0.34913793103448276;0.1111111111111111;0.07333333333333333;0.28125;0.17543859649122806;0.26530612244897955;0.2631578947368421;0.20000000000000004;0.28289473684210525;0.22826086956521738;0.25;0.36666666666666664;0.12195121951219513;0.2852664576802508;0.1607142857142857;0.12;0.02631578947368421;0.0;0.24074074074074073;0.21144278606965175
0.19230769230769235;0.0;0.0;0.34513274336283184;0.6906077348066298;0.13636363636363635;0.0625;0.0;0.0;0.5838509316770186;0.16810344827586207;0.746031746031746;0.6000000000000001;0.1875;0.3508771929824561;0.9387755102040816;0.19298245614035087;0.20000000000000004;0.4671052631578947;0.5760869565217391;0.1388888888888889;0.2;0.04065040650406505;0.5391849529780564;0.1875;0.04;0.07894736842105263;0.0;0.16666666666666666;0.43034825870646765
0.09401709401709404;1.0;0.0;0.10619469026548672;0.14364640883977903;0.16666666666666669;0.21875;0.2857142857142857;0.2727272727272727;0.14906832298136646;0.2543103448275862;0.015873015873015872;0.08666666666666667;0.28125;0.3333333333333333;0.1020408163265306;0.14035087719298245;0.13333333333333336;0.1644736842105263;0.13043478260869565;0.1388888888888889;0.16666666666666666;0.28455284552845533;0.14106583072100315;0.19642857142857142;0.3;0.18421052631578946;0.1875;0.2685185185185185;0.12189054726368159
0.17948717948717952;1.0;0.0;0.1327433628318584;0.22651933701657456;0.2272727272727273;0.09375;0.14285714285714285;0.06060606060606061;0.10559006211180123;0.28879310344827586;0.047619047619047616;0.08666666666666667;0.125;0.12280701754385964;0.1020408163265306;0.17543859649122806;0.14285714285714288;0.23026315789473684;0.20652173913043478;0.05555555555555555;0.11666666666666667;0.04878048780487805;0.15047021943573669;0.2857142857142857;0.16;0.13157894736842105;0.0;0.15740740740740738;0.16666666666666666
0.2008547008547009;1.0;0.0;0.22123893805309736;0.3314917127071823;0.2272727272727273;0.0625;0.0;0.030303030303030304;0.21118012422360247;0.3793103448275862;0.09523809523809523;0.24000000000000002;0.34375;0.19298245614035087;0.16326530612244897;0.3333333333333333;0.3238095238095238;0.3684210526315789;0.19565217391304346;0.4444444444444444;0.23333333333333334;0.05691056910569106;0.26645768025078365;0.5089285714285714;0.12;0.3157894736842105;0.0;0.21296296296296297;0.3009950248756219
0.0982905982905983;1.0;0.0;0.11504424778761062;0.10497237569060773;0.12121212121212122;0.03125;0.0;0.0;0.043478260869565216;0.11206896551724138;0.031746031746031744;0.08666666666666667;0.09375;0.10526315789473684;0.08163265306122448;0.10526315789473684;0.08571428571428572;0.11842105263157895;0.09782608695652173;0.1388888888888889;0.1;0.024390243902439025;0.09717868338557993;0.125;0.08;0.0;0.0625;0.08333333333333333;0.08955223880597014
0.16239316239316243;1.0;0.0;0.3185840707964602;0.39226519337016574;0.2878787878787879;0.21875;0.2857142857142857;0.09090909090909091;0.17391304347826086;0.5043103448275862;0.047619047619047616;0.17333333333333334;0.1875;0.21052631578947367;0.2857142857142857;0.38596491228070173;0.41904761904761906;0.4473684210526315;0.21739130434782608;0.2222222222222222;0.35;0.13821138211382114;0.31034482758620685;0.40178571428571425;0.2;0.2631578947368421;0.125;0.23148148148148145;0.31094527363184077
0.12820512820512822;0.0;1.0;0.1504424778761062;0.14917127071823205;0.12121212121212122;0.0;0.0;0.0;0.13664596273291924;0.09913793103448276;0.12698412698412698;0.2;0.0625;0.15789473684210525;0.4693877551020408;0.07017543859649122;0.0761904761904762;0.14473684210526316;0.15217391304347827;0.08333333333333333;0.08333333333333333;0.05691056910569106;0.15047021943573669;0.125;0.04;0.02631578947368421;0.0;0.05555555555555555;0.13432835820895522
0.0341880341880342;1.0;0.0;0.035398230088495575;0.027624309392265192;0.06060606060606061;0.0;0.0;0.0;0.012422360248447204;0.05172413793103448;0.015873015873015872;0.02;0.0;0.05263157894736842;0.02040816326530612;0.07017543859649122;0.04761904761904762;0.013157894736842105;0.021739130434782608;0.05555555555555555;0.016666666666666666;0.008130081300813009;0.0;0.10714285714285714;0.08;0.02631578947368421;0.0625;0.027777777777777776;0.02238805970149254
0.38461538461538464;1.0;1.0;0.10619469026548672;0.16574585635359118;0.2878787878787879;0.28125;0.14285714285714285;0.09090909090909091;0.20496894409937888;0.23706896551724138;0.07936507936507936;0.12666666666666668;0.21875;0.21052631578947367;0.061224489795918366;0.2982456140350877;0.2761904761904762;0.24342105263157895;0.2608695652173913;0.25;0.18333333333333332;0.23577235772357727;0.16927899686520376;0.3125;0.46;0.07894736842105263;0.25;0.1388888888888889;0.23134328358208955
0.1452991452991453;0.0;0.0;0.30973451327433627;0.3812154696132597;0.09090909090909091;0.0625;0.0;0.0;0.3354037267080745;0.17672413793103448;0.36507936507936506;0.28;0.1875;0.21052631578947367;0.2040816326530612;0.10526315789473684;0.20000000000000004;0.23026315789473684;0.2826086956521739;0.08333333333333333;0.06666666666666667;0.024390243902439025;0.3605015673981191;0.16964285714285712;0.06;0.05263157894736842;0.0625;0.09259259259259259;0.30597014925373134
0.05128205128205129;0.0;1.0;0.1415929203539823;0.1270718232044199;0.015151515151515152;0.0;0.0;0.0;0.12422360248447203;0.0;0.42857142857142855;0.21333333333333335;0.0;0.017543859649122806;0.4081632653061224;0.017543859649122806;0.0;0.11842105263157895;0.14130434782608695;0.0;0.0;0.008130081300813009;0.10971786833855798;0.0;0.0;0.0;0.0;0.0;0.07711442786069651
0.2307692307692308;1.0;1.0;0.16814159292035397;0.14364640883977903;0.2878787878787879;0.40625;0.2857142857142857;0.15151515151515152;0.10559006211180123;0.21551724137931033;0.1111111111111111;0.14;0.5;0.3684210526315789;0.061224489795918366;0.14035087719298245;0.3142857142857143;0.21710526315789472;0.22826086956521738;0.16666666666666666;0.13333333333333333;0.42276422764227645;0.20376175548589343;0.27678571428571425;0.32;0.3157894736842105;0.25;0.2685185185185185;0.19651741293532338
0.13675213675213677;0.0;1.0;0.3805309734513274;0.4143646408839779;0.25757575757575757;0.0625;0.0;0.0;0.3167701863354037;0.15948275862068964;0.5079365079365079;0.38;0.15625;0.21052631578947367;0.7142857142857142;0.10526315789473684;0.18095238095238098;0.37499999999999994;0.3913043478260869;0.1111111111111111;0.1;0.17073170731707318;0.3667711598746081;0.1607142857142857;0.14;0.13157894736842105;0.0;0.07407407407407407;0.3233830845771144
0.1324786324786325;1.0;0.0;0.04424778761061947;0.14917127071823205;0.13636363636363635;0.0625;0.0;0.0;0.06832298136645962;0.15517241379310345;0.06349206349206349;0.07333333333333333;0.1875;0.14035087719298245;0.02040816326530612;0.22807017543859648;0.18095238095238098;0.10526315789473684;0.11956521739130435;0.08333333333333333;0.06666666666666667;0.04065040650406505;0.12852664576802508;0.1607142857142857;0.06;0.10526315789473684;0.0;0.08333333333333333;0.12189054726368159
0.07692307692307693;0.0;0.0;0.24778761061946902;0.23204419889502764;0.15151515151515152;0.09375;0.0;0.0;0.2608695652173913;0.08620689655172414;0.3333333333333333;0.17333333333333334;0.03125;0.08771929824561403;0.4081632653061224;0.07017543859649122;0.09523809523809526;0.256578947368421;0.25;0.05555555555555555;0.05;0.04065040650406505;0.219435736677116;0.14285714285714285;0.1;0.10526315789473684;0.0;0.046296296296296294;0.20398009950248755
0.1495726495726496;1.0;1.0;0.1327433628318584;0.1602209944751381;0.24242424242424243;0.21875;0.14285714285714285;0.09090909090909091;0.12422360248447203;0.3103448275862069;0.14285714285714285;0.15333333333333335;0.59375;0.2982456140350877;0.1020408163265306;0.21052631578947367;0.2857142857142857;0.23684210526315788;0.20652173913043478;0.1388888888888889;0.25;0.3902439024390244;0.2445141065830721;0.27678571428571425;0.14;0.2631578947368421;0.0;0.24074074074074073;0.21393034825870647
0.18803418803418806;0.0;0.0;0.4070796460176991;0.5359116022099447;0.19696969696969696;0.125;0.0;0.0;0.4906832298136646;0.22844827586206895;0.4444444444444444;0.4266666666666667;0.25;0.24561403508771928;0.6530612244897959;0.17543859649122806;0.3238095238095238;0.44078947368421045;0.532608695652174;0.027777777777777776;0.25;0.12195121951219513;0.48275862068965514;0.3214285714285714;0.12;0.13157894736842105;0.0;0.07407407407407407;0.4577114427860696
0.08119658119658121;0.0;1.0;0.061946902654867256;0.09392265193370165;0.07575757575757576;0.0;0.0;0.0;0.018633540372670808;0.07327586206896551;0.12698412698412698;0.060000000000000005;0.0625;0.017543859649122806;0.1020408163265306;0.03508771929824561;0.04761904761904762;0.06578947368421054;0.05434782608695652;0.027777777777777776;0.11666666666666667;0.032520325203252036;0.09717868338557993;0.0625;0.0;0.02631578947368421;0.0;0.08333333333333333;0.062189054726368154
0.14102564102564105;0.0;0.0;0.2743362831858407;0.5469613259668508;0.16666666666666669;0.0;0.07142857142857142;0.0;0.3416149068322981;0.16379310344827586;0.3968253968253968;0.34;0.21875;0.08771929824561403;0.6122448979591836;0.08771929824561403;0.1619047619047619;0.4671052631578947;0.3913043478260869;0.16666666666666666;0.1;0.05691056910569106;0.4075235109717868;0.20535714285714285;0.08;0.10526315789473684;0.0625;0.12962962962962962;0.34577114427860695
0.7094017094017094;0.0;1.0;0.25663716814159293;0.2541436464088398;0.21212121212121213;0.09375;0.0;0.0;0.43478260869565216;0.06465517241379311;0.5396825396825397;0.36000000000000004;0.03125;0.07017543859649122;0.5918367346938775;0.0;0.028571428571428574;0.2697368421052631;0.40217391304347827;0.027777777777777776;0.05;0.12195121951219513;0.23510971786833856;0.2589285714285714;0.22;0.05263157894736842;0.0625;0.07407407407407407;0.2562189054726368
0.19658119658119663;1.0;1.0;0.07964601769911504;0.10497237569060773;0.045454545454545456;0.03125;0.07142857142857142;0.030303030303030304;0.07453416149068323;0.07327586206896551;0.07936507936507936;0.06666666666666667;0.09375;0.12280701754385964;0.1020408163265306;0.08771929824561403;0.17142857142857146;0.09210526315789475;0.08695652173913043;0.0;0.05;0.12195121951219513;0.12539184952978058;0.09821428571428571;0.04;0.05263157894736842;0.0625;0.009259259259259259;0.11940298507462688
0.07264957264957267;0.0;1.0;0.1504424778761062;0.13812154696132595;0.15151515151515152;0.09375;0.07142857142857142;0.0;0.17391304347826086;0.11637931034482758;0.19047619047619047;0.17333333333333334;0.15625;0.19298245614035087;0.22448979591836732;0.17543859649122806;0.14285714285714288;0.17105263157894737;0.13043478260869565;0.1388888888888889;0.08333333333333333;0.06504065040650407;0.11912225705329153;0.25;0.06;0.13157894736842105;0.0;0.05555555555555555;0.14676616915422885
0.10256410256410259;0.0;0.0;0.1504424778761062;0.281767955801105;0.12121212121212122;0.09375;0.14285714285714285;0.0;0.21118012422360247;0.16379310344827586;0.12698412698412698;0.2;0.125;0.12280701754385964;0.2040816326530612;0.07017543859649122;0.09523809523809526;0.18421052631578946;0.30434782608695654;0.1111111111111111;0.06666666666666667;0.0975609756097561;0.26018808777429464;0.125;0.08;0.05263157894736842;0.0;0.10185185185185185;0.21393034825870647
0.1495726495726496;1.0;0.0;0.17699115044247787;0.19889502762430938;0.13636363636363635;0.0;0.0;0.0;0.14906832298136646;0.16810344827586207;0.12698412698412698;0.11333333333333334;0.40625;0.12280701754385964;0.1020408163265306;0.10526315789473684;0.21904761904761907;0.24999999999999997;0.21739130434782608;0.05555555555555555;0.08333333333333333;0.04878048780487805;0.23824451410658307;0.11607142857142856;0.12;0.18421052631578946;0.0;0.06481481481481481;0.208955223880597
0.2008547008547009;0.0;0.0;0.34513274336283184;0.3591160220994475;0.5909090909090909;0.46875;0.2857142857142857;0.09090909090909091;0.16770186335403725;0.5775862068965517;0.20634920634920634;0.24666666666666667;1.0;0.7017543859649122;0.18367346938775508;0.45614035087719296;0.5523809523809524;0.4802631578947368;0.44565217391304346;0.3333333333333333;0.45;0.6585365853658537;0.4231974921630094;0.5625;0.58;0.39473684210526316;0.1875;0.3333333333333333;0.4651741293532338
0.12820512820512822;1.0;0.0;0.1415929203539823;0.049723756906077346;0.06060606060606061;0.0;0.0;0.0;0.03105590062111801;0.09051724137931035;0.12698412698412698;0.04666666666666667;0.03125;0.12280701754385964;0.02040816326530612;0.15789473684210525;0.057142857142857155;0.11842105263157895;0.11956521739130435;0.0;0.05;0.024390243902439025;0.09404388714733541;0.125;0.0;0.07894736842105263;0.0;0.037037037037037035;0.08955223880597014
0.23504273504273507;1.0;0.0;0.24778761061946902;0.22651933701657456;0.15151515151515152;0.0625;0.0;0.0;0.16770186335403725;0.1896551724137931;0.25396825396825395;0.16666666666666669;0.25;0.07017543859649122;0.14285714285714285;0.10526315789473684;0.2380952380952381;0.21052631578947367;0.2608695652173913;0.08333333333333333;0.05;0.016260162601626018;0.2727272727272727;0.16964285714285712;0.08;0.18421052631578946;0.0625;0.046296296296296294;0.2512437810945274
0.2008547008547009;0.0;0.0;0.5663716814159292;0.6685082872928176;0.7121212121212122;0.53125;0.2857142857142857;0.15151515151515152;0.5465838509316769;0.4698275862068965;0.5079365079365079;0.5533333333333333;0.40625;0.7192982456140351;0.5714285714285714;0.3333333333333333;0.4761904761904762;0.6578947368421053;0.6956521739130435;0.2777777777777778;0.5166666666666666;0.7317073170731708;0.6144200626959248;0.6071428571428571;0.78;0.4473684210526315;0.25;0.3796296296296296;0.6417910447761194
0.2905982905982906;0.0;1.0;0.2920353982300885;0.2928176795580111;0.5;0.4375;0.5;0.36363636363636365;0.3105590062111801;0.40948275862068967;0.20634920634920634;0.2866666666666667;0.46875;0.5964912280701754;0.1020408163265306;0.2631578947368421;0.4380952380952381;0.3881578947368421;0.3913043478260869;0.1111111111111111;0.4;0.41463414634146345;0.31034482758620685;0.49107142857142855;0.66;0.5263157894736842;0.375;0.28703703703703703;0.3781094527363184
0.16239316239316243;1.0;1.0;0.22123893805309736;0.2541436464088398;0.4090909090909091;0.3125;0.21428571428571427;0.15151515151515152;0.19254658385093165;0.3448275862068966;0.12698412698412698;0.18000000000000002;0.21875;0.3508771929824561;0.04081632653061224;0.40350877192982454;0.40952380952380957;0.3157894736842105;0.2934782608695652;0.19444444444444442;0.26666666666666666;0.3739837398373984;0.29780564263322884;0.3214285714285714;0.4;0.3421052631578947;0.125;0.19444444444444442;0.31343283582089554
0.15811965811965814;1.0;0.0;0.36283185840707965;0.425414364640884;0.09090909090909091;0.0;0.0;0.0;0.4161490683229813;0.23706896551724138;0.36507936507936506;0.3066666666666667;0.25;0.15789473684210525;0.32653061224489793;0.14035087719298245;0.20952380952380956;0.36184210526315785;0.3804347826086956;0.05555555555555555;0.03333333333333333;0.032520325203252036;0.4012539184952978;0.24107142857142855;0.02;0.05263157894736842;0.0;0.046296296296296294;0.3656716417910448
0.06410256410256412;0.0;0.0;0.21238938053097345;0.27071823204419887;0.06060606060606061;0.03125;0.0;0.0;0.18012422360248445;0.1336206896551724;0.1746031746031746;0.14;0.15625;0.15789473684210525;0.12244897959183673;0.17543859649122806;0.1619047619047619;0.2697368421052631;0.17391304347826086;0.0;0.03333333333333333;0.0813008130081301;0.26332288401253917;0.07142857142857142;0.04;0.02631578947368421;0.0;0.1111111111111111;0.19402985074626866
0.2094017094017094;1.0;0.0;0.10619469026548672;0.24861878453038677;0.09090909090909091;0.0625;0.0;0.0;0.10559006211180123;0.1810344827586207;0.047619047619047616;0.15333333333333335;0.3125;0.15789473684210525;0.08163265306122448;0.10526315789473684;0.20000000000000004;0.21052631578947367;0.2934782608695652;0.027777777777777776;0.13333333333333333;0.0813008130081301;0.22570532915360503;0.14285714285714285;0.06;0.05263157894736842;0.0625;0.05555555555555555;0.20149253731343283
0.21367521367521372;1.0;0.0;0.3805309734513274;0.5193370165745856;0.10606060606060606;0.03125;0.0;0.0;0.5341614906832298;0.21551724137931033;0.6190476190476191;0.54;0.28125;0.2807017543859649;0.6122448979591836;0.2982456140350877;0.21904761904761907;0.3881578947368421;0.5217391304347826;0.1111111111111111;0.11666666666666667;0.032520325203252036;0.45141065830721;0.2857142857142857;0.08;0.13157894736842105;0.0;0.06481481481481481;0.42039800995024873
0.19658119658119663;1.0;1.0;0.1327433628318584;0.2044198895027624;0.030303030303030304;0.0;0.0;0.0;0.15527950310559005;0.1810344827586207;0.1746031746031746;0.15333333333333335;0.21875;0.22807017543859648;0.04081632653061224;0.14035087719298245;0.13333333333333336;0.19078947368421054;0.19565217391304346;0.05555555555555555;0.16666666666666666;0.07317073170731708;0.2476489028213166;0.10714285714285714;0.02;0.13157894736842105;0.0;0.1388888888888889;0.18159203980099503
0.16666666666666669;0.0;0.0;0.1592920353982301;0.26519337016574585;0.36363636363636365;0.21875;0.2857142857142857;0.18181818181818182;0.22981366459627328;0.3879310344827586;0.23809523809523808;0.26;0.71875;0.43859649122807015;0.2040816326530612;0.3157894736842105;0.3619047619047619;0.3289473684210526;0.34782608695652173;0.3055555555555555;0.26666666666666666;0.5040650406504066;0.32601880877742945;0.4196428571428571;0.28;0.3157894736842105;0.1875;0.1388888888888889;0.36318407960199006
0.19658119658119663;1.0;0.0;0.19469026548672566;0.27071823204419887;0.09090909090909091;0.0;0.0;0.0;0.16770186335403725;0.12068965517241378;0.25396825396825395;0.25333333333333335;0.09375;0.14035087719298245;0.32653061224489793;0.05263157894736842;0.10476190476190478;0.21052631578947367;0.22826086956521738;0.05555555555555555;0.1;0.05691056910569106;0.2476489028213166;0.14285714285714285;0.0;0.02631578947368421;0.0;0.018518518518518517;0.22139303482587064
0.18803418803418806;0.0;1.0;0.45132743362831856;0.430939226519337;0.696969696969697;0.5625;0.7142857142857142;0.4545454545454546;0.42857142857142855;0.5862068965517241;0.38095238095238093;0.4133333333333334;0.65625;0.8245614035087718;0.22448979591836732;0.24561403508771928;0.5047619047619049;0.5592105263157895;0.46739130434782605;0.3333333333333333;0.7333333333333333;0.6422764227642277;0.48275862068965514;0.7321428571428571;0.66;0.9736842105263157;0.6875;0.4444444444444444;0.5398009950248757
0.30341880341880345;1.0;1.0;0.2654867256637168;0.3259668508287293;0.4696969696969697;0.3125;0.42857142857142855;0.18181818181818182;0.2546583850931677;0.4439655172413793;0.12698412698412698;0.2866666666666667;0.375;0.40350877192982454;0.12244897959183673;0.24561403508771928;0.3523809523809524;0.3421052631578947;0.3913043478260869;0.08333333333333333;0.26666666666666666;0.2764227642276423;0.34796238244514105;0.49107142857142855;0.28;0.5;0.25;0.2962962962962963;0.3582089552238806
0.06410256410256412;0.0;0.0;0.16814159292035397;0.22651933701657456;0.21212121212121213;0.0;0.0;0.030303030303030304;0.12422360248447203;0.1939655172413793;0.12698412698412698;0.10666666666666667;0.21875;0.12280701754385964;0.02040816326530612;0.05263157894736842;0.18095238095238098;0.17105263157894737;0.19565217391304346;0.16666666666666666;0.13333333333333333;0.0894308943089431;0.2225705329153605;0.19642857142857142;0.08;0.10526315789473684;0.0625;0.16666666666666666;0.18656716417910446
0.10256410256410259;0.0;1.0;0.05309734513274336;0.0718232044198895;0.06060606060606061;0.125;0.21428571428571427;0.030303030303030304;0.043478260869565216;0.11206896551724138;0.06349206349206349;0.05333333333333334;0.21875;0.12280701754385964;0.02040816326530612;0.03508771929824561;0.057142857142857155;0.08552631578947367;0.09782608695652173;0.027777777777777776;0.11666666666666667;0.12195121951219513;0.09404388714733541;0.0625;0.14;0.13157894736842105;0.0625;0.037037037037037035;0.08955223880597014
0.17094017094017097;1.0;0.0;0.23893805309734512;0.3591160220994475;0.16666666666666669;0.0;0.0;0.0;0.19875776397515527;0.3146551724137931;0.25396825396825395;0.26;0.125;0.2982456140350877;0.2040816326530612;0.15789473684210525;0.2761904761904762;0.2697368421052631;0.33695652173913043;0.1388888888888889;0.13333333333333333;0.0813008130081301;0.36990595611285265;0.21428571428571427;0.1;0.15789473684210525;0.0;0.08333333333333333;0.3333333333333333
0.3717948717948718;0.0;0.0;1.0;0.9999999999999999;0.8333333333333334;0.65625;0.14285714285714285;0.30303030303030304;0.9999999999999999;0.6293103448275862;1.0;1.0;0.71875;0.8421052631578947;0.8775510204081632;0.3684210526315789;0.6285714285714287;1.0;1.0;0.25;0.6;0.7723577235772359;0.9999999999999999;0.8571428571428571;0.72;0.6052631578947368;0.4375;0.41666666666666663;1.0
0.08119658119658121;0.0;0.0;0.10619469026548672;0.07734806629834254;0.07575757575757576;0.0;0.07142857142857142;0.0;0.049689440993788817;0.06465517241379311;0.14285714285714285;0.060000000000000005;0.1875;0.08771929824561403;0.12244897959183673;0.03508771929824561;0.06666666666666668;0.039473684210526314;0.10869565217391304;0.05555555555555555;0.11666666666666667;0.016260162601626018;0.08463949843260188;0.08928571428571427;0.06;0.07894736842105263;0.0;0.046296296296296294;0.07711442786069651
0.08974358974358976;0.0;0.0;0.1415929203539823;0.18784530386740333;0.12121212121212122;0.09375;0.07142857142857142;0.0;0.22981366459627328;0.09482758620689655;0.25396825396825395;0.2;0.125;0.15789473684210525;0.3469387755102041;0.10526315789473684;0.12380952380952384;0.15789473684210525;0.20652173913043478;0.05555555555555555;0.016666666666666666;0.016260162601626018;0.1724137931034483;0.13392857142857142;0.12;0.07894736842105263;0.0;0.05555555555555555;0.16417910447761194
0.05982905982905983;0.0;0.0;0.20353982300884954;0.19889502762430938;0.12121212121212122;0.03125;0.0;0.0;0.16770186335403725;0.10344827586206896;0.20634920634920634;0.23333333333333334;0.15625;0.10526315789473684;0.18367346938775508;0.12280701754385964;0.13333333333333336;0.1644736842105263;0.20652173913043478;0.0;0.03333333333333333;0.024390243902439025;0.1755485893416928;0.19642857142857142;0.06;0.07894736842105263;0.0;0.027777777777777776;0.18407960199004975
0.19230769230769235;1.0;1.0;0.05309734513274336;0.03867403314917127;0.06060606060606061;0.0;0.0;0.030303030303030304;0.037267080745341616;0.05172413793103448;0.06349206349206349;0.04666666666666667;0.0625;0.05263157894736842;0.04081632653061224;0.017543859649122806;0.06666666666666668;0.06578947368421054;0.043478260869565216;0.027777777777777776;0.08333333333333333;0.0;0.05329153605015673;0.09821428571428571;0.0;0.02631578947368421;0.125;0.018518518518518517;0.05472636815920398
0.11965811965811968;0.0;0.0;0.1415929203539823;0.3149171270718232;0.2272727272727273;0.0625;0.0;0.0;0.14906832298136646;0.3146551724137931;0.12698412698412698;0.15333333333333335;0.34375;0.15789473684210525;0.12244897959183673;0.19298245614035087;0.2857142857142857;0.28289473684210525;0.31521739130434784;0.1388888888888889;0.18333333333333332;0.07317073170731708;0.3573667711598746;0.20535714285714285;0.04;0.10526315789473684;0.0;0.17592592592592593;0.2885572139303483
0.23931623931623933;1.0;1.0;0.1415929203539823;0.0718232044198895;0.2272727272727273;0.125;0.0;0.0;0.06211180124223602;0.14224137931034483;0.047619047619047616;0.09333333333333334;0.1875;0.17543859649122806;0.02040816326530612;0.05263157894736842;0.14285714285714288;0.07894736842105263;0.13043478260869565;0.0;0.03333333333333333;0.1788617886178862;0.10344827586206896;0.23214285714285712;0.1;0.10526315789473684;0.0625;0.09259259259259259;0.12437810945273631
0.1837606837606838;0.0;0.0;0.1415929203539823;0.26519337016574585;0.12121212121212122;0.125;0.0;0.030303030303030304;0.09937888198757763;0.20689655172413793;0.19047619047619047;0.10666666666666667;0.25;0.08771929824561403;0.18367346938775508;0.17543859649122806;0.2571428571428572;0.21710526315789472;0.22826086956521738;0.19444444444444442;0.15;0.05691056910569106;0.26645768025078365;0.21428571428571427;0.06;0.10526315789473684;0.0625;0.1111111111111111;0.23880597014925375
0.08974358974358976;0.0;0.0;0.1592920353982301;0.15469613259668508;0.07575757575757576;0.03125;0.0;0.0;0.09937888198757763;0.08620689655172414;0.19047619047619047;0.12000000000000001;0.09375;0.017543859649122806;0.22448979591836732;0.10526315789473684;0.10476190476190478;0.1513157894736842;0.15217391304347827;0.08333333333333333;0.05;0.008130081300813009;0.16300940438871475;0.08928571428571427;0.02;0.10526315789473684;0.0;0.06481481481481481;0.12935323383084577
0.07264957264957267;0.0;0.0;0.1504424778761062;0.1712707182320442;0.09090909090909091;0.0625;0.0;0.0;0.08695652173913043;0.09913793103448276;0.09523809523809523;0.04666666666666667;0.125;0.03508771929824561;0.16326530612244897;0.10526315789473684;0.12380952380952384;0.11842105263157895;0.17391304347826086;0.05555555555555555;0.05;0.04065040650406505;0.14420062695924765;0.10714285714285714;0.12;0.0;0.0;0.07407407407407407;0.12935323383084577
0.25213675213675213;1.0;1.0;0.2920353982300885;0.3591160220994475;0.4545454545454546;0.34375;0.3571428571428571;0.30303030303030304;0.27329192546583847;0.3448275862068966;0.3492063492063492;0.3866666666666667;0.40625;0.5614035087719298;0.26530612244897955;0.24561403508771928;0.41904761904761906;0.4605263157894736;0.4891304347826087;0.1388888888888889;0.4;0.5772357723577236;0.39184952978056425;0.5;0.56;0.5789473684210527;0.1875;0.21296296296296297;0.4527363184079602
0.14102564102564105;0.0;0.0;0.18584070796460178;0.2430939226519337;0.2272727272727273;0.15625;0.07142857142857142;0.030303030303030304;0.10559006211180123;0.23275862068965517;0.07936507936507936;0.11333333333333334;0.34375;0.21052631578947367;0.18367346938775508;0.21052631578947367;0.2571428571428572;0.21710526315789472;0.32608695652173914;0.027777777777777776;0.06666666666666667;0.06504065040650407;0.25391849529780564;0.17857142857142855;0.16;0.10526315789473684;0.0;0.09259259259259259;0.236318407960199
0.21367521367521372;1.0;1.0;0.07079646017699115;0.03867403314917127;0.09090909090909091;0.0625;0.07142857142857142;0.0;0.06211180124223602;0.12068965517241378;0.047619047619047616;0.04666666666666667;0.1875;0.12280701754385964;0.04081632653061224;0.07017543859649122;0.12380952380952384;0.06578947368421054;0.15217391304347827;0.027777777777777776;0.13333333333333333;0.07317073170731708;0.12852664576802508;0.08928571428571427;0.08;0.10526315789473684;0.0625;0.06481481481481481;0.10945273631840796
0.07264957264957267;0.0;1.0;0.035398230088495575;0.03867403314917127;0.030303030303030304;0.0625;0.0;0.0;0.018633540372670808;0.05603448275862069;0.031746031746031744;0.006666666666666667;0.09375;0.07017543859649122;0.0;0.017543859649122806;0.06666666666666668;0.05263157894736842;0.05434782608695652;0.05555555555555555;0.06666666666666667;0.04878048780487805;0.06269592476489028;0.03571428571428571;0.04;0.05263157894736842;0.0;0.018518518518518517;0.04975124378109453
0.11965811965811968;1.0;1.0;0.02654867256637168;0.04419889502762431;0.015151515151515152;0.0;0.0;0.06060606060606061;0.018633540372670808;0.05603448275862069;0.0;0.02;0.15625;0.08771929824561403;0.04081632653061224;0.07017543859649122;0.06666666666666668;0.03289473684210526;0.043478260869565216;0.0;0.016666666666666666;0.05691056910569106;0.037617554858934164;0.0625;0.0;0.0;0.0625;0.009259259259259259;0.03482587064676617
0.04273504273504274;0.0;1.0;0.017699115044247787;0.04419889502762431;0.030303030303030304;0.0;0.07142857142857142;0.06060606060606061;0.024844720496894408;0.06465517241379311;0.031746031746031744;0.02;0.0625;0.03508771929824561;0.02040816326530612;0.10526315789473684;0.0761904761904762;0.05921052631578947;0.03260869565217391;0.05555555555555555;0.05;0.008130081300813009;0.050156739811912224;0.08035714285714285;0.02;0.07894736842105263;0.0;0.08333333333333333;0.03233830845771144
0.11111111111111113;1.0;1.0;0.1592920353982301;0.10497237569060773;0.21212121212121213;0.0625;0.2857142857142857;0.06060606060606061;0.09937888198757763;0.21982758620689655;0.047619047619047616;0.1;0.3125;0.2631578947368421;0.08163265306122448;0.15789473684210525;0.24761904761904766;0.17763157894736842;0.10869565217391304;0.027777777777777776;0.16666666666666666;0.1869918699186992;0.15047021943573669;0.26785714285714285;0.14;0.15789473684210525;0.125;0.2222222222222222;0.1417910447761194
0.16239316239316243;1.0;1.0;0.1504424778761062;0.15469613259668508;0.30303030303030304;0.125;0.42857142857142855;0.15151515151515152;0.08695652173913043;0.21982758620689655;0.07936507936507936;0.08666666666666667;0.40625;0.21052631578947367;0.0;0.15789473684210525;0.26666666666666666;0.24999999999999997;0.17391304347826086;0.08333333333333333;0.11666666666666667;0.1626016260162602;0.18495297805642633;0.30357142857142855;0.22;0.21052631578947367;0.1875;0.21296296296296297;0.19154228855721392
0.17094017094017097;1.0;0.0;0.12389380530973451;0.18784530386740333;0.09090909090909091;0.0625;0.0;0.0;0.13664596273291924;0.1896551724137931;0.14285714285714285;0.17333333333333334;0.25;0.10526315789473684;0.08163265306122448;0.08771929824561403;0.12380952380952384;0.17763157894736842;0.15217391304347827;0.05555555555555555;0.11666666666666667;0.10569105691056911;0.2006269592476489;0.10714285714285714;0.06;0.05263157894736842;0.0;0.037037037037037035;0.17661691542288557
0.17948717948717952;1.0;0.0;0.25663716814159293;0.32044198895027626;0.15151515151515152;0.03125;0.0;0.0;0.2919254658385093;0.2025862068965517;0.25396825396825395;0.22;0.125;0.19298245614035087;0.22448979591836732;0.15789473684210525;0.1904761904761905;0.24342105263157895;0.25;0.08333333333333333;0.13333333333333333;0.0975609756097561;0.28213166144200624;0.25;0.08;0.05263157894736842;0.0;0.1111111111111111;0.263681592039801
0.12393162393162396;1.0;0.0;0.08849557522123894;0.1270718232044199;0.06060606060606061;0.0;0.0;0.0;0.06832298136645962;0.09482758620689655;0.09523809523809523;0.1;0.0625;0.07017543859649122;0.02040816326530612;0.03508771929824561;0.1142857142857143;0.10526315789473684;0.07608695652173914;0.08333333333333333;0.05;0.0;0.1128526645768025;0.10714285714285714;0.04;0.05263157894736842;0.0;0.009259259259259259;0.11194029850746269
0.22222222222222224;1.0;1.0;0.1415929203539823;0.06629834254143646;0.12121212121212122;0.25;0.21428571428571427;0.21212121212121213;0.06832298136645962;0.2025862068965517;0.047619047619047616;0.08666666666666667;0.53125;0.24561403508771928;0.04081632653061224;0.12280701754385964;0.1523809523809524;0.10526315789473684;0.10869565217391304;0.1111111111111111;0.18333333333333332;0.1788617886178862;0.11598746081504702;0.19642857142857142;0.18;0.13157894736842105;0.3125;0.09259259259259259;0.13432835820895522
0.25213675213675213;0.0;1.0;0.20353982300884954;0.19337016574585636;0.4696969696969697;0.34375;0.5;0.18181818181818182;0.21739130434782608;0.28448275862068967;0.1746031746031746;0.17333333333333334;0.46875;0.3508771929824561;0.2857142857142857;0.15789473684210525;0.3619047619047619;0.2631578947368421;0.25;0.1111111111111111;0.3;0.33333333333333337;0.2413793103448276;0.4732142857142857;0.28;0.5263157894736842;0.1875;0.18518518518518517;0.29850746268656714
0.26495726495726496;0.0;1.0;0.1415929203539823;0.16574585635359118;0.3484848484848485;0.125;0.07142857142857142;0.18181818181818182;0.10559006211180123;0.25862068965517243;0.07936507936507936;0.15333333333333335;0.59375;0.3684210526315789;0.12244897959183673;0.19298245614035087;0.2857142857142857;0.18421052631578946;0.15217391304347827;0.1388888888888889;0.26666666666666666;0.3252032520325204;0.1943573667711599;0.2857142857142857;0.26;0.2894736842105263;0.375;0.21296296296296297;0.19900497512437812
0.2094017094017094;0.0;1.0;0.22123893805309736;0.1712707182320442;0.30303030303030304;0.5;0.42857142857142855;0.42424242424242425;0.17391304347826086;0.28879310344827586;0.19047619047619047;0.21333333333333335;0.65625;0.5789473684210527;0.18367346938775508;0.2631578947368421;0.4285714285714286;0.2763157894736842;0.17391304347826086;0.1111111111111111;0.23333333333333334;0.47154471544715454;0.22884012539184953;0.4821428571428571;0.46;0.4473684210526315;0.25;0.2222222222222222;0.3034825870646766
0.25641025641025644;1.0;1.0;0.10619469026548672;0.11049723756906077;0.25757575757575757;0.25;0.21428571428571427;0.09090909090909091;0.11801242236024843;0.22844827586206895;0.1111111111111111;0.14;0.28125;0.3333333333333333;0.061224489795918366;0.15789473684210525;0.1619047619047619;0.14473684210526316;0.16304347826086957;0.027777777777777776;0.11666666666666667;0.2601626016260163;0.16300940438871475;0.27678571428571425;0.14;0.2631578947368421;0.1875;0.08333333333333333;0.19154228855721392
0.23931623931623933;1.0;0.0;0.08849557522123894;0.14364640883977903;0.07575757575757576;0.03125;0.0;0.0;0.09316770186335403;0.11206896551724138;0.07936507936507936;0.08;0.1875;0.07017543859649122;0.061224489795918366;0.03508771929824561;0.10476190476190478;0.11842105263157895;0.11956521739130435;0.1388888888888889;0.06666666666666667;0.04878048780487805;0.15987460815047022;0.05357142857142857;0.06;0.05263157894736842;0.0;0.027777777777777776;0.1318407960199005
0.09401709401709404;0.0;0.0;0.20353982300884954;0.287292817679558;0.12121212121212122;0.03125;0.0;0.0;0.12422360248447203;0.2025862068965517;0.15873015873015872;0.13333333333333333;0.21875;0.15789473684210525;0.12244897959183673;0.10526315789473684;0.20000000000000004;0.29605263157894735;0.22826086956521738;0.0;0.11666666666666667;0.04065040650406505;0.29780564263322884;0.13392857142857142;0.02;0.07894736842105263;0.0625;0.12962962962962962;0.23134328358208955
0.19658119658119663;1.0;1.0;0.05309734513274336;0.06077348066298342;0.07575757575757576;0.125;0.14285714285714285;0.0;0.06211180124223602;0.09913793103448276;0.031746031746031744;0.02666666666666667;0.125;0.17543859649122806;0.04081632653061224;0.15789473684210525;0.1142857142857143;0.05921052631578947;0.06521739130434782;0.027777777777777776;0.1;0.05691056910569106;0.0877742946708464;0.05357142857142857;0.12;0.07894736842105263;0.1875;0.10185185185185185;0.062189054726368154
0.07264957264957267;1.0;0.0;0.017699115044247787;0.06629834254143646;0.07575757575757576;0.03125;0.0;0.0;0.024844720496894408;0.07327586206896551;0.015873015873015872;0.02666666666666667;0.125;0.07017543859649122;0.02040816326530612;0.05263157894736842;0.04761904761904762;0.07236842105263158;0.010869565217391304;0.05555555555555555;0.05;0.008130081300813009;0.06583072100313479;0.05357142857142857;0.08;0.0;0.0;0.027777777777777776;0.05970149253731344
0.05555555555555556;0.0;0.0;0.12389380530973451;0.15469613259668508;0.045454545454545456;0.0;0.0;0.0;0.11180124223602483;0.1336206896551724;0.09523809523809523;0.08;0.09375;0.08771929824561403;0.08163265306122448;0.08771929824561403;0.17142857142857146;0.14473684210526316;0.10869565217391304;0.027777777777777776;0.1;0.008130081300813009;0.14733542319749218;0.08035714285714285;0.04;0.15789473684210525;0.0;0.06481481481481481;0.11691542288557213
0.07692307692307693;0.0;0.0;0.09734513274336283;0.18232044198895025;0.13636363636363635;0.0;0.0;0.0;0.08695652173913043;0.125;0.09523809523809523;0.07333333333333333;0.09375;0.10526315789473684;0.04081632653061224;0.08771929824561403;0.12380952380952384;0.15789473684210525;0.20652173913043478;0.0;0.016666666666666666;0.032520325203252036;0.1724137931034483;0.09821428571428571;0.04;0.05263157894736842;0.0;0.08333333333333333;0.13681592039800994
0.1452991452991453;1.0;1.0;0.11504424778761062;0.09392265193370165;0.13636363636363635;0.125;0.2857142857142857;0.09090909090909091;0.018633540372670808;0.19827586206896552;0.031746031746031744;0.05333333333333334;0.5;0.43859649122807015;0.02040816326530612;0.2631578947368421;0.26666666666666666;0.13157894736842105;0.14130434782608695;0.19444444444444442;0.16666666666666666;0.12195121951219513;0.15047021943573669;0.17857142857142855;0.16;0.2631578947368421;0.1875;0.2222222222222222;0.11940298507462688
0.15384615384615388;1.0;1.0;0.061946902654867256;0.03314917127071823;0.06060606060606061;0.0;0.07142857142857142;0.0;0.018633540372670808;0.06034482758620689;0.015873015873015872;0.02;0.0625;0.03508771929824561;0.04081632653061224;0.05263157894736842;0.04761904761904762;0.039473684210526314;0.08695652173913043;0.0;0.05;0.05691056910569106;0.04075235109717868;0.08928571428571427;0.06;0.02631578947368421;0.0625;0.027777777777777776;0.0472636815920398
0.07264957264957267;0.0;0.0;0.20353982300884954;0.30386740331491713;0.15151515151515152;0.0;0.0;0.0;0.13664596273291924;0.19827586206896552;0.20634920634920634;0.16666666666666669;0.21875;0.24561403508771928;0.18367346938775508;0.15789473684210525;0.18095238095238098;0.256578947368421;0.2934782608695652;0.1388888888888889;0.11666666666666667;0.05691056910569106;0.3134796238244514;0.1607142857142857;0.04;0.15789473684210525;0.0;0.09259259259259259;0.263681592039801
0.07692307692307693;0.0;0.0;0.33628318584070793;0.5303867403314917;0.12121212121212122;0.0625;0.0;0.0;0.34782608695652173;0.24568965517241378;0.5714285714285714;0.3866666666666667;0.3125;0.24561403508771928;0.7551020408163265;0.19298245614035087;0.20000000000000004;0.44078947368421045;0.40217391304347827;0.1111111111111111;0.06666666666666667;0.04065040650406505;0.44827586206896547;0.125;0.08;0.05263157894736842;0.0;0.037037037037037035;0.3805970149253731
0.07692307692307693;0.0;0.0;0.2831858407079646;0.36464088397790057;0.16666666666666669;0.0;0.0;0.0;0.2981366459627329;0.10775862068965517;0.4444444444444444;0.2866666666666667;0.1875;0.12280701754385964;0.44897959183673464;0.10526315789473684;0.1523809523809524;0.3421052631578947;0.358695652173913;0.027777777777777776;0.05;0.024390243902439025;0.329153605015674;0.16964285714285712;0.04;0.05263157894736842;0.0;0.06481481481481481;0.2860696517412935
0.07692307692307693;0.0;0.0;0.1504424778761062;0.22651933701657456;0.06060606060606061;0.0;0.0;0.0;0.21118012422360247;0.05603448275862069;0.3968253968253968;0.25333333333333335;0.0625;0.07017543859649122;0.3469387755102041;0.03508771929824561;0.057142857142857155;0.20394736842105263;0.15217391304347827;0.027777777777777776;0.06666666666666667;0.008130081300813009;0.20376175548589343;0.08035714285714285;0.04;0.0;0.0;0.018518518518518517;0.17412935323383083
0.15384615384615388;1.0;0.0;0.25663716814159293;0.4143646408839779;0.12121212121212122;0.0;0.07142857142857142;0.0;0.15527950310559005;0.30603448275862066;0.2222222222222222;0.24000000000000002;0.34375;0.3508771929824561;0.18367346938775508;0.14035087719298245;0.2285714285714286;0.37499999999999994;0.33695652173913043;0.1388888888888889;0.18333333333333332;0.0894308943089431;0.39811912225705326;0.2589285714285714;0.06;0.05263157894736842;0.0;0.1111111111111111;0.35572139303482586
0.12820512820512822;1.0;0.0;0.4247787610619469;0.39226519337016574;0.09090909090909091;0.03125;0.0;0.06060606060606061;0.2546583850931677;0.33620689655172414;0.07936507936507936;0.13333333333333333;0.28125;0.14035087719298245;0.18367346938775508;0.19298245614035087;0.13333333333333336;0.28947368421052627;0.25;0.25;0.26666666666666666;0.21138211382113822;0.26018808777429464;0.3214285714285714;0.12;0.18421052631578946;0.0625;0.12962962962962962;0.26616915422885573
0.11111111111111113;0.0;0.0;0.30973451327433627;0.30939226519337015;0.25757575757575757;0.03125;0.07142857142857142;0.0;0.2608695652173913;0.3103448275862069;0.2698412698412698;0.25333333333333335;0.09375;0.12280701754385964;0.26530612244897955;0.15789473684210525;0.3047619047619048;0.3355263157894736;0.34782608695652173;0.08333333333333333;0.18333333333333332;0.0975609756097561;0.3072100313479624;0.2857142857142857;0.16;0.13157894736842105;0.0625;0.12037037037037036;0.3009950248756219
0.2008547008547009;1.0;0.0;0.3805309734513274;0.30386740331491713;0.5;0.375;0.14285714285714285;0.12121212121212122;0.23602484472049687;0.46551724137931033;0.047619047619047616;0.24666666666666667;0.25;0.24561403508771928;0.14285714285714285;0.42105263157894735;0.4761904761904762;0.2631578947368421;0.31521739130434784;0.3055555555555555;0.36666666666666664;0.1869918699186992;0.2852664576802508;0.4464285714285714;0.4;0.23684210526315788;0.25;0.45370370370370366;0.26865671641791045
0.12820512820512822;1.0;0.0;0.10619469026548672;0.10497237569060773;0.21212121212121213;0.28125;0.2857142857142857;0.030303030303030304;0.09316770186335403;0.23706896551724138;0.0;0.08;0.125;0.21052631578947367;0.1020408163265306;0.14035087719298245;0.17142857142857146;0.1644736842105263;0.08695652173913043;0.4722222222222222;0.13333333333333333;0.13821138211382114;0.10971786833855798;0.21428571428571427;0.26;0.21052631578947367;0.1875;0.14814814814814814;0.12935323383084577
0.06837606837606838;0.0;0.0;0.1327433628318584;0.19337016574585636;0.13636363636363635;0.0;0.0;0.0;0.08074534161490683;0.15517241379310345;0.07936507936507936;0.17333333333333334;0.0625;0.10526315789473684;0.2040816326530612;0.10526315789473684;0.09523809523809526;0.15789473684210525;0.16304347826086957;0.05555555555555555;0.03333333333333333;0.016260162601626018;0.16614420062695925;0.08035714285714285;0.12;0.0;0.0;0.07407407407407407;0.13930348258706468
0.10256410256410259;1.0;0.0;0.2831858407079646;0.24861878453038677;0.09090909090909091;0.09375;0.07142857142857142;0.06060606060606061;0.12422360248447203;0.2543103448275862;0.015873015873015872;0.04666666666666667;0.0625;0.08771929824561403;0.04081632653061224;0.08771929824561403;0.08571428571428572;0.2631578947368421;0.18478260869565216;0.08333333333333333;0.06666666666666667;0.04065040650406505;0.16614420062695925;0.13392857142857142;0.18;0.02631578947368421;0.0;0.06481481481481481;0.16417910447761194
0.08119658119658121;0.0;0.0;0.12389380530973451;0.13812154696132595;0.09090909090909091;0.09375;0.14285714285714285;0.030303030303030304;0.043478260869565216;0.20689655172413793;0.015873015873015872;0.07333333333333333;0.03125;0.07017543859649122;0.02040816326530612;0.10526315789473684;0.10476190476190478;0.1513157894736842;0.03260869565217391;0.25;0.06666666666666667;0.008130081300813009;0.12852664576802508;0.14285714285714285;0.04;0.02631578947368421;0.0;0.16666666666666666;0.09203980099502487
0.0854700854700855;0.0;0.0;0.12389380530973451;0.425414364640884;0.07575757575757576;0.0;0.0;0.0;0.3602484472049689;0.14655172413793102;0.2857142857142857;0.38;0.15625;0.10526315789473684;0.8163265306122448;0.12280701754385964;0.20000000000000004;0.24999999999999997;0.2608695652173913;0.16666666666666666;0.06666666666666667;0.024390243902439025;0.33228840125391845;0.10714285714285714;0.06;0.10526315789473684;0.0;0.1388888888888889;0.2537313432835821
0.0982905982905983;0.0;0.0;0.17699115044247787;0.27624309392265195;0.21212121212121213;0.03125;0.07142857142857142;0.0;0.24844720496894407;0.1853448275862069;0.15873015873015872;0.21333333333333335;0.1875;0.14035087719298245;0.18367346938775508;0.08771929824561403;0.1523809523809524;0.23684210526315788;0.18478260869565216;0.1388888888888889;0.1;0.04878048780487805;0.22570532915360503;0.21428571428571427;0.1;0.18421052631578946;0.0;0.17592592592592593;0.19402985074626866
0.08119658119658121;0.0;1.0;0.02654867256637168;0.027624309392265192;0.045454545454545456;0.03125;0.07142857142857142;0.0;0.07453416149068323;0.10344827586206896;0.0;0.02666666666666667;0.03125;0.08771929824561403;0.04081632653061224;0.05263157894736842;0.057142857142857155;0.019736842105263157;0.043478260869565216;0.05555555555555555;0.05;0.024390243902439025;0.06269592476489028;0.08035714285714285;0.06;0.05263157894736842;0.0;0.17592592592592593;0.02238805970149254
0.19230769230769235;0.0;1.0;0.10619469026548672;0.14364640883977903;0.30303030303030304;0.34375;0.14285714285714285;0.09090909090909091;0.09937888198757763;0.24568965517241378;0.07936507936507936;0.05333333333333334;0.15625;0.3157894736842105;0.08163265306122448;0.17543859649122806;0.20000000000000004;0.11842105263157895;0.08695652173913043;0.08333333333333333;0.06666666666666667;0.07317073170731708;0.11912225705329153;0.13392857142857142;0.38;0.2631578947368421;0.125;0.3333333333333333;0.07960199004975124
0.1495726495726496;0.0;1.0;0.08849557522123894;0.19337016574585636;0.13636363636363635;0.0625;0.07142857142857142;0.0;0.17391304347826086;0.14655172413793102;0.2857142857142857;0.15333333333333335;0.1875;0.07017543859649122;0.22448979591836732;0.08771929824561403;0.14285714285714288;0.09210526315789475;0.17391304347826086;0.08333333333333333;0.08333333333333333;0.0894308943089431;0.1536050156739812;0.14285714285714285;0.16;0.05263157894736842;0.1875;0.25925925925925924;0.10199004975124377
0.07692307692307693;1.0;1.0;0.02654867256637168;0.04419889502762431;0.07575757575757576;0.03125;0.0;0.0;0.024844720496894408;0.06465517241379311;0.015873015873015872;0.013333333333333334;0.0625;0.05263157894736842;0.0;0.017543859649122806;0.009523809523809525;0.019736842105263157;0.010869565217391304;0.0;0.05;0.032520325203252036;0.025078369905956112;0.07142857142857142;0.06;0.02631578947368421;0.0;0.06481481481481481;0.01990049751243781
0.012820512820512824;0.0;0.0;0.0;0.04419889502762431;0.10606060606060606;0.09375;0.07142857142857142;0.21212121212121213;0.037267080745341616;0.12068965517241378;0.015873015873015872;0.02;0.125;0.12280701754385964;0.02040816326530612;0.05263157894736842;0.06666666666666668;0.05921052631578947;0.021739130434782608;0.1111111111111111;0.11666666666666667;0.06504065040650407;0.05642633228840125;0.10714285714285714;0.06;0.18421052631578946;0.25;0.12962962962962962;0.03731343283582089
0.08974358974358976;0.0;0.0;0.2831858407079646;0.5966850828729282;0.06060606060606061;0.03125;0.0;0.0;0.45341614906832295;0.13793103448275862;0.5714285714285714;0.5066666666666667;0.09375;0.15789473684210525;0.9387755102040816;0.07017543859649122;0.18095238095238098;0.3289473684210526;0.30434782608695654;0.08333333333333333;0.11666666666666667;0.024390243902439025;0.4075235109717868;0.13392857142857142;0.04;0.05263157894736842;0.0;0.19444444444444442;0.3034825870646766
0.10683760683760685;1.0;0.0;0.23008849557522124;0.17679558011049723;0.42424242424242425;0.21875;0.07142857142857142;0.09090909090909091;0.14285714285714285;0.39655172413793105;0.047619047619047616;0.12666666666666668;0.03125;0.19298245614035087;0.16326530612244897;0.17543859649122806;0.17142857142857146;0.3421052631578947;0.2391304347826087;0.1388888888888889;0.3;0.0894308943089431;0.25391849529780564;0.30357142857142855;0.16;0.3684210526315789;0.0625;0.21296296296296297;0.23880597014925375
0.08974358974358976;0.0;0.0;0.3008849557522124;0.5414364640883977;0.18181818181818182;0.03125;0.0;0.0;0.24223602484472048;0.3577586206896552;0.09523809523809523;0.2;0.03125;0.2631578947368421;0.3469387755102041;0.2982456140350877;0.3047619047619048;0.2697368421052631;0.30434782608695654;0.2222222222222222;0.21666666666666667;0.11382113821138212;0.3385579937304075;0.3125;0.12;0.0;0.0625;0.3333333333333333;0.27114427860696516
0.25641025641025644;1.0;1.0;0.061946902654867256;0.06629834254143646;0.09090909090909091;0.0;0.07142857142857142;0.06060606060606061;0.03105590062111801;0.11206896551724138;0.0;0.02;0.125;0.17543859649122806;0.04081632653061224;0.12280701754385964;0.09523809523809526;0.02631578947368421;0.03260869565217391;0.027777777777777776;0.05;0.13008130081300814;0.05329153605015673;0.11607142857142856;0.06;0.07894736842105263;0.0625;0.14814814814814814;0.03233830845771144
0.047008547008547015;1.0;0.0;0.1415929203539823;0.23204419889502764;0.2272727272727273;0.125;0.21428571428571427;0.06060606060606061;0.18012422360248445;0.3879310344827586;0.09523809523809523;0.1;0.09375;0.12280701754385964;0.2040816326530612;0.15789473684210525;0.29523809523809524;0.24342105263157895;0.13043478260869565;0.2777777777777778;0.35;0.10569105691056911;0.2570532915360501;0.2589285714285714;0.24;0.02631578947368421;0.0;0.2222222222222222;0.236318407960199
0.0854700854700855;0.0;0.0;0.07964601769911504;0.10497237569060773;0.16666666666666669;0.0625;0.14285714285714285;0.0;0.09937888198757763;0.14655172413793102;0.047619047619047616;0.04;0.0;0.07017543859649122;0.18367346938775508;0.12280701754385964;0.06666666666666668;0.10526315789473684;0.07608695652173914;0.1111111111111111;0.05;0.016260162601626018;0.07523510971786833;0.19642857142857142;0.14;0.05263157894736842;0.0625;0.12962962962962962;0.08706467661691542
0.1495726495726496;1.0;0.0;0.504424778761062;0.5359116022099447;0.13636363636363635;0.125;0.0;0.0;0.48447204968944096;0.28879310344827586;0.2222222222222222;0.30000000000000004;0.15625;0.10526315789473684;0.44897959183673464;0.17543859649122806;0.26666666666666666;0.3881578947368421;0.5434782608695652;0.1388888888888889;0.16666666666666666;0.11382113821138212;0.4733542319749216;0.2232142857142857;0.08;0.13157894736842105;0.0;0.07407407407407407;0.417910447761194
0.0982905982905983;0.0;1.0;0.11504424778761062;0.11602209944751381;0.15151515151515152;0.15625;0.0;0.06060606060606061;0.10559006211180123;0.15948275862068964;0.0;0.060000000000000005;0.125;0.12280701754385964;0.04081632653061224;0.12280701754385964;0.12380952380952384;0.13157894736842105;0.09782608695652173;0.1111111111111111;0.1;0.1869918699186992;0.12539184952978058;0.16964285714285712;0.1;0.15789473684210525;0.25;0.08333333333333333;0.12686567164179105
0.4658119658119658;1.0;1.0;0.3274336283185841;0.24861878453038677;0.4696969696969697;0.4375;0.42857142857142855;0.4545454545454546;0.2857142857142857;0.4568965517241379;0.07936507936507936;0.11333333333333334;0.46875;0.6491228070175439;0.061224489795918366;0.5087719298245614;0.4380952380952381;0.20394736842105263;0.20652173913043478;0.41666666666666663;0.3333333333333333;0.5365853658536586;0.329153605015674;0.39285714285714285;0.42;0.894736842105263;0.4375;0.2962962962962963;0.3333333333333333
0.0982905982905983;0.0;0.0;0.2743362831858407;0.3149171270718232;0.33333333333333337;0.09375;0.0;0.09090909090909091;0.15527950310559005;0.4396551724137931;0.047619047619047616;0.07333333333333333;0.375;0.3684210526315789;0.18367346938775508;0.22807017543859648;0.2285714285714286;0.30263157894736836;0.10869565217391304;0.4722222222222222;0.3833333333333333;0.10569105691056911;0.25391849529780564;0.33928571428571425;0.22;0.18421052631578946;0.0625;0.2685185185185185;0.24129353233830847
0.30341880341880345;1.0;1.0;0.02654867256637168;0.09944751381215469;0.2272727272727273;0.21875;0.21428571428571427;0.15151515151515152;0.11801242236024843;0.2672413793103448;0.015873015873015872;0.13333333333333333;0.125;0.3333333333333333;0.02040816326530612;0.40350877192982454;0.2380952380952381;0.17105263157894737;0.10869565217391304;0.3055555555555555;0.2833333333333333;0.21951219512195125;0.1128526645768025;0.3214285714285714;0.28;0.3157894736842105;0.125;0.2777777777777778;0.12935323383084577
0.2008547008547009;1.0;1.0;0.07964601769911504;0.1602209944751381;0.24242424242424243;0.28125;0.5;0.15151515151515152;0.13043478260869565;0.3146551724137931;0.047619047619047616;0.09333333333333334;0.0625;0.38596491228070173;0.12244897959183673;0.15789473684210525;0.20952380952380956;0.2236842105263158;0.06521739130434782;0.1388888888888889;0.23333333333333334;0.13008130081300814;0.13166144200626959;0.26785714285714285;0.46;0.3157894736842105;0.625;0.2685185185185185;0.15422885572139303
0.06410256410256412;0.0;1.0;0.1415929203539823;0.22651933701657456;0.30303030303030304;0.4375;0.5714285714285714;0.42424242424242425;0.24223602484472048;0.4698275862068965;0.031746031746031744;0.12666666666666668;0.34375;0.3684210526315789;0.22448979591836732;0.3333333333333333;0.29523809523809524;0.3157894736842105;0.10869565217391304;0.41666666666666663;0.36666666666666664;0.2682926829268293;0.23824451410658307;0.39285714285714285;0.4;0.4473684210526315;0.5;0.48148148148148145;0.208955223880597
0.04273504273504274;0.0;0.0;0.18584070796460178;0.17679558011049723;0.09090909090909091;0.03125;0.0;0.0;0.09316770186335403;0.1336206896551724;0.07936507936507936;0.08;0.0625;0.07017543859649122;0.12244897959183673;0.0;0.057142857142857155;0.10526315789473684;0.13043478260869565;0.08333333333333333;0.1;0.06504065040650407;0.11598746081504702;0.125;0.08;0.0;0.0;0.1388888888888889;0.08955223880597014
0.1837606837606838;1.0;0.0;0.1504424778761062;0.2430939226519337;0.12121212121212122;0.03125;0.0;0.0;0.13664596273291924;0.1896551724137931;0.14285714285714285;0.08666666666666667;0.03125;0.03508771929824561;0.3469387755102041;0.12280701754385964;0.13333333333333336;0.20394736842105263;0.20652173913043478;0.05555555555555555;0.1;0.032520325203252036;0.17868338557993732;0.1875;0.12;0.05263157894736842;0.0;0.09259259259259259;0.17412935323383083
0.11538461538461539;0.0;0.0;0.34513274336283184;0.22099447513812154;0.21212121212121213;0.21875;0.21428571428571427;0.0;0.23602484472049687;0.4353448275862069;0.047619047619047616;0.14;0.1875;0.3157894736842105;0.26530612244897955;0.24561403508771928;0.2571428571428572;0.29605263157894735;0.2717391304347826;0.19444444444444442;0.35;0.14634146341463417;0.30407523510971785;0.3214285714285714;0.28;0.10526315789473684;0.125;0.25925925925925924;0.2860696517412935
0.07692307692307693;0.0;0.0;0.23008849557522124;0.2430939226519337;0.06060606060606061;0.0;0.07142857142857142;0.0;0.21118012422360247;0.1939655172413793;0.07936507936507936;0.08666666666666667;0.125;0.12280701754385964;0.3877551020408163;0.08771929824561403;0.1142857142857143;0.125;0.2934782608695652;0.08333333333333333;0.13333333333333333;0.04065040650406505;0.22570532915360503;0.08928571428571427;0.06;0.05263157894736842;0.0;0.06481481481481481;0.18407960199004975
0.15811965811965814;1.0;0.0;0.37168141592920356;0.4917127071823204;0.13636363636363635;0.0;0.0;0.0;0.19254658385093165;0.3232758620689655;0.07936507936507936;0.21333333333333335;0.125;0.14035087719298245;0.26530612244897955;0.17543859649122806;0.2571428571428572;0.256578947368421;0.3695652173913043;0.19444444444444442;0.1;0.06504065040650407;0.4106583072100313;0.09821428571428571;0.04;0.05263157894736842;0.0;0.1388888888888889;0.31094527363184077
0.15384615384615388;0.0;0.0;0.6371681415929203;0.574585635359116;0.3939393939393939;0.1875;0.3571428571428571;0.24242424242424243;0.3602484472049689;0.7887931034482758;0.12698412698412698;0.24000000000000002;0.25;0.5964912280701754;0.14285714285714285;0.5964912280701754;0.5904761904761906;0.5197368421052632;0.34782608695652173;0.611111111111111;0.5;0.4471544715447155;0.5391849529780564;0.5267857142857143;0.36;0.5789473684210527;0.4375;0.6388888888888888;0.43781094527363185
0.10683760683760685;1.0;0.0;0.21238938053097345;0.30386740331491713;0.2878787878787879;0.4375;0.5;0.18181818181818182;0.22360248447204967;0.47413793103448276;0.031746031746031744;0.22;0.15625;0.3508771929824561;0.2040816326530612;0.17543859649122806;0.20000000000000004;0.24342105263157895;0.17391304347826086;0.16666666666666666;0.26666666666666666;0.1788617886178862;0.21630094043887146;0.4196428571428571;0.56;0.3684210526315789;0.3125;0.48148148148148145;0.21890547263681592
0.1837606837606838;1.0;0.0;0.39823008849557523;0.30939226519337015;0.2727272727272727;0.25;0.07142857142857142;0.15151515151515152;0.15527950310559005;0.47413793103448276;0.031746031746031744;0.17333333333333334;0.21875;0.2982456140350877;0.1020408163265306;0.2982456140350877;0.24761904761904766;0.3355263157894736;0.21739130434782608;0.5833333333333333;0.23333333333333334;0.13008130081300814;0.26332288401253917;0.4821428571428571;0.22;0.23684210526315788;0.3125;0.39814814814814814;0.2537313432835821
0.0982905982905983;1.0;0.0;0.19469026548672566;0.27624309392265195;0.045454545454545456;0.0;0.0;0.0;0.21739130434782608;0.23275862068965517;0.09523809523809523;0.26666666666666666;0.1875;0.22807017543859648;0.24489795918367346;0.07017543859649122;0.13333333333333336;0.29605263157894735;0.2717391304347826;0.19444444444444442;0.06666666666666667;0.032520325203252036;0.26018808777429464;0.15178571428571427;0.04;0.07894736842105263;0.0;0.046296296296296294;0.23134328358208955
0.0982905982905983;1.0;0.0;0.07079646017699115;0.11049723756906077;0.18181818181818182;0.1875;0.2857142857142857;0.06060606060606061;0.09937888198757763;0.25;0.015873015873015872;0.11333333333333334;0.15625;0.21052631578947367;0.0;0.2631578947368421;0.2380952380952381;0.125;0.10869565217391304;0.16666666666666666;0.05;0.10569105691056911;0.10344827586206896;0.29464285714285715;0.22;0.21052631578947367;0.0;0.21296296296296297;0.12437810945273631
0.008547008547008551;1.0;1.0;0.017699115044247787;0.06629834254143646;0.015151515151515152;0.03125;0.0;0.0;0.018633540372670808;0.10775862068965517;0.0;0.05333333333333334;0.0;0.05263157894736842;0.02040816326530612;0.03508771929824561;0.06666666666666668;0.019736842105263157;0.043478260869565216;0.05555555555555555;0.1;0.024390243902439025;0.050156739811912224;0.0625;0.06;0.0;0.0;0.07407407407407407;0.03482587064676617
0.08119658119658121;0.0;0.0;0.1415929203539823;0.39779005524861877;0.09090909090909091;0.0;0.0;0.0;0.2795031055900621;0.22844827586206895;0.20634920634920634;0.24000000000000002;0.0625;0.05263157894736842;0.6122448979591836;0.08771929824561403;0.14285714285714288;0.2697368421052631;0.33695652173913043;0.16666666666666666;0.1;0.04065040650406505;0.2946708463949843;0.14285714285714285;0.04;0.02631578947368421;0.0;0.17592592592592593;0.22139303482587064
0.21367521367521372;0.0;1.0;0.07964601769911504;0.2044198895027624;0.2272727272727273;0.1875;0.3571428571428571;0.09090909090909091;0.11801242236024843;0.33620689655172414;0.031746031746031744;0.15333333333333335;0.1875;0.2631578947368421;0.061224489795918366;0.2631578947368421;0.2761904761904762;0.15789473684210525;0.18478260869565216;0.3333333333333333;0.21666666666666667;0.10569105691056911;0.14420062695924765;0.375;0.24;0.2894736842105263;0.375;0.25925925925925924;0.1691542288557214
0.13675213675213677;1.0;1.0;0.1504424778761062;0.19889502762430938;0.09090909090909091;0.0625;0.0;0.0;0.08074534161490683;0.24137931034482757;0.015873015873015872;0.013333333333333334;0.0625;0.08771929824561403;0.04081632653061224;0.12280701754385964;0.17142857142857146;0.125;0.06521739130434782;0.16666666666666666;0.05;0.04878048780487805;0.1724137931034483;0.09821428571428571;0.02;0.0;0.0;0.17592592592592593;0.10945273631840796
0.3076923076923077;1.0;0.0;0.20353982300884954;0.18232044198895025;0.13636363636363635;0.15625;0.0;0.06060606060606061;0.14285714285714285;0.24137931034482757;0.031746031746031744;0.03333333333333333;0.15625;0.17543859649122806;0.04081632653061224;0.14035087719298245;0.1523809523809524;0.21710526315789472;0.11956521739130435;0.1388888888888889;0.11666666666666667;0.05691056910569106;0.1724137931034483;0.1607142857142857;0.06;0.10526315789473684;0.0625;0.19444444444444442;0.12686567164179105
0.0982905982905983;0.0;0.0;0.3185840707964602;0.39779005524861877;0.06060606060606061;0.0;0.0;0.0;0.3105590062111801;0.15517241379310345;0.2222222222222222;0.26666666666666666;0.09375;0.15789473684210525;0.5714285714285714;0.08771929824561403;0.18095238095238098;0.30263157894736836;0.2717391304347826;0.1111111111111111;0.06666666666666667;0.032520325203252036;0.3009404388714733;0.13392857142857142;0.08;0.02631578947368421;0.0;0.15740740740740738;0.23383084577114427
0.12820512820512822;1.0;1.0;0.035398230088495575;0.022099447513812154;0.13636363636363635;0.0625;0.0;0.06060606060606061;0.05590062111801242;0.09482758620689655;0.0;0.03333333333333333;0.03125;0.08771929824561403;0.04081632653061224;0.08771929824561403;0.057142857142857155;0.02631578947368421;0.03260869565217391;0.05555555555555555;0.06666666666666667;0.0894308943089431;0.03134796238244514;0.1607142857142857;0.04;0.21052631578947367;0.0625;0.027777777777777776;0.05721393034825871
0.047008547008547015;1.0;0.0;0.09734513274336283;0.18232044198895025;0.045454545454545456;0.0;0.0;0.0;0.05590062111801242;0.16810344827586207;0.0;0.04666666666666667;0.03125;0.15789473684210525;0.0;0.07017543859649122;0.04761904761904762;0.13157894736842105;0.08695652173913043;0.08333333333333333;0.15;0.04065040650406505;0.16300940438871475;0.017857142857142856;0.02;0.0;0.0;0.07407407407407407;0.10696517412935323
0.12393162393162396;0.0;0.0;0.2743362831858407;0.3314917127071823;0.16666666666666669;0.0625;0.0;0.0;0.14906832298136646;0.23706896551724138;0.07936507936507936;0.14666666666666667;0.15625;0.08771929824561403;0.061224489795918366;0.2631578947368421;0.3142857142857143;0.2236842105263158;0.2391304347826087;0.08333333333333333;0.18333333333333332;0.024390243902439025;0.26332288401253917;0.1875;0.08;0.05263157894736842;0.0;0.2037037037037037;0.2064676616915423
0.3076923076923077;1.0;0.0;0.3185840707964602;0.5027624309392266;0.13636363636363635;0.03125;0.0;0.0;0.32298136645962733;0.2672413793103448;0.2222222222222222;0.2733333333333334;0.25;0.24561403508771928;0.3469387755102041;0.19298245614035087;0.24761904761904766;0.37499999999999994;0.5434782608695652;0.08333333333333333;0.25;0.0813008130081301;0.41379310344827586;0.2857142857142857;0.06;0.05263157894736842;0.0;0.16666666666666666;0.3606965174129353
0.22649572649572655;1.0;0.0;0.23893805309734512;0.24861878453038677;0.19696969696969696;0.21875;0.0;0.0;0.14285714285714285;0.23275862068965517;0.09523809523809523;0.14;0.21875;0.19298245614035087;0.061224489795918366;0.22807017543859648;0.2857142857142857;0.23026315789473684;0.19565217391304346;0.08333333333333333;0.25;0.12195121951219513;0.1943573667711599;0.2232142857142857;0.18;0.05263157894736842;0.1875;0.12962962962962962;0.19402985074626866
0.32905982905982906;0.0;1.0;0.415929203539823;0.32044198895027626;0.5454545454545454;0.25;0.07142857142857142;0.030303030303030304;0.15527950310559005;0.41379310344827586;0.19047619047619047;0.24000000000000002;0.34375;0.43859649122807015;0.12244897959183673;0.2982456140350877;0.4;0.381578947368421;0.40217391304347827;0.027777777777777776;0.4166666666666667;0.21951219512195125;0.2946708463949843;0.4732142857142857;0.38;0.2894736842105263;0.0;0.4907407407407407;0.27114427860696516
0.03846153846153847;1.0;0.0;0.07964601769911504;0.11602209944751381;0.13636363636363635;0.03125;0.07142857142857142;0.030303030303030304;0.06211180124223602;0.1853448275862069;0.031746031746031744;0.08666666666666667;0.125;0.17543859649122806;0.0;0.05263157894736842;0.08571428571428572;0.17763157894736842;0.08695652173913043;0.1111111111111111;0.16666666666666666;0.032520325203252036;0.11598746081504702;0.24107142857142855;0.04;0.05263157894736842;0.0;0.2037037037037037;0.09950248756218906
0.08974358974358976;0.0;0.0;0.17699115044247787;0.11049723756906077;0.15151515151515152;0.0;0.07142857142857142;0.0;0.11180124223602483;0.1724137931034483;0.031746031746031744;0.1;0.1875;0.17543859649122806;0.04081632653061224;0.10526315789473684;0.10476190476190478;0.19736842105263158;0.15217391304347827;0.08333333333333333;0.1;0.032520325203252036;0.1755485893416928;0.10714285714285714;0.12;0.07894736842105263;0.0;0.12037037037037036;0.1417910447761194
0.1324786324786325;0.0;1.0;0.1415929203539823;0.11602209944751381;0.16666666666666669;0.28125;0.2857142857142857;0.2727272727272727;0.08695652173913043;0.25;0.031746031746031744;0.05333333333333334;0.25;0.40350877192982454;0.04081632653061224;0.24561403508771928;0.2285714285714286;0.1644736842105263;0.13043478260869565;0.19444444444444442;0.2;0.0975609756097561;0.08463949843260188;0.4375;0.18;0.3421052631578947;0.125;0.3055555555555555;0.11940298507462688
0.25641025641025644;1.0;1.0;0.19469026548672566;0.39226519337016574;0.4090909090909091;0.28125;0.21428571428571427;0.0;0.19254658385093165;0.4051724137931034;0.06349206349206349;0.18000000000000002;0.21875;0.22807017543859648;0.061224489795918366;0.21052631578947367;0.34285714285714286;0.23026315789473684;0.22826086956521738;0.3611111111111111;0.31666666666666665;0.2764227642276423;0.3009404388714733;0.33928571428571425;0.28;0.3157894736842105;0.125;0.3333333333333333;0.26865671641791045
0.21367521367521372;1.0;1.0;0.21238938053097345;0.24861878453038677;0.24242424242424243;0.15625;0.14285714285714285;0.09090909090909091;0.09316770186335403;0.2629310344827586;0.06349206349206349;0.12000000000000001;0.125;0.3508771929824561;0.08163265306122448;0.19298245614035087;0.20952380952380956;0.17105263157894737;0.22826086956521738;0.16666666666666666;0.36666666666666664;0.20325203252032523;0.21630094043887146;0.2232142857142857;0.2;0.18421052631578946;0.375;0.16666666666666666;0.20398009950248755
0.14102564102564105;1.0;0.0;0.1504424778761062;0.3370165745856354;0.09090909090909091;0.0;0.0;0.0;0.23602484472049687;0.10775862068965517;0.20634920634920634;0.3066666666666667;0.09375;0.17543859649122806;0.4081632653061224;0.17543859649122806;0.20000000000000004;0.19078947368421054;0.31521739130434784;0.05555555555555555;0.13333333333333333;0.13008130081300814;0.2727272727272727;0.11607142857142856;0.02;0.07894736842105263;0.0;0.12962962962962962;0.2064676616915423
0.10256410256410259;1.0;1.0;0.22123893805309736;0.22651933701657456;0.15151515151515152;0.34375;0.21428571428571427;0.18181818181818182;0.10559006211180123;0.3103448275862069;0.047619047619047616;0.17333333333333334;0.09375;0.3157894736842105;0.16326530612244897;0.2631578947368421;0.21904761904761907;0.19736842105263158;0.15217391304347827;0.1388888888888889;0.26666666666666666;0.17073170731707318;0.21003134796238246;0.23214285714285712;0.24;0.2631578947368421;0.1875;0.3333333333333333;0.1616915422885572
0.1324786324786325;1.0;1.0;0.07964601769911504;0.2099447513812155;0.10606060606060606;0.09375;0.07142857142857142;0.0;0.13664596273291924;0.14655172413793102;0.015873015873015872;0.10666666666666667;0.03125;0.17543859649122806;0.08163265306122448;0.07017543859649122;0.10476190476190478;0.15789473684210525;0.15217391304347827;0.05555555555555555;0.11666666666666667;0.12195121951219513;0.16300940438871475;0.13392857142857142;0.08;0.05263157894736842;0.125;0.1388888888888889;0.12935323383084577
0.07692307692307693;0.0;0.0;0.30973451327433627;0.39779005524861877;0.09090909090909091;0.03125;0.0;0.0;0.3291925465838509;0.09913793103448276;0.36507936507936506;0.32;0.09375;0.15789473684210525;0.6530612244897959;0.10526315789473684;0.10476190476190478;0.29605263157894735;0.32608695652173914;0.027777777777777776;0.11666666666666667;0.024390243902439025;0.31034482758620685;0.09821428571428571;0.08;0.02631578947368421;0.0;0.09259259259259259;0.24875621890547261
0.15811965811965814;0.0;0.0;0.35398230088495575;0.43646408839779005;0.33333333333333337;0.1875;0.0;0.030303030303030304;0.21118012422360247;0.5991379310344828;0.047619047619047616;0.12000000000000001;0.21875;0.22807017543859648;0.26530612244897955;0.2982456140350877;0.3238095238095238;0.5263157894736842;0.34782608695652173;0.38888888888888884;0.3;0.0894308943089431;0.3573667711598746;0.5267857142857143;0.16;0.15789473684210525;0.125;0.8055555555555555;0.22388059701492538
0.36752136752136755;0.0;1.0;0.20353982300884954;0.2044198895027624;0.2727272727272727;0.375;0.2857142857142857;0.15151515151515152;0.18012422360248445;0.40086206896551724;0.09523809523809523;0.060000000000000005;0.40625;0.3333333333333333;0.14285714285714285;0.21052631578947367;0.3333333333333333;0.2236842105263158;0.17391304347826086;0.3333333333333333;0.25;0.10569105691056911;0.2225705329153605;0.3571428571428571;0.22;0.39473684210526316;0.4375;0.3055555555555555;0.21144278606965175
0.1837606837606838;0.0;0.0;0.30973451327433627;0.4419889502762431;0.12121212121212122;0.125;0.0;0.0;0.3105590062111801;0.2629310344827586;0.20634920634920634;0.26666666666666666;0.125;0.19298245614035087;0.24489795918367346;0.15789473684210525;0.1619047619047619;0.3947368421052631;0.2826086956521739;0.1388888888888889;0.13333333333333333;0.032520325203252036;0.3072100313479624;0.20535714285714285;0.14;0.02631578947368421;0.0;0.2777777777777778;0.23383084577114427
0.09401709401709404;1.0;0.0;0.1592920353982301;0.3867403314917127;0.2272727272727273;0.1875;0.2857142857142857;0.0;0.23602484472049687;0.41379310344827586;0.07936507936507936;0.22;0.25;0.2807017543859649;0.26530612244897955;0.43859649122807015;0.3238095238095238;0.3223684210526315;0.2717391304347826;0.3611111111111111;0.18333333333333332;0.04878048780487805;0.29780564263322884;0.36607142857142855;0.2;0.13157894736842105;0.0625;0.41666666666666663;0.24129353233830847
0.004273504273504279;0.0;0.0;0.1327433628318584;0.1270718232044199;0.13636363636363635;0.15625;0.14285714285714285;0.0;0.13043478260869565;0.22413793103448276;0.015873015873015872;0.08666666666666667;0.125;0.10526315789473684;0.14285714285714285;0.19298245614035087;0.14285714285714288;0.17763157894736842;0.06521739130434782;0.3055555555555555;0.13333333333333333;0.0813008130081301;0.13166144200626959;0.19642857142857142;0.08;0.07894736842105263;0.125;0.28703703703703703;0.08208955223880597
0.04273504273504274;1.0;0.0;0.05309734513274336;0.08287292817679558;0.10606060606060606;0.1875;0.0;0.09090909090909091;0.049689440993788817;0.16810344827586207;0.015873015873015872;0.08666666666666667;0.125;0.15789473684210525;0.02040816326530612;0.08771929824561403;0.09523809523809526;0.11842105263157895;0.08695652173913043;0.1388888888888889;0.08333333333333333;0.05691056910569106;0.07836990595611285;0.1607142857142857;0.16;0.10526315789473684;0.0625;0.2685185185185185;0.04477611940298507
0.008547008547008551;1.0;0.0;0.09734513274336283;0.10497237569060773;0.19696969696969696;0.0;0.07142857142857142;0.0;0.13043478260869565;0.16810344827586207;0.0;0.09333333333333334;0.125;0.05263157894736842;0.1020408163265306;0.08771929824561403;0.1142857142857143;0.18421052631578946;0.09782608695652173;0.027777777777777776;0.11666666666666667;0.06504065040650407;0.11912225705329153;0.15178571428571427;0.06;0.05263157894736842;0.0;0.12037037037037036;0.10199004975124377
0.07264957264957267;1.0;0.0;0.19469026548672566;0.35359116022099446;0.21212121212121213;0.09375;0.07142857142857142;0.0;0.08074534161490683;0.2543103448275862;0.09523809523809523;0.09333333333333334;0.1875;0.15789473684210525;0.24489795918367346;0.19298245614035087;0.1523809523809524;0.256578947368421;0.13043478260869565;0.25;0.15;0.04878048780487805;0.219435736677116;0.16964285714285712;0.16;0.10526315789473684;0.0625;0.23148148148148145;0.1691542288557214
0.04273504273504274;0.0;1.0;0.08849557522123894;0.1270718232044199;0.06060606060606061;0.0;0.07142857142857142;0.09090909090909091;0.043478260869565216;0.11637931034482758;0.047619047619047616;0.0;0.03125;0.05263157894736842;0.1020408163265306;0.10526315789473684;0.057142857142857155;0.09210526315789475;0.06521739130434782;0.08333333333333333;0.11666666666666667;0.07317073170731708;0.10658307210031347;0.05357142857142857;0.06;0.05263157894736842;0.0625;0.16666666666666666;0.05223880597014925
0.047008547008547015;1.0;0.0;0.035398230088495575;0.04419889502762431;0.015151515151515152;0.0;0.0;0.030303030303030304;0.024844720496894408;0.07327586206896551;0.031746031746031744;0.02;0.0;0.03508771929824561;0.04081632653061224;0.05263157894736842;0.0380952380952381;0.02631578947368421;0.043478260869565216;0.0;0.05;0.008130081300813009;0.04702194357366771;0.04464285714285714;0.02;0.02631578947368421;0.0;0.009259259259259259;0.03980099502487562
0.09401709401709404;0.0;0.0;0.3008849557522124;0.22099447513812154;0.13636363636363635;0.03125;0.0;0.0;0.19254658385093165;0.12068965517241378;0.1111111111111111;0.2;0.03125;0.03508771929824561;0.3469387755102041;0.05263157894736842;0.13333333333333336;0.13157894736842105;0.2934782608695652;0.027777777777777776;0.03333333333333333;0.04878048780487805;0.16614420062695925;0.17857142857142855;0.14;0.05263157894736842;0.0;0.05555555555555555;0.17412935323383083
0.0982905982905983;0.0;0.0;0.3805309734513274;0.2983425414364641;0.2272727272727273;0.15625;0.0;0.0;0.2857142857142857;0.2974137931034483;0.14285714285714285;0.22;0.09375;0.12280701754385964;0.22448979591836732;0.10526315789473684;0.21904761904761907;0.23684210526315788;0.358695652173913;0.027777777777777776;0.26666666666666666;0.20325203252032523;0.2852664576802508;0.29464285714285715;0.24;0.10526315789473684;0.0625;0.14814814814814814;0.2885572139303483
0.3888888888888889;1.0;1.0;0.3893805309734513;0.27071823204419887;0.3787878787878788;0.34375;0.5;0.12121212121212122;0.24844720496894407;0.3577586206896552;0.09523809523809523;0.23333333333333334;0.25;0.40350877192982454;0.1020408163265306;0.3157894736842105;0.29523809523809524;0.2763157894736842;0.358695652173913;0.1388888888888889;0.26666666666666666;0.40650406504065045;0.2445141065830721;0.4821428571428571;0.38;0.3157894736842105;0.375;0.42592592592592593;0.2512437810945274
0.08119658119658121;0.0;1.0;0.2831858407079646;0.2596685082872928;0.15151515151515152;0.0;0.14285714285714285;0.0;0.21739130434782608;0.14655172413793102;0.09523809523809523;0.18000000000000002;0.0625;0.017543859649122806;0.12244897959183673;0.03508771929824561;0.1142857142857143;0.21052631578947367;0.32608695652173914;0.0;0.13333333333333333;0.0975609756097561;0.2006269592476489;0.23214285714285712;0.12;0.05263157894736842;0.0;0.14814814814814814;0.1890547263681592
0.27350427350427353;1.0;1.0;0.21238938053097345;0.2596685082872928;0.12121212121212122;0.1875;0.2857142857142857;0.030303030303030304;0.14285714285714285;0.2974137931034483;0.06349206349206349;0.06666666666666667;0.125;0.2807017543859649;0.12244897959183673;0.21052631578947367;0.18095238095238098;0.1644736842105263;0.11956521739130435;0.2222222222222222;0.3333333333333333;0.10569105691056911;0.20376175548589343;0.15178571428571427;0.14;0.05263157894736842;0.25;0.2037037037037037;0.15671641791044777
0.10256410256410259;1.0;1.0;0.23893805309734512;0.287292817679558;0.13636363636363635;0.0625;0.07142857142857142;0.030303030303030304;0.13043478260869565;0.16810344827586207;0.1746031746031746;0.11333333333333334;0.125;0.19298245614035087;0.1020408163265306;0.10526315789473684;0.13333333333333336;0.19736842105263158;0.19565217391304346;0.08333333333333333;0.16666666666666666;0.10569105691056911;0.21630094043887146;0.16964285714285712;0.06;0.07894736842105263;0.125;0.12037037037037036;0.18407960199004975
0.0854700854700855;0.0;0.0;0.2831858407079646;0.35359116022099446;0.09090909090909091;0.0;0.0;0.0;0.2795031055900621;0.1853448275862069;0.14285714285714285;0.17333333333333334;0.03125;0.10526315789473684;0.22448979591836732;0.03508771929824561;0.08571428571428572;0.2763157894736842;0.2717391304347826;0.0;0.06666666666666667;0.024390243902439025;0.2507836990595611;0.11607142857142856;0.06;0.13157894736842105;0.0;0.07407407407407407;0.208955223880597
0.08974358974358976;1.0;0.0;0.1415929203539823;0.19889502762430938;0.030303030303030304;0.0;0.07142857142857142;0.0;0.14285714285714285;0.22844827586206895;0.031746031746031744;0.12666666666666668;0.09375;0.10526315789473684;0.061224489795918366;0.12280701754385964;0.10476190476190478;0.19078947368421054;0.16304347826086957;0.1388888888888889;0.06666666666666667;0.008130081300813009;0.1943573667711599;0.14285714285714285;0.0;0.05263157894736842;0.0;0.06481481481481481;0.16666666666666666
0.11538461538461539;1.0;0.0;0.04424778761061947;0.14917127071823205;0.10606060606060606;0.03125;0.0;0.24242424242424243;0.06832298136645962;0.1853448275862069;0.031746031746031744;0.03333333333333333;0.03125;0.17543859649122806;0.04081632653061224;0.05263157894736842;0.14285714285714288;0.07894736842105263;0.09782608695652173;0.2222222222222222;0.1;0.0894308943089431;0.11912225705329153;0.08928571428571427;0.12;0.21052631578947367;0.1875;0.17592592592592593;0.07711442786069651
0.06837606837606838;0.0;0.0;0.11504424778761062;0.3591160220994475;0.06060606060606061;0.0;0.0;0.0;0.24844720496894407;0.21120689655172414;0.06349206349206349;0.12000000000000001;0.03125;0.05263157894736842;0.5306122448979591;0.21052631578947367;0.18095238095238098;0.17763157894736842;0.21739130434782608;0.05555555555555555;0.08333333333333333;0.008130081300813009;0.26018808777429464;0.09821428571428571;0.0;0.05263157894736842;0.0;0.18518518518518517;0.17412935323383083
0.17521367521367523;1.0;0.0;0.1592920353982301;0.2430939226519337;0.2272727272727273;0.21875;0.0;0.030303030303030304;0.15527950310559005;0.3448275862068966;0.1111111111111111;0.17333333333333334;0.21875;0.21052631578947367;0.16326530612244897;0.14035087719298245;0.14285714285714288;0.24999999999999997;0.15217391304347827;0.1111111111111111;0.13333333333333333;0.1626016260162602;0.23197492163009403;0.30357142857142855;0.12;0.13157894736842105;0.0;0.18518518518518517;0.22388059701492538
0.021367521367521368;1.0;0.0;0.25663716814159293;0.2983425414364641;0.0;0.0;0.0;0.030303030303030304;0.16770186335403725;0.1853448275862069;0.1111111111111111;0.12666666666666668;0.125;0.12280701754385964;0.08163265306122448;0.12280701754385964;0.13333333333333336;0.21052631578947367;0.09782608695652173;0.1388888888888889;0.11666666666666667;0.0894308943089431;0.18495297805642633;0.125;0.02;0.05263157894736842;0.0;0.1111111111111111;0.14427860696517414
0.0982905982905983;0.0;1.0;0.45132743362831856;0.30939226519337015;0.19696969696969696;0.1875;0.21428571428571427;0.15151515151515152;0.2857142857142857;0.3017241379310345;0.14285714285714285;0.12666666666666668;0.21875;0.3684210526315789;0.061224489795918366;0.22807017543859648;0.29523809523809524;0.17763157894736842;0.20652173913043478;0.16666666666666666;0.31666666666666665;0.49593495934959353;0.2413793103448276;0.3571428571428571;0.2;0.3684210526315789;0.3125;0.37037037037037035;0.2064676616915423
0.05555555555555556;0.0;1.0;0.21238938053097345;0.1270718232044199;0.19696969696969696;0.09375;0.2857142857142857;0.09090909090909091;0.08074534161490683;0.2974137931034483;0.015873015873015872;0.08666666666666667;0.03125;0.14035087719298245;0.04081632653061224;0.14035087719298245;0.1619047619047619;0.24342105263157895;0.09782608695652173;0.2222222222222222;0.08333333333333333;0.04065040650406505;0.13166144200626959;0.2232142857142857;0.22;0.05263157894736842;0.0625;0.3055555555555555;0.10199004975124377
0.11111111111111113;0.0;0.0;0.07079646017699115;0.30939226519337015;0.13636363636363635;0.0625;0.07142857142857142;0.0;0.15527950310559005;0.27586206896551724;0.047619047619047616;0.08;0.1875;0.12280701754385964;0.18367346938775508;0.07017543859649122;0.09523809523809526;0.23026315789473684;0.2717391304347826;0.05555555555555555;0.11666666666666667;0.06504065040650407;0.21003134796238246;0.1875;0.1;0.05263157894736842;0.0625;0.25;0.15422885572139303
0.13675213675213677;0.0;0.0;0.1327433628318584;0.16574585635359118;0.2272727272727273;0.09375;0.0;0.0;0.11801242236024843;0.2025862068965517;0.031746031746031744;0.06666666666666667;0.0625;0.05263157894736842;0.12244897959183673;0.12280701754385964;0.14285714285714288;0.19078947368421054;0.18478260869565216;0.1388888888888889;0.06666666666666667;0.032520325203252036;0.19122257053291536;0.14285714285714285;0.12;0.0;0.0;0.12037037037037036;0.16417910447761194
0.17948717948717952;1.0;0.0;0.36283185840707965;0.2044198895027624;1.0;0.6875;0.6428571428571428;0.15151515151515152;0.20496894409937888;0.646551724137931;0.07936507936507936;0.18000000000000002;0.6875;0.5438596491228069;0.061224489795918366;0.42105263157894735;0.5333333333333334;0.4934210526315789;0.32608695652173914;0.3333333333333333;0.3333333333333333;0.1869918699186992;0.27586206896551724;1.0;0.52;0.7105263157894737;0.1875;0.39814814814814814;0.445273631840796
0.11965811965811968;0.0;0.0;0.2920353982300885;0.4198895027624309;0.16666666666666669;0.125;0.0;0.0;0.3416149068322981;0.23706896551724138;0.3333333333333333;0.30000000000000004;0.28125;0.14035087719298245;0.673469387755102;0.10526315789473684;0.1523809523809524;0.48684210526315785;0.43478260869565216;0.027777777777777776;0.03333333333333333;0.032520325203252036;0.4294670846394984;0.24107142857142855;0.04;0.05263157894736842;0.0;0.06481481481481481;0.38557213930348255
0.1452991452991453;0.0;0.0;0.5221238938053098;0.4088397790055249;0.5454545454545454;0.46875;0.14285714285714285;0.18181818181818182;0.37888198757763975;0.5301724137931034;0.07936507936507936;0.25333333333333335;0.75;0.38596491228070173;0.16326530612244897;0.3333333333333333;0.3619047619047619;0.47368421052631576;0.2826086956521739;0.2222222222222222;0.31666666666666665;0.6260162601626017;0.3448275862068965;0.5267857142857143;0.64;0.42105263157894735;0.375;0.45370370370370366;0.3681592039800995
0.2008547008547009;1.0;0.0;0.23008849557522124;0.281767955801105;0.15151515151515152;0.09375;0.0;0.0;0.16149068322981366;0.2974137931034483;0.06349206349206349;0.10666666666666667;0.21875;0.10526315789473684;0.02040816326530612;0.19298245614035087;0.1904761904761905;0.19078947368421054;0.16304347826086957;0.19444444444444442;0.23333333333333334;0.14634146341463417;0.21003134796238246;0.20535714285714285;0.18;0.15789473684210525;0.0;0.12962962962962962;0.20149253731343283
0.12820512820512822;1.0;0.0;0.08849557522123894;0.10497237569060773;0.06060606060606061;0.03125;0.0;0.0;0.06211180124223602;0.09051724137931035;0.047619047619047616;0.04;0.15625;0.017543859649122806;0.1020408163265306;0.017543859649122806;0.0761904761904762;0.10526315789473684;0.06521739130434782;0.16666666666666666;0.03333333333333333;0.016260162601626018;0.07836990595611285;0.1607142857142857;0.02;0.0;0.0;0.018518518518518517;0.0945273631840796
0.13675213675213677;0.0;0.0;0.19469026548672566;0.43646408839779005;0.18181818181818182;0.0625;0.0;0.0;0.2670807453416149;0.375;0.14285714285714285;0.19333333333333336;0.0625;0.14035087719298245;0.4693877551020408;0.24561403508771928;0.2761904761904762;0.3421052631578947;0.3695652173913043;0.2222222222222222;0.35;0.0975609756097561;0.38244514106583066;0.19642857142857142;0.08;0.02631578947368421;0.0;0.37037037037037035;0.25870646766169153
0.16666666666666669;1.0;1.0;0.061946902654867256;0.11602209944751381;0.15151515151515152;0.21875;0.07142857142857142;0.06060606060606061;0.09937888198757763;0.23706896551724138;0.0;0.02666666666666667;0.09375;0.22807017543859648;0.04081632653061224;0.10526315789473684;0.1619047619047619;0.13815789473684212;0.03260869565217391;0.3333333333333333;0.15;0.0894308943089431;0.10971786833855798;0.20535714285714285;0.08;0.21052631578947367;0.0625;0.17592592592592593;0.09701492537313433
0.15384615384615388;1.0;0.0;0.11504424778761062;0.13812154696132595;0.15151515151515152;0.09375;0.07142857142857142;0.0;0.09316770186335403;0.16379310344827586;0.015873015873015872;0.06666666666666667;0.03125;0.10526315789473684;0.061224489795918366;0.10526315789473684;0.1523809523809524;0.11842105263157895;0.10869565217391304;0.027777777777777776;0.15;0.05691056910569106;0.10031347962382445;0.17857142857142855;0.16;0.02631578947368421;0.0;0.1111111111111111;0.10945273631840796
0.10683760683760685;0.0;0.0;0.17699115044247787;0.2044198895027624;0.12121212121212122;0.0625;0.0;0.0;0.14906832298136646;0.15517241379310345;0.12698412698412698;0.12666666666666668;0.0;0.03508771929824561;0.2040816326530612;0.08771929824561403;0.0761904761904762;0.1644736842105263;0.25;0.027777777777777776;0.06666666666666667;0.024390243902439025;0.16300940438871475;0.11607142857142856;0.1;0.05263157894736842;0.0;0.09259259259259259;0.13930348258706468
0.1324786324786325;0.0;0.0;0.2920353982300885;0.281767955801105;0.6060606060606061;0.625;0.5;0.06060606060606061;0.24223602484472048;0.6594827586206896;0.06349206349206349;0.15333333333333335;0.15625;0.3508771929824561;0.2857142857142857;0.38596491228070173;0.44761904761904764;0.4473684210526315;0.20652173913043478;0.3611111111111111;0.55;0.15447154471544716;0.26645768025078365;0.6875;0.46;0.18421052631578946;0.4375;0.7407407407407407;0.2512437810945274
0.029914529914529912;0.0;0.0;0.061946902654867256;0.13812154696132595;0.045454545454545456;0.0;0.0;0.0;0.09937888198757763;0.09051724137931035;0.015873015873015872;0.05333333333333334;0.0625;0.017543859649122806;0.02040816326530612;0.07017543859649122;0.09523809523809526;0.09210526315789475;0.13043478260869565;0.1111111111111111;0.05;0.04878048780487805;0.10971786833855798;0.0625;0.02;0.05263157894736842;0.0;0.06481481481481481;0.07960199004975124
0.12393162393162396;0.0;1.0;0.02654867256637168;0.016574585635359115;0.07575757575757576;0.09375;0.0;0.030303030303030304;0.024844720496894408;0.05603448275862069;0.015873015873015872;0.02;0.03125;0.05263157894736842;0.0;0.07017543859649122;0.04761904761904762;0.019736842105263157;0.010869565217391304;0.027777777777777776;0.1;0.024390243902439025;0.018808777429467086;0.10714285714285714;0.04;0.10526315789473684;0.0625;0.06481481481481481;0.02238805970149254
0.11538461538461539;0.0;1.0;0.035398230088495575;0.04419889502762431;0.015151515151515152;0.15625;0.0;0.06060606060606061;0.037267080745341616;0.06896551724137931;0.0;0.0;0.03125;0.10526315789473684;0.04081632653061224;0.07017543859649122;0.0380952380952381;0.019736842105263157;0.021739130434782608;0.05555555555555555;0.11666666666666667;0.04878048780487805;0.04075235109717868;0.05357142857142857;0.08;0.05263157894736842;0.1875;0.06481481481481481;0.02985074626865672
0.12820512820512822;0.0;0.0;0.36283185840707965;0.3314917127071823;0.16666666666666669;0.03125;0.0;0.0;0.16149068322981366;0.3448275862068966;0.09523809523809523;0.17333333333333334;0.09375;0.22807017543859648;0.22448979591836732;0.24561403508771928;0.24761904761904766;0.2697368421052631;0.2717391304347826;0.19444444444444442;0.11666666666666667;0.0813008130081301;0.27586206896551724;0.26785714285714285;0.1;0.07894736842105263;0.0625;0.2685185185185185;0.22388059701492538
0.14102564102564105;1.0;1.0;0.035398230088495575;0.022099447513812154;0.10606060606060606;0.15625;0.0;0.0;0.018633540372670808;0.06896551724137931;0.0;0.006666666666666667;0.0625;0.10526315789473684;0.0;0.05263157894736842;0.028571428571428574;0.0;0.010869565217391304;0.1388888888888889;0.08333333333333333;0.04065040650406505;0.018808777429467086;0.04464285714285714;0.14;0.07894736842105263;0.0625;0.12037037037037036;0.002487562189054727
0.12393162393162396;0.0;0.0;0.07079646017699115;0.19889502762430938;0.015151515151515152;0.03125;0.0;0.0;0.13664596273291924;0.1896551724137931;0.06349206349206349;0.13333333333333333;0.09375;0.05263157894736842;0.14285714285714285;0.21052631578947367;0.18095238095238098;0.09210526315789475;0.11956521739130435;0.05555555555555555;0.03333333333333333;0.024390243902439025;0.1724137931034483;0.10714285714285714;0.06;0.02631578947368421;0.0625;0.16666666666666666;0.11940298507462688
0.06410256410256412;1.0;0.0;0.20353982300884954;0.14364640883977903;0.13636363636363635;0.09375;0.0;0.0;0.12422360248447203;0.17672413793103448;0.015873015873015872;0.08;0.03125;0.07017543859649122;0.04081632653061224;0.12280701754385964;0.1523809523809524;0.08552631578947367;0.17391304347826086;0.1111111111111111;0.08333333333333333;0.024390243902439025;0.14420062695924765;0.09821428571428571;0.08;0.02631578947368421;0.0;0.1111111111111111;0.11194029850746269
0.08974358974358976;1.0;0.0;0.34513274336283184;0.3867403314917127;0.045454545454545456;0.0;0.0;0.0;0.32298136645962733;0.22413793103448276;0.23809523809523808;0.33333333333333337;0.0625;0.15789473684210525;0.3877551020408163;0.05263157894736842;0.13333333333333336;0.24999999999999997;0.34782608695652173;0.05555555555555555;0.05;0.10569105691056911;0.3009404388714733;0.17857142857142855;0.06;0.05263157894736842;0.0;0.1111111111111111;0.2562189054726368
0.08119658119658121;0.0;0.0;0.22123893805309736;0.3149171270718232;0.13636363636363635;0.0;0.0;0.0;0.19875776397515527;0.23706896551724138;0.047619047619047616;0.2066666666666667;0.09375;0.08771929824561403;0.32653061224489793;0.12280701754385964;0.12380952380952384;0.28289473684210525;0.2717391304347826;0.2222222222222222;0.1;0.04065040650406505;0.2413793103448276;0.2589285714285714;0.06;0.05263157894736842;0.0;0.18518518518518517;0.21144278606965175
0.358974358974359;1.0;0.0;0.22123893805309736;0.23756906077348067;0.2878787878787879;0.1875;0.07142857142857142;0.0;0.13664596273291924;0.3577586206896552;0.06349206349206349;0.15333333333333335;0.21875;0.15789473684210525;0.04081632653061224;0.17543859649122806;0.24761904761904766;0.30921052631578944;0.15217391304347827;0.05555555555555555;0.15;0.11382113821138212;0.21316614420062696;0.33928571428571425;0.24;0.13157894736842105;0.1875;0.18518518518518517;0.23383084577114427
0.26495726495726496;1.0;1.0;0.23008849557522124;0.1602209944751381;0.15151515151515152;0.25;0.21428571428571427;0.36363636363636365;0.07453416149068323;0.23706896551724138;0.015873015873015872;0.12000000000000001;0.3125;0.2807017543859649;0.02040816326530612;0.08771929824561403;0.14285714285714288;0.2236842105263158;0.14130434782608695;0.2222222222222222;0.23333333333333334;0.10569105691056911;0.14733542319749218;0.29464285714285715;0.26;0.4473684210526315;0.375;0.19444444444444442;0.1691542288557214
0.10683760683760685;1.0;0.0;0.23893805309734512;0.22651933701657456;0.42424242424242425;0.59375;0.42857142857142855;0.18181818181818182;0.14285714285714285;0.4051724137931034;0.06349206349206349;0.2066666666666667;0.34375;0.47368421052631576;0.12244897959183673;0.2631578947368421;0.2761904761904762;0.4605263157894736;0.2934782608695652;0.3055555555555555;0.21666666666666667;0.21138211382113822;0.21316614420062696;0.4821428571428571;0.56;0.39473684210526316;0.5;0.2685185185185185;0.291044776119403
0.10683760683760685;0.0;0.0;0.3008849557522124;0.6519337016574586;0.18181818181818182;0.15625;0.07142857142857142;0.030303030303030304;0.39751552795031053;0.4267241379310345;0.1746031746031746;0.33333333333333337;0.28125;0.2807017543859649;0.42857142857142855;0.2807017543859649;0.41904761904761906;0.5592105263157895;0.532608695652174;0.16666666666666666;0.1;0.07317073170731708;0.48902821316614414;0.33035714285714285;0.2;0.18421052631578946;0.125;0.2037037037037037;0.44029850746268656
0.3076923076923077;1.0;1.0;0.21238938053097345;0.287292817679558;0.15151515151515152;0.09375;0.14285714285714285;0.0;0.11801242236024843;0.23275862068965517;0.047619047619047616;0.14;0.28125;0.14035087719298245;0.02040816326530612;0.22807017543859648;0.1904761904761905;0.24999999999999997;0.22826086956521738;0.16666666666666666;0.16666666666666666;0.0813008130081301;0.20376175548589343;0.24107142857142855;0.16;0.05263157894736842;0.125;0.12962962962962962;0.20398009950248755
0.18803418803418806;1.0;0.0;0.09734513274336283;0.1712707182320442;0.09090909090909091;0.0625;0.0;0.0;0.11180124223602483;0.12068965517241378;0.047619047619047616;0.08666666666666667;0.0;0.017543859649122806;0.1020408163265306;0.07017543859649122;0.08571428571428572;0.19078947368421054;0.25;0.0;0.05;0.008130081300813009;0.12852664576802508;0.15178571428571427;0.1;0.07894736842105263;0.0;0.07407407407407407;0.12686567164179105
0.0982905982905983;1.0;0.0;0.35398230088495575;0.3812154696132597;0.30303030303030304;0.5625;0.2857142857142857;0.30303030303030304;0.24223602484472048;0.48275862068965514;0.1111111111111111;0.21333333333333335;0.46875;0.38596491228070173;0.061224489795918366;0.17543859649122806;0.3142857142857143;0.41447368421052627;0.2934782608695652;0.3055555555555555;0.48333333333333334;0.3902439024390244;0.2852664576802508;0.4732142857142857;0.66;0.5;0.3125;0.19444444444444442;0.3781094527363184
0.16239316239316243;1.0;1.0;0.017699115044247787;0.011049723756906077;0.09090909090909091;0.0625;0.0;0.030303030303030304;0.018633540372670808;0.06465517241379311;0.0;0.013333333333333334;0.0625;0.07017543859649122;0.0;0.017543859649122806;0.009523809523809525;0.02631578947368421;0.043478260869565216;0.08333333333333333;0.03333333333333333;0.016260162601626018;0.018808777429467086;0.05357142857142857;0.12;0.02631578947368421;0.0625;0.0;0.03482587064676617
0.008547008547008551;1.0;0.0;0.017699115044247787;0.03867403314917127;0.015151515151515152;0.03125;0.0;0.0;0.0;0.06896551724137931;0.0;0.02;0.0;0.07017543859649122;0.0;0.05263157894736842;0.057142857142857155;0.02631578947368421;0.043478260869565216;0.027777777777777776;0.016666666666666666;0.024390243902439025;0.04388714733542319;0.07142857142857142;0.0;0.0;0.0;0.037037037037037035;0.03482587064676617
0.0982905982905983;1.0;0.0;0.10619469026548672;0.13259668508287292;0.07575757575757576;0.0;0.0;0.0;0.07453416149068323;0.1810344827586207;0.047619047619047616;0.11333333333333334;0.03125;0.10526315789473684;0.1020408163265306;0.08771929824561403;0.0761904761904762;0.15789473684210525;0.13043478260869565;0.05555555555555555;0.06666666666666667;0.0813008130081301;0.12225705329153604;0.16964285714285712;0.04;0.07894736842105263;0.0;0.046296296296296294;0.12686567164179105
