,ID_ESCOLA,NU_ANO_CENSO,TP_SITUACAO_FUNCIONAMENTO,CO_REGIAO,CO_MESORREGIAO,CO_MICRORREGIAO,CO_UF,CO_MUNICIPIO,CO_DISTRITO,TP_DEPENDENCIA,TP_LOCALIZACAO,TP_REGULAMENTACAO,IN_LOCAL_FUNC_PREDIO_ESCOLAR,TP_OCUPACAO_PREDIO_ESCOLAR,IN_LOCAL_FUNC_SALAS_EMPRESA,IN_LOCAL_FUNC_SOCIOEDUCATIVO,IN_LOCAL_FUNC_UNID_PRISIONAL,IN_LOCAL_FUNC_PRISIONAL_SOCIO,IN_LOCAL_FUNC_TEMPLO_IGREJA,IN_LOCAL_FUNC_CASA_PROFESSOR,IN_LOCAL_FUNC_GALPAO,IN_LOCAL_FUNC_SALAS_OUTRA_ESC,IN_LOCAL_FUNC_OUTROS,IN_PREDIO_COMPARTILHADO,IN_AGUA_FILTRADA,IN_AGUA_REDE_PUBLICA,IN_AGUA_POCO_ARTESIANO,IN_AGUA_CACIMBA,IN_AGUA_FONTE_RIO,IN_AGUA_INEXISTENTE,IN_ENERGIA_REDE_PUBLICA,IN_ENERGIA_GERADOR,IN_ENERGIA_OUTROS,IN_ENERGIA_INEXISTENTE,IN_ESGOTO_REDE_PUBLICA,IN_ESGOTO_FOSSA,IN_ESGOTO_INEXISTENTE,IN_LIXO_COLETA_PERIODICA,IN_LIXO_QUEIMA,IN_LIXO_JOGA_OUTRA_AREA,IN_LIXO_RECICLA,IN_LIXO_ENTERRA,IN_LIXO_OUTROS,IN_SALA_DIRETORIA,IN_SALA_PROFESSOR,IN_LABORATORIO_INFORMATICA,IN_LABORATORIO_CIENCIAS,IN_SALA_ATENDIMENTO_ESPECIAL,IN_QUADRA_ESPORTES_COBERTA,IN_QUADRA_ESPORTES_DESCOBERTA,IN_QUADRA_ESPORTES,IN_COZINHA,IN_BIBLIOTECA,IN_SALA_LEITURA,IN_BIBLIOTECA_SALA_LEITURA,IN_PARQUE_INFANTIL,IN_BERCARIO,IN_BANHEIRO_FORA_PREDIO,IN_BANHEIRO_DENTRO_PREDIO,IN_BANHEIRO_EI,IN_BANHEIRO_PNE,IN_DEPENDENCIAS_PNE,IN_SECRETARIA,IN_BANHEIRO_CHUVEIRO,IN_REFEITORIO,IN_DESPENSA,IN_ALMOXARIFADO,IN_AUDITORIO,IN_PATIO_COBERTO,IN_PATIO_DESCOBERTO,IN_ALOJAM_ALUNO,IN_ALOJAM_PROFESSOR,IN_AREA_VERDE,IN_LAVANDERIA,IN_DEPENDENCIAS_OUTRAS,NU_SALAS_EXISTENTES,NU_SALAS_UTILIZADAS,IN_EQUIP_TV,IN_EQUIP_VIDEOCASSETE,IN_EQUIP_DVD,IN_EQUIP_PARABOLICA,IN_EQUIP_COPIADORA,IN_EQUIP_RETROPROJETOR,IN_EQUIP_IMPRESSORA,IN_EQUIP_IMPRESSORA_MULT,IN_EQUIP_SOM,IN_EQUIP_MULTIMIDIA,IN_EQUIP_FAX,IN_EQUIP_FOTO,IN_COMPUTADOR,NU_EQUIP_TV,NU_EQUIP_VIDEOCASSETE,NU_EQUIP_DVD,NU_EQUIP_PARABOLICA,NU_EQUIP_COPIADORA,NU_EQUIP_RETROPROJETOR,NU_EQUIP_IMPRESSORA,NU_EQUIP_IMPRESSORA_MULT,NU_EQUIP_SOM,NU_EQUIP_MULTIMIDIA,NU_EQUIP_FAX,NU_EQUIP_FOTO,NU_COMPUTADOR,NU_COMP_ADMINISTRATIVO,NU_COMP_ALUNO,IN_INTERNET,IN_BANDA_LARGA,NU_FUNCIONARIOS,IN_ALIMENTACAO,TP_AEE,TP_ATIVIDADE_COMPLEMENTAR,TP_LOCALIZACAO_DIFERENCIADA,IN_MATERIAL_ESP_QUILOMBOLA,IN_MATERIAL_ESP_INDIGENA,IN_MATERIAL_ESP_NAO_UTILIZA,IN_EDUCACAO_INDIGENA,IN_BRASIL_ALFABETIZADO,IN_FINAL_SEMANA,IN_FORMACAO_ALTERNANCIA,IN_MEDIACAO_PRESENCIAL,IN_MEDIACAO_SEMIPRESENCIAL,IN_MEDIACAO_EAD,IN_ESPECIAL_EXCLUSIVA,IN_REGULAR,IN_EJA,IN_PROFISSIONALIZANTE,IN_COMUM_CRECHE,IN_COMUM_PRE,IN_COMUM_FUND_AI,IN_COMUM_FUND_AF,IN_COMUM_MEDIO_MEDIO,IN_COMUM_MEDIO_INTEGRADO,IN_COMUM_MEDIO_NORMAL,IN_ESP_EXCLUSIVA_CRECHE,IN_ESP_EXCLUSIVA_PRE,IN_ESP_EXCLUSIVA_FUND_AI,IN_ESP_EXCLUSIVA_FUND_AF,IN_ESP_EXCLUSIVA_MEDIO_MEDIO,IN_ESP_EXCLUSIVA_MEDIO_INTEGR,IN_ESP_EXCLUSIVA_MEDIO_NORMAL,IN_COMUM_EJA_FUND,IN_COMUM_EJA_MEDIO,IN_COMUM_EJA_PROF,IN_ESP_EXCLUSIVA_EJA_FUND,IN_ESP_EXCLUSIVA_EJA_MEDIO,IN_ESP_EXCLUSIVA_EJA_PROF,IN_COMUM_PROF,IN_ESP_EXCLUSIVA_PROF,TX_RESP_Q002_A,TX_RESP_Q002_B,TX_RESP_Q002_C,TX_RESP_Q002_D,TX_RESP_Q002_E,TX_RESP_Q002_F,TX_RESP_Q004_A,TX_RESP_Q004_B,TX_RESP_Q004_C,TX_RESP_Q004_D,TX_RESP_Q004_E,TX_RESP_Q004_F,TX_RESP_Q004_G,TX_RESP_Q004_H,TX_RESP_Q005_A,TX_RESP_Q005_B,TX_RESP_Q008_A,TX_RESP_Q008_B,TX_RESP_Q011_A,TX_RESP_Q011_B,TX_RESP_Q012_A,TX_RESP_Q012_B,TX_RESP_Q012_C,TX_RESP_Q013_A,TX_RESP_Q013_B,TX_RESP_Q013_C,TX_RESP_Q014_A,TX_RESP_Q014_B,TX_RESP_Q014_C,TX_RESP_Q015_A,TX_RESP_Q015_B,TX_RESP_Q015_C,TX_RESP_Q015_D,TX_RESP_Q015_E,TX_RESP_Q016_A,TX_RESP_Q016_B,TX_RESP_Q016_C,TX_RESP_Q016_D,TX_RESP_Q016_E,TX_RESP_Q016_F,TX_RESP_Q017_A,TX_RESP_Q017_B,TX_RESP_Q017_C,TX_RESP_Q017_D,TX_RESP_Q017_E,TX_RESP_Q018_A,TX_RESP_Q018_B,TX_RESP_Q018_C,TX_RESP_Q019_A,TX_RESP_Q019_B,TX_RESP_Q019_C,TX_RESP_Q019_D,TX_RESP_Q019_E,TX_RESP_Q019_F,TX_RESP_Q019_G,TX_RESP_Q020_A,TX_RESP_Q020_B,TX_RESP_Q021_A,TX_RESP_Q021_B,TX_RESP_Q022_A,TX_RESP_Q022_B,TX_RESP_Q022_C,TX_RESP_Q023_A,TX_RESP_Q023_B,TX_RESP_Q023_C,TX_RESP_Q023_D,TX_RESP_Q023_E,TX_RESP_Q023_F,TX_RESP_Q023_G,TX_RESP_Q024_A,TX_RESP_Q024_B,TX_RESP_Q025_A,TX_RESP_Q025_B,TX_RESP_Q026_A,TX_RESP_Q026_B,TX_RESP_Q026_C,TX_RESP_Q027_A,TX_RESP_Q027_B,TX_RESP_Q028_A,TX_RESP_Q028_B,TX_RESP_Q029_A,TX_RESP_Q029_B,TX_RESP_Q030_A,TX_RESP_Q030_B,TX_RESP_Q031_A,TX_RESP_Q031_B,TX_RESP_Q034_A,TX_RESP_Q034_B,TX_RESP_Q034_C,TX_RESP_Q035_A,TX_RESP_Q035_B,TX_RESP_Q035_C,TX_RESP_Q036_A,TX_RESP_Q036_B,TX_RESP_Q036_C,TX_RESP_Q036_D,TX_RESP_Q036_E,TX_RESP_Q037_A,TX_RESP_Q037_B,TX_RESP_Q037_C,TX_RESP_Q037_D,TX_RESP_Q037_E,TX_RESP_Q038_A,TX_RESP_Q038_B,TX_RESP_Q039_A,TX_RESP_Q039_B,TX_RESP_Q039_C,TX_RESP_Q039_D,TX_RESP_Q040_A,TX_RESP_Q040_B,TX_RESP_Q040_C,TX_RESP_Q041_A,TX_RESP_Q041_B,TX_RESP_Q041_C,TX_RESP_Q042_A,TX_RESP_Q042_B,TX_RESP_Q042_C,TX_RESP_Q043_A,TX_RESP_Q043_B,TX_RESP_Q044_A,TX_RESP_Q044_B,TX_RESP_Q045_A,TX_RESP_Q045_B,TX_RESP_Q045_C,TX_RESP_Q045_D,TX_RESP_Q048_A,TX_RESP_Q048_B,TX_RESP_Q048_C,TX_RESP_Q049_A,TX_RESP_Q049_B,TX_RESP_Q049_C,TX_RESP_Q050_A,TX_RESP_Q050_B,TX_RESP_Q050_C,TX_RESP_Q051_A,TX_RESP_Q051_B,TX_RESP_Q051_C,TX_RESP_Q051_D,TX_RESP_Q052_A,TX_RESP_Q052_B,TX_RESP_Q053_A,TX_RESP_Q053_B,TX_RESP_Q053_C,TX_RESP_Q053_D,TX_RESP_Q054_A,TX_RESP_Q054_B,TX_RESP_Q054_C,TX_RESP_Q055_A,TX_RESP_Q055_B,TX_RESP_Q055_C,TX_RESP_Q056_A,TX_RESP_Q056_B,TX_RESP_Q056_C,TX_RESP_Q058_A,TX_RESP_Q058_B,TX_RESP_Q058_C,TX_RESP_Q059_A,TX_RESP_Q059_B,TX_RESP_Q059_C,TX_RESP_Q059_D,TX_RESP_Q060_A,TX_RESP_Q060_B,TX_RESP_Q060_C,TX_RESP_Q060_D,Classe-IDEB
0,26106582,2017,1,2,2605,26017,26,2600054,260005405,2,1,1.0,1.0,3.0,0.0,0.0,0.0,0.0,0.0,0.0,0.0,0.0,0.0,0.0,1.0,1.0,0.0,0.0,0.0,0.0,1.0,0.0,0.0,0.0,1.0,0.0,0.0,1.0,0.0,0.0,0.0,0.0,0.0,1.0,1.0,1.0,0.0,0.0,0.0,0.0,0.0,1.0,1.0,0.0,1.0,0.0,0.0,0.0,1.0,0.0,0.0,0.0,1.0,0.0,0.0,0.0,0.0,0.0,0.0,0.0,0.0,0.0,0.0,0.0,0.0,10.0,10.0,1.0,0.0,1.0,0.0,1.0,1.0,1.0,1.0,1.0,1.0,0.0,0.0,1.0,5.0,0.0,2.0,0.0,1.0,2.0,2.0,2.0,2.0,9.0,0.0,0.0,5.0,3.0,1.0,1.0,1.0,51.0,1.0,0.0,0.0,0.0,0.0,0.0,1.0,0.0,0.0,1.0,0.0,1.0,0.0,0.0,0.0,1.0,1.0,0.0,0.0,0.0,0.0,1.0,1.0,0.0,0.0,0.0,0.0,0.0,0.0,0.0,0.0,0.0,1.0,1.0,0.0,0.0,0.0,0.0,0.0,0.0,5.0,4.0,19.0,2.0,0.0,3.0,0.0,1.0,6.0,15.0,10.0,1.0,0.0,0.0,2.0,31.0,0.0,33.0,15.0,18.0,24.0,8.0,1.0,19.0,12.0,2.0,0.0,27.0,6.0,0.0,2.0,22.0,9.0,0.0,0.0,3.0,7.0,5.0,14.0,4.0,27.0,4.0,1.0,0.0,1.0,25.0,6.0,2.0,2.0,11.0,7.0,5.0,8.0,0.0,0.0,29.0,4.0,27.0,6.0,14.0,18.0,1.0,2.0,5.0,7.0,5.0,9.0,2.0,3.0,29.0,4.0,18.0,15.0,15.0,10.0,8.0,33.0,0.0,28.0,5.0,28.0,5.0,32.0,1.0,22.0,11.0,9.0,20.0,4.0,20.0,12.0,1.0,5.0,6.0,7.0,12.0,3.0,10.0,9.0,3.0,5.0,6.0,13.0,20.0,13.0,17.0,2.0,1.0,24.0,1.0,8.0,13.0,15.0,5.0,25.0,8.0,0.0,12.0,21.0,29.0,4.0,19.0,10.0,1.0,3.0,22.0,9.0,2.0,20.0,11.0,2.0,28.0,3.0,2.0,28.0,3.0,0.0,2.0,21.0,12.0,19.0,9.0,4.0,1.0,29.0,3.0,1.0,21.0,11.0,1.0,18.0,14.0,1.0,24.0,7.0,2.0,25.0,5.0,1.0,2.0,1.0,3.0,13.0,16.0,Abaixo da média
1,26106612,2017,1,2,2605,26017,26,2600054,260005405,2,1,1.0,1.0,1.0,0.0,0.0,0.0,0.0,0.0,0.0,0.0,0.0,0.0,0.0,1.0,1.0,0.0,0.0,0.0,0.0,1.0,0.0,0.0,0.0,1.0,0.0,0.0,1.0,0.0,0.0,0.0,0.0,0.0,1.0,1.0,0.0,0.0,0.0,0.0,0.0,0.0,1.0,1.0,0.0,1.0,0.0,0.0,0.0,1.0,0.0,0.0,0.0,0.0,1.0,0.0,0.0,1.0,0.0,0.0,0.0,0.0,0.0,0.0,0.0,0.0,11.0,14.0,1.0,0.0,1.0,0.0,1.0,1.0,1.0,0.0,1.0,1.0,0.0,1.0,1.0,2.0,0.0,1.0,0.0,1.0,3.0,5.0,0.0,3.0,9.0,0.0,2.0,8.0,2.0,6.0,1.0,1.0,50.0,1.0,0.0,1.0,0.0,0.0,0.0,1.0,0.0,0.0,0.0,0.0,1.0,0.0,0.0,0.0,1.0,1.0,0.0,0.0,0.0,0.0,1.0,1.0,0.0,0.0,0.0,0.0,0.0,0.0,0.0,0.0,0.0,1.0,1.0,0.0,0.0,0.0,0.0,0.0,0.0,11.0,9.0,38.0,2.0,0.0,10.0,0.0,11.0,33.0,20.0,5.0,1.0,0.0,0.0,0.0,70.0,0.0,70.0,31.0,39.0,51.0,16.0,3.0,29.0,35.0,6.0,0.0,56.0,14.0,2.0,5.0,40.0,22.0,1.0,0.0,9.0,11.0,29.0,11.0,10.0,67.0,2.0,1.0,0.0,0.0,62.0,5.0,3.0,0.0,7.0,16.0,10.0,28.0,1.0,8.0,68.0,2.0,58.0,12.0,33.0,34.0,3.0,0.0,6.0,15.0,5.0,21.0,2.0,21.0,65.0,5.0,43.0,27.0,46.0,18.0,6.0,69.0,1.0,65.0,5.0,62.0,8.0,68.0,2.0,57.0,13.0,21.0,40.0,9.0,47.0,22.0,1.0,10.0,22.0,20.0,14.0,4.0,28.0,27.0,5.0,3.0,7.0,5.0,65.0,22.0,43.0,5.0,0.0,59.0,2.0,9.0,55.0,13.0,2.0,67.0,2.0,1.0,2.0,68.0,66.0,4.0,55.0,12.0,1.0,2.0,53.0,15.0,2.0,48.0,21.0,1.0,67.0,2.0,1.0,58.0,11.0,0.0,1.0,47.0,23.0,41.0,25.0,2.0,2.0,64.0,6.0,0.0,41.0,28.0,1.0,35.0,34.0,1.0,63.0,6.0,1.0,59.0,8.0,0.0,3.0,17.0,42.0,11.0,0.0,Abaixo da média
2,26106698,2017,1,2,2605,26017,26,2600054,260005405,2,1,1.0,1.0,3.0,0.0,0.0,0.0,0.0,0.0,0.0,0.0,0.0,1.0,0.0,1.0,0.0,1.0,0.0,0.0,0.0,1.0,0.0,0.0,0.0,0.0,1.0,0.0,1.0,0.0,0.0,0.0,0.0,0.0,1.0,1.0,1.0,0.0,0.0,0.0,0.0,0.0,1.0,1.0,0.0,1.0,0.0,0.0,0.0,1.0,0.0,1.0,1.0,1.0,0.0,0.0,1.0,1.0,0.0,1.0,0.0,0.0,0.0,0.0,0.0,0.0,11.0,11.0,1.0,0.0,1.0,0.0,1.0,1.0,1.0,1.0,1.0,1.0,0.0,0.0,1.0,4.0,0.0,3.0,0.0,3.0,2.0,3.0,1.0,2.0,7.0,0.0,0.0,13.0,3.0,10.0,1.0,1.0,36.0,1.0,0.0,1.0,0.0,0.0,0.0,1.0,0.0,0.0,0.0,0.0,1.0,0.0,0.0,1.0,1.0,0.0,0.0,0.0,0.0,0.0,1.0,1.0,0.0,0.0,0.0,0.0,1.0,0.0,0.0,0.0,0.0,0.0,0.0,0.0,0.0,0.0,0.0,0.0,0.0,7.0,2.0,19.0,6.0,2.0,5.0,0.0,6.0,13.0,15.0,3.0,3.0,1.0,0.0,3.0,38.0,0.0,41.0,15.0,26.0,25.0,14.0,2.0,17.0,23.0,1.0,1.0,30.0,10.0,0.0,2.0,23.0,15.0,1.0,0.0,1.0,8.0,15.0,14.0,3.0,38.0,2.0,0.0,1.0,0.0,37.0,2.0,2.0,0.0,8.0,12.0,8.0,8.0,0.0,5.0,39.0,2.0,35.0,6.0,23.0,16.0,2.0,3.0,7.0,7.0,6.0,7.0,0.0,11.0,36.0,5.0,28.0,13.0,22.0,18.0,1.0,41.0,0.0,38.0,3.0,35.0,6.0,41.0,0.0,25.0,16.0,10.0,23.0,8.0,30.0,10.0,1.0,11.0,8.0,7.0,15.0,0.0,13.0,13.0,5.0,6.0,4.0,10.0,31.0,16.0,19.0,5.0,1.0,31.0,0.0,10.0,30.0,8.0,3.0,37.0,3.0,1.0,8.0,33.0,33.0,8.0,22.0,18.0,0.0,1.0,28.0,13.0,0.0,25.0,15.0,1.0,39.0,2.0,0.0,32.0,7.0,1.0,1.0,27.0,14.0,22.0,19.0,0.0,0.0,39.0,2.0,0.0,32.0,9.0,0.0,25.0,15.0,1.0,40.0,1.0,0.0,38.0,3.0,0.0,0.0,0.0,12.0,28.0,1.0,Abaixo da média
5,26106957,2017,1,2,2605,26017,26,2600054,260005405,2,1,1.0,1.0,1.0,0.0,0.0,0.0,0.0,0.0,0.0,0.0,0.0,0.0,0.0,1.0,1.0,0.0,0.0,0.0,0.0,1.0,0.0,0.0,0.0,1.0,0.0,0.0,1.0,0.0,0.0,0.0,0.0,0.0,1.0,1.0,1.0,0.0,0.0,0.0,1.0,1.0,1.0,1.0,0.0,1.0,0.0,0.0,0.0,1.0,0.0,0.0,0.0,1.0,1.0,1.0,0.0,0.0,1.0,0.0,0.0,0.0,0.0,0.0,0.0,0.0,14.0,9.0,0.0,0.0,0.0,0.0,1.0,0.0,1.0,1.0,1.0,1.0,0.0,1.0,1.0,0.0,0.0,0.0,0.0,2.0,0.0,1.0,1.0,2.0,5.0,0.0,2.0,12.0,4.0,8.0,1.0,1.0,42.0,1.0,0.0,0.0,0.0,0.0,0.0,1.0,0.0,0.0,0.0,0.0,1.0,0.0,0.0,1.0,1.0,1.0,0.0,0.0,0.0,0.0,0.0,1.0,0.0,0.0,0.0,0.0,1.0,0.0,0.0,0.0,0.0,0.0,1.0,0.0,0.0,0.0,0.0,0.0,0.0,14.0,8.0,46.0,5.0,2.0,3.0,0.0,7.0,42.0,24.0,3.0,1.0,1.0,0.0,0.0,78.0,0.0,78.0,25.0,53.0,45.0,29.0,4.0,26.0,48.0,4.0,0.0,54.0,24.0,0.0,7.0,46.0,22.0,3.0,0.0,9.0,15.0,24.0,21.0,9.0,71.0,6.0,1.0,0.0,0.0,68.0,7.0,3.0,0.0,9.0,10.0,12.0,33.0,10.0,4.0,76.0,2.0,68.0,10.0,43.0,30.0,5.0,3.0,9.0,9.0,11.0,34.0,2.0,10.0,68.0,10.0,47.0,31.0,19.0,47.0,12.0,78.0,0.0,72.0,6.0,68.0,10.0,77.0,1.0,61.0,17.0,30.0,39.0,9.0,56.0,20.0,2.0,17.0,15.0,19.0,27.0,0.0,15.0,39.0,6.0,9.0,9.0,7.0,71.0,42.0,29.0,7.0,0.0,55.0,2.0,21.0,56.0,17.0,5.0,73.0,3.0,2.0,9.0,69.0,72.0,6.0,56.0,21.0,0.0,1.0,62.0,14.0,2.0,50.0,25.0,3.0,75.0,2.0,1.0,72.0,3.0,1.0,2.0,48.0,30.0,34.0,34.0,9.0,1.0,70.0,7.0,1.0,60.0,17.0,1.0,44.0,32.0,2.0,56.0,21.0,1.0,68.0,7.0,3.0,0.0,32.0,32.0,14.0,0.0,Acima da média
6,26107074,2017,1,2,2605,26017,26,2600054,260005405,2,1,1.0,1.0,1.0,0.0,0.0,0.0,0.0,0.0,0.0,0.0,0.0,0.0,0.0,1.0,1.0,0.0,0.0,0.0,0.0,1.0,0.0,0.0,0.0,1.0,0.0,0.0,1.0,0.0,0.0,0.0,0.0,0.0,1.0,1.0,1.0,0.0,0.0,1.0,0.0,1.0,1.0,1.0,0.0,1.0,0.0,0.0,0.0,1.0,0.0,1.0,0.0,1.0,1.0,1.0,1.0,1.0,0.0,1.0,0.0,0.0,0.0,1.0,0.0,0.0,12.0,12.0,1.0,0.0,0.0,1.0,0.0,1.0,0.0,1.0,1.0,1.0,0.0,1.0,1.0,2.0,0.0,0.0,1.0,0.0,4.0,0.0,3.0,3.0,10.0,0.0,1.0,27.0,6.0,21.0,1.0,1.0,58.0,1.0,0.0,1.0,0.0,0.0,0.0,1.0,0.0,0.0,1.0,0.0,1.0,0.0,0.0,1.0,1.0,1.0,0.0,0.0,0.0,0.0,1.0,1.0,0.0,0.0,0.0,0.0,1.0,0.0,0.0,0.0,0.0,1.0,1.0,0.0,0.0,0.0,0.0,0.0,0.0,7.0,8.0,20.0,3.0,1.0,3.0,0.0,4.0,17.0,19.0,1.0,1.0,0.0,0.0,3.0,39.0,0.0,42.0,17.0,25.0,31.0,10.0,1.0,19.0,19.0,4.0,0.0,33.0,9.0,0.0,1.0,21.0,16.0,4.0,0.0,3.0,12.0,11.0,14.0,2.0,39.0,3.0,0.0,0.0,0.0,35.0,5.0,2.0,1.0,7.0,7.0,9.0,15.0,0.0,3.0,37.0,5.0,34.0,8.0,23.0,18.0,1.0,2.0,4.0,9.0,5.0,12.0,1.0,9.0,36.0,6.0,29.0,13.0,18.0,17.0,7.0,42.0,0.0,38.0,4.0,34.0,8.0,42.0,0.0,37.0,5.0,12.0,26.0,4.0,33.0,7.0,2.0,12.0,7.0,6.0,15.0,2.0,14.0,19.0,0.0,5.0,4.0,8.0,34.0,19.0,21.0,2.0,0.0,35.0,3.0,4.0,27.0,14.0,1.0,41.0,1.0,0.0,7.0,35.0,37.0,5.0,26.0,16.0,0.0,0.0,34.0,5.0,3.0,26.0,13.0,3.0,38.0,3.0,1.0,30.0,7.0,4.0,1.0,28.0,14.0,24.0,17.0,1.0,0.0,41.0,1.0,0.0,30.0,12.0,0.0,31.0,10.0,1.0,42.0,0.0,0.0,30.0,12.0,0.0,0.0,15.0,21.0,6.0,0.0,Abaixo da média
8,26137149,2017,1,2,2605,26017,26,2600054,260005405,2,1,1.0,1.0,3.0,0.0,0.0,0.0,0.0,0.0,0.0,0.0,0.0,0.0,0.0,1.0,0.0,1.0,0.0,0.0,0.0,1.0,0.0,0.0,0.0,0.0,1.0,0.0,1.0,0.0,0.0,0.0,0.0,0.0,1.0,1.0,1.0,0.0,0.0,0.0,0.0,0.0,1.0,1.0,0.0,1.0,0.0,0.0,0.0,1.0,0.0,0.0,0.0,0.0,0.0,1.0,0.0,1.0,0.0,0.0,0.0,0.0,0.0,0.0,0.0,0.0,19.0,13.0,1.0,0.0,1.0,0.0,1.0,1.0,1.0,1.0,1.0,1.0,0.0,1.0,1.0,1.0,0.0,2.0,0.0,1.0,1.0,1.0,1.0,2.0,9.0,0.0,1.0,34.0,4.0,30.0,1.0,1.0,29.0,1.0,0.0,0.0,0.0,0.0,0.0,1.0,0.0,0.0,0.0,0.0,1.0,0.0,0.0,0.0,1.0,1.0,0.0,0.0,0.0,0.0,1.0,1.0,0.0,0.0,0.0,0.0,0.0,0.0,0.0,0.0,0.0,1.0,1.0,0.0,0.0,0.0,0.0,0.0,0.0,7.0,4.0,30.0,3.0,0.0,2.0,0.0,7.0,25.0,13.0,1.0,0.0,0.0,0.0,1.0,45.0,0.0,46.0,20.0,26.0,28.0,17.0,1.0,18.0,24.0,4.0,0.0,38.0,8.0,0.0,1.0,33.0,11.0,1.0,0.0,9.0,10.0,20.0,5.0,2.0,45.0,1.0,0.0,0.0,0.0,39.0,5.0,2.0,0.0,4.0,5.0,8.0,24.0,2.0,3.0,45.0,1.0,35.0,11.0,21.0,21.0,4.0,1.0,7.0,4.0,2.0,19.0,3.0,10.0,42.0,4.0,25.0,21.0,25.0,18.0,3.0,45.0,1.0,44.0,2.0,37.0,9.0,45.0,1.0,31.0,15.0,12.0,28.0,6.0,33.0,12.0,1.0,5.0,13.0,12.0,15.0,1.0,20.0,14.0,2.0,3.0,7.0,10.0,36.0,19.0,20.0,5.0,2.0,35.0,2.0,9.0,34.0,11.0,1.0,45.0,1.0,0.0,3.0,43.0,35.0,11.0,7.0,32.0,6.0,1.0,31.0,15.0,0.0,23.0,23.0,0.0,43.0,3.0,0.0,34.0,11.0,1.0,0.0,24.0,22.0,26.0,17.0,3.0,0.0,45.0,1.0,0.0,26.0,20.0,0.0,28.0,18.0,0.0,40.0,6.0,0.0,39.0,6.0,1.0,0.0,0.0,3.0,20.0,23.0,Acima da média
9,26178435,2017,1,2,2605,26017,26,2600054,260005405,2,1,1.0,1.0,1.0,0.0,0.0,0.0,0.0,0.0,0.0,0.0,0.0,0.0,0.0,1.0,1.0,1.0,0.0,0.0,0.0,1.0,0.0,0.0,0.0,0.0,1.0,0.0,1.0,0.0,0.0,0.0,0.0,0.0,1.0,1.0,1.0,1.0,0.0,0.0,0.0,0.0,1.0,1.0,1.0,1.0,0.0,0.0,0.0,1.0,0.0,1.0,1.0,1.0,1.0,0.0,0.0,1.0,1.0,0.0,1.0,0.0,0.0,0.0,0.0,0.0,19.0,19.0,1.0,0.0,0.0,0.0,1.0,1.0,1.0,0.0,1.0,1.0,1.0,1.0,1.0,2.0,0.0,0.0,0.0,1.0,8.0,1.0,0.0,1.0,3.0,1.0,1.0,12.0,4.0,4.0,1.0,1.0,64.0,1.0,0.0,0.0,0.0,0.0,0.0,1.0,0.0,0.0,0.0,0.0,1.0,0.0,0.0,0.0,1.0,0.0,0.0,0.0,0.0,0.0,0.0,1.0,0.0,0.0,0.0,0.0,0.0,0.0,0.0,0.0,0.0,0.0,0.0,0.0,0.0,0.0,0.0,0.0,0.0,24.0,27.0,135.0,10.0,3.0,8.0,1.0,39.0,122.0,39.0,6.0,0.0,0.0,0.0,4.0,203.0,3.0,204.0,79.0,128.0,129.0,73.0,5.0,100.0,95.0,12.0,1.0,171.0,35.0,1.0,10.0,153.0,41.0,2.0,0.0,23.0,46.0,82.0,40.0,16.0,197.0,5.0,4.0,1.0,0.0,181.0,13.0,13.0,3.0,12.0,26.0,33.0,106.0,18.0,9.0,200.0,7.0,162.0,45.0,117.0,82.0,8.0,1.0,22.0,28.0,39.0,74.0,11.0,32.0,195.0,12.0,112.0,95.0,117.0,70.0,20.0,204.0,3.0,194.0,13.0,184.0,23.0,206.0,1.0,167.0,40.0,92.0,92.0,23.0,150.0,53.0,4.0,36.0,69.0,51.0,48.0,3.0,85.0,61.0,15.0,15.0,31.0,4.0,203.0,104.0,96.0,5.0,2.0,190.0,4.0,13.0,173.0,31.0,3.0,202.0,5.0,0.0,10.0,197.0,186.0,21.0,139.0,61.0,1.0,6.0,178.0,24.0,5.0,146.0,55.0,6.0,193.0,9.0,5.0,193.0,7.0,0.0,7.0,100.0,107.0,103.0,79.0,16.0,9.0,190.0,9.0,8.0,120.0,79.0,8.0,144.0,56.0,7.0,178.0,22.0,7.0,170.0,27.0,3.0,7.0,61.0,122.0,24.0,0.0,Acima da média
10,26014564,2017,1,2,2601,26003,26,2600104,260010405,2,1,1.0,1.0,1.0,0.0,0.0,0.0,0.0,0.0,0.0,0.0,0.0,0.0,0.0,1.0,1.0,0.0,0.0,0.0,0.0,1.0,0.0,0.0,0.0,1.0,0.0,0.0,1.0,0.0,0.0,0.0,0.0,0.0,1.0,1.0,1.0,1.0,1.0,0.0,1.0,1.0,1.0,1.0,0.0,1.0,0.0,0.0,1.0,1.0,0.0,1.0,1.0,1.0,1.0,1.0,1.0,1.0,1.0,1.0,1.0,0.0,0.0,1.0,0.0,0.0,19.0,19.0,1.0,0.0,1.0,1.0,1.0,0.0,1.0,1.0,1.0,1.0,0.0,1.0,1.0,10.0,0.0,9.0,1.0,1.0,0.0,7.0,5.0,7.0,10.0,0.0,2.0,28.0,10.0,18.0,1.0,1.0,75.0,1.0,1.0,0.0,0.0,0.0,0.0,1.0,0.0,0.0,1.0,0.0,1.0,0.0,0.0,1.0,1.0,1.0,1.0,0.0,0.0,0.0,1.0,1.0,0.0,1.0,0.0,0.0,1.0,0.0,0.0,0.0,0.0,0.0,1.0,0.0,0.0,0.0,0.0,0.0,0.0,31.0,10.0,48.0,3.0,0.0,8.0,0.0,4.0,54.0,25.0,9.0,6.0,2.0,0.0,4.0,96.0,2.0,98.0,46.0,54.0,72.0,24.0,4.0,64.0,34.0,2.0,1.0,87.0,12.0,0.0,8.0,35.0,51.0,6.0,0.0,17.0,18.0,31.0,24.0,10.0,90.0,6.0,3.0,1.0,0.0,89.0,11.0,0.0,5.0,22.0,18.0,15.0,19.0,4.0,17.0,89.0,11.0,78.0,22.0,60.0,38.0,2.0,9.0,29.0,14.0,3.0,13.0,3.0,29.0,73.0,27.0,49.0,51.0,65.0,32.0,3.0,97.0,3.0,91.0,9.0,85.0,15.0,98.0,2.0,68.0,32.0,24.0,62.0,14.0,74.0,20.0,6.0,21.0,19.0,19.0,38.0,3.0,30.0,37.0,9.0,9.0,15.0,18.0,82.0,31.0,38.0,27.0,4.0,91.0,4.0,5.0,52.0,41.0,7.0,84.0,14.0,2.0,32.0,68.0,74.0,26.0,35.0,57.0,7.0,1.0,83.0,14.0,3.0,42.0,50.0,8.0,84.0,12.0,4.0,87.0,10.0,0.0,3.0,54.0,46.0,35.0,51.0,12.0,2.0,92.0,5.0,3.0,72.0,22.0,6.0,63.0,33.0,4.0,67.0,29.0,4.0,80.0,15.0,2.0,3.0,14.0,59.0,27.0,0.0,Abaixo da média
12,26014670,2017,1,2,2601,26003,26,2600104,260010405,2,1,1.0,1.0,1.0,0.0,0.0,0.0,0.0,0.0,0.0,0.0,0.0,0.0,1.0,1.0,1.0,1.0,0.0,0.0,0.0,1.0,0.0,0.0,0.0,1.0,0.0,0.0,1.0,0.0,0.0,0.0,0.0,0.0,0.0,1.0,1.0,1.0,0.0,1.0,0.0,1.0,0.0,1.0,0.0,1.0,0.0,0.0,0.0,1.0,0.0,0.0,0.0,0.0,0.0,0.0,0.0,0.0,0.0,0.0,0.0,0.0,0.0,0.0,0.0,0.0,10.0,8.0,1.0,0.0,0.0,0.0,0.0,0.0,0.0,1.0,0.0,1.0,0.0,1.0,1.0,2.0,0.0,0.0,0.0,0.0,0.0,0.0,2.0,0.0,4.0,0.0,1.0,13.0,3.0,10.0,1.0,1.0,37.0,1.0,0.0,0.0,0.0,0.0,0.0,1.0,0.0,0.0,0.0,0.0,1.0,0.0,0.0,0.0,1.0,0.0,0.0,0.0,0.0,0.0,0.0,1.0,0.0,0.0,0.0,0.0,0.0,0.0,0.0,0.0,0.0,0.0,0.0,0.0,0.0,0.0,0.0,0.0,0.0,17.0,3.0,25.0,1.0,0.0,0.0,0.0,3.0,31.0,9.0,3.0,0.0,0.0,0.0,1.0,45.0,0.0,46.0,14.0,32.0,23.0,17.0,6.0,11.0,26.0,9.0,0.0,25.0,21.0,0.0,1.0,15.0,25.0,5.0,0.0,10.0,17.0,11.0,6.0,2.0,34.0,10.0,2.0,0.0,0.0,42.0,4.0,0.0,1.0,6.0,6.0,5.0,16.0,9.0,3.0,43.0,3.0,43.0,3.0,26.0,17.0,3.0,3.0,2.0,6.0,4.0,17.0,7.0,7.0,39.0,7.0,34.0,12.0,35.0,8.0,3.0,46.0,0.0,43.0,3.0,44.0,2.0,46.0,0.0,39.0,7.0,14.0,30.0,2.0,34.0,11.0,1.0,6.0,15.0,7.0,18.0,0.0,21.0,8.0,4.0,0.0,13.0,2.0,44.0,24.0,21.0,1.0,0.0,38.0,0.0,8.0,32.0,10.0,4.0,42.0,3.0,1.0,11.0,35.0,43.0,3.0,30.0,12.0,2.0,2.0,39.0,5.0,2.0,29.0,14.0,3.0,44.0,1.0,1.0,41.0,5.0,0.0,0.0,35.0,11.0,31.0,13.0,1.0,1.0,45.0,0.0,1.0,37.0,8.0,1.0,38.0,7.0,1.0,39.0,5.0,2.0,39.0,5.0,0.0,2.0,11.0,29.0,6.0,0.0,Acima da média
15,26030950,2017,1,2,2602,26005,26,2600203,260020305,2,1,1.0,1.0,1.0,0.0,0.0,0.0,0.0,0.0,0.0,0.0,1.0,0.0,0.0,1.0,1.0,0.0,1.0,0.0,0.0,1.0,0.0,0.0,0.0,1.0,0.0,0.0,1.0,0.0,0.0,0.0,0.0,0.0,1.0,1.0,1.0,1.0,0.0,1.0,0.0,1.0,1.0,1.0,0.0,1.0,0.0,0.0,0.0,1.0,0.0,1.0,0.0,0.0,0.0,0.0,0.0,0.0,0.0,0.0,0.0,0.0,0.0,0.0,0.0,0.0,11.0,13.0,1.0,0.0,1.0,0.0,1.0,0.0,1.0,1.0,1.0,1.0,0.0,1.0,1.0,3.0,0.0,3.0,0.0,1.0,0.0,2.0,1.0,2.0,20.0,0.0,1.0,44.0,4.0,40.0,1.0,1.0,36.0,1.0,0.0,0.0,0.0,0.0,0.0,1.0,0.0,0.0,0.0,0.0,1.0,0.0,0.0,0.0,1.0,1.0,1.0,0.0,0.0,0.0,0.0,1.0,0.0,1.0,0.0,0.0,0.0,0.0,0.0,0.0,0.0,1.0,1.0,0.0,0.0,0.0,0.0,0.0,0.0,23.0,9.0,42.0,5.0,1.0,8.0,0.0,13.0,34.0,28.0,10.0,1.0,2.0,0.0,11.0,77.0,0.0,88.0,58.0,30.0,71.0,15.0,2.0,72.0,16.0,0.0,4.0,77.0,7.0,0.0,9.0,41.0,24.0,14.0,0.0,7.0,15.0,29.0,16.0,21.0,76.0,9.0,2.0,1.0,0.0,73.0,10.0,5.0,1.0,27.0,22.0,3.0,16.0,6.0,13.0,80.0,8.0,72.0,16.0,55.0,25.0,8.0,8.0,29.0,16.0,5.0,10.0,1.0,19.0,69.0,19.0,51.0,37.0,59.0,25.0,4.0,87.0,1.0,85.0,3.0,81.0,7.0,88.0,0.0,64.0,24.0,28.0,52.0,8.0,51.0,35.0,2.0,20.0,26.0,14.0,18.0,10.0,27.0,23.0,12.0,12.0,14.0,10.0,78.0,13.0,51.0,22.0,2.0,85.0,0.0,3.0,54.0,28.0,6.0,88.0,0.0,0.0,20.0,68.0,77.0,11.0,72.0,16.0,0.0,0.0,78.0,8.0,2.0,53.0,32.0,3.0,70.0,17.0,1.0,82.0,6.0,0.0,0.0,70.0,18.0,72.0,14.0,1.0,1.0,86.0,2.0,0.0,68.0,20.0,0.0,70.0,18.0,0.0,59.0,27.0,2.0,85.0,2.0,0.0,1.0,10.0,54.0,24.0,0.0,Abaixo da média
16,26187566,2017,1,2,2602,26005,26,2600203,260020315,2,2,1.0,1.0,1.0,0.0,0.0,0.0,0.0,0.0,0.0,0.0,0.0,0.0,0.0,0.0,0.0,0.0,1.0,0.0,0.0,1.0,0.0,0.0,0.0,0.0,1.0,0.0,0.0,1.0,0.0,0.0,0.0,0.0,1.0,1.0,1.0,0.0,0.0,0.0,0.0,0.0,1.0,0.0,1.0,1.0,0.0,0.0,0.0,1.0,0.0,1.0,1.0,1.0,0.0,0.0,1.0,1.0,0.0,1.0,0.0,0.0,0.0,0.0,0.0,0.0,6.0,3.0,0.0,0.0,0.0,0.0,0.0,0.0,0.0,0.0,0.0,1.0,0.0,0.0,1.0,0.0,0.0,0.0,0.0,0.0,0.0,0.0,0.0,0.0,1.0,0.0,0.0,21.0,1.0,20.0,1.0,1.0,13.0,1.0,0.0,0.0,0.0,0.0,0.0,1.0,0.0,0.0,1.0,1.0,1.0,0.0,0.0,0.0,1.0,1.0,0.0,0.0,0.0,0.0,0.0,1.0,0.0,0.0,0.0,0.0,0.0,0.0,0.0,0.0,0.0,0.0,1.0,0.0,0.0,0.0,0.0,0.0,0.0,7.0,4.0,6.0,4.0,1.0,4.0,0.0,3.0,2.0,7.0,7.0,2.0,2.0,3.0,5.0,21.0,0.0,26.0,20.0,6.0,22.0,4.0,0.0,23.0,3.0,0.0,3.0,22.0,1.0,1.0,5.0,8.0,6.0,6.0,1.0,3.0,2.0,13.0,2.0,5.0,23.0,2.0,0.0,0.0,1.0,18.0,6.0,2.0,1.0,7.0,9.0,1.0,2.0,1.0,5.0,23.0,3.0,22.0,4.0,16.0,8.0,2.0,5.0,6.0,6.0,0.0,2.0,0.0,7.0,20.0,6.0,16.0,10.0,18.0,4.0,4.0,21.0,5.0,25.0,1.0,24.0,2.0,24.0,2.0,20.0,6.0,10.0,12.0,4.0,17.0,7.0,2.0,14.0,4.0,1.0,4.0,3.0,8.0,5.0,2.0,6.0,5.0,5.0,21.0,3.0,13.0,8.0,2.0,26.0,0.0,0.0,14.0,7.0,5.0,23.0,2.0,1.0,13.0,13.0,19.0,7.0,19.0,5.0,1.0,1.0,16.0,9.0,1.0,15.0,10.0,1.0,21.0,4.0,1.0,21.0,4.0,0.0,1.0,18.0,8.0,17.0,9.0,0.0,0.0,26.0,0.0,0.0,14.0,10.0,2.0,17.0,9.0,0.0,16.0,9.0,1.0,24.0,0.0,1.0,1.0,2.0,13.0,5.0,6.0,Abaixo da média
17,26540720,2017,1,2,2602,26005,26,2600203,260020305,2,1,1.0,1.0,1.0,0.0,0.0,0.0,0.0,0.0,0.0,0.0,0.0,0.0,0.0,1.0,1.0,0.0,0.0,0.0,0.0,1.0,0.0,0.0,0.0,1.0,0.0,0.0,1.0,0.0,0.0,0.0,0.0,0.0,1.0,1.0,1.0,1.0,0.0,0.0,0.0,0.0,1.0,1.0,0.0,1.0,0.0,0.0,0.0,1.0,0.0,0.0,0.0,1.0,0.0,1.0,0.0,0.0,0.0,0.0,0.0,0.0,0.0,0.0,0.0,0.0,10.0,10.0,1.0,0.0,1.0,0.0,1.0,0.0,1.0,1.0,1.0,1.0,0.0,0.0,1.0,2.0,0.0,5.0,0.0,3.0,0.0,7.0,2.0,1.0,2.0,0.0,0.0,18.0,0.0,18.0,1.0,1.0,32.0,1.0,0.0,0.0,0.0,0.0,0.0,1.0,0.0,0.0,0.0,0.0,1.0,0.0,0.0,0.0,1.0,0.0,0.0,0.0,0.0,0.0,0.0,1.0,0.0,0.0,0.0,0.0,0.0,0.0,0.0,0.0,0.0,0.0,0.0,0.0,0.0,0.0,0.0,0.0,0.0,27.0,8.0,50.0,1.0,2.0,5.0,0.0,27.0,43.0,21.0,2.0,0.0,0.0,0.0,4.0,89.0,1.0,92.0,63.0,30.0,71.0,21.0,1.0,52.0,35.0,6.0,1.0,84.0,8.0,0.0,2.0,40.0,42.0,9.0,0.0,9.0,20.0,28.0,21.0,15.0,86.0,6.0,1.0,0.0,0.0,80.0,8.0,5.0,1.0,36.0,21.0,5.0,15.0,8.0,7.0,86.0,7.0,80.0,13.0,67.0,25.0,1.0,9.0,30.0,20.0,5.0,9.0,1.0,19.0,74.0,19.0,51.0,42.0,68.0,22.0,3.0,93.0,0.0,88.0,5.0,85.0,8.0,93.0,0.0,73.0,20.0,24.0,57.0,12.0,59.0,30.0,4.0,22.0,32.0,14.0,19.0,6.0,34.0,22.0,7.0,7.0,23.0,3.0,90.0,12.0,71.0,9.0,1.0,89.0,0.0,4.0,67.0,23.0,3.0,92.0,1.0,0.0,20.0,73.0,64.0,29.0,70.0,20.0,3.0,0.0,88.0,5.0,0.0,59.0,34.0,0.0,73.0,19.0,1.0,90.0,3.0,0.0,0.0,66.0,27.0,66.0,26.0,1.0,0.0,90.0,3.0,0.0,85.0,7.0,1.0,68.0,25.0,0.0,59.0,32.0,2.0,90.0,3.0,0.0,0.0,15.0,68.0,10.0,0.0,Acima da média
18,26081849,2017,1,2,2603,26012,26,2600302,260030205,2,1,1.0,1.0,1.0,0.0,0.0,0.0,0.0,0.0,0.0,0.0,0.0,0.0,0.0,1.0,1.0,0.0,0.0,0.0,0.0,1.0,0.0,0.0,0.0,1.0,0.0,0.0,1.0,0.0,0.0,0.0,0.0,0.0,0.0,1.0,1.0,1.0,0.0,0.0,1.0,1.0,1.0,1.0,1.0,1.0,0.0,0.0,0.0,1.0,0.0,1.0,0.0,0.0,0.0,0.0,0.0,0.0,0.0,0.0,0.0,0.0,0.0,0.0,0.0,0.0,16.0,15.0,1.0,0.0,0.0,1.0,0.0,1.0,0.0,1.0,1.0,0.0,1.0,1.0,1.0,8.0,0.0,0.0,1.0,0.0,5.0,0.0,7.0,3.0,0.0,1.0,1.0,14.0,4.0,10.0,1.0,0.0,65.0,1.0,0.0,0.0,0.0,0.0,0.0,1.0,0.0,0.0,1.0,0.0,1.0,0.0,0.0,0.0,1.0,1.0,1.0,0.0,0.0,0.0,0.0,1.0,0.0,1.0,0.0,0.0,0.0,0.0,0.0,0.0,0.0,0.0,1.0,0.0,0.0,0.0,0.0,0.0,0.0,50.0,14.0,79.0,17.0,3.0,6.0,0.0,15.0,83.0,48.0,19.0,2.0,1.0,1.0,8.0,161.0,1.0,168.0,120.0,49.0,130.0,36.0,3.0,127.0,41.0,1.0,0.0,141.0,28.0,0.0,8.0,89.0,67.0,5.0,1.0,18.0,38.0,61.0,33.0,18.0,155.0,11.0,2.0,1.0,0.0,147.0,19.0,3.0,12.0,45.0,37.0,18.0,30.0,4.0,23.0,139.0,30.0,119.0,50.0,89.0,72.0,8.0,22.0,52.0,26.0,11.0,12.0,4.0,42.0,110.0,59.0,68.0,101.0,85.0,60.0,24.0,167.0,2.0,158.0,11.0,149.0,20.0,166.0,3.0,114.0,55.0,55.0,94.0,20.0,115.0,46.0,8.0,42.0,34.0,39.0,40.0,14.0,55.0,39.0,19.0,20.0,36.0,20.0,149.0,83.0,74.0,11.0,1.0,156.0,1.0,12.0,115.0,44.0,10.0,162.0,7.0,0.0,28.0,141.0,148.0,21.0,81.0,69.0,5.0,14.0,122.0,28.0,19.0,79.0,74.0,16.0,141.0,13.0,15.0,119.0,33.0,3.0,14.0,113.0,56.0,81.0,66.0,13.0,9.0,149.0,9.0,11.0,111.0,48.0,10.0,110.0,50.0,9.0,136.0,22.0,11.0,143.0,17.0,1.0,8.0,27.0,96.0,46.0,0.0,Abaixo da média
19,26096030,2017,1,2,2604,26015,26,2600401,260040105,2,1,1.0,1.0,1.0,0.0,0.0,0.0,0.0,0.0,0.0,0.0,0.0,0.0,0.0,1.0,1.0,0.0,0.0,0.0,0.0,1.0,0.0,0.0,0.0,1.0,0.0,0.0,1.0,0.0,0.0,0.0,0.0,0.0,1.0,1.0,1.0,1.0,0.0,0.0,0.0,0.0,1.0,1.0,0.0,1.0,0.0,0.0,0.0,1.0,0.0,0.0,0.0,1.0,1.0,1.0,1.0,1.0,1.0,0.0,0.0,0.0,0.0,0.0,1.0,0.0,18.0,18.0,1.0,0.0,1.0,1.0,0.0,0.0,1.0,1.0,1.0,1.0,0.0,1.0,1.0,2.0,0.0,2.0,1.0,0.0,0.0,2.0,2.0,2.0,10.0,0.0,1.0,18.0,3.0,18.0,1.0,0.0,57.0,1.0,0.0,0.0,0.0,0.0,0.0,1.0,0.0,0.0,0.0,0.0,1.0,0.0,0.0,0.0,1.0,1.0,1.0,0.0,0.0,0.0,0.0,1.0,0.0,1.0,0.0,0.0,0.0,0.0,0.0,0.0,0.0,0.0,1.0,0.0,0.0,0.0,0.0,0.0,0.0,36.0,18.0,110.0,9.0,5.0,13.0,0.0,19.0,90.0,50.0,26.0,6.0,0.0,0.0,3.0,188.0,1.0,190.0,120.0,71.0,151.0,36.0,4.0,130.0,56.0,5.0,1.0,156.0,34.0,0.0,4.0,88.0,87.0,12.0,1.0,21.0,46.0,46.0,43.0,34.0,175.0,14.0,1.0,1.0,0.0,160.0,19.0,12.0,18.0,39.0,28.0,20.0,56.0,11.0,19.0,155.0,36.0,143.0,48.0,104.0,75.0,12.0,18.0,38.0,31.0,11.0,41.0,3.0,49.0,142.0,49.0,106.0,85.0,163.0,28.0,0.0,185.0,6.0,179.0,12.0,170.0,21.0,187.0,4.0,147.0,44.0,72.0,105.0,14.0,147.0,39.0,5.0,47.0,50.0,37.0,46.0,11.0,74.0,62.0,16.0,8.0,31.0,10.0,181.0,47.0,97.0,41.0,6.0,168.0,5.0,18.0,131.0,51.0,9.0,182.0,8.0,1.0,51.0,140.0,171.0,20.0,136.0,46.0,1.0,8.0,160.0,27.0,4.0,111.0,74.0,6.0,176.0,12.0,3.0,169.0,14.0,1.0,7.0,134.0,57.0,125.0,62.0,2.0,2.0,183.0,8.0,0.0,109.0,80.0,2.0,142.0,47.0,2.0,139.0,51.0,1.0,180.0,11.0,0.0,0.0,64.0,110.0,17.0,0.0,Abaixo da média
20,26096358,2017,1,2,2604,26015,26,2600401,260040110,2,2,1.0,1.0,3.0,0.0,0.0,0.0,0.0,0.0,0.0,0.0,0.0,0.0,1.0,0.0,1.0,0.0,1.0,0.0,0.0,1.0,0.0,0.0,0.0,1.0,0.0,0.0,1.0,0.0,0.0,0.0,0.0,0.0,1.0,1.0,1.0,0.0,0.0,0.0,0.0,0.0,1.0,1.0,0.0,1.0,0.0,0.0,0.0,1.0,0.0,0.0,0.0,0.0,0.0,0.0,0.0,0.0,0.0,0.0,0.0,0.0,0.0,0.0,0.0,0.0,10.0,10.0,0.0,0.0,0.0,0.0,0.0,0.0,0.0,0.0,0.0,0.0,0.0,0.0,1.0,0.0,0.0,0.0,0.0,0.0,0.0,0.0,0.0,0.0,0.0,0.0,0.0,1.0,1.0,0.0,0.0,0.0,29.0,1.0,0.0,0.0,0.0,0.0,0.0,1.0,0.0,0.0,0.0,1.0,1.0,0.0,0.0,0.0,1.0,1.0,1.0,0.0,0.0,0.0,0.0,1.0,0.0,1.0,0.0,0.0,0.0,0.0,0.0,0.0,0.0,1.0,1.0,1.0,0.0,0.0,0.0,0.0,0.0,14.0,5.0,34.0,1.0,1.0,1.0,0.0,6.0,21.0,15.0,7.0,5.0,0.0,2.0,2.0,54.0,2.0,54.0,44.0,12.0,48.0,8.0,0.0,44.0,11.0,1.0,0.0,49.0,7.0,1.0,3.0,22.0,24.0,6.0,0.0,5.0,10.0,13.0,14.0,14.0,51.0,5.0,0.0,0.0,0.0,50.0,4.0,2.0,4.0,16.0,9.0,6.0,11.0,4.0,6.0,45.0,11.0,39.0,17.0,31.0,20.0,5.0,14.0,7.0,13.0,2.0,9.0,0.0,11.0,38.0,18.0,29.0,27.0,25.0,25.0,6.0,56.0,0.0,53.0,3.0,51.0,5.0,55.0,1.0,46.0,10.0,21.0,33.0,2.0,39.0,15.0,2.0,13.0,20.0,6.0,13.0,4.0,18.0,19.0,5.0,5.0,9.0,5.0,51.0,11.0,29.0,11.0,5.0,54.0,0.0,2.0,33.0,21.0,2.0,50.0,5.0,1.0,12.0,44.0,47.0,9.0,38.0,16.0,1.0,1.0,44.0,11.0,1.0,35.0,19.0,2.0,52.0,3.0,1.0,46.0,8.0,0.0,2.0,36.0,20.0,30.0,19.0,2.0,5.0,51.0,3.0,2.0,34.0,21.0,1.0,39.0,15.0,2.0,36.0,19.0,1.0,46.0,6.0,1.0,3.0,14.0,34.0,8.0,0.0,Abaixo da média
21,26044412,2017,1,2,2603,26007,26,2600500,260050010,2,1,1.0,1.0,1.0,0.0,0.0,0.0,0.0,0.0,0.0,0.0,1.0,0.0,0.0,1.0,1.0,0.0,0.0,0.0,0.0,1.0,0.0,0.0,0.0,1.0,1.0,0.0,1.0,0.0,0.0,0.0,0.0,0.0,1.0,1.0,1.0,1.0,0.0,0.0,0.0,0.0,1.0,1.0,0.0,1.0,0.0,0.0,0.0,1.0,0.0,0.0,0.0,0.0,0.0,0.0,0.0,0.0,0.0,0.0,0.0,0.0,0.0,0.0,0.0,0.0,14.0,23.0,0.0,0.0,0.0,0.0,0.0,0.0,0.0,0.0,0.0,0.0,0.0,0.0,1.0,0.0,0.0,0.0,0.0,0.0,0.0,0.0,0.0,0.0,0.0,0.0,0.0,15.0,5.0,10.0,1.0,1.0,77.0,1.0,0.0,0.0,0.0,0.0,0.0,1.0,0.0,0.0,0.0,0.0,1.0,0.0,0.0,0.0,1.0,1.0,0.0,0.0,0.0,0.0,0.0,1.0,0.0,0.0,0.0,0.0,0.0,0.0,0.0,0.0,0.0,0.0,1.0,0.0,0.0,0.0,0.0,0.0,0.0,37.0,14.0,133.0,16.0,12.0,10.0,0.0,8.0,51.0,69.0,50.0,21.0,9.0,14.0,10.0,212.0,5.0,217.0,160.0,62.0,166.0,53.0,3.0,161.0,54.0,7.0,7.0,181.0,34.0,0.0,6.0,105.0,100.0,11.0,1.0,28.0,40.0,68.0,39.0,46.0,202.0,16.0,4.0,0.0,0.0,177.0,35.0,10.0,18.0,64.0,48.0,20.0,34.0,9.0,29.0,170.0,52.0,146.0,76.0,128.0,85.0,9.0,26.0,73.0,34.0,18.0,15.0,0.0,56.0,146.0,76.0,96.0,126.0,155.0,55.0,12.0,218.0,4.0,200.0,22.0,184.0,38.0,218.0,4.0,164.0,58.0,74.0,125.0,23.0,159.0,57.0,6.0,67.0,58.0,37.0,48.0,12.0,53.0,56.0,29.0,38.0,46.0,51.0,171.0,29.0,94.0,85.0,14.0,203.0,5.0,14.0,111.0,79.0,32.0,197.0,19.0,6.0,54.0,168.0,185.0,37.0,134.0,84.0,4.0,0.0,196.0,26.0,0.0,130.0,92.0,0.0,176.0,46.0,0.0,197.0,24.0,1.0,0.0,153.0,69.0,166.0,55.0,1.0,0.0,214.0,8.0,0.0,177.0,45.0,0.0,136.0,86.0,0.0,159.0,63.0,0.0,219.0,3.0,0.0,0.0,14.0,78.0,125.0,5.0,Abaixo da média
22,26044862,2017,1,2,2603,26007,26,2600500,260050005,2,1,1.0,1.0,1.0,0.0,0.0,0.0,0.0,0.0,0.0,0.0,0.0,0.0,0.0,1.0,1.0,0.0,1.0,0.0,0.0,1.0,0.0,0.0,0.0,0.0,1.0,0.0,1.0,0.0,0.0,0.0,0.0,0.0,1.0,1.0,0.0,0.0,0.0,0.0,0.0,0.0,1.0,0.0,0.0,0.0,0.0,0.0,0.0,1.0,0.0,0.0,0.0,0.0,0.0,0.0,0.0,0.0,0.0,0.0,0.0,0.0,0.0,0.0,0.0,0.0,17.0,18.0,0.0,0.0,0.0,0.0,0.0,0.0,0.0,0.0,0.0,0.0,0.0,0.0,1.0,0.0,0.0,0.0,0.0,0.0,0.0,0.0,0.0,0.0,0.0,0.0,0.0,14.0,3.0,11.0,1.0,1.0,44.0,1.0,0.0,0.0,0.0,0.0,0.0,1.0,0.0,0.0,1.0,0.0,1.0,0.0,0.0,0.0,1.0,0.0,0.0,0.0,0.0,0.0,0.0,1.0,0.0,0.0,0.0,0.0,0.0,0.0,0.0,0.0,0.0,0.0,0.0,0.0,0.0,0.0,0.0,0.0,0.0,11.0,5.0,50.0,6.0,4.0,2.0,0.0,3.0,37.0,20.0,9.0,8.0,1.0,0.0,1.0,77.0,1.0,77.0,61.0,17.0,67.0,10.0,1.0,57.0,17.0,4.0,5.0,55.0,18.0,0.0,2.0,34.0,37.0,5.0,1.0,8.0,15.0,22.0,18.0,14.0,73.0,4.0,1.0,0.0,0.0,71.0,4.0,3.0,6.0,27.0,11.0,6.0,9.0,15.0,4.0,53.0,25.0,49.0,29.0,44.0,31.0,3.0,4.0,25.0,17.0,5.0,13.0,1.0,13.0,56.0,22.0,29.0,49.0,52.0,20.0,6.0,75.0,3.0,71.0,7.0,65.0,13.0,76.0,2.0,60.0,18.0,40.0,33.0,5.0,53.0,23.0,2.0,22.0,23.0,13.0,16.0,4.0,24.0,20.0,10.0,9.0,15.0,3.0,75.0,16.0,37.0,24.0,1.0,75.0,2.0,1.0,54.0,18.0,6.0,73.0,4.0,1.0,14.0,64.0,65.0,13.0,52.0,21.0,1.0,4.0,67.0,7.0,4.0,37.0,36.0,5.0,63.0,11.0,4.0,55.0,19.0,0.0,4.0,51.0,27.0,44.0,30.0,3.0,1.0,74.0,3.0,1.0,67.0,10.0,1.0,46.0,31.0,1.0,57.0,20.0,1.0,66.0,10.0,1.0,1.0,7.0,53.0,18.0,0.0,Acima da média
23,26049562,2017,1,2,2603,26008,26,2600609,260060905,2,1,1.0,1.0,1.0,0.0,0.0,0.0,0.0,0.0,0.0,0.0,1.0,0.0,0.0,1.0,1.0,0.0,0.0,0.0,0.0,1.0,0.0,0.0,0.0,1.0,0.0,0.0,1.0,0.0,0.0,0.0,0.0,0.0,1.0,1.0,1.0,0.0,1.0,1.0,0.0,1.0,1.0,1.0,0.0,1.0,0.0,0.0,0.0,1.0,0.0,1.0,1.0,1.0,1.0,0.0,1.0,1.0,0.0,1.0,1.0,0.0,0.0,1.0,0.0,0.0,23.0,25.0,1.0,0.0,1.0,1.0,1.0,1.0,1.0,1.0,1.0,1.0,1.0,1.0,1.0,2.0,0.0,2.0,1.0,2.0,1.0,5.0,5.0,8.0,3.0,1.0,2.0,45.0,11.0,33.0,1.0,1.0,46.0,1.0,0.0,1.0,0.0,0.0,0.0,1.0,0.0,0.0,1.0,0.0,1.0,0.0,0.0,1.0,1.0,0.0,0.0,0.0,0.0,0.0,0.0,1.0,0.0,0.0,0.0,0.0,1.0,0.0,0.0,0.0,0.0,0.0,0.0,0.0,0.0,0.0,0.0,0.0,0.0,22.0,8.0,58.0,4.0,0.0,5.0,0.0,4.0,35.0,35.0,12.0,7.0,3.0,1.0,0.0,97.0,1.0,96.0,58.0,39.0,68.0,25.0,4.0,63.0,30.0,4.0,0.0,81.0,16.0,0.0,3.0,37.0,51.0,6.0,0.0,9.0,25.0,32.0,16.0,15.0,91.0,5.0,1.0,0.0,0.0,82.0,13.0,2.0,6.0,28.0,12.0,13.0,22.0,9.0,7.0,86.0,11.0,70.0,27.0,63.0,31.0,3.0,12.0,21.0,19.0,6.0,16.0,1.0,22.0,70.0,27.0,50.0,47.0,37.0,44.0,16.0,97.0,0.0,90.0,7.0,84.0,13.0,96.0,1.0,69.0,28.0,29.0,56.0,12.0,62.0,30.0,5.0,18.0,20.0,13.0,41.0,5.0,24.0,21.0,14.0,10.0,28.0,12.0,85.0,52.0,39.0,4.0,2.0,88.0,2.0,7.0,59.0,28.0,10.0,90.0,7.0,0.0,26.0,71.0,80.0,17.0,60.0,30.0,4.0,3.0,80.0,9.0,8.0,48.0,41.0,8.0,76.0,13.0,8.0,89.0,3.0,0.0,5.0,62.0,35.0,51.0,32.0,8.0,6.0,82.0,7.0,8.0,65.0,22.0,10.0,51.0,36.0,10.0,56.0,32.0,9.0,86.0,5.0,0.0,6.0,17.0,63.0,17.0,0.0,Média
24,26086905,2017,1,2,2604,26013,26,2600708,260070805,2,1,1.0,1.0,1.0,0.0,0.0,0.0,0.0,0.0,0.0,0.0,0.0,0.0,0.0,1.0,1.0,0.0,0.0,0.0,0.0,1.0,0.0,0.0,0.0,1.0,1.0,0.0,1.0,0.0,0.0,0.0,0.0,0.0,1.0,1.0,1.0,0.0,0.0,0.0,1.0,1.0,1.0,1.0,0.0,1.0,0.0,0.0,0.0,1.0,0.0,1.0,1.0,1.0,1.0,0.0,1.0,0.0,1.0,1.0,0.0,0.0,0.0,0.0,0.0,0.0,15.0,10.0,1.0,0.0,1.0,1.0,0.0,0.0,1.0,0.0,0.0,1.0,0.0,1.0,1.0,6.0,0.0,6.0,2.0,0.0,0.0,3.0,0.0,0.0,1.0,0.0,3.0,39.0,3.0,36.0,1.0,1.0,30.0,1.0,0.0,0.0,0.0,0.0,0.0,1.0,0.0,0.0,0.0,0.0,1.0,0.0,0.0,0.0,1.0,0.0,0.0,0.0,0.0,0.0,0.0,1.0,0.0,0.0,0.0,0.0,0.0,0.0,0.0,0.0,0.0,0.0,0.0,0.0,0.0,0.0,0.0,0.0,0.0,22.0,13.0,66.0,6.0,3.0,8.0,0.0,10.0,59.0,31.0,11.0,5.0,2.0,0.0,1.0,117.0,0.0,118.0,73.0,45.0,86.0,24.0,8.0,45.0,67.0,6.0,1.0,82.0,35.0,0.0,2.0,37.0,65.0,14.0,0.0,7.0,25.0,40.0,30.0,16.0,107.0,8.0,3.0,0.0,0.0,100.0,7.0,11.0,3.0,14.0,25.0,19.0,38.0,12.0,7.0,109.0,9.0,97.0,21.0,71.0,39.0,8.0,5.0,29.0,24.0,14.0,24.0,3.0,19.0,103.0,15.0,82.0,36.0,107.0,8.0,3.0,118.0,0.0,116.0,2.0,108.0,10.0,117.0,1.0,103.0,15.0,49.0,58.0,11.0,91.0,24.0,3.0,33.0,28.0,24.0,32.0,1.0,46.0,35.0,6.0,5.0,26.0,6.0,112.0,46.0,67.0,4.0,1.0,91.0,6.0,21.0,86.0,24.0,8.0,110.0,7.0,1.0,14.0,104.0,96.0,22.0,85.0,29.0,1.0,3.0,106.0,8.0,4.0,81.0,32.0,5.0,107.0,7.0,4.0,109.0,3.0,0.0,6.0,84.0,34.0,73.0,37.0,3.0,5.0,110.0,3.0,5.0,74.0,39.0,5.0,83.0,30.0,5.0,103.0,11.0,4.0,112.0,2.0,0.0,4.0,26.0,75.0,16.0,1.0,Acima da média
25,26087022,2017,1,2,2604,26013,26,2600708,260070805,2,2,1.0,1.0,1.0,0.0,0.0,0.0,0.0,0.0,0.0,0.0,0.0,1.0,0.0,0.0,0.0,1.0,0.0,0.0,0.0,1.0,0.0,0.0,0.0,0.0,1.0,0.0,0.0,1.0,1.0,0.0,0.0,0.0,1.0,1.0,1.0,1.0,1.0,0.0,1.0,1.0,1.0,1.0,0.0,1.0,1.0,0.0,0.0,1.0,0.0,1.0,1.0,1.0,1.0,0.0,1.0,1.0,0.0,1.0,1.0,0.0,0.0,1.0,0.0,0.0,13.0,70.0,1.0,0.0,1.0,1.0,0.0,0.0,1.0,1.0,1.0,1.0,0.0,0.0,1.0,1.0,0.0,1.0,1.0,0.0,0.0,1.0,3.0,2.0,4.0,0.0,0.0,16.0,5.0,11.0,1.0,1.0,247.0,1.0,1.0,1.0,0.0,0.0,0.0,1.0,0.0,0.0,0.0,1.0,1.0,0.0,0.0,0.0,1.0,1.0,1.0,0.0,0.0,1.0,1.0,1.0,0.0,0.0,0.0,0.0,0.0,0.0,0.0,0.0,0.0,1.0,1.0,1.0,0.0,0.0,0.0,0.0,0.0,2.0,2.0,6.0,1.0,0.0,1.0,0.0,0.0,4.0,6.0,1.0,1.0,0.0,0.0,1.0,11.0,0.0,12.0,9.0,3.0,11.0,1.0,0.0,11.0,1.0,0.0,0.0,11.0,1.0,0.0,0.0,5.0,7.0,0.0,0.0,1.0,1.0,0.0,3.0,7.0,12.0,0.0,0.0,0.0,0.0,10.0,2.0,0.0,2.0,4.0,4.0,0.0,1.0,0.0,1.0,8.0,4.0,7.0,5.0,10.0,2.0,0.0,3.0,4.0,2.0,0.0,1.0,0.0,2.0,8.0,4.0,8.0,4.0,7.0,5.0,0.0,12.0,0.0,12.0,0.0,12.0,0.0,12.0,0.0,9.0,3.0,4.0,8.0,0.0,6.0,4.0,2.0,6.0,3.0,0.0,1.0,2.0,6.0,4.0,0.0,1.0,1.0,2.0,10.0,4.0,3.0,5.0,0.0,11.0,0.0,1.0,5.0,6.0,1.0,11.0,1.0,0.0,3.0,9.0,11.0,1.0,9.0,3.0,0.0,0.0,9.0,3.0,0.0,7.0,5.0,0.0,10.0,2.0,0.0,9.0,3.0,0.0,0.0,9.0,3.0,9.0,2.0,1.0,0.0,12.0,0.0,0.0,8.0,4.0,0.0,11.0,1.0,0.0,9.0,3.0,0.0,11.0,1.0,0.0,0.0,4.0,5.0,2.0,1.0,Abaixo da média
26,26087030,2017,1,2,2604,26013,26,2600708,260070805,2,1,1.0,1.0,3.0,0.0,0.0,0.0,0.0,0.0,0.0,0.0,0.0,0.0,0.0,1.0,1.0,0.0,0.0,0.0,0.0,1.0,0.0,0.0,0.0,0.0,1.0,0.0,1.0,0.0,0.0,0.0,0.0,0.0,1.0,1.0,1.0,0.0,0.0,0.0,1.0,1.0,1.0,1.0,0.0,1.0,0.0,0.0,1.0,1.0,0.0,0.0,0.0,1.0,0.0,0.0,0.0,0.0,0.0,0.0,0.0,0.0,0.0,0.0,0.0,0.0,9.0,9.0,1.0,0.0,0.0,1.0,1.0,1.0,1.0,1.0,1.0,1.0,0.0,1.0,1.0,1.0,0.0,0.0,1.0,1.0,3.0,1.0,3.0,1.0,5.0,0.0,1.0,12.0,2.0,10.0,1.0,0.0,44.0,1.0,0.0,0.0,0.0,0.0,0.0,1.0,0.0,0.0,0.0,0.0,1.0,0.0,0.0,0.0,1.0,1.0,0.0,0.0,0.0,0.0,0.0,1.0,0.0,0.0,0.0,0.0,0.0,0.0,0.0,0.0,0.0,1.0,1.0,0.0,0.0,0.0,0.0,0.0,0.0,37.0,23.0,101.0,7.0,4.0,14.0,0.0,16.0,47.0,52.0,32.0,26.0,10.0,3.0,8.0,178.0,3.0,183.0,137.0,49.0,157.0,23.0,6.0,118.0,63.0,5.0,0.0,164.0,22.0,0.0,7.0,92.0,75.0,12.0,0.0,28.0,37.0,43.0,45.0,33.0,168.0,15.0,3.0,0.0,0.0,153.0,23.0,10.0,18.0,40.0,32.0,25.0,42.0,8.0,21.0,143.0,43.0,127.0,59.0,91.0,81.0,14.0,28.0,40.0,28.0,9.0,15.0,5.0,61.0,115.0,71.0,76.0,110.0,125.0,45.0,16.0,182.0,4.0,175.0,11.0,163.0,23.0,181.0,5.0,135.0,51.0,56.0,106.0,24.0,123.0,53.0,10.0,49.0,52.0,25.0,50.0,10.0,61.0,52.0,16.0,22.0,35.0,21.0,165.0,83.0,84.0,17.0,2.0,168.0,4.0,14.0,83.0,72.0,31.0,167.0,17.0,2.0,48.0,138.0,156.0,30.0,115.0,66.0,5.0,0.0,141.0,42.0,3.0,99.0,83.0,4.0,172.0,13.0,1.0,179.0,5.0,1.0,1.0,137.0,49.0,110.0,66.0,6.0,4.0,176.0,7.0,3.0,111.0,71.0,4.0,106.0,78.0,2.0,132.0,51.0,3.0,168.0,12.0,2.0,4.0,33.0,105.0,46.0,2.0,Abaixo da média
27,26082020,2017,1,2,2603,26012,26,2600807,260080705,2,1,1.0,1.0,1.0,0.0,0.0,0.0,0.0,0.0,0.0,0.0,0.0,0.0,0.0,1.0,1.0,0.0,0.0,0.0,0.0,1.0,0.0,0.0,0.0,1.0,0.0,0.0,1.0,0.0,0.0,0.0,0.0,0.0,1.0,1.0,1.0,0.0,1.0,0.0,0.0,0.0,1.0,1.0,1.0,1.0,0.0,0.0,0.0,1.0,0.0,0.0,0.0,1.0,0.0,0.0,1.0,1.0,0.0,1.0,1.0,0.0,0.0,0.0,0.0,0.0,11.0,11.0,1.0,0.0,1.0,0.0,0.0,1.0,0.0,1.0,1.0,1.0,0.0,1.0,1.0,15.0,0.0,5.0,0.0,0.0,1.0,0.0,3.0,9.0,13.0,0.0,1.0,26.0,3.0,23.0,1.0,1.0,42.0,1.0,1.0,1.0,0.0,0.0,0.0,1.0,0.0,0.0,1.0,1.0,1.0,0.0,0.0,1.0,1.0,1.0,0.0,0.0,0.0,0.0,1.0,1.0,0.0,0.0,0.0,0.0,1.0,0.0,0.0,0.0,0.0,1.0,1.0,0.0,0.0,0.0,0.0,0.0,0.0,30.0,4.0,61.0,0.0,1.0,9.0,0.0,3.0,19.0,29.0,21.0,13.0,5.0,15.0,5.0,100.0,1.0,104.0,65.0,40.0,78.0,25.0,2.0,81.0,20.0,4.0,2.0,85.0,18.0,0.0,5.0,60.0,32.0,8.0,3.0,11.0,26.0,26.0,22.0,17.0,99.0,4.0,2.0,0.0,0.0,80.0,23.0,2.0,17.0,29.0,12.0,13.0,11.0,1.0,22.0,76.0,29.0,60.0,45.0,60.0,41.0,4.0,22.0,28.0,12.0,6.0,5.0,2.0,30.0,62.0,43.0,50.0,55.0,40.0,49.0,16.0,102.0,3.0,100.0,5.0,96.0,9.0,104.0,1.0,66.0,39.0,30.0,59.0,16.0,61.0,33.0,11.0,32.0,26.0,13.0,17.0,17.0,24.0,23.0,13.0,13.0,32.0,23.0,82.0,29.0,61.0,12.0,3.0,98.0,1.0,6.0,39.0,39.0,27.0,80.0,14.0,11.0,31.0,74.0,90.0,15.0,57.0,41.0,3.0,4.0,73.0,25.0,7.0,47.0,50.0,8.0,86.0,17.0,2.0,88.0,11.0,1.0,5.0,58.0,47.0,41.0,44.0,14.0,6.0,90.0,12.0,3.0,56.0,44.0,5.0,52.0,49.0,4.0,63.0,38.0,4.0,88.0,10.0,1.0,6.0,13.0,49.0,41.0,2.0,Abaixo da média
28,26082179,2017,1,2,2603,26012,26,2600807,260080705,2,1,1.0,1.0,1.0,0.0,0.0,0.0,0.0,0.0,0.0,0.0,0.0,0.0,0.0,1.0,1.0,0.0,0.0,0.0,0.0,1.0,0.0,0.0,0.0,1.0,0.0,0.0,1.0,0.0,0.0,0.0,0.0,0.0,1.0,1.0,1.0,1.0,0.0,1.0,1.0,1.0,1.0,1.0,0.0,1.0,0.0,0.0,0.0,1.0,0.0,1.0,0.0,1.0,0.0,1.0,0.0,1.0,1.0,1.0,1.0,0.0,0.0,0.0,0.0,0.0,16.0,13.0,1.0,0.0,0.0,1.0,1.0,0.0,1.0,1.0,1.0,1.0,0.0,1.0,1.0,6.0,0.0,0.0,2.0,2.0,0.0,3.0,4.0,1.0,16.0,0.0,1.0,21.0,3.0,18.0,1.0,1.0,35.0,1.0,0.0,0.0,0.0,0.0,0.0,1.0,0.0,0.0,1.0,0.0,1.0,0.0,0.0,0.0,1.0,0.0,0.0,0.0,0.0,0.0,0.0,1.0,0.0,0.0,0.0,0.0,0.0,0.0,0.0,0.0,0.0,0.0,0.0,0.0,0.0,0.0,0.0,0.0,0.0,24.0,6.0,62.0,1.0,1.0,2.0,0.0,8.0,49.0,24.0,10.0,5.0,0.0,0.0,2.0,94.0,1.0,95.0,66.0,30.0,68.0,22.0,6.0,58.0,33.0,5.0,2.0,73.0,21.0,0.0,3.0,56.0,33.0,4.0,1.0,11.0,26.0,36.0,14.0,8.0,87.0,7.0,1.0,0.0,1.0,87.0,5.0,4.0,3.0,14.0,26.0,8.0,30.0,6.0,9.0,86.0,10.0,76.0,20.0,61.0,32.0,3.0,9.0,19.0,29.0,8.0,13.0,3.0,15.0,73.0,23.0,52.0,44.0,61.0,26.0,9.0,95.0,1.0,89.0,7.0,83.0,13.0,94.0,2.0,76.0,20.0,36.0,48.0,12.0,71.0,24.0,1.0,23.0,33.0,12.0,24.0,4.0,28.0,17.0,8.0,7.0,36.0,1.0,95.0,38.0,50.0,7.0,1.0,89.0,3.0,4.0,71.0,19.0,6.0,92.0,4.0,0.0,10.0,86.0,84.0,12.0,65.0,28.0,1.0,2.0,80.0,15.0,1.0,57.0,38.0,1.0,86.0,9.0,1.0,85.0,10.0,0.0,1.0,52.0,44.0,50.0,39.0,5.0,2.0,86.0,10.0,0.0,80.0,16.0,0.0,67.0,29.0,0.0,84.0,11.0,1.0,81.0,15.0,0.0,0.0,27.0,58.0,11.0,0.0,Acima da média
29,26097117,2017,1,2,2604,26015,26,2600906,260090605,2,1,1.0,1.0,1.0,0.0,0.0,0.0,0.0,0.0,0.0,0.0,0.0,0.0,0.0,1.0,1.0,0.0,0.0,0.0,0.0,1.0,0.0,0.0,0.0,0.0,1.0,0.0,1.0,0.0,0.0,0.0,0.0,0.0,1.0,1.0,1.0,0.0,0.0,0.0,0.0,0.0,1.0,1.0,0.0,1.0,0.0,0.0,0.0,1.0,0.0,0.0,0.0,1.0,0.0,0.0,0.0,0.0,0.0,0.0,0.0,0.0,0.0,0.0,0.0,0.0,13.0,10.0,1.0,0.0,1.0,0.0,0.0,1.0,1.0,1.0,1.0,1.0,0.0,1.0,1.0,6.0,0.0,3.0,0.0,0.0,2.0,3.0,3.0,2.0,16.0,0.0,2.0,12.0,2.0,10.0,1.0,1.0,26.0,1.0,0.0,0.0,0.0,0.0,0.0,1.0,0.0,0.0,0.0,0.0,1.0,0.0,0.0,0.0,1.0,0.0,0.0,0.0,0.0,0.0,0.0,1.0,0.0,0.0,0.0,0.0,0.0,0.0,0.0,0.0,0.0,0.0,0.0,0.0,0.0,0.0,0.0,0.0,0.0,22.0,14.0,23.0,2.0,0.0,2.0,0.0,7.0,26.0,20.0,8.0,1.0,1.0,0.0,0.0,63.0,0.0,63.0,27.0,36.0,52.0,11.0,0.0,35.0,25.0,3.0,0.0,46.0,17.0,0.0,1.0,33.0,23.0,6.0,0.0,2.0,14.0,25.0,13.0,9.0,58.0,5.0,0.0,0.0,0.0,48.0,7.0,8.0,2.0,9.0,8.0,7.0,23.0,12.0,2.0,59.0,4.0,48.0,15.0,27.0,33.0,3.0,5.0,7.0,13.0,5.0,18.0,8.0,7.0,52.0,11.0,37.0,26.0,53.0,10.0,0.0,62.0,1.0,59.0,4.0,56.0,7.0,62.0,1.0,53.0,10.0,28.0,31.0,4.0,50.0,10.0,3.0,13.0,18.0,16.0,13.0,3.0,21.0,26.0,3.0,6.0,7.0,4.0,59.0,29.0,30.0,3.0,1.0,46.0,4.0,13.0,41.0,18.0,4.0,63.0,0.0,0.0,6.0,57.0,55.0,8.0,49.0,14.0,0.0,0.0,58.0,5.0,0.0,47.0,16.0,0.0,56.0,7.0,0.0,41.0,22.0,0.0,0.0,44.0,19.0,45.0,17.0,0.0,1.0,63.0,0.0,0.0,55.0,7.0,1.0,42.0,20.0,1.0,53.0,10.0,0.0,57.0,6.0,0.0,0.0,6.0,27.0,23.0,7.0,Acima da média
30,26097249,2017,1,2,2604,26015,26,2600906,260090605,2,1,1.0,1.0,1.0,0.0,0.0,0.0,0.0,0.0,0.0,0.0,0.0,0.0,0.0,1.0,1.0,0.0,0.0,0.0,0.0,1.0,0.0,0.0,0.0,1.0,0.0,0.0,1.0,0.0,0.0,0.0,0.0,0.0,1.0,0.0,1.0,0.0,0.0,0.0,0.0,0.0,1.0,1.0,0.0,1.0,0.0,0.0,0.0,1.0,0.0,0.0,0.0,0.0,0.0,0.0,0.0,0.0,0.0,0.0,0.0,0.0,0.0,0.0,0.0,0.0,7.0,5.0,1.0,0.0,1.0,1.0,1.0,1.0,1.0,0.0,1.0,1.0,1.0,0.0,1.0,3.0,0.0,2.0,1.0,1.0,1.0,2.0,0.0,3.0,14.0,1.0,0.0,22.0,2.0,19.0,1.0,1.0,32.0,1.0,0.0,0.0,0.0,0.0,0.0,1.0,0.0,0.0,0.0,1.0,1.0,0.0,0.0,0.0,1.0,1.0,0.0,0.0,0.0,0.0,0.0,1.0,0.0,0.0,0.0,0.0,0.0,0.0,0.0,0.0,0.0,1.0,1.0,0.0,0.0,0.0,0.0,0.0,0.0,15.0,1.0,16.0,0.0,0.0,1.0,0.0,0.0,8.0,13.0,7.0,1.0,2.0,2.0,3.0,30.0,1.0,32.0,18.0,15.0,25.0,8.0,0.0,21.0,11.0,1.0,0.0,28.0,5.0,0.0,5.0,13.0,14.0,1.0,1.0,6.0,5.0,9.0,6.0,6.0,33.0,0.0,0.0,0.0,0.0,28.0,4.0,1.0,5.0,5.0,8.0,1.0,4.0,1.0,9.0,22.0,11.0,21.0,12.0,19.0,14.0,0.0,3.0,8.0,4.0,0.0,3.0,1.0,14.0,20.0,13.0,15.0,18.0,22.0,9.0,2.0,33.0,0.0,31.0,2.0,31.0,2.0,33.0,0.0,26.0,7.0,15.0,16.0,2.0,21.0,7.0,5.0,5.0,9.0,4.0,6.0,9.0,13.0,4.0,3.0,3.0,10.0,2.0,31.0,10.0,16.0,7.0,0.0,25.0,1.0,7.0,15.0,12.0,6.0,25.0,6.0,2.0,3.0,30.0,29.0,4.0,24.0,7.0,1.0,1.0,28.0,5.0,0.0,22.0,10.0,1.0,29.0,3.0,1.0,30.0,2.0,0.0,1.0,25.0,8.0,27.0,5.0,0.0,1.0,30.0,2.0,1.0,21.0,11.0,1.0,22.0,10.0,1.0,24.0,8.0,1.0,29.0,1.0,2.0,1.0,9.0,18.0,6.0,0.0,Abaixo da média
31,26071924,2017,1,2,2603,26011,26,2601003,260100305,2,1,1.0,1.0,1.0,0.0,0.0,0.0,0.0,0.0,0.0,0.0,0.0,0.0,0.0,0.0,1.0,0.0,0.0,0.0,0.0,1.0,0.0,0.0,0.0,0.0,1.0,0.0,1.0,0.0,0.0,0.0,0.0,0.0,1.0,1.0,1.0,0.0,0.0,0.0,1.0,1.0,1.0,1.0,0.0,1.0,0.0,0.0,0.0,1.0,0.0,1.0,1.0,1.0,1.0,1.0,1.0,0.0,0.0,0.0,0.0,0.0,0.0,0.0,0.0,0.0,11.0,11.0,1.0,0.0,0.0,1.0,0.0,0.0,0.0,1.0,1.0,1.0,0.0,1.0,1.0,3.0,0.0,0.0,1.0,0.0,0.0,0.0,6.0,4.0,5.0,0.0,3.0,20.0,2.0,18.0,1.0,1.0,42.0,1.0,0.0,0.0,0.0,0.0,0.0,1.0,0.0,0.0,0.0,0.0,1.0,0.0,0.0,0.0,1.0,1.0,0.0,0.0,0.0,0.0,0.0,1.0,0.0,0.0,0.0,0.0,0.0,0.0,0.0,0.0,0.0,0.0,1.0,0.0,0.0,0.0,0.0,0.0,0.0,22.0,9.0,55.0,8.0,0.0,4.0,0.0,3.0,40.0,27.0,13.0,5.0,4.0,6.0,6.0,92.0,0.0,98.0,65.0,33.0,78.0,19.0,1.0,68.0,28.0,2.0,0.0,76.0,22.0,0.0,6.0,39.0,42.0,11.0,0.0,13.0,21.0,20.0,25.0,19.0,80.0,15.0,3.0,0.0,0.0,82.0,15.0,1.0,3.0,39.0,16.0,11.0,18.0,5.0,6.0,80.0,18.0,63.0,35.0,46.0,50.0,2.0,10.0,37.0,13.0,7.0,8.0,2.0,21.0,57.0,41.0,36.0,62.0,65.0,21.0,12.0,98.0,0.0,88.0,10.0,85.0,13.0,95.0,3.0,69.0,29.0,40.0,46.0,12.0,67.0,28.0,3.0,29.0,27.0,10.0,22.0,10.0,32.0,28.0,7.0,17.0,14.0,10.0,88.0,20.0,62.0,14.0,2.0,97.0,1.0,0.0,51.0,33.0,14.0,84.0,13.0,1.0,25.0,73.0,90.0,8.0,60.0,32.0,2.0,4.0,82.0,13.0,3.0,61.0,35.0,2.0,88.0,8.0,2.0,93.0,2.0,0.0,3.0,67.0,31.0,57.0,39.0,2.0,0.0,93.0,4.0,1.0,75.0,22.0,1.0,74.0,23.0,1.0,66.0,30.0,2.0,97.0,1.0,0.0,0.0,42.0,44.0,12.0,0.0,Abaixo da média
32,26105837,2017,1,2,2605,26016,26,2601052,260105205,2,1,1.0,1.0,1.0,0.0,0.0,0.0,0.0,0.0,0.0,0.0,0.0,0.0,0.0,1.0,1.0,0.0,0.0,0.0,0.0,1.0,0.0,0.0,0.0,1.0,0.0,0.0,1.0,0.0,0.0,0.0,0.0,0.0,0.0,1.0,1.0,1.0,0.0,0.0,1.0,1.0,1.0,1.0,0.0,1.0,0.0,0.0,0.0,1.0,0.0,0.0,0.0,0.0,0.0,0.0,0.0,0.0,0.0,0.0,0.0,0.0,0.0,0.0,0.0,0.0,16.0,27.0,1.0,0.0,0.0,0.0,0.0,0.0,1.0,0.0,1.0,1.0,0.0,1.0,1.0,5.0,0.0,0.0,0.0,0.0,0.0,3.0,0.0,3.0,15.0,0.0,1.0,11.0,4.0,8.0,1.0,0.0,58.0,1.0,0.0,0.0,0.0,0.0,0.0,1.0,0.0,0.0,0.0,0.0,1.0,0.0,0.0,0.0,1.0,1.0,0.0,0.0,0.0,0.0,0.0,1.0,0.0,0.0,0.0,0.0,0.0,0.0,0.0,0.0,0.0,0.0,1.0,0.0,0.0,0.0,0.0,0.0,0.0,24.0,8.0,112.0,1.0,2.0,7.0,0.0,7.0,68.0,56.0,22.0,1.0,0.0,0.0,7.0,147.0,1.0,153.0,91.0,63.0,127.0,27.0,0.0,100.0,52.0,2.0,0.0,123.0,31.0,0.0,6.0,77.0,61.0,10.0,0.0,9.0,32.0,46.0,44.0,23.0,131.0,18.0,4.0,0.0,1.0,129.0,20.0,5.0,9.0,40.0,19.0,20.0,43.0,10.0,13.0,125.0,29.0,122.0,32.0,82.0,67.0,5.0,12.0,39.0,22.0,15.0,25.0,3.0,38.0,118.0,36.0,90.0,64.0,96.0,46.0,12.0,152.0,2.0,141.0,13.0,140.0,14.0,152.0,2.0,104.0,50.0,59.0,85.0,10.0,113.0,36.0,5.0,42.0,39.0,27.0,33.0,13.0,48.0,53.0,19.0,10.0,24.0,10.0,144.0,60.0,83.0,8.0,3.0,129.0,6.0,19.0,100.0,40.0,14.0,148.0,4.0,2.0,40.0,114.0,148.0,6.0,101.0,49.0,2.0,2.0,127.0,24.0,3.0,95.0,57.0,2.0,141.0,11.0,2.0,145.0,6.0,1.0,2.0,102.0,52.0,77.0,65.0,9.0,3.0,139.0,11.0,4.0,105.0,43.0,6.0,101.0,48.0,5.0,117.0,33.0,4.0,135.0,14.0,2.0,3.0,51.0,80.0,22.0,1.0,Abaixo da média
34,26000024,2017,1,2,2601,26001,26,2601102,260110205,2,1,1.0,1.0,1.0,0.0,0.0,0.0,0.0,0.0,0.0,0.0,0.0,0.0,0.0,1.0,1.0,0.0,0.0,0.0,0.0,1.0,0.0,0.0,0.0,1.0,0.0,0.0,1.0,0.0,0.0,0.0,0.0,0.0,1.0,1.0,1.0,1.0,1.0,1.0,1.0,1.0,1.0,1.0,1.0,1.0,0.0,0.0,0.0,1.0,0.0,1.0,1.0,1.0,1.0,1.0,1.0,1.0,1.0,1.0,0.0,0.0,0.0,1.0,0.0,0.0,18.0,18.0,1.0,1.0,1.0,1.0,1.0,1.0,1.0,1.0,1.0,1.0,0.0,1.0,1.0,2.0,1.0,1.0,1.0,3.0,1.0,3.0,2.0,2.0,5.0,0.0,2.0,20.0,2.0,18.0,1.0,0.0,40.0,1.0,0.0,0.0,0.0,0.0,0.0,1.0,0.0,0.0,0.0,0.0,1.0,0.0,0.0,1.0,1.0,1.0,0.0,0.0,0.0,0.0,0.0,1.0,0.0,0.0,0.0,0.0,1.0,0.0,0.0,0.0,0.0,0.0,1.0,0.0,0.0,0.0,0.0,0.0,0.0,14.0,9.0,50.0,3.0,1.0,1.0,0.0,5.0,39.0,27.0,7.0,0.0,0.0,0.0,3.0,75.0,1.0,77.0,56.0,22.0,58.0,17.0,3.0,58.0,19.0,1.0,1.0,66.0,11.0,0.0,4.0,43.0,23.0,8.0,0.0,5.0,14.0,22.0,21.0,16.0,74.0,4.0,0.0,0.0,0.0,73.0,3.0,2.0,2.0,19.0,17.0,11.0,20.0,3.0,6.0,70.0,8.0,60.0,18.0,47.0,28.0,3.0,6.0,24.0,13.0,10.0,7.0,2.0,16.0,64.0,14.0,39.0,39.0,71.0,6.0,1.0,77.0,1.0,73.0,5.0,70.0,8.0,78.0,0.0,65.0,13.0,31.0,43.0,4.0,45.0,32.0,1.0,23.0,25.0,11.0,15.0,4.0,23.0,27.0,4.0,8.0,16.0,8.0,70.0,25.0,38.0,15.0,0.0,75.0,0.0,3.0,55.0,21.0,2.0,73.0,5.0,0.0,11.0,67.0,66.0,12.0,60.0,15.0,2.0,1.0,72.0,5.0,1.0,53.0,25.0,0.0,69.0,9.0,0.0,69.0,8.0,0.0,1.0,49.0,29.0,49.0,26.0,3.0,0.0,75.0,3.0,0.0,70.0,8.0,0.0,56.0,22.0,0.0,52.0,26.0,0.0,75.0,3.0,0.0,0.0,18.0,52.0,8.0,0.0,Acima da média
35,26000636,2017,1,2,2601,26001,26,2601102,260110208,2,1,1.0,1.0,1.0,0.0,0.0,0.0,0.0,0.0,0.0,0.0,0.0,0.0,0.0,1.0,1.0,0.0,0.0,0.0,0.0,1.0,0.0,0.0,0.0,0.0,1.0,0.0,1.0,0.0,0.0,0.0,0.0,0.0,1.0,1.0,1.0,0.0,1.0,0.0,1.0,1.0,1.0,1.0,0.0,1.0,0.0,0.0,0.0,1.0,0.0,1.0,0.0,1.0,1.0,1.0,0.0,1.0,0.0,1.0,0.0,0.0,0.0,0.0,0.0,0.0,7.0,9.0,1.0,0.0,0.0,1.0,1.0,1.0,0.0,1.0,1.0,1.0,0.0,1.0,1.0,3.0,0.0,0.0,1.0,1.0,1.0,0.0,3.0,2.0,5.0,0.0,1.0,12.0,2.0,10.0,1.0,1.0,34.0,1.0,1.0,1.0,0.0,0.0,0.0,1.0,0.0,0.0,0.0,0.0,1.0,0.0,0.0,0.0,1.0,0.0,0.0,0.0,0.0,0.0,1.0,1.0,0.0,0.0,0.0,0.0,0.0,0.0,0.0,0.0,0.0,0.0,0.0,0.0,0.0,0.0,0.0,0.0,0.0,8.0,0.0,34.0,2.0,2.0,9.0,0.0,3.0,18.0,14.0,13.0,3.0,3.0,1.0,4.0,51.0,2.0,53.0,37.0,18.0,45.0,10.0,0.0,44.0,11.0,0.0,4.0,45.0,6.0,0.0,4.0,24.0,22.0,5.0,0.0,8.0,6.0,21.0,13.0,7.0,53.0,2.0,0.0,0.0,0.0,49.0,4.0,2.0,2.0,17.0,8.0,2.0,9.0,3.0,14.0,44.0,11.0,42.0,13.0,37.0,16.0,2.0,7.0,19.0,6.0,3.0,4.0,1.0,15.0,38.0,17.0,29.0,26.0,32.0,18.0,5.0,53.0,2.0,49.0,6.0,45.0,10.0,53.0,2.0,34.0,21.0,19.0,25.0,11.0,29.0,17.0,9.0,20.0,14.0,5.0,10.0,6.0,20.0,10.0,6.0,7.0,12.0,13.0,42.0,6.0,32.0,14.0,3.0,52.0,0.0,3.0,35.0,13.0,7.0,51.0,4.0,0.0,25.0,30.0,51.0,4.0,32.0,20.0,2.0,1.0,53.0,2.0,0.0,35.0,19.0,1.0,44.0,10.0,1.0,53.0,1.0,1.0,0.0,37.0,18.0,26.0,24.0,4.0,1.0,53.0,1.0,1.0,42.0,12.0,1.0,31.0,24.0,0.0,42.0,13.0,0.0,47.0,7.0,1.0,0.0,4.0,19.0,28.0,4.0,Abaixo da média
36,26000741,2017,1,2,2601,26001,26,2601102,260110205,2,1,1.0,1.0,1.0,0.0,0.0,0.0,0.0,0.0,0.0,0.0,0.0,0.0,0.0,1.0,1.0,0.0,0.0,0.0,0.0,1.0,0.0,0.0,0.0,1.0,0.0,0.0,1.0,0.0,0.0,0.0,0.0,0.0,1.0,1.0,1.0,1.0,1.0,0.0,1.0,1.0,1.0,1.0,0.0,1.0,0.0,0.0,0.0,1.0,0.0,1.0,1.0,1.0,0.0,1.0,1.0,0.0,1.0,1.0,1.0,0.0,0.0,0.0,0.0,0.0,19.0,19.0,1.0,0.0,1.0,0.0,1.0,1.0,1.0,0.0,0.0,1.0,0.0,1.0,1.0,1.0,0.0,1.0,0.0,1.0,1.0,5.0,0.0,0.0,20.0,0.0,1.0,16.0,12.0,4.0,1.0,0.0,68.0,1.0,1.0,1.0,0.0,0.0,0.0,1.0,0.0,0.0,0.0,0.0,1.0,0.0,0.0,0.0,1.0,1.0,1.0,0.0,0.0,0.0,1.0,1.0,0.0,1.0,0.0,0.0,0.0,0.0,0.0,0.0,0.0,1.0,1.0,0.0,0.0,0.0,0.0,0.0,0.0,19.0,10.0,72.0,9.0,2.0,7.0,0.0,2.0,41.0,52.0,15.0,8.0,1.0,0.0,7.0,112.0,11.0,108.0,78.0,41.0,88.0,31.0,0.0,90.0,24.0,5.0,2.0,102.0,15.0,0.0,11.0,61.0,43.0,4.0,2.0,4.0,25.0,33.0,35.0,20.0,110.0,6.0,2.0,1.0,0.0,99.0,18.0,2.0,12.0,26.0,23.0,14.0,26.0,3.0,15.0,98.0,21.0,84.0,35.0,74.0,42.0,3.0,17.0,28.0,13.0,17.0,17.0,2.0,25.0,80.0,39.0,54.0,65.0,67.0,39.0,13.0,113.0,6.0,107.0,12.0,96.0,23.0,116.0,3.0,82.0,37.0,31.0,68.0,20.0,74.0,37.0,8.0,31.0,33.0,14.0,36.0,5.0,37.0,34.0,11.0,17.0,20.0,18.0,101.0,40.0,58.0,20.0,1.0,112.0,0.0,7.0,74.0,42.0,3.0,108.0,8.0,3.0,25.0,94.0,99.0,20.0,81.0,34.0,2.0,2.0,88.0,29.0,2.0,68.0,47.0,4.0,110.0,9.0,0.0,109.0,8.0,1.0,1.0,84.0,35.0,65.0,46.0,4.0,4.0,112.0,6.0,1.0,71.0,46.0,2.0,83.0,34.0,2.0,86.0,29.0,4.0,98.0,17.0,0.0,4.0,16.0,70.0,33.0,0.0,Abaixo da média
37,26000792,2017,1,2,2601,26001,26,2601102,260110205,2,1,1.0,1.0,1.0,0.0,0.0,0.0,0.0,0.0,0.0,0.0,1.0,0.0,0.0,1.0,1.0,0.0,0.0,0.0,0.0,1.0,0.0,0.0,0.0,1.0,0.0,0.0,1.0,0.0,0.0,0.0,0.0,0.0,1.0,1.0,1.0,0.0,1.0,0.0,1.0,1.0,1.0,1.0,0.0,1.0,0.0,0.0,0.0,0.0,0.0,1.0,0.0,1.0,1.0,0.0,1.0,0.0,0.0,1.0,0.0,0.0,0.0,1.0,0.0,0.0,12.0,19.0,1.0,0.0,1.0,1.0,1.0,1.0,1.0,1.0,1.0,1.0,1.0,1.0,1.0,5.0,0.0,1.0,1.0,3.0,1.0,4.0,2.0,3.0,5.0,1.0,3.0,24.0,3.0,21.0,1.0,1.0,74.0,1.0,1.0,1.0,0.0,0.0,0.0,1.0,0.0,0.0,0.0,1.0,1.0,0.0,0.0,0.0,1.0,1.0,1.0,0.0,0.0,0.0,1.0,1.0,0.0,0.0,0.0,0.0,0.0,0.0,0.0,0.0,0.0,1.0,0.0,1.0,0.0,0.0,0.0,0.0,0.0,4.0,8.0,35.0,1.0,1.0,6.0,0.0,1.0,15.0,23.0,12.0,3.0,1.0,0.0,4.0,51.0,3.0,52.0,32.0,23.0,44.0,11.0,0.0,39.0,14.0,2.0,0.0,54.0,1.0,0.0,5.0,30.0,17.0,3.0,1.0,5.0,13.0,9.0,14.0,13.0,50.0,4.0,1.0,0.0,0.0,47.0,7.0,1.0,1.0,15.0,19.0,5.0,7.0,0.0,8.0,47.0,8.0,42.0,13.0,33.0,21.0,1.0,2.0,14.0,16.0,7.0,3.0,0.0,13.0,47.0,8.0,34.0,21.0,31.0,18.0,6.0,53.0,2.0,50.0,5.0,50.0,5.0,54.0,1.0,44.0,11.0,21.0,32.0,2.0,34.0,20.0,1.0,17.0,19.0,7.0,10.0,2.0,21.0,14.0,4.0,4.0,12.0,6.0,49.0,14.0,26.0,14.0,1.0,53.0,0.0,2.0,28.0,25.0,2.0,54.0,1.0,0.0,12.0,43.0,48.0,7.0,38.0,17.0,0.0,0.0,48.0,6.0,1.0,29.0,25.0,1.0,45.0,9.0,1.0,46.0,9.0,0.0,0.0,38.0,17.0,34.0,21.0,0.0,0.0,49.0,6.0,0.0,44.0,11.0,0.0,35.0,20.0,0.0,39.0,16.0,0.0,50.0,5.0,0.0,0.0,8.0,37.0,10.0,0.0,Abaixo da média
38,26001225,2017,1,2,2601,26001,26,2601102,260110210,2,1,1.0,1.0,1.0,0.0,0.0,0.0,0.0,0.0,0.0,0.0,0.0,0.0,0.0,0.0,1.0,0.0,0.0,0.0,0.0,1.0,0.0,0.0,0.0,1.0,0.0,0.0,1.0,0.0,0.0,0.0,0.0,0.0,1.0,1.0,1.0,0.0,1.0,0.0,0.0,0.0,1.0,1.0,0.0,1.0,0.0,0.0,0.0,0.0,0.0,0.0,0.0,0.0,0.0,0.0,0.0,0.0,0.0,0.0,0.0,0.0,0.0,0.0,0.0,0.0,12.0,2.0,1.0,1.0,1.0,1.0,0.0,0.0,1.0,0.0,1.0,1.0,1.0,1.0,1.0,3.0,1.0,2.0,3.0,0.0,0.0,5.0,0.0,1.0,7.0,1.0,1.0,13.0,3.0,10.0,1.0,0.0,24.0,1.0,1.0,1.0,0.0,0.0,0.0,1.0,0.0,0.0,0.0,0.0,1.0,0.0,0.0,0.0,1.0,1.0,0.0,0.0,0.0,0.0,1.0,1.0,0.0,0.0,0.0,0.0,0.0,0.0,0.0,0.0,0.0,1.0,1.0,0.0,0.0,0.0,0.0,0.0,0.0,3.0,2.0,23.0,0.0,1.0,4.0,0.0,1.0,21.0,7.0,3.0,1.0,0.0,0.0,1.0,32.0,2.0,31.0,19.0,14.0,26.0,6.0,1.0,25.0,5.0,3.0,1.0,29.0,3.0,0.0,2.0,14.0,12.0,5.0,0.0,2.0,5.0,11.0,7.0,8.0,30.0,3.0,0.0,0.0,0.0,27.0,3.0,3.0,4.0,4.0,8.0,1.0,6.0,4.0,6.0,28.0,5.0,24.0,9.0,25.0,6.0,2.0,2.0,7.0,3.0,2.0,2.0,0.0,17.0,24.0,9.0,19.0,14.0,23.0,10.0,0.0,32.0,1.0,30.0,3.0,27.0,6.0,33.0,0.0,26.0,7.0,12.0,15.0,6.0,23.0,10.0,0.0,9.0,11.0,5.0,7.0,1.0,10.0,7.0,3.0,8.0,5.0,5.0,28.0,9.0,12.0,11.0,1.0,32.0,0.0,1.0,26.0,6.0,1.0,31.0,2.0,0.0,5.0,28.0,30.0,3.0,22.0,10.0,1.0,0.0,24.0,8.0,1.0,23.0,9.0,1.0,32.0,0.0,1.0,29.0,4.0,0.0,0.0,24.0,9.0,26.0,7.0,0.0,0.0,33.0,0.0,0.0,18.0,14.0,1.0,23.0,10.0,0.0,28.0,4.0,1.0,31.0,2.0,0.0,0.0,4.0,20.0,9.0,0.0,Abaixo da média
39,26001594,2017,1,2,2601,26001,26,2601102,260110215,2,1,1.0,1.0,1.0,0.0,0.0,0.0,0.0,0.0,0.0,0.0,0.0,0.0,0.0,1.0,1.0,0.0,0.0,0.0,0.0,1.0,0.0,0.0,0.0,0.0,1.0,0.0,1.0,0.0,0.0,0.0,0.0,0.0,1.0,0.0,1.0,0.0,0.0,0.0,1.0,1.0,1.0,1.0,0.0,1.0,0.0,0.0,0.0,1.0,0.0,0.0,0.0,1.0,0.0,0.0,0.0,0.0,0.0,1.0,0.0,0.0,0.0,0.0,0.0,0.0,7.0,1.0,1.0,0.0,1.0,1.0,0.0,0.0,1.0,0.0,1.0,1.0,0.0,1.0,1.0,2.0,0.0,2.0,1.0,0.0,0.0,3.0,0.0,2.0,8.0,0.0,1.0,14.0,3.0,11.0,1.0,0.0,37.0,1.0,0.0,1.0,0.0,0.0,0.0,1.0,0.0,0.0,0.0,0.0,1.0,0.0,0.0,0.0,1.0,1.0,0.0,0.0,0.0,0.0,1.0,1.0,0.0,0.0,0.0,0.0,0.0,0.0,0.0,0.0,0.0,1.0,0.0,0.0,0.0,0.0,0.0,0.0,0.0,4.0,2.0,20.0,0.0,1.0,1.0,0.0,0.0,13.0,6.0,2.0,4.0,2.0,1.0,2.0,26.0,5.0,23.0,20.0,8.0,25.0,3.0,0.0,22.0,6.0,0.0,2.0,26.0,0.0,0.0,6.0,11.0,10.0,1.0,0.0,4.0,4.0,8.0,6.0,6.0,28.0,0.0,0.0,0.0,0.0,22.0,5.0,1.0,3.0,12.0,5.0,1.0,2.0,2.0,3.0,20.0,8.0,18.0,10.0,12.0,15.0,1.0,5.0,11.0,2.0,1.0,1.0,0.0,8.0,17.0,11.0,13.0,15.0,17.0,9.0,2.0,27.0,1.0,25.0,3.0,23.0,5.0,27.0,1.0,19.0,9.0,11.0,16.0,1.0,17.0,7.0,4.0,8.0,4.0,3.0,10.0,3.0,5.0,11.0,2.0,5.0,5.0,5.0,23.0,5.0,17.0,5.0,1.0,28.0,0.0,0.0,15.0,11.0,2.0,24.0,3.0,1.0,10.0,18.0,17.0,11.0,17.0,11.0,0.0,0.0,26.0,2.0,0.0,20.0,8.0,0.0,25.0,3.0,0.0,26.0,2.0,0.0,0.0,17.0,11.0,20.0,7.0,1.0,0.0,26.0,2.0,0.0,25.0,3.0,0.0,22.0,6.0,0.0,22.0,6.0,0.0,27.0,1.0,0.0,0.0,6.0,19.0,3.0,0.0,Abaixo da média
40,26001624,2017,1,2,2601,26001,26,2601102,260110220,2,1,1.0,1.0,1.0,0.0,0.0,0.0,0.0,0.0,0.0,0.0,0.0,0.0,0.0,1.0,1.0,0.0,1.0,0.0,0.0,1.0,0.0,0.0,0.0,1.0,1.0,0.0,1.0,0.0,0.0,0.0,0.0,0.0,0.0,0.0,1.0,0.0,0.0,0.0,1.0,1.0,0.0,1.0,0.0,1.0,0.0,0.0,0.0,0.0,0.0,0.0,0.0,0.0,0.0,0.0,0.0,0.0,0.0,0.0,0.0,0.0,0.0,0.0,0.0,0.0,10.0,13.0,1.0,1.0,1.0,1.0,1.0,1.0,1.0,1.0,1.0,1.0,0.0,1.0,1.0,5.0,1.0,4.0,4.0,2.0,1.0,4.0,2.0,1.0,13.0,0.0,4.0,21.0,5.0,21.0,1.0,1.0,30.0,1.0,1.0,1.0,0.0,0.0,0.0,1.0,0.0,0.0,1.0,0.0,1.0,0.0,0.0,0.0,1.0,1.0,0.0,0.0,0.0,0.0,1.0,1.0,0.0,0.0,0.0,0.0,0.0,0.0,0.0,0.0,0.0,1.0,0.0,0.0,0.0,0.0,0.0,0.0,0.0,13.0,2.0,34.0,4.0,2.0,6.0,0.0,1.0,29.0,22.0,6.0,3.0,0.0,0.0,8.0,53.0,3.0,58.0,41.0,20.0,51.0,9.0,1.0,52.0,8.0,1.0,4.0,53.0,4.0,0.0,10.0,24.0,24.0,3.0,0.0,10.0,7.0,21.0,8.0,15.0,60.0,1.0,0.0,0.0,0.0,51.0,8.0,2.0,5.0,15.0,7.0,7.0,9.0,2.0,16.0,49.0,12.0,49.0,12.0,43.0,15.0,3.0,7.0,17.0,10.0,4.0,6.0,0.0,17.0,45.0,16.0,36.0,25.0,46.0,14.0,1.0,60.0,1.0,58.0,3.0,50.0,11.0,60.0,1.0,47.0,14.0,14.0,39.0,8.0,29.0,28.0,4.0,23.0,13.0,6.0,8.0,11.0,15.0,15.0,9.0,12.0,10.0,12.0,49.0,8.0,34.0,16.0,3.0,60.0,0.0,1.0,45.0,14.0,2.0,60.0,1.0,0.0,20.0,41.0,44.0,17.0,40.0,20.0,1.0,0.0,52.0,6.0,3.0,41.0,19.0,1.0,49.0,11.0,1.0,58.0,2.0,1.0,0.0,51.0,10.0,44.0,17.0,0.0,0.0,58.0,3.0,0.0,47.0,13.0,1.0,47.0,14.0,0.0,31.0,30.0,0.0,59.0,2.0,0.0,0.0,7.0,42.0,12.0,0.0,Abaixo da média
41,26001896,2017,1,2,2601,26001,26,2601102,260110225,2,1,1.0,1.0,1.0,0.0,0.0,0.0,0.0,0.0,0.0,0.0,0.0,0.0,0.0,1.0,1.0,0.0,0.0,0.0,0.0,1.0,0.0,0.0,0.0,0.0,1.0,0.0,1.0,1.0,0.0,0.0,0.0,0.0,1.0,1.0,1.0,0.0,0.0,0.0,1.0,1.0,1.0,1.0,0.0,1.0,0.0,0.0,0.0,1.0,0.0,1.0,1.0,1.0,1.0,0.0,1.0,1.0,0.0,1.0,0.0,0.0,0.0,1.0,1.0,0.0,8.0,8.0,1.0,0.0,1.0,0.0,1.0,1.0,1.0,1.0,1.0,1.0,0.0,1.0,1.0,2.0,0.0,1.0,0.0,3.0,1.0,3.0,3.0,1.0,12.0,0.0,1.0,26.0,3.0,23.0,1.0,0.0,33.0,1.0,0.0,1.0,0.0,0.0,0.0,1.0,0.0,0.0,0.0,0.0,1.0,0.0,0.0,0.0,1.0,0.0,0.0,0.0,0.0,0.0,1.0,1.0,0.0,0.0,0.0,0.0,0.0,0.0,0.0,0.0,0.0,0.0,0.0,0.0,0.0,0.0,0.0,0.0,0.0,5.0,3.0,13.0,0.0,1.0,1.0,0.0,0.0,8.0,7.0,6.0,1.0,1.0,0.0,0.0,23.0,0.0,23.0,14.0,9.0,17.0,6.0,0.0,19.0,4.0,0.0,2.0,21.0,0.0,0.0,2.0,10.0,8.0,3.0,0.0,2.0,7.0,5.0,8.0,1.0,23.0,0.0,0.0,0.0,0.0,19.0,4.0,0.0,3.0,9.0,4.0,3.0,0.0,1.0,3.0,19.0,4.0,16.0,7.0,17.0,4.0,2.0,3.0,6.0,3.0,1.0,1.0,0.0,9.0,17.0,6.0,14.0,9.0,11.0,11.0,1.0,23.0,0.0,19.0,4.0,18.0,5.0,23.0,0.0,17.0,6.0,7.0,14.0,2.0,9.0,13.0,1.0,6.0,8.0,3.0,3.0,3.0,6.0,5.0,3.0,4.0,5.0,3.0,20.0,1.0,7.0,13.0,2.0,23.0,0.0,0.0,14.0,7.0,2.0,22.0,1.0,0.0,11.0,12.0,19.0,4.0,13.0,9.0,0.0,1.0,23.0,0.0,0.0,10.0,13.0,0.0,17.0,6.0,0.0,15.0,8.0,0.0,0.0,15.0,8.0,9.0,14.0,0.0,0.0,21.0,2.0,0.0,21.0,2.0,0.0,14.0,9.0,0.0,14.0,9.0,0.0,20.0,3.0,0.0,0.0,3.0,18.0,2.0,0.0,Abaixo da média
44,26179474,2017,1,2,2601,26001,26,2601102,260110205,2,1,1.0,1.0,1.0,0.0,0.0,0.0,0.0,0.0,0.0,0.0,0.0,0.0,0.0,1.0,1.0,0.0,0.0,0.0,0.0,1.0,0.0,0.0,0.0,1.0,0.0,0.0,1.0,0.0,0.0,0.0,0.0,0.0,0.0,0.0,0.0,0.0,0.0,0.0,0.0,0.0,0.0,0.0,0.0,0.0,0.0,0.0,0.0,0.0,0.0,0.0,0.0,0.0,0.0,0.0,0.0,0.0,0.0,0.0,0.0,0.0,0.0,0.0,0.0,1.0,16.0,15.0,1.0,0.0,1.0,1.0,1.0,1.0,0.0,1.0,1.0,1.0,0.0,1.0,1.0,1.0,0.0,1.0,1.0,1.0,3.0,0.0,3.0,12.0,16.0,0.0,3.0,20.0,2.0,18.0,1.0,1.0,30.0,1.0,0.0,0.0,0.0,0.0,0.0,1.0,0.0,0.0,0.0,0.0,1.0,0.0,0.0,0.0,1.0,0.0,0.0,0.0,0.0,0.0,0.0,1.0,0.0,0.0,0.0,0.0,0.0,0.0,0.0,0.0,0.0,0.0,0.0,0.0,0.0,0.0,0.0,0.0,0.0,27.0,5.0,58.0,2.0,0.0,2.0,0.0,11.0,53.0,24.0,5.0,1.0,0.0,0.0,1.0,93.0,1.0,93.0,49.0,45.0,40.0,41.0,13.0,26.0,51.0,17.0,0.0,49.0,45.0,0.0,0.0,38.0,43.0,13.0,0.0,5.0,21.0,34.0,23.0,11.0,81.0,13.0,0.0,0.0,0.0,85.0,6.0,3.0,3.0,9.0,8.0,14.0,25.0,32.0,3.0,85.0,9.0,78.0,16.0,63.0,26.0,5.0,4.0,17.0,14.0,9.0,25.0,14.0,11.0,82.0,12.0,58.0,36.0,60.0,32.0,2.0,91.0,3.0,82.0,12.0,74.0,20.0,92.0,2.0,72.0,22.0,48.0,40.0,6.0,72.0,19.0,3.0,18.0,27.0,20.0,27.0,2.0,41.0,14.0,3.0,5.0,31.0,4.0,90.0,50.0,38.0,6.0,0.0,87.0,2.0,5.0,80.0,11.0,3.0,89.0,5.0,0.0,9.0,85.0,79.0,15.0,78.0,15.0,0.0,1.0,88.0,6.0,0.0,70.0,24.0,0.0,90.0,4.0,0.0,75.0,18.0,1.0,0.0,58.0,36.0,66.0,26.0,2.0,0.0,90.0,4.0,0.0,77.0,17.0,0.0,67.0,27.0,0.0,82.0,11.0,1.0,87.0,7.0,0.0,0.0,22.0,60.0,11.0,1.0,Acima da média
45,26024675,2017,1,2,2601,26004,26,2601201,260120105,2,1,1.0,1.0,1.0,0.0,0.0,0.0,0.0,0.0,0.0,0.0,0.0,0.0,0.0,1.0,1.0,0.0,0.0,0.0,0.0,1.0,0.0,0.0,0.0,1.0,0.0,0.0,1.0,0.0,0.0,0.0,0.0,0.0,1.0,1.0,1.0,1.0,0.0,1.0,0.0,1.0,1.0,1.0,1.0,1.0,0.0,0.0,0.0,1.0,0.0,1.0,0.0,0.0,0.0,0.0,0.0,0.0,0.0,0.0,0.0,0.0,0.0,0.0,0.0,0.0,16.0,16.0,1.0,0.0,1.0,0.0,1.0,1.0,1.0,1.0,1.0,1.0,0.0,1.0,1.0,5.0,0.0,2.0,0.0,1.0,1.0,4.0,1.0,4.0,20.0,0.0,2.0,30.0,5.0,22.0,1.0,1.0,52.0,1.0,0.0,1.0,0.0,0.0,0.0,1.0,0.0,0.0,1.0,0.0,1.0,0.0,0.0,0.0,1.0,0.0,0.0,0.0,0.0,0.0,0.0,1.0,0.0,0.0,0.0,0.0,0.0,0.0,0.0,0.0,0.0,0.0,0.0,0.0,0.0,0.0,0.0,0.0,0.0,19.0,18.0,79.0,3.0,2.0,4.0,0.0,14.0,69.0,37.0,5.0,0.0,0.0,0.0,5.0,120.0,4.0,121.0,81.0,44.0,83.0,39.0,3.0,66.0,50.0,9.0,0.0,101.0,24.0,0.0,3.0,71.0,45.0,6.0,0.0,9.0,25.0,32.0,39.0,20.0,116.0,5.0,2.0,2.0,0.0,105.0,12.0,8.0,2.0,24.0,28.0,21.0,36.0,7.0,7.0,114.0,11.0,97.0,28.0,75.0,43.0,7.0,5.0,25.0,25.0,16.0,21.0,6.0,27.0,107.0,18.0,67.0,58.0,81.0,38.0,6.0,121.0,4.0,114.0,11.0,109.0,16.0,123.0,2.0,91.0,34.0,49.0,59.0,17.0,87.0,33.0,5.0,21.0,35.0,23.0,39.0,7.0,45.0,38.0,11.0,8.0,23.0,5.0,120.0,42.0,75.0,7.0,1.0,119.0,1.0,5.0,95.0,25.0,5.0,121.0,3.0,1.0,14.0,111.0,84.0,41.0,80.0,36.0,2.0,7.0,101.0,18.0,6.0,65.0,52.0,8.0,110.0,9.0,6.0,111.0,9.0,1.0,4.0,87.0,38.0,74.0,40.0,4.0,7.0,113.0,7.0,5.0,85.0,34.0,6.0,77.0,43.0,5.0,97.0,23.0,5.0,95.0,23.0,2.0,5.0,56.0,51.0,18.0,0.0,Acima da média
46,26024721,2017,1,2,2601,26004,26,2601201,260120105,2,1,1.0,1.0,1.0,0.0,0.0,0.0,0.0,0.0,0.0,0.0,0.0,0.0,0.0,1.0,1.0,0.0,0.0,0.0,0.0,1.0,0.0,0.0,0.0,1.0,0.0,0.0,1.0,0.0,0.0,0.0,0.0,0.0,1.0,1.0,1.0,0.0,1.0,1.0,0.0,1.0,1.0,1.0,0.0,1.0,0.0,0.0,0.0,1.0,0.0,0.0,0.0,0.0,0.0,0.0,0.0,0.0,0.0,0.0,0.0,0.0,0.0,0.0,0.0,0.0,12.0,12.0,1.0,0.0,1.0,0.0,1.0,1.0,1.0,0.0,1.0,1.0,0.0,1.0,1.0,10.0,0.0,10.0,0.0,1.0,1.0,3.0,0.0,10.0,5.0,0.0,1.0,23.0,4.0,23.0,1.0,1.0,84.0,1.0,1.0,1.0,0.0,0.0,0.0,1.0,0.0,0.0,1.0,0.0,1.0,0.0,0.0,0.0,1.0,1.0,1.0,0.0,0.0,0.0,1.0,1.0,0.0,1.0,0.0,0.0,0.0,0.0,0.0,0.0,0.0,1.0,1.0,0.0,0.0,0.0,0.0,0.0,0.0,20.0,8.0,57.0,6.0,2.0,17.0,0.0,9.0,39.0,20.0,21.0,9.0,4.0,8.0,6.0,104.0,10.0,100.0,62.0,48.0,79.0,29.0,2.0,73.0,34.0,3.0,1.0,94.0,15.0,1.0,8.0,41.0,47.0,13.0,1.0,9.0,28.0,29.0,25.0,18.0,97.0,12.0,1.0,0.0,0.0,83.0,20.0,7.0,11.0,25.0,16.0,14.0,21.0,5.0,18.0,86.0,24.0,73.0,37.0,54.0,51.0,5.0,11.0,31.0,14.0,9.0,18.0,2.0,25.0,82.0,28.0,52.0,58.0,46.0,45.0,19.0,106.0,4.0,100.0,10.0,96.0,14.0,107.0,3.0,71.0,39.0,30.0,58.0,22.0,78.0,24.0,8.0,30.0,14.0,16.0,41.0,9.0,29.0,27.0,15.0,19.0,20.0,23.0,87.0,33.0,56.0,18.0,3.0,105.0,1.0,4.0,58.0,33.0,19.0,84.0,22.0,4.0,38.0,72.0,84.0,26.0,60.0,43.0,7.0,0.0,86.0,22.0,2.0,54.0,54.0,2.0,94.0,15.0,1.0,66.0,36.0,7.0,1.0,77.0,33.0,58.0,42.0,9.0,1.0,102.0,6.0,2.0,72.0,36.0,2.0,70.0,36.0,4.0,71.0,37.0,2.0,101.0,7.0,1.0,1.0,15.0,33.0,55.0,7.0,Abaixo da média
47,26024730,2017,1,2,2601,26004,26,2601201,260120105,2,1,1.0,1.0,1.0,0.0,0.0,0.0,0.0,0.0,0.0,0.0,0.0,0.0,0.0,1.0,1.0,0.0,0.0,0.0,0.0,1.0,0.0,0.0,0.0,1.0,0.0,0.0,1.0,0.0,0.0,0.0,0.0,0.0,1.0,1.0,1.0,1.0,1.0,1.0,0.0,1.0,1.0,1.0,0.0,1.0,0.0,0.0,1.0,1.0,0.0,1.0,1.0,1.0,0.0,1.0,1.0,1.0,1.0,0.0,1.0,0.0,0.0,1.0,0.0,0.0,19.0,19.0,1.0,0.0,1.0,1.0,1.0,0.0,1.0,1.0,1.0,1.0,0.0,1.0,1.0,3.0,0.0,1.0,1.0,5.0,0.0,3.0,2.0,8.0,2.0,0.0,1.0,33.0,10.0,23.0,1.0,1.0,50.0,1.0,1.0,1.0,0.0,0.0,0.0,1.0,0.0,0.0,0.0,0.0,1.0,0.0,0.0,1.0,1.0,0.0,0.0,0.0,0.0,0.0,0.0,1.0,0.0,0.0,0.0,0.0,1.0,0.0,0.0,0.0,0.0,0.0,0.0,0.0,0.0,0.0,0.0,0.0,0.0,29.0,19.0,68.0,10.0,3.0,8.0,1.0,7.0,64.0,46.0,15.0,3.0,0.0,1.0,4.0,133.0,3.0,134.0,75.0,62.0,92.0,41.0,4.0,61.0,68.0,8.0,0.0,107.0,30.0,0.0,6.0,66.0,57.0,8.0,1.0,20.0,30.0,36.0,31.0,19.0,128.0,8.0,1.0,0.0,0.0,121.0,10.0,6.0,3.0,19.0,18.0,24.0,45.0,12.0,16.0,127.0,10.0,113.0,24.0,69.0,63.0,5.0,5.0,18.0,20.0,19.0,39.0,7.0,29.0,122.0,15.0,88.0,49.0,72.0,55.0,10.0,132.0,5.0,127.0,10.0,116.0,21.0,134.0,3.0,98.0,39.0,48.0,66.0,23.0,98.0,36.0,3.0,27.0,31.0,25.0,48.0,6.0,43.0,50.0,16.0,10.0,18.0,9.0,128.0,56.0,69.0,12.0,0.0,115.0,6.0,16.0,90.0,32.0,15.0,127.0,8.0,2.0,17.0,120.0,118.0,19.0,91.0,42.0,3.0,1.0,108.0,24.0,5.0,73.0,60.0,4.0,127.0,7.0,3.0,118.0,15.0,1.0,3.0,73.0,64.0,67.0,56.0,9.0,5.0,122.0,11.0,4.0,90.0,44.0,3.0,84.0,50.0,3.0,106.0,27.0,4.0,128.0,4.0,1.0,4.0,45.0,75.0,17.0,0.0,Acima da média
48,26024764,2017,1,2,2601,26004,26,2601201,260120105,2,1,1.0,1.0,1.0,0.0,0.0,0.0,0.0,0.0,0.0,0.0,0.0,0.0,0.0,0.0,1.0,0.0,0.0,0.0,0.0,1.0,0.0,0.0,0.0,1.0,0.0,0.0,1.0,0.0,0.0,0.0,0.0,0.0,1.0,1.0,1.0,0.0,1.0,0.0,1.0,1.0,1.0,1.0,0.0,1.0,0.0,0.0,0.0,1.0,0.0,0.0,0.0,0.0,0.0,0.0,0.0,0.0,0.0,0.0,0.0,0.0,0.0,0.0,0.0,0.0,11.0,18.0,1.0,1.0,1.0,0.0,0.0,1.0,1.0,0.0,1.0,1.0,0.0,1.0,1.0,5.0,3.0,6.0,0.0,0.0,1.0,3.0,0.0,1.0,11.0,0.0,2.0,23.0,5.0,18.0,1.0,0.0,42.0,1.0,1.0,1.0,0.0,0.0,0.0,1.0,0.0,0.0,0.0,0.0,1.0,0.0,0.0,0.0,1.0,0.0,0.0,0.0,0.0,0.0,1.0,1.0,0.0,0.0,0.0,0.0,0.0,0.0,0.0,0.0,0.0,0.0,0.0,0.0,0.0,0.0,0.0,0.0,0.0,4.0,7.0,21.0,5.0,1.0,3.0,0.0,1.0,9.0,13.0,9.0,5.0,3.0,1.0,1.0,40.0,1.0,40.0,24.0,17.0,30.0,10.0,1.0,25.0,16.0,0.0,2.0,37.0,2.0,1.0,6.0,19.0,14.0,1.0,0.0,7.0,9.0,12.0,7.0,6.0,34.0,6.0,1.0,0.0,0.0,30.0,10.0,1.0,0.0,14.0,8.0,6.0,7.0,3.0,3.0,38.0,3.0,30.0,11.0,17.0,22.0,2.0,4.0,10.0,8.0,2.0,5.0,2.0,10.0,30.0,11.0,20.0,21.0,18.0,19.0,4.0,40.0,1.0,38.0,3.0,36.0,5.0,40.0,1.0,26.0,15.0,10.0,22.0,9.0,32.0,7.0,2.0,14.0,6.0,4.0,14.0,3.0,11.0,10.0,4.0,10.0,6.0,12.0,29.0,13.0,26.0,2.0,0.0,40.0,1.0,0.0,20.0,10.0,11.0,31.0,6.0,4.0,8.0,33.0,29.0,12.0,23.0,14.0,2.0,2.0,30.0,10.0,1.0,20.0,20.0,1.0,37.0,4.0,0.0,28.0,13.0,0.0,0.0,30.0,11.0,27.0,12.0,2.0,0.0,37.0,4.0,0.0,27.0,14.0,0.0,24.0,16.0,1.0,32.0,9.0,0.0,35.0,6.0,0.0,0.0,3.0,17.0,21.0,0.0,Abaixo da média
50,26024802,2017,1,2,2601,26004,26,2601201,260120105,2,1,1.0,1.0,1.0,0.0,0.0,0.0,0.0,0.0,0.0,0.0,0.0,0.0,0.0,1.0,1.0,0.0,0.0,0.0,0.0,1.0,0.0,0.0,0.0,1.0,0.0,0.0,1.0,0.0,0.0,0.0,0.0,0.0,1.0,1.0,1.0,1.0,1.0,1.0,0.0,1.0,1.0,1.0,0.0,1.0,0.0,0.0,0.0,1.0,0.0,0.0,0.0,0.0,0.0,0.0,0.0,0.0,0.0,0.0,0.0,0.0,0.0,0.0,0.0,0.0,14.0,14.0,1.0,0.0,1.0,0.0,1.0,0.0,1.0,1.0,1.0,1.0,0.0,1.0,1.0,4.0,0.0,2.0,0.0,2.0,0.0,4.0,5.0,3.0,6.0,0.0,1.0,17.0,2.0,10.0,1.0,1.0,74.0,1.0,1.0,1.0,0.0,0.0,0.0,1.0,0.0,0.0,1.0,0.0,1.0,0.0,0.0,0.0,1.0,1.0,0.0,0.0,0.0,1.0,1.0,1.0,0.0,0.0,0.0,0.0,0.0,0.0,0.0,0.0,0.0,1.0,0.0,0.0,0.0,0.0,0.0,0.0,0.0,8.0,9.0,45.0,2.0,4.0,5.0,0.0,1.0,28.0,18.0,9.0,5.0,3.0,9.0,2.0,71.0,2.0,71.0,37.0,36.0,48.0,20.0,5.0,44.0,26.0,3.0,1.0,59.0,13.0,2.0,4.0,27.0,35.0,5.0,2.0,3.0,17.0,18.0,20.0,13.0,62.0,6.0,4.0,1.0,0.0,62.0,9.0,2.0,9.0,18.0,15.0,9.0,14.0,3.0,5.0,61.0,12.0,54.0,19.0,33.0,35.0,5.0,13.0,12.0,11.0,7.0,8.0,2.0,20.0,53.0,20.0,34.0,39.0,29.0,23.0,21.0,71.0,2.0,67.0,6.0,62.0,11.0,72.0,1.0,44.0,29.0,13.0,44.0,16.0,45.0,21.0,7.0,15.0,17.0,6.0,33.0,2.0,18.0,19.0,11.0,9.0,16.0,21.0,52.0,22.0,39.0,11.0,1.0,70.0,0.0,3.0,37.0,28.0,8.0,58.0,11.0,4.0,21.0,52.0,62.0,11.0,41.0,23.0,3.0,6.0,49.0,17.0,7.0,44.0,24.0,5.0,63.0,6.0,4.0,56.0,8.0,3.0,6.0,46.0,27.0,33.0,28.0,8.0,4.0,65.0,3.0,5.0,39.0,27.0,7.0,43.0,23.0,7.0,49.0,16.0,8.0,46.0,15.0,4.0,8.0,7.0,27.0,38.0,1.0,Abaixo da média
51,26178699,2017,1,2,2601,26004,26,2601201,260120105,2,1,1.0,1.0,3.0,0.0,0.0,0.0,0.0,0.0,0.0,0.0,0.0,0.0,0.0,1.0,1.0,0.0,0.0,0.0,0.0,1.0,0.0,0.0,0.0,1.0,0.0,0.0,1.0,0.0,0.0,0.0,0.0,0.0,1.0,1.0,1.0,1.0,0.0,1.0,0.0,1.0,1.0,1.0,0.0,1.0,0.0,0.0,0.0,1.0,0.0,1.0,0.0,1.0,1.0,1.0,0.0,0.0,1.0,0.0,1.0,0.0,0.0,0.0,0.0,0.0,24.0,24.0,1.0,0.0,1.0,0.0,1.0,1.0,1.0,1.0,0.0,1.0,0.0,1.0,1.0,2.0,0.0,4.0,0.0,3.0,1.0,2.0,1.0,0.0,19.0,0.0,1.0,9.0,3.0,6.0,1.0,1.0,35.0,1.0,0.0,0.0,0.0,0.0,0.0,1.0,0.0,0.0,1.0,0.0,1.0,0.0,0.0,0.0,1.0,0.0,0.0,0.0,0.0,0.0,0.0,1.0,0.0,0.0,0.0,0.0,0.0,0.0,0.0,0.0,0.0,0.0,0.0,0.0,0.0,0.0,0.0,0.0,0.0,44.0,29.0,107.0,12.0,3.0,18.0,1.0,21.0,120.0,54.0,14.0,3.0,0.0,0.0,5.0,208.0,2.0,211.0,115.0,98.0,105.0,100.0,8.0,58.0,119.0,36.0,0.0,132.0,81.0,0.0,6.0,74.0,115.0,18.0,0.0,16.0,56.0,78.0,43.0,20.0,202.0,10.0,1.0,0.0,0.0,192.0,13.0,8.0,1.0,9.0,21.0,33.0,93.0,49.0,7.0,206.0,7.0,174.0,39.0,120.0,84.0,9.0,4.0,25.0,31.0,26.0,67.0,25.0,35.0,191.0,22.0,124.0,89.0,110.0,75.0,28.0,207.0,6.0,195.0,18.0,179.0,34.0,206.0,7.0,143.0,70.0,71.0,110.0,32.0,156.0,52.0,5.0,24.0,44.0,57.0,84.0,4.0,79.0,73.0,17.0,11.0,33.0,9.0,204.0,105.0,102.0,6.0,0.0,179.0,10.0,24.0,164.0,41.0,8.0,202.0,10.0,1.0,17.0,196.0,180.0,33.0,131.0,67.0,5.0,10.0,182.0,24.0,7.0,139.0,65.0,9.0,199.0,6.0,8.0,148.0,55.0,2.0,8.0,103.0,110.0,105.0,75.0,18.0,15.0,186.0,12.0,15.0,127.0,69.0,17.0,138.0,59.0,16.0,182.0,13.0,18.0,164.0,29.0,6.0,14.0,47.0,111.0,55.0,0.0,Acima da média
53,26082861,2017,1,2,2603,26012,26,2601300,260130005,2,1,1.0,1.0,1.0,0.0,0.0,0.0,0.0,0.0,0.0,0.0,0.0,0.0,0.0,1.0,1.0,0.0,0.0,0.0,0.0,1.0,0.0,0.0,0.0,1.0,0.0,0.0,1.0,0.0,0.0,0.0,0.0,0.0,0.0,1.0,1.0,1.0,0.0,0.0,1.0,1.0,1.0,1.0,0.0,1.0,0.0,0.0,0.0,1.0,0.0,0.0,0.0,0.0,0.0,0.0,0.0,0.0,0.0,0.0,0.0,0.0,0.0,0.0,0.0,0.0,13.0,13.0,0.0,0.0,0.0,0.0,0.0,0.0,0.0,0.0,0.0,0.0,0.0,0.0,1.0,0.0,0.0,0.0,0.0,0.0,0.0,0.0,0.0,0.0,0.0,0.0,0.0,11.0,3.0,8.0,1.0,1.0,63.0,1.0,0.0,0.0,0.0,0.0,0.0,1.0,0.0,0.0,0.0,0.0,1.0,0.0,0.0,0.0,1.0,1.0,0.0,0.0,0.0,0.0,0.0,1.0,0.0,0.0,0.0,0.0,0.0,0.0,0.0,0.0,0.0,0.0,1.0,0.0,0.0,0.0,0.0,0.0,0.0,19.0,11.0,70.0,2.0,8.0,6.0,0.0,17.0,50.0,24.0,13.0,9.0,1.0,2.0,5.0,111.0,4.0,112.0,83.0,33.0,94.0,21.0,1.0,93.0,22.0,1.0,0.0,99.0,17.0,2.0,7.0,55.0,48.0,4.0,0.0,8.0,25.0,36.0,28.0,19.0,107.0,9.0,0.0,0.0,0.0,100.0,11.0,5.0,15.0,30.0,30.0,12.0,9.0,0.0,20.0,82.0,34.0,70.0,46.0,67.0,46.0,3.0,19.0,37.0,14.0,7.0,7.0,1.0,31.0,62.0,54.0,50.0,66.0,78.0,30.0,8.0,113.0,3.0,110.0,6.0,107.0,9.0,115.0,1.0,90.0,26.0,38.0,63.0,15.0,77.0,33.0,6.0,37.0,28.0,16.0,22.0,13.0,43.0,30.0,5.0,6.0,32.0,12.0,104.0,25.0,57.0,30.0,4.0,111.0,2.0,3.0,71.0,36.0,9.0,112.0,3.0,1.0,40.0,76.0,108.0,8.0,79.0,25.0,2.0,10.0,88.0,19.0,9.0,60.0,48.0,8.0,101.0,7.0,8.0,99.0,8.0,1.0,8.0,51.0,65.0,41.0,51.0,11.0,13.0,97.0,7.0,12.0,60.0,45.0,11.0,70.0,36.0,10.0,95.0,9.0,12.0,76.0,22.0,4.0,14.0,36.0,64.0,16.0,0.0,Abaixo da média
54,26097257,2017,1,2,2604,26015,26,2601409,260140905,2,2,1.0,1.0,1.0,0.0,0.0,0.0,0.0,0.0,0.0,0.0,0.0,0.0,0.0,1.0,1.0,0.0,0.0,0.0,0.0,1.0,0.0,0.0,0.0,0.0,1.0,0.0,1.0,0.0,0.0,0.0,0.0,0.0,1.0,1.0,1.0,1.0,0.0,0.0,1.0,1.0,1.0,1.0,0.0,1.0,0.0,0.0,0.0,1.0,0.0,1.0,0.0,0.0,0.0,0.0,0.0,0.0,0.0,0.0,0.0,0.0,0.0,0.0,0.0,0.0,16.0,14.0,1.0,0.0,1.0,0.0,1.0,0.0,0.0,1.0,1.0,1.0,0.0,1.0,1.0,3.0,0.0,2.0,0.0,1.0,0.0,0.0,4.0,2.0,7.0,0.0,1.0,7.0,4.0,3.0,1.0,1.0,38.0,1.0,0.0,0.0,0.0,0.0,0.0,1.0,0.0,0.0,1.0,0.0,1.0,0.0,0.0,0.0,1.0,0.0,0.0,0.0,0.0,0.0,0.0,1.0,0.0,0.0,0.0,0.0,0.0,0.0,0.0,0.0,0.0,0.0,0.0,0.0,0.0,0.0,0.0,0.0,0.0,44.0,11.0,88.0,5.0,0.0,5.0,0.0,16.0,87.0,34.0,12.0,4.0,0.0,0.0,2.0,151.0,1.0,152.0,72.0,81.0,108.0,43.0,2.0,73.0,72.0,8.0,0.0,104.0,49.0,0.0,2.0,79.0,63.0,9.0,0.0,15.0,28.0,61.0,33.0,16.0,149.0,4.0,0.0,0.0,0.0,135.0,14.0,4.0,1.0,12.0,16.0,11.0,80.0,24.0,9.0,145.0,8.0,131.0,22.0,87.0,57.0,9.0,5.0,17.0,23.0,18.0,59.0,17.0,14.0,138.0,15.0,101.0,52.0,125.0,25.0,3.0,150.0,3.0,135.0,18.0,131.0,22.0,149.0,4.0,121.0,32.0,60.0,76.0,17.0,99.0,53.0,1.0,30.0,70.0,17.0,31.0,5.0,67.0,40.0,10.0,5.0,31.0,14.0,139.0,65.0,81.0,7.0,0.0,128.0,7.0,18.0,120.0,24.0,9.0,149.0,3.0,1.0,27.0,126.0,127.0,26.0,113.0,37.0,2.0,1.0,140.0,12.0,1.0,99.0,52.0,2.0,137.0,15.0,1.0,146.0,6.0,0.0,1.0,113.0,40.0,105.0,42.0,3.0,3.0,150.0,2.0,1.0,125.0,27.0,1.0,111.0,40.0,2.0,115.0,37.0,1.0,138.0,11.0,1.0,3.0,36.0,83.0,34.0,0.0,Acima da média
56,26097354,2017,1,2,2604,26015,26,2601409,260140905,2,1,1.0,1.0,1.0,0.0,0.0,0.0,0.0,0.0,0.0,0.0,0.0,0.0,0.0,1.0,1.0,0.0,0.0,0.0,0.0,1.0,0.0,0.0,0.0,1.0,0.0,0.0,1.0,0.0,0.0,0.0,0.0,0.0,1.0,1.0,1.0,0.0,0.0,0.0,1.0,1.0,1.0,1.0,0.0,1.0,0.0,0.0,0.0,1.0,0.0,1.0,0.0,0.0,0.0,0.0,0.0,0.0,0.0,0.0,0.0,0.0,0.0,0.0,0.0,0.0,20.0,20.0,1.0,0.0,1.0,0.0,0.0,0.0,1.0,0.0,1.0,1.0,1.0,1.0,1.0,4.0,0.0,1.0,0.0,0.0,0.0,4.0,0.0,3.0,16.0,1.0,2.0,14.0,2.0,10.0,1.0,0.0,39.0,1.0,0.0,0.0,0.0,0.0,0.0,1.0,0.0,0.0,0.0,0.0,1.0,0.0,0.0,0.0,1.0,0.0,0.0,0.0,0.0,0.0,1.0,1.0,0.0,0.0,0.0,0.0,0.0,0.0,0.0,0.0,0.0,0.0,0.0,0.0,0.0,0.0,0.0,0.0,0.0,1.0,1.0,9.0,1.0,1.0,0.0,0.0,1.0,2.0,3.0,2.0,3.0,1.0,1.0,1.0,12.0,0.0,13.0,11.0,2.0,10.0,3.0,0.0,12.0,1.0,0.0,1.0,12.0,0.0,0.0,2.0,7.0,4.0,0.0,0.0,1.0,2.0,3.0,5.0,2.0,12.0,1.0,0.0,0.0,0.0,11.0,2.0,0.0,0.0,4.0,3.0,0.0,3.0,0.0,3.0,11.0,2.0,9.0,4.0,8.0,5.0,0.0,2.0,7.0,1.0,0.0,0.0,0.0,3.0,7.0,6.0,8.0,5.0,5.0,7.0,1.0,12.0,1.0,11.0,2.0,12.0,1.0,12.0,1.0,11.0,2.0,3.0,8.0,2.0,9.0,4.0,0.0,6.0,4.0,1.0,1.0,1.0,4.0,3.0,2.0,2.0,2.0,1.0,12.0,2.0,9.0,2.0,0.0,13.0,0.0,0.0,5.0,7.0,1.0,9.0,3.0,1.0,5.0,8.0,8.0,5.0,7.0,6.0,0.0,0.0,12.0,1.0,0.0,11.0,2.0,0.0,10.0,3.0,0.0,13.0,0.0,0.0,0.0,11.0,2.0,9.0,4.0,0.0,0.0,13.0,0.0,0.0,11.0,2.0,0.0,12.0,1.0,0.0,11.0,2.0,0.0,12.0,1.0,0.0,0.0,4.0,7.0,2.0,0.0,Abaixo da média
57,26097370,2017,1,2,2604,26015,26,2601409,260140905,2,1,1.0,1.0,1.0,0.0,0.0,0.0,0.0,0.0,0.0,0.0,0.0,0.0,0.0,1.0,1.0,0.0,0.0,0.0,0.0,1.0,0.0,0.0,0.0,1.0,0.0,0.0,1.0,0.0,0.0,0.0,0.0,0.0,1.0,1.0,1.0,1.0,1.0,0.0,1.0,1.0,1.0,1.0,0.0,1.0,0.0,0.0,0.0,1.0,0.0,0.0,0.0,0.0,0.0,0.0,0.0,0.0,0.0,0.0,0.0,0.0,0.0,0.0,0.0,0.0,13.0,9.0,1.0,0.0,0.0,0.0,0.0,0.0,0.0,1.0,1.0,1.0,0.0,0.0,1.0,6.0,0.0,0.0,0.0,0.0,0.0,0.0,4.0,1.0,13.0,0.0,0.0,18.0,8.0,10.0,1.0,1.0,65.0,1.0,1.0,1.0,0.0,0.0,0.0,1.0,0.0,0.0,0.0,0.0,1.0,0.0,0.0,0.0,1.0,1.0,0.0,0.0,0.0,0.0,1.0,1.0,0.0,0.0,0.0,0.0,0.0,0.0,0.0,0.0,0.0,1.0,1.0,0.0,0.0,0.0,0.0,0.0,0.0,8.0,9.0,28.0,1.0,2.0,7.0,0.0,2.0,15.0,17.0,10.0,7.0,2.0,2.0,4.0,51.0,1.0,54.0,31.0,24.0,49.0,6.0,0.0,42.0,13.0,0.0,2.0,51.0,2.0,0.0,2.0,25.0,25.0,3.0,0.0,4.0,7.0,12.0,8.0,24.0,48.0,6.0,1.0,0.0,0.0,43.0,11.0,1.0,6.0,16.0,13.0,5.0,4.0,0.0,11.0,42.0,13.0,42.0,13.0,30.0,23.0,2.0,6.0,10.0,5.0,5.0,4.0,2.0,23.0,42.0,13.0,33.0,22.0,21.0,26.0,8.0,50.0,5.0,47.0,8.0,45.0,10.0,53.0,2.0,37.0,18.0,20.0,26.0,9.0,37.0,16.0,2.0,18.0,10.0,6.0,12.0,9.0,16.0,16.0,4.0,11.0,8.0,7.0,48.0,10.0,34.0,11.0,0.0,49.0,1.0,5.0,24.0,21.0,10.0,48.0,5.0,2.0,21.0,34.0,43.0,12.0,33.0,18.0,3.0,1.0,40.0,15.0,0.0,32.0,22.0,1.0,44.0,11.0,0.0,49.0,5.0,1.0,0.0,29.0,26.0,27.0,19.0,9.0,0.0,47.0,7.0,1.0,35.0,20.0,0.0,35.0,20.0,0.0,35.0,20.0,0.0,49.0,4.0,2.0,0.0,14.0,27.0,14.0,0.0,Abaixo da média
58,26097591,2017,1,2,2604,26015,26,2601409,260140905,2,1,1.0,1.0,1.0,0.0,0.0,0.0,0.0,0.0,0.0,0.0,0.0,0.0,0.0,1.0,1.0,0.0,0.0,0.0,0.0,1.0,0.0,0.0,0.0,1.0,0.0,0.0,1.0,0.0,0.0,0.0,0.0,0.0,1.0,1.0,1.0,0.0,0.0,0.0,1.0,1.0,1.0,1.0,0.0,1.0,0.0,0.0,0.0,1.0,0.0,0.0,0.0,0.0,0.0,0.0,0.0,0.0,0.0,0.0,0.0,0.0,0.0,0.0,0.0,0.0,18.0,19.0,1.0,0.0,1.0,0.0,1.0,1.0,0.0,1.0,1.0,1.0,0.0,1.0,1.0,7.0,0.0,5.0,0.0,1.0,1.0,0.0,4.0,4.0,16.0,0.0,2.0,21.0,4.0,17.0,1.0,1.0,76.0,1.0,0.0,0.0,0.0,0.0,0.0,1.0,0.0,0.0,0.0,0.0,1.0,0.0,0.0,0.0,1.0,1.0,0.0,0.0,0.0,0.0,0.0,1.0,0.0,0.0,0.0,0.0,0.0,0.0,0.0,0.0,0.0,0.0,1.0,0.0,0.0,0.0,0.0,0.0,0.0,30.0,21.0,119.0,3.0,4.0,12.0,0.0,9.0,55.0,59.0,32.0,18.0,7.0,9.0,11.0,178.0,2.0,187.0,113.0,76.0,157.0,28.0,4.0,128.0,57.0,4.0,4.0,141.0,44.0,0.0,11.0,107.0,59.0,12.0,2.0,15.0,51.0,43.0,42.0,36.0,175.0,11.0,2.0,1.0,0.0,150.0,31.0,8.0,8.0,42.0,31.0,13.0,63.0,5.0,27.0,163.0,26.0,157.0,32.0,81.0,98.0,10.0,12.0,40.0,21.0,18.0,30.0,5.0,63.0,144.0,45.0,108.0,81.0,98.0,64.0,27.0,185.0,4.0,171.0,18.0,170.0,19.0,187.0,2.0,129.0,60.0,52.0,103.0,34.0,133.0,46.0,10.0,48.0,43.0,24.0,60.0,14.0,66.0,56.0,16.0,19.0,32.0,30.0,159.0,64.0,107.0,11.0,7.0,165.0,4.0,20.0,90.0,69.0,30.0,162.0,16.0,11.0,53.0,136.0,170.0,19.0,124.0,53.0,7.0,5.0,148.0,32.0,9.0,99.0,74.0,16.0,167.0,14.0,8.0,171.0,12.0,1.0,5.0,96.0,93.0,95.0,75.0,13.0,6.0,179.0,4.0,6.0,111.0,68.0,10.0,123.0,56.0,10.0,151.0,29.0,9.0,147.0,30.0,4.0,8.0,33.0,97.0,57.0,2.0,Abaixo da média
60,26097982,2017,1,2,2604,26015,26,2601508,260150805,2,1,1.0,1.0,1.0,0.0,0.0,0.0,0.0,0.0,0.0,0.0,1.0,0.0,0.0,0.0,0.0,1.0,0.0,0.0,0.0,1.0,0.0,0.0,0.0,0.0,1.0,0.0,1.0,0.0,0.0,0.0,0.0,0.0,1.0,1.0,1.0,1.0,0.0,0.0,0.0,0.0,1.0,1.0,1.0,1.0,0.0,0.0,0.0,1.0,0.0,0.0,0.0,0.0,0.0,0.0,0.0,0.0,0.0,0.0,0.0,0.0,0.0,0.0,0.0,0.0,11.0,14.0,1.0,0.0,0.0,1.0,1.0,1.0,1.0,0.0,1.0,1.0,0.0,1.0,1.0,2.0,0.0,0.0,1.0,1.0,1.0,1.0,0.0,1.0,9.0,0.0,1.0,11.0,2.0,8.0,1.0,1.0,38.0,1.0,0.0,0.0,0.0,0.0,0.0,1.0,0.0,0.0,0.0,0.0,1.0,0.0,0.0,0.0,1.0,1.0,0.0,0.0,0.0,0.0,0.0,1.0,0.0,0.0,0.0,0.0,0.0,0.0,0.0,0.0,0.0,0.0,1.0,0.0,0.0,0.0,0.0,0.0,0.0,35.0,8.0,85.0,3.0,1.0,8.0,1.0,30.0,53.0,35.0,10.0,3.0,2.0,6.0,6.0,134.0,4.0,136.0,91.0,49.0,99.0,35.0,6.0,106.0,29.0,5.0,6.0,109.0,25.0,3.0,8.0,57.0,59.0,13.0,0.0,14.0,29.0,36.0,36.0,25.0,123.0,10.0,7.0,0.0,0.0,125.0,12.0,3.0,11.0,46.0,18.0,13.0,23.0,12.0,17.0,107.0,33.0,92.0,48.0,86.0,50.0,4.0,20.0,40.0,15.0,8.0,12.0,9.0,36.0,90.0,50.0,70.0,70.0,85.0,33.0,22.0,136.0,4.0,128.0,12.0,123.0,17.0,136.0,4.0,102.0,38.0,56.0,69.0,15.0,106.0,29.0,5.0,36.0,36.0,18.0,39.0,11.0,49.0,41.0,11.0,14.0,25.0,16.0,124.0,30.0,83.0,23.0,4.0,131.0,2.0,7.0,94.0,36.0,10.0,126.0,11.0,3.0,37.0,103.0,128.0,12.0,114.0,22.0,2.0,2.0,114.0,24.0,2.0,93.0,45.0,2.0,125.0,13.0,2.0,127.0,9.0,0.0,4.0,85.0,55.0,91.0,40.0,5.0,4.0,132.0,6.0,2.0,90.0,48.0,2.0,103.0,35.0,2.0,106.0,31.0,3.0,128.0,7.0,0.0,5.0,28.0,69.0,42.0,1.0,Abaixo da média
61,26038935,2017,1,2,2602,26006,26,2601607,260160705,2,1,1.0,1.0,1.0,0.0,0.0,0.0,0.0,0.0,0.0,0.0,0.0,0.0,0.0,1.0,1.0,0.0,0.0,0.0,0.0,1.0,0.0,0.0,0.0,1.0,0.0,0.0,1.0,0.0,0.0,0.0,0.0,0.0,1.0,1.0,1.0,0.0,1.0,0.0,1.0,1.0,1.0,1.0,0.0,1.0,0.0,0.0,0.0,1.0,0.0,0.0,1.0,1.0,0.0,0.0,1.0,1.0,0.0,1.0,1.0,0.0,0.0,1.0,0.0,0.0,12.0,12.0,1.0,0.0,1.0,1.0,0.0,1.0,0.0,1.0,1.0,1.0,0.0,1.0,1.0,3.0,0.0,1.0,1.0,0.0,1.0,0.0,2.0,3.0,5.0,0.0,1.0,39.0,5.0,34.0,0.0,0.0,43.0,1.0,0.0,1.0,0.0,0.0,0.0,1.0,0.0,0.0,1.0,0.0,1.0,0.0,0.0,0.0,1.0,1.0,0.0,0.0,0.0,0.0,1.0,1.0,0.0,0.0,0.0,0.0,0.0,0.0,0.0,0.0,0.0,1.0,1.0,0.0,0.0,0.0,0.0,0.0,0.0,3.0,8.0,21.0,2.0,1.0,0.0,0.0,1.0,9.0,9.0,12.0,3.0,0.0,1.0,2.0,33.0,0.0,35.0,25.0,10.0,28.0,7.0,0.0,22.0,13.0,0.0,0.0,30.0,5.0,0.0,2.0,17.0,10.0,6.0,1.0,2.0,7.0,7.0,5.0,13.0,33.0,2.0,0.0,0.0,0.0,29.0,4.0,2.0,1.0,8.0,4.0,2.0,15.0,3.0,2.0,33.0,2.0,31.0,4.0,20.0,14.0,1.0,5.0,8.0,4.0,5.0,8.0,0.0,5.0,28.0,7.0,19.0,16.0,13.0,16.0,6.0,35.0,0.0,33.0,2.0,33.0,2.0,35.0,0.0,22.0,13.0,10.0,21.0,4.0,25.0,10.0,0.0,5.0,7.0,4.0,12.0,7.0,10.0,12.0,4.0,4.0,5.0,7.0,28.0,18.0,13.0,4.0,0.0,33.0,0.0,2.0,21.0,9.0,5.0,30.0,3.0,2.0,14.0,21.0,33.0,2.0,28.0,5.0,0.0,2.0,31.0,3.0,1.0,23.0,11.0,1.0,33.0,2.0,0.0,28.0,6.0,0.0,1.0,25.0,10.0,23.0,10.0,2.0,0.0,34.0,1.0,0.0,28.0,7.0,0.0,29.0,6.0,0.0,31.0,4.0,0.0,31.0,4.0,0.0,0.0,11.0,19.0,5.0,0.0,Abaixo da média
62,26039702,2017,1,2,2602,26006,26,2601607,260160705,2,1,1.0,1.0,1.0,0.0,0.0,0.0,0.0,0.0,0.0,0.0,0.0,0.0,0.0,1.0,1.0,0.0,0.0,0.0,0.0,1.0,0.0,0.0,0.0,0.0,1.0,0.0,1.0,0.0,0.0,0.0,0.0,0.0,1.0,1.0,1.0,1.0,0.0,0.0,1.0,1.0,1.0,1.0,0.0,1.0,0.0,0.0,0.0,1.0,0.0,0.0,0.0,1.0,0.0,0.0,1.0,1.0,0.0,1.0,0.0,0.0,0.0,0.0,0.0,0.0,12.0,9.0,1.0,0.0,0.0,0.0,1.0,0.0,1.0,1.0,1.0,1.0,0.0,1.0,1.0,5.0,0.0,0.0,0.0,1.0,0.0,1.0,1.0,2.0,10.0,0.0,1.0,15.0,4.0,11.0,1.0,1.0,23.0,1.0,0.0,0.0,0.0,0.0,0.0,1.0,0.0,0.0,0.0,0.0,1.0,0.0,0.0,0.0,1.0,0.0,0.0,0.0,0.0,0.0,0.0,1.0,0.0,0.0,0.0,0.0,0.0,0.0,0.0,0.0,0.0,0.0,0.0,0.0,0.0,0.0,0.0,0.0,0.0,15.0,27.0,40.0,10.0,1.0,1.0,1.0,4.0,52.0,27.0,7.0,3.0,0.0,0.0,3.0,91.0,5.0,89.0,65.0,29.0,59.0,32.0,3.0,32.0,51.0,11.0,3.0,61.0,30.0,1.0,5.0,36.0,40.0,12.0,0.0,8.0,16.0,25.0,22.0,23.0,84.0,8.0,2.0,0.0,0.0,81.0,8.0,5.0,0.0,14.0,5.0,8.0,35.0,28.0,4.0,88.0,6.0,71.0,23.0,55.0,36.0,3.0,0.0,20.0,11.0,11.0,29.0,9.0,14.0,79.0,15.0,49.0,45.0,51.0,36.0,7.0,91.0,3.0,83.0,11.0,80.0,14.0,94.0,0.0,58.0,36.0,39.0,45.0,10.0,65.0,29.0,0.0,14.0,25.0,20.0,30.0,5.0,32.0,22.0,5.0,6.0,29.0,6.0,88.0,57.0,29.0,8.0,0.0,83.0,3.0,8.0,71.0,20.0,3.0,92.0,2.0,0.0,21.0,73.0,78.0,16.0,59.0,33.0,1.0,1.0,79.0,14.0,1.0,69.0,23.0,2.0,86.0,7.0,1.0,83.0,9.0,0.0,2.0,58.0,36.0,57.0,36.0,1.0,0.0,88.0,6.0,0.0,74.0,19.0,1.0,69.0,25.0,0.0,80.0,14.0,0.0,90.0,4.0,0.0,0.0,36.0,56.0,2.0,0.0,Acima da média
64,26040220,2017,1,2,2602,26006,26,2601607,260160715,2,2,1.0,1.0,1.0,0.0,0.0,0.0,0.0,0.0,0.0,0.0,0.0,0.0,0.0,1.0,1.0,0.0,0.0,0.0,0.0,1.0,0.0,0.0,0.0,0.0,1.0,0.0,0.0,0.0,1.0,0.0,0.0,0.0,1.0,0.0,1.0,0.0,0.0,0.0,0.0,0.0,1.0,1.0,0.0,1.0,0.0,0.0,0.0,1.0,0.0,0.0,0.0,0.0,0.0,0.0,0.0,0.0,0.0,0.0,0.0,0.0,0.0,0.0,0.0,0.0,7.0,7.0,0.0,0.0,0.0,0.0,0.0,0.0,0.0,0.0,0.0,0.0,0.0,0.0,1.0,0.0,0.0,0.0,0.0,0.0,0.0,0.0,0.0,0.0,0.0,0.0,0.0,11.0,1.0,10.0,1.0,1.0,19.0,1.0,0.0,0.0,0.0,0.0,0.0,1.0,0.0,0.0,0.0,0.0,1.0,0.0,0.0,0.0,1.0,1.0,1.0,0.0,0.0,0.0,0.0,1.0,0.0,1.0,0.0,0.0,0.0,0.0,0.0,0.0,0.0,1.0,0.0,0.0,0.0,0.0,0.0,0.0,0.0,4.0,2.0,12.0,0.0,1.0,2.0,0.0,6.0,7.0,3.0,1.0,0.0,2.0,2.0,1.0,20.0,1.0,20.0,18.0,3.0,17.0,4.0,0.0,14.0,5.0,2.0,2.0,18.0,1.0,0.0,4.0,10.0,6.0,1.0,0.0,1.0,2.0,6.0,9.0,3.0,21.0,0.0,0.0,0.0,0.0,17.0,4.0,0.0,2.0,6.0,3.0,2.0,4.0,2.0,2.0,16.0,5.0,14.0,7.0,14.0,6.0,1.0,2.0,11.0,1.0,0.0,4.0,0.0,3.0,15.0,6.0,9.0,12.0,16.0,3.0,2.0,21.0,0.0,18.0,3.0,20.0,1.0,21.0,0.0,16.0,5.0,9.0,11.0,1.0,12.0,8.0,1.0,8.0,8.0,1.0,3.0,1.0,3.0,7.0,0.0,6.0,5.0,7.0,14.0,10.0,8.0,2.0,1.0,21.0,0.0,0.0,16.0,3.0,2.0,19.0,1.0,1.0,12.0,9.0,21.0,0.0,18.0,3.0,0.0,0.0,18.0,3.0,0.0,16.0,5.0,0.0,20.0,1.0,0.0,18.0,3.0,0.0,0.0,13.0,8.0,11.0,8.0,2.0,0.0,19.0,1.0,1.0,9.0,11.0,1.0,14.0,6.0,1.0,13.0,7.0,1.0,9.0,9.0,2.0,1.0,5.0,12.0,3.0,1.0,Abaixo da média
66,26139120,2017,1,2,2602,26006,26,2601607,260160710,2,2,0.0,1.0,3.0,0.0,0.0,0.0,0.0,0.0,0.0,0.0,0.0,0.0,1.0,0.0,1.0,0.0,0.0,0.0,0.0,1.0,0.0,0.0,0.0,1.0,0.0,0.0,0.0,1.0,0.0,0.0,0.0,0.0,1.0,1.0,0.0,0.0,0.0,0.0,0.0,0.0,1.0,0.0,0.0,0.0,0.0,0.0,0.0,1.0,0.0,0.0,0.0,1.0,0.0,0.0,1.0,1.0,0.0,0.0,0.0,0.0,0.0,0.0,0.0,0.0,4.0,4.0,0.0,0.0,1.0,0.0,0.0,0.0,1.0,1.0,0.0,1.0,0.0,1.0,1.0,0.0,0.0,1.0,0.0,0.0,0.0,1.0,1.0,0.0,2.0,0.0,1.0,2.0,1.0,0.0,1.0,0.0,16.0,1.0,0.0,0.0,0.0,0.0,0.0,1.0,0.0,0.0,1.0,0.0,1.0,0.0,0.0,0.0,1.0,0.0,0.0,0.0,0.0,0.0,0.0,1.0,0.0,0.0,0.0,0.0,0.0,0.0,0.0,0.0,0.0,0.0,0.0,0.0,0.0,0.0,0.0,0.0,0.0,3.0,10.0,15.0,1.0,1.0,0.0,0.0,3.0,6.0,9.0,6.0,2.0,1.0,3.0,0.0,30.0,0.0,30.0,26.0,4.0,26.0,4.0,0.0,22.0,6.0,2.0,2.0,23.0,5.0,0.0,0.0,15.0,12.0,3.0,0.0,0.0,6.0,10.0,4.0,10.0,24.0,3.0,1.0,0.0,2.0,25.0,4.0,1.0,3.0,10.0,6.0,2.0,5.0,1.0,3.0,21.0,9.0,17.0,13.0,25.0,5.0,0.0,1.0,15.0,5.0,2.0,3.0,1.0,3.0,26.0,4.0,20.0,10.0,23.0,4.0,3.0,29.0,1.0,27.0,3.0,26.0,4.0,29.0,1.0,24.0,6.0,7.0,22.0,1.0,24.0,5.0,1.0,6.0,12.0,5.0,6.0,1.0,6.0,11.0,3.0,4.0,6.0,11.0,19.0,8.0,16.0,6.0,0.0,30.0,0.0,0.0,19.0,9.0,2.0,26.0,3.0,1.0,12.0,18.0,28.0,2.0,25.0,5.0,0.0,0.0,27.0,3.0,0.0,21.0,9.0,0.0,28.0,2.0,0.0,29.0,1.0,0.0,0.0,28.0,2.0,25.0,5.0,0.0,0.0,29.0,1.0,0.0,26.0,4.0,0.0,29.0,1.0,0.0,21.0,9.0,0.0,30.0,0.0,0.0,0.0,2.0,16.0,5.0,7.0,Abaixo da média
68,26050048,2017,1,2,2603,26008,26,2601706,260170605,2,1,1.0,1.0,1.0,0.0,0.0,0.0,0.0,0.0,0.0,0.0,0.0,0.0,0.0,1.0,1.0,0.0,0.0,0.0,0.0,1.0,0.0,0.0,0.0,1.0,0.0,0.0,1.0,0.0,0.0,0.0,0.0,0.0,1.0,1.0,1.0,0.0,0.0,0.0,1.0,1.0,1.0,1.0,0.0,1.0,0.0,0.0,0.0,1.0,0.0,0.0,0.0,1.0,1.0,1.0,1.0,1.0,0.0,0.0,0.0,0.0,0.0,0.0,0.0,0.0,12.0,12.0,1.0,0.0,1.0,0.0,1.0,1.0,1.0,0.0,1.0,1.0,0.0,1.0,1.0,2.0,0.0,3.0,0.0,1.0,2.0,3.0,0.0,3.0,10.0,0.0,1.0,26.0,6.0,20.0,1.0,1.0,41.0,1.0,0.0,0.0,0.0,0.0,0.0,1.0,0.0,0.0,0.0,0.0,1.0,0.0,0.0,0.0,1.0,0.0,0.0,0.0,0.0,0.0,0.0,1.0,0.0,0.0,0.0,0.0,0.0,0.0,0.0,0.0,0.0,0.0,0.0,0.0,0.0,0.0,0.0,0.0,0.0,65.0,17.0,147.0,10.0,5.0,22.0,0.0,2.0,63.0,76.0,59.0,28.0,5.0,33.0,10.0,256.0,3.0,263.0,154.0,112.0,199.0,64.0,3.0,172.0,79.0,15.0,2.0,227.0,37.0,1.0,13.0,145.0,96.0,11.0,5.0,36.0,67.0,77.0,54.0,27.0,243.0,16.0,4.0,1.0,2.0,215.0,39.0,12.0,15.0,70.0,52.0,40.0,53.0,7.0,29.0,224.0,42.0,188.0,78.0,147.0,115.0,4.0,24.0,80.0,41.0,20.0,37.0,8.0,56.0,203.0,63.0,141.0,125.0,84.0,130.0,52.0,257.0,9.0,235.0,31.0,233.0,33.0,255.0,11.0,194.0,72.0,75.0,154.0,37.0,185.0,74.0,7.0,63.0,79.0,32.0,73.0,19.0,75.0,84.0,24.0,35.0,48.0,69.0,197.0,70.0,157.0,28.0,11.0,230.0,3.0,33.0,135.0,81.0,50.0,214.0,37.0,15.0,67.0,199.0,225.0,41.0,157.0,86.0,5.0,18.0,193.0,57.0,16.0,155.0,95.0,16.0,220.0,32.0,14.0,201.0,45.0,3.0,17.0,134.0,132.0,103.0,117.0,22.0,24.0,219.0,28.0,19.0,140.0,110.0,16.0,160.0,89.0,17.0,186.0,61.0,19.0,189.0,39.0,15.0,23.0,23.0,95.0,141.0,7.0,Abaixo da média
70,26050102,2017,1,2,2603,26008,26,2601706,260170605,2,1,1.0,1.0,1.0,0.0,0.0,0.0,0.0,0.0,0.0,0.0,1.0,0.0,0.0,1.0,1.0,0.0,0.0,0.0,0.0,1.0,0.0,0.0,0.0,1.0,0.0,0.0,1.0,0.0,0.0,0.0,0.0,0.0,1.0,1.0,1.0,0.0,0.0,0.0,1.0,1.0,1.0,1.0,0.0,1.0,0.0,0.0,0.0,1.0,0.0,0.0,1.0,1.0,0.0,1.0,1.0,0.0,0.0,0.0,1.0,0.0,0.0,0.0,0.0,0.0,9.0,12.0,1.0,0.0,1.0,0.0,1.0,0.0,1.0,1.0,1.0,1.0,0.0,1.0,1.0,1.0,0.0,1.0,0.0,1.0,0.0,1.0,3.0,1.0,6.0,0.0,1.0,11.0,5.0,8.0,1.0,1.0,44.0,1.0,0.0,0.0,0.0,0.0,0.0,1.0,0.0,0.0,0.0,1.0,1.0,0.0,0.0,0.0,1.0,1.0,0.0,0.0,0.0,0.0,0.0,1.0,0.0,0.0,0.0,0.0,0.0,0.0,0.0,0.0,0.0,0.0,1.0,0.0,0.0,0.0,0.0,0.0,0.0,13.0,6.0,37.0,3.0,0.0,1.0,0.0,0.0,21.0,26.0,10.0,3.0,0.0,0.0,2.0,58.0,1.0,59.0,47.0,13.0,45.0,15.0,0.0,38.0,21.0,1.0,0.0,55.0,5.0,1.0,1.0,36.0,20.0,2.0,0.0,7.0,16.0,16.0,12.0,9.0,58.0,1.0,0.0,1.0,0.0,52.0,7.0,1.0,6.0,19.0,11.0,9.0,11.0,2.0,2.0,50.0,10.0,34.0,26.0,39.0,20.0,1.0,5.0,22.0,8.0,5.0,7.0,1.0,12.0,45.0,15.0,25.0,35.0,33.0,20.0,7.0,56.0,4.0,54.0,6.0,50.0,10.0,58.0,2.0,44.0,16.0,24.0,28.0,8.0,37.0,20.0,3.0,12.0,17.0,13.0,15.0,3.0,17.0,21.0,3.0,0.0,19.0,2.0,58.0,13.0,45.0,2.0,0.0,52.0,1.0,7.0,38.0,17.0,5.0,56.0,4.0,0.0,4.0,56.0,46.0,14.0,30.0,27.0,0.0,3.0,49.0,10.0,1.0,31.0,26.0,3.0,53.0,5.0,2.0,44.0,10.0,3.0,3.0,36.0,24.0,37.0,19.0,2.0,2.0,58.0,0.0,2.0,52.0,5.0,3.0,38.0,20.0,2.0,44.0,14.0,2.0,55.0,1.0,2.0,2.0,16.0,36.0,8.0,0.0,Acima da média
73,26179873,2017,1,2,2603,26008,26,2601706,260170605,2,2,1.0,1.0,1.0,0.0,0.0,0.0,0.0,0.0,0.0,0.0,0.0,0.0,0.0,1.0,1.0,0.0,0.0,0.0,0.0,1.0,0.0,0.0,0.0,1.0,1.0,0.0,1.0,0.0,0.0,0.0,0.0,0.0,1.0,0.0,1.0,0.0,0.0,1.0,0.0,1.0,1.0,1.0,0.0,1.0,0.0,0.0,0.0,1.0,0.0,1.0,0.0,0.0,0.0,0.0,0.0,0.0,0.0,0.0,0.0,0.0,0.0,0.0,0.0,0.0,15.0,24.0,1.0,1.0,1.0,0.0,1.0,0.0,1.0,1.0,1.0,1.0,1.0,1.0,1.0,11.0,2.0,6.0,0.0,2.0,0.0,3.0,4.0,2.0,5.0,1.0,2.0,10.0,4.0,0.0,1.0,1.0,32.0,1.0,0.0,0.0,0.0,0.0,0.0,1.0,0.0,0.0,0.0,0.0,1.0,0.0,0.0,0.0,1.0,1.0,0.0,0.0,0.0,0.0,0.0,1.0,0.0,0.0,0.0,0.0,0.0,0.0,0.0,0.0,0.0,0.0,1.0,0.0,0.0,0.0,0.0,0.0,0.0,47.0,6.0,71.0,11.0,0.0,3.0,0.0,6.0,83.0,36.0,10.0,3.0,0.0,0.0,2.0,136.0,1.0,137.0,77.0,61.0,75.0,58.0,5.0,37.0,91.0,10.0,0.0,91.0,47.0,1.0,1.0,72.0,55.0,9.0,0.0,14.0,40.0,54.0,18.0,12.0,129.0,8.0,0.0,1.0,0.0,123.0,13.0,2.0,5.0,19.0,28.0,13.0,50.0,18.0,5.0,130.0,8.0,109.0,29.0,89.0,43.0,6.0,8.0,22.0,26.0,15.0,45.0,9.0,13.0,120.0,18.0,83.0,55.0,97.0,34.0,7.0,136.0,2.0,124.0,14.0,104.0,34.0,137.0,1.0,100.0,38.0,67.0,58.0,13.0,99.0,36.0,3.0,22.0,36.0,40.0,37.0,3.0,52.0,38.0,12.0,5.0,31.0,10.0,128.0,51.0,80.0,6.0,1.0,118.0,9.0,11.0,118.0,13.0,7.0,136.0,1.0,1.0,12.0,126.0,121.0,17.0,84.0,45.0,2.0,7.0,111.0,21.0,6.0,92.0,38.0,8.0,130.0,5.0,3.0,93.0,31.0,6.0,8.0,77.0,61.0,67.0,58.0,10.0,3.0,123.0,11.0,4.0,112.0,22.0,4.0,101.0,33.0,4.0,129.0,6.0,3.0,55.0,31.0,45.0,7.0,42.0,80.0,16.0,0.0,Acima da média
75,26025876,2017,1,2,2601,26004,26,2601805,260180505,2,1,1.0,1.0,1.0,0.0,0.0,0.0,0.0,0.0,0.0,0.0,1.0,0.0,0.0,1.0,1.0,0.0,0.0,0.0,0.0,1.0,0.0,0.0,0.0,1.0,0.0,0.0,1.0,0.0,0.0,0.0,0.0,0.0,1.0,1.0,1.0,0.0,0.0,0.0,0.0,0.0,0.0,1.0,0.0,1.0,0.0,0.0,0.0,1.0,0.0,0.0,0.0,0.0,0.0,0.0,0.0,0.0,0.0,0.0,0.0,0.0,0.0,0.0,0.0,0.0,9.0,12.0,1.0,0.0,1.0,0.0,1.0,0.0,1.0,0.0,1.0,1.0,0.0,1.0,1.0,5.0,0.0,5.0,0.0,2.0,0.0,5.0,0.0,2.0,20.0,0.0,2.0,30.0,1.0,29.0,1.0,1.0,39.0,1.0,0.0,1.0,0.0,0.0,0.0,1.0,0.0,0.0,0.0,1.0,1.0,0.0,0.0,0.0,1.0,1.0,1.0,0.0,0.0,0.0,0.0,1.0,0.0,0.0,0.0,0.0,0.0,0.0,0.0,0.0,0.0,1.0,0.0,1.0,0.0,0.0,0.0,0.0,0.0,9.0,10.0,10.0,2.0,4.0,5.0,0.0,2.0,14.0,14.0,5.0,4.0,1.0,0.0,3.0,37.0,2.0,38.0,28.0,12.0,29.0,10.0,1.0,23.0,13.0,4.0,1.0,35.0,4.0,0.0,2.0,17.0,15.0,6.0,1.0,3.0,5.0,11.0,13.0,7.0,38.0,2.0,0.0,0.0,0.0,31.0,6.0,3.0,1.0,8.0,7.0,3.0,12.0,5.0,4.0,36.0,4.0,36.0,4.0,26.0,11.0,3.0,3.0,12.0,5.0,3.0,8.0,0.0,9.0,26.0,14.0,26.0,14.0,22.0,17.0,1.0,38.0,2.0,36.0,4.0,36.0,4.0,38.0,2.0,35.0,5.0,12.0,25.0,3.0,28.0,11.0,1.0,14.0,6.0,4.0,10.0,6.0,14.0,10.0,3.0,6.0,7.0,7.0,33.0,12.0,21.0,5.0,2.0,35.0,1.0,4.0,15.0,22.0,3.0,37.0,2.0,1.0,15.0,25.0,34.0,6.0,22.0,15.0,2.0,1.0,36.0,3.0,1.0,30.0,9.0,1.0,37.0,3.0,0.0,33.0,6.0,0.0,1.0,24.0,16.0,22.0,15.0,3.0,0.0,35.0,4.0,1.0,36.0,4.0,0.0,34.0,6.0,0.0,38.0,2.0,0.0,36.0,3.0,1.0,0.0,6.0,18.0,14.0,2.0,Abaixo da média
76,26051176,2017,1,2,2603,26008,26,2601904,260190405,2,1,1.0,1.0,1.0,0.0,0.0,0.0,0.0,0.0,0.0,0.0,0.0,0.0,0.0,1.0,1.0,0.0,0.0,0.0,0.0,1.0,0.0,0.0,0.0,0.0,1.0,0.0,1.0,0.0,0.0,0.0,0.0,0.0,1.0,1.0,1.0,1.0,1.0,0.0,1.0,1.0,1.0,1.0,0.0,1.0,0.0,0.0,0.0,1.0,0.0,1.0,0.0,1.0,0.0,1.0,1.0,1.0,1.0,0.0,0.0,0.0,0.0,1.0,0.0,0.0,17.0,17.0,0.0,0.0,0.0,0.0,0.0,0.0,1.0,0.0,1.0,1.0,0.0,0.0,1.0,0.0,0.0,0.0,0.0,0.0,0.0,4.0,0.0,2.0,15.0,0.0,0.0,23.0,4.0,16.0,1.0,1.0,76.0,1.0,1.0,1.0,0.0,0.0,0.0,1.0,0.0,0.0,0.0,0.0,1.0,0.0,0.0,0.0,1.0,1.0,1.0,0.0,0.0,0.0,1.0,1.0,0.0,1.0,0.0,0.0,0.0,0.0,0.0,0.0,0.0,0.0,1.0,0.0,0.0,0.0,0.0,0.0,0.0,35.0,6.0,46.0,4.0,0.0,4.0,0.0,1.0,31.0,30.0,20.0,11.0,1.0,1.0,3.0,92.0,1.0,94.0,71.0,24.0,77.0,17.0,1.0,61.0,32.0,2.0,2.0,85.0,8.0,2.0,8.0,62.0,22.0,1.0,0.0,18.0,26.0,28.0,18.0,5.0,88.0,7.0,0.0,0.0,0.0,83.0,11.0,1.0,10.0,31.0,29.0,3.0,11.0,3.0,8.0,72.0,23.0,65.0,30.0,48.0,45.0,2.0,10.0,29.0,15.0,3.0,9.0,0.0,29.0,57.0,38.0,38.0,57.0,52.0,27.0,16.0,91.0,4.0,86.0,9.0,82.0,13.0,92.0,3.0,65.0,30.0,23.0,59.0,13.0,66.0,22.0,7.0,30.0,19.0,10.0,28.0,8.0,26.0,36.0,5.0,9.0,19.0,9.0,86.0,29.0,43.0,22.0,1.0,93.0,0.0,2.0,52.0,26.0,17.0,88.0,4.0,3.0,10.0,85.0,88.0,7.0,68.0,20.0,1.0,6.0,75.0,14.0,6.0,51.0,34.0,10.0,73.0,16.0,6.0,78.0,7.0,2.0,8.0,57.0,38.0,55.0,29.0,5.0,6.0,88.0,1.0,6.0,64.0,23.0,8.0,60.0,26.0,9.0,69.0,20.0,6.0,83.0,5.0,1.0,6.0,19.0,57.0,18.0,1.0,Abaixo da média
77,26051702,2017,1,2,2603,26008,26,2601904,260190405,2,1,1.0,1.0,1.0,0.0,0.0,0.0,0.0,0.0,0.0,0.0,0.0,0.0,0.0,1.0,1.0,0.0,0.0,0.0,0.0,1.0,0.0,0.0,0.0,0.0,1.0,0.0,1.0,0.0,0.0,0.0,0.0,0.0,0.0,1.0,1.0,0.0,0.0,0.0,0.0,0.0,1.0,1.0,0.0,1.0,0.0,0.0,0.0,1.0,0.0,0.0,0.0,0.0,0.0,0.0,0.0,0.0,0.0,0.0,0.0,0.0,0.0,0.0,0.0,0.0,8.0,8.0,1.0,0.0,1.0,0.0,0.0,0.0,0.0,1.0,1.0,1.0,0.0,0.0,1.0,1.0,0.0,1.0,0.0,0.0,0.0,0.0,3.0,3.0,7.0,0.0,0.0,21.0,4.0,17.0,1.0,1.0,62.0,1.0,0.0,1.0,0.0,0.0,0.0,1.0,0.0,0.0,1.0,0.0,1.0,0.0,0.0,0.0,1.0,1.0,0.0,0.0,0.0,0.0,1.0,1.0,0.0,0.0,0.0,0.0,0.0,0.0,0.0,0.0,0.0,1.0,0.0,0.0,0.0,0.0,0.0,0.0,0.0,6.0,2.0,6.0,1.0,0.0,2.0,0.0,0.0,4.0,3.0,1.0,1.0,1.0,7.0,0.0,17.0,2.0,15.0,8.0,9.0,9.0,8.0,0.0,11.0,5.0,1.0,0.0,14.0,3.0,0.0,1.0,12.0,4.0,0.0,3.0,1.0,6.0,4.0,3.0,0.0,16.0,1.0,0.0,0.0,0.0,5.0,12.0,0.0,2.0,6.0,3.0,1.0,2.0,1.0,2.0,9.0,8.0,9.0,8.0,3.0,14.0,0.0,4.0,6.0,2.0,1.0,0.0,1.0,3.0,11.0,6.0,8.0,9.0,6.0,4.0,7.0,16.0,1.0,15.0,2.0,13.0,4.0,15.0,2.0,9.0,8.0,3.0,8.0,6.0,8.0,8.0,1.0,8.0,2.0,1.0,5.0,1.0,2.0,2.0,2.0,6.0,5.0,6.0,11.0,7.0,6.0,3.0,1.0,16.0,0.0,1.0,9.0,5.0,3.0,9.0,5.0,3.0,9.0,8.0,12.0,5.0,12.0,2.0,2.0,1.0,9.0,6.0,2.0,7.0,7.0,3.0,15.0,0.0,2.0,15.0,0.0,0.0,2.0,8.0,9.0,8.0,7.0,1.0,1.0,12.0,3.0,2.0,11.0,4.0,2.0,12.0,3.0,2.0,14.0,1.0,2.0,15.0,0.0,1.0,1.0,4.0,8.0,5.0,0.0,Abaixo da média
78,26051737,2017,1,2,2603,26008,26,2601904,260190405,2,1,1.0,1.0,1.0,0.0,0.0,0.0,0.0,0.0,0.0,0.0,0.0,0.0,0.0,1.0,1.0,0.0,0.0,0.0,0.0,1.0,0.0,0.0,0.0,1.0,0.0,0.0,1.0,0.0,0.0,0.0,0.0,0.0,1.0,1.0,1.0,0.0,1.0,1.0,0.0,1.0,1.0,1.0,0.0,1.0,0.0,0.0,0.0,1.0,0.0,1.0,1.0,1.0,1.0,1.0,1.0,1.0,0.0,0.0,1.0,0.0,0.0,1.0,0.0,0.0,9.0,9.0,1.0,0.0,1.0,1.0,0.0,1.0,0.0,1.0,1.0,1.0,0.0,1.0,1.0,3.0,0.0,4.0,1.0,0.0,1.0,0.0,6.0,5.0,5.0,0.0,1.0,17.0,3.0,12.0,1.0,1.0,47.0,1.0,1.0,1.0,0.0,0.0,0.0,1.0,0.0,0.0,0.0,0.0,1.0,0.0,0.0,0.0,1.0,0.0,0.0,0.0,0.0,0.0,1.0,1.0,0.0,0.0,0.0,0.0,0.0,0.0,0.0,0.0,0.0,0.0,0.0,0.0,0.0,0.0,0.0,0.0,0.0,43.0,7.0,62.0,8.0,3.0,6.0,0.0,0.0,35.0,52.0,24.0,11.0,4.0,3.0,5.0,124.0,2.0,127.0,83.0,46.0,94.0,32.0,3.0,73.0,54.0,2.0,1.0,108.0,20.0,2.0,13.0,76.0,34.0,4.0,2.0,15.0,35.0,40.0,20.0,17.0,121.0,6.0,1.0,0.0,1.0,102.0,22.0,5.0,9.0,37.0,29.0,15.0,23.0,1.0,15.0,107.0,22.0,87.0,42.0,57.0,68.0,4.0,15.0,38.0,19.0,9.0,14.0,4.0,30.0,89.0,40.0,55.0,74.0,45.0,59.0,25.0,125.0,4.0,120.0,9.0,109.0,20.0,125.0,4.0,80.0,49.0,49.0,59.0,21.0,96.0,28.0,5.0,21.0,32.0,21.0,46.0,9.0,26.0,36.0,16.0,19.0,32.0,23.0,106.0,62.0,52.0,14.0,1.0,117.0,1.0,11.0,61.0,47.0,21.0,107.0,19.0,3.0,26.0,103.0,103.0,26.0,66.0,50.0,11.0,2.0,93.0,33.0,3.0,66.0,61.0,2.0,111.0,16.0,2.0,99.0,20.0,9.0,1.0,66.0,63.0,71.0,48.0,8.0,2.0,114.0,13.0,2.0,86.0,40.0,3.0,86.0,40.0,3.0,106.0,21.0,2.0,119.0,4.0,4.0,2.0,21.0,74.0,33.0,1.0,Abaixo da média
79,26051761,2017,1,2,2603,26008,26,2601904,260190405,2,1,1.0,1.0,1.0,0.0,0.0,0.0,0.0,0.0,0.0,0.0,0.0,0.0,0.0,1.0,1.0,0.0,0.0,0.0,0.0,1.0,0.0,0.0,0.0,1.0,1.0,0.0,1.0,0.0,0.0,0.0,0.0,0.0,1.0,1.0,1.0,0.0,1.0,0.0,1.0,1.0,1.0,1.0,0.0,1.0,0.0,0.0,0.0,1.0,0.0,1.0,1.0,1.0,0.0,1.0,1.0,1.0,1.0,1.0,1.0,0.0,0.0,1.0,0.0,0.0,12.0,11.0,1.0,1.0,1.0,1.0,0.0,1.0,1.0,1.0,1.0,1.0,0.0,1.0,1.0,5.0,2.0,3.0,1.0,0.0,3.0,1.0,3.0,4.0,15.0,0.0,4.0,26.0,5.0,21.0,1.0,1.0,46.0,1.0,1.0,1.0,0.0,0.0,0.0,1.0,0.0,0.0,0.0,0.0,1.0,0.0,0.0,0.0,1.0,0.0,0.0,0.0,0.0,0.0,1.0,1.0,0.0,0.0,0.0,0.0,0.0,0.0,0.0,0.0,0.0,0.0,0.0,0.0,0.0,0.0,0.0,0.0,0.0,21.0,3.0,27.0,3.0,2.0,5.0,0.0,0.0,30.0,18.0,4.0,6.0,1.0,2.0,0.0,61.0,1.0,60.0,48.0,13.0,48.0,13.0,0.0,29.0,31.0,1.0,0.0,52.0,9.0,1.0,2.0,45.0,11.0,2.0,0.0,7.0,14.0,25.0,9.0,6.0,60.0,0.0,0.0,1.0,0.0,54.0,4.0,3.0,5.0,21.0,11.0,6.0,9.0,1.0,8.0,50.0,11.0,38.0,23.0,31.0,27.0,3.0,7.0,16.0,7.0,5.0,6.0,2.0,18.0,41.0,20.0,20.0,41.0,32.0,24.0,5.0,59.0,2.0,56.0,5.0,51.0,10.0,59.0,2.0,39.0,22.0,16.0,39.0,6.0,53.0,7.0,1.0,11.0,17.0,13.0,19.0,1.0,19.0,18.0,6.0,6.0,12.0,4.0,57.0,20.0,33.0,8.0,0.0,57.0,0.0,4.0,36.0,17.0,8.0,58.0,2.0,1.0,14.0,47.0,55.0,6.0,54.0,7.0,0.0,0.0,54.0,7.0,0.0,38.0,23.0,0.0,55.0,6.0,0.0,60.0,1.0,0.0,0.0,32.0,29.0,39.0,17.0,0.0,5.0,53.0,3.0,5.0,38.0,19.0,4.0,36.0,21.0,4.0,47.0,10.0,4.0,52.0,3.0,0.0,6.0,6.0,33.0,22.0,0.0,Abaixo da média
81,26177013,2017,1,2,2603,26008,26,2601904,260190405,2,1,1.0,1.0,3.0,0.0,0.0,0.0,0.0,0.0,0.0,0.0,0.0,0.0,0.0,1.0,1.0,0.0,0.0,0.0,0.0,1.0,0.0,0.0,0.0,0.0,1.0,0.0,1.0,0.0,0.0,1.0,0.0,0.0,1.0,1.0,1.0,1.0,1.0,0.0,0.0,0.0,0.0,1.0,1.0,1.0,0.0,0.0,0.0,1.0,0.0,1.0,0.0,1.0,0.0,0.0,0.0,1.0,1.0,0.0,1.0,0.0,0.0,1.0,0.0,0.0,16.0,10.0,1.0,0.0,0.0,1.0,1.0,0.0,0.0,1.0,1.0,1.0,0.0,1.0,1.0,1.0,0.0,0.0,1.0,2.0,0.0,0.0,5.0,5.0,6.0,0.0,1.0,33.0,3.0,16.0,1.0,1.0,27.0,1.0,0.0,0.0,0.0,0.0,0.0,1.0,0.0,0.0,0.0,0.0,1.0,0.0,0.0,0.0,1.0,0.0,0.0,0.0,0.0,0.0,0.0,1.0,0.0,0.0,0.0,0.0,0.0,0.0,0.0,0.0,0.0,0.0,0.0,0.0,0.0,0.0,0.0,0.0,0.0,43.0,13.0,78.0,7.0,3.0,4.0,0.0,12.0,93.0,34.0,6.0,2.0,1.0,0.0,1.0,147.0,2.0,146.0,100.0,48.0,93.0,50.0,5.0,47.0,95.0,6.0,0.0,110.0,38.0,0.0,5.0,79.0,56.0,8.0,0.0,14.0,40.0,53.0,32.0,9.0,144.0,4.0,0.0,0.0,0.0,137.0,7.0,4.0,9.0,20.0,28.0,30.0,41.0,14.0,6.0,134.0,14.0,97.0,51.0,92.0,48.0,8.0,9.0,30.0,33.0,15.0,38.0,7.0,16.0,126.0,22.0,73.0,75.0,74.0,65.0,9.0,147.0,1.0,140.0,8.0,116.0,32.0,147.0,1.0,104.0,44.0,60.0,63.0,25.0,118.0,26.0,4.0,12.0,39.0,48.0,49.0,0.0,59.0,37.0,2.0,7.0,43.0,6.0,142.0,75.0,68.0,5.0,0.0,129.0,2.0,17.0,120.0,22.0,6.0,145.0,2.0,1.0,10.0,138.0,96.0,52.0,81.0,45.0,15.0,7.0,122.0,19.0,7.0,82.0,55.0,11.0,128.0,10.0,10.0,111.0,27.0,2.0,8.0,102.0,46.0,88.0,52.0,7.0,1.0,140.0,7.0,1.0,137.0,10.0,1.0,108.0,39.0,1.0,135.0,11.0,2.0,147.0,0.0,0.0,1.0,22.0,86.0,40.0,0.0,Acima da média
83,26001942,2017,1,2,2601,26001,26,2602001,260200105,2,1,1.0,1.0,1.0,0.0,0.0,0.0,0.0,0.0,0.0,0.0,1.0,0.0,0.0,1.0,1.0,0.0,0.0,0.0,0.0,1.0,0.0,0.0,0.0,1.0,0.0,0.0,1.0,0.0,0.0,0.0,0.0,0.0,0.0,0.0,0.0,0.0,0.0,0.0,0.0,0.0,0.0,0.0,0.0,0.0,0.0,0.0,0.0,0.0,0.0,0.0,0.0,0.0,0.0,0.0,0.0,0.0,0.0,0.0,0.0,0.0,0.0,0.0,0.0,1.0,7.0,10.0,1.0,0.0,1.0,1.0,1.0,1.0,1.0,0.0,1.0,1.0,1.0,1.0,1.0,4.0,0.0,4.0,1.0,3.0,1.0,5.0,0.0,2.0,10.0,1.0,2.0,21.0,5.0,16.0,1.0,1.0,22.0,1.0,0.0,0.0,0.0,0.0,0.0,1.0,0.0,0.0,0.0,0.0,1.0,0.0,0.0,0.0,1.0,0.0,0.0,0.0,0.0,0.0,0.0,1.0,0.0,0.0,0.0,0.0,0.0,0.0,0.0,0.0,0.0,0.0,0.0,0.0,0.0,0.0,0.0,0.0,0.0,4.0,5.0,40.0,0.0,0.0,0.0,0.0,10.0,25.0,12.0,2.0,0.0,0.0,0.0,0.0,49.0,0.0,49.0,23.0,26.0,30.0,17.0,2.0,13.0,29.0,7.0,0.0,28.0,21.0,0.0,0.0,26.0,19.0,4.0,0.0,2.0,14.0,21.0,8.0,4.0,45.0,4.0,0.0,0.0,0.0,46.0,1.0,2.0,1.0,4.0,4.0,2.0,19.0,17.0,2.0,47.0,2.0,42.0,7.0,37.0,11.0,1.0,1.0,5.0,7.0,9.0,10.0,7.0,10.0,44.0,5.0,34.0,15.0,33.0,13.0,3.0,49.0,0.0,47.0,2.0,46.0,3.0,49.0,0.0,39.0,10.0,22.0,20.0,7.0,32.0,16.0,1.0,1.0,16.0,10.0,21.0,1.0,17.0,17.0,1.0,6.0,8.0,2.0,47.0,28.0,14.0,7.0,0.0,44.0,2.0,3.0,36.0,11.0,2.0,49.0,0.0,0.0,7.0,42.0,39.0,10.0,33.0,15.0,0.0,1.0,42.0,7.0,0.0,35.0,14.0,0.0,47.0,2.0,0.0,44.0,5.0,0.0,0.0,38.0,11.0,31.0,17.0,1.0,0.0,44.0,5.0,0.0,47.0,2.0,0.0,37.0,12.0,0.0,44.0,5.0,0.0,44.0,5.0,0.0,0.0,9.0,30.0,10.0,0.0,Acima da média
84,26185725,2017,1,2,2601,26001,26,2602001,260200110,2,2,1.0,1.0,1.0,0.0,0.0,0.0,0.0,0.0,0.0,0.0,0.0,0.0,0.0,1.0,1.0,0.0,0.0,0.0,0.0,1.0,0.0,0.0,0.0,0.0,1.0,0.0,1.0,0.0,0.0,0.0,0.0,0.0,1.0,1.0,1.0,0.0,0.0,1.0,0.0,1.0,1.0,1.0,0.0,1.0,0.0,0.0,0.0,1.0,0.0,1.0,1.0,1.0,0.0,0.0,1.0,1.0,0.0,1.0,0.0,0.0,0.0,1.0,0.0,0.0,7.0,1.0,0.0,0.0,0.0,0.0,0.0,0.0,1.0,1.0,1.0,1.0,0.0,0.0,1.0,0.0,0.0,0.0,0.0,0.0,0.0,1.0,1.0,1.0,1.0,0.0,0.0,13.0,4.0,9.0,1.0,1.0,23.0,1.0,0.0,0.0,0.0,0.0,0.0,1.0,0.0,0.0,0.0,0.0,1.0,0.0,0.0,0.0,1.0,1.0,0.0,0.0,0.0,0.0,0.0,1.0,0.0,0.0,0.0,0.0,0.0,0.0,0.0,0.0,0.0,0.0,1.0,0.0,0.0,0.0,0.0,0.0,0.0,2.0,1.0,32.0,1.0,1.0,2.0,0.0,3.0,14.0,17.0,4.0,1.0,0.0,0.0,2.0,37.0,1.0,38.0,30.0,9.0,30.0,9.0,0.0,30.0,9.0,0.0,5.0,31.0,3.0,2.0,2.0,16.0,18.0,1.0,1.0,3.0,4.0,12.0,11.0,8.0,36.0,3.0,0.0,0.0,0.0,34.0,3.0,2.0,1.0,16.0,8.0,2.0,8.0,2.0,2.0,33.0,6.0,28.0,11.0,24.0,11.0,4.0,9.0,9.0,8.0,2.0,1.0,1.0,9.0,26.0,13.0,17.0,22.0,22.0,13.0,4.0,37.0,2.0,34.0,5.0,34.0,5.0,39.0,0.0,28.0,11.0,11.0,23.0,5.0,21.0,15.0,3.0,15.0,8.0,3.0,7.0,6.0,14.0,12.0,4.0,5.0,4.0,3.0,36.0,15.0,8.0,16.0,0.0,39.0,0.0,0.0,16.0,20.0,3.0,36.0,3.0,0.0,11.0,28.0,29.0,10.0,21.0,17.0,1.0,0.0,33.0,3.0,3.0,18.0,18.0,3.0,29.0,8.0,2.0,32.0,5.0,1.0,1.0,20.0,19.0,18.0,19.0,2.0,0.0,38.0,0.0,1.0,27.0,11.0,1.0,28.0,10.0,1.0,24.0,14.0,1.0,27.0,8.0,3.0,1.0,3.0,18.0,8.0,10.0,Abaixo da média
86,26072254,2017,1,2,2603,26011,26,2602100,260210005,2,1,1.0,1.0,2.0,0.0,0.0,0.0,0.0,0.0,0.0,0.0,0.0,0.0,0.0,1.0,1.0,0.0,0.0,0.0,0.0,1.0,0.0,0.0,0.0,1.0,0.0,0.0,1.0,0.0,0.0,0.0,0.0,0.0,1.0,1.0,1.0,1.0,0.0,0.0,1.0,1.0,1.0,1.0,0.0,1.0,0.0,0.0,1.0,1.0,0.0,0.0,0.0,0.0,0.0,0.0,0.0,0.0,0.0,0.0,0.0,0.0,0.0,0.0,0.0,0.0,17.0,17.0,0.0,0.0,0.0,0.0,0.0,0.0,0.0,0.0,0.0,0.0,0.0,0.0,1.0,0.0,0.0,0.0,0.0,0.0,0.0,0.0,0.0,0.0,0.0,0.0,0.0,14.0,4.0,10.0,1.0,1.0,39.0,1.0,0.0,0.0,0.0,0.0,0.0,1.0,0.0,0.0,0.0,0.0,1.0,0.0,0.0,0.0,1.0,0.0,0.0,0.0,0.0,0.0,0.0,1.0,0.0,0.0,0.0,0.0,0.0,0.0,0.0,0.0,0.0,0.0,0.0,0.0,0.0,0.0,0.0,0.0,0.0,21.0,13.0,69.0,11.0,4.0,8.0,0.0,5.0,56.0,47.0,15.0,3.0,0.0,0.0,3.0,123.0,0.0,126.0,82.0,44.0,91.0,31.0,4.0,74.0,45.0,7.0,0.0,100.0,26.0,0.0,7.0,59.0,55.0,5.0,0.0,9.0,33.0,37.0,30.0,17.0,118.0,7.0,1.0,0.0,0.0,108.0,14.0,4.0,13.0,33.0,15.0,6.0,34.0,15.0,10.0,100.0,26.0,94.0,32.0,83.0,38.0,5.0,15.0,34.0,22.0,9.0,22.0,4.0,20.0,89.0,37.0,57.0,69.0,74.0,49.0,3.0,126.0,0.0,117.0,9.0,105.0,21.0,123.0,3.0,93.0,33.0,47.0,70.0,9.0,85.0,36.0,5.0,34.0,37.0,16.0,32.0,7.0,51.0,29.0,10.0,11.0,25.0,12.0,114.0,37.0,58.0,29.0,2.0,110.0,2.0,14.0,97.0,26.0,3.0,120.0,6.0,0.0,23.0,103.0,105.0,21.0,82.0,38.0,6.0,0.0,108.0,16.0,2.0,78.0,46.0,2.0,104.0,19.0,3.0,121.0,5.0,0.0,0.0,73.0,53.0,80.0,39.0,7.0,0.0,117.0,8.0,1.0,101.0,24.0,1.0,83.0,42.0,1.0,96.0,29.0,1.0,118.0,7.0,0.0,1.0,16.0,72.0,37.0,1.0,Acima da média
87,26067137,2017,1,2,2603,26010,26,2602209,260220905,2,1,1.0,1.0,1.0,0.0,0.0,0.0,0.0,0.0,0.0,0.0,0.0,0.0,0.0,1.0,1.0,0.0,1.0,0.0,0.0,1.0,0.0,0.0,0.0,1.0,0.0,0.0,1.0,0.0,0.0,0.0,0.0,0.0,1.0,1.0,1.0,0.0,0.0,0.0,1.0,1.0,1.0,1.0,1.0,1.0,0.0,0.0,0.0,1.0,0.0,1.0,1.0,1.0,1.0,0.0,1.0,1.0,0.0,0.0,1.0,0.0,0.0,0.0,0.0,0.0,18.0,9.0,1.0,0.0,1.0,0.0,0.0,0.0,0.0,1.0,0.0,1.0,0.0,0.0,1.0,2.0,0.0,2.0,0.0,0.0,0.0,0.0,4.0,0.0,5.0,0.0,0.0,14.0,2.0,12.0,1.0,0.0,25.0,1.0,0.0,0.0,0.0,0.0,0.0,1.0,0.0,0.0,0.0,0.0,1.0,0.0,0.0,0.0,1.0,1.0,0.0,0.0,0.0,0.0,0.0,1.0,0.0,0.0,0.0,0.0,0.0,0.0,0.0,0.0,0.0,0.0,1.0,0.0,0.0,0.0,0.0,0.0,0.0,22.0,7.0,28.0,5.0,2.0,1.0,0.0,4.0,29.0,23.0,7.0,2.0,0.0,0.0,1.0,64.0,2.0,63.0,32.0,33.0,42.0,21.0,2.0,31.0,30.0,4.0,2.0,34.0,29.0,0.0,3.0,28.0,29.0,5.0,0.0,7.0,17.0,25.0,11.0,5.0,61.0,3.0,0.0,0.0,1.0,56.0,5.0,4.0,4.0,7.0,7.0,7.0,22.0,13.0,5.0,60.0,5.0,55.0,10.0,43.0,20.0,2.0,4.0,10.0,14.0,6.0,17.0,2.0,12.0,54.0,11.0,39.0,26.0,47.0,17.0,1.0,64.0,1.0,63.0,2.0,59.0,6.0,65.0,0.0,55.0,10.0,17.0,42.0,6.0,47.0,18.0,0.0,12.0,21.0,15.0,16.0,1.0,19.0,21.0,4.0,4.0,17.0,1.0,64.0,21.0,34.0,9.0,1.0,50.0,7.0,8.0,42.0,15.0,8.0,60.0,5.0,0.0,9.0,56.0,59.0,6.0,45.0,20.0,0.0,0.0,60.0,4.0,1.0,45.0,20.0,0.0,63.0,1.0,1.0,64.0,1.0,0.0,0.0,44.0,21.0,29.0,35.0,1.0,0.0,61.0,4.0,0.0,57.0,7.0,1.0,49.0,16.0,0.0,59.0,5.0,1.0,62.0,3.0,0.0,0.0,19.0,40.0,6.0,0.0,Acima da média
88,26067382,2017,1,2,2603,26010,26,2602209,260220920,2,2,1.0,1.0,1.0,0.0,0.0,0.0,0.0,0.0,0.0,0.0,0.0,0.0,0.0,1.0,1.0,0.0,0.0,0.0,0.0,1.0,0.0,0.0,0.0,1.0,0.0,0.0,1.0,0.0,0.0,0.0,0.0,0.0,1.0,1.0,1.0,0.0,0.0,0.0,1.0,1.0,1.0,1.0,0.0,1.0,0.0,0.0,0.0,1.0,0.0,1.0,0.0,1.0,1.0,0.0,0.0,1.0,0.0,1.0,1.0,0.0,0.0,1.0,0.0,0.0,8.0,8.0,1.0,0.0,1.0,0.0,1.0,0.0,1.0,1.0,1.0,1.0,0.0,1.0,1.0,3.0,0.0,4.0,0.0,2.0,0.0,4.0,5.0,4.0,9.0,0.0,3.0,54.0,4.0,50.0,1.0,1.0,47.0,1.0,0.0,1.0,0.0,0.0,0.0,1.0,0.0,0.0,0.0,0.0,1.0,0.0,0.0,0.0,1.0,0.0,0.0,0.0,0.0,0.0,0.0,1.0,0.0,0.0,0.0,0.0,0.0,0.0,0.0,0.0,0.0,0.0,0.0,0.0,0.0,0.0,0.0,0.0,0.0,16.0,7.0,39.0,0.0,0.0,3.0,0.0,4.0,29.0,24.0,7.0,1.0,0.0,0.0,1.0,64.0,0.0,65.0,40.0,25.0,37.0,26.0,2.0,40.0,24.0,1.0,0.0,57.0,8.0,0.0,3.0,28.0,29.0,5.0,0.0,7.0,14.0,25.0,8.0,11.0,61.0,3.0,1.0,0.0,0.0,60.0,4.0,1.0,5.0,24.0,12.0,7.0,11.0,4.0,2.0,53.0,12.0,50.0,15.0,46.0,18.0,1.0,5.0,30.0,11.0,6.0,5.0,2.0,6.0,46.0,19.0,38.0,27.0,51.0,13.0,1.0,65.0,0.0,58.0,7.0,58.0,7.0,63.0,2.0,52.0,13.0,26.0,33.0,6.0,43.0,21.0,1.0,11.0,22.0,10.0,18.0,4.0,23.0,13.0,11.0,8.0,10.0,4.0,61.0,23.0,34.0,8.0,0.0,62.0,0.0,3.0,33.0,27.0,5.0,62.0,3.0,0.0,16.0,49.0,56.0,9.0,46.0,18.0,1.0,0.0,59.0,4.0,2.0,44.0,19.0,2.0,58.0,6.0,1.0,60.0,5.0,0.0,0.0,46.0,19.0,39.0,25.0,1.0,0.0,63.0,2.0,0.0,60.0,4.0,1.0,45.0,19.0,1.0,53.0,11.0,1.0,62.0,3.0,0.0,0.0,25.0,39.0,1.0,0.0,Acima da média
89,26067552,2017,1,2,2603,26010,26,2602209,260220905,2,1,1.0,1.0,1.0,0.0,0.0,0.0,0.0,0.0,0.0,0.0,0.0,0.0,0.0,1.0,1.0,0.0,0.0,0.0,0.0,1.0,0.0,0.0,0.0,0.0,1.0,0.0,1.0,0.0,0.0,0.0,0.0,0.0,1.0,1.0,0.0,0.0,1.0,1.0,0.0,1.0,1.0,1.0,0.0,1.0,0.0,0.0,0.0,1.0,0.0,0.0,0.0,1.0,0.0,0.0,0.0,1.0,0.0,0.0,1.0,0.0,0.0,0.0,0.0,0.0,9.0,9.0,1.0,0.0,1.0,0.0,1.0,1.0,0.0,1.0,1.0,1.0,0.0,1.0,1.0,2.0,0.0,3.0,0.0,1.0,1.0,0.0,3.0,3.0,6.0,0.0,2.0,4.0,2.0,0.0,1.0,0.0,40.0,1.0,1.0,1.0,0.0,0.0,0.0,1.0,0.0,0.0,0.0,0.0,1.0,0.0,0.0,0.0,1.0,0.0,0.0,0.0,0.0,0.0,0.0,1.0,0.0,0.0,0.0,0.0,0.0,0.0,0.0,0.0,0.0,0.0,0.0,0.0,0.0,0.0,0.0,0.0,0.0,13.0,5.0,30.0,0.0,2.0,2.0,0.0,3.0,12.0,20.0,14.0,2.0,0.0,1.0,1.0,51.0,4.0,48.0,34.0,18.0,37.0,12.0,3.0,35.0,15.0,2.0,0.0,39.0,13.0,1.0,2.0,26.0,20.0,3.0,0.0,8.0,10.0,18.0,9.0,7.0,47.0,3.0,1.0,1.0,0.0,47.0,5.0,0.0,5.0,23.0,11.0,5.0,4.0,2.0,2.0,45.0,7.0,38.0,14.0,38.0,12.0,2.0,8.0,22.0,10.0,3.0,1.0,2.0,6.0,34.0,18.0,24.0,28.0,30.0,20.0,2.0,51.0,1.0,50.0,2.0,49.0,3.0,50.0,2.0,36.0,16.0,19.0,28.0,5.0,39.0,11.0,2.0,10.0,19.0,4.0,16.0,3.0,21.0,13.0,3.0,11.0,4.0,6.0,46.0,8.0,30.0,14.0,0.0,48.0,0.0,4.0,16.0,29.0,7.0,42.0,9.0,1.0,17.0,35.0,45.0,7.0,42.0,10.0,0.0,0.0,48.0,4.0,0.0,33.0,19.0,0.0,44.0,8.0,0.0,51.0,1.0,0.0,0.0,27.0,25.0,25.0,25.0,2.0,0.0,47.0,4.0,1.0,41.0,10.0,1.0,36.0,15.0,1.0,37.0,14.0,1.0,48.0,3.0,1.0,0.0,13.0,32.0,7.0,0.0,Abaixo da média
90,26083159,2017,1,2,2603,26012,26,2602308,260230805,2,1,1.0,1.0,1.0,0.0,0.0,0.0,0.0,0.0,0.0,0.0,0.0,0.0,0.0,1.0,1.0,0.0,0.0,0.0,0.0,1.0,0.0,0.0,0.0,1.0,0.0,0.0,1.0,0.0,0.0,0.0,0.0,0.0,1.0,1.0,1.0,1.0,0.0,1.0,0.0,1.0,1.0,1.0,0.0,1.0,0.0,0.0,0.0,1.0,0.0,1.0,0.0,1.0,1.0,0.0,0.0,0.0,0.0,0.0,0.0,0.0,0.0,0.0,0.0,0.0,12.0,12.0,1.0,0.0,1.0,0.0,0.0,0.0,1.0,0.0,0.0,1.0,0.0,1.0,1.0,4.0,0.0,2.0,0.0,0.0,0.0,2.0,0.0,0.0,7.0,0.0,1.0,30.0,3.0,27.0,1.0,1.0,49.0,1.0,0.0,0.0,0.0,0.0,0.0,1.0,0.0,0.0,0.0,0.0,1.0,0.0,0.0,0.0,1.0,1.0,0.0,0.0,0.0,0.0,0.0,1.0,0.0,0.0,0.0,0.0,0.0,0.0,0.0,0.0,0.0,0.0,1.0,0.0,0.0,0.0,0.0,0.0,0.0,32.0,1.0,53.0,5.0,0.0,5.0,0.0,11.0,45.0,31.0,7.0,2.0,0.0,0.0,3.0,93.0,1.0,95.0,60.0,36.0,65.0,29.0,2.0,56.0,36.0,4.0,0.0,74.0,22.0,0.0,4.0,46.0,40.0,6.0,0.0,13.0,14.0,32.0,22.0,15.0,86.0,10.0,0.0,0.0,0.0,82.0,6.0,8.0,2.0,15.0,16.0,17.0,25.0,13.0,8.0,91.0,5.0,78.0,18.0,58.0,33.0,5.0,5.0,19.0,16.0,13.0,18.0,4.0,21.0,82.0,14.0,53.0,43.0,69.0,26.0,1.0,96.0,0.0,92.0,4.0,86.0,10.0,96.0,0.0,79.0,17.0,35.0,50.0,11.0,68.0,27.0,1.0,23.0,34.0,18.0,18.0,3.0,28.0,29.0,5.0,3.0,31.0,4.0,92.0,27.0,62.0,6.0,1.0,87.0,1.0,8.0,77.0,17.0,2.0,94.0,1.0,1.0,9.0,87.0,86.0,10.0,73.0,23.0,0.0,0.0,79.0,15.0,2.0,60.0,35.0,1.0,93.0,3.0,0.0,96.0,0.0,0.0,0.0,66.0,30.0,91.0,5.0,0.0,0.0,95.0,1.0,0.0,64.0,31.0,1.0,90.0,6.0,0.0,78.0,18.0,0.0,96.0,0.0,0.0,0.0,29.0,59.0,8.0,0.0,Acima da média
91,26083493,2017,1,2,2603,26012,26,2602308,260230805,2,1,1.0,1.0,1.0,0.0,0.0,0.0,0.0,0.0,0.0,0.0,0.0,0.0,0.0,1.0,1.0,0.0,0.0,0.0,0.0,1.0,0.0,0.0,0.0,1.0,0.0,0.0,1.0,0.0,0.0,0.0,0.0,0.0,1.0,1.0,1.0,1.0,0.0,0.0,0.0,0.0,1.0,1.0,0.0,1.0,0.0,0.0,0.0,1.0,0.0,0.0,1.0,1.0,1.0,0.0,0.0,0.0,0.0,1.0,0.0,0.0,0.0,0.0,0.0,0.0,8.0,8.0,1.0,0.0,0.0,0.0,0.0,0.0,1.0,1.0,1.0,1.0,0.0,1.0,1.0,1.0,0.0,0.0,0.0,0.0,0.0,1.0,1.0,1.0,6.0,0.0,2.0,20.0,1.0,19.0,1.0,0.0,53.0,1.0,0.0,0.0,0.0,0.0,0.0,1.0,0.0,0.0,0.0,0.0,1.0,0.0,0.0,0.0,1.0,1.0,0.0,0.0,0.0,0.0,0.0,1.0,0.0,0.0,0.0,0.0,0.0,0.0,0.0,0.0,0.0,1.0,0.0,0.0,0.0,0.0,0.0,0.0,0.0,50.0,17.0,99.0,9.0,2.0,9.0,1.0,4.0,48.0,55.0,34.0,25.0,6.0,13.0,11.0,175.0,11.0,175.0,126.0,60.0,145.0,37.0,4.0,158.0,25.0,3.0,4.0,164.0,18.0,3.0,14.0,112.0,48.0,9.0,3.0,32.0,30.0,40.0,49.0,32.0,157.0,24.0,4.0,1.0,0.0,147.0,30.0,9.0,19.0,65.0,37.0,17.0,14.0,6.0,28.0,144.0,42.0,131.0,55.0,91.0,89.0,6.0,35.0,59.0,29.0,9.0,9.0,1.0,44.0,113.0,73.0,92.0,94.0,106.0,66.0,14.0,182.0,4.0,180.0,6.0,171.0,15.0,182.0,4.0,146.0,40.0,62.0,107.0,17.0,130.0,44.0,12.0,48.0,58.0,24.0,31.0,25.0,48.0,45.0,22.0,33.0,38.0,27.0,159.0,34.0,117.0,32.0,3.0,176.0,3.0,7.0,90.0,72.0,24.0,157.0,24.0,5.0,75.0,111.0,166.0,20.0,134.0,45.0,4.0,3.0,152.0,28.0,6.0,117.0,61.0,8.0,139.0,42.0,5.0,170.0,10.0,3.0,3.0,114.0,72.0,118.0,56.0,9.0,3.0,173.0,11.0,2.0,120.0,66.0,0.0,136.0,47.0,3.0,121.0,65.0,0.0,173.0,8.0,3.0,2.0,46.0,93.0,43.0,4.0,Abaixo da média
92,26083566,2017,1,2,2603,26012,26,2602308,260230810,3,2,1.0,1.0,1.0,0.0,0.0,0.0,0.0,0.0,0.0,0.0,0.0,1.0,0.0,1.0,1.0,0.0,0.0,0.0,0.0,1.0,0.0,0.0,0.0,0.0,1.0,0.0,1.0,0.0,0.0,0.0,0.0,0.0,1.0,1.0,1.0,0.0,0.0,0.0,0.0,0.0,1.0,1.0,0.0,1.0,0.0,0.0,0.0,1.0,0.0,1.0,1.0,1.0,1.0,0.0,1.0,1.0,0.0,1.0,0.0,0.0,0.0,0.0,0.0,0.0,11.0,11.0,1.0,1.0,1.0,1.0,0.0,0.0,1.0,1.0,1.0,1.0,0.0,1.0,1.0,3.0,1.0,4.0,1.0,0.0,0.0,2.0,1.0,3.0,3.0,0.0,2.0,10.0,1.0,8.0,1.0,1.0,38.0,1.0,0.0,0.0,0.0,0.0,0.0,1.0,0.0,0.0,0.0,0.0,1.0,0.0,0.0,0.0,1.0,1.0,0.0,0.0,1.0,1.0,1.0,1.0,0.0,0.0,0.0,0.0,0.0,0.0,0.0,0.0,0.0,1.0,0.0,0.0,0.0,0.0,0.0,0.0,0.0,4.0,4.0,22.0,1.0,1.0,2.0,0.0,1.0,9.0,7.0,7.0,3.0,2.0,5.0,1.0,33.0,2.0,32.0,24.0,10.0,23.0,10.0,1.0,26.0,8.0,0.0,0.0,31.0,3.0,0.0,3.0,19.0,11.0,1.0,0.0,4.0,10.0,12.0,4.0,4.0,32.0,2.0,0.0,0.0,0.0,25.0,9.0,0.0,4.0,15.0,5.0,5.0,3.0,0.0,2.0,28.0,6.0,28.0,6.0,21.0,13.0,0.0,7.0,15.0,2.0,3.0,1.0,0.0,6.0,24.0,10.0,20.0,14.0,24.0,7.0,3.0,33.0,1.0,32.0,2.0,32.0,2.0,34.0,0.0,27.0,7.0,11.0,16.0,7.0,21.0,10.0,3.0,8.0,11.0,6.0,3.0,6.0,8.0,2.0,1.0,11.0,12.0,8.0,26.0,2.0,20.0,11.0,1.0,34.0,0.0,0.0,21.0,10.0,3.0,26.0,5.0,3.0,18.0,16.0,27.0,7.0,22.0,10.0,1.0,1.0,27.0,7.0,0.0,21.0,13.0,0.0,31.0,3.0,0.0,32.0,2.0,0.0,0.0,26.0,8.0,21.0,12.0,1.0,0.0,33.0,1.0,0.0,21.0,13.0,0.0,22.0,12.0,0.0,25.0,9.0,0.0,32.0,2.0,0.0,0.0,6.0,16.0,12.0,0.0,Abaixo da média
94,26073102,2017,1,2,2603,26011,26,2602407,260240705,2,1,1.0,1.0,1.0,0.0,0.0,0.0,0.0,0.0,0.0,0.0,0.0,0.0,0.0,1.0,1.0,1.0,0.0,0.0,0.0,1.0,0.0,0.0,0.0,0.0,1.0,0.0,1.0,0.0,0.0,0.0,0.0,0.0,1.0,1.0,1.0,0.0,0.0,0.0,1.0,1.0,1.0,1.0,0.0,1.0,0.0,0.0,0.0,1.0,0.0,0.0,0.0,1.0,0.0,0.0,0.0,0.0,0.0,0.0,1.0,0.0,0.0,0.0,0.0,0.0,11.0,11.0,1.0,0.0,1.0,0.0,1.0,0.0,1.0,1.0,1.0,1.0,0.0,1.0,1.0,4.0,0.0,1.0,0.0,2.0,0.0,1.0,3.0,5.0,10.0,0.0,3.0,16.0,5.0,11.0,1.0,1.0,34.0,1.0,0.0,0.0,0.0,0.0,0.0,1.0,0.0,0.0,0.0,0.0,1.0,0.0,0.0,0.0,1.0,1.0,0.0,0.0,0.0,0.0,0.0,1.0,0.0,0.0,0.0,0.0,0.0,0.0,0.0,0.0,0.0,0.0,1.0,0.0,0.0,0.0,0.0,0.0,0.0,16.0,1.0,47.0,6.0,2.0,2.0,0.0,4.0,34.0,26.0,8.0,1.0,1.0,0.0,2.0,72.0,3.0,71.0,59.0,15.0,59.0,14.0,1.0,66.0,7.0,1.0,2.0,70.0,2.0,1.0,3.0,34.0,35.0,1.0,0.0,4.0,17.0,22.0,19.0,12.0,64.0,9.0,1.0,0.0,0.0,69.0,3.0,2.0,2.0,36.0,13.0,7.0,10.0,2.0,4.0,52.0,22.0,51.0,23.0,58.0,15.0,1.0,4.0,31.0,18.0,5.0,5.0,0.0,11.0,51.0,23.0,40.0,34.0,55.0,15.0,4.0,71.0,3.0,68.0,6.0,59.0,15.0,72.0,2.0,56.0,18.0,34.0,34.0,6.0,45.0,25.0,4.0,24.0,20.0,12.0,14.0,4.0,27.0,20.0,9.0,4.0,14.0,2.0,72.0,22.0,33.0,17.0,2.0,73.0,0.0,1.0,52.0,15.0,7.0,74.0,0.0,0.0,13.0,61.0,59.0,15.0,55.0,15.0,4.0,0.0,67.0,7.0,0.0,43.0,30.0,1.0,62.0,11.0,1.0,64.0,7.0,1.0,2.0,40.0,34.0,43.0,24.0,7.0,0.0,69.0,5.0,0.0,55.0,19.0,0.0,39.0,35.0,0.0,54.0,20.0,0.0,62.0,12.0,0.0,0.0,13.0,33.0,23.0,5.0,Acima da média
95,26015315,2017,1,2,2601,26003,26,2602506,260250605,2,1,1.0,1.0,1.0,0.0,0.0,0.0,0.0,0.0,0.0,0.0,0.0,0.0,0.0,1.0,1.0,0.0,0.0,0.0,0.0,1.0,0.0,0.0,0.0,1.0,0.0,0.0,1.0,0.0,0.0,0.0,0.0,0.0,1.0,0.0,1.0,0.0,0.0,0.0,0.0,0.0,1.0,0.0,0.0,0.0,0.0,0.0,0.0,1.0,0.0,0.0,0.0,0.0,0.0,0.0,0.0,0.0,0.0,0.0,0.0,0.0,0.0,0.0,0.0,0.0,6.0,6.0,1.0,0.0,1.0,0.0,0.0,0.0,0.0,1.0,1.0,1.0,0.0,1.0,1.0,1.0,0.0,2.0,0.0,0.0,0.0,0.0,5.0,1.0,4.0,0.0,1.0,12.0,5.0,10.0,1.0,1.0,37.0,1.0,0.0,0.0,0.0,0.0,0.0,1.0,0.0,0.0,0.0,1.0,1.0,0.0,0.0,0.0,1.0,1.0,0.0,0.0,0.0,0.0,1.0,1.0,0.0,0.0,0.0,0.0,0.0,0.0,0.0,0.0,0.0,0.0,1.0,0.0,0.0,0.0,0.0,0.0,0.0,3.0,4.0,27.0,1.0,1.0,4.0,0.0,2.0,17.0,12.0,5.0,1.0,2.0,1.0,2.0,38.0,1.0,39.0,23.0,17.0,28.0,9.0,3.0,31.0,6.0,3.0,1.0,34.0,5.0,0.0,0.0,18.0,16.0,6.0,0.0,6.0,9.0,11.0,7.0,7.0,38.0,2.0,0.0,0.0,0.0,34.0,5.0,1.0,2.0,11.0,10.0,4.0,4.0,3.0,6.0,29.0,11.0,26.0,14.0,20.0,18.0,2.0,4.0,14.0,3.0,4.0,1.0,3.0,11.0,27.0,13.0,15.0,25.0,27.0,11.0,2.0,39.0,1.0,35.0,5.0,32.0,8.0,39.0,1.0,26.0,14.0,14.0,23.0,3.0,26.0,11.0,3.0,9.0,13.0,7.0,11.0,0.0,10.0,16.0,2.0,6.0,6.0,1.0,39.0,5.0,22.0,13.0,0.0,39.0,0.0,1.0,25.0,11.0,4.0,36.0,3.0,1.0,14.0,26.0,34.0,6.0,28.0,9.0,2.0,1.0,37.0,3.0,0.0,17.0,21.0,2.0,31.0,8.0,1.0,37.0,1.0,1.0,1.0,28.0,12.0,22.0,16.0,2.0,0.0,35.0,5.0,0.0,34.0,5.0,1.0,27.0,13.0,0.0,27.0,10.0,3.0,39.0,0.0,1.0,0.0,9.0,20.0,10.0,1.0,Acima da média
96,26052083,2017,1,2,2603,26008,26,2602605,260260505,2,1,1.0,1.0,1.0,0.0,0.0,0.0,0.0,0.0,0.0,0.0,1.0,0.0,0.0,1.0,1.0,0.0,0.0,0.0,0.0,1.0,0.0,0.0,0.0,1.0,0.0,0.0,1.0,0.0,0.0,0.0,0.0,0.0,1.0,1.0,1.0,0.0,0.0,0.0,1.0,1.0,1.0,1.0,0.0,1.0,0.0,0.0,0.0,1.0,0.0,0.0,0.0,0.0,0.0,0.0,0.0,0.0,0.0,0.0,0.0,0.0,0.0,0.0,0.0,0.0,15.0,20.0,1.0,0.0,0.0,0.0,1.0,1.0,1.0,1.0,1.0,1.0,0.0,1.0,1.0,7.0,0.0,0.0,0.0,1.0,1.0,3.0,2.0,1.0,5.0,0.0,2.0,22.0,3.0,18.0,1.0,1.0,77.0,1.0,0.0,0.0,0.0,0.0,0.0,1.0,0.0,0.0,0.0,0.0,1.0,0.0,0.0,0.0,1.0,1.0,0.0,0.0,0.0,0.0,0.0,1.0,0.0,0.0,0.0,0.0,0.0,0.0,0.0,0.0,0.0,1.0,1.0,0.0,0.0,0.0,0.0,0.0,0.0,53.0,15.0,166.0,17.0,5.0,14.0,0.0,7.0,129.0,79.0,37.0,14.0,1.0,3.0,9.0,261.0,5.0,265.0,186.0,84.0,207.0,52.0,11.0,164.0,94.0,12.0,3.0,206.0,61.0,1.0,18.0,125.0,101.0,25.0,1.0,25.0,62.0,84.0,56.0,42.0,253.0,14.0,3.0,0.0,0.0,243.0,20.0,7.0,13.0,80.0,56.0,27.0,60.0,15.0,19.0,218.0,52.0,173.0,97.0,166.0,95.0,9.0,29.0,74.0,59.0,22.0,29.0,6.0,51.0,183.0,87.0,108.0,162.0,188.0,68.0,14.0,263.0,7.0,248.0,22.0,219.0,51.0,264.0,6.0,185.0,85.0,81.0,136.0,53.0,186.0,77.0,7.0,64.0,65.0,50.0,76.0,15.0,75.0,91.0,27.0,26.0,51.0,66.0,204.0,108.0,132.0,28.0,2.0,246.0,3.0,21.0,162.0,85.0,23.0,262.0,6.0,2.0,39.0,231.0,187.0,83.0,186.0,68.0,4.0,12.0,216.0,40.0,14.0,132.0,125.0,13.0,239.0,21.0,10.0,220.0,32.0,5.0,13.0,191.0,79.0,196.0,58.0,6.0,10.0,254.0,7.0,9.0,163.0,97.0,10.0,176.0,82.0,12.0,205.0,55.0,10.0,245.0,14.0,1.0,10.0,44.0,109.0,69.0,48.0,Abaixo da média
97,26087375,2017,1,2,2604,26013,26,2602704,260270405,2,1,1.0,1.0,1.0,0.0,0.0,0.0,0.0,0.0,0.0,0.0,0.0,0.0,0.0,1.0,1.0,0.0,0.0,0.0,0.0,1.0,0.0,0.0,0.0,0.0,1.0,0.0,1.0,0.0,0.0,0.0,0.0,0.0,1.0,1.0,1.0,0.0,0.0,0.0,0.0,0.0,1.0,1.0,0.0,1.0,0.0,0.0,0.0,1.0,0.0,0.0,0.0,0.0,0.0,0.0,0.0,0.0,0.0,0.0,0.0,0.0,0.0,0.0,0.0,0.0,10.0,6.0,0.0,0.0,0.0,0.0,0.0,0.0,0.0,0.0,0.0,0.0,0.0,0.0,1.0,0.0,0.0,0.0,0.0,0.0,0.0,0.0,0.0,0.0,0.0,0.0,0.0,13.0,3.0,10.0,1.0,1.0,22.0,1.0,0.0,0.0,0.0,0.0,0.0,1.0,0.0,0.0,0.0,0.0,1.0,0.0,0.0,0.0,1.0,1.0,0.0,0.0,0.0,0.0,0.0,1.0,0.0,0.0,0.0,0.0,0.0,0.0,0.0,0.0,0.0,1.0,1.0,0.0,0.0,0.0,0.0,0.0,0.0,10.0,9.0,23.0,2.0,0.0,2.0,0.0,3.0,13.0,18.0,4.0,6.0,1.0,1.0,1.0,45.0,2.0,44.0,36.0,10.0,33.0,12.0,1.0,39.0,5.0,2.0,4.0,37.0,5.0,0.0,9.0,17.0,17.0,3.0,0.0,7.0,7.0,15.0,10.0,7.0,33.0,11.0,1.0,0.0,1.0,44.0,2.0,0.0,2.0,16.0,9.0,6.0,4.0,3.0,6.0,41.0,5.0,39.0,7.0,26.0,19.0,1.0,7.0,14.0,7.0,2.0,4.0,2.0,10.0,32.0,14.0,26.0,20.0,31.0,9.0,6.0,43.0,3.0,43.0,3.0,42.0,4.0,45.0,1.0,40.0,6.0,25.0,17.0,4.0,29.0,15.0,2.0,12.0,7.0,8.0,12.0,7.0,11.0,10.0,3.0,8.0,14.0,6.0,40.0,21.0,19.0,4.0,2.0,40.0,0.0,6.0,23.0,19.0,4.0,37.0,7.0,2.0,18.0,28.0,42.0,4.0,30.0,14.0,0.0,2.0,42.0,3.0,1.0,29.0,15.0,2.0,38.0,7.0,1.0,34.0,9.0,2.0,1.0,22.0,24.0,23.0,20.0,3.0,0.0,40.0,5.0,1.0,34.0,12.0,0.0,35.0,11.0,0.0,35.0,11.0,0.0,34.0,11.0,1.0,0.0,15.0,21.0,10.0,0.0,Abaixo da média
98,26087529,2017,1,2,2604,26013,26,2602704,260270405,2,1,1.0,1.0,1.0,0.0,0.0,0.0,0.0,0.0,0.0,0.0,0.0,0.0,0.0,1.0,1.0,0.0,0.0,0.0,0.0,1.0,0.0,0.0,0.0,0.0,1.0,0.0,0.0,0.0,1.0,0.0,0.0,0.0,1.0,1.0,1.0,1.0,0.0,0.0,0.0,0.0,1.0,1.0,0.0,1.0,0.0,0.0,0.0,1.0,0.0,1.0,1.0,0.0,0.0,0.0,0.0,0.0,0.0,0.0,0.0,0.0,0.0,0.0,0.0,0.0,7.0,7.0,1.0,0.0,1.0,0.0,1.0,1.0,1.0,1.0,1.0,1.0,0.0,1.0,1.0,3.0,0.0,4.0,0.0,2.0,2.0,5.0,3.0,3.0,13.0,0.0,2.0,33.0,7.0,26.0,1.0,0.0,30.0,1.0,0.0,0.0,0.0,0.0,0.0,1.0,0.0,0.0,0.0,0.0,1.0,0.0,0.0,0.0,1.0,0.0,0.0,0.0,0.0,0.0,1.0,1.0,0.0,0.0,0.0,0.0,0.0,0.0,0.0,0.0,0.0,0.0,0.0,0.0,0.0,0.0,0.0,0.0,0.0,4.0,4.0,21.0,4.0,0.0,4.0,0.0,1.0,15.0,13.0,4.0,2.0,1.0,1.0,1.0,36.0,0.0,37.0,24.0,13.0,29.0,7.0,1.0,28.0,6.0,3.0,1.0,27.0,9.0,0.0,2.0,17.0,15.0,3.0,0.0,3.0,5.0,12.0,11.0,6.0,33.0,3.0,1.0,0.0,0.0,28.0,6.0,3.0,3.0,12.0,5.0,2.0,11.0,3.0,1.0,29.0,8.0,28.0,9.0,20.0,14.0,3.0,0.0,15.0,10.0,4.0,4.0,0.0,4.0,29.0,8.0,21.0,16.0,34.0,2.0,1.0,37.0,0.0,34.0,3.0,35.0,2.0,37.0,0.0,32.0,5.0,17.0,19.0,1.0,27.0,8.0,2.0,7.0,8.0,6.0,12.0,4.0,14.0,9.0,5.0,2.0,7.0,6.0,31.0,16.0,19.0,1.0,1.0,34.0,0.0,3.0,24.0,11.0,2.0,35.0,2.0,0.0,8.0,29.0,28.0,9.0,23.0,12.0,2.0,0.0,35.0,2.0,0.0,23.0,13.0,1.0,31.0,6.0,0.0,34.0,2.0,1.0,0.0,28.0,9.0,25.0,10.0,2.0,0.0,36.0,1.0,0.0,32.0,5.0,0.0,26.0,11.0,0.0,28.0,9.0,0.0,36.0,1.0,0.0,0.0,11.0,17.0,9.0,0.0,Abaixo da média
99,26045656,2017,1,2,2603,26007,26,2602803,260280305,2,1,1.0,1.0,1.0,0.0,0.0,0.0,0.0,0.0,0.0,0.0,0.0,0.0,0.0,1.0,1.0,0.0,0.0,0.0,0.0,1.0,0.0,0.0,0.0,1.0,1.0,0.0,1.0,0.0,0.0,0.0,0.0,0.0,1.0,1.0,1.0,0.0,0.0,0.0,0.0,0.0,1.0,1.0,0.0,1.0,0.0,0.0,0.0,1.0,0.0,0.0,0.0,0.0,0.0,0.0,0.0,0.0,0.0,0.0,1.0,0.0,0.0,0.0,0.0,0.0,13.0,10.0,1.0,0.0,1.0,0.0,1.0,0.0,1.0,1.0,1.0,1.0,0.0,1.0,1.0,1.0,0.0,2.0,0.0,2.0,0.0,4.0,2.0,4.0,6.0,0.0,2.0,12.0,2.0,8.0,1.0,1.0,28.0,1.0,0.0,0.0,0.0,0.0,0.0,1.0,0.0,0.0,0.0,0.0,1.0,0.0,0.0,0.0,1.0,1.0,0.0,0.0,0.0,0.0,0.0,1.0,0.0,0.0,0.0,0.0,0.0,0.0,0.0,0.0,0.0,1.0,1.0,0.0,0.0,0.0,0.0,0.0,0.0,1.0,7.0,38.0,4.0,1.0,5.0,0.0,2.0,29.0,18.0,5.0,2.0,0.0,0.0,3.0,53.0,1.0,55.0,42.0,14.0,49.0,6.0,1.0,48.0,7.0,1.0,4.0,48.0,4.0,0.0,2.0,28.0,20.0,6.0,0.0,2.0,7.0,17.0,8.0,22.0,54.0,2.0,0.0,0.0,0.0,52.0,3.0,1.0,9.0,23.0,8.0,3.0,2.0,2.0,9.0,33.0,23.0,30.0,26.0,34.0,18.0,4.0,13.0,17.0,5.0,3.0,0.0,1.0,17.0,26.0,30.0,19.0,37.0,45.0,9.0,2.0,56.0,0.0,50.0,6.0,49.0,7.0,56.0,0.0,42.0,14.0,24.0,29.0,3.0,34.0,18.0,4.0,15.0,23.0,3.0,10.0,5.0,15.0,18.0,6.0,10.0,7.0,3.0,53.0,12.0,30.0,13.0,1.0,55.0,0.0,1.0,38.0,16.0,2.0,53.0,3.0,0.0,13.0,43.0,49.0,7.0,32.0,24.0,0.0,0.0,52.0,3.0,1.0,36.0,18.0,2.0,46.0,10.0,0.0,51.0,4.0,1.0,0.0,44.0,12.0,33.0,21.0,2.0,0.0,56.0,0.0,0.0,47.0,9.0,0.0,40.0,16.0,0.0,37.0,19.0,0.0,53.0,2.0,1.0,0.0,13.0,32.0,11.0,0.0,Abaixo da média
100,26045745,2017,1,2,2603,26007,26,2602803,260280305,2,1,1.0,1.0,1.0,0.0,0.0,0.0,0.0,0.0,0.0,0.0,0.0,0.0,0.0,1.0,1.0,0.0,0.0,0.0,0.0,1.0,0.0,0.0,0.0,1.0,0.0,0.0,1.0,0.0,0.0,0.0,0.0,0.0,1.0,1.0,1.0,1.0,0.0,0.0,1.0,1.0,1.0,1.0,0.0,1.0,0.0,0.0,0.0,1.0,0.0,1.0,0.0,0.0,0.0,0.0,0.0,0.0,0.0,0.0,0.0,0.0,0.0,0.0,0.0,0.0,13.0,13.0,1.0,0.0,1.0,0.0,1.0,0.0,1.0,0.0,1.0,1.0,0.0,1.0,1.0,2.0,0.0,2.0,0.0,2.0,0.0,6.0,0.0,5.0,9.0,0.0,2.0,14.0,6.0,9.0,1.0,0.0,39.0,1.0,0.0,0.0,0.0,0.0,0.0,1.0,0.0,0.0,0.0,0.0,1.0,0.0,0.0,0.0,1.0,0.0,0.0,0.0,0.0,0.0,0.0,1.0,0.0,0.0,0.0,0.0,0.0,0.0,0.0,0.0,0.0,0.0,0.0,0.0,0.0,0.0,0.0,0.0,0.0,25.0,16.0,93.0,16.0,3.0,10.0,0.0,14.0,93.0,42.0,14.0,0.0,0.0,0.0,8.0,155.0,3.0,160.0,115.0,48.0,112.0,47.0,4.0,121.0,37.0,5.0,7.0,128.0,28.0,0.0,6.0,70.0,74.0,13.0,0.0,11.0,33.0,52.0,38.0,29.0,154.0,9.0,0.0,0.0,0.0,143.0,9.0,11.0,13.0,49.0,25.0,12.0,44.0,7.0,13.0,131.0,32.0,115.0,48.0,114.0,43.0,6.0,21.0,42.0,31.0,17.0,15.0,3.0,34.0,111.0,52.0,74.0,89.0,126.0,32.0,5.0,161.0,2.0,151.0,12.0,145.0,18.0,160.0,3.0,125.0,38.0,68.0,80.0,15.0,101.0,52.0,10.0,41.0,53.0,29.0,23.0,17.0,52.0,42.0,15.0,16.0,38.0,13.0,150.0,38.0,86.0,32.0,7.0,157.0,2.0,4.0,118.0,38.0,7.0,161.0,2.0,0.0,44.0,119.0,143.0,20.0,134.0,28.0,1.0,0.0,147.0,15.0,1.0,93.0,66.0,4.0,134.0,27.0,2.0,157.0,6.0,0.0,0.0,109.0,54.0,119.0,40.0,4.0,0.0,152.0,10.0,1.0,125.0,38.0,0.0,109.0,53.0,1.0,123.0,39.0,1.0,157.0,6.0,0.0,0.0,56.0,96.0,11.0,0.0,Acima da média
101,26046040,2017,1,2,2603,26007,26,2602803,260280305,2,1,1.0,1.0,1.0,0.0,0.0,1.0,1.0,0.0,0.0,0.0,1.0,0.0,0.0,1.0,1.0,1.0,0.0,0.0,0.0,1.0,0.0,0.0,0.0,1.0,0.0,0.0,1.0,0.0,0.0,0.0,0.0,0.0,1.0,1.0,1.0,1.0,0.0,0.0,1.0,1.0,1.0,1.0,0.0,1.0,0.0,0.0,0.0,1.0,0.0,0.0,0.0,0.0,0.0,0.0,0.0,0.0,0.0,0.0,0.0,0.0,0.0,0.0,0.0,0.0,16.0,26.0,1.0,0.0,0.0,1.0,1.0,1.0,1.0,1.0,1.0,1.0,0.0,1.0,1.0,13.0,0.0,0.0,3.0,3.0,2.0,7.0,3.0,3.0,17.0,0.0,3.0,23.0,10.0,20.0,1.0,1.0,120.0,1.0,1.0,1.0,0.0,0.0,0.0,1.0,0.0,0.0,0.0,0.0,1.0,0.0,0.0,0.0,1.0,1.0,1.0,0.0,0.0,0.0,1.0,1.0,0.0,1.0,0.0,0.0,0.0,0.0,0.0,0.0,0.0,1.0,1.0,0.0,0.0,0.0,0.0,0.0,0.0,27.0,27.0,136.0,10.0,22.0,36.0,0.0,5.0,88.0,51.0,47.0,32.0,8.0,27.0,23.0,235.0,14.0,244.0,198.0,60.0,219.0,36.0,3.0,232.0,23.0,3.0,24.0,221.0,13.0,1.0,24.0,107.0,102.0,24.0,0.0,16.0,38.0,53.0,63.0,88.0,246.0,10.0,1.0,0.0,1.0,222.0,34.0,2.0,40.0,99.0,42.0,14.0,15.0,3.0,45.0,164.0,94.0,163.0,95.0,189.0,66.0,3.0,64.0,77.0,28.0,9.0,10.0,4.0,66.0,128.0,130.0,116.0,142.0,147.0,84.0,27.0,243.0,15.0,229.0,29.0,225.0,33.0,249.0,9.0,197.0,61.0,97.0,143.0,18.0,167.0,70.0,21.0,98.0,60.0,31.0,33.0,36.0,54.0,66.0,31.0,60.0,47.0,33.0,225.0,40.0,131.0,73.0,14.0,255.0,1.0,2.0,144.0,85.0,29.0,219.0,29.0,10.0,108.0,150.0,232.0,26.0,181.0,64.0,5.0,8.0,216.0,32.0,10.0,150.0,96.0,12.0,199.0,47.0,12.0,201.0,41.0,5.0,11.0,196.0,62.0,183.0,63.0,4.0,8.0,239.0,12.0,7.0,192.0,57.0,9.0,183.0,67.0,8.0,167.0,79.0,12.0,221.0,25.0,2.0,10.0,72.0,135.0,47.0,4.0,Abaixo da média
103,26129817,2017,1,2,2605,26018,26,2602902,260290215,2,1,1.0,1.0,1.0,0.0,0.0,0.0,0.0,0.0,0.0,0.0,0.0,0.0,0.0,1.0,1.0,0.0,0.0,0.0,0.0,1.0,0.0,0.0,0.0,0.0,1.0,0.0,1.0,0.0,0.0,0.0,0.0,0.0,1.0,1.0,1.0,1.0,0.0,0.0,0.0,0.0,1.0,1.0,0.0,1.0,0.0,0.0,0.0,1.0,0.0,1.0,0.0,0.0,0.0,0.0,0.0,0.0,0.0,0.0,0.0,0.0,0.0,0.0,0.0,0.0,16.0,15.0,1.0,0.0,1.0,0.0,1.0,1.0,1.0,0.0,1.0,1.0,0.0,1.0,1.0,5.0,0.0,3.0,0.0,3.0,1.0,2.0,0.0,2.0,19.0,0.0,1.0,26.0,5.0,18.0,1.0,1.0,54.0,1.0,0.0,0.0,0.0,0.0,0.0,1.0,0.0,0.0,1.0,0.0,1.0,0.0,0.0,0.0,1.0,1.0,0.0,0.0,0.0,0.0,0.0,1.0,0.0,0.0,0.0,0.0,0.0,0.0,0.0,0.0,0.0,0.0,1.0,0.0,0.0,0.0,0.0,0.0,0.0,19.0,35.0,108.0,11.0,12.0,9.0,0.0,21.0,73.0,67.0,23.0,5.0,2.0,3.0,8.0,186.0,1.0,193.0,90.0,104.0,138.0,50.0,6.0,101.0,82.0,11.0,0.0,150.0,44.0,1.0,12.0,108.0,65.0,8.0,1.0,27.0,46.0,54.0,38.0,28.0,163.0,25.0,5.0,1.0,0.0,166.0,22.0,6.0,10.0,33.0,29.0,31.0,71.0,3.0,17.0,178.0,16.0,161.0,33.0,102.0,85.0,7.0,7.0,26.0,29.0,25.0,56.0,8.0,43.0,166.0,28.0,121.0,73.0,70.0,97.0,27.0,188.0,6.0,177.0,17.0,169.0,25.0,193.0,1.0,131.0,63.0,61.0,113.0,20.0,134.0,60.0,0.0,42.0,52.0,36.0,51.0,13.0,59.0,65.0,21.0,28.0,21.0,42.0,152.0,88.0,83.0,19.0,4.0,169.0,3.0,22.0,124.0,54.0,16.0,178.0,11.0,5.0,29.0,165.0,170.0,24.0,127.0,64.0,2.0,1.0,149.0,40.0,5.0,115.0,72.0,7.0,178.0,9.0,7.0,174.0,13.0,4.0,3.0,111.0,83.0,100.0,78.0,13.0,3.0,180.0,11.0,3.0,91.0,100.0,3.0,119.0,69.0,6.0,156.0,34.0,4.0,175.0,14.0,2.0,3.0,9.0,82.0,93.0,10.0,Abaixo da média
105,26129922,2017,1,2,2605,26018,26,2602902,260290205,2,1,1.0,1.0,1.0,0.0,1.0,0.0,1.0,0.0,0.0,0.0,1.0,0.0,0.0,1.0,1.0,0.0,0.0,0.0,0.0,1.0,0.0,0.0,0.0,0.0,1.0,0.0,1.0,0.0,0.0,1.0,0.0,0.0,1.0,1.0,1.0,0.0,1.0,0.0,0.0,0.0,1.0,1.0,0.0,1.0,0.0,0.0,0.0,1.0,0.0,1.0,1.0,1.0,1.0,1.0,0.0,1.0,0.0,1.0,0.0,0.0,0.0,1.0,0.0,0.0,9.0,9.0,1.0,1.0,1.0,0.0,1.0,0.0,1.0,0.0,1.0,1.0,0.0,1.0,1.0,2.0,2.0,2.0,0.0,2.0,0.0,5.0,0.0,2.0,18.0,0.0,1.0,25.0,5.0,20.0,1.0,1.0,65.0,1.0,1.0,0.0,0.0,1.0,0.0,0.0,0.0,0.0,1.0,1.0,1.0,0.0,0.0,0.0,1.0,1.0,1.0,0.0,0.0,0.0,1.0,1.0,0.0,0.0,0.0,0.0,0.0,0.0,0.0,0.0,0.0,1.0,1.0,1.0,0.0,0.0,0.0,0.0,0.0,69.0,34.0,165.0,12.0,8.0,18.0,0.0,30.0,145.0,77.0,29.0,17.0,3.0,5.0,7.0,299.0,0.0,306.0,146.0,160.0,220.0,80.0,6.0,166.0,128.0,12.0,2.0,238.0,66.0,3.0,17.0,157.0,122.0,7.0,1.0,29.0,66.0,127.0,55.0,28.0,276.0,24.0,5.0,1.0,0.0,262.0,31.0,13.0,12.0,45.0,47.0,50.0,105.0,13.0,34.0,276.0,30.0,248.0,58.0,175.0,112.0,19.0,19.0,55.0,43.0,23.0,91.0,8.0,67.0,259.0,47.0,197.0,109.0,180.0,99.0,27.0,298.0,8.0,293.0,13.0,276.0,30.0,297.0,9.0,221.0,85.0,109.0,165.0,32.0,215.0,80.0,11.0,86.0,72.0,55.0,81.0,12.0,121.0,93.0,26.0,37.0,29.0,55.0,251.0,128.0,149.0,23.0,6.0,270.0,7.0,29.0,225.0,64.0,17.0,290.0,10.0,6.0,57.0,249.0,278.0,28.0,229.0,73.0,2.0,2.0,253.0,47.0,6.0,200.0,98.0,8.0,281.0,22.0,3.0,281.0,22.0,1.0,2.0,208.0,98.0,190.0,106.0,5.0,5.0,294.0,8.0,4.0,198.0,101.0,7.0,205.0,96.0,5.0,259.0,41.0,6.0,260.0,36.0,4.0,6.0,54.0,183.0,69.0,0.0,Abaixo da média
106,26130114,2017,1,2,2605,26018,26,2602902,260290205,2,1,1.0,1.0,1.0,0.0,0.0,0.0,0.0,0.0,0.0,0.0,0.0,0.0,0.0,1.0,1.0,0.0,0.0,0.0,0.0,1.0,0.0,0.0,0.0,0.0,1.0,0.0,1.0,0.0,0.0,0.0,0.0,0.0,1.0,1.0,1.0,1.0,0.0,0.0,0.0,0.0,1.0,1.0,0.0,1.0,0.0,0.0,0.0,1.0,0.0,1.0,0.0,0.0,0.0,0.0,0.0,0.0,0.0,0.0,0.0,0.0,0.0,0.0,0.0,0.0,13.0,12.0,1.0,1.0,1.0,1.0,1.0,1.0,1.0,1.0,1.0,1.0,0.0,1.0,1.0,2.0,4.0,2.0,1.0,1.0,1.0,8.0,2.0,3.0,14.0,0.0,4.0,36.0,16.0,20.0,1.0,1.0,35.0,1.0,0.0,0.0,0.0,0.0,0.0,1.0,0.0,0.0,0.0,0.0,1.0,0.0,0.0,0.0,1.0,0.0,0.0,0.0,0.0,0.0,0.0,1.0,0.0,0.0,0.0,0.0,0.0,0.0,0.0,0.0,0.0,0.0,0.0,0.0,0.0,0.0,0.0,0.0,0.0,34.0,14.0,76.0,6.0,1.0,6.0,0.0,26.0,70.0,26.0,12.0,2.0,1.0,0.0,1.0,136.0,2.0,135.0,32.0,105.0,69.0,59.0,9.0,41.0,83.0,13.0,0.0,83.0,54.0,0.0,5.0,65.0,57.0,10.0,0.0,9.0,42.0,60.0,15.0,11.0,129.0,7.0,1.0,0.0,0.0,120.0,10.0,7.0,3.0,3.0,10.0,14.0,88.0,11.0,8.0,134.0,3.0,123.0,14.0,86.0,43.0,8.0,4.0,10.0,16.0,18.0,62.0,9.0,18.0,128.0,9.0,106.0,31.0,44.0,73.0,20.0,137.0,0.0,123.0,14.0,121.0,16.0,132.0,5.0,97.0,40.0,52.0,70.0,15.0,110.0,22.0,5.0,11.0,33.0,29.0,61.0,3.0,46.0,56.0,9.0,10.0,16.0,5.0,132.0,74.0,56.0,6.0,1.0,117.0,10.0,10.0,100.0,30.0,7.0,132.0,4.0,1.0,10.0,127.0,114.0,23.0,78.0,54.0,1.0,4.0,99.0,33.0,5.0,84.0,48.0,5.0,129.0,4.0,4.0,115.0,18.0,0.0,4.0,65.0,72.0,58.0,68.0,10.0,1.0,120.0,15.0,2.0,70.0,65.0,2.0,78.0,56.0,3.0,130.0,6.0,1.0,95.0,39.0,2.0,1.0,24.0,84.0,24.0,5.0,Acima da média
108,26130203,2017,1,2,2605,26018,26,2602902,260290205,2,1,1.0,1.0,1.0,0.0,0.0,0.0,0.0,0.0,0.0,0.0,0.0,0.0,0.0,1.0,1.0,0.0,0.0,0.0,0.0,1.0,0.0,0.0,0.0,1.0,0.0,0.0,1.0,0.0,0.0,0.0,0.0,0.0,1.0,1.0,1.0,0.0,0.0,0.0,1.0,1.0,1.0,1.0,0.0,1.0,0.0,0.0,0.0,1.0,0.0,0.0,0.0,0.0,0.0,0.0,0.0,0.0,0.0,0.0,0.0,0.0,0.0,0.0,0.0,0.0,15.0,10.0,0.0,0.0,0.0,0.0,0.0,0.0,0.0,0.0,0.0,0.0,0.0,0.0,1.0,0.0,0.0,0.0,0.0,0.0,0.0,0.0,0.0,0.0,0.0,0.0,0.0,13.0,3.0,10.0,1.0,1.0,77.0,1.0,0.0,0.0,0.0,0.0,0.0,1.0,0.0,0.0,1.0,0.0,1.0,0.0,0.0,0.0,1.0,0.0,0.0,0.0,0.0,0.0,0.0,1.0,0.0,0.0,0.0,0.0,0.0,0.0,0.0,0.0,0.0,0.0,0.0,0.0,0.0,0.0,0.0,0.0,0.0,9.0,3.0,30.0,0.0,2.0,2.0,0.0,3.0,21.0,16.0,5.0,1.0,0.0,0.0,2.0,44.0,0.0,46.0,17.0,29.0,33.0,11.0,2.0,21.0,21.0,4.0,0.0,34.0,12.0,0.0,2.0,27.0,15.0,2.0,0.0,4.0,10.0,16.0,8.0,8.0,44.0,2.0,0.0,0.0,0.0,39.0,6.0,1.0,0.0,8.0,5.0,4.0,19.0,5.0,5.0,44.0,2.0,36.0,10.0,25.0,20.0,1.0,0.0,10.0,5.0,7.0,10.0,2.0,12.0,39.0,7.0,27.0,19.0,21.0,21.0,4.0,45.0,1.0,42.0,4.0,40.0,6.0,45.0,1.0,33.0,13.0,15.0,28.0,3.0,34.0,12.0,0.0,9.0,12.0,9.0,16.0,0.0,18.0,15.0,3.0,4.0,6.0,0.0,46.0,27.0,14.0,4.0,1.0,39.0,1.0,6.0,33.0,9.0,4.0,43.0,3.0,0.0,12.0,34.0,41.0,5.0,29.0,16.0,0.0,1.0,41.0,5.0,0.0,24.0,22.0,0.0,45.0,1.0,0.0,42.0,3.0,0.0,1.0,30.0,16.0,25.0,19.0,2.0,0.0,44.0,1.0,1.0,31.0,14.0,1.0,30.0,15.0,1.0,41.0,4.0,1.0,39.0,6.0,0.0,1.0,7.0,22.0,17.0,0.0,Acima da média
109,26130319,2017,1,2,2605,26018,26,2602902,260290205,2,1,1.0,1.0,1.0,0.0,0.0,0.0,0.0,0.0,0.0,0.0,0.0,0.0,0.0,1.0,1.0,0.0,0.0,0.0,0.0,1.0,0.0,0.0,0.0,0.0,1.0,0.0,1.0,0.0,0.0,0.0,0.0,0.0,1.0,1.0,0.0,0.0,0.0,0.0,0.0,0.0,1.0,1.0,0.0,1.0,0.0,0.0,0.0,1.0,0.0,0.0,0.0,1.0,0.0,0.0,1.0,0.0,0.0,0.0,0.0,0.0,0.0,0.0,0.0,0.0,6.0,6.0,0.0,0.0,0.0,0.0,0.0,0.0,0.0,0.0,0.0,0.0,0.0,0.0,1.0,0.0,0.0,0.0,0.0,0.0,0.0,0.0,0.0,0.0,0.0,0.0,0.0,10.0,2.0,0.0,1.0,1.0,35.0,1.0,0.0,0.0,0.0,0.0,0.0,1.0,0.0,0.0,0.0,0.0,1.0,0.0,0.0,0.0,1.0,0.0,0.0,0.0,0.0,0.0,0.0,1.0,0.0,0.0,0.0,0.0,0.0,0.0,0.0,0.0,0.0,0.0,0.0,0.0,0.0,0.0,0.0,0.0,0.0,38.0,17.0,100.0,6.0,1.0,15.0,0.0,11.0,72.0,53.0,29.0,8.0,3.0,1.0,7.0,170.0,1.0,176.0,99.0,78.0,136.0,39.0,2.0,129.0,44.0,4.0,1.0,156.0,20.0,0.0,12.0,97.0,62.0,6.0,0.0,15.0,40.0,66.0,33.0,23.0,155.0,20.0,1.0,1.0,0.0,149.0,17.0,11.0,6.0,34.0,24.0,30.0,50.0,7.0,26.0,156.0,21.0,146.0,31.0,102.0,70.0,5.0,10.0,34.0,28.0,20.0,32.0,6.0,47.0,146.0,31.0,110.0,67.0,105.0,60.0,12.0,175.0,2.0,169.0,8.0,162.0,15.0,176.0,1.0,131.0,46.0,62.0,106.0,9.0,125.0,43.0,9.0,44.0,37.0,36.0,44.0,16.0,58.0,59.0,18.0,18.0,24.0,22.0,155.0,76.0,77.0,18.0,6.0,162.0,1.0,14.0,113.0,43.0,21.0,164.0,9.0,4.0,52.0,125.0,154.0,23.0,109.0,51.0,2.0,15.0,114.0,47.0,16.0,82.0,77.0,18.0,157.0,6.0,14.0,138.0,23.0,0.0,16.0,130.0,47.0,110.0,57.0,3.0,7.0,157.0,9.0,11.0,86.0,79.0,12.0,106.0,57.0,14.0,134.0,32.0,11.0,153.0,15.0,1.0,8.0,34.0,84.0,58.0,1.0,Abaixo da média
110,26130386,2017,1,2,2605,26018,26,2602902,260290205,2,1,1.0,1.0,1.0,0.0,0.0,0.0,0.0,0.0,0.0,0.0,0.0,0.0,0.0,1.0,1.0,0.0,0.0,0.0,0.0,1.0,0.0,0.0,0.0,1.0,0.0,0.0,1.0,0.0,0.0,0.0,0.0,0.0,1.0,1.0,1.0,1.0,0.0,0.0,0.0,0.0,1.0,1.0,1.0,1.0,0.0,0.0,1.0,1.0,0.0,0.0,0.0,0.0,0.0,0.0,0.0,0.0,0.0,0.0,0.0,0.0,0.0,0.0,0.0,0.0,14.0,13.0,1.0,0.0,1.0,0.0,1.0,1.0,1.0,0.0,1.0,1.0,0.0,1.0,1.0,9.0,0.0,4.0,0.0,1.0,1.0,3.0,0.0,2.0,14.0,0.0,2.0,14.0,2.0,12.0,1.0,1.0,58.0,1.0,0.0,0.0,0.0,0.0,0.0,1.0,0.0,0.0,0.0,0.0,1.0,0.0,0.0,0.0,1.0,1.0,0.0,0.0,0.0,0.0,0.0,1.0,0.0,0.0,0.0,0.0,0.0,0.0,0.0,0.0,0.0,0.0,1.0,0.0,0.0,0.0,0.0,0.0,0.0,33.0,24.0,115.0,9.0,0.0,14.0,0.0,19.0,68.0,57.0,30.0,11.0,5.0,5.0,9.0,186.0,6.0,189.0,78.0,117.0,143.0,47.0,5.0,87.0,95.0,13.0,0.0,150.0,45.0,1.0,23.0,88.0,68.0,15.0,3.0,24.0,40.0,58.0,45.0,25.0,172.0,11.0,7.0,5.0,0.0,152.0,37.0,6.0,4.0,21.0,28.0,23.0,78.0,7.0,34.0,180.0,15.0,166.0,29.0,100.0,80.0,15.0,9.0,19.0,28.0,30.0,55.0,8.0,46.0,170.0,25.0,126.0,69.0,77.0,85.0,33.0,190.0,5.0,183.0,12.0,182.0,13.0,190.0,5.0,138.0,57.0,71.0,102.0,22.0,129.0,55.0,11.0,37.0,48.0,32.0,64.0,14.0,50.0,66.0,21.0,23.0,35.0,42.0,153.0,74.0,106.0,10.0,5.0,158.0,7.0,30.0,118.0,61.0,16.0,178.0,15.0,2.0,50.0,145.0,168.0,27.0,115.0,58.0,3.0,19.0,128.0,48.0,19.0,110.0,64.0,21.0,170.0,7.0,18.0,130.0,36.0,7.0,22.0,141.0,54.0,123.0,52.0,6.0,14.0,175.0,11.0,9.0,106.0,80.0,9.0,119.0,68.0,8.0,165.0,21.0,9.0,160.0,18.0,3.0,14.0,21.0,65.0,98.0,11.0,Abaixo da média
111,26130521,2017,1,2,2605,26018,26,2602902,260290205,2,1,1.0,1.0,1.0,0.0,0.0,0.0,0.0,0.0,0.0,0.0,0.0,0.0,0.0,1.0,1.0,0.0,0.0,0.0,0.0,1.0,0.0,0.0,0.0,0.0,1.0,0.0,1.0,0.0,0.0,0.0,0.0,0.0,1.0,1.0,1.0,0.0,1.0,0.0,0.0,0.0,1.0,1.0,0.0,1.0,0.0,0.0,0.0,1.0,0.0,0.0,0.0,0.0,0.0,0.0,0.0,0.0,0.0,0.0,0.0,0.0,0.0,0.0,0.0,0.0,11.0,9.0,0.0,0.0,0.0,0.0,0.0,0.0,0.0,0.0,0.0,0.0,0.0,0.0,1.0,0.0,0.0,0.0,0.0,0.0,0.0,0.0,0.0,0.0,0.0,0.0,0.0,11.0,2.0,8.0,1.0,0.0,45.0,1.0,0.0,0.0,0.0,0.0,0.0,1.0,0.0,1.0,1.0,0.0,1.0,0.0,0.0,0.0,1.0,0.0,0.0,0.0,0.0,0.0,0.0,1.0,0.0,0.0,0.0,0.0,0.0,0.0,0.0,0.0,0.0,0.0,0.0,0.0,0.0,0.0,0.0,0.0,0.0,6.0,14.0,27.0,4.0,2.0,0.0,0.0,3.0,30.0,20.0,0.0,0.0,0.0,0.0,2.0,51.0,1.0,52.0,27.0,26.0,38.0,14.0,1.0,34.0,15.0,4.0,1.0,43.0,9.0,0.0,7.0,22.0,19.0,5.0,0.0,2.0,11.0,20.0,11.0,9.0,48.0,5.0,0.0,0.0,0.0,43.0,10.0,0.0,0.0,13.0,9.0,9.0,15.0,1.0,6.0,51.0,2.0,44.0,9.0,32.0,17.0,4.0,4.0,10.0,7.0,6.0,12.0,2.0,12.0,43.0,10.0,37.0,16.0,37.0,11.0,5.0,51.0,2.0,51.0,2.0,51.0,2.0,52.0,1.0,36.0,17.0,26.0,24.0,3.0,40.0,10.0,3.0,13.0,14.0,9.0,12.0,5.0,21.0,18.0,3.0,4.0,7.0,4.0,49.0,22.0,25.0,6.0,0.0,48.0,3.0,2.0,41.0,11.0,1.0,51.0,2.0,0.0,13.0,40.0,42.0,11.0,40.0,10.0,1.0,2.0,44.0,5.0,4.0,40.0,9.0,4.0,46.0,3.0,4.0,50.0,1.0,0.0,2.0,36.0,17.0,35.0,13.0,4.0,1.0,50.0,2.0,1.0,45.0,7.0,1.0,35.0,17.0,1.0,43.0,9.0,1.0,51.0,1.0,0.0,1.0,8.0,26.0,18.0,1.0,Acima da média
112,26153742,2017,1,2,2605,26018,26,2602902,260290205,2,1,1.0,1.0,1.0,0.0,0.0,0.0,0.0,0.0,0.0,0.0,0.0,0.0,0.0,1.0,1.0,0.0,0.0,0.0,0.0,1.0,0.0,0.0,0.0,0.0,1.0,0.0,1.0,0.0,0.0,0.0,0.0,0.0,1.0,1.0,1.0,1.0,1.0,0.0,1.0,1.0,1.0,1.0,0.0,1.0,0.0,0.0,0.0,1.0,0.0,0.0,0.0,0.0,0.0,0.0,0.0,0.0,0.0,0.0,0.0,0.0,0.0,0.0,0.0,0.0,17.0,14.0,1.0,0.0,0.0,0.0,0.0,1.0,0.0,0.0,1.0,1.0,0.0,0.0,1.0,3.0,0.0,0.0,0.0,0.0,1.0,0.0,0.0,1.0,10.0,0.0,0.0,10.0,1.0,1.0,1.0,1.0,75.0,1.0,0.0,0.0,0.0,0.0,0.0,1.0,0.0,0.0,0.0,0.0,1.0,0.0,0.0,0.0,1.0,1.0,0.0,0.0,0.0,0.0,0.0,1.0,0.0,0.0,0.0,0.0,0.0,0.0,0.0,0.0,0.0,0.0,1.0,0.0,0.0,0.0,0.0,0.0,0.0,63.0,68.0,217.0,13.0,3.0,28.0,3.0,27.0,158.0,120.0,47.0,27.0,4.0,6.0,20.0,372.0,3.0,389.0,161.0,231.0,263.0,116.0,13.0,211.0,160.0,21.0,2.0,291.0,99.0,1.0,26.0,191.0,154.0,20.0,3.0,40.0,84.0,144.0,72.0,49.0,357.0,21.0,9.0,5.0,0.0,323.0,45.0,24.0,9.0,65.0,52.0,38.0,150.0,21.0,57.0,360.0,32.0,326.0,66.0,198.0,163.0,31.0,13.0,54.0,42.0,37.0,123.0,17.0,106.0,338.0,54.0,266.0,126.0,147.0,175.0,70.0,383.0,9.0,361.0,31.0,349.0,43.0,380.0,12.0,286.0,106.0,140.0,213.0,39.0,283.0,99.0,10.0,95.0,89.0,66.0,112.0,30.0,117.0,133.0,42.0,43.0,57.0,51.0,341.0,149.0,211.0,21.0,11.0,344.0,3.0,45.0,249.0,104.0,39.0,362.0,21.0,9.0,55.0,337.0,350.0,42.0,223.0,142.0,6.0,21.0,286.0,82.0,24.0,237.0,129.0,26.0,356.0,19.0,17.0,297.0,70.0,6.0,19.0,248.0,144.0,166.0,175.0,27.0,24.0,352.0,21.0,19.0,222.0,148.0,22.0,237.0,134.0,21.0,330.0,45.0,17.0,261.0,94.0,16.0,21.0,32.0,152.0,189.0,19.0,Abaixo da média
114,26178079,2017,1,2,2605,26018,26,2602902,260290205,2,1,1.0,1.0,2.0,1.0,0.0,0.0,0.0,0.0,0.0,0.0,0.0,0.0,0.0,1.0,0.0,1.0,0.0,0.0,0.0,1.0,0.0,0.0,0.0,0.0,1.0,0.0,1.0,0.0,0.0,0.0,0.0,0.0,1.0,1.0,0.0,0.0,0.0,0.0,0.0,0.0,1.0,1.0,0.0,1.0,0.0,0.0,1.0,1.0,0.0,0.0,0.0,0.0,0.0,0.0,0.0,0.0,0.0,0.0,0.0,0.0,0.0,0.0,0.0,0.0,14.0,10.0,1.0,0.0,1.0,0.0,1.0,1.0,1.0,0.0,1.0,1.0,0.0,1.0,1.0,4.0,0.0,4.0,0.0,2.0,1.0,2.0,0.0,1.0,16.0,0.0,2.0,10.0,1.0,10.0,1.0,1.0,44.0,1.0,0.0,0.0,0.0,0.0,0.0,1.0,0.0,0.0,0.0,0.0,1.0,0.0,0.0,0.0,1.0,1.0,0.0,0.0,0.0,0.0,0.0,1.0,0.0,0.0,0.0,0.0,0.0,0.0,0.0,0.0,0.0,0.0,1.0,0.0,0.0,0.0,0.0,0.0,0.0,22.0,27.0,91.0,6.0,3.0,16.0,0.0,8.0,65.0,47.0,26.0,7.0,3.0,9.0,11.0,154.0,2.0,163.0,76.0,89.0,130.0,34.0,1.0,96.0,60.0,9.0,0.0,119.0,46.0,1.0,11.0,106.0,41.0,6.0,4.0,14.0,44.0,54.0,33.0,16.0,151.0,12.0,1.0,1.0,0.0,133.0,27.0,5.0,6.0,25.0,22.0,24.0,62.0,6.0,20.0,146.0,19.0,138.0,27.0,77.0,80.0,8.0,8.0,33.0,15.0,19.0,43.0,8.0,39.0,138.0,27.0,119.0,46.0,84.0,58.0,23.0,160.0,5.0,151.0,14.0,149.0,16.0,162.0,3.0,116.0,49.0,71.0,80.0,14.0,127.0,36.0,2.0,43.0,50.0,18.0,45.0,9.0,53.0,65.0,13.0,14.0,20.0,24.0,141.0,56.0,92.0,16.0,1.0,146.0,3.0,16.0,104.0,42.0,19.0,141.0,19.0,5.0,44.0,121.0,135.0,30.0,106.0,43.0,6.0,10.0,133.0,22.0,10.0,96.0,58.0,11.0,150.0,7.0,8.0,130.0,24.0,3.0,8.0,101.0,64.0,83.0,66.0,13.0,3.0,153.0,10.0,2.0,98.0,64.0,3.0,105.0,57.0,3.0,130.0,32.0,3.0,137.0,23.0,2.0,3.0,15.0,68.0,70.0,12.0,Abaixo da média
115,26178087,2017,1,2,2605,26018,26,2602902,260290215,2,1,1.0,1.0,1.0,0.0,0.0,0.0,0.0,0.0,0.0,0.0,0.0,0.0,0.0,1.0,1.0,0.0,0.0,0.0,0.0,1.0,0.0,0.0,0.0,0.0,1.0,0.0,1.0,0.0,0.0,0.0,0.0,0.0,1.0,1.0,1.0,0.0,0.0,1.0,0.0,1.0,1.0,1.0,0.0,1.0,0.0,0.0,0.0,1.0,0.0,1.0,0.0,0.0,0.0,0.0,0.0,0.0,0.0,0.0,0.0,0.0,0.0,0.0,0.0,0.0,14.0,13.0,0.0,0.0,0.0,0.0,0.0,0.0,0.0,0.0,0.0,0.0,0.0,0.0,1.0,0.0,0.0,0.0,0.0,0.0,0.0,0.0,0.0,0.0,0.0,0.0,0.0,26.0,3.0,22.0,1.0,1.0,35.0,1.0,0.0,0.0,0.0,0.0,0.0,1.0,0.0,0.0,0.0,0.0,1.0,0.0,0.0,0.0,1.0,0.0,0.0,0.0,0.0,0.0,0.0,1.0,0.0,0.0,0.0,0.0,0.0,0.0,0.0,0.0,0.0,0.0,0.0,0.0,0.0,0.0,0.0,0.0,0.0,13.0,24.0,74.0,3.0,1.0,9.0,0.0,15.0,77.0,25.0,5.0,2.0,0.0,0.0,2.0,122.0,0.0,124.0,52.0,72.0,78.0,44.0,2.0,59.0,53.0,12.0,0.0,96.0,28.0,0.0,6.0,72.0,43.0,3.0,0.0,16.0,22.0,52.0,19.0,15.0,112.0,11.0,0.0,1.0,0.0,114.0,6.0,4.0,2.0,8.0,18.0,13.0,61.0,10.0,12.0,119.0,5.0,106.0,18.0,67.0,52.0,5.0,0.0,11.0,15.0,13.0,53.0,4.0,28.0,118.0,6.0,90.0,34.0,65.0,50.0,9.0,122.0,2.0,118.0,6.0,115.0,9.0,121.0,3.0,94.0,30.0,43.0,66.0,15.0,93.0,28.0,3.0,25.0,42.0,28.0,27.0,2.0,53.0,40.0,11.0,7.0,13.0,6.0,118.0,57.0,61.0,5.0,1.0,109.0,7.0,8.0,103.0,19.0,2.0,121.0,3.0,0.0,19.0,105.0,115.0,9.0,89.0,29.0,1.0,5.0,105.0,15.0,4.0,65.0,52.0,7.0,116.0,4.0,4.0,92.0,23.0,4.0,5.0,62.0,62.0,56.0,60.0,4.0,4.0,118.0,2.0,4.0,102.0,18.0,4.0,79.0,39.0,6.0,110.0,11.0,3.0,87.0,28.0,5.0,4.0,32.0,71.0,21.0,0.0,Acima da média
118,26031272,2017,1,2,2602,26005,26,2603009,260300905,2,1,1.0,1.0,1.0,0.0,0.0,0.0,0.0,0.0,0.0,0.0,0.0,0.0,0.0,1.0,1.0,0.0,0.0,0.0,0.0,1.0,0.0,0.0,0.0,1.0,0.0,0.0,1.0,0.0,0.0,0.0,0.0,0.0,1.0,1.0,1.0,0.0,0.0,1.0,1.0,1.0,1.0,1.0,0.0,1.0,0.0,0.0,0.0,0.0,0.0,1.0,0.0,1.0,0.0,0.0,0.0,0.0,0.0,0.0,0.0,0.0,0.0,0.0,0.0,0.0,18.0,18.0,1.0,0.0,1.0,1.0,1.0,1.0,1.0,0.0,1.0,1.0,0.0,1.0,1.0,12.0,0.0,6.0,1.0,1.0,2.0,3.0,0.0,5.0,20.0,0.0,1.0,21.0,4.0,17.0,1.0,1.0,63.0,1.0,0.0,0.0,0.0,0.0,0.0,1.0,0.0,0.0,1.0,0.0,1.0,0.0,0.0,0.0,1.0,1.0,0.0,0.0,0.0,0.0,0.0,1.0,0.0,0.0,0.0,0.0,0.0,0.0,0.0,0.0,0.0,0.0,1.0,0.0,0.0,0.0,0.0,0.0,0.0,22.0,22.0,93.0,1.0,22.0,1.0,0.0,48.0,78.0,26.0,9.0,0.0,0.0,0.0,7.0,154.0,1.0,160.0,99.0,62.0,93.0,63.0,5.0,81.0,69.0,11.0,0.0,108.0,53.0,0.0,7.0,75.0,67.0,12.0,1.0,15.0,38.0,55.0,27.0,25.0,147.0,13.0,1.0,0.0,0.0,142.0,12.0,7.0,0.0,15.0,25.0,17.0,65.0,31.0,8.0,156.0,5.0,138.0,23.0,91.0,64.0,6.0,6.0,33.0,21.0,26.0,39.0,7.0,29.0,130.0,31.0,81.0,80.0,148.0,9.0,4.0,161.0,0.0,151.0,10.0,145.0,16.0,160.0,1.0,123.0,38.0,49.0,100.0,12.0,118.0,39.0,4.0,15.0,48.0,46.0,48.0,4.0,74.0,34.0,5.0,9.0,39.0,11.0,150.0,50.0,95.0,15.0,1.0,155.0,1.0,5.0,143.0,16.0,2.0,159.0,2.0,0.0,7.0,154.0,153.0,8.0,115.0,38.0,3.0,5.0,132.0,20.0,9.0,80.0,72.0,9.0,147.0,8.0,6.0,141.0,12.0,1.0,7.0,102.0,59.0,90.0,60.0,8.0,3.0,155.0,5.0,1.0,110.0,50.0,1.0,116.0,44.0,1.0,139.0,21.0,1.0,151.0,7.0,0.0,3.0,38.0,106.0,17.0,0.0,Acima da média
119,26031914,2017,1,2,2602,26005,26,2603009,260300905,2,1,1.0,1.0,1.0,0.0,0.0,0.0,0.0,0.0,0.0,0.0,0.0,0.0,0.0,1.0,1.0,0.0,0.0,0.0,0.0,1.0,0.0,0.0,0.0,1.0,0.0,0.0,1.0,0.0,0.0,0.0,0.0,0.0,1.0,1.0,1.0,1.0,0.0,1.0,0.0,1.0,1.0,1.0,0.0,1.0,0.0,0.0,0.0,1.0,0.0,1.0,1.0,1.0,1.0,1.0,1.0,1.0,1.0,1.0,1.0,0.0,0.0,0.0,0.0,0.0,13.0,13.0,1.0,0.0,0.0,1.0,0.0,0.0,1.0,0.0,1.0,1.0,0.0,1.0,1.0,1.0,0.0,0.0,1.0,0.0,0.0,3.0,0.0,1.0,12.0,0.0,2.0,19.0,5.0,16.0,1.0,1.0,58.0,1.0,0.0,0.0,0.0,0.0,0.0,1.0,0.0,0.0,1.0,0.0,1.0,0.0,0.0,0.0,1.0,0.0,1.0,0.0,0.0,0.0,0.0,1.0,0.0,1.0,0.0,0.0,0.0,0.0,0.0,0.0,0.0,0.0,0.0,0.0,0.0,0.0,0.0,0.0,0.0,22.0,17.0,94.0,6.0,22.0,12.0,0.0,28.0,79.0,41.0,15.0,3.0,2.0,5.0,11.0,162.0,4.0,169.0,122.0,51.0,128.0,43.0,2.0,140.0,30.0,3.0,10.0,140.0,23.0,1.0,11.0,83.0,68.0,10.0,0.0,16.0,37.0,43.0,49.0,28.0,160.0,9.0,4.0,0.0,0.0,145.0,22.0,6.0,11.0,53.0,27.0,10.0,31.0,16.0,25.0,135.0,38.0,120.0,53.0,103.0,59.0,11.0,17.0,53.0,36.0,6.0,21.0,0.0,40.0,121.0,52.0,88.0,85.0,126.0,35.0,12.0,169.0,4.0,163.0,10.0,157.0,16.0,169.0,4.0,130.0,43.0,53.0,103.0,17.0,109.0,55.0,9.0,48.0,46.0,21.0,40.0,18.0,49.0,50.0,9.0,17.0,48.0,19.0,154.0,53.0,98.0,17.0,5.0,167.0,1.0,5.0,127.0,38.0,8.0,160.0,9.0,4.0,73.0,100.0,153.0,20.0,124.0,39.0,4.0,6.0,143.0,23.0,7.0,101.0,65.0,7.0,145.0,23.0,5.0,156.0,10.0,2.0,5.0,114.0,59.0,98.0,55.0,12.0,8.0,152.0,10.0,11.0,113.0,50.0,10.0,117.0,43.0,13.0,112.0,51.0,10.0,146.0,15.0,4.0,8.0,53.0,103.0,17.0,0.0,Abaixo da média
120,26032082,2017,1,2,2602,26005,26,2603009,260300905,2,1,1.0,1.0,1.0,0.0,0.0,0.0,0.0,0.0,0.0,0.0,0.0,0.0,0.0,1.0,1.0,0.0,0.0,0.0,0.0,1.0,0.0,0.0,0.0,1.0,0.0,0.0,1.0,0.0,0.0,0.0,0.0,0.0,1.0,1.0,1.0,0.0,1.0,0.0,0.0,0.0,1.0,0.0,0.0,0.0,0.0,0.0,0.0,1.0,0.0,1.0,1.0,1.0,1.0,0.0,1.0,0.0,0.0,1.0,1.0,0.0,0.0,0.0,1.0,0.0,9.0,9.0,1.0,0.0,0.0,1.0,1.0,1.0,1.0,1.0,1.0,1.0,0.0,1.0,1.0,2.0,0.0,0.0,1.0,1.0,1.0,1.0,8.0,3.0,11.0,0.0,1.0,29.0,8.0,21.0,1.0,1.0,45.0,1.0,0.0,0.0,0.0,0.0,0.0,1.0,0.0,0.0,1.0,0.0,1.0,0.0,0.0,0.0,1.0,1.0,0.0,0.0,0.0,0.0,1.0,1.0,0.0,0.0,0.0,0.0,0.0,0.0,0.0,0.0,0.0,1.0,1.0,0.0,0.0,0.0,0.0,0.0,0.0,9.0,10.0,61.0,3.0,6.0,6.0,0.0,15.0,29.0,31.0,14.0,0.0,2.0,4.0,5.0,90.0,6.0,89.0,70.0,25.0,77.0,14.0,4.0,77.0,14.0,4.0,1.0,78.0,16.0,1.0,6.0,48.0,34.0,6.0,1.0,16.0,20.0,20.0,21.0,17.0,84.0,8.0,3.0,0.0,0.0,69.0,22.0,4.0,9.0,23.0,21.0,7.0,23.0,1.0,11.0,75.0,20.0,69.0,26.0,42.0,48.0,5.0,11.0,21.0,16.0,9.0,8.0,2.0,28.0,64.0,31.0,46.0,49.0,53.0,32.0,10.0,93.0,2.0,90.0,5.0,84.0,11.0,94.0,1.0,70.0,25.0,34.0,47.0,14.0,56.0,31.0,8.0,31.0,23.0,10.0,19.0,12.0,24.0,30.0,5.0,12.0,24.0,22.0,73.0,32.0,49.0,10.0,4.0,89.0,1.0,5.0,58.0,28.0,9.0,82.0,10.0,3.0,41.0,54.0,84.0,11.0,69.0,22.0,3.0,1.0,76.0,17.0,2.0,52.0,42.0,1.0,76.0,18.0,1.0,86.0,5.0,1.0,3.0,65.0,30.0,58.0,29.0,5.0,3.0,85.0,7.0,3.0,48.0,44.0,3.0,67.0,24.0,4.0,53.0,38.0,4.0,82.0,8.0,1.0,4.0,12.0,44.0,29.0,10.0,Abaixo da média
121,26052776,2017,1,2,2603,26008,26,2603108,260310805,2,1,1.0,1.0,1.0,0.0,0.0,0.0,0.0,0.0,0.0,0.0,0.0,0.0,0.0,1.0,1.0,0.0,0.0,0.0,0.0,1.0,0.0,0.0,0.0,0.0,1.0,0.0,1.0,0.0,0.0,0.0,0.0,0.0,1.0,1.0,1.0,1.0,1.0,0.0,1.0,1.0,1.0,1.0,0.0,1.0,0.0,0.0,0.0,1.0,0.0,1.0,1.0,1.0,0.0,0.0,0.0,0.0,1.0,0.0,0.0,0.0,0.0,0.0,0.0,0.0,13.0,12.0,1.0,0.0,1.0,1.0,0.0,1.0,1.0,1.0,0.0,1.0,0.0,1.0,1.0,3.0,0.0,1.0,1.0,0.0,1.0,5.0,1.0,0.0,6.0,0.0,1.0,4.0,3.0,2.0,1.0,0.0,37.0,1.0,0.0,0.0,0.0,0.0,0.0,1.0,0.0,0.0,0.0,0.0,1.0,0.0,0.0,0.0,1.0,1.0,0.0,0.0,0.0,0.0,0.0,1.0,0.0,0.0,0.0,0.0,0.0,0.0,0.0,0.0,0.0,0.0,1.0,0.0,0.0,0.0,0.0,0.0,0.0,46.0,11.0,81.0,2.0,0.0,8.0,0.0,4.0,87.0,44.0,6.0,5.0,1.0,1.0,2.0,146.0,1.0,147.0,101.0,47.0,103.0,41.0,4.0,84.0,54.0,10.0,2.0,115.0,31.0,0.0,6.0,83.0,49.0,10.0,1.0,16.0,40.0,57.0,20.0,14.0,137.0,11.0,0.0,0.0,0.0,131.0,8.0,9.0,4.0,43.0,31.0,16.0,37.0,10.0,7.0,134.0,14.0,99.0,49.0,90.0,51.0,7.0,15.0,37.0,39.0,11.0,19.0,7.0,20.0,110.0,38.0,56.0,92.0,115.0,30.0,3.0,144.0,4.0,135.0,13.0,122.0,26.0,145.0,3.0,119.0,29.0,54.0,72.0,22.0,101.0,45.0,2.0,29.0,35.0,28.0,47.0,9.0,48.0,39.0,19.0,15.0,27.0,20.0,128.0,36.0,101.0,10.0,1.0,139.0,3.0,6.0,106.0,37.0,5.0,142.0,5.0,1.0,10.0,138.0,116.0,32.0,79.0,53.0,6.0,10.0,121.0,16.0,11.0,82.0,54.0,12.0,128.0,12.0,8.0,118.0,20.0,2.0,8.0,93.0,55.0,82.0,50.0,12.0,4.0,136.0,8.0,4.0,114.0,29.0,5.0,92.0,51.0,5.0,102.0,39.0,7.0,136.0,7.0,1.0,4.0,26.0,95.0,27.0,0.0,Abaixo da média
123,26073498,2017,1,2,2603,26011,26,2603207,260320705,2,1,1.0,1.0,1.0,0.0,0.0,0.0,0.0,0.0,0.0,0.0,1.0,0.0,0.0,0.0,1.0,0.0,1.0,0.0,0.0,1.0,0.0,0.0,0.0,0.0,1.0,0.0,1.0,0.0,0.0,0.0,0.0,0.0,1.0,1.0,1.0,1.0,0.0,0.0,0.0,0.0,1.0,1.0,0.0,1.0,0.0,0.0,0.0,1.0,0.0,1.0,0.0,0.0,0.0,0.0,0.0,0.0,0.0,0.0,0.0,0.0,0.0,0.0,0.0,0.0,8.0,23.0,0.0,0.0,0.0,0.0,0.0,0.0,0.0,0.0,0.0,0.0,0.0,0.0,1.0,0.0,0.0,0.0,0.0,0.0,0.0,0.0,0.0,0.0,0.0,0.0,0.0,13.0,3.0,10.0,1.0,0.0,50.0,1.0,0.0,0.0,0.0,0.0,0.0,1.0,0.0,0.0,0.0,0.0,1.0,0.0,0.0,0.0,1.0,1.0,0.0,0.0,0.0,0.0,0.0,1.0,0.0,0.0,0.0,0.0,0.0,0.0,0.0,0.0,0.0,0.0,1.0,0.0,0.0,0.0,0.0,0.0,0.0,82.0,16.0,137.0,19.0,3.0,13.0,0.0,2.0,114.0,79.0,42.0,22.0,2.0,9.0,11.0,259.0,5.0,265.0,172.0,98.0,187.0,75.0,8.0,206.0,59.0,5.0,2.0,226.0,42.0,0.0,9.0,98.0,142.0,21.0,2.0,20.0,50.0,82.0,43.0,73.0,249.0,17.0,3.0,0.0,1.0,240.0,24.0,6.0,27.0,105.0,56.0,13.0,35.0,12.0,22.0,199.0,71.0,171.0,99.0,197.0,64.0,9.0,44.0,107.0,52.0,7.0,18.0,0.0,42.0,165.0,105.0,129.0,141.0,145.0,100.0,25.0,264.0,6.0,243.0,27.0,233.0,37.0,263.0,7.0,204.0,66.0,106.0,143.0,21.0,162.0,90.0,18.0,82.0,84.0,37.0,41.0,26.0,49.0,82.0,43.0,49.0,47.0,32.0,238.0,43.0,173.0,50.0,4.0,263.0,2.0,5.0,161.0,76.0,33.0,251.0,14.0,5.0,64.0,206.0,238.0,32.0,194.0,69.0,3.0,4.0,244.0,22.0,4.0,141.0,120.0,9.0,201.0,65.0,4.0,256.0,11.0,0.0,3.0,215.0,55.0,189.0,75.0,5.0,1.0,267.0,2.0,1.0,189.0,79.0,2.0,190.0,76.0,4.0,145.0,122.0,3.0,257.0,11.0,0.0,2.0,36.0,101.0,120.0,13.0,Abaixo da média
124,26074079,2017,1,2,2603,26011,26,2603306,260330605,2,1,1.0,1.0,1.0,0.0,0.0,0.0,0.0,0.0,0.0,0.0,0.0,0.0,0.0,0.0,1.0,0.0,0.0,0.0,0.0,1.0,0.0,0.0,0.0,1.0,1.0,0.0,1.0,0.0,0.0,0.0,0.0,0.0,1.0,1.0,1.0,1.0,0.0,0.0,1.0,1.0,1.0,1.0,0.0,1.0,0.0,0.0,0.0,1.0,0.0,1.0,1.0,1.0,1.0,0.0,1.0,0.0,0.0,1.0,0.0,0.0,0.0,0.0,0.0,0.0,10.0,7.0,0.0,0.0,0.0,0.0,1.0,0.0,0.0,1.0,1.0,1.0,0.0,1.0,1.0,0.0,0.0,0.0,0.0,1.0,0.0,0.0,5.0,3.0,8.0,0.0,3.0,13.0,4.0,9.0,1.0,0.0,36.0,1.0,0.0,0.0,0.0,0.0,0.0,1.0,0.0,0.0,0.0,0.0,1.0,0.0,0.0,0.0,1.0,1.0,0.0,0.0,0.0,0.0,0.0,1.0,0.0,0.0,0.0,0.0,0.0,0.0,0.0,0.0,0.0,0.0,1.0,0.0,0.0,0.0,0.0,0.0,0.0,13.0,5.0,43.0,1.0,2.0,1.0,0.0,4.0,31.0,18.0,8.0,3.0,0.0,1.0,1.0,64.0,0.0,65.0,41.0,24.0,44.0,21.0,0.0,46.0,17.0,2.0,0.0,54.0,11.0,1.0,0.0,20.0,37.0,7.0,1.0,5.0,17.0,22.0,13.0,7.0,60.0,4.0,1.0,0.0,0.0,59.0,6.0,0.0,1.0,15.0,14.0,8.0,17.0,4.0,6.0,59.0,6.0,51.0,14.0,46.0,18.0,1.0,2.0,23.0,11.0,7.0,9.0,3.0,10.0,42.0,23.0,29.0,36.0,39.0,22.0,4.0,65.0,0.0,57.0,8.0,56.0,9.0,62.0,3.0,44.0,21.0,28.0,32.0,5.0,39.0,24.0,2.0,12.0,20.0,11.0,19.0,3.0,17.0,24.0,8.0,8.0,8.0,4.0,61.0,35.0,25.0,4.0,1.0,64.0,0.0,1.0,41.0,18.0,6.0,61.0,3.0,1.0,10.0,55.0,46.0,19.0,47.0,15.0,2.0,1.0,55.0,7.0,3.0,25.0,38.0,2.0,48.0,15.0,2.0,57.0,7.0,1.0,0.0,45.0,20.0,46.0,16.0,3.0,0.0,63.0,2.0,0.0,57.0,8.0,0.0,43.0,22.0,0.0,40.0,24.0,1.0,55.0,10.0,0.0,0.0,17.0,38.0,10.0,0.0,Abaixo da média
125,26015625,2017,1,2,2601,26003,26,2603405,260340505,2,1,1.0,1.0,1.0,0.0,0.0,0.0,0.0,0.0,0.0,0.0,0.0,0.0,0.0,0.0,1.0,0.0,0.0,0.0,0.0,1.0,0.0,0.0,0.0,1.0,0.0,0.0,1.0,0.0,0.0,0.0,0.0,0.0,1.0,1.0,1.0,0.0,0.0,0.0,0.0,0.0,1.0,1.0,0.0,1.0,0.0,0.0,0.0,1.0,0.0,1.0,0.0,1.0,0.0,0.0,0.0,0.0,0.0,0.0,0.0,0.0,0.0,0.0,0.0,0.0,8.0,6.0,1.0,0.0,1.0,1.0,1.0,1.0,1.0,1.0,1.0,1.0,0.0,1.0,1.0,4.0,0.0,4.0,1.0,1.0,1.0,2.0,3.0,3.0,5.0,0.0,1.0,11.0,3.0,11.0,1.0,0.0,28.0,1.0,0.0,0.0,0.0,0.0,0.0,1.0,0.0,0.0,0.0,1.0,1.0,0.0,0.0,0.0,1.0,1.0,0.0,0.0,0.0,0.0,0.0,1.0,0.0,0.0,0.0,0.0,0.0,0.0,0.0,0.0,0.0,0.0,1.0,0.0,0.0,0.0,0.0,0.0,0.0,9.0,0.0,50.0,0.0,1.0,3.0,1.0,15.0,29.0,9.0,6.0,2.0,0.0,1.0,3.0,60.0,1.0,62.0,35.0,28.0,47.0,15.0,1.0,45.0,17.0,1.0,0.0,54.0,9.0,0.0,1.0,24.0,27.0,11.0,0.0,3.0,10.0,26.0,14.0,10.0,56.0,5.0,2.0,0.0,0.0,56.0,4.0,3.0,3.0,22.0,14.0,6.0,11.0,3.0,4.0,56.0,7.0,53.0,10.0,47.0,13.0,3.0,6.0,25.0,11.0,3.0,4.0,2.0,12.0,44.0,19.0,35.0,28.0,35.0,24.0,4.0,63.0,0.0,60.0,3.0,53.0,10.0,63.0,0.0,48.0,15.0,20.0,35.0,8.0,28.0,29.0,6.0,17.0,15.0,10.0,18.0,3.0,24.0,16.0,2.0,5.0,16.0,1.0,62.0,10.0,42.0,11.0,0.0,60.0,1.0,2.0,45.0,15.0,3.0,60.0,3.0,0.0,14.0,49.0,53.0,10.0,31.0,29.0,3.0,0.0,54.0,9.0,0.0,33.0,30.0,0.0,48.0,14.0,1.0,53.0,10.0,0.0,0.0,37.0,26.0,31.0,26.0,5.0,1.0,57.0,3.0,3.0,48.0,12.0,3.0,42.0,17.0,4.0,33.0,26.0,4.0,48.0,11.0,1.0,3.0,12.0,41.0,10.0,0.0,Abaixo da média
127,26107546,2017,1,2,2605,26017,26,2603454,260345405,2,1,1.0,1.0,1.0,0.0,0.0,0.0,0.0,0.0,0.0,0.0,0.0,0.0,0.0,1.0,1.0,0.0,0.0,0.0,0.0,1.0,0.0,0.0,0.0,0.0,1.0,0.0,1.0,0.0,0.0,0.0,0.0,0.0,1.0,1.0,1.0,0.0,0.0,0.0,0.0,0.0,1.0,1.0,0.0,1.0,0.0,0.0,0.0,1.0,0.0,1.0,0.0,0.0,0.0,0.0,0.0,0.0,0.0,0.0,0.0,0.0,0.0,0.0,0.0,0.0,13.0,13.0,1.0,1.0,1.0,1.0,1.0,1.0,1.0,1.0,1.0,1.0,1.0,1.0,1.0,3.0,1.0,2.0,1.0,3.0,3.0,2.0,2.0,2.0,3.0,1.0,2.0,6.0,4.0,5.0,1.0,1.0,48.0,1.0,0.0,1.0,0.0,0.0,0.0,1.0,0.0,0.0,0.0,0.0,1.0,0.0,0.0,1.0,1.0,1.0,0.0,0.0,0.0,0.0,1.0,1.0,0.0,0.0,0.0,0.0,1.0,0.0,0.0,0.0,0.0,1.0,1.0,0.0,0.0,0.0,0.0,0.0,0.0,5.0,5.0,13.0,0.0,0.0,0.0,0.0,0.0,10.0,4.0,8.0,0.0,1.0,0.0,1.0,22.0,0.0,23.0,6.0,17.0,20.0,2.0,1.0,13.0,8.0,2.0,0.0,13.0,10.0,0.0,0.0,11.0,11.0,1.0,0.0,2.0,4.0,4.0,9.0,4.0,19.0,4.0,0.0,0.0,0.0,19.0,4.0,0.0,0.0,4.0,7.0,3.0,9.0,0.0,0.0,23.0,0.0,21.0,2.0,15.0,7.0,1.0,1.0,1.0,4.0,4.0,9.0,2.0,2.0,22.0,1.0,18.0,5.0,7.0,11.0,5.0,23.0,0.0,23.0,0.0,23.0,0.0,23.0,0.0,17.0,6.0,9.0,12.0,2.0,18.0,5.0,0.0,5.0,9.0,4.0,5.0,0.0,7.0,10.0,1.0,2.0,3.0,4.0,19.0,11.0,10.0,2.0,0.0,18.0,0.0,5.0,14.0,8.0,1.0,23.0,0.0,0.0,6.0,17.0,22.0,1.0,14.0,7.0,0.0,2.0,20.0,3.0,0.0,17.0,5.0,1.0,22.0,1.0,0.0,17.0,4.0,0.0,2.0,15.0,8.0,13.0,8.0,1.0,1.0,21.0,0.0,2.0,15.0,7.0,1.0,16.0,5.0,2.0,19.0,2.0,2.0,18.0,4.0,0.0,1.0,2.0,15.0,5.0,1.0,Abaixo da média
128,26107562,2017,1,2,2605,26017,26,2603454,260345405,2,1,1.0,1.0,1.0,0.0,0.0,0.0,0.0,0.0,0.0,0.0,0.0,0.0,0.0,1.0,1.0,0.0,0.0,0.0,0.0,1.0,0.0,0.0,0.0,1.0,0.0,0.0,1.0,0.0,0.0,0.0,0.0,0.0,1.0,1.0,1.0,0.0,1.0,0.0,1.0,1.0,1.0,1.0,1.0,1.0,0.0,0.0,0.0,1.0,0.0,0.0,0.0,0.0,0.0,0.0,0.0,0.0,0.0,0.0,0.0,0.0,0.0,0.0,0.0,0.0,19.0,15.0,1.0,0.0,1.0,1.0,1.0,0.0,1.0,0.0,1.0,1.0,0.0,0.0,1.0,8.0,0.0,2.0,1.0,1.0,0.0,4.0,0.0,2.0,5.0,0.0,0.0,12.0,2.0,10.0,1.0,1.0,74.0,1.0,0.0,1.0,0.0,0.0,0.0,1.0,0.0,0.0,0.0,0.0,1.0,0.0,0.0,1.0,1.0,1.0,0.0,0.0,0.0,0.0,1.0,1.0,0.0,0.0,0.0,0.0,1.0,0.0,0.0,0.0,0.0,1.0,1.0,0.0,0.0,0.0,0.0,0.0,0.0,8.0,14.0,36.0,3.0,1.0,2.0,0.0,4.0,23.0,31.0,6.0,0.0,0.0,0.0,4.0,60.0,0.0,64.0,29.0,35.0,54.0,9.0,1.0,35.0,26.0,3.0,0.0,57.0,7.0,0.0,2.0,39.0,20.0,3.0,0.0,8.0,16.0,19.0,16.0,5.0,59.0,5.0,0.0,0.0,0.0,54.0,7.0,3.0,1.0,9.0,10.0,9.0,23.0,4.0,8.0,57.0,7.0,49.0,15.0,31.0,32.0,1.0,0.0,3.0,15.0,5.0,22.0,1.0,18.0,59.0,5.0,36.0,28.0,32.0,27.0,5.0,62.0,2.0,58.0,6.0,57.0,7.0,64.0,0.0,45.0,19.0,24.0,33.0,7.0,48.0,16.0,0.0,7.0,18.0,16.0,22.0,1.0,27.0,22.0,7.0,2.0,6.0,11.0,53.0,25.0,35.0,4.0,0.0,54.0,1.0,9.0,43.0,19.0,2.0,61.0,2.0,1.0,9.0,55.0,58.0,6.0,36.0,24.0,1.0,3.0,49.0,8.0,7.0,37.0,20.0,7.0,57.0,2.0,5.0,41.0,18.0,0.0,5.0,21.0,43.0,20.0,34.0,9.0,1.0,55.0,7.0,2.0,43.0,20.0,1.0,41.0,22.0,1.0,56.0,5.0,3.0,43.0,19.0,0.0,2.0,3.0,41.0,19.0,1.0,Média
129,26107570,2017,1,2,2605,26017,26,2603454,260345405,2,1,1.0,1.0,1.0,0.0,0.0,0.0,0.0,0.0,0.0,0.0,0.0,0.0,0.0,1.0,1.0,0.0,1.0,0.0,0.0,1.0,0.0,0.0,0.0,0.0,1.0,0.0,1.0,0.0,0.0,0.0,0.0,0.0,1.0,1.0,1.0,0.0,0.0,1.0,0.0,1.0,1.0,1.0,0.0,1.0,0.0,0.0,0.0,1.0,0.0,1.0,0.0,0.0,0.0,0.0,0.0,0.0,0.0,0.0,0.0,0.0,0.0,0.0,0.0,0.0,13.0,8.0,1.0,0.0,1.0,1.0,1.0,0.0,1.0,0.0,1.0,1.0,1.0,1.0,1.0,1.0,0.0,2.0,1.0,3.0,0.0,3.0,0.0,3.0,7.0,1.0,2.0,21.0,3.0,15.0,1.0,1.0,39.0,1.0,0.0,0.0,0.0,0.0,0.0,1.0,0.0,0.0,0.0,0.0,1.0,0.0,0.0,0.0,1.0,1.0,0.0,0.0,0.0,0.0,0.0,1.0,0.0,0.0,0.0,0.0,0.0,0.0,0.0,0.0,0.0,1.0,1.0,0.0,0.0,0.0,0.0,0.0,0.0,7.0,12.0,35.0,3.0,0.0,2.0,0.0,2.0,33.0,18.0,5.0,1.0,0.0,0.0,2.0,57.0,0.0,59.0,29.0,30.0,46.0,12.0,1.0,29.0,26.0,4.0,0.0,48.0,11.0,1.0,2.0,37.0,18.0,1.0,0.0,6.0,20.0,10.0,17.0,6.0,53.0,6.0,0.0,0.0,0.0,52.0,2.0,5.0,1.0,9.0,7.0,8.0,29.0,0.0,5.0,54.0,5.0,46.0,13.0,26.0,28.0,5.0,1.0,8.0,5.0,9.0,12.0,2.0,22.0,49.0,10.0,32.0,27.0,52.0,5.0,2.0,57.0,2.0,50.0,9.0,50.0,9.0,58.0,1.0,43.0,16.0,20.0,31.0,8.0,38.0,19.0,2.0,3.0,11.0,13.0,31.0,1.0,25.0,23.0,4.0,3.0,4.0,5.0,54.0,29.0,28.0,2.0,0.0,45.0,5.0,9.0,45.0,10.0,4.0,57.0,1.0,1.0,4.0,55.0,41.0,18.0,33.0,23.0,2.0,1.0,45.0,13.0,1.0,33.0,25.0,1.0,55.0,3.0,1.0,50.0,7.0,1.0,1.0,28.0,31.0,38.0,19.0,2.0,0.0,55.0,4.0,0.0,43.0,16.0,0.0,36.0,22.0,1.0,49.0,10.0,0.0,56.0,3.0,0.0,0.0,1.0,7.0,43.0,8.0,Acima da média
131,26107600,2017,1,2,2605,26017,26,2603454,260345405,2,1,1.0,1.0,1.0,0.0,0.0,0.0,0.0,0.0,0.0,0.0,0.0,0.0,0.0,1.0,1.0,0.0,0.0,0.0,0.0,1.0,0.0,0.0,0.0,1.0,0.0,0.0,1.0,0.0,0.0,0.0,0.0,0.0,1.0,1.0,1.0,0.0,0.0,0.0,1.0,1.0,1.0,1.0,0.0,1.0,0.0,0.0,0.0,1.0,0.0,1.0,0.0,0.0,0.0,0.0,0.0,0.0,0.0,0.0,0.0,0.0,0.0,0.0,0.0,0.0,16.0,15.0,0.0,0.0,0.0,0.0,0.0,0.0,0.0,0.0,0.0,0.0,0.0,0.0,1.0,0.0,0.0,0.0,0.0,0.0,0.0,0.0,0.0,0.0,0.0,0.0,0.0,13.0,3.0,8.0,1.0,1.0,52.0,1.0,0.0,1.0,0.0,0.0,0.0,1.0,0.0,0.0,1.0,0.0,1.0,0.0,0.0,0.0,1.0,1.0,0.0,0.0,0.0,0.0,1.0,1.0,0.0,0.0,0.0,0.0,0.0,0.0,0.0,0.0,0.0,1.0,1.0,0.0,0.0,0.0,0.0,0.0,0.0,38.0,28.0,85.0,7.0,2.0,8.0,0.0,9.0,84.0,45.0,21.0,6.0,1.0,2.0,2.0,166.0,1.0,167.0,56.0,112.0,119.0,41.0,8.0,77.0,81.0,10.0,2.0,115.0,51.0,3.0,6.0,87.0,60.0,12.0,0.0,14.0,48.0,53.0,36.0,17.0,155.0,8.0,4.0,1.0,0.0,135.0,25.0,8.0,3.0,19.0,24.0,23.0,70.0,11.0,18.0,160.0,8.0,136.0,32.0,96.0,65.0,7.0,8.0,15.0,24.0,24.0,50.0,4.0,43.0,143.0,25.0,106.0,62.0,48.0,87.0,33.0,166.0,2.0,153.0,15.0,139.0,29.0,161.0,7.0,116.0,52.0,59.0,81.0,28.0,120.0,44.0,4.0,24.0,29.0,35.0,73.0,7.0,53.0,65.0,16.0,14.0,20.0,34.0,134.0,80.0,82.0,5.0,1.0,127.0,8.0,33.0,109.0,47.0,12.0,154.0,12.0,2.0,29.0,139.0,131.0,37.0,114.0,42.0,1.0,11.0,118.0,41.0,9.0,91.0,68.0,9.0,156.0,5.0,7.0,122.0,36.0,0.0,10.0,88.0,80.0,101.0,55.0,10.0,2.0,149.0,17.0,2.0,86.0,80.0,2.0,82.0,83.0,3.0,151.0,16.0,1.0,147.0,19.0,1.0,1.0,16.0,79.0,73.0,0.0,Média
132,26107678,2017,1,2,2605,26017,26,2603454,260345405,2,1,1.0,1.0,1.0,0.0,0.0,0.0,0.0,0.0,0.0,0.0,0.0,0.0,0.0,1.0,1.0,0.0,0.0,0.0,0.0,1.0,0.0,0.0,0.0,1.0,0.0,0.0,1.0,0.0,0.0,0.0,0.0,0.0,1.0,1.0,1.0,1.0,0.0,0.0,1.0,1.0,1.0,1.0,0.0,1.0,0.0,0.0,0.0,1.0,0.0,0.0,0.0,0.0,0.0,0.0,0.0,0.0,0.0,0.0,0.0,0.0,0.0,0.0,0.0,0.0,17.0,28.0,1.0,0.0,1.0,0.0,1.0,0.0,1.0,0.0,1.0,1.0,0.0,1.0,1.0,4.0,0.0,2.0,0.0,1.0,0.0,3.0,0.0,5.0,12.0,0.0,2.0,12.0,3.0,10.0,1.0,0.0,69.0,1.0,0.0,1.0,0.0,0.0,0.0,1.0,0.0,0.0,1.0,0.0,1.0,0.0,0.0,0.0,1.0,1.0,0.0,0.0,0.0,0.0,1.0,1.0,0.0,0.0,0.0,0.0,0.0,0.0,0.0,0.0,0.0,1.0,1.0,0.0,0.0,0.0,0.0,0.0,0.0,35.0,25.0,80.0,10.0,2.0,14.0,0.0,19.0,95.0,41.0,10.0,0.0,0.0,1.0,2.0,164.0,2.0,164.0,42.0,124.0,84.0,66.0,16.0,44.0,92.0,30.0,0.0,101.0,65.0,0.0,4.0,94.0,59.0,9.0,0.0,11.0,44.0,76.0,25.0,10.0,153.0,10.0,3.0,0.0,0.0,150.0,9.0,7.0,2.0,3.0,15.0,25.0,87.0,26.0,8.0,161.0,5.0,138.0,28.0,109.0,45.0,12.0,2.0,9.0,20.0,17.0,84.0,15.0,19.0,159.0,7.0,120.0,46.0,58.0,82.0,26.0,165.0,1.0,157.0,9.0,150.0,16.0,166.0,0.0,121.0,45.0,74.0,74.0,18.0,135.0,28.0,3.0,11.0,48.0,47.0,56.0,4.0,46.0,62.0,25.0,9.0,24.0,25.0,141.0,82.0,78.0,5.0,1.0,141.0,4.0,21.0,128.0,32.0,6.0,163.0,2.0,1.0,10.0,156.0,139.0,27.0,105.0,54.0,4.0,3.0,148.0,15.0,3.0,126.0,35.0,5.0,161.0,3.0,2.0,87.0,68.0,9.0,2.0,73.0,93.0,85.0,70.0,11.0,0.0,161.0,5.0,0.0,133.0,32.0,1.0,101.0,64.0,1.0,151.0,15.0,0.0,142.0,23.0,1.0,0.0,28.0,90.0,47.0,1.0,Acima da média
134,26107945,2017,1,2,2605,26017,26,2603454,260345405,2,1,1.0,1.0,1.0,0.0,0.0,0.0,0.0,0.0,0.0,0.0,0.0,0.0,0.0,1.0,1.0,0.0,0.0,0.0,0.0,1.0,0.0,0.0,0.0,1.0,0.0,0.0,1.0,0.0,0.0,0.0,0.0,0.0,0.0,1.0,1.0,1.0,0.0,0.0,0.0,0.0,1.0,0.0,0.0,0.0,0.0,0.0,0.0,1.0,0.0,1.0,0.0,0.0,0.0,0.0,0.0,0.0,0.0,0.0,0.0,0.0,0.0,0.0,0.0,0.0,12.0,12.0,0.0,0.0,0.0,0.0,0.0,0.0,0.0,0.0,0.0,0.0,0.0,0.0,1.0,0.0,0.0,0.0,0.0,0.0,0.0,0.0,0.0,0.0,0.0,0.0,0.0,18.0,3.0,15.0,1.0,0.0,68.0,1.0,0.0,0.0,0.0,0.0,0.0,1.0,0.0,0.0,0.0,0.0,1.0,0.0,0.0,0.0,1.0,0.0,0.0,0.0,0.0,0.0,0.0,1.0,0.0,0.0,0.0,0.0,0.0,0.0,0.0,0.0,0.0,0.0,0.0,0.0,0.0,0.0,0.0,0.0,0.0,15.0,19.0,62.0,10.0,1.0,12.0,0.0,9.0,72.0,29.0,5.0,3.0,1.0,0.0,2.0,117.0,0.0,119.0,40.0,79.0,89.0,30.0,0.0,49.0,56.0,14.0,0.0,88.0,31.0,1.0,1.0,71.0,41.0,5.0,0.0,9.0,26.0,47.0,26.0,11.0,109.0,9.0,1.0,0.0,0.0,102.0,9.0,8.0,3.0,19.0,15.0,17.0,55.0,7.0,3.0,112.0,7.0,101.0,18.0,65.0,47.0,7.0,2.0,18.0,19.0,18.0,40.0,7.0,15.0,109.0,10.0,76.0,43.0,63.0,46.0,10.0,118.0,1.0,112.0,7.0,112.0,7.0,119.0,0.0,90.0,29.0,41.0,64.0,14.0,85.0,34.0,0.0,11.0,19.0,29.0,56.0,4.0,34.0,48.0,11.0,18.0,8.0,10.0,109.0,68.0,47.0,3.0,1.0,109.0,2.0,8.0,91.0,19.0,9.0,118.0,1.0,0.0,23.0,96.0,98.0,21.0,64.0,51.0,4.0,0.0,105.0,14.0,0.0,87.0,32.0,0.0,118.0,1.0,0.0,117.0,2.0,0.0,0.0,75.0,44.0,52.0,57.0,10.0,0.0,113.0,6.0,0.0,87.0,32.0,0.0,62.0,56.0,1.0,108.0,11.0,0.0,118.0,1.0,0.0,0.0,29.0,70.0,20.0,0.0,Acima da média
135,26107961,2017,1,2,2605,26017,26,2603454,260345405,2,1,1.0,1.0,1.0,0.0,0.0,0.0,0.0,0.0,0.0,0.0,0.0,0.0,0.0,1.0,1.0,0.0,0.0,0.0,0.0,1.0,0.0,0.0,0.0,1.0,1.0,0.0,1.0,0.0,0.0,0.0,0.0,0.0,1.0,1.0,1.0,0.0,1.0,0.0,0.0,0.0,1.0,1.0,1.0,1.0,0.0,0.0,0.0,1.0,0.0,0.0,0.0,0.0,0.0,0.0,0.0,0.0,0.0,0.0,0.0,0.0,0.0,0.0,0.0,0.0,18.0,16.0,1.0,0.0,1.0,0.0,1.0,0.0,1.0,0.0,1.0,1.0,0.0,1.0,1.0,4.0,0.0,2.0,0.0,1.0,0.0,3.0,0.0,2.0,8.0,0.0,1.0,18.0,5.0,13.0,1.0,1.0,58.0,1.0,0.0,1.0,0.0,0.0,0.0,1.0,0.0,0.0,0.0,0.0,1.0,0.0,0.0,0.0,1.0,1.0,0.0,0.0,0.0,0.0,1.0,1.0,0.0,0.0,0.0,0.0,0.0,0.0,0.0,0.0,0.0,1.0,1.0,0.0,0.0,0.0,0.0,0.0,0.0,9.0,10.0,40.0,4.0,1.0,7.0,0.0,1.0,20.0,22.0,14.0,7.0,4.0,3.0,1.0,70.0,1.0,70.0,38.0,33.0,63.0,8.0,0.0,42.0,25.0,4.0,1.0,57.0,13.0,2.0,9.0,41.0,18.0,1.0,0.0,5.0,23.0,25.0,12.0,6.0,62.0,7.0,2.0,0.0,0.0,60.0,11.0,0.0,1.0,24.0,7.0,7.0,24.0,1.0,7.0,66.0,5.0,59.0,12.0,32.0,37.0,2.0,3.0,19.0,7.0,12.0,17.0,0.0,13.0,53.0,18.0,37.0,34.0,15.0,35.0,21.0,69.0,2.0,66.0,5.0,64.0,7.0,71.0,0.0,42.0,29.0,20.0,41.0,10.0,45.0,23.0,3.0,11.0,24.0,10.0,20.0,6.0,23.0,28.0,6.0,10.0,4.0,16.0,55.0,21.0,44.0,5.0,1.0,58.0,0.0,13.0,25.0,28.0,18.0,58.0,9.0,4.0,13.0,58.0,57.0,14.0,32.0,38.0,0.0,1.0,52.0,16.0,3.0,39.0,29.0,3.0,63.0,6.0,2.0,53.0,16.0,1.0,1.0,45.0,26.0,32.0,29.0,7.0,3.0,64.0,4.0,3.0,38.0,30.0,3.0,37.0,30.0,4.0,57.0,10.0,4.0,51.0,17.0,0.0,3.0,6.0,36.0,23.0,6.0,Abaixo da média
136,26107996,2017,1,2,2605,26017,26,2603454,260345405,2,1,1.0,1.0,1.0,0.0,0.0,0.0,0.0,0.0,0.0,0.0,0.0,0.0,0.0,1.0,1.0,0.0,0.0,0.0,0.0,1.0,0.0,0.0,0.0,1.0,0.0,0.0,1.0,0.0,0.0,0.0,0.0,0.0,1.0,1.0,1.0,0.0,0.0,0.0,0.0,0.0,1.0,1.0,0.0,1.0,0.0,0.0,0.0,1.0,0.0,1.0,0.0,0.0,0.0,0.0,0.0,0.0,0.0,0.0,0.0,0.0,0.0,0.0,0.0,0.0,10.0,9.0,1.0,0.0,1.0,0.0,1.0,1.0,1.0,0.0,1.0,1.0,0.0,1.0,1.0,3.0,0.0,3.0,0.0,4.0,1.0,4.0,0.0,4.0,10.0,0.0,2.0,18.0,3.0,15.0,1.0,1.0,60.0,1.0,0.0,1.0,0.0,0.0,0.0,1.0,0.0,0.0,1.0,0.0,1.0,0.0,0.0,0.0,1.0,1.0,0.0,0.0,0.0,1.0,1.0,1.0,0.0,0.0,0.0,0.0,0.0,0.0,0.0,0.0,0.0,1.0,1.0,0.0,0.0,0.0,0.0,0.0,0.0,2.0,3.0,2.0,2.0,0.0,0.0,0.0,0.0,1.0,5.0,2.0,0.0,0.0,1.0,0.0,9.0,0.0,9.0,1.0,8.0,9.0,0.0,0.0,3.0,6.0,0.0,0.0,9.0,0.0,0.0,0.0,7.0,2.0,0.0,0.0,0.0,2.0,4.0,3.0,0.0,8.0,1.0,0.0,0.0,0.0,8.0,1.0,0.0,0.0,1.0,2.0,2.0,4.0,0.0,0.0,9.0,0.0,9.0,0.0,2.0,7.0,0.0,1.0,0.0,3.0,2.0,2.0,0.0,1.0,7.0,2.0,5.0,4.0,4.0,4.0,1.0,9.0,0.0,8.0,1.0,9.0,0.0,9.0,0.0,6.0,3.0,3.0,4.0,2.0,7.0,2.0,0.0,2.0,5.0,1.0,1.0,0.0,3.0,2.0,1.0,3.0,0.0,1.0,8.0,1.0,7.0,1.0,0.0,7.0,1.0,1.0,5.0,2.0,2.0,8.0,1.0,0.0,4.0,5.0,6.0,3.0,6.0,3.0,0.0,0.0,8.0,1.0,0.0,6.0,3.0,0.0,9.0,0.0,0.0,7.0,2.0,0.0,0.0,6.0,3.0,5.0,4.0,0.0,0.0,8.0,1.0,0.0,4.0,5.0,0.0,4.0,5.0,0.0,8.0,1.0,0.0,9.0,0.0,0.0,0.0,0.0,7.0,2.0,0.0,Acima da média
137,26108038,2017,1,2,2605,26017,26,2603454,260345405,2,2,1.0,1.0,1.0,0.0,0.0,0.0,0.0,0.0,0.0,0.0,0.0,0.0,0.0,1.0,0.0,1.0,0.0,0.0,0.0,1.0,0.0,0.0,0.0,0.0,1.0,0.0,1.0,0.0,0.0,0.0,0.0,0.0,1.0,1.0,1.0,1.0,0.0,1.0,0.0,1.0,1.0,1.0,1.0,1.0,0.0,0.0,0.0,1.0,0.0,1.0,0.0,1.0,1.0,0.0,0.0,1.0,1.0,0.0,0.0,0.0,0.0,0.0,0.0,0.0,16.0,16.0,1.0,0.0,1.0,0.0,1.0,0.0,1.0,1.0,1.0,1.0,0.0,1.0,1.0,3.0,0.0,4.0,0.0,1.0,0.0,2.0,1.0,4.0,16.0,0.0,1.0,22.0,4.0,20.0,1.0,1.0,42.0,1.0,0.0,0.0,0.0,0.0,0.0,1.0,0.0,0.0,0.0,0.0,1.0,0.0,0.0,0.0,1.0,0.0,0.0,0.0,0.0,0.0,0.0,1.0,0.0,0.0,0.0,0.0,0.0,0.0,0.0,0.0,0.0,0.0,0.0,0.0,0.0,0.0,0.0,0.0,0.0,32.0,8.0,47.0,8.0,2.0,7.0,0.0,8.0,51.0,38.0,6.0,1.0,0.0,0.0,0.0,104.0,0.0,104.0,24.0,80.0,46.0,44.0,14.0,26.0,64.0,14.0,0.0,58.0,46.0,0.0,2.0,56.0,35.0,11.0,0.0,5.0,20.0,46.0,30.0,3.0,93.0,11.0,0.0,0.0,0.0,91.0,9.0,4.0,0.0,14.0,19.0,12.0,36.0,20.0,3.0,102.0,2.0,97.0,7.0,70.0,27.0,7.0,3.0,18.0,16.0,15.0,32.0,11.0,9.0,99.0,5.0,75.0,29.0,47.0,51.0,6.0,104.0,0.0,99.0,5.0,98.0,6.0,102.0,2.0,85.0,19.0,37.0,55.0,12.0,70.0,30.0,4.0,14.0,27.0,29.0,34.0,0.0,40.0,35.0,9.0,3.0,17.0,5.0,99.0,54.0,45.0,4.0,1.0,86.0,3.0,15.0,77.0,22.0,5.0,101.0,2.0,1.0,9.0,95.0,90.0,14.0,53.0,45.0,5.0,1.0,80.0,23.0,1.0,61.0,40.0,3.0,99.0,5.0,0.0,77.0,24.0,2.0,1.0,56.0,48.0,39.0,54.0,10.0,1.0,94.0,10.0,0.0,70.0,32.0,2.0,57.0,47.0,0.0,97.0,7.0,0.0,72.0,31.0,1.0,0.0,20.0,60.0,23.0,1.0,Acima da média
138,26108046,2017,1,2,2605,26017,26,2603454,260345405,2,2,1.0,1.0,1.0,0.0,0.0,0.0,0.0,0.0,0.0,0.0,0.0,0.0,0.0,1.0,0.0,1.0,0.0,0.0,0.0,1.0,0.0,0.0,0.0,0.0,1.0,0.0,1.0,0.0,0.0,0.0,0.0,0.0,1.0,1.0,1.0,0.0,0.0,0.0,1.0,1.0,1.0,1.0,0.0,1.0,0.0,0.0,0.0,1.0,0.0,0.0,0.0,0.0,0.0,0.0,0.0,0.0,0.0,0.0,0.0,0.0,0.0,0.0,0.0,0.0,9.0,7.0,1.0,0.0,1.0,0.0,1.0,1.0,1.0,0.0,1.0,1.0,1.0,1.0,1.0,2.0,0.0,1.0,0.0,3.0,1.0,3.0,0.0,3.0,7.0,1.0,2.0,20.0,6.0,14.0,1.0,0.0,45.0,1.0,0.0,1.0,0.0,0.0,0.0,1.0,0.0,0.0,0.0,0.0,1.0,0.0,0.0,0.0,1.0,1.0,0.0,0.0,0.0,0.0,1.0,1.0,0.0,0.0,0.0,0.0,0.0,0.0,0.0,0.0,0.0,1.0,1.0,0.0,0.0,0.0,0.0,0.0,0.0,6.0,5.0,23.0,5.0,2.0,0.0,0.0,2.0,8.0,20.0,7.0,2.0,1.0,1.0,3.0,38.0,1.0,40.0,22.0,19.0,29.0,12.0,0.0,23.0,16.0,2.0,0.0,34.0,7.0,0.0,0.0,27.0,13.0,1.0,0.0,4.0,11.0,11.0,9.0,6.0,36.0,5.0,0.0,0.0,0.0,35.0,5.0,1.0,1.0,14.0,8.0,8.0,7.0,0.0,3.0,35.0,6.0,28.0,13.0,22.0,18.0,1.0,4.0,13.0,5.0,3.0,2.0,0.0,14.0,28.0,13.0,17.0,24.0,21.0,13.0,7.0,41.0,0.0,36.0,5.0,32.0,9.0,39.0,2.0,23.0,18.0,16.0,16.0,9.0,27.0,12.0,2.0,10.0,4.0,6.0,18.0,3.0,10.0,19.0,4.0,6.0,2.0,6.0,35.0,16.0,15.0,9.0,1.0,37.0,2.0,2.0,19.0,14.0,8.0,36.0,4.0,1.0,5.0,36.0,28.0,13.0,23.0,16.0,1.0,1.0,34.0,6.0,1.0,25.0,15.0,1.0,34.0,5.0,2.0,21.0,14.0,3.0,3.0,25.0,16.0,26.0,12.0,3.0,0.0,35.0,6.0,0.0,24.0,17.0,0.0,19.0,22.0,0.0,30.0,11.0,0.0,31.0,9.0,1.0,0.0,6.0,24.0,11.0,0.0,Abaixo da média
139,26108275,2017,1,2,2605,26017,26,2603454,260345405,2,1,1.0,1.0,3.0,0.0,0.0,0.0,0.0,0.0,0.0,0.0,0.0,1.0,0.0,1.0,1.0,0.0,0.0,0.0,0.0,1.0,0.0,0.0,0.0,0.0,1.0,0.0,0.0,0.0,1.0,0.0,0.0,0.0,1.0,1.0,0.0,0.0,0.0,0.0,1.0,1.0,1.0,1.0,0.0,1.0,0.0,0.0,0.0,1.0,0.0,0.0,0.0,0.0,0.0,0.0,0.0,0.0,0.0,0.0,0.0,0.0,0.0,0.0,0.0,0.0,12.0,11.0,1.0,0.0,1.0,0.0,0.0,0.0,1.0,0.0,1.0,1.0,0.0,1.0,1.0,5.0,0.0,2.0,0.0,0.0,0.0,5.0,0.0,4.0,11.0,0.0,3.0,22.0,4.0,18.0,1.0,1.0,36.0,1.0,0.0,1.0,0.0,0.0,0.0,1.0,0.0,0.0,0.0,0.0,1.0,0.0,0.0,0.0,1.0,0.0,0.0,0.0,0.0,0.0,1.0,1.0,0.0,0.0,0.0,0.0,0.0,0.0,0.0,0.0,0.0,0.0,0.0,0.0,0.0,0.0,0.0,0.0,0.0,3.0,8.0,12.0,1.0,3.0,2.0,0.0,2.0,9.0,11.0,6.0,0.0,0.0,1.0,2.0,27.0,0.0,29.0,14.0,15.0,23.0,5.0,1.0,17.0,10.0,2.0,0.0,23.0,6.0,0.0,0.0,17.0,10.0,2.0,0.0,2.0,4.0,11.0,7.0,5.0,24.0,4.0,1.0,0.0,0.0,23.0,6.0,0.0,0.0,6.0,7.0,4.0,6.0,0.0,6.0,27.0,2.0,22.0,7.0,16.0,12.0,1.0,2.0,3.0,9.0,4.0,3.0,1.0,7.0,25.0,4.0,22.0,7.0,20.0,6.0,3.0,28.0,1.0,27.0,2.0,27.0,2.0,29.0,0.0,18.0,11.0,8.0,18.0,3.0,24.0,5.0,0.0,5.0,5.0,7.0,12.0,0.0,10.0,8.0,4.0,5.0,2.0,3.0,26.0,8.0,14.0,7.0,0.0,25.0,1.0,3.0,18.0,7.0,4.0,28.0,1.0,0.0,6.0,23.0,25.0,4.0,15.0,13.0,0.0,1.0,24.0,5.0,0.0,24.0,4.0,1.0,29.0,0.0,0.0,21.0,8.0,0.0,0.0,13.0,16.0,11.0,13.0,1.0,4.0,23.0,4.0,2.0,16.0,11.0,2.0,18.0,8.0,3.0,22.0,5.0,2.0,19.0,9.0,0.0,1.0,3.0,12.0,13.0,1.0,Abaixo da média
140,26165112,2017,1,2,2605,26017,26,2603454,260345405,2,1,1.0,1.0,2.0,0.0,0.0,0.0,0.0,0.0,0.0,0.0,0.0,0.0,0.0,1.0,1.0,0.0,0.0,0.0,0.0,1.0,0.0,0.0,0.0,1.0,0.0,0.0,1.0,0.0,0.0,0.0,0.0,0.0,1.0,1.0,1.0,0.0,0.0,0.0,0.0,0.0,1.0,1.0,0.0,1.0,0.0,0.0,0.0,1.0,0.0,0.0,0.0,0.0,0.0,0.0,0.0,0.0,0.0,0.0,0.0,0.0,0.0,0.0,0.0,0.0,10.0,10.0,0.0,0.0,0.0,0.0,0.0,0.0,0.0,0.0,0.0,0.0,0.0,0.0,1.0,0.0,0.0,0.0,0.0,0.0,0.0,0.0,0.0,0.0,0.0,0.0,0.0,11.0,1.0,10.0,1.0,1.0,50.0,1.0,0.0,1.0,0.0,0.0,0.0,1.0,0.0,0.0,0.0,0.0,1.0,0.0,0.0,0.0,1.0,0.0,1.0,0.0,0.0,0.0,1.0,1.0,0.0,1.0,0.0,0.0,0.0,0.0,0.0,0.0,0.0,0.0,0.0,0.0,0.0,0.0,0.0,0.0,0.0,2.0,15.0,21.0,2.0,2.0,1.0,0.0,3.0,22.0,4.0,8.0,3.0,1.0,2.0,1.0,42.0,0.0,43.0,23.0,20.0,37.0,6.0,0.0,20.0,22.0,1.0,0.0,39.0,4.0,0.0,8.0,22.0,11.0,2.0,1.0,4.0,11.0,13.0,7.0,7.0,39.0,3.0,1.0,0.0,0.0,33.0,8.0,2.0,1.0,6.0,7.0,10.0,10.0,2.0,7.0,41.0,2.0,31.0,12.0,19.0,19.0,5.0,3.0,5.0,7.0,8.0,13.0,0.0,7.0,39.0,4.0,32.0,11.0,12.0,15.0,16.0,41.0,2.0,39.0,4.0,39.0,4.0,41.0,2.0,30.0,13.0,17.0,23.0,3.0,30.0,12.0,1.0,6.0,12.0,8.0,14.0,3.0,13.0,16.0,5.0,4.0,5.0,11.0,32.0,20.0,18.0,5.0,0.0,34.0,2.0,7.0,26.0,7.0,10.0,34.0,8.0,1.0,6.0,37.0,34.0,9.0,24.0,15.0,4.0,0.0,40.0,2.0,1.0,34.0,8.0,1.0,36.0,6.0,1.0,39.0,4.0,0.0,0.0,28.0,15.0,25.0,15.0,2.0,1.0,38.0,4.0,1.0,37.0,4.0,2.0,31.0,11.0,1.0,32.0,10.0,1.0,34.0,8.0,0.0,1.0,7.0,20.0,16.0,0.0,Abaixo da média
143,26083639,2017,1,2,2603,26012,26,2603504,260350405,2,1,1.0,1.0,1.0,0.0,0.0,0.0,0.0,0.0,0.0,0.0,0.0,0.0,0.0,1.0,1.0,0.0,0.0,0.0,0.0,1.0,0.0,0.0,0.0,1.0,0.0,0.0,1.0,0.0,0.0,0.0,0.0,0.0,1.0,1.0,1.0,1.0,1.0,0.0,0.0,0.0,1.0,1.0,0.0,1.0,0.0,0.0,0.0,1.0,0.0,1.0,1.0,1.0,1.0,0.0,1.0,1.0,1.0,1.0,0.0,0.0,0.0,1.0,0.0,0.0,9.0,9.0,1.0,0.0,0.0,1.0,0.0,0.0,1.0,1.0,1.0,1.0,0.0,1.0,1.0,1.0,0.0,0.0,1.0,0.0,0.0,1.0,2.0,5.0,2.0,0.0,6.0,20.0,3.0,17.0,1.0,1.0,43.0,1.0,0.0,0.0,0.0,0.0,0.0,1.0,0.0,0.0,1.0,0.0,1.0,0.0,0.0,0.0,1.0,1.0,0.0,0.0,0.0,0.0,0.0,1.0,0.0,0.0,0.0,0.0,0.0,0.0,0.0,0.0,0.0,0.0,1.0,0.0,0.0,0.0,0.0,0.0,0.0,33.0,6.0,53.0,4.0,1.0,3.0,0.0,2.0,30.0,33.0,22.0,12.0,1.0,0.0,5.0,95.0,3.0,97.0,81.0,19.0,86.0,14.0,0.0,79.0,20.0,1.0,0.0,86.0,14.0,3.0,6.0,57.0,31.0,3.0,0.0,13.0,29.0,30.0,18.0,10.0,94.0,6.0,0.0,0.0,0.0,87.0,7.0,6.0,13.0,41.0,17.0,5.0,11.0,4.0,9.0,72.0,28.0,55.0,45.0,51.0,45.0,4.0,14.0,36.0,16.0,3.0,6.0,3.0,22.0,59.0,41.0,38.0,62.0,81.0,15.0,4.0,100.0,0.0,93.0,7.0,83.0,17.0,99.0,1.0,72.0,28.0,35.0,52.0,13.0,67.0,31.0,2.0,14.0,37.0,19.0,27.0,3.0,29.0,34.0,9.0,9.0,19.0,12.0,88.0,28.0,59.0,12.0,1.0,94.0,2.0,4.0,49.0,35.0,16.0,96.0,3.0,1.0,15.0,85.0,86.0,14.0,69.0,31.0,0.0,0.0,83.0,17.0,0.0,52.0,48.0,0.0,89.0,9.0,2.0,92.0,7.0,1.0,0.0,60.0,40.0,73.0,21.0,6.0,0.0,95.0,4.0,1.0,68.0,32.0,0.0,75.0,25.0,0.0,78.0,22.0,0.0,99.0,0.0,1.0,0.0,22.0,57.0,21.0,0.0,Acima da média
144,26087715,2017,1,2,2604,26013,26,2603603,260360305,2,1,1.0,1.0,1.0,0.0,0.0,0.0,0.0,0.0,0.0,0.0,0.0,0.0,0.0,1.0,1.0,0.0,0.0,0.0,0.0,1.0,0.0,0.0,0.0,0.0,1.0,0.0,1.0,0.0,0.0,0.0,0.0,0.0,1.0,1.0,1.0,0.0,0.0,1.0,0.0,1.0,1.0,1.0,0.0,1.0,0.0,0.0,0.0,1.0,0.0,1.0,0.0,1.0,0.0,1.0,1.0,0.0,0.0,1.0,0.0,0.0,0.0,1.0,0.0,0.0,8.0,8.0,1.0,0.0,1.0,1.0,0.0,0.0,1.0,1.0,1.0,1.0,0.0,1.0,1.0,3.0,0.0,4.0,1.0,0.0,0.0,3.0,2.0,2.0,3.0,0.0,1.0,14.0,4.0,10.0,1.0,0.0,33.0,1.0,0.0,0.0,0.0,0.0,0.0,1.0,0.0,0.0,0.0,0.0,1.0,0.0,0.0,0.0,1.0,1.0,0.0,0.0,0.0,0.0,0.0,1.0,0.0,0.0,0.0,0.0,0.0,0.0,0.0,0.0,0.0,0.0,1.0,0.0,0.0,0.0,0.0,0.0,0.0,15.0,10.0,49.0,2.0,1.0,6.0,0.0,1.0,33.0,29.0,13.0,5.0,1.0,1.0,3.0,80.0,0.0,83.0,59.0,24.0,65.0,17.0,1.0,59.0,23.0,1.0,3.0,71.0,9.0,0.0,5.0,46.0,30.0,2.0,0.0,7.0,12.0,28.0,24.0,12.0,79.0,3.0,1.0,0.0,0.0,72.0,8.0,3.0,1.0,30.0,14.0,8.0,16.0,9.0,5.0,73.0,10.0,66.0,17.0,58.0,21.0,4.0,9.0,29.0,10.0,8.0,12.0,1.0,14.0,63.0,20.0,47.0,36.0,63.0,17.0,3.0,80.0,3.0,76.0,7.0,70.0,13.0,81.0,2.0,64.0,19.0,29.0,50.0,4.0,61.0,20.0,2.0,26.0,28.0,12.0,11.0,6.0,37.0,20.0,4.0,5.0,17.0,4.0,79.0,37.0,36.0,7.0,3.0,75.0,1.0,7.0,49.0,27.0,7.0,81.0,1.0,1.0,20.0,63.0,75.0,8.0,69.0,13.0,1.0,0.0,71.0,11.0,1.0,54.0,26.0,3.0,77.0,5.0,1.0,83.0,0.0,0.0,0.0,50.0,33.0,58.0,21.0,4.0,0.0,79.0,4.0,0.0,54.0,27.0,2.0,58.0,24.0,1.0,70.0,11.0,2.0,78.0,5.0,0.0,0.0,21.0,49.0,13.0,0.0,Abaixo da média
145,26074311,2017,1,2,2603,26011,26,2603702,260370205,2,1,1.0,1.0,1.0,0.0,0.0,0.0,0.0,0.0,0.0,0.0,0.0,0.0,0.0,1.0,1.0,0.0,0.0,0.0,0.0,1.0,0.0,0.0,0.0,0.0,1.0,0.0,1.0,0.0,0.0,0.0,0.0,0.0,1.0,1.0,1.0,1.0,0.0,0.0,1.0,1.0,1.0,1.0,0.0,1.0,0.0,0.0,0.0,1.0,0.0,0.0,0.0,0.0,0.0,0.0,0.0,0.0,0.0,0.0,0.0,0.0,0.0,0.0,0.0,0.0,11.0,19.0,0.0,0.0,0.0,0.0,0.0,0.0,0.0,0.0,0.0,0.0,0.0,0.0,1.0,0.0,0.0,0.0,0.0,0.0,0.0,0.0,0.0,0.0,0.0,0.0,0.0,10.0,2.0,8.0,1.0,1.0,32.0,1.0,0.0,0.0,0.0,0.0,0.0,1.0,0.0,0.0,0.0,0.0,1.0,0.0,0.0,0.0,1.0,0.0,0.0,0.0,0.0,0.0,0.0,1.0,0.0,0.0,0.0,0.0,0.0,0.0,0.0,0.0,0.0,0.0,0.0,0.0,0.0,0.0,0.0,0.0,0.0,23.0,3.0,71.0,4.0,0.0,1.0,0.0,3.0,40.0,38.0,17.0,4.0,0.0,0.0,2.0,100.0,8.0,94.0,72.0,30.0,73.0,24.0,5.0,79.0,22.0,1.0,1.0,79.0,22.0,1.0,2.0,40.0,52.0,7.0,0.0,7.0,20.0,25.0,32.0,18.0,98.0,4.0,0.0,0.0,0.0,89.0,8.0,5.0,8.0,35.0,21.0,7.0,18.0,2.0,11.0,85.0,17.0,72.0,30.0,69.0,26.0,7.0,14.0,36.0,14.0,7.0,1.0,2.0,28.0,66.0,36.0,45.0,57.0,87.0,10.0,5.0,100.0,2.0,95.0,7.0,87.0,15.0,100.0,2.0,76.0,26.0,35.0,59.0,8.0,66.0,32.0,4.0,37.0,36.0,13.0,13.0,3.0,26.0,32.0,12.0,12.0,20.0,6.0,96.0,12.0,62.0,26.0,2.0,98.0,1.0,3.0,65.0,29.0,8.0,97.0,5.0,0.0,13.0,89.0,93.0,9.0,69.0,28.0,3.0,2.0,97.0,3.0,2.0,64.0,37.0,1.0,87.0,15.0,0.0,100.0,0.0,0.0,2.0,52.0,50.0,50.0,39.0,7.0,6.0,89.0,8.0,5.0,70.0,26.0,6.0,75.0,21.0,6.0,55.0,40.0,7.0,75.0,14.0,4.0,9.0,27.0,56.0,19.0,0.0,Abaixo da média
147,26053608,2017,1,2,2603,26008,26,2603801,260380105,2,1,1.0,1.0,2.0,0.0,0.0,0.0,0.0,0.0,0.0,0.0,0.0,0.0,0.0,1.0,1.0,0.0,1.0,0.0,0.0,1.0,0.0,0.0,0.0,1.0,0.0,0.0,1.0,0.0,0.0,0.0,0.0,0.0,1.0,1.0,1.0,0.0,0.0,0.0,0.0,0.0,1.0,1.0,1.0,1.0,0.0,0.0,1.0,1.0,0.0,0.0,0.0,0.0,0.0,0.0,0.0,0.0,0.0,0.0,0.0,0.0,0.0,0.0,0.0,0.0,33.0,36.0,0.0,0.0,0.0,0.0,0.0,0.0,0.0,0.0,0.0,0.0,0.0,0.0,1.0,0.0,0.0,0.0,0.0,0.0,0.0,0.0,0.0,0.0,0.0,0.0,0.0,13.0,2.0,10.0,1.0,0.0,51.0,1.0,0.0,0.0,0.0,0.0,0.0,1.0,0.0,0.0,0.0,0.0,1.0,0.0,0.0,0.0,1.0,1.0,0.0,0.0,0.0,0.0,0.0,1.0,0.0,0.0,0.0,0.0,0.0,0.0,0.0,0.0,0.0,0.0,1.0,0.0,0.0,0.0,0.0,0.0,0.0,77.0,12.0,62.0,11.0,2.0,10.0,1.0,22.0,87.0,38.0,13.0,8.0,1.0,4.0,5.0,169.0,2.0,172.0,110.0,64.0,115.0,52.0,7.0,124.0,43.0,7.0,2.0,139.0,33.0,0.0,8.0,65.0,86.0,15.0,1.0,7.0,33.0,56.0,37.0,40.0,157.0,15.0,1.0,0.0,1.0,157.0,11.0,6.0,16.0,52.0,28.0,17.0,37.0,11.0,13.0,142.0,32.0,115.0,59.0,128.0,41.0,5.0,25.0,62.0,23.0,10.0,22.0,5.0,27.0,117.0,57.0,75.0,99.0,72.0,76.0,26.0,173.0,1.0,157.0,17.0,141.0,33.0,172.0,2.0,123.0,51.0,68.0,90.0,16.0,120.0,50.0,4.0,44.0,44.0,33.0,38.0,15.0,43.0,47.0,23.0,28.0,33.0,22.0,152.0,40.0,91.0,38.0,5.0,170.0,0.0,4.0,113.0,52.0,9.0,159.0,13.0,2.0,38.0,136.0,148.0,26.0,110.0,55.0,8.0,1.0,149.0,18.0,7.0,105.0,63.0,6.0,145.0,25.0,4.0,135.0,32.0,5.0,2.0,108.0,66.0,97.0,57.0,17.0,3.0,165.0,6.0,3.0,141.0,30.0,3.0,109.0,62.0,3.0,112.0,58.0,4.0,155.0,14.0,2.0,3.0,70.0,82.0,21.0,1.0,Abaixo da média
148,26016010,2017,1,2,2601,26003,26,2603900,260390005,2,1,1.0,1.0,1.0,0.0,0.0,0.0,0.0,0.0,0.0,0.0,0.0,0.0,0.0,1.0,1.0,0.0,0.0,0.0,0.0,1.0,0.0,0.0,0.0,1.0,0.0,0.0,1.0,0.0,0.0,0.0,0.0,0.0,1.0,1.0,1.0,1.0,0.0,1.0,0.0,1.0,1.0,1.0,0.0,1.0,0.0,0.0,0.0,1.0,0.0,1.0,1.0,1.0,0.0,1.0,0.0,1.0,0.0,0.0,0.0,0.0,0.0,0.0,0.0,0.0,10.0,7.0,1.0,0.0,1.0,0.0,1.0,0.0,1.0,1.0,1.0,1.0,0.0,1.0,1.0,1.0,0.0,2.0,0.0,1.0,0.0,2.0,3.0,1.0,1.0,0.0,1.0,20.0,5.0,13.0,1.0,1.0,51.0,1.0,0.0,0.0,0.0,0.0,0.0,1.0,0.0,0.0,1.0,0.0,1.0,0.0,0.0,1.0,1.0,1.0,1.0,0.0,0.0,0.0,0.0,1.0,0.0,1.0,0.0,0.0,1.0,0.0,0.0,0.0,0.0,1.0,1.0,0.0,0.0,0.0,0.0,0.0,0.0,13.0,7.0,44.0,3.0,4.0,7.0,0.0,0.0,37.0,31.0,6.0,4.0,0.0,0.0,2.0,76.0,1.0,77.0,37.0,41.0,65.0,12.0,1.0,61.0,15.0,2.0,1.0,72.0,5.0,0.0,4.0,27.0,41.0,6.0,0.0,7.0,11.0,33.0,12.0,15.0,73.0,5.0,0.0,0.0,0.0,70.0,4.0,4.0,4.0,28.0,12.0,8.0,8.0,0.0,18.0,68.0,10.0,58.0,20.0,59.0,14.0,5.0,13.0,26.0,9.0,3.0,2.0,1.0,24.0,47.0,31.0,32.0,46.0,53.0,19.0,6.0,75.0,3.0,73.0,5.0,62.0,16.0,76.0,2.0,52.0,26.0,17.0,51.0,10.0,50.0,23.0,5.0,26.0,21.0,3.0,21.0,7.0,22.0,18.0,6.0,22.0,10.0,14.0,64.0,20.0,39.0,14.0,5.0,77.0,0.0,1.0,57.0,17.0,4.0,72.0,4.0,2.0,23.0,55.0,60.0,18.0,38.0,33.0,1.0,6.0,60.0,11.0,7.0,37.0,33.0,8.0,59.0,14.0,5.0,57.0,11.0,2.0,8.0,42.0,36.0,33.0,33.0,6.0,6.0,67.0,5.0,6.0,57.0,17.0,4.0,42.0,32.0,4.0,54.0,21.0,3.0,64.0,6.0,3.0,5.0,15.0,40.0,21.0,2.0,Abaixo da média
149,26016028,2017,1,2,2601,26003,26,2603900,260390005,2,1,1.0,1.0,1.0,0.0,0.0,0.0,0.0,0.0,0.0,0.0,0.0,0.0,0.0,1.0,1.0,0.0,0.0,0.0,0.0,1.0,0.0,0.0,0.0,0.0,1.0,0.0,1.0,0.0,0.0,0.0,0.0,0.0,1.0,1.0,1.0,1.0,0.0,1.0,0.0,1.0,1.0,1.0,0.0,1.0,0.0,0.0,0.0,1.0,0.0,1.0,1.0,1.0,0.0,0.0,0.0,1.0,0.0,1.0,0.0,0.0,0.0,0.0,0.0,0.0,12.0,12.0,1.0,1.0,1.0,1.0,1.0,0.0,1.0,1.0,1.0,1.0,0.0,1.0,1.0,3.0,1.0,2.0,1.0,1.0,0.0,1.0,2.0,2.0,7.0,0.0,2.0,10.0,3.0,10.0,1.0,1.0,33.0,1.0,0.0,0.0,0.0,0.0,0.0,1.0,0.0,0.0,0.0,0.0,1.0,0.0,0.0,0.0,1.0,0.0,0.0,0.0,0.0,0.0,0.0,1.0,0.0,0.0,0.0,0.0,0.0,0.0,0.0,0.0,0.0,0.0,0.0,0.0,0.0,0.0,0.0,0.0,0.0,19.0,4.0,36.0,7.0,1.0,3.0,0.0,14.0,38.0,16.0,2.0,0.0,0.0,0.0,0.0,70.0,0.0,70.0,54.0,16.0,45.0,23.0,2.0,34.0,31.0,5.0,0.0,54.0,16.0,0.0,0.0,29.0,36.0,5.0,0.0,2.0,18.0,22.0,23.0,5.0,65.0,5.0,0.0,0.0,0.0,60.0,4.0,6.0,2.0,6.0,9.0,7.0,22.0,17.0,7.0,65.0,5.0,55.0,15.0,50.0,17.0,3.0,3.0,15.0,13.0,8.0,13.0,2.0,16.0,57.0,13.0,41.0,29.0,62.0,6.0,2.0,69.0,1.0,67.0,3.0,59.0,11.0,70.0,0.0,51.0,19.0,30.0,36.0,4.0,44.0,23.0,3.0,15.0,20.0,12.0,18.0,5.0,25.0,14.0,9.0,2.0,20.0,1.0,69.0,36.0,20.0,14.0,0.0,69.0,1.0,0.0,65.0,4.0,1.0,70.0,0.0,0.0,11.0,59.0,54.0,16.0,35.0,18.0,0.0,17.0,49.0,4.0,17.0,25.0,26.0,19.0,51.0,3.0,16.0,50.0,2.0,0.0,18.0,48.0,22.0,35.0,18.0,2.0,15.0,53.0,3.0,14.0,51.0,4.0,15.0,45.0,10.0,15.0,46.0,7.0,17.0,51.0,3.0,0.0,16.0,32.0,36.0,2.0,0.0,Acima da média
151,26040280,2017,1,2,2602,26006,26,2603926,260392605,2,1,1.0,1.0,1.0,0.0,0.0,0.0,0.0,0.0,0.0,0.0,0.0,1.0,0.0,1.0,1.0,0.0,1.0,0.0,0.0,1.0,0.0,0.0,0.0,1.0,1.0,0.0,1.0,0.0,0.0,0.0,0.0,0.0,0.0,1.0,1.0,0.0,0.0,0.0,1.0,1.0,1.0,1.0,0.0,1.0,0.0,0.0,0.0,1.0,0.0,0.0,0.0,0.0,1.0,0.0,0.0,0.0,0.0,1.0,0.0,0.0,0.0,0.0,0.0,0.0,11.0,8.0,1.0,0.0,1.0,1.0,1.0,0.0,1.0,1.0,1.0,1.0,0.0,1.0,1.0,4.0,0.0,1.0,1.0,2.0,0.0,1.0,3.0,4.0,15.0,0.0,1.0,13.0,13.0,10.0,1.0,0.0,23.0,1.0,0.0,0.0,0.0,0.0,0.0,1.0,0.0,0.0,1.0,0.0,1.0,0.0,0.0,0.0,1.0,1.0,1.0,0.0,0.0,0.0,0.0,1.0,0.0,1.0,0.0,0.0,0.0,0.0,0.0,0.0,0.0,1.0,1.0,0.0,0.0,0.0,0.0,0.0,0.0,1.0,3.0,4.0,0.0,53.0,4.0,0.0,6.0,34.0,20.0,3.0,2.0,0.0,0.0,6.0,59.0,3.0,62.0,51.0,14.0,46.0,14.0,5.0,48.0,14.0,3.0,2.0,51.0,12.0,0.0,2.0,18.0,39.0,6.0,0.0,2.0,7.0,12.0,26.0,18.0,59.0,4.0,2.0,0.0,0.0,61.0,3.0,1.0,2.0,10.0,12.0,2.0,20.0,15.0,4.0,57.0,8.0,54.0,11.0,42.0,22.0,1.0,3.0,8.0,19.0,8.0,11.0,3.0,13.0,54.0,11.0,47.0,18.0,52.0,11.0,2.0,65.0,0.0,63.0,2.0,61.0,4.0,65.0,0.0,57.0,8.0,34.0,25.0,6.0,42.0,20.0,3.0,16.0,20.0,11.0,13.0,5.0,29.0,17.0,7.0,3.0,9.0,2.0,63.0,31.0,27.0,6.0,1.0,64.0,1.0,0.0,50.0,13.0,2.0,62.0,3.0,0.0,15.0,50.0,60.0,5.0,46.0,19.0,0.0,0.0,61.0,3.0,1.0,46.0,17.0,2.0,53.0,11.0,1.0,63.0,2.0,0.0,0.0,57.0,8.0,52.0,12.0,1.0,0.0,64.0,1.0,0.0,63.0,2.0,0.0,54.0,11.0,0.0,46.0,18.0,1.0,63.0,2.0,0.0,0.0,21.0,41.0,3.0,0.0,Acima da média
154,26087910,2017,1,2,2604,26013,26,2604007,260400705,2,1,1.0,1.0,1.0,0.0,0.0,0.0,0.0,0.0,0.0,0.0,0.0,0.0,0.0,1.0,1.0,0.0,0.0,0.0,0.0,1.0,0.0,0.0,0.0,0.0,1.0,0.0,1.0,0.0,0.0,0.0,0.0,0.0,1.0,1.0,1.0,1.0,1.0,1.0,0.0,1.0,1.0,1.0,0.0,1.0,0.0,0.0,0.0,1.0,0.0,1.0,0.0,1.0,1.0,0.0,1.0,0.0,1.0,1.0,1.0,0.0,0.0,0.0,0.0,0.0,18.0,18.0,1.0,0.0,1.0,1.0,1.0,0.0,1.0,1.0,1.0,1.0,0.0,1.0,1.0,4.0,0.0,2.0,1.0,1.0,0.0,2.0,4.0,4.0,17.0,0.0,2.0,28.0,5.0,23.0,1.0,1.0,63.0,1.0,1.0,1.0,0.0,0.0,0.0,1.0,0.0,0.0,0.0,0.0,1.0,0.0,0.0,1.0,1.0,1.0,0.0,0.0,0.0,0.0,0.0,1.0,0.0,0.0,0.0,0.0,1.0,0.0,0.0,0.0,0.0,0.0,1.0,0.0,0.0,0.0,0.0,0.0,0.0,50.0,16.0,98.0,6.0,1.0,9.0,0.0,8.0,83.0,53.0,27.0,8.0,1.0,0.0,7.0,173.0,0.0,180.0,93.0,87.0,125.0,52.0,3.0,84.0,80.0,16.0,0.0,128.0,52.0,0.0,6.0,83.0,83.0,8.0,0.0,15.0,34.0,69.0,38.0,24.0,163.0,16.0,1.0,0.0,0.0,161.0,13.0,6.0,1.0,20.0,31.0,22.0,87.0,9.0,10.0,176.0,4.0,148.0,32.0,100.0,71.0,9.0,4.0,37.0,26.0,22.0,49.0,8.0,34.0,150.0,30.0,101.0,79.0,117.0,54.0,9.0,178.0,2.0,174.0,6.0,162.0,18.0,176.0,4.0,148.0,32.0,61.0,104.0,15.0,137.0,42.0,1.0,30.0,44.0,46.0,53.0,7.0,56.0,73.0,10.0,16.0,25.0,9.0,171.0,73.0,97.0,9.0,1.0,145.0,5.0,30.0,107.0,59.0,14.0,168.0,11.0,1.0,26.0,154.0,155.0,25.0,122.0,55.0,1.0,2.0,163.0,16.0,1.0,119.0,59.0,2.0,169.0,10.0,1.0,155.0,21.0,2.0,2.0,122.0,58.0,119.0,52.0,6.0,3.0,171.0,5.0,4.0,139.0,37.0,4.0,129.0,46.0,5.0,156.0,20.0,4.0,161.0,10.0,4.0,5.0,30.0,99.0,50.0,1.0,Acima da média
155,26087928,2017,1,2,2604,26013,26,2604007,260400705,2,1,1.0,1.0,1.0,0.0,0.0,0.0,0.0,0.0,0.0,0.0,0.0,1.0,0.0,1.0,1.0,0.0,0.0,0.0,0.0,1.0,0.0,0.0,0.0,0.0,1.0,0.0,1.0,0.0,0.0,0.0,0.0,0.0,1.0,1.0,1.0,1.0,0.0,0.0,1.0,1.0,1.0,1.0,0.0,1.0,0.0,0.0,1.0,1.0,0.0,0.0,0.0,1.0,0.0,0.0,0.0,0.0,0.0,0.0,1.0,0.0,0.0,0.0,0.0,0.0,12.0,16.0,1.0,0.0,1.0,1.0,0.0,0.0,1.0,1.0,1.0,1.0,0.0,1.0,1.0,3.0,0.0,1.0,1.0,0.0,0.0,2.0,1.0,4.0,15.0,0.0,1.0,37.0,5.0,32.0,1.0,1.0,46.0,1.0,0.0,1.0,0.0,0.0,0.0,1.0,0.0,0.0,1.0,0.0,1.0,0.0,0.0,0.0,1.0,1.0,0.0,0.0,0.0,0.0,1.0,1.0,0.0,0.0,0.0,0.0,0.0,0.0,0.0,0.0,0.0,0.0,1.0,0.0,0.0,0.0,0.0,0.0,0.0,23.0,15.0,95.0,5.0,4.0,5.0,1.0,9.0,66.0,47.0,17.0,4.0,2.0,1.0,4.0,143.0,1.0,146.0,90.0,57.0,117.0,26.0,4.0,86.0,56.0,5.0,0.0,114.0,33.0,1.0,6.0,62.0,71.0,7.0,0.0,11.0,33.0,55.0,26.0,22.0,127.0,14.0,4.0,1.0,1.0,125.0,18.0,4.0,6.0,36.0,20.0,20.0,38.0,11.0,16.0,125.0,22.0,116.0,31.0,85.0,57.0,5.0,9.0,42.0,23.0,13.0,28.0,1.0,31.0,111.0,36.0,70.0,77.0,80.0,61.0,6.0,146.0,1.0,139.0,8.0,128.0,19.0,145.0,2.0,104.0,43.0,59.0,66.0,22.0,102.0,37.0,8.0,28.0,41.0,25.0,47.0,6.0,47.0,48.0,15.0,20.0,17.0,20.0,127.0,50.0,80.0,16.0,1.0,132.0,6.0,9.0,83.0,54.0,10.0,141.0,4.0,2.0,25.0,122.0,104.0,43.0,85.0,56.0,5.0,1.0,120.0,22.0,5.0,83.0,56.0,8.0,138.0,5.0,4.0,126.0,16.0,3.0,2.0,108.0,39.0,99.0,39.0,8.0,1.0,140.0,5.0,2.0,111.0,31.0,5.0,94.0,51.0,2.0,115.0,31.0,1.0,135.0,10.0,1.0,1.0,33.0,71.0,43.0,0.0,Média
156,26088134,2017,1,2,2604,26013,26,2604007,260400705,2,1,1.0,1.0,1.0,0.0,0.0,0.0,0.0,0.0,0.0,0.0,0.0,0.0,0.0,1.0,1.0,1.0,1.0,0.0,0.0,1.0,0.0,0.0,0.0,0.0,1.0,0.0,1.0,0.0,0.0,0.0,0.0,0.0,1.0,1.0,1.0,1.0,1.0,0.0,1.0,1.0,1.0,1.0,0.0,1.0,0.0,0.0,0.0,1.0,0.0,0.0,0.0,1.0,1.0,0.0,1.0,0.0,0.0,0.0,0.0,0.0,0.0,1.0,0.0,0.0,14.0,14.0,1.0,0.0,1.0,0.0,0.0,0.0,1.0,1.0,1.0,1.0,0.0,1.0,1.0,2.0,0.0,1.0,0.0,0.0,0.0,3.0,3.0,2.0,5.0,0.0,2.0,16.0,3.0,13.0,1.0,1.0,55.0,1.0,0.0,1.0,0.0,0.0,0.0,1.0,0.0,0.0,0.0,0.0,1.0,0.0,0.0,0.0,1.0,1.0,0.0,0.0,0.0,0.0,1.0,1.0,0.0,0.0,0.0,0.0,0.0,0.0,0.0,0.0,0.0,1.0,1.0,0.0,0.0,0.0,0.0,0.0,0.0,14.0,16.0,49.0,3.0,4.0,8.0,0.0,6.0,40.0,26.0,12.0,5.0,1.0,4.0,2.0,92.0,0.0,94.0,61.0,33.0,80.0,13.0,1.0,64.0,26.0,4.0,0.0,72.0,22.0,0.0,4.0,53.0,33.0,4.0,1.0,6.0,18.0,35.0,13.0,21.0,84.0,8.0,2.0,0.0,0.0,78.0,8.0,8.0,7.0,25.0,16.0,7.0,25.0,2.0,12.0,79.0,15.0,68.0,26.0,50.0,38.0,6.0,3.0,23.0,17.0,6.0,16.0,0.0,29.0,70.0,24.0,52.0,42.0,59.0,31.0,4.0,89.0,5.0,86.0,8.0,85.0,9.0,94.0,0.0,67.0,27.0,28.0,53.0,13.0,64.0,23.0,7.0,21.0,25.0,13.0,27.0,8.0,29.0,28.0,17.0,7.0,13.0,7.0,87.0,42.0,44.0,7.0,1.0,82.0,2.0,10.0,52.0,32.0,10.0,91.0,3.0,0.0,28.0,66.0,72.0,22.0,58.0,33.0,2.0,1.0,79.0,14.0,1.0,56.0,37.0,1.0,80.0,11.0,3.0,85.0,8.0,0.0,1.0,51.0,43.0,43.0,42.0,8.0,1.0,90.0,3.0,1.0,64.0,29.0,1.0,59.0,33.0,2.0,67.0,25.0,2.0,75.0,16.0,2.0,1.0,14.0,57.0,23.0,0.0,Abaixo da média
157,26088258,2017,1,2,2604,26013,26,2604007,260400705,2,1,1.0,1.0,3.0,0.0,0.0,0.0,0.0,0.0,0.0,0.0,0.0,1.0,0.0,1.0,1.0,0.0,0.0,1.0,0.0,1.0,0.0,0.0,0.0,0.0,1.0,0.0,1.0,0.0,0.0,0.0,0.0,0.0,1.0,1.0,1.0,1.0,1.0,0.0,0.0,0.0,1.0,1.0,0.0,1.0,0.0,0.0,1.0,1.0,0.0,0.0,0.0,1.0,1.0,0.0,0.0,0.0,0.0,1.0,1.0,0.0,0.0,1.0,0.0,0.0,12.0,11.0,1.0,0.0,0.0,0.0,1.0,0.0,1.0,1.0,1.0,1.0,0.0,0.0,1.0,1.0,0.0,0.0,0.0,1.0,0.0,2.0,2.0,1.0,10.0,0.0,0.0,26.0,5.0,21.0,1.0,1.0,50.0,1.0,1.0,0.0,0.0,0.0,0.0,1.0,0.0,0.0,0.0,0.0,1.0,0.0,0.0,0.0,1.0,0.0,0.0,0.0,0.0,0.0,1.0,1.0,0.0,0.0,0.0,0.0,0.0,0.0,0.0,0.0,0.0,0.0,0.0,0.0,0.0,0.0,0.0,0.0,0.0,25.0,8.0,43.0,1.0,1.0,2.0,0.0,8.0,33.0,25.0,11.0,1.0,1.0,1.0,2.0,78.0,0.0,80.0,34.0,46.0,44.0,29.0,7.0,34.0,37.0,9.0,0.0,53.0,27.0,0.0,4.0,34.0,39.0,3.0,0.0,11.0,19.0,28.0,14.0,8.0,73.0,5.0,2.0,0.0,0.0,70.0,8.0,2.0,1.0,7.0,10.0,6.0,38.0,14.0,4.0,77.0,3.0,72.0,8.0,52.0,24.0,4.0,1.0,15.0,15.0,10.0,27.0,6.0,6.0,72.0,8.0,52.0,28.0,55.0,22.0,3.0,79.0,1.0,76.0,4.0,72.0,8.0,79.0,1.0,56.0,24.0,32.0,39.0,9.0,58.0,19.0,3.0,11.0,25.0,9.0,34.0,1.0,23.0,35.0,7.0,7.0,8.0,12.0,68.0,41.0,35.0,3.0,1.0,55.0,6.0,19.0,50.0,23.0,7.0,75.0,3.0,2.0,5.0,75.0,65.0,15.0,49.0,27.0,3.0,1.0,69.0,11.0,0.0,43.0,36.0,1.0,74.0,6.0,0.0,77.0,2.0,1.0,0.0,51.0,29.0,37.0,37.0,5.0,1.0,71.0,8.0,1.0,63.0,16.0,1.0,45.0,33.0,2.0,72.0,7.0,1.0,61.0,15.0,3.0,1.0,22.0,36.0,21.0,1.0,Abaixo da média
158,26088282,2017,1,2,2604,26013,26,2604007,260400705,2,1,1.0,1.0,1.0,0.0,0.0,0.0,0.0,0.0,0.0,0.0,0.0,0.0,0.0,1.0,1.0,0.0,0.0,0.0,0.0,1.0,0.0,0.0,0.0,0.0,1.0,0.0,1.0,0.0,0.0,0.0,0.0,0.0,1.0,1.0,1.0,1.0,0.0,1.0,0.0,1.0,1.0,1.0,1.0,1.0,0.0,0.0,0.0,1.0,0.0,1.0,1.0,1.0,1.0,1.0,1.0,1.0,1.0,1.0,1.0,0.0,0.0,1.0,0.0,0.0,14.0,13.0,1.0,0.0,0.0,0.0,1.0,0.0,1.0,1.0,1.0,1.0,0.0,1.0,1.0,3.0,0.0,0.0,0.0,1.0,0.0,2.0,1.0,4.0,3.0,0.0,1.0,18.0,1.0,17.0,1.0,1.0,43.0,1.0,0.0,0.0,0.0,0.0,0.0,1.0,0.0,0.0,0.0,0.0,1.0,0.0,0.0,0.0,1.0,0.0,0.0,0.0,0.0,0.0,0.0,1.0,0.0,0.0,0.0,0.0,0.0,0.0,0.0,0.0,0.0,0.0,0.0,0.0,0.0,0.0,0.0,0.0,0.0,20.0,16.0,73.0,3.0,2.0,4.0,0.0,6.0,74.0,33.0,4.0,1.0,0.0,0.0,4.0,114.0,2.0,116.0,59.0,59.0,73.0,40.0,5.0,46.0,64.0,8.0,0.0,64.0,54.0,0.0,4.0,49.0,59.0,6.0,1.0,9.0,17.0,50.0,22.0,19.0,108.0,8.0,2.0,0.0,0.0,112.0,2.0,4.0,0.0,16.0,13.0,20.0,48.0,16.0,5.0,115.0,3.0,103.0,15.0,69.0,41.0,8.0,2.0,23.0,16.0,11.0,41.0,7.0,18.0,100.0,18.0,65.0,53.0,96.0,20.0,2.0,116.0,2.0,109.0,9.0,108.0,10.0,116.0,2.0,91.0,27.0,27.0,75.0,16.0,81.0,35.0,2.0,19.0,28.0,24.0,40.0,7.0,45.0,31.0,11.0,3.0,28.0,8.0,110.0,60.0,54.0,4.0,0.0,103.0,7.0,8.0,91.0,25.0,2.0,116.0,2.0,0.0,13.0,105.0,85.0,33.0,65.0,46.0,2.0,5.0,95.0,19.0,4.0,65.0,49.0,4.0,112.0,2.0,4.0,69.0,39.0,6.0,4.0,66.0,52.0,66.0,44.0,4.0,4.0,110.0,4.0,4.0,90.0,24.0,4.0,79.0,34.0,5.0,101.0,13.0,4.0,104.0,9.0,0.0,5.0,19.0,65.0,32.0,2.0,Acima da média
161,26053845,2017,1,2,2603,26008,26,2604106,260410605,2,1,1.0,1.0,1.0,0.0,0.0,0.0,0.0,0.0,0.0,0.0,0.0,0.0,0.0,1.0,1.0,0.0,0.0,0.0,0.0,1.0,0.0,0.0,0.0,1.0,0.0,0.0,1.0,0.0,0.0,0.0,0.0,0.0,1.0,1.0,1.0,1.0,1.0,0.0,1.0,1.0,1.0,1.0,0.0,1.0,0.0,0.0,0.0,1.0,0.0,1.0,0.0,0.0,0.0,0.0,0.0,0.0,0.0,0.0,0.0,0.0,0.0,0.0,0.0,0.0,13.0,13.0,1.0,1.0,1.0,1.0,0.0,0.0,1.0,1.0,1.0,1.0,1.0,1.0,1.0,5.0,1.0,3.0,1.0,0.0,0.0,2.0,3.0,4.0,5.0,1.0,4.0,23.0,2.0,21.0,1.0,1.0,55.0,1.0,0.0,0.0,0.0,0.0,0.0,1.0,0.0,0.0,0.0,0.0,1.0,0.0,0.0,0.0,1.0,1.0,0.0,0.0,0.0,0.0,0.0,1.0,0.0,0.0,0.0,0.0,0.0,0.0,0.0,0.0,0.0,0.0,1.0,0.0,0.0,0.0,0.0,0.0,0.0,53.0,6.0,82.0,8.0,1.0,5.0,0.0,3.0,98.0,37.0,12.0,5.0,0.0,0.0,1.0,154.0,0.0,155.0,63.0,92.0,85.0,66.0,4.0,47.0,93.0,15.0,0.0,89.0,66.0,1.0,1.0,86.0,54.0,13.0,2.0,9.0,45.0,59.0,26.0,14.0,148.0,4.0,2.0,1.0,0.0,132.0,15.0,8.0,1.0,21.0,31.0,22.0,52.0,20.0,8.0,150.0,5.0,121.0,34.0,90.0,60.0,5.0,7.0,27.0,25.0,19.0,40.0,9.0,28.0,137.0,18.0,89.0,66.0,51.0,76.0,28.0,154.0,1.0,136.0,19.0,125.0,30.0,153.0,2.0,103.0,52.0,47.0,88.0,20.0,116.0,35.0,4.0,11.0,43.0,45.0,55.0,1.0,50.0,51.0,19.0,12.0,23.0,23.0,132.0,65.0,81.0,8.0,1.0,129.0,5.0,21.0,125.0,25.0,5.0,149.0,5.0,1.0,12.0,143.0,127.0,28.0,88.0,57.0,6.0,4.0,127.0,22.0,6.0,93.0,57.0,5.0,139.0,12.0,4.0,118.0,29.0,4.0,4.0,64.0,91.0,72.0,60.0,14.0,9.0,130.0,18.0,7.0,90.0,54.0,11.0,76.0,69.0,10.0,130.0,15.0,10.0,108.0,30.0,7.0,10.0,26.0,83.0,46.0,0.0,Acima da média
162,26053853,2017,1,2,2603,26008,26,2604106,260410605,2,1,1.0,1.0,1.0,0.0,0.0,0.0,0.0,0.0,0.0,0.0,1.0,0.0,0.0,1.0,1.0,0.0,0.0,0.0,0.0,1.0,0.0,0.0,0.0,1.0,0.0,0.0,1.0,0.0,0.0,0.0,0.0,0.0,1.0,1.0,1.0,0.0,0.0,0.0,1.0,1.0,1.0,1.0,0.0,1.0,0.0,0.0,0.0,1.0,0.0,1.0,0.0,0.0,0.0,0.0,0.0,0.0,0.0,0.0,0.0,0.0,0.0,0.0,0.0,0.0,17.0,22.0,1.0,0.0,1.0,0.0,0.0,0.0,1.0,1.0,1.0,1.0,0.0,1.0,1.0,3.0,0.0,3.0,0.0,0.0,0.0,3.0,1.0,2.0,15.0,0.0,1.0,19.0,2.0,17.0,1.0,0.0,54.0,1.0,0.0,0.0,0.0,0.0,0.0,1.0,0.0,0.0,0.0,1.0,1.0,0.0,0.0,0.0,1.0,1.0,0.0,0.0,0.0,0.0,0.0,1.0,0.0,0.0,0.0,0.0,0.0,0.0,0.0,0.0,0.0,0.0,1.0,0.0,0.0,0.0,0.0,0.0,0.0,49.0,11.0,99.0,10.0,2.0,5.0,0.0,3.0,82.0,63.0,19.0,8.0,0.0,1.0,6.0,170.0,2.0,174.0,95.0,81.0,108.0,59.0,9.0,97.0,65.0,14.0,0.0,129.0,47.0,2.0,8.0,99.0,55.0,12.0,1.0,28.0,31.0,72.0,19.0,25.0,170.0,5.0,1.0,0.0,0.0,156.0,15.0,5.0,6.0,34.0,46.0,21.0,51.0,9.0,9.0,162.0,14.0,134.0,42.0,105.0,65.0,6.0,16.0,32.0,40.0,25.0,30.0,10.0,23.0,146.0,30.0,99.0,77.0,65.0,71.0,40.0,173.0,3.0,162.0,14.0,147.0,29.0,175.0,1.0,114.0,62.0,60.0,91.0,25.0,130.0,38.0,8.0,15.0,43.0,40.0,72.0,6.0,57.0,48.0,24.0,16.0,31.0,41.0,135.0,65.0,87.0,23.0,1.0,144.0,9.0,23.0,119.0,44.0,13.0,155.0,20.0,1.0,23.0,153.0,124.0,52.0,96.0,60.0,11.0,9.0,142.0,25.0,9.0,100.0,65.0,11.0,149.0,17.0,10.0,143.0,18.0,4.0,11.0,119.0,57.0,113.0,48.0,7.0,8.0,158.0,11.0,7.0,110.0,59.0,7.0,110.0,59.0,7.0,147.0,21.0,8.0,149.0,11.0,4.0,12.0,53.0,89.0,34.0,0.0,Abaixo da média
164,26054027,2017,1,2,2603,26008,26,2604106,260410605,2,1,1.0,1.0,1.0,0.0,0.0,0.0,0.0,0.0,0.0,0.0,0.0,0.0,0.0,1.0,1.0,0.0,0.0,0.0,0.0,1.0,0.0,0.0,0.0,1.0,0.0,0.0,1.0,0.0,0.0,0.0,0.0,0.0,0.0,1.0,1.0,1.0,1.0,1.0,0.0,1.0,1.0,1.0,0.0,1.0,0.0,0.0,0.0,1.0,0.0,1.0,0.0,1.0,0.0,0.0,0.0,0.0,0.0,0.0,0.0,0.0,0.0,0.0,0.0,0.0,11.0,11.0,1.0,0.0,0.0,0.0,1.0,1.0,1.0,1.0,0.0,1.0,0.0,0.0,1.0,2.0,0.0,0.0,0.0,1.0,1.0,4.0,3.0,0.0,2.0,0.0,0.0,22.0,2.0,20.0,1.0,1.0,38.0,1.0,0.0,0.0,0.0,0.0,0.0,1.0,0.0,0.0,0.0,0.0,1.0,0.0,0.0,0.0,1.0,1.0,0.0,0.0,0.0,0.0,0.0,1.0,0.0,0.0,0.0,0.0,0.0,0.0,0.0,0.0,0.0,0.0,1.0,0.0,0.0,0.0,0.0,0.0,0.0,32.0,10.0,55.0,5.0,0.0,2.0,0.0,1.0,61.0,35.0,6.0,0.0,1.0,0.0,1.0,103.0,2.0,102.0,55.0,49.0,52.0,48.0,4.0,32.0,63.0,9.0,0.0,66.0,38.0,1.0,3.0,62.0,32.0,6.0,0.0,9.0,24.0,41.0,25.0,5.0,98.0,5.0,0.0,0.0,1.0,98.0,3.0,3.0,2.0,12.0,25.0,15.0,35.0,13.0,2.0,99.0,5.0,85.0,19.0,56.0,40.0,8.0,2.0,12.0,18.0,17.0,33.0,9.0,13.0,96.0,8.0,66.0,38.0,30.0,54.0,20.0,103.0,1.0,98.0,6.0,85.0,19.0,103.0,1.0,85.0,19.0,42.0,54.0,8.0,75.0,29.0,0.0,9.0,32.0,34.0,27.0,2.0,46.0,25.0,13.0,3.0,17.0,7.0,97.0,50.0,51.0,3.0,0.0,89.0,1.0,14.0,86.0,11.0,7.0,99.0,5.0,0.0,1.0,103.0,84.0,20.0,55.0,37.0,0.0,12.0,84.0,8.0,12.0,54.0,37.0,13.0,88.0,6.0,10.0,49.0,38.0,4.0,13.0,64.0,40.0,51.0,43.0,1.0,9.0,95.0,2.0,7.0,72.0,24.0,8.0,74.0,23.0,7.0,90.0,6.0,8.0,76.0,15.0,3.0,10.0,25.0,63.0,16.0,0.0,Acima da média
165,26054043,2017,1,2,2603,26008,26,2604106,260410605,2,1,1.0,1.0,1.0,0.0,0.0,0.0,0.0,0.0,0.0,0.0,0.0,0.0,0.0,0.0,1.0,0.0,0.0,0.0,0.0,1.0,0.0,0.0,0.0,1.0,0.0,0.0,1.0,0.0,0.0,0.0,0.0,0.0,1.0,1.0,1.0,0.0,0.0,1.0,0.0,1.0,1.0,1.0,0.0,1.0,0.0,0.0,0.0,1.0,0.0,1.0,0.0,0.0,0.0,0.0,0.0,0.0,0.0,0.0,0.0,0.0,0.0,0.0,0.0,0.0,10.0,10.0,1.0,0.0,0.0,0.0,1.0,1.0,1.0,0.0,1.0,1.0,0.0,1.0,1.0,3.0,0.0,0.0,0.0,1.0,1.0,2.0,0.0,2.0,3.0,0.0,2.0,23.0,5.0,15.0,1.0,0.0,40.0,1.0,0.0,0.0,0.0,0.0,0.0,1.0,0.0,0.0,1.0,0.0,1.0,0.0,0.0,0.0,1.0,1.0,0.0,0.0,0.0,0.0,0.0,1.0,0.0,0.0,0.0,0.0,0.0,0.0,0.0,0.0,0.0,0.0,1.0,0.0,0.0,0.0,0.0,0.0,0.0,44.0,10.0,45.0,3.0,0.0,4.0,0.0,5.0,73.0,26.0,2.0,0.0,0.0,0.0,1.0,105.0,1.0,105.0,43.0,63.0,56.0,43.0,7.0,32.0,55.0,19.0,0.0,70.0,36.0,1.0,4.0,62.0,37.0,2.0,0.0,10.0,23.0,46.0,18.0,9.0,103.0,2.0,1.0,0.0,0.0,96.0,5.0,5.0,1.0,15.0,17.0,15.0,41.0,17.0,0.0,100.0,6.0,82.0,24.0,59.0,38.0,9.0,4.0,13.0,21.0,18.0,35.0,7.0,8.0,96.0,10.0,57.0,49.0,65.0,35.0,6.0,104.0,2.0,95.0,11.0,83.0,23.0,105.0,1.0,75.0,31.0,41.0,53.0,12.0,85.0,18.0,3.0,10.0,31.0,36.0,29.0,0.0,42.0,33.0,9.0,6.0,16.0,10.0,96.0,39.0,60.0,7.0,0.0,101.0,1.0,4.0,90.0,15.0,1.0,105.0,1.0,0.0,4.0,102.0,89.0,17.0,87.0,18.0,1.0,0.0,101.0,5.0,0.0,62.0,44.0,0.0,103.0,3.0,0.0,106.0,0.0,0.0,0.0,68.0,38.0,86.0,19.0,1.0,0.0,104.0,2.0,0.0,77.0,29.0,0.0,89.0,17.0,0.0,95.0,11.0,0.0,106.0,0.0,0.0,0.0,17.0,67.0,22.0,0.0,Acima da média
166,26054060,2017,1,2,2603,26008,26,2604106,260410605,2,1,1.0,1.0,2.0,0.0,0.0,0.0,0.0,0.0,0.0,0.0,0.0,0.0,0.0,1.0,1.0,0.0,0.0,0.0,0.0,1.0,0.0,0.0,0.0,1.0,0.0,0.0,1.0,0.0,0.0,0.0,0.0,0.0,0.0,1.0,1.0,0.0,0.0,0.0,1.0,1.0,1.0,1.0,0.0,1.0,0.0,0.0,1.0,1.0,0.0,1.0,0.0,0.0,0.0,0.0,0.0,0.0,0.0,0.0,0.0,0.0,0.0,0.0,0.0,0.0,15.0,15.0,1.0,0.0,1.0,0.0,0.0,1.0,1.0,1.0,1.0,1.0,0.0,1.0,1.0,3.0,0.0,10.0,0.0,0.0,1.0,2.0,3.0,17.0,8.0,0.0,1.0,12.0,2.0,10.0,1.0,1.0,48.0,1.0,0.0,0.0,0.0,0.0,0.0,1.0,0.0,0.0,1.0,0.0,1.0,0.0,0.0,0.0,1.0,0.0,0.0,0.0,0.0,0.0,0.0,1.0,0.0,0.0,0.0,0.0,0.0,0.0,0.0,0.0,0.0,0.0,0.0,0.0,0.0,0.0,0.0,0.0,0.0,38.0,11.0,44.0,9.0,3.0,6.0,0.0,3.0,40.0,27.0,22.0,11.0,3.0,5.0,3.0,108.0,2.0,109.0,59.0,52.0,83.0,25.0,3.0,60.0,45.0,6.0,1.0,93.0,17.0,0.0,9.0,72.0,24.0,6.0,1.0,19.0,23.0,33.0,24.0,11.0,97.0,7.0,5.0,1.0,1.0,87.0,21.0,3.0,5.0,29.0,17.0,13.0,25.0,4.0,18.0,93.0,18.0,67.0,44.0,46.0,60.0,5.0,5.0,26.0,14.0,6.0,21.0,2.0,37.0,86.0,25.0,52.0,59.0,37.0,52.0,22.0,109.0,2.0,102.0,9.0,97.0,14.0,108.0,3.0,62.0,49.0,37.0,53.0,21.0,80.0,26.0,5.0,18.0,30.0,22.0,38.0,3.0,39.0,30.0,12.0,15.0,15.0,36.0,75.0,35.0,63.0,12.0,1.0,93.0,4.0,14.0,65.0,27.0,19.0,87.0,22.0,2.0,27.0,84.0,92.0,19.0,66.0,34.0,4.0,7.0,83.0,23.0,5.0,67.0,38.0,6.0,97.0,7.0,7.0,84.0,18.0,3.0,6.0,54.0,57.0,57.0,39.0,10.0,5.0,98.0,9.0,4.0,76.0,32.0,3.0,69.0,39.0,3.0,95.0,13.0,3.0,80.0,23.0,3.0,5.0,16.0,55.0,36.0,4.0,Abaixo da média
168,26054140,2017,1,2,2603,26008,26,2604106,260410605,2,1,1.0,1.0,1.0,0.0,0.0,0.0,0.0,0.0,0.0,0.0,0.0,0.0,0.0,1.0,1.0,0.0,0.0,0.0,0.0,1.0,0.0,0.0,0.0,1.0,0.0,0.0,1.0,0.0,0.0,0.0,0.0,0.0,1.0,1.0,1.0,0.0,0.0,1.0,0.0,1.0,1.0,1.0,0.0,1.0,0.0,0.0,0.0,1.0,0.0,0.0,0.0,0.0,0.0,0.0,1.0,0.0,0.0,1.0,0.0,0.0,0.0,0.0,0.0,0.0,14.0,13.0,1.0,0.0,0.0,0.0,0.0,0.0,0.0,1.0,1.0,1.0,0.0,1.0,1.0,3.0,0.0,0.0,0.0,0.0,0.0,0.0,3.0,3.0,10.0,0.0,1.0,25.0,6.0,19.0,1.0,1.0,43.0,1.0,0.0,0.0,0.0,0.0,0.0,1.0,0.0,0.0,0.0,0.0,1.0,0.0,0.0,0.0,1.0,1.0,0.0,0.0,0.0,0.0,0.0,1.0,0.0,0.0,0.0,0.0,0.0,0.0,0.0,0.0,0.0,0.0,1.0,0.0,0.0,0.0,0.0,0.0,0.0,35.0,22.0,67.0,10.0,1.0,7.0,0.0,6.0,85.0,40.0,11.0,0.0,0.0,0.0,1.0,141.0,1.0,141.0,72.0,70.0,80.0,55.0,7.0,55.0,73.0,14.0,0.0,86.0,56.0,2.0,5.0,71.0,54.0,10.0,0.0,12.0,42.0,47.0,30.0,11.0,135.0,3.0,2.0,2.0,0.0,134.0,3.0,5.0,3.0,24.0,41.0,19.0,40.0,9.0,6.0,134.0,8.0,114.0,28.0,85.0,53.0,4.0,6.0,24.0,30.0,15.0,40.0,6.0,21.0,128.0,14.0,83.0,59.0,73.0,60.0,9.0,136.0,6.0,123.0,19.0,116.0,26.0,139.0,3.0,103.0,39.0,54.0,75.0,13.0,110.0,29.0,3.0,13.0,37.0,44.0,44.0,4.0,38.0,45.0,17.0,18.0,24.0,19.0,123.0,47.0,80.0,15.0,0.0,133.0,2.0,7.0,113.0,25.0,4.0,139.0,3.0,0.0,12.0,130.0,116.0,26.0,89.0,49.0,3.0,1.0,129.0,13.0,0.0,103.0,39.0,0.0,133.0,9.0,0.0,137.0,3.0,1.0,1.0,86.0,56.0,70.0,65.0,7.0,0.0,139.0,3.0,0.0,108.0,34.0,0.0,102.0,40.0,0.0,124.0,18.0,0.0,133.0,7.0,1.0,1.0,31.0,79.0,32.0,0.0,Acima da média
169,26054809,2017,1,2,2603,26008,26,2604106,260410605,2,1,1.0,1.0,1.0,0.0,0.0,0.0,0.0,0.0,0.0,0.0,0.0,0.0,0.0,1.0,1.0,0.0,0.0,0.0,0.0,1.0,0.0,0.0,0.0,1.0,0.0,0.0,1.0,0.0,0.0,0.0,0.0,0.0,1.0,1.0,1.0,0.0,1.0,0.0,1.0,1.0,1.0,1.0,0.0,1.0,0.0,0.0,0.0,1.0,0.0,0.0,1.0,1.0,0.0,1.0,0.0,0.0,0.0,1.0,1.0,0.0,0.0,0.0,0.0,0.0,13.0,11.0,1.0,1.0,1.0,0.0,1.0,1.0,1.0,0.0,1.0,1.0,0.0,1.0,1.0,4.0,1.0,1.0,0.0,3.0,1.0,1.0,0.0,3.0,6.0,0.0,6.0,37.0,5.0,32.0,1.0,1.0,41.0,1.0,0.0,0.0,0.0,0.0,0.0,1.0,0.0,0.0,0.0,0.0,1.0,0.0,0.0,0.0,1.0,1.0,0.0,0.0,0.0,0.0,0.0,1.0,0.0,0.0,0.0,0.0,0.0,0.0,0.0,0.0,0.0,0.0,1.0,0.0,0.0,0.0,0.0,0.0,0.0,23.0,6.0,50.0,6.0,1.0,2.0,0.0,3.0,52.0,32.0,1.0,0.0,0.0,0.0,3.0,85.0,1.0,87.0,44.0,44.0,44.0,44.0,0.0,22.0,53.0,13.0,1.0,53.0,34.0,1.0,2.0,56.0,25.0,4.0,0.0,5.0,23.0,33.0,16.0,11.0,86.0,2.0,0.0,0.0,0.0,78.0,9.0,1.0,1.0,18.0,27.0,12.0,20.0,8.0,2.0,85.0,3.0,66.0,22.0,65.0,23.0,0.0,4.0,23.0,27.0,8.0,13.0,1.0,12.0,79.0,9.0,50.0,38.0,51.0,33.0,4.0,86.0,2.0,79.0,9.0,72.0,16.0,85.0,3.0,66.0,22.0,36.0,38.0,14.0,63.0,25.0,0.0,9.0,18.0,17.0,44.0,0.0,20.0,40.0,8.0,6.0,14.0,10.0,78.0,45.0,38.0,5.0,0.0,76.0,3.0,9.0,70.0,18.0,0.0,83.0,4.0,1.0,0.0,88.0,77.0,11.0,58.0,26.0,3.0,1.0,81.0,6.0,1.0,60.0,27.0,1.0,84.0,3.0,1.0,84.0,2.0,0.0,2.0,61.0,27.0,43.0,37.0,5.0,3.0,79.0,7.0,2.0,64.0,22.0,2.0,47.0,39.0,2.0,72.0,13.0,3.0,85.0,1.0,0.0,2.0,24.0,53.0,11.0,0.0,Acima da média
170,26054825,2017,1,2,2603,26008,26,2604106,260410605,2,1,1.0,1.0,1.0,0.0,0.0,0.0,0.0,0.0,0.0,0.0,0.0,0.0,0.0,1.0,1.0,0.0,0.0,0.0,0.0,1.0,0.0,0.0,0.0,1.0,0.0,0.0,1.0,0.0,0.0,0.0,0.0,0.0,1.0,1.0,1.0,0.0,0.0,1.0,1.0,1.0,1.0,1.0,0.0,1.0,0.0,0.0,0.0,1.0,0.0,1.0,1.0,0.0,0.0,1.0,1.0,1.0,0.0,0.0,0.0,0.0,0.0,1.0,0.0,0.0,9.0,9.0,1.0,0.0,1.0,1.0,1.0,1.0,1.0,1.0,1.0,1.0,0.0,1.0,1.0,15.0,0.0,7.0,1.0,3.0,11.0,2.0,3.0,2.0,8.0,0.0,1.0,25.0,1.0,23.0,1.0,1.0,40.0,1.0,0.0,0.0,0.0,0.0,0.0,1.0,0.0,0.0,1.0,0.0,1.0,0.0,0.0,0.0,1.0,0.0,0.0,0.0,0.0,0.0,0.0,1.0,0.0,0.0,0.0,0.0,0.0,0.0,0.0,0.0,0.0,0.0,0.0,0.0,0.0,0.0,0.0,0.0,0.0,63.0,16.0,110.0,8.0,6.0,4.0,0.0,2.0,76.0,65.0,45.0,13.0,2.0,4.0,6.0,201.0,5.0,202.0,125.0,82.0,137.0,58.0,12.0,113.0,77.0,17.0,0.0,152.0,55.0,2.0,13.0,124.0,57.0,11.0,3.0,30.0,39.0,67.0,45.0,23.0,193.0,9.0,3.0,1.0,1.0,163.0,32.0,12.0,17.0,53.0,49.0,39.0,29.0,5.0,15.0,174.0,33.0,144.0,63.0,115.0,82.0,10.0,17.0,55.0,43.0,20.0,28.0,4.0,40.0,153.0,54.0,106.0,101.0,123.0,65.0,19.0,201.0,6.0,186.0,21.0,173.0,34.0,200.0,7.0,122.0,85.0,69.0,110.0,28.0,147.0,52.0,8.0,33.0,74.0,38.0,55.0,7.0,58.0,69.0,28.0,20.0,32.0,93.0,114.0,56.0,114.0,34.0,3.0,181.0,5.0,21.0,112.0,65.0,30.0,180.0,25.0,2.0,40.0,167.0,168.0,39.0,110.0,82.0,5.0,10.0,150.0,46.0,11.0,114.0,80.0,13.0,185.0,12.0,10.0,145.0,49.0,3.0,10.0,123.0,84.0,121.0,69.0,10.0,7.0,190.0,10.0,7.0,126.0,73.0,8.0,117.0,80.0,10.0,168.0,29.0,10.0,178.0,16.0,4.0,9.0,10.0,91.0,100.0,6.0,Abaixo da média
172,26054876,2017,1,2,2603,26008,26,2604106,260410605,2,1,1.0,1.0,1.0,0.0,0.0,0.0,0.0,0.0,0.0,0.0,1.0,0.0,0.0,1.0,1.0,0.0,0.0,0.0,0.0,1.0,0.0,0.0,0.0,1.0,0.0,0.0,1.0,0.0,0.0,0.0,0.0,0.0,1.0,1.0,1.0,0.0,1.0,1.0,1.0,1.0,1.0,1.0,0.0,1.0,0.0,0.0,0.0,1.0,0.0,1.0,1.0,1.0,1.0,1.0,1.0,1.0,1.0,1.0,1.0,0.0,0.0,1.0,0.0,0.0,15.0,15.0,1.0,0.0,1.0,0.0,0.0,0.0,1.0,0.0,1.0,1.0,1.0,1.0,1.0,4.0,0.0,1.0,0.0,0.0,0.0,3.0,0.0,4.0,16.0,1.0,1.0,29.0,3.0,18.0,1.0,1.0,73.0,1.0,0.0,0.0,0.0,0.0,0.0,1.0,0.0,0.0,1.0,0.0,1.0,0.0,0.0,0.0,1.0,0.0,0.0,0.0,0.0,0.0,0.0,1.0,0.0,0.0,0.0,0.0,0.0,0.0,0.0,0.0,0.0,0.0,0.0,0.0,0.0,0.0,0.0,0.0,0.0,102.0,24.0,158.0,22.0,7.0,12.0,0.0,6.0,125.0,108.0,48.0,22.0,6.0,10.0,7.0,318.0,2.0,323.0,196.0,129.0,207.0,109.0,9.0,163.0,146.0,16.0,2.0,237.0,86.0,3.0,20.0,169.0,105.0,28.0,3.0,46.0,82.0,98.0,56.0,40.0,297.0,23.0,1.0,3.0,1.0,276.0,39.0,10.0,20.0,84.0,79.0,39.0,51.0,14.0,38.0,280.0,45.0,239.0,86.0,166.0,144.0,15.0,32.0,73.0,63.0,31.0,41.0,4.0,81.0,242.0,83.0,149.0,176.0,158.0,119.0,48.0,317.0,8.0,289.0,36.0,267.0,58.0,319.0,6.0,213.0,112.0,109.0,176.0,40.0,230.0,81.0,14.0,63.0,83.0,63.0,106.0,10.0,88.0,113.0,35.0,30.0,59.0,123.0,202.0,89.0,183.0,51.0,2.0,275.0,8.0,42.0,184.0,104.0,37.0,281.0,38.0,6.0,61.0,264.0,265.0,60.0,204.0,108.0,8.0,5.0,274.0,46.0,5.0,189.0,127.0,9.0,288.0,30.0,7.0,267.0,48.0,2.0,8.0,199.0,126.0,182.0,122.0,17.0,4.0,304.0,17.0,4.0,220.0,101.0,4.0,217.0,104.0,4.0,268.0,55.0,2.0,300.0,21.0,0.0,4.0,44.0,162.0,115.0,4.0,Média
173,26054884,2017,1,2,2603,26008,26,2604106,260410605,2,1,1.0,1.0,1.0,0.0,0.0,0.0,0.0,0.0,0.0,0.0,0.0,0.0,0.0,1.0,1.0,0.0,0.0,0.0,0.0,1.0,0.0,0.0,0.0,1.0,0.0,0.0,1.0,0.0,0.0,0.0,0.0,0.0,1.0,1.0,1.0,0.0,0.0,1.0,0.0,1.0,1.0,1.0,0.0,1.0,0.0,0.0,0.0,1.0,0.0,1.0,1.0,1.0,0.0,1.0,0.0,1.0,0.0,1.0,0.0,0.0,0.0,0.0,0.0,0.0,9.0,9.0,1.0,0.0,1.0,0.0,1.0,1.0,1.0,1.0,1.0,1.0,0.0,1.0,1.0,3.0,0.0,2.0,0.0,3.0,1.0,2.0,3.0,3.0,9.0,0.0,2.0,5.0,4.0,0.0,1.0,0.0,33.0,1.0,0.0,1.0,0.0,0.0,0.0,1.0,0.0,0.0,0.0,0.0,1.0,0.0,0.0,0.0,1.0,0.0,0.0,0.0,0.0,0.0,1.0,1.0,0.0,0.0,0.0,0.0,0.0,0.0,0.0,0.0,0.0,0.0,0.0,0.0,0.0,0.0,0.0,0.0,0.0,13.0,7.0,35.0,3.0,0.0,3.0,0.0,2.0,36.0,16.0,6.0,1.0,0.0,0.0,1.0,60.0,2.0,59.0,34.0,27.0,39.0,21.0,1.0,24.0,34.0,3.0,0.0,48.0,13.0,0.0,5.0,37.0,16.0,3.0,1.0,9.0,16.0,16.0,12.0,7.0,56.0,2.0,3.0,0.0,0.0,49.0,11.0,1.0,1.0,14.0,11.0,8.0,20.0,4.0,3.0,58.0,3.0,50.0,11.0,29.0,28.0,4.0,2.0,3.0,10.0,9.0,11.0,2.0,24.0,50.0,11.0,33.0,28.0,38.0,19.0,4.0,60.0,1.0,54.0,7.0,54.0,7.0,59.0,2.0,44.0,17.0,22.0,30.0,9.0,35.0,23.0,3.0,7.0,14.0,13.0,27.0,0.0,16.0,27.0,8.0,3.0,7.0,14.0,47.0,22.0,31.0,8.0,0.0,48.0,2.0,11.0,43.0,15.0,3.0,57.0,4.0,0.0,7.0,54.0,54.0,7.0,37.0,18.0,2.0,4.0,36.0,21.0,4.0,23.0,34.0,4.0,55.0,4.0,2.0,55.0,4.0,0.0,2.0,27.0,34.0,31.0,22.0,4.0,4.0,53.0,5.0,3.0,23.0,35.0,3.0,27.0,31.0,3.0,53.0,5.0,3.0,48.0,9.0,0.0,4.0,1.0,15.0,41.0,4.0,Média
178,26055082,2017,1,2,2603,26008,26,2604106,260410605,2,1,1.0,1.0,1.0,0.0,0.0,0.0,0.0,0.0,0.0,0.0,0.0,0.0,0.0,1.0,1.0,0.0,0.0,0.0,0.0,1.0,0.0,0.0,0.0,1.0,0.0,0.0,1.0,0.0,0.0,0.0,0.0,0.0,1.0,1.0,1.0,1.0,1.0,1.0,1.0,1.0,1.0,1.0,1.0,1.0,0.0,0.0,0.0,1.0,0.0,1.0,1.0,1.0,0.0,1.0,1.0,0.0,1.0,0.0,1.0,0.0,0.0,0.0,0.0,0.0,18.0,17.0,1.0,0.0,1.0,0.0,0.0,0.0,1.0,1.0,1.0,1.0,0.0,1.0,1.0,1.0,0.0,2.0,0.0,0.0,0.0,1.0,2.0,5.0,6.0,0.0,1.0,21.0,6.0,15.0,1.0,1.0,44.0,1.0,0.0,0.0,0.0,0.0,0.0,1.0,0.0,0.0,0.0,0.0,1.0,0.0,0.0,1.0,1.0,1.0,0.0,0.0,0.0,0.0,0.0,1.0,0.0,0.0,0.0,0.0,1.0,0.0,0.0,0.0,0.0,0.0,1.0,0.0,0.0,0.0,0.0,0.0,0.0,22.0,6.0,44.0,6.0,0.0,4.0,1.0,2.0,50.0,21.0,7.0,1.0,0.0,0.0,3.0,79.0,2.0,80.0,45.0,37.0,48.0,31.0,3.0,31.0,40.0,11.0,1.0,52.0,29.0,2.0,3.0,48.0,25.0,4.0,1.0,7.0,20.0,33.0,13.0,8.0,80.0,2.0,0.0,0.0,0.0,70.0,8.0,4.0,1.0,15.0,13.0,18.0,25.0,5.0,5.0,71.0,11.0,58.0,24.0,44.0,35.0,3.0,7.0,7.0,20.0,11.0,21.0,4.0,12.0,71.0,11.0,44.0,38.0,53.0,25.0,4.0,81.0,1.0,79.0,3.0,73.0,9.0,81.0,1.0,68.0,14.0,24.0,44.0,14.0,65.0,15.0,2.0,10.0,16.0,15.0,38.0,3.0,22.0,29.0,8.0,9.0,14.0,3.0,79.0,29.0,43.0,10.0,0.0,75.0,0.0,7.0,69.0,12.0,1.0,75.0,6.0,1.0,2.0,80.0,75.0,7.0,70.0,11.0,0.0,1.0,74.0,8.0,0.0,46.0,34.0,2.0,75.0,7.0,0.0,73.0,8.0,0.0,1.0,56.0,26.0,58.0,21.0,2.0,1.0,77.0,4.0,1.0,56.0,25.0,1.0,59.0,22.0,1.0,76.0,5.0,1.0,66.0,15.0,0.0,1.0,20.0,54.0,8.0,0.0,Acima da média
186,26065568,2017,1,2,2603,26009,26,2604155,260415505,2,1,1.0,1.0,1.0,0.0,0.0,0.0,0.0,0.0,0.0,0.0,1.0,1.0,0.0,1.0,1.0,0.0,0.0,0.0,0.0,1.0,0.0,0.0,0.0,1.0,0.0,0.0,1.0,0.0,0.0,0.0,0.0,0.0,0.0,1.0,1.0,0.0,1.0,0.0,1.0,1.0,1.0,1.0,0.0,1.0,0.0,0.0,0.0,1.0,0.0,1.0,1.0,1.0,1.0,0.0,0.0,0.0,0.0,0.0,0.0,0.0,0.0,0.0,0.0,0.0,10.0,10.0,1.0,0.0,0.0,0.0,0.0,1.0,1.0,1.0,1.0,1.0,0.0,1.0,1.0,3.0,0.0,0.0,0.0,0.0,3.0,4.0,1.0,2.0,4.0,0.0,1.0,21.0,5.0,16.0,1.0,1.0,51.0,1.0,0.0,1.0,0.0,0.0,0.0,1.0,0.0,0.0,0.0,0.0,1.0,0.0,0.0,0.0,1.0,1.0,0.0,0.0,0.0,0.0,0.0,1.0,0.0,0.0,0.0,0.0,0.0,0.0,0.0,0.0,0.0,1.0,1.0,0.0,0.0,0.0,0.0,0.0,0.0,40.0,5.0,36.0,0.0,1.0,4.0,0.0,2.0,31.0,37.0,10.0,4.0,1.0,1.0,3.0,83.0,0.0,86.0,56.0,30.0,68.0,17.0,1.0,65.0,19.0,2.0,0.0,73.0,13.0,0.0,4.0,39.0,35.0,8.0,0.0,7.0,13.0,29.0,21.0,16.0,79.0,5.0,1.0,1.0,0.0,80.0,3.0,3.0,4.0,28.0,11.0,9.0,10.0,5.0,19.0,64.0,22.0,63.0,23.0,61.0,20.0,5.0,10.0,24.0,17.0,4.0,0.0,0.0,31.0,50.0,36.0,35.0,51.0,52.0,28.0,6.0,84.0,2.0,82.0,4.0,82.0,4.0,84.0,2.0,68.0,18.0,37.0,40.0,9.0,57.0,23.0,6.0,32.0,21.0,5.0,16.0,12.0,28.0,26.0,3.0,10.0,19.0,5.0,81.0,27.0,54.0,5.0,0.0,85.0,0.0,1.0,68.0,12.0,6.0,83.0,2.0,1.0,33.0,53.0,83.0,3.0,67.0,17.0,1.0,1.0,76.0,8.0,2.0,49.0,33.0,4.0,70.0,14.0,2.0,81.0,4.0,0.0,1.0,59.0,27.0,56.0,24.0,5.0,1.0,80.0,3.0,3.0,69.0,15.0,2.0,56.0,28.0,2.0,65.0,19.0,2.0,72.0,11.0,2.0,1.0,23.0,40.0,21.0,2.0,Abaixo da média
190,26098482,2017,1,2,2604,26015,26,2604205,260420505,2,1,1.0,1.0,1.0,0.0,0.0,0.0,0.0,0.0,0.0,0.0,0.0,0.0,0.0,1.0,1.0,0.0,0.0,0.0,0.0,1.0,0.0,0.0,0.0,1.0,0.0,0.0,1.0,0.0,0.0,0.0,0.0,0.0,1.0,1.0,1.0,1.0,1.0,1.0,0.0,1.0,1.0,1.0,0.0,1.0,0.0,0.0,0.0,1.0,0.0,0.0,0.0,0.0,0.0,0.0,0.0,0.0,0.0,0.0,0.0,0.0,0.0,0.0,0.0,0.0,18.0,15.0,1.0,0.0,1.0,0.0,1.0,0.0,1.0,0.0,1.0,1.0,1.0,0.0,1.0,2.0,0.0,2.0,0.0,2.0,0.0,2.0,0.0,2.0,10.0,2.0,0.0,18.0,2.0,18.0,1.0,1.0,33.0,1.0,0.0,0.0,0.0,0.0,0.0,1.0,0.0,0.0,0.0,0.0,1.0,0.0,0.0,0.0,1.0,0.0,0.0,0.0,0.0,0.0,0.0,1.0,0.0,0.0,0.0,0.0,0.0,0.0,0.0,0.0,0.0,0.0,0.0,0.0,0.0,0.0,0.0,0.0,0.0,39.0,11.0,67.0,9.0,3.0,1.0,0.0,18.0,49.0,44.0,15.0,4.0,0.0,0.0,4.0,126.0,3.0,127.0,50.0,80.0,72.0,52.0,6.0,58.0,57.0,15.0,0.0,89.0,41.0,0.0,2.0,55.0,59.0,14.0,0.0,19.0,36.0,38.0,12.0,25.0,123.0,7.0,0.0,0.0,0.0,111.0,13.0,6.0,4.0,12.0,12.0,16.0,48.0,26.0,12.0,119.0,11.0,103.0,27.0,75.0,49.0,6.0,8.0,9.0,15.0,24.0,33.0,15.0,26.0,113.0,17.0,84.0,46.0,77.0,44.0,9.0,126.0,4.0,124.0,6.0,119.0,11.0,128.0,2.0,96.0,34.0,40.0,73.0,17.0,100.0,27.0,3.0,18.0,29.0,19.0,60.0,4.0,52.0,34.0,14.0,15.0,15.0,14.0,116.0,50.0,69.0,9.0,2.0,99.0,3.0,28.0,95.0,27.0,8.0,122.0,6.0,2.0,25.0,105.0,111.0,19.0,96.0,30.0,4.0,0.0,115.0,15.0,0.0,79.0,51.0,0.0,127.0,3.0,0.0,122.0,8.0,0.0,0.0,66.0,64.0,66.0,58.0,5.0,1.0,118.0,11.0,1.0,103.0,26.0,1.0,98.0,31.0,1.0,117.0,13.0,0.0,115.0,12.0,2.0,1.0,38.0,71.0,21.0,0.0,Abaixo da média
192,26009315,2017,1,2,2601,26002,26,2604304,260430405,2,1,1.0,1.0,1.0,0.0,0.0,0.0,0.0,0.0,0.0,0.0,0.0,0.0,0.0,1.0,1.0,0.0,0.0,0.0,0.0,1.0,0.0,0.0,0.0,1.0,0.0,0.0,1.0,0.0,0.0,0.0,0.0,0.0,1.0,1.0,1.0,0.0,1.0,0.0,0.0,0.0,1.0,1.0,0.0,1.0,0.0,0.0,0.0,1.0,0.0,1.0,1.0,1.0,1.0,0.0,1.0,1.0,0.0,1.0,1.0,0.0,0.0,0.0,0.0,0.0,8.0,7.0,1.0,1.0,1.0,1.0,1.0,1.0,1.0,1.0,1.0,1.0,1.0,1.0,1.0,1.0,1.0,1.0,1.0,2.0,1.0,1.0,1.0,1.0,2.0,1.0,1.0,13.0,3.0,10.0,1.0,1.0,33.0,1.0,0.0,0.0,0.0,0.0,0.0,1.0,0.0,0.0,0.0,0.0,1.0,0.0,0.0,0.0,1.0,1.0,0.0,0.0,0.0,0.0,0.0,1.0,0.0,0.0,0.0,0.0,0.0,0.0,0.0,0.0,0.0,0.0,1.0,0.0,0.0,0.0,0.0,0.0,0.0,13.0,5.0,36.0,3.0,0.0,0.0,0.0,6.0,39.0,9.0,2.0,1.0,0.0,0.0,2.0,55.0,1.0,56.0,36.0,21.0,37.0,13.0,7.0,29.0,23.0,5.0,0.0,40.0,17.0,0.0,1.0,25.0,25.0,6.0,0.0,4.0,13.0,16.0,14.0,10.0,50.0,4.0,3.0,0.0,0.0,50.0,2.0,5.0,0.0,9.0,7.0,4.0,16.0,15.0,6.0,55.0,2.0,50.0,7.0,41.0,14.0,2.0,4.0,14.0,12.0,5.0,9.0,4.0,9.0,46.0,11.0,33.0,24.0,48.0,8.0,1.0,56.0,1.0,54.0,3.0,50.0,7.0,54.0,3.0,44.0,13.0,18.0,33.0,6.0,38.0,18.0,1.0,5.0,16.0,11.0,22.0,3.0,20.0,16.0,5.0,3.0,13.0,4.0,53.0,23.0,25.0,8.0,1.0,51.0,2.0,4.0,46.0,7.0,4.0,55.0,2.0,0.0,9.0,48.0,40.0,17.0,31.0,22.0,4.0,0.0,51.0,6.0,0.0,38.0,19.0,0.0,55.0,2.0,0.0,48.0,7.0,1.0,1.0,35.0,22.0,30.0,21.0,5.0,1.0,50.0,6.0,1.0,44.0,11.0,2.0,38.0,18.0,1.0,49.0,6.0,2.0,33.0,21.0,1.0,2.0,14.0,33.0,10.0,0.0,Acima da média
193,26009323,2017,1,2,2601,26002,26,2604304,260430405,2,1,1.0,1.0,1.0,0.0,0.0,0.0,0.0,0.0,0.0,0.0,0.0,0.0,0.0,1.0,1.0,0.0,0.0,0.0,0.0,1.0,0.0,0.0,0.0,1.0,0.0,0.0,1.0,0.0,0.0,0.0,0.0,0.0,1.0,1.0,1.0,0.0,1.0,0.0,1.0,1.0,1.0,1.0,0.0,1.0,0.0,0.0,0.0,1.0,0.0,1.0,1.0,1.0,1.0,0.0,0.0,1.0,0.0,1.0,0.0,0.0,0.0,1.0,0.0,0.0,7.0,7.0,1.0,0.0,0.0,0.0,1.0,0.0,1.0,1.0,1.0,1.0,0.0,1.0,1.0,1.0,0.0,0.0,0.0,1.0,0.0,2.0,3.0,4.0,7.0,0.0,5.0,22.0,2.0,20.0,1.0,1.0,41.0,1.0,1.0,1.0,0.0,0.0,0.0,1.0,0.0,0.0,0.0,0.0,1.0,0.0,0.0,1.0,1.0,1.0,0.0,0.0,0.0,0.0,1.0,1.0,0.0,0.0,0.0,0.0,1.0,0.0,0.0,0.0,0.0,1.0,0.0,0.0,0.0,0.0,0.0,0.0,0.0,15.0,3.0,37.0,1.0,2.0,3.0,1.0,2.0,28.0,9.0,8.0,2.0,3.0,8.0,3.0,58.0,0.0,61.0,47.0,14.0,54.0,7.0,0.0,51.0,9.0,1.0,0.0,57.0,4.0,0.0,6.0,34.0,17.0,4.0,1.0,2.0,11.0,16.0,20.0,11.0,57.0,4.0,0.0,0.0,0.0,53.0,7.0,1.0,3.0,18.0,16.0,6.0,8.0,0.0,10.0,54.0,7.0,43.0,18.0,36.0,24.0,1.0,12.0,19.0,11.0,3.0,2.0,0.0,14.0,36.0,25.0,24.0,37.0,40.0,17.0,4.0,60.0,1.0,56.0,5.0,55.0,6.0,61.0,0.0,50.0,11.0,19.0,36.0,6.0,30.0,27.0,4.0,24.0,17.0,4.0,9.0,7.0,18.0,21.0,7.0,5.0,10.0,11.0,50.0,17.0,18.0,24.0,2.0,61.0,0.0,0.0,34.0,16.0,11.0,50.0,7.0,4.0,17.0,44.0,46.0,15.0,38.0,22.0,0.0,1.0,52.0,9.0,0.0,33.0,27.0,1.0,49.0,12.0,0.0,58.0,3.0,0.0,0.0,42.0,19.0,39.0,20.0,2.0,0.0,59.0,2.0,0.0,43.0,18.0,0.0,42.0,18.0,1.0,38.0,22.0,1.0,56.0,5.0,0.0,0.0,19.0,33.0,9.0,0.0,Abaixo da média
194,26093030,2017,1,2,2604,26014,26,2604403,260440305,2,1,1.0,1.0,3.0,0.0,0.0,0.0,0.0,0.0,0.0,0.0,0.0,0.0,0.0,1.0,1.0,0.0,0.0,0.0,0.0,1.0,0.0,0.0,0.0,0.0,1.0,0.0,1.0,0.0,0.0,0.0,0.0,0.0,1.0,1.0,1.0,0.0,0.0,1.0,0.0,1.0,1.0,1.0,0.0,1.0,0.0,0.0,0.0,1.0,0.0,0.0,0.0,0.0,0.0,0.0,0.0,0.0,0.0,0.0,0.0,0.0,0.0,0.0,0.0,0.0,12.0,12.0,0.0,0.0,0.0,0.0,0.0,0.0,0.0,0.0,0.0,0.0,0.0,0.0,1.0,0.0,0.0,0.0,0.0,0.0,0.0,0.0,0.0,0.0,0.0,0.0,0.0,12.0,2.0,12.0,1.0,1.0,53.0,1.0,0.0,0.0,0.0,0.0,0.0,1.0,0.0,0.0,0.0,0.0,1.0,0.0,0.0,0.0,1.0,1.0,0.0,0.0,0.0,0.0,0.0,1.0,0.0,0.0,0.0,0.0,0.0,0.0,0.0,0.0,0.0,0.0,1.0,0.0,0.0,0.0,0.0,0.0,0.0,12.0,16.0,58.0,3.0,1.0,5.0,0.0,3.0,26.0,49.0,14.0,3.0,0.0,0.0,6.0,89.0,1.0,94.0,63.0,32.0,79.0,15.0,1.0,63.0,31.0,1.0,0.0,83.0,12.0,0.0,2.0,50.0,35.0,8.0,0.0,10.0,15.0,30.0,24.0,16.0,80.0,13.0,2.0,0.0,0.0,78.0,13.0,4.0,6.0,22.0,18.0,8.0,22.0,7.0,12.0,77.0,18.0,70.0,25.0,55.0,34.0,6.0,10.0,22.0,16.0,8.0,11.0,2.0,26.0,63.0,32.0,53.0,42.0,44.0,41.0,10.0,94.0,1.0,86.0,9.0,89.0,6.0,93.0,2.0,75.0,20.0,46.0,44.0,5.0,73.0,21.0,1.0,32.0,21.0,10.0,26.0,6.0,37.0,26.0,4.0,9.0,19.0,5.0,90.0,24.0,62.0,8.0,1.0,88.0,0.0,7.0,56.0,36.0,3.0,89.0,6.0,0.0,21.0,74.0,85.0,10.0,51.0,40.0,2.0,2.0,80.0,14.0,1.0,56.0,37.0,2.0,92.0,1.0,2.0,80.0,12.0,0.0,3.0,73.0,22.0,54.0,34.0,6.0,1.0,92.0,3.0,0.0,69.0,25.0,1.0,76.0,19.0,0.0,86.0,9.0,0.0,85.0,9.0,0.0,1.0,34.0,45.0,15.0,1.0,Abaixo da média
195,26093219,2017,1,2,2604,26014,26,2604502,260450205,2,1,1.0,1.0,1.0,0.0,0.0,0.0,0.0,0.0,0.0,0.0,0.0,0.0,0.0,1.0,1.0,0.0,0.0,0.0,0.0,1.0,0.0,0.0,0.0,1.0,0.0,0.0,1.0,0.0,0.0,0.0,0.0,0.0,1.0,1.0,1.0,0.0,0.0,0.0,0.0,0.0,1.0,1.0,1.0,1.0,0.0,0.0,0.0,1.0,0.0,1.0,0.0,0.0,0.0,0.0,0.0,0.0,0.0,0.0,0.0,0.0,0.0,0.0,0.0,0.0,9.0,8.0,1.0,0.0,1.0,1.0,1.0,1.0,1.0,0.0,1.0,1.0,1.0,1.0,1.0,3.0,0.0,4.0,1.0,1.0,1.0,5.0,0.0,2.0,2.0,1.0,9.0,13.0,3.0,10.0,1.0,1.0,42.0,1.0,0.0,0.0,0.0,0.0,0.0,1.0,0.0,0.0,1.0,0.0,1.0,0.0,0.0,0.0,1.0,1.0,0.0,0.0,0.0,0.0,0.0,1.0,0.0,0.0,0.0,0.0,0.0,0.0,0.0,0.0,0.0,0.0,1.0,0.0,0.0,0.0,0.0,0.0,0.0,16.0,2.0,59.0,4.0,0.0,4.0,0.0,18.0,34.0,26.0,5.0,2.0,0.0,0.0,2.0,83.0,3.0,82.0,62.0,23.0,62.0,21.0,2.0,65.0,17.0,3.0,1.0,76.0,8.0,0.0,2.0,56.0,26.0,1.0,0.0,6.0,19.0,32.0,19.0,9.0,76.0,8.0,1.0,0.0,0.0,78.0,4.0,3.0,3.0,24.0,22.0,6.0,15.0,5.0,10.0,71.0,14.0,52.0,33.0,61.0,19.0,5.0,7.0,27.0,19.0,8.0,8.0,1.0,15.0,58.0,27.0,37.0,48.0,67.0,14.0,4.0,85.0,0.0,81.0,4.0,78.0,7.0,84.0,1.0,70.0,15.0,33.0,46.0,6.0,59.0,23.0,3.0,33.0,28.0,10.0,9.0,5.0,27.0,27.0,7.0,7.0,17.0,5.0,80.0,27.0,53.0,5.0,0.0,76.0,2.0,7.0,60.0,24.0,1.0,82.0,3.0,0.0,3.0,82.0,79.0,6.0,67.0,17.0,1.0,0.0,77.0,8.0,0.0,58.0,27.0,0.0,78.0,7.0,0.0,84.0,1.0,0.0,0.0,61.0,24.0,66.0,16.0,3.0,0.0,83.0,2.0,0.0,53.0,32.0,0.0,57.0,28.0,0.0,48.0,36.0,1.0,85.0,0.0,0.0,0.0,4.0,20.0,22.0,39.0,Abaixo da média
196,26088410,2017,1,2,2604,26013,26,2604601,260460105,2,1,1.0,1.0,1.0,0.0,0.0,0.0,0.0,0.0,0.0,0.0,0.0,0.0,0.0,1.0,1.0,0.0,1.0,0.0,0.0,1.0,0.0,0.0,0.0,0.0,1.0,0.0,1.0,1.0,0.0,0.0,0.0,0.0,1.0,1.0,1.0,0.0,0.0,0.0,1.0,1.0,1.0,1.0,0.0,1.0,0.0,0.0,0.0,1.0,0.0,0.0,0.0,1.0,1.0,0.0,0.0,1.0,0.0,1.0,0.0,0.0,0.0,1.0,0.0,0.0,18.0,9.0,1.0,0.0,0.0,1.0,0.0,0.0,1.0,0.0,0.0,1.0,0.0,1.0,1.0,1.0,0.0,0.0,1.0,0.0,0.0,4.0,0.0,0.0,5.0,0.0,1.0,10.0,0.0,10.0,1.0,1.0,32.0,1.0,0.0,0.0,0.0,0.0,0.0,1.0,0.0,0.0,0.0,0.0,1.0,0.0,0.0,0.0,1.0,0.0,0.0,0.0,0.0,0.0,0.0,1.0,0.0,0.0,0.0,0.0,0.0,0.0,0.0,0.0,0.0,0.0,0.0,0.0,0.0,0.0,0.0,0.0,0.0,10.0,11.0,44.0,3.0,2.0,7.0,0.0,4.0,43.0,26.0,4.0,0.0,0.0,0.0,2.0,75.0,0.0,77.0,51.0,26.0,57.0,20.0,0.0,38.0,35.0,4.0,0.0,57.0,20.0,1.0,1.0,35.0,36.0,4.0,0.0,7.0,14.0,32.0,19.0,5.0,72.0,5.0,0.0,0.0,0.0,68.0,6.0,3.0,1.0,6.0,10.0,9.0,41.0,3.0,7.0,73.0,4.0,66.0,11.0,44.0,28.0,5.0,1.0,20.0,12.0,8.0,18.0,2.0,16.0,60.0,17.0,45.0,32.0,51.0,23.0,3.0,75.0,2.0,72.0,5.0,70.0,7.0,77.0,0.0,60.0,17.0,22.0,45.0,10.0,56.0,20.0,1.0,9.0,19.0,11.0,38.0,0.0,24.0,19.0,9.0,4.0,21.0,6.0,71.0,28.0,44.0,3.0,2.0,57.0,7.0,13.0,52.0,21.0,4.0,74.0,3.0,0.0,8.0,69.0,61.0,16.0,32.0,43.0,1.0,1.0,54.0,21.0,2.0,42.0,34.0,1.0,70.0,6.0,1.0,69.0,6.0,0.0,2.0,39.0,38.0,30.0,45.0,2.0,0.0,73.0,4.0,0.0,25.0,52.0,0.0,56.0,20.0,1.0,64.0,13.0,0.0,73.0,4.0,0.0,0.0,10.0,44.0,23.0,0.0,Abaixo da média
197,26088533,2017,1,2,2604,26013,26,2604601,260460105,2,1,1.0,1.0,1.0,0.0,0.0,0.0,0.0,0.0,0.0,0.0,0.0,0.0,0.0,1.0,1.0,0.0,0.0,0.0,0.0,1.0,0.0,0.0,0.0,0.0,1.0,0.0,1.0,0.0,0.0,0.0,0.0,0.0,1.0,1.0,1.0,0.0,0.0,0.0,0.0,0.0,1.0,1.0,0.0,1.0,0.0,0.0,0.0,1.0,0.0,1.0,0.0,1.0,0.0,0.0,0.0,1.0,0.0,0.0,0.0,0.0,0.0,0.0,0.0,0.0,11.0,11.0,1.0,0.0,1.0,0.0,0.0,0.0,1.0,1.0,1.0,1.0,0.0,0.0,1.0,2.0,0.0,1.0,0.0,0.0,0.0,1.0,1.0,2.0,12.0,0.0,0.0,20.0,3.0,17.0,1.0,1.0,63.0,1.0,0.0,0.0,0.0,0.0,0.0,1.0,0.0,0.0,0.0,0.0,1.0,0.0,0.0,0.0,1.0,1.0,0.0,0.0,0.0,0.0,1.0,1.0,0.0,0.0,0.0,0.0,0.0,0.0,0.0,0.0,0.0,0.0,1.0,0.0,0.0,0.0,0.0,0.0,0.0,13.0,18.0,65.0,4.0,2.0,13.0,0.0,3.0,19.0,44.0,24.0,13.0,4.0,8.0,9.0,106.0,2.0,113.0,83.0,32.0,104.0,10.0,1.0,85.0,29.0,1.0,1.0,94.0,20.0,0.0,8.0,60.0,41.0,6.0,1.0,16.0,21.0,26.0,28.0,23.0,101.0,10.0,4.0,0.0,0.0,90.0,21.0,4.0,7.0,33.0,14.0,15.0,24.0,2.0,20.0,93.0,22.0,79.0,36.0,55.0,56.0,4.0,13.0,30.0,19.0,5.0,11.0,2.0,35.0,72.0,43.0,52.0,63.0,68.0,31.0,16.0,107.0,8.0,106.0,9.0,103.0,12.0,109.0,6.0,83.0,32.0,37.0,65.0,13.0,81.0,27.0,7.0,28.0,36.0,14.0,28.0,9.0,31.0,40.0,9.0,13.0,22.0,14.0,101.0,43.0,56.0,12.0,4.0,95.0,2.0,18.0,36.0,56.0,23.0,102.0,11.0,2.0,42.0,73.0,96.0,19.0,64.0,44.0,6.0,1.0,88.0,23.0,4.0,68.0,45.0,2.0,104.0,9.0,2.0,102.0,11.0,0.0,2.0,81.0,34.0,64.0,42.0,4.0,5.0,110.0,3.0,2.0,66.0,46.0,3.0,73.0,41.0,1.0,97.0,17.0,1.0,99.0,12.0,0.0,4.0,22.0,46.0,46.0,1.0,Abaixo da média
198,26074907,2017,1,2,2603,26011,26,2604700,260470005,2,1,1.0,1.0,1.0,0.0,0.0,0.0,0.0,0.0,0.0,0.0,0.0,0.0,0.0,1.0,1.0,0.0,0.0,0.0,0.0,1.0,0.0,0.0,0.0,1.0,1.0,0.0,1.0,1.0,1.0,0.0,0.0,0.0,1.0,1.0,1.0,0.0,0.0,0.0,1.0,1.0,1.0,1.0,0.0,1.0,0.0,0.0,0.0,1.0,0.0,0.0,0.0,0.0,0.0,0.0,0.0,0.0,0.0,0.0,0.0,0.0,0.0,0.0,0.0,0.0,10.0,14.0,0.0,0.0,0.0,0.0,0.0,0.0,0.0,0.0,0.0,0.0,0.0,0.0,1.0,0.0,0.0,0.0,0.0,0.0,0.0,0.0,0.0,0.0,0.0,0.0,0.0,20.0,5.0,15.0,1.0,1.0,30.0,1.0,0.0,0.0,0.0,0.0,0.0,1.0,0.0,0.0,0.0,0.0,1.0,0.0,0.0,0.0,1.0,0.0,0.0,0.0,0.0,0.0,0.0,1.0,0.0,0.0,0.0,0.0,0.0,0.0,0.0,0.0,0.0,0.0,0.0,0.0,0.0,0.0,0.0,0.0,0.0,11.0,7.0,28.0,2.0,2.0,3.0,0.0,4.0,23.0,19.0,5.0,1.0,1.0,0.0,0.0,53.0,1.0,52.0,38.0,15.0,44.0,9.0,0.0,36.0,17.0,0.0,1.0,40.0,12.0,0.0,1.0,24.0,19.0,9.0,0.0,2.0,7.0,17.0,17.0,10.0,49.0,4.0,0.0,0.0,0.0,45.0,3.0,5.0,1.0,10.0,16.0,4.0,14.0,7.0,1.0,50.0,3.0,40.0,13.0,36.0,16.0,1.0,2.0,18.0,11.0,3.0,9.0,1.0,9.0,45.0,8.0,20.0,33.0,38.0,15.0,0.0,53.0,0.0,47.0,6.0,44.0,9.0,52.0,1.0,44.0,9.0,28.0,23.0,2.0,34.0,15.0,4.0,19.0,14.0,5.0,12.0,3.0,21.0,11.0,3.0,4.0,14.0,4.0,49.0,18.0,19.0,16.0,0.0,48.0,0.0,5.0,34.0,17.0,2.0,53.0,0.0,0.0,3.0,50.0,45.0,8.0,31.0,19.0,1.0,2.0,46.0,3.0,4.0,32.0,18.0,3.0,45.0,6.0,2.0,50.0,1.0,0.0,2.0,41.0,12.0,40.0,11.0,1.0,1.0,50.0,1.0,2.0,48.0,2.0,3.0,37.0,14.0,2.0,38.0,12.0,3.0,52.0,0.0,0.0,1.0,12.0,30.0,10.0,1.0,Acima da média
199,26074923,2017,1,2,2603,26011,26,2604700,260470005,2,1,1.0,1.0,1.0,0.0,0.0,0.0,0.0,0.0,0.0,0.0,1.0,0.0,0.0,1.0,1.0,0.0,0.0,0.0,0.0,1.0,0.0,0.0,0.0,0.0,1.0,0.0,1.0,0.0,0.0,0.0,0.0,0.0,1.0,1.0,1.0,0.0,0.0,0.0,0.0,0.0,1.0,1.0,0.0,1.0,0.0,0.0,0.0,1.0,0.0,1.0,0.0,0.0,0.0,0.0,0.0,0.0,0.0,0.0,0.0,0.0,0.0,0.0,0.0,0.0,7.0,7.0,0.0,0.0,0.0,0.0,0.0,0.0,0.0,0.0,0.0,0.0,0.0,0.0,1.0,0.0,0.0,0.0,0.0,0.0,0.0,0.0,0.0,0.0,0.0,0.0,0.0,10.0,2.0,8.0,1.0,1.0,29.0,1.0,0.0,0.0,0.0,0.0,0.0,1.0,0.0,0.0,0.0,0.0,1.0,0.0,0.0,0.0,1.0,1.0,0.0,0.0,0.0,0.0,0.0,1.0,0.0,0.0,0.0,0.0,0.0,0.0,0.0,0.0,0.0,0.0,1.0,0.0,0.0,0.0,0.0,0.0,0.0,6.0,1.0,27.0,1.0,1.0,1.0,0.0,1.0,10.0,19.0,4.0,1.0,0.0,2.0,1.0,36.0,1.0,36.0,26.0,11.0,33.0,3.0,1.0,31.0,5.0,1.0,0.0,32.0,5.0,1.0,0.0,13.0,19.0,4.0,0.0,1.0,10.0,8.0,14.0,4.0,35.0,2.0,0.0,0.0,0.0,31.0,4.0,2.0,6.0,8.0,7.0,5.0,7.0,1.0,3.0,29.0,8.0,24.0,13.0,20.0,14.0,3.0,4.0,10.0,7.0,4.0,3.0,1.0,8.0,25.0,12.0,21.0,16.0,21.0,13.0,3.0,37.0,0.0,33.0,4.0,33.0,4.0,35.0,2.0,29.0,8.0,15.0,21.0,1.0,25.0,12.0,0.0,9.0,9.0,6.0,5.0,8.0,5.0,8.0,7.0,10.0,7.0,2.0,35.0,10.0,15.0,12.0,0.0,36.0,1.0,0.0,16.0,20.0,1.0,32.0,4.0,1.0,6.0,31.0,24.0,13.0,20.0,17.0,0.0,0.0,36.0,1.0,0.0,17.0,20.0,0.0,28.0,9.0,0.0,26.0,10.0,1.0,0.0,29.0,8.0,31.0,6.0,0.0,0.0,37.0,0.0,0.0,32.0,5.0,0.0,23.0,14.0,0.0,19.0,18.0,0.0,36.0,1.0,0.0,0.0,4.0,27.0,6.0,0.0,Abaixo da média
200,26098822,2017,1,2,2604,26015,26,2604809,260480905,2,1,1.0,1.0,1.0,0.0,0.0,0.0,0.0,0.0,0.0,0.0,1.0,0.0,0.0,1.0,1.0,0.0,0.0,0.0,0.0,1.0,0.0,0.0,0.0,0.0,1.0,0.0,1.0,0.0,0.0,0.0,0.0,0.0,1.0,1.0,1.0,1.0,0.0,0.0,0.0,0.0,1.0,1.0,0.0,1.0,0.0,0.0,0.0,1.0,0.0,1.0,0.0,0.0,0.0,0.0,0.0,0.0,0.0,0.0,0.0,0.0,0.0,0.0,0.0,0.0,8.0,11.0,1.0,0.0,0.0,1.0,1.0,0.0,1.0,0.0,1.0,1.0,1.0,1.0,1.0,3.0,0.0,0.0,1.0,1.0,0.0,6.0,0.0,2.0,5.0,1.0,2.0,22.0,5.0,17.0,1.0,1.0,40.0,1.0,0.0,0.0,0.0,0.0,0.0,1.0,0.0,0.0,0.0,0.0,1.0,0.0,0.0,0.0,1.0,1.0,0.0,0.0,0.0,0.0,0.0,1.0,0.0,0.0,0.0,0.0,0.0,0.0,0.0,0.0,0.0,0.0,1.0,0.0,0.0,0.0,0.0,0.0,0.0,26.0,13.0,77.0,2.0,0.0,2.0,0.0,18.0,60.0,22.0,11.0,8.0,1.0,0.0,1.0,119.0,1.0,119.0,82.0,38.0,80.0,38.0,2.0,76.0,37.0,7.0,2.0,86.0,32.0,0.0,2.0,49.0,58.0,11.0,0.0,6.0,24.0,33.0,32.0,25.0,110.0,7.0,3.0,0.0,0.0,107.0,7.0,6.0,11.0,29.0,17.0,16.0,32.0,7.0,8.0,94.0,26.0,88.0,32.0,80.0,35.0,5.0,9.0,32.0,19.0,17.0,15.0,6.0,22.0,93.0,27.0,78.0,42.0,108.0,11.0,1.0,116.0,4.0,110.0,10.0,102.0,18.0,119.0,1.0,94.0,26.0,46.0,54.0,20.0,76.0,36.0,8.0,32.0,25.0,18.0,42.0,3.0,42.0,33.0,7.0,11.0,27.0,16.0,104.0,59.0,40.0,20.0,1.0,113.0,1.0,6.0,84.0,32.0,4.0,117.0,2.0,1.0,23.0,97.0,93.0,27.0,74.0,41.0,3.0,2.0,83.0,37.0,0.0,57.0,60.0,3.0,109.0,11.0,0.0,101.0,16.0,0.0,3.0,84.0,36.0,88.0,28.0,1.0,3.0,112.0,7.0,1.0,64.0,55.0,1.0,65.0,53.0,2.0,91.0,28.0,1.0,112.0,3.0,0.0,5.0,28.0,68.0,24.0,0.0,Abaixo da média
201,26067803,2017,1,2,2603,26010,26,2604908,260490805,2,1,1.0,1.0,1.0,0.0,0.0,0.0,0.0,0.0,0.0,0.0,0.0,0.0,0.0,1.0,1.0,0.0,0.0,0.0,0.0,1.0,0.0,0.0,0.0,1.0,1.0,0.0,1.0,0.0,0.0,0.0,0.0,0.0,1.0,1.0,1.0,1.0,1.0,0.0,0.0,0.0,1.0,1.0,0.0,1.0,0.0,0.0,0.0,1.0,0.0,1.0,0.0,1.0,1.0,0.0,0.0,1.0,0.0,0.0,0.0,0.0,0.0,1.0,0.0,0.0,11.0,11.0,1.0,0.0,0.0,0.0,1.0,0.0,0.0,1.0,1.0,1.0,0.0,1.0,1.0,4.0,0.0,0.0,0.0,1.0,0.0,0.0,3.0,3.0,4.0,0.0,4.0,12.0,4.0,8.0,1.0,1.0,49.0,1.0,0.0,1.0,0.0,0.0,0.0,1.0,0.0,0.0,0.0,0.0,1.0,0.0,0.0,0.0,1.0,1.0,0.0,0.0,0.0,0.0,0.0,1.0,0.0,0.0,0.0,0.0,0.0,0.0,0.0,0.0,0.0,0.0,1.0,0.0,0.0,0.0,0.0,0.0,0.0,53.0,12.0,60.0,2.0,1.0,4.0,0.0,14.0,63.0,35.0,8.0,9.0,3.0,0.0,3.0,129.0,2.0,130.0,95.0,37.0,92.0,38.0,2.0,71.0,56.0,5.0,2.0,102.0,28.0,1.0,6.0,76.0,47.0,2.0,0.0,16.0,30.0,45.0,24.0,17.0,125.0,6.0,1.0,0.0,0.0,115.0,11.0,6.0,4.0,41.0,24.0,14.0,22.0,19.0,8.0,119.0,13.0,107.0,25.0,86.0,38.0,8.0,11.0,45.0,28.0,9.0,15.0,1.0,23.0,95.0,37.0,67.0,65.0,73.0,51.0,8.0,129.0,3.0,121.0,11.0,119.0,13.0,131.0,1.0,95.0,37.0,49.0,70.0,13.0,103.0,26.0,3.0,37.0,41.0,20.0,30.0,4.0,46.0,36.0,17.0,16.0,17.0,8.0,124.0,55.0,69.0,7.0,1.0,125.0,0.0,7.0,102.0,25.0,5.0,126.0,4.0,2.0,29.0,103.0,110.0,22.0,82.0,46.0,4.0,0.0,111.0,21.0,0.0,87.0,45.0,0.0,122.0,10.0,0.0,117.0,13.0,2.0,0.0,79.0,53.0,74.0,50.0,8.0,0.0,122.0,7.0,3.0,97.0,32.0,3.0,91.0,38.0,3.0,109.0,22.0,1.0,105.0,23.0,1.0,3.0,38.0,71.0,23.0,0.0,Acima da média
203,26084201,2017,1,2,2603,26012,26,2605004,260500405,2,1,1.0,1.0,1.0,0.0,0.0,0.0,0.0,0.0,0.0,0.0,0.0,0.0,0.0,1.0,1.0,0.0,0.0,0.0,0.0,1.0,0.0,0.0,0.0,1.0,0.0,0.0,1.0,0.0,0.0,0.0,0.0,0.0,1.0,1.0,1.0,1.0,1.0,0.0,0.0,0.0,1.0,1.0,0.0,1.0,0.0,0.0,0.0,1.0,0.0,1.0,0.0,1.0,0.0,0.0,0.0,0.0,0.0,1.0,0.0,0.0,0.0,0.0,0.0,0.0,12.0,12.0,1.0,0.0,0.0,1.0,1.0,0.0,1.0,0.0,1.0,1.0,0.0,1.0,1.0,1.0,0.0,0.0,1.0,2.0,0.0,3.0,0.0,3.0,3.0,0.0,3.0,11.0,1.0,10.0,1.0,1.0,30.0,1.0,1.0,0.0,0.0,0.0,0.0,1.0,0.0,0.0,0.0,0.0,1.0,0.0,0.0,0.0,1.0,1.0,0.0,0.0,0.0,0.0,0.0,1.0,0.0,0.0,0.0,0.0,0.0,0.0,0.0,0.0,0.0,0.0,1.0,0.0,0.0,0.0,0.0,0.0,0.0,33.0,5.0,54.0,5.0,1.0,8.0,1.0,11.0,60.0,29.0,5.0,0.0,0.0,0.0,1.0,105.0,1.0,105.0,72.0,34.0,69.0,34.0,3.0,66.0,32.0,8.0,0.0,78.0,28.0,0.0,4.0,59.0,39.0,4.0,0.0,6.0,26.0,45.0,23.0,6.0,102.0,3.0,1.0,0.0,0.0,97.0,4.0,5.0,1.0,25.0,26.0,20.0,19.0,8.0,7.0,92.0,14.0,77.0,29.0,69.0,31.0,6.0,9.0,28.0,19.0,15.0,17.0,1.0,17.0,81.0,25.0,57.0,49.0,87.0,17.0,2.0,106.0,0.0,103.0,3.0,92.0,14.0,105.0,1.0,90.0,16.0,46.0,51.0,9.0,81.0,21.0,4.0,17.0,41.0,23.0,19.0,6.0,39.0,22.0,12.0,3.0,30.0,2.0,104.0,39.0,61.0,6.0,0.0,92.0,2.0,12.0,80.0,25.0,1.0,102.0,4.0,0.0,10.0,96.0,90.0,16.0,83.0,22.0,1.0,0.0,101.0,5.0,0.0,75.0,31.0,0.0,102.0,4.0,0.0,106.0,0.0,0.0,0.0,78.0,28.0,87.0,18.0,1.0,0.0,105.0,1.0,0.0,93.0,12.0,1.0,85.0,20.0,1.0,98.0,8.0,0.0,102.0,4.0,0.0,0.0,40.0,49.0,17.0,0.0,Acima da média
204,26025981,2017,1,2,2601,26004,26,2605103,260510305,2,1,1.0,1.0,1.0,0.0,0.0,0.0,0.0,0.0,0.0,0.0,1.0,0.0,0.0,1.0,1.0,1.0,0.0,0.0,0.0,1.0,0.0,0.0,0.0,1.0,0.0,0.0,1.0,0.0,0.0,0.0,0.0,0.0,1.0,1.0,1.0,1.0,1.0,1.0,0.0,1.0,0.0,1.0,0.0,1.0,0.0,0.0,0.0,1.0,0.0,1.0,0.0,0.0,0.0,0.0,0.0,0.0,0.0,0.0,0.0,0.0,0.0,0.0,0.0,0.0,14.0,25.0,1.0,1.0,1.0,1.0,1.0,1.0,1.0,1.0,1.0,1.0,0.0,1.0,1.0,6.0,1.0,1.0,1.0,1.0,2.0,2.0,2.0,3.0,19.0,0.0,2.0,22.0,4.0,18.0,1.0,1.0,69.0,1.0,1.0,1.0,0.0,0.0,0.0,1.0,0.0,0.0,0.0,0.0,1.0,0.0,0.0,0.0,1.0,0.0,1.0,0.0,0.0,0.0,1.0,1.0,0.0,1.0,0.0,0.0,0.0,0.0,0.0,0.0,0.0,0.0,0.0,0.0,0.0,0.0,0.0,0.0,0.0,26.0,13.0,54.0,8.0,1.0,10.0,0.0,1.0,20.0,37.0,31.0,12.0,3.0,8.0,4.0,108.0,4.0,108.0,61.0,51.0,82.0,28.0,2.0,83.0,26.0,3.0,5.0,90.0,17.0,1.0,3.0,54.0,46.0,8.0,3.0,24.0,28.0,28.0,15.0,14.0,103.0,6.0,2.0,1.0,0.0,88.0,22.0,2.0,9.0,30.0,20.0,8.0,23.0,6.0,16.0,93.0,19.0,92.0,20.0,49.0,59.0,4.0,17.0,29.0,21.0,7.0,9.0,1.0,28.0,68.0,44.0,52.0,60.0,48.0,48.0,16.0,108.0,4.0,102.0,10.0,101.0,11.0,108.0,4.0,73.0,39.0,28.0,68.0,16.0,82.0,26.0,4.0,31.0,33.0,10.0,27.0,11.0,30.0,22.0,9.0,26.0,25.0,32.0,80.0,33.0,57.0,20.0,2.0,103.0,3.0,6.0,44.0,44.0,24.0,95.0,13.0,4.0,55.0,57.0,77.0,35.0,57.0,44.0,6.0,5.0,79.0,30.0,3.0,58.0,51.0,3.0,89.0,20.0,3.0,83.0,19.0,3.0,7.0,72.0,40.0,61.0,44.0,4.0,3.0,98.0,10.0,4.0,77.0,32.0,3.0,85.0,24.0,3.0,85.0,25.0,2.0,93.0,17.0,0.0,2.0,19.0,33.0,58.0,2.0,Abaixo da média
205,26026627,2017,1,2,2601,26004,26,2605103,260510305,2,1,1.0,1.0,1.0,0.0,0.0,0.0,0.0,0.0,0.0,0.0,0.0,0.0,0.0,1.0,1.0,1.0,0.0,0.0,0.0,1.0,0.0,0.0,0.0,1.0,0.0,0.0,1.0,0.0,0.0,0.0,0.0,0.0,1.0,1.0,1.0,1.0,0.0,1.0,0.0,1.0,1.0,1.0,0.0,1.0,0.0,0.0,0.0,1.0,0.0,1.0,0.0,1.0,1.0,1.0,1.0,0.0,1.0,0.0,0.0,0.0,0.0,0.0,0.0,0.0,18.0,18.0,1.0,1.0,1.0,1.0,1.0,1.0,1.0,0.0,1.0,1.0,0.0,1.0,1.0,2.0,2.0,2.0,2.0,1.0,2.0,3.0,0.0,3.0,14.0,0.0,2.0,36.0,2.0,24.0,1.0,1.0,43.0,1.0,0.0,1.0,0.0,0.0,0.0,1.0,0.0,0.0,0.0,0.0,1.0,0.0,0.0,0.0,1.0,0.0,0.0,0.0,0.0,0.0,0.0,1.0,0.0,0.0,0.0,0.0,0.0,0.0,0.0,0.0,0.0,0.0,0.0,0.0,0.0,0.0,0.0,0.0,0.0,46.0,11.0,108.0,10.0,1.0,13.0,0.0,16.0,111.0,49.0,11.0,2.0,0.0,0.0,6.0,183.0,1.0,188.0,119.0,70.0,110.0,72.0,7.0,72.0,98.0,19.0,2.0,123.0,64.0,0.0,3.0,67.0,100.0,19.0,1.0,13.0,51.0,68.0,37.0,19.0,172.0,17.0,0.0,0.0,0.0,172.0,8.0,9.0,4.0,31.0,26.0,17.0,49.0,47.0,15.0,176.0,13.0,160.0,29.0,116.0,68.0,5.0,14.0,26.0,31.0,28.0,42.0,13.0,35.0,154.0,35.0,118.0,71.0,130.0,50.0,9.0,185.0,4.0,172.0,17.0,165.0,24.0,188.0,1.0,150.0,39.0,58.0,109.0,22.0,139.0,45.0,5.0,36.0,53.0,44.0,52.0,4.0,74.0,62.0,10.0,10.0,33.0,11.0,178.0,73.0,95.0,20.0,1.0,162.0,2.0,25.0,148.0,35.0,6.0,180.0,6.0,3.0,38.0,151.0,170.0,19.0,110.0,62.0,9.0,8.0,150.0,32.0,7.0,110.0,70.0,9.0,165.0,17.0,7.0,141.0,41.0,2.0,5.0,116.0,73.0,107.0,71.0,10.0,1.0,180.0,6.0,3.0,158.0,27.0,4.0,153.0,33.0,3.0,169.0,19.0,1.0,143.0,39.0,7.0,0.0,40.0,104.0,45.0,0.0,Acima da média
206,26181649,2017,1,2,2601,26004,26,2605103,260510315,2,2,1.0,1.0,1.0,0.0,0.0,0.0,0.0,0.0,0.0,0.0,0.0,0.0,0.0,0.0,0.0,1.0,0.0,0.0,0.0,1.0,0.0,0.0,0.0,0.0,1.0,0.0,0.0,1.0,0.0,0.0,0.0,0.0,1.0,1.0,1.0,1.0,0.0,0.0,1.0,1.0,1.0,1.0,0.0,1.0,0.0,0.0,0.0,1.0,0.0,0.0,0.0,0.0,0.0,0.0,0.0,0.0,0.0,0.0,0.0,0.0,0.0,0.0,0.0,0.0,22.0,24.0,1.0,0.0,0.0,0.0,0.0,0.0,1.0,1.0,1.0,1.0,0.0,0.0,1.0,3.0,0.0,0.0,0.0,0.0,0.0,2.0,1.0,1.0,10.0,0.0,0.0,23.0,3.0,20.0,1.0,0.0,78.0,1.0,1.0,1.0,3.0,1.0,0.0,0.0,0.0,0.0,1.0,1.0,1.0,0.0,0.0,0.0,1.0,1.0,1.0,0.0,0.0,0.0,1.0,1.0,0.0,1.0,0.0,0.0,0.0,0.0,0.0,0.0,0.0,1.0,1.0,1.0,0.0,0.0,0.0,0.0,0.0,7.0,9.0,31.0,2.0,1.0,5.0,0.0,2.0,12.0,14.0,11.0,9.0,4.0,3.0,4.0,51.0,1.0,54.0,33.0,22.0,39.0,14.0,2.0,36.0,18.0,1.0,3.0,48.0,4.0,0.0,2.0,17.0,30.0,6.0,2.0,5.0,11.0,19.0,11.0,7.0,53.0,2.0,0.0,0.0,0.0,46.0,7.0,2.0,4.0,7.0,8.0,9.0,9.0,9.0,9.0,45.0,10.0,43.0,12.0,37.0,17.0,1.0,8.0,13.0,9.0,4.0,6.0,2.0,13.0,33.0,22.0,20.0,35.0,39.0,11.0,5.0,52.0,3.0,51.0,4.0,49.0,6.0,54.0,1.0,41.0,14.0,20.0,27.0,8.0,35.0,18.0,2.0,22.0,16.0,6.0,7.0,4.0,7.0,16.0,9.0,13.0,10.0,10.0,45.0,19.0,18.0,12.0,6.0,54.0,0.0,1.0,28.0,22.0,5.0,47.0,7.0,1.0,26.0,29.0,53.0,2.0,42.0,11.0,1.0,1.0,49.0,5.0,1.0,32.0,21.0,2.0,48.0,4.0,3.0,54.0,1.0,0.0,0.0,39.0,16.0,33.0,20.0,2.0,0.0,53.0,1.0,1.0,38.0,15.0,2.0,44.0,9.0,2.0,35.0,15.0,5.0,51.0,3.0,1.0,0.0,22.0,27.0,6.0,0.0,Abaixo da média
207,26033089,2017,1,2,2602,26005,26,2605152,260515218,2,2,1.0,1.0,3.0,0.0,0.0,0.0,0.0,0.0,0.0,0.0,0.0,1.0,0.0,1.0,0.0,0.0,1.0,0.0,0.0,1.0,0.0,0.0,0.0,0.0,1.0,0.0,0.0,1.0,0.0,0.0,0.0,0.0,0.0,0.0,1.0,0.0,0.0,0.0,0.0,0.0,1.0,1.0,0.0,1.0,0.0,0.0,0.0,1.0,0.0,0.0,0.0,0.0,0.0,0.0,0.0,0.0,0.0,0.0,0.0,0.0,0.0,0.0,0.0,0.0,6.0,5.0,1.0,1.0,1.0,1.0,0.0,0.0,1.0,0.0,1.0,1.0,0.0,1.0,1.0,1.0,1.0,1.0,1.0,0.0,0.0,2.0,0.0,1.0,9.0,0.0,1.0,10.0,2.0,10.0,1.0,1.0,14.0,1.0,0.0,0.0,0.0,0.0,0.0,1.0,0.0,0.0,0.0,1.0,1.0,0.0,0.0,0.0,1.0,0.0,0.0,0.0,0.0,0.0,0.0,1.0,0.0,0.0,0.0,0.0,0.0,0.0,0.0,0.0,0.0,0.0,0.0,0.0,0.0,0.0,0.0,0.0,0.0,10.0,4.0,21.0,0.0,1.0,3.0,0.0,1.0,19.0,9.0,6.0,2.0,2.0,0.0,2.0,37.0,2.0,37.0,31.0,8.0,34.0,3.0,2.0,29.0,9.0,1.0,3.0,35.0,1.0,0.0,3.0,17.0,15.0,4.0,1.0,5.0,6.0,11.0,6.0,10.0,37.0,1.0,1.0,0.0,0.0,31.0,8.0,0.0,1.0,11.0,4.0,5.0,11.0,3.0,4.0,34.0,5.0,31.0,8.0,23.0,9.0,7.0,4.0,14.0,5.0,2.0,5.0,0.0,9.0,26.0,13.0,17.0,22.0,31.0,6.0,2.0,39.0,0.0,39.0,0.0,36.0,3.0,39.0,0.0,34.0,5.0,13.0,23.0,3.0,21.0,14.0,4.0,9.0,15.0,9.0,5.0,1.0,9.0,10.0,5.0,9.0,6.0,9.0,30.0,14.0,16.0,9.0,0.0,38.0,0.0,1.0,23.0,12.0,4.0,36.0,1.0,2.0,18.0,21.0,37.0,2.0,25.0,13.0,0.0,1.0,36.0,2.0,1.0,19.0,19.0,1.0,26.0,12.0,1.0,35.0,3.0,0.0,1.0,28.0,11.0,24.0,12.0,2.0,1.0,34.0,4.0,1.0,29.0,8.0,2.0,28.0,11.0,0.0,15.0,21.0,3.0,37.0,2.0,0.0,0.0,8.0,25.0,6.0,0.0,Acima da média
208,26033356,2017,1,2,2602,26005,26,2605152,260515205,2,1,1.0,1.0,1.0,0.0,0.0,0.0,0.0,0.0,0.0,0.0,1.0,0.0,0.0,1.0,1.0,0.0,0.0,0.0,0.0,1.0,0.0,0.0,0.0,0.0,1.0,0.0,1.0,0.0,0.0,0.0,0.0,0.0,1.0,1.0,1.0,1.0,0.0,1.0,0.0,1.0,1.0,1.0,1.0,1.0,0.0,0.0,0.0,1.0,0.0,1.0,0.0,1.0,0.0,1.0,0.0,1.0,1.0,1.0,0.0,0.0,0.0,0.0,0.0,0.0,16.0,16.0,1.0,0.0,1.0,0.0,1.0,0.0,0.0,1.0,0.0,1.0,0.0,0.0,1.0,2.0,0.0,1.0,0.0,2.0,0.0,0.0,5.0,0.0,16.0,0.0,0.0,13.0,4.0,9.0,1.0,1.0,34.0,1.0,0.0,0.0,0.0,0.0,0.0,1.0,0.0,0.0,0.0,0.0,1.0,0.0,0.0,0.0,1.0,1.0,0.0,0.0,0.0,0.0,0.0,1.0,0.0,0.0,0.0,0.0,0.0,0.0,0.0,0.0,0.0,1.0,1.0,0.0,0.0,0.0,0.0,0.0,0.0,66.0,6.0,65.0,2.0,1.0,10.0,1.0,14.0,111.0,16.0,5.0,3.0,0.0,0.0,10.0,140.0,1.0,149.0,105.0,45.0,103.0,43.0,4.0,91.0,50.0,9.0,1.0,125.0,24.0,0.0,6.0,63.0,65.0,16.0,0.0,9.0,41.0,66.0,19.0,15.0,138.0,11.0,1.0,0.0,0.0,133.0,12.0,5.0,6.0,38.0,38.0,21.0,28.0,13.0,6.0,134.0,16.0,125.0,25.0,119.0,21.0,10.0,13.0,46.0,36.0,17.0,18.0,5.0,15.0,123.0,27.0,97.0,53.0,123.0,23.0,4.0,149.0,1.0,137.0,13.0,140.0,10.0,149.0,1.0,119.0,31.0,64.0,76.0,10.0,105.0,41.0,4.0,32.0,62.0,33.0,15.0,8.0,48.0,53.0,22.0,13.0,14.0,13.0,137.0,37.0,75.0,36.0,2.0,147.0,3.0,0.0,130.0,17.0,3.0,150.0,0.0,0.0,17.0,133.0,138.0,12.0,106.0,36.0,3.0,5.0,121.0,22.0,7.0,84.0,58.0,8.0,134.0,11.0,5.0,111.0,28.0,4.0,7.0,116.0,34.0,118.0,24.0,2.0,6.0,143.0,2.0,5.0,124.0,20.0,6.0,106.0,37.0,7.0,117.0,25.0,8.0,143.0,1.0,1.0,5.0,8.0,63.0,71.0,8.0,Acima da média
211,26099322,2017,1,2,2604,26015,26,2605202,260520205,2,1,1.0,1.0,1.0,0.0,0.0,0.0,0.0,0.0,0.0,0.0,0.0,0.0,0.0,1.0,1.0,0.0,0.0,0.0,0.0,1.0,0.0,0.0,0.0,0.0,1.0,0.0,1.0,1.0,0.0,0.0,0.0,0.0,1.0,1.0,1.0,0.0,1.0,1.0,0.0,1.0,1.0,1.0,1.0,1.0,0.0,0.0,0.0,1.0,0.0,1.0,1.0,1.0,0.0,1.0,1.0,1.0,0.0,1.0,1.0,0.0,0.0,1.0,1.0,0.0,15.0,15.0,1.0,1.0,1.0,1.0,1.0,1.0,1.0,1.0,1.0,1.0,0.0,1.0,1.0,7.0,3.0,5.0,1.0,2.0,1.0,5.0,2.0,5.0,34.0,0.0,5.0,24.0,6.0,18.0,1.0,0.0,59.0,1.0,1.0,0.0,0.0,0.0,0.0,1.0,0.0,0.0,0.0,0.0,1.0,0.0,0.0,0.0,1.0,1.0,1.0,0.0,0.0,0.0,1.0,1.0,0.0,1.0,0.0,0.0,0.0,0.0,0.0,0.0,0.0,0.0,1.0,0.0,0.0,0.0,0.0,0.0,0.0,17.0,11.0,55.0,3.0,0.0,7.0,0.0,4.0,24.0,32.0,20.0,8.0,1.0,4.0,5.0,88.0,2.0,91.0,57.0,36.0,69.0,22.0,2.0,61.0,28.0,4.0,0.0,78.0,15.0,3.0,5.0,43.0,34.0,8.0,1.0,10.0,20.0,30.0,14.0,18.0,82.0,7.0,3.0,1.0,0.0,75.0,16.0,2.0,5.0,26.0,15.0,8.0,23.0,5.0,11.0,69.0,24.0,63.0,30.0,59.0,30.0,4.0,10.0,31.0,13.0,9.0,15.0,0.0,15.0,63.0,30.0,53.0,40.0,49.0,37.0,7.0,90.0,3.0,88.0,5.0,87.0,6.0,90.0,3.0,76.0,17.0,27.0,54.0,12.0,50.0,38.0,5.0,32.0,26.0,14.0,13.0,8.0,40.0,26.0,4.0,12.0,11.0,8.0,85.0,35.0,44.0,12.0,2.0,85.0,1.0,7.0,48.0,35.0,10.0,87.0,6.0,0.0,23.0,70.0,85.0,8.0,53.0,30.0,4.0,6.0,57.0,23.0,13.0,48.0,29.0,16.0,72.0,9.0,12.0,57.0,19.0,2.0,15.0,73.0,20.0,43.0,33.0,8.0,9.0,70.0,5.0,18.0,49.0,30.0,14.0,58.0,19.0,16.0,65.0,14.0,14.0,59.0,17.0,2.0,15.0,16.0,35.0,42.0,0.0,Abaixo da média
212,26099365,2017,1,2,2604,26015,26,2605202,260520205,2,1,1.0,1.0,1.0,0.0,0.0,0.0,0.0,0.0,0.0,0.0,0.0,0.0,0.0,1.0,1.0,0.0,0.0,0.0,0.0,1.0,0.0,0.0,0.0,0.0,1.0,0.0,1.0,0.0,0.0,0.0,0.0,0.0,0.0,1.0,1.0,0.0,0.0,0.0,1.0,1.0,1.0,1.0,1.0,1.0,0.0,0.0,0.0,1.0,0.0,1.0,0.0,0.0,0.0,0.0,0.0,0.0,0.0,0.0,0.0,0.0,0.0,0.0,0.0,0.0,13.0,13.0,1.0,0.0,1.0,0.0,0.0,0.0,1.0,1.0,1.0,1.0,0.0,0.0,1.0,1.0,0.0,3.0,0.0,0.0,0.0,3.0,1.0,2.0,6.0,0.0,0.0,14.0,3.0,11.0,1.0,1.0,53.0,1.0,0.0,1.0,0.0,0.0,0.0,1.0,0.0,0.0,0.0,0.0,1.0,0.0,0.0,0.0,1.0,1.0,0.0,0.0,0.0,0.0,1.0,1.0,0.0,0.0,0.0,0.0,0.0,0.0,0.0,0.0,0.0,1.0,1.0,0.0,0.0,0.0,0.0,0.0,0.0,2.0,4.0,18.0,0.0,0.0,2.0,0.0,1.0,9.0,8.0,8.0,0.0,0.0,0.0,1.0,25.0,1.0,25.0,15.0,11.0,22.0,3.0,1.0,13.0,11.0,2.0,0.0,21.0,5.0,1.0,1.0,12.0,10.0,2.0,0.0,5.0,3.0,10.0,5.0,3.0,22.0,4.0,0.0,0.0,0.0,20.0,6.0,0.0,2.0,7.0,4.0,4.0,4.0,1.0,4.0,17.0,9.0,16.0,10.0,12.0,13.0,1.0,0.0,2.0,9.0,2.0,3.0,0.0,10.0,20.0,6.0,14.0,12.0,16.0,10.0,0.0,26.0,0.0,24.0,2.0,25.0,1.0,26.0,0.0,23.0,3.0,12.0,13.0,1.0,19.0,6.0,1.0,7.0,6.0,3.0,9.0,1.0,7.0,12.0,3.0,3.0,1.0,2.0,24.0,9.0,15.0,2.0,0.0,24.0,0.0,2.0,16.0,6.0,4.0,26.0,0.0,0.0,5.0,21.0,25.0,1.0,16.0,8.0,1.0,1.0,23.0,2.0,1.0,19.0,6.0,1.0,23.0,2.0,1.0,21.0,3.0,1.0,1.0,20.0,6.0,11.0,14.0,0.0,1.0,24.0,0.0,2.0,18.0,6.0,2.0,19.0,5.0,2.0,20.0,4.0,2.0,18.0,6.0,0.0,2.0,13.0,11.0,2.0,0.0,Abaixo da média
213,26099489,2017,1,2,2604,26015,26,2605202,260520205,2,1,1.0,1.0,1.0,0.0,0.0,0.0,0.0,0.0,0.0,0.0,0.0,0.0,0.0,1.0,1.0,0.0,0.0,0.0,0.0,1.0,0.0,0.0,0.0,0.0,1.0,0.0,1.0,0.0,0.0,0.0,0.0,0.0,1.0,1.0,1.0,1.0,1.0,0.0,0.0,0.0,1.0,1.0,0.0,1.0,0.0,0.0,0.0,1.0,0.0,1.0,1.0,1.0,1.0,1.0,1.0,1.0,1.0,1.0,1.0,0.0,0.0,0.0,0.0,0.0,14.0,14.0,1.0,0.0,1.0,1.0,1.0,1.0,1.0,0.0,1.0,1.0,0.0,0.0,1.0,7.0,0.0,5.0,1.0,1.0,1.0,2.0,0.0,2.0,5.0,0.0,0.0,11.0,4.0,7.0,1.0,1.0,43.0,1.0,0.0,0.0,0.0,0.0,0.0,1.0,0.0,0.0,0.0,0.0,1.0,0.0,0.0,0.0,1.0,0.0,0.0,0.0,0.0,0.0,0.0,1.0,0.0,0.0,0.0,0.0,0.0,0.0,0.0,0.0,0.0,0.0,0.0,0.0,0.0,0.0,0.0,0.0,0.0,32.0,13.0,73.0,5.0,4.0,7.0,0.0,8.0,68.0,43.0,12.0,3.0,0.0,0.0,1.0,133.0,0.0,134.0,60.0,74.0,102.0,29.0,3.0,73.0,51.0,10.0,1.0,104.0,29.0,0.0,10.0,68.0,44.0,12.0,1.0,19.0,31.0,44.0,18.0,21.0,121.0,13.0,0.0,0.0,0.0,110.0,16.0,8.0,2.0,15.0,9.0,17.0,59.0,20.0,12.0,127.0,7.0,118.0,16.0,68.0,58.0,8.0,7.0,11.0,14.0,19.0,50.0,5.0,28.0,122.0,12.0,96.0,38.0,98.0,29.0,7.0,132.0,2.0,131.0,3.0,124.0,10.0,134.0,0.0,115.0,19.0,44.0,78.0,12.0,97.0,31.0,6.0,35.0,35.0,20.0,37.0,7.0,34.0,43.0,14.0,16.0,27.0,11.0,123.0,64.0,59.0,8.0,3.0,96.0,15.0,23.0,92.0,38.0,4.0,132.0,2.0,0.0,23.0,111.0,113.0,21.0,91.0,38.0,3.0,2.0,114.0,15.0,5.0,87.0,43.0,4.0,125.0,7.0,2.0,110.0,19.0,3.0,2.0,86.0,48.0,96.0,34.0,1.0,3.0,128.0,4.0,2.0,90.0,43.0,1.0,104.0,29.0,1.0,116.0,16.0,2.0,125.0,6.0,1.0,2.0,15.0,78.0,34.0,7.0,Abaixo da média
214,26099497,2017,1,2,2604,26015,26,2605202,260520205,2,1,1.0,1.0,1.0,0.0,0.0,0.0,0.0,0.0,0.0,0.0,0.0,0.0,0.0,1.0,1.0,0.0,0.0,0.0,0.0,1.0,0.0,0.0,0.0,1.0,1.0,0.0,1.0,0.0,0.0,0.0,0.0,0.0,1.0,1.0,1.0,0.0,1.0,0.0,1.0,1.0,1.0,1.0,0.0,1.0,0.0,0.0,0.0,1.0,0.0,1.0,0.0,0.0,0.0,0.0,0.0,0.0,0.0,0.0,0.0,0.0,0.0,0.0,0.0,0.0,13.0,13.0,1.0,0.0,1.0,0.0,1.0,0.0,1.0,1.0,0.0,1.0,0.0,0.0,1.0,1.0,0.0,1.0,0.0,1.0,0.0,1.0,1.0,0.0,2.0,0.0,0.0,10.0,4.0,6.0,1.0,1.0,48.0,1.0,0.0,0.0,0.0,0.0,0.0,1.0,0.0,0.0,0.0,0.0,1.0,0.0,0.0,0.0,1.0,0.0,0.0,0.0,0.0,0.0,0.0,1.0,0.0,0.0,0.0,0.0,0.0,0.0,0.0,0.0,0.0,0.0,0.0,0.0,0.0,0.0,0.0,0.0,0.0,37.0,33.0,147.0,9.0,9.0,24.0,0.0,7.0,63.0,84.0,45.0,23.0,14.0,23.0,14.0,245.0,2.0,257.0,157.0,102.0,199.0,54.0,6.0,181.0,70.0,8.0,2.0,223.0,34.0,2.0,20.0,114.0,107.0,16.0,3.0,30.0,50.0,84.0,49.0,43.0,227.0,25.0,5.0,1.0,1.0,189.0,57.0,13.0,15.0,69.0,35.0,33.0,54.0,14.0,39.0,222.0,37.0,204.0,55.0,129.0,114.0,16.0,19.0,66.0,34.0,19.0,40.0,3.0,78.0,195.0,64.0,151.0,108.0,148.0,77.0,34.0,250.0,9.0,240.0,19.0,230.0,29.0,251.0,8.0,194.0,65.0,81.0,155.0,23.0,182.0,61.0,16.0,81.0,63.0,29.0,65.0,21.0,76.0,67.0,28.0,34.0,54.0,57.0,202.0,62.0,133.0,49.0,15.0,217.0,12.0,30.0,123.0,96.0,40.0,215.0,28.0,16.0,100.0,159.0,239.0,20.0,172.0,75.0,3.0,9.0,202.0,44.0,13.0,157.0,87.0,15.0,217.0,29.0,13.0,211.0,31.0,4.0,13.0,166.0,93.0,130.0,96.0,18.0,15.0,219.0,27.0,13.0,148.0,93.0,18.0,168.0,76.0,15.0,193.0,52.0,14.0,198.0,46.0,1.0,14.0,55.0,125.0,71.0,8.0,Abaixo da média
215,26003066,2017,1,2,2601,26001,26,2605301,260530105,2,1,1.0,1.0,1.0,0.0,0.0,0.0,0.0,0.0,0.0,0.0,0.0,0.0,0.0,1.0,1.0,0.0,0.0,0.0,0.0,1.0,0.0,0.0,0.0,0.0,1.0,0.0,1.0,0.0,0.0,0.0,0.0,0.0,1.0,1.0,1.0,1.0,1.0,0.0,0.0,0.0,1.0,1.0,0.0,1.0,0.0,0.0,0.0,1.0,0.0,1.0,1.0,1.0,1.0,0.0,1.0,0.0,1.0,1.0,0.0,0.0,0.0,1.0,0.0,0.0,14.0,14.0,1.0,1.0,1.0,1.0,1.0,0.0,1.0,1.0,1.0,1.0,0.0,1.0,1.0,20.0,2.0,10.0,4.0,1.0,0.0,1.0,5.0,3.0,18.0,0.0,2.0,40.0,7.0,33.0,1.0,1.0,46.0,1.0,1.0,0.0,0.0,0.0,0.0,1.0,0.0,0.0,1.0,0.0,1.0,0.0,0.0,0.0,1.0,0.0,0.0,0.0,0.0,0.0,0.0,1.0,0.0,0.0,0.0,0.0,0.0,0.0,0.0,0.0,0.0,0.0,0.0,0.0,0.0,0.0,0.0,0.0,0.0,35.0,8.0,107.0,11.0,1.0,6.0,0.0,16.0,106.0,31.0,10.0,4.0,1.0,0.0,3.0,165.0,2.0,166.0,126.0,42.0,111.0,52.0,5.0,102.0,57.0,9.0,4.0,127.0,37.0,0.0,7.0,67.0,79.0,15.0,0.0,11.0,27.0,57.0,37.0,36.0,152.0,14.0,1.0,1.0,0.0,153.0,8.0,7.0,2.0,36.0,29.0,16.0,41.0,31.0,13.0,154.0,14.0,125.0,43.0,120.0,41.0,7.0,12.0,38.0,34.0,20.0,32.0,9.0,23.0,144.0,24.0,83.0,85.0,123.0,35.0,10.0,166.0,2.0,158.0,10.0,150.0,18.0,165.0,3.0,126.0,42.0,49.0,95.0,24.0,95.0,69.0,4.0,37.0,39.0,40.0,38.0,14.0,58.0,44.0,12.0,11.0,43.0,8.0,160.0,84.0,52.0,30.0,2.0,152.0,0.0,16.0,136.0,26.0,6.0,166.0,2.0,0.0,38.0,130.0,140.0,28.0,101.0,57.0,5.0,5.0,146.0,16.0,6.0,101.0,59.0,8.0,146.0,17.0,5.0,114.0,41.0,10.0,3.0,103.0,65.0,92.0,68.0,8.0,0.0,162.0,5.0,1.0,111.0,55.0,2.0,118.0,49.0,1.0,135.0,33.0,0.0,161.0,6.0,1.0,0.0,39.0,113.0,16.0,0.0,Acima da média
216,26003210,2017,1,2,2601,26001,26,2605301,260530105,2,1,1.0,1.0,2.0,0.0,0.0,0.0,0.0,0.0,0.0,0.0,0.0,0.0,0.0,1.0,1.0,0.0,0.0,0.0,0.0,1.0,0.0,0.0,0.0,1.0,0.0,0.0,1.0,0.0,0.0,0.0,0.0,0.0,0.0,0.0,0.0,0.0,0.0,0.0,0.0,0.0,0.0,0.0,0.0,0.0,0.0,0.0,0.0,0.0,0.0,0.0,0.0,0.0,0.0,0.0,0.0,0.0,0.0,0.0,0.0,0.0,0.0,0.0,0.0,1.0,17.0,6.0,1.0,0.0,1.0,1.0,0.0,1.0,1.0,1.0,1.0,1.0,0.0,1.0,1.0,3.0,0.0,1.0,1.0,0.0,1.0,6.0,4.0,2.0,3.0,0.0,2.0,21.0,9.0,11.0,1.0,1.0,83.0,1.0,0.0,1.0,0.0,0.0,0.0,1.0,0.0,0.0,0.0,0.0,1.0,0.0,0.0,0.0,1.0,1.0,0.0,0.0,0.0,0.0,1.0,1.0,0.0,0.0,0.0,0.0,0.0,0.0,0.0,0.0,0.0,1.0,1.0,0.0,0.0,0.0,0.0,0.0,0.0,39.0,9.0,105.0,2.0,6.0,20.0,0.0,5.0,59.0,54.0,31.0,12.0,10.0,10.0,12.0,169.0,7.0,174.0,126.0,55.0,145.0,34.0,2.0,134.0,45.0,2.0,10.0,156.0,15.0,1.0,9.0,81.0,80.0,10.0,1.0,12.0,19.0,48.0,46.0,55.0,168.0,10.0,3.0,0.0,0.0,154.0,18.0,9.0,19.0,50.0,41.0,15.0,19.0,7.0,30.0,142.0,39.0,126.0,55.0,115.0,64.0,2.0,27.0,52.0,31.0,9.0,9.0,1.0,52.0,128.0,53.0,85.0,96.0,89.0,69.0,23.0,176.0,5.0,161.0,20.0,160.0,21.0,175.0,6.0,138.0,43.0,62.0,108.0,11.0,110.0,64.0,7.0,49.0,55.0,20.0,39.0,18.0,61.0,47.0,15.0,28.0,30.0,29.0,152.0,73.0,55.0,44.0,9.0,174.0,0.0,7.0,94.0,71.0,16.0,160.0,14.0,7.0,50.0,131.0,160.0,21.0,117.0,59.0,2.0,3.0,165.0,15.0,1.0,122.0,57.0,2.0,153.0,24.0,4.0,160.0,17.0,3.0,1.0,126.0,55.0,119.0,56.0,6.0,0.0,177.0,3.0,1.0,147.0,33.0,1.0,133.0,48.0,0.0,140.0,41.0,0.0,155.0,25.0,0.0,1.0,51.0,111.0,19.0,0.0,Abaixo da média
217,26003821,2017,1,2,2601,26001,26,2605301,260530115,2,1,1.0,1.0,1.0,0.0,0.0,0.0,0.0,0.0,0.0,0.0,0.0,0.0,0.0,1.0,1.0,0.0,0.0,0.0,0.0,1.0,0.0,0.0,0.0,0.0,1.0,0.0,1.0,0.0,0.0,0.0,0.0,0.0,1.0,1.0,1.0,1.0,0.0,0.0,1.0,1.0,1.0,1.0,0.0,1.0,0.0,0.0,0.0,1.0,0.0,1.0,0.0,1.0,1.0,0.0,1.0,1.0,0.0,1.0,0.0,0.0,0.0,0.0,0.0,0.0,9.0,9.0,1.0,0.0,1.0,1.0,0.0,0.0,1.0,0.0,1.0,1.0,0.0,1.0,1.0,3.0,0.0,3.0,1.0,0.0,0.0,3.0,0.0,1.0,1.0,0.0,13.0,21.0,4.0,19.0,1.0,1.0,37.0,1.0,0.0,1.0,0.0,0.0,0.0,1.0,0.0,0.0,1.0,0.0,1.0,0.0,0.0,1.0,1.0,1.0,1.0,0.0,0.0,0.0,1.0,1.0,0.0,1.0,0.0,0.0,1.0,0.0,0.0,0.0,0.0,1.0,1.0,0.0,0.0,0.0,0.0,0.0,0.0,8.0,5.0,33.0,0.0,1.0,5.0,0.0,5.0,24.0,13.0,9.0,1.0,0.0,0.0,2.0,50.0,2.0,50.0,43.0,9.0,35.0,17.0,0.0,36.0,16.0,0.0,2.0,45.0,5.0,4.0,6.0,20.0,19.0,3.0,0.0,7.0,6.0,17.0,12.0,10.0,49.0,3.0,0.0,0.0,0.0,43.0,8.0,1.0,4.0,13.0,7.0,8.0,10.0,3.0,7.0,44.0,8.0,35.0,17.0,35.0,15.0,2.0,7.0,16.0,7.0,2.0,6.0,2.0,12.0,37.0,15.0,22.0,30.0,24.0,24.0,4.0,50.0,2.0,48.0,4.0,42.0,10.0,52.0,0.0,34.0,18.0,16.0,25.0,11.0,33.0,17.0,2.0,17.0,10.0,10.0,12.0,3.0,16.0,17.0,8.0,4.0,7.0,11.0,41.0,19.0,14.0,16.0,3.0,52.0,0.0,0.0,35.0,15.0,2.0,51.0,1.0,0.0,20.0,32.0,41.0,11.0,26.0,20.0,2.0,4.0,43.0,6.0,3.0,29.0,19.0,4.0,42.0,7.0,3.0,35.0,11.0,1.0,5.0,32.0,20.0,22.0,26.0,4.0,0.0,46.0,5.0,1.0,22.0,29.0,1.0,30.0,21.0,1.0,26.0,25.0,1.0,28.0,17.0,7.0,0.0,10.0,32.0,10.0,0.0,Abaixo da média
218,26068427,2017,1,2,2603,26010,26,2605400,260540005,2,1,1.0,1.0,1.0,0.0,0.0,0.0,0.0,0.0,0.0,0.0,0.0,0.0,0.0,1.0,1.0,0.0,0.0,0.0,0.0,1.0,0.0,0.0,0.0,0.0,1.0,0.0,1.0,0.0,0.0,0.0,0.0,0.0,1.0,1.0,1.0,1.0,1.0,1.0,0.0,1.0,1.0,1.0,0.0,1.0,0.0,0.0,0.0,1.0,0.0,1.0,1.0,1.0,1.0,1.0,0.0,1.0,0.0,1.0,0.0,0.0,0.0,0.0,0.0,0.0,12.0,9.0,0.0,0.0,0.0,0.0,1.0,0.0,1.0,1.0,1.0,1.0,0.0,1.0,1.0,0.0,0.0,0.0,0.0,3.0,0.0,2.0,3.0,3.0,14.0,0.0,1.0,24.0,3.0,21.0,1.0,1.0,49.0,1.0,0.0,1.0,0.0,0.0,0.0,1.0,0.0,0.0,0.0,0.0,1.0,0.0,0.0,0.0,1.0,0.0,0.0,0.0,0.0,0.0,0.0,1.0,0.0,0.0,0.0,0.0,0.0,0.0,0.0,0.0,0.0,0.0,0.0,0.0,0.0,0.0,0.0,0.0,0.0,17.0,14.0,74.0,3.0,0.0,4.0,0.0,13.0,69.0,26.0,3.0,1.0,0.0,0.0,2.0,110.0,2.0,110.0,75.0,37.0,89.0,22.0,1.0,70.0,39.0,3.0,1.0,90.0,21.0,0.0,3.0,72.0,36.0,1.0,0.0,10.0,23.0,48.0,22.0,9.0,105.0,7.0,0.0,0.0,0.0,99.0,8.0,5.0,9.0,26.0,18.0,8.0,38.0,7.0,6.0,98.0,14.0,81.0,31.0,64.0,40.0,8.0,11.0,38.0,27.0,8.0,14.0,3.0,11.0,85.0,27.0,46.0,66.0,99.0,11.0,2.0,108.0,4.0,107.0,5.0,92.0,20.0,112.0,0.0,84.0,28.0,49.0,58.0,5.0,81.0,25.0,6.0,26.0,45.0,18.0,18.0,5.0,51.0,25.0,7.0,5.0,24.0,6.0,106.0,28.0,80.0,3.0,1.0,102.0,2.0,8.0,85.0,23.0,4.0,110.0,1.0,1.0,10.0,102.0,96.0,16.0,80.0,31.0,0.0,1.0,98.0,13.0,1.0,74.0,34.0,4.0,100.0,10.0,2.0,100.0,11.0,0.0,1.0,69.0,43.0,65.0,39.0,8.0,0.0,107.0,4.0,1.0,91.0,21.0,0.0,86.0,26.0,0.0,92.0,19.0,1.0,105.0,7.0,0.0,0.0,26.0,76.0,10.0,0.0,Acima da média
219,26068508,2017,1,2,2603,26010,26,2605400,260540005,2,1,1.0,1.0,1.0,0.0,0.0,0.0,0.0,0.0,0.0,0.0,0.0,0.0,0.0,1.0,1.0,0.0,1.0,0.0,0.0,1.0,0.0,0.0,0.0,0.0,1.0,0.0,1.0,0.0,0.0,0.0,0.0,0.0,1.0,1.0,1.0,0.0,1.0,0.0,0.0,0.0,1.0,1.0,1.0,1.0,0.0,0.0,0.0,1.0,0.0,0.0,0.0,1.0,0.0,1.0,0.0,0.0,0.0,0.0,0.0,0.0,0.0,0.0,0.0,0.0,7.0,7.0,1.0,0.0,1.0,1.0,0.0,1.0,1.0,1.0,1.0,1.0,0.0,1.0,1.0,6.0,0.0,6.0,2.0,0.0,1.0,4.0,3.0,3.0,2.0,0.0,1.0,20.0,3.0,17.0,1.0,1.0,56.0,1.0,1.0,0.0,0.0,0.0,0.0,1.0,0.0,0.0,0.0,0.0,1.0,0.0,0.0,0.0,1.0,0.0,0.0,0.0,0.0,0.0,1.0,1.0,0.0,0.0,0.0,0.0,0.0,0.0,0.0,0.0,0.0,0.0,0.0,0.0,0.0,0.0,0.0,0.0,0.0,15.0,5.0,71.0,4.0,0.0,2.0,0.0,7.0,28.0,32.0,13.0,11.0,3.0,3.0,4.0,93.0,4.0,93.0,58.0,39.0,76.0,20.0,1.0,75.0,21.0,1.0,3.0,83.0,11.0,0.0,8.0,56.0,32.0,1.0,2.0,13.0,18.0,30.0,18.0,16.0,91.0,6.0,0.0,0.0,0.0,80.0,12.0,5.0,8.0,34.0,21.0,7.0,17.0,3.0,7.0,85.0,12.0,68.0,29.0,60.0,31.0,6.0,19.0,34.0,17.0,1.0,7.0,1.0,18.0,66.0,31.0,46.0,51.0,73.0,19.0,5.0,93.0,4.0,89.0,8.0,87.0,10.0,93.0,4.0,72.0,25.0,39.0,49.0,9.0,60.0,28.0,9.0,23.0,34.0,13.0,20.0,7.0,38.0,25.0,8.0,11.0,15.0,10.0,87.0,23.0,59.0,14.0,1.0,93.0,1.0,3.0,44.0,32.0,21.0,92.0,5.0,0.0,29.0,68.0,88.0,9.0,73.0,22.0,2.0,0.0,83.0,9.0,5.0,65.0,27.0,5.0,78.0,13.0,6.0,78.0,18.0,1.0,0.0,56.0,41.0,58.0,36.0,2.0,1.0,89.0,8.0,0.0,80.0,17.0,0.0,68.0,27.0,2.0,68.0,28.0,1.0,92.0,5.0,0.0,0.0,23.0,57.0,16.0,1.0,Abaixo da média
220,26132001,2017,1,2,2605,26019,26,2605459,260545905,2,1,1.0,1.0,1.0,0.0,0.0,0.0,0.0,0.0,0.0,0.0,0.0,0.0,0.0,1.0,1.0,0.0,0.0,0.0,0.0,1.0,0.0,0.0,0.0,1.0,0.0,0.0,1.0,0.0,0.0,1.0,0.0,0.0,1.0,1.0,1.0,0.0,0.0,1.0,0.0,1.0,1.0,0.0,0.0,0.0,0.0,0.0,0.0,1.0,0.0,0.0,0.0,0.0,0.0,0.0,0.0,0.0,0.0,0.0,0.0,0.0,0.0,0.0,0.0,0.0,13.0,13.0,1.0,0.0,1.0,0.0,1.0,1.0,1.0,0.0,1.0,1.0,0.0,1.0,1.0,3.0,0.0,1.0,0.0,2.0,3.0,3.0,0.0,2.0,3.0,0.0,2.0,15.0,6.0,15.0,1.0,1.0,92.0,1.0,0.0,1.0,0.0,0.0,0.0,1.0,0.0,0.0,1.0,0.0,1.0,0.0,0.0,0.0,1.0,1.0,0.0,0.0,0.0,1.0,1.0,1.0,0.0,0.0,0.0,0.0,0.0,0.0,0.0,0.0,0.0,1.0,1.0,0.0,0.0,0.0,0.0,0.0,0.0,2.0,1.0,4.0,4.0,0.0,0.0,0.0,0.0,8.0,2.0,1.0,0.0,0.0,0.0,0.0,11.0,0.0,11.0,2.0,9.0,8.0,1.0,2.0,3.0,5.0,3.0,0.0,6.0,5.0,0.0,2.0,3.0,2.0,4.0,0.0,2.0,1.0,5.0,1.0,2.0,7.0,1.0,3.0,0.0,0.0,10.0,0.0,1.0,0.0,1.0,1.0,1.0,4.0,3.0,1.0,10.0,1.0,10.0,1.0,5.0,4.0,2.0,0.0,1.0,1.0,2.0,2.0,2.0,3.0,11.0,0.0,6.0,5.0,6.0,5.0,0.0,11.0,0.0,10.0,1.0,10.0,1.0,11.0,0.0,10.0,1.0,3.0,7.0,1.0,10.0,1.0,0.0,2.0,2.0,3.0,4.0,0.0,6.0,2.0,1.0,0.0,2.0,1.0,10.0,10.0,1.0,0.0,0.0,11.0,0.0,0.0,10.0,0.0,1.0,11.0,0.0,0.0,2.0,9.0,10.0,1.0,7.0,4.0,0.0,0.0,10.0,1.0,0.0,8.0,3.0,0.0,10.0,1.0,0.0,11.0,0.0,0.0,0.0,6.0,5.0,5.0,3.0,2.0,1.0,11.0,0.0,0.0,6.0,5.0,0.0,8.0,3.0,0.0,9.0,2.0,0.0,10.0,0.0,0.0,1.0,1.0,7.0,3.0,0.0,Acima da média
221,26088606,2017,1,2,2604,26013,26,2605509,260550905,2,1,1.0,1.0,1.0,0.0,0.0,0.0,0.0,0.0,0.0,0.0,0.0,0.0,0.0,1.0,1.0,0.0,0.0,0.0,0.0,1.0,0.0,0.0,0.0,0.0,1.0,0.0,1.0,0.0,0.0,0.0,0.0,0.0,1.0,1.0,1.0,0.0,0.0,0.0,1.0,1.0,1.0,1.0,1.0,1.0,0.0,0.0,0.0,1.0,0.0,1.0,0.0,1.0,0.0,0.0,0.0,0.0,0.0,1.0,0.0,0.0,0.0,0.0,0.0,0.0,11.0,11.0,1.0,0.0,0.0,0.0,0.0,0.0,1.0,0.0,0.0,1.0,0.0,0.0,1.0,1.0,0.0,0.0,0.0,0.0,0.0,5.0,0.0,0.0,5.0,0.0,0.0,15.0,6.0,9.0,1.0,0.0,53.0,1.0,0.0,0.0,0.0,0.0,0.0,1.0,0.0,0.0,0.0,0.0,1.0,0.0,0.0,1.0,1.0,1.0,0.0,0.0,0.0,0.0,0.0,1.0,0.0,0.0,0.0,0.0,1.0,0.0,0.0,0.0,0.0,0.0,1.0,0.0,0.0,0.0,0.0,0.0,0.0,23.0,4.0,54.0,4.0,0.0,4.0,0.0,14.0,43.0,17.0,10.0,3.0,2.0,0.0,1.0,88.0,0.0,89.0,63.0,26.0,75.0,12.0,2.0,50.0,38.0,1.0,1.0,79.0,9.0,0.0,5.0,42.0,39.0,3.0,1.0,4.0,21.0,33.0,16.0,14.0,79.0,6.0,2.0,1.0,1.0,72.0,13.0,4.0,4.0,20.0,19.0,11.0,23.0,4.0,8.0,82.0,7.0,70.0,19.0,57.0,28.0,4.0,6.0,19.0,14.0,7.0,18.0,3.0,22.0,62.0,27.0,46.0,43.0,59.0,28.0,2.0,87.0,2.0,84.0,5.0,75.0,14.0,87.0,2.0,64.0,25.0,20.0,57.0,12.0,67.0,19.0,3.0,17.0,24.0,12.0,28.0,8.0,28.0,21.0,5.0,7.0,28.0,12.0,77.0,39.0,44.0,5.0,1.0,78.0,2.0,9.0,60.0,24.0,5.0,86.0,2.0,1.0,7.0,82.0,78.0,11.0,54.0,33.0,0.0,2.0,75.0,13.0,1.0,57.0,29.0,3.0,78.0,9.0,2.0,66.0,21.0,0.0,2.0,47.0,42.0,45.0,41.0,2.0,1.0,85.0,3.0,1.0,75.0,13.0,1.0,64.0,24.0,1.0,69.0,19.0,1.0,88.0,1.0,0.0,0.0,9.0,51.0,28.0,1.0,Abaixo da média
222,26016540,2017,1,2,2601,26003,26,2605608,260560805,2,1,1.0,1.0,1.0,0.0,0.0,0.0,0.0,0.0,0.0,0.0,0.0,0.0,0.0,0.0,1.0,0.0,0.0,0.0,0.0,1.0,0.0,0.0,0.0,0.0,1.0,0.0,1.0,0.0,0.0,0.0,0.0,0.0,1.0,0.0,1.0,0.0,0.0,0.0,1.0,1.0,1.0,1.0,0.0,1.0,0.0,0.0,0.0,1.0,0.0,0.0,0.0,0.0,0.0,0.0,0.0,0.0,0.0,0.0,0.0,0.0,0.0,0.0,0.0,0.0,6.0,6.0,1.0,0.0,0.0,1.0,1.0,0.0,1.0,0.0,1.0,1.0,0.0,1.0,1.0,1.0,0.0,0.0,1.0,1.0,0.0,1.0,0.0,1.0,12.0,0.0,1.0,18.0,3.0,15.0,1.0,0.0,27.0,1.0,0.0,0.0,0.0,0.0,0.0,1.0,0.0,0.0,0.0,1.0,1.0,0.0,0.0,0.0,1.0,1.0,0.0,0.0,0.0,0.0,0.0,1.0,0.0,0.0,0.0,0.0,0.0,0.0,0.0,0.0,0.0,0.0,1.0,0.0,0.0,0.0,0.0,0.0,0.0,13.0,1.0,36.0,3.0,0.0,7.0,0.0,6.0,30.0,16.0,6.0,2.0,0.0,0.0,5.0,55.0,1.0,59.0,31.0,29.0,39.0,20.0,1.0,35.0,25.0,0.0,1.0,54.0,5.0,0.0,1.0,28.0,25.0,6.0,0.0,6.0,10.0,18.0,11.0,15.0,55.0,4.0,1.0,0.0,0.0,54.0,2.0,4.0,3.0,16.0,11.0,8.0,10.0,10.0,2.0,55.0,5.0,47.0,13.0,38.0,16.0,6.0,7.0,27.0,7.0,3.0,6.0,1.0,9.0,46.0,14.0,28.0,32.0,50.0,9.0,1.0,60.0,0.0,58.0,2.0,55.0,5.0,60.0,0.0,52.0,8.0,26.0,30.0,4.0,43.0,15.0,2.0,9.0,15.0,13.0,20.0,3.0,24.0,20.0,6.0,3.0,7.0,1.0,59.0,35.0,16.0,9.0,0.0,60.0,0.0,0.0,42.0,16.0,2.0,57.0,2.0,1.0,6.0,54.0,51.0,9.0,52.0,8.0,0.0,0.0,52.0,8.0,0.0,37.0,22.0,1.0,58.0,2.0,0.0,56.0,4.0,0.0,0.0,43.0,17.0,53.0,7.0,0.0,0.0,57.0,1.0,2.0,50.0,8.0,2.0,36.0,21.0,3.0,54.0,4.0,2.0,57.0,3.0,0.0,0.0,27.0,24.0,9.0,0.0,Acima da média
223,26016729,2017,1,2,2601,26003,26,2605608,260560808,2,2,1.0,1.0,1.0,0.0,0.0,0.0,0.0,0.0,0.0,0.0,0.0,0.0,0.0,1.0,1.0,1.0,0.0,0.0,0.0,1.0,0.0,0.0,0.0,0.0,1.0,0.0,1.0,0.0,0.0,0.0,0.0,0.0,1.0,1.0,1.0,1.0,1.0,1.0,0.0,1.0,1.0,1.0,0.0,1.0,0.0,0.0,0.0,1.0,0.0,1.0,0.0,0.0,1.0,1.0,1.0,1.0,1.0,1.0,0.0,0.0,0.0,1.0,0.0,0.0,9.0,9.0,1.0,0.0,1.0,1.0,0.0,0.0,1.0,0.0,1.0,1.0,0.0,1.0,1.0,1.0,0.0,1.0,1.0,0.0,0.0,1.0,0.0,1.0,8.0,0.0,2.0,5.0,3.0,2.0,1.0,0.0,34.0,1.0,1.0,1.0,0.0,0.0,0.0,1.0,0.0,0.0,0.0,1.0,1.0,0.0,0.0,0.0,1.0,1.0,0.0,0.0,0.0,0.0,1.0,1.0,0.0,0.0,0.0,0.0,0.0,0.0,0.0,0.0,0.0,1.0,1.0,0.0,0.0,0.0,0.0,0.0,0.0,11.0,6.0,14.0,0.0,0.0,2.0,0.0,1.0,27.0,5.0,0.0,0.0,0.0,0.0,2.0,31.0,0.0,33.0,20.0,13.0,23.0,9.0,1.0,25.0,8.0,0.0,1.0,27.0,5.0,0.0,0.0,18.0,11.0,4.0,0.0,4.0,11.0,8.0,8.0,2.0,32.0,1.0,0.0,0.0,0.0,27.0,5.0,1.0,2.0,9.0,9.0,2.0,2.0,3.0,6.0,27.0,6.0,18.0,15.0,22.0,9.0,2.0,6.0,12.0,3.0,2.0,2.0,0.0,8.0,23.0,10.0,13.0,20.0,25.0,7.0,1.0,33.0,0.0,32.0,1.0,30.0,3.0,33.0,0.0,21.0,12.0,9.0,18.0,6.0,23.0,9.0,1.0,9.0,9.0,7.0,7.0,1.0,7.0,14.0,2.0,5.0,5.0,7.0,26.0,20.0,8.0,5.0,0.0,32.0,1.0,0.0,31.0,1.0,1.0,33.0,0.0,0.0,6.0,27.0,28.0,5.0,27.0,5.0,1.0,0.0,32.0,1.0,0.0,21.0,11.0,1.0,32.0,1.0,0.0,33.0,0.0,0.0,0.0,24.0,9.0,26.0,7.0,0.0,0.0,32.0,1.0,0.0,21.0,12.0,0.0,26.0,7.0,0.0,28.0,5.0,0.0,30.0,2.0,1.0,0.0,12.0,15.0,5.0,1.0,Acima da média
224,26133974,2017,1,2,2601,26003,26,2605608,260560805,2,1,1.0,1.0,1.0,0.0,0.0,0.0,0.0,0.0,0.0,0.0,1.0,0.0,0.0,0.0,1.0,0.0,0.0,0.0,0.0,1.0,0.0,0.0,0.0,0.0,1.0,0.0,1.0,0.0,0.0,0.0,0.0,0.0,1.0,0.0,1.0,0.0,0.0,0.0,0.0,0.0,1.0,1.0,0.0,1.0,0.0,0.0,0.0,1.0,0.0,0.0,0.0,0.0,0.0,0.0,0.0,0.0,0.0,0.0,0.0,0.0,0.0,0.0,0.0,0.0,8.0,8.0,1.0,1.0,1.0,0.0,0.0,0.0,1.0,1.0,1.0,1.0,0.0,1.0,1.0,3.0,2.0,2.0,0.0,0.0,0.0,4.0,1.0,4.0,8.0,0.0,2.0,10.0,7.0,3.0,1.0,0.0,52.0,1.0,0.0,1.0,0.0,0.0,0.0,1.0,0.0,0.0,0.0,1.0,1.0,0.0,0.0,0.0,1.0,1.0,0.0,0.0,0.0,0.0,1.0,1.0,0.0,0.0,0.0,0.0,0.0,0.0,0.0,0.0,0.0,1.0,1.0,0.0,0.0,0.0,0.0,0.0,0.0,26.0,7.0,42.0,4.0,0.0,13.0,0.0,5.0,34.0,23.0,18.0,6.0,4.0,2.0,6.0,86.0,2.0,90.0,51.0,41.0,64.0,23.0,5.0,66.0,22.0,4.0,2.0,78.0,12.0,2.0,3.0,34.0,37.0,16.0,0.0,8.0,20.0,29.0,17.0,18.0,80.0,10.0,2.0,0.0,0.0,79.0,12.0,1.0,6.0,20.0,17.0,10.0,20.0,8.0,11.0,82.0,10.0,74.0,18.0,56.0,30.0,6.0,17.0,26.0,19.0,4.0,9.0,2.0,15.0,68.0,24.0,44.0,48.0,57.0,26.0,9.0,91.0,1.0,89.0,3.0,82.0,10.0,90.0,2.0,74.0,18.0,21.0,56.0,15.0,54.0,35.0,3.0,24.0,26.0,15.0,17.0,10.0,25.0,32.0,10.0,12.0,13.0,23.0,69.0,36.0,31.0,23.0,2.0,84.0,2.0,6.0,52.0,27.0,13.0,84.0,6.0,2.0,29.0,63.0,79.0,13.0,54.0,36.0,2.0,0.0,80.0,11.0,1.0,51.0,39.0,2.0,75.0,15.0,2.0,87.0,3.0,2.0,0.0,57.0,35.0,59.0,31.0,2.0,0.0,86.0,5.0,1.0,72.0,18.0,2.0,72.0,18.0,2.0,62.0,28.0,2.0,88.0,2.0,2.0,0.0,26.0,49.0,17.0,0.0,Abaixo da média
225,26040948,2017,1,2,2602,26006,26,2605707,260570705,2,1,1.0,1.0,1.0,0.0,0.0,0.0,0.0,0.0,0.0,0.0,0.0,0.0,0.0,1.0,1.0,0.0,0.0,0.0,0.0,1.0,0.0,0.0,0.0,0.0,1.0,0.0,1.0,0.0,0.0,0.0,0.0,0.0,1.0,1.0,1.0,0.0,0.0,1.0,0.0,1.0,1.0,1.0,0.0,1.0,0.0,0.0,1.0,1.0,0.0,1.0,0.0,0.0,0.0,0.0,0.0,0.0,0.0,0.0,0.0,0.0,0.0,0.0,0.0,0.0,18.0,28.0,1.0,0.0,0.0,0.0,1.0,0.0,1.0,0.0,1.0,1.0,0.0,0.0,1.0,2.0,0.0,0.0,0.0,1.0,0.0,2.0,0.0,2.0,2.0,0.0,0.0,11.0,3.0,8.0,1.0,1.0,63.0,1.0,0.0,0.0,0.0,0.0,0.0,1.0,0.0,0.0,1.0,0.0,1.0,0.0,0.0,0.0,1.0,1.0,0.0,0.0,0.0,0.0,0.0,1.0,0.0,0.0,0.0,0.0,0.0,0.0,0.0,0.0,0.0,1.0,1.0,0.0,0.0,0.0,0.0,0.0,0.0,23.0,10.0,60.0,5.0,6.0,0.0,0.0,4.0,46.0,50.0,4.0,0.0,0.0,0.0,0.0,104.0,1.0,103.0,60.0,44.0,63.0,35.0,6.0,44.0,45.0,15.0,0.0,76.0,28.0,0.0,2.0,39.0,50.0,13.0,0.0,9.0,26.0,26.0,30.0,13.0,89.0,15.0,0.0,0.0,0.0,85.0,16.0,3.0,1.0,13.0,16.0,12.0,33.0,24.0,5.0,97.0,7.0,82.0,22.0,54.0,48.0,2.0,3.0,22.0,22.0,8.0,26.0,3.0,20.0,90.0,14.0,52.0,52.0,72.0,28.0,4.0,102.0,2.0,93.0,11.0,82.0,22.0,102.0,2.0,70.0,34.0,26.0,64.0,14.0,78.0,25.0,1.0,12.0,24.0,23.0,41.0,4.0,30.0,27.0,6.0,11.0,30.0,4.0,100.0,46.0,53.0,5.0,0.0,96.0,2.0,6.0,85.0,17.0,2.0,100.0,3.0,1.0,19.0,85.0,83.0,21.0,65.0,37.0,1.0,1.0,89.0,14.0,1.0,54.0,48.0,2.0,102.0,0.0,2.0,99.0,4.0,1.0,0.0,54.0,50.0,64.0,36.0,4.0,0.0,99.0,5.0,0.0,59.0,44.0,1.0,70.0,33.0,1.0,97.0,5.0,2.0,101.0,3.0,0.0,0.0,36.0,57.0,11.0,0.0,Acima da média
227,26040972,2017,1,2,2602,26006,26,2605707,260570705,2,1,1.0,1.0,1.0,0.0,0.0,0.0,0.0,0.0,0.0,0.0,0.0,0.0,0.0,1.0,1.0,0.0,0.0,0.0,0.0,1.0,0.0,0.0,0.0,1.0,1.0,0.0,1.0,0.0,1.0,0.0,0.0,0.0,1.0,1.0,1.0,0.0,0.0,0.0,0.0,0.0,1.0,1.0,0.0,1.0,0.0,0.0,0.0,1.0,0.0,0.0,0.0,1.0,0.0,1.0,1.0,0.0,0.0,0.0,0.0,0.0,0.0,0.0,0.0,0.0,8.0,8.0,1.0,0.0,1.0,1.0,1.0,1.0,1.0,0.0,1.0,1.0,0.0,1.0,1.0,1.0,0.0,2.0,1.0,2.0,2.0,4.0,0.0,2.0,10.0,0.0,1.0,30.0,2.0,25.0,1.0,1.0,46.0,1.0,0.0,1.0,0.0,0.0,0.0,1.0,0.0,0.0,1.0,0.0,1.0,0.0,0.0,0.0,1.0,1.0,0.0,0.0,0.0,0.0,1.0,1.0,0.0,0.0,0.0,0.0,0.0,0.0,0.0,0.0,0.0,1.0,1.0,0.0,0.0,0.0,0.0,0.0,0.0,7.0,6.0,32.0,2.0,6.0,3.0,0.0,0.0,23.0,22.0,8.0,2.0,0.0,1.0,3.0,53.0,3.0,53.0,39.0,17.0,40.0,14.0,2.0,41.0,11.0,4.0,3.0,42.0,11.0,1.0,2.0,17.0,32.0,4.0,0.0,4.0,8.0,17.0,13.0,14.0,48.0,6.0,2.0,0.0,0.0,49.0,4.0,3.0,2.0,14.0,5.0,6.0,16.0,7.0,6.0,51.0,5.0,47.0,9.0,45.0,11.0,0.0,5.0,20.0,5.0,3.0,8.0,3.0,12.0,42.0,14.0,34.0,22.0,14.0,35.0,7.0,55.0,1.0,51.0,5.0,50.0,6.0,56.0,0.0,39.0,17.0,15.0,37.0,4.0,36.0,19.0,1.0,17.0,16.0,8.0,12.0,3.0,26.0,16.0,0.0,5.0,9.0,3.0,53.0,10.0,26.0,19.0,1.0,51.0,1.0,4.0,40.0,13.0,3.0,50.0,6.0,0.0,15.0,41.0,52.0,4.0,36.0,20.0,0.0,0.0,43.0,13.0,0.0,38.0,18.0,0.0,51.0,5.0,0.0,55.0,1.0,0.0,0.0,35.0,21.0,28.0,26.0,1.0,1.0,54.0,2.0,0.0,38.0,17.0,1.0,35.0,19.0,2.0,42.0,12.0,2.0,49.0,6.0,1.0,0.0,13.0,29.0,14.0,0.0,Abaixo da média
228,26041200,2017,1,2,2602,26006,26,2605707,260570705,2,1,1.0,1.0,1.0,0.0,0.0,0.0,0.0,0.0,0.0,0.0,0.0,0.0,1.0,1.0,1.0,0.0,0.0,0.0,0.0,1.0,0.0,0.0,0.0,0.0,1.0,0.0,1.0,0.0,0.0,0.0,0.0,0.0,1.0,1.0,1.0,0.0,0.0,0.0,0.0,0.0,1.0,1.0,0.0,1.0,0.0,0.0,0.0,1.0,0.0,1.0,0.0,1.0,0.0,0.0,0.0,0.0,0.0,0.0,0.0,0.0,0.0,0.0,0.0,0.0,10.0,10.0,1.0,0.0,1.0,1.0,0.0,1.0,1.0,0.0,1.0,1.0,0.0,1.0,1.0,3.0,0.0,2.0,1.0,0.0,1.0,5.0,0.0,5.0,2.0,0.0,1.0,48.0,5.0,43.0,1.0,1.0,41.0,1.0,0.0,1.0,0.0,0.0,0.0,1.0,0.0,0.0,1.0,0.0,1.0,0.0,0.0,0.0,1.0,1.0,0.0,0.0,0.0,0.0,1.0,1.0,0.0,0.0,0.0,0.0,0.0,0.0,0.0,0.0,0.0,1.0,0.0,0.0,0.0,0.0,0.0,0.0,0.0,1.0,7.0,14.0,0.0,1.0,0.0,0.0,1.0,3.0,12.0,2.0,4.0,1.0,0.0,2.0,21.0,2.0,21.0,18.0,5.0,17.0,5.0,1.0,18.0,3.0,2.0,0.0,19.0,4.0,0.0,3.0,5.0,13.0,2.0,0.0,3.0,1.0,4.0,7.0,8.0,17.0,6.0,0.0,0.0,0.0,15.0,8.0,0.0,3.0,9.0,4.0,2.0,2.0,2.0,1.0,16.0,7.0,12.0,11.0,12.0,11.0,0.0,3.0,9.0,4.0,0.0,1.0,0.0,6.0,13.0,10.0,11.0,12.0,6.0,13.0,4.0,22.0,1.0,21.0,2.0,22.0,1.0,23.0,0.0,14.0,9.0,10.0,12.0,1.0,18.0,5.0,0.0,8.0,4.0,5.0,6.0,0.0,9.0,4.0,2.0,4.0,4.0,8.0,15.0,9.0,8.0,5.0,1.0,23.0,0.0,0.0,12.0,6.0,5.0,18.0,3.0,2.0,8.0,15.0,20.0,3.0,14.0,8.0,0.0,1.0,18.0,5.0,0.0,11.0,11.0,1.0,23.0,0.0,0.0,17.0,5.0,0.0,1.0,9.0,14.0,11.0,12.0,0.0,0.0,22.0,0.0,1.0,10.0,12.0,1.0,11.0,10.0,2.0,19.0,4.0,0.0,19.0,3.0,0.0,1.0,8.0,15.0,0.0,0.0,Abaixo da média
232,26063522,2017,1,2,2603,26009,26,2605806,260580610,2,2,1.0,1.0,1.0,0.0,0.0,0.0,0.0,0.0,0.0,0.0,0.0,0.0,0.0,1.0,1.0,0.0,0.0,0.0,0.0,1.0,0.0,0.0,0.0,0.0,1.0,0.0,1.0,0.0,0.0,0.0,0.0,0.0,1.0,1.0,1.0,0.0,0.0,1.0,0.0,1.0,1.0,1.0,0.0,1.0,0.0,0.0,0.0,1.0,0.0,1.0,1.0,1.0,1.0,0.0,0.0,0.0,0.0,0.0,0.0,0.0,0.0,0.0,0.0,0.0,9.0,9.0,1.0,0.0,1.0,1.0,1.0,1.0,1.0,0.0,1.0,1.0,0.0,1.0,1.0,3.0,0.0,4.0,1.0,1.0,1.0,3.0,0.0,3.0,9.0,0.0,1.0,10.0,2.0,8.0,1.0,1.0,24.0,1.0,0.0,1.0,0.0,0.0,0.0,1.0,0.0,0.0,1.0,0.0,1.0,0.0,0.0,0.0,1.0,0.0,0.0,0.0,0.0,0.0,0.0,1.0,0.0,0.0,0.0,0.0,0.0,0.0,0.0,0.0,0.0,0.0,0.0,0.0,0.0,0.0,0.0,0.0,0.0,30.0,8.0,53.0,3.0,0.0,11.0,0.0,9.0,43.0,23.0,13.0,5.0,4.0,8.0,5.0,100.0,3.0,102.0,71.0,34.0,75.0,28.0,2.0,74.0,28.0,3.0,2.0,87.0,16.0,1.0,7.0,46.0,47.0,4.0,0.0,13.0,20.0,39.0,19.0,14.0,94.0,7.0,2.0,1.0,1.0,86.0,17.0,2.0,12.0,36.0,28.0,2.0,11.0,2.0,14.0,85.0,20.0,77.0,28.0,66.0,39.0,0.0,13.0,36.0,15.0,5.0,7.0,0.0,29.0,73.0,32.0,52.0,53.0,38.0,47.0,20.0,99.0,6.0,95.0,10.0,84.0,21.0,99.0,6.0,69.0,36.0,28.0,57.0,20.0,72.0,23.0,10.0,30.0,32.0,23.0,13.0,7.0,23.0,29.0,12.0,11.0,30.0,36.0,69.0,26.0,66.0,13.0,0.0,102.0,1.0,2.0,61.0,34.0,10.0,85.0,16.0,4.0,33.0,72.0,92.0,13.0,69.0,27.0,3.0,6.0,69.0,29.0,7.0,51.0,44.0,10.0,89.0,11.0,5.0,86.0,13.0,1.0,5.0,69.0,36.0,61.0,35.0,6.0,3.0,94.0,7.0,4.0,60.0,41.0,4.0,54.0,46.0,5.0,82.0,19.0,4.0,93.0,7.0,1.0,4.0,14.0,55.0,35.0,1.0,Acima da média
233,26063530,2017,1,2,2603,26009,26,2605806,260580605,2,1,1.0,1.0,1.0,0.0,0.0,0.0,0.0,0.0,0.0,0.0,0.0,0.0,0.0,1.0,1.0,0.0,1.0,0.0,0.0,1.0,0.0,0.0,0.0,0.0,1.0,0.0,1.0,0.0,0.0,0.0,0.0,0.0,1.0,1.0,1.0,0.0,1.0,1.0,0.0,1.0,1.0,1.0,0.0,1.0,0.0,0.0,0.0,1.0,0.0,1.0,1.0,1.0,1.0,1.0,1.0,1.0,1.0,1.0,1.0,0.0,0.0,1.0,0.0,0.0,9.0,9.0,1.0,0.0,1.0,1.0,1.0,0.0,1.0,1.0,1.0,1.0,0.0,1.0,1.0,12.0,0.0,10.0,1.0,1.0,0.0,1.0,5.0,12.0,9.0,0.0,4.0,17.0,4.0,13.0,1.0,1.0,36.0,1.0,0.0,1.0,0.0,0.0,0.0,1.0,0.0,0.0,0.0,0.0,1.0,0.0,0.0,0.0,1.0,0.0,0.0,0.0,0.0,0.0,1.0,1.0,0.0,0.0,0.0,0.0,0.0,0.0,0.0,0.0,0.0,0.0,0.0,0.0,0.0,0.0,0.0,0.0,0.0,36.0,3.0,31.0,0.0,0.0,1.0,0.0,7.0,39.0,16.0,7.0,0.0,0.0,2.0,1.0,70.0,0.0,71.0,51.0,20.0,49.0,22.0,0.0,44.0,24.0,3.0,0.0,62.0,9.0,0.0,9.0,41.0,16.0,5.0,0.0,14.0,13.0,23.0,11.0,10.0,67.0,3.0,1.0,0.0,0.0,57.0,8.0,6.0,3.0,35.0,11.0,4.0,11.0,3.0,4.0,59.0,12.0,42.0,29.0,34.0,34.0,3.0,9.0,24.0,20.0,1.0,5.0,3.0,9.0,48.0,23.0,29.0,42.0,54.0,12.0,5.0,71.0,0.0,67.0,4.0,62.0,9.0,71.0,0.0,53.0,18.0,23.0,42.0,6.0,57.0,14.0,0.0,15.0,20.0,15.0,18.0,3.0,19.0,23.0,10.0,8.0,11.0,8.0,63.0,30.0,31.0,9.0,1.0,70.0,0.0,1.0,53.0,11.0,7.0,66.0,3.0,2.0,13.0,58.0,63.0,8.0,59.0,12.0,0.0,0.0,69.0,2.0,0.0,53.0,18.0,0.0,65.0,6.0,0.0,71.0,0.0,0.0,0.0,52.0,19.0,60.0,9.0,2.0,0.0,71.0,0.0,0.0,62.0,9.0,0.0,63.0,8.0,0.0,48.0,23.0,0.0,71.0,0.0,0.0,0.0,18.0,47.0,6.0,0.0,Acima da média
234,26099853,2017,1,2,2604,26015,26,2605905,260590505,2,1,1.0,1.0,1.0,0.0,0.0,0.0,0.0,0.0,0.0,0.0,0.0,0.0,0.0,1.0,1.0,0.0,1.0,0.0,0.0,1.0,0.0,0.0,0.0,1.0,0.0,0.0,1.0,0.0,0.0,0.0,0.0,0.0,1.0,1.0,1.0,1.0,0.0,0.0,0.0,0.0,1.0,1.0,0.0,1.0,0.0,0.0,0.0,1.0,0.0,1.0,0.0,0.0,0.0,0.0,0.0,0.0,0.0,0.0,0.0,0.0,0.0,0.0,0.0,0.0,12.0,12.0,1.0,0.0,1.0,0.0,0.0,0.0,1.0,1.0,1.0,1.0,1.0,1.0,1.0,4.0,0.0,3.0,0.0,0.0,0.0,2.0,4.0,3.0,17.0,1.0,3.0,16.0,4.0,12.0,1.0,1.0,49.0,1.0,0.0,0.0,0.0,0.0,0.0,1.0,0.0,0.0,1.0,0.0,1.0,0.0,0.0,0.0,1.0,0.0,0.0,0.0,0.0,0.0,0.0,1.0,0.0,0.0,0.0,0.0,0.0,0.0,0.0,0.0,0.0,0.0,0.0,0.0,0.0,0.0,0.0,0.0,0.0,8.0,6.0,34.0,1.0,1.0,2.0,0.0,7.0,22.0,14.0,6.0,3.0,0.0,0.0,3.0,49.0,1.0,51.0,33.0,19.0,45.0,5.0,2.0,36.0,15.0,1.0,0.0,42.0,10.0,1.0,1.0,26.0,19.0,5.0,0.0,5.0,13.0,16.0,13.0,5.0,50.0,1.0,1.0,0.0,0.0,43.0,3.0,6.0,2.0,12.0,8.0,3.0,16.0,1.0,10.0,41.0,11.0,41.0,11.0,27.0,19.0,6.0,3.0,12.0,9.0,7.0,5.0,2.0,14.0,39.0,13.0,29.0,23.0,41.0,9.0,2.0,50.0,2.0,49.0,3.0,47.0,5.0,50.0,2.0,37.0,15.0,12.0,31.0,9.0,34.0,16.0,2.0,18.0,7.0,11.0,13.0,3.0,19.0,17.0,1.0,4.0,11.0,4.0,48.0,24.0,20.0,7.0,1.0,47.0,2.0,3.0,30.0,16.0,6.0,51.0,1.0,0.0,10.0,42.0,45.0,7.0,37.0,15.0,0.0,0.0,47.0,5.0,0.0,32.0,19.0,1.0,45.0,5.0,2.0,48.0,4.0,0.0,0.0,34.0,18.0,34.0,13.0,2.0,3.0,48.0,2.0,2.0,30.0,20.0,2.0,28.0,22.0,2.0,31.0,18.0,3.0,40.0,9.0,0.0,3.0,9.0,31.0,11.0,1.0,Abaixo da média
236,26075385,2017,1,2,2603,26011,26,2606002,260600205,2,1,1.0,1.0,1.0,0.0,0.0,0.0,0.0,0.0,0.0,0.0,0.0,0.0,0.0,1.0,1.0,0.0,0.0,0.0,0.0,1.0,0.0,0.0,0.0,0.0,1.0,0.0,1.0,0.0,0.0,0.0,0.0,0.0,1.0,1.0,1.0,1.0,0.0,0.0,1.0,1.0,1.0,1.0,0.0,1.0,0.0,0.0,0.0,1.0,0.0,1.0,0.0,0.0,0.0,0.0,0.0,0.0,0.0,0.0,0.0,0.0,0.0,0.0,0.0,0.0,23.0,21.0,1.0,0.0,1.0,0.0,1.0,0.0,1.0,0.0,1.0,1.0,0.0,0.0,1.0,5.0,0.0,3.0,0.0,2.0,0.0,4.0,0.0,2.0,25.0,0.0,0.0,28.0,7.0,21.0,1.0,1.0,54.0,1.0,0.0,0.0,0.0,0.0,0.0,1.0,0.0,0.0,0.0,0.0,1.0,0.0,0.0,0.0,1.0,1.0,0.0,0.0,0.0,0.0,0.0,1.0,0.0,0.0,0.0,0.0,0.0,0.0,0.0,0.0,0.0,0.0,1.0,0.0,0.0,0.0,0.0,0.0,0.0,16.0,4.0,42.0,7.0,2.0,5.0,0.0,5.0,39.0,23.0,4.0,3.0,1.0,1.0,1.0,75.0,1.0,75.0,39.0,37.0,60.0,15.0,1.0,46.0,28.0,2.0,0.0,62.0,14.0,0.0,2.0,37.0,31.0,6.0,0.0,5.0,14.0,24.0,17.0,16.0,62.0,8.0,5.0,1.0,0.0,74.0,1.0,1.0,5.0,12.0,17.0,8.0,28.0,1.0,5.0,66.0,10.0,61.0,15.0,43.0,29.0,4.0,7.0,16.0,15.0,10.0,10.0,2.0,16.0,56.0,20.0,37.0,39.0,37.0,34.0,5.0,75.0,1.0,71.0,5.0,66.0,10.0,76.0,0.0,50.0,26.0,29.0,32.0,15.0,54.0,20.0,2.0,12.0,25.0,16.0,23.0,0.0,30.0,27.0,7.0,5.0,7.0,9.0,67.0,33.0,26.0,17.0,0.0,69.0,2.0,5.0,55.0,16.0,5.0,74.0,2.0,0.0,12.0,64.0,68.0,8.0,40.0,33.0,2.0,1.0,58.0,14.0,4.0,39.0,36.0,1.0,64.0,11.0,1.0,71.0,4.0,0.0,1.0,49.0,27.0,40.0,31.0,4.0,1.0,70.0,3.0,3.0,41.0,31.0,4.0,45.0,27.0,4.0,53.0,18.0,5.0,66.0,7.0,0.0,3.0,10.0,42.0,24.0,0.0,Abaixo da média
237,26075687,2017,1,2,2603,26011,26,2606002,260600205,2,1,1.0,1.0,1.0,0.0,0.0,0.0,0.0,0.0,0.0,0.0,0.0,0.0,0.0,1.0,1.0,0.0,0.0,0.0,0.0,1.0,0.0,0.0,0.0,0.0,1.0,0.0,1.0,0.0,0.0,0.0,0.0,0.0,0.0,1.0,1.0,0.0,0.0,0.0,1.0,1.0,1.0,1.0,0.0,1.0,0.0,0.0,0.0,1.0,0.0,1.0,0.0,0.0,0.0,0.0,0.0,0.0,0.0,0.0,0.0,0.0,0.0,0.0,0.0,0.0,15.0,15.0,0.0,0.0,0.0,0.0,0.0,0.0,0.0,0.0,0.0,0.0,0.0,0.0,1.0,0.0,0.0,0.0,0.0,0.0,0.0,0.0,0.0,0.0,0.0,0.0,0.0,18.0,5.0,13.0,1.0,1.0,64.0,1.0,0.0,0.0,0.0,0.0,0.0,1.0,0.0,0.0,0.0,0.0,1.0,0.0,0.0,0.0,1.0,1.0,0.0,0.0,0.0,0.0,0.0,1.0,0.0,0.0,0.0,0.0,0.0,0.0,0.0,0.0,0.0,0.0,1.0,0.0,0.0,0.0,0.0,0.0,0.0,35.0,25.0,98.0,15.0,3.0,5.0,0.0,8.0,71.0,74.0,22.0,5.0,0.0,1.0,2.0,179.0,2.0,179.0,82.0,99.0,113.0,64.0,4.0,87.0,83.0,11.0,0.0,125.0,56.0,0.0,2.0,90.0,77.0,12.0,0.0,12.0,31.0,59.0,52.0,27.0,162.0,13.0,5.0,1.0,0.0,158.0,16.0,7.0,3.0,42.0,27.0,27.0,57.0,14.0,11.0,163.0,18.0,147.0,34.0,108.0,62.0,11.0,9.0,40.0,31.0,26.0,32.0,14.0,29.0,147.0,34.0,104.0,77.0,71.0,91.0,19.0,178.0,3.0,173.0,8.0,157.0,24.0,181.0,0.0,127.0,54.0,52.0,103.0,26.0,142.0,35.0,4.0,23.0,49.0,37.0,69.0,3.0,49.0,57.0,24.0,19.0,32.0,20.0,161.0,52.0,94.0,33.0,2.0,164.0,4.0,13.0,114.0,59.0,8.0,174.0,6.0,1.0,18.0,163.0,148.0,33.0,120.0,54.0,0.0,7.0,136.0,34.0,11.0,86.0,84.0,11.0,162.0,12.0,7.0,154.0,17.0,3.0,7.0,114.0,67.0,109.0,66.0,4.0,2.0,164.0,14.0,3.0,124.0,55.0,2.0,124.0,56.0,1.0,155.0,25.0,1.0,176.0,2.0,1.0,2.0,24.0,107.0,49.0,1.0,Abaixo da média
240,26075903,2017,1,2,2603,26011,26,2606002,260600205,2,1,1.0,1.0,1.0,0.0,0.0,0.0,0.0,0.0,0.0,0.0,0.0,0.0,0.0,0.0,1.0,0.0,0.0,0.0,0.0,1.0,0.0,0.0,0.0,1.0,1.0,0.0,1.0,0.0,0.0,0.0,0.0,0.0,1.0,1.0,1.0,1.0,0.0,1.0,0.0,1.0,1.0,1.0,0.0,1.0,0.0,0.0,0.0,1.0,0.0,0.0,0.0,1.0,0.0,0.0,0.0,0.0,0.0,0.0,0.0,0.0,0.0,0.0,0.0,0.0,13.0,13.0,0.0,0.0,0.0,0.0,0.0,0.0,1.0,0.0,0.0,0.0,0.0,0.0,1.0,0.0,0.0,0.0,0.0,0.0,0.0,2.0,0.0,0.0,0.0,0.0,0.0,17.0,1.0,14.0,1.0,0.0,25.0,1.0,0.0,0.0,0.0,0.0,0.0,1.0,0.0,0.0,0.0,0.0,1.0,0.0,0.0,0.0,1.0,0.0,0.0,0.0,0.0,0.0,0.0,1.0,0.0,0.0,0.0,0.0,0.0,0.0,0.0,0.0,0.0,0.0,0.0,0.0,0.0,0.0,0.0,0.0,0.0,26.0,13.0,30.0,4.0,2.0,3.0,0.0,6.0,33.0,30.0,3.0,5.0,0.0,1.0,2.0,76.0,2.0,76.0,33.0,45.0,39.0,34.0,5.0,37.0,29.0,12.0,0.0,48.0,30.0,0.0,1.0,35.0,31.0,11.0,1.0,6.0,20.0,28.0,13.0,10.0,69.0,7.0,1.0,1.0,0.0,69.0,4.0,5.0,1.0,9.0,14.0,14.0,27.0,6.0,7.0,74.0,4.0,54.0,24.0,44.0,32.0,2.0,3.0,10.0,14.0,8.0,23.0,6.0,14.0,67.0,11.0,41.0,37.0,26.0,40.0,12.0,77.0,1.0,69.0,9.0,62.0,16.0,76.0,2.0,50.0,28.0,28.0,38.0,12.0,60.0,16.0,2.0,9.0,22.0,15.0,29.0,3.0,30.0,23.0,4.0,4.0,17.0,5.0,73.0,25.0,41.0,11.0,1.0,65.0,1.0,12.0,56.0,18.0,4.0,75.0,2.0,1.0,10.0,68.0,61.0,17.0,34.0,32.0,6.0,6.0,66.0,9.0,3.0,47.0,27.0,4.0,72.0,2.0,4.0,64.0,9.0,0.0,5.0,41.0,37.0,26.0,35.0,9.0,8.0,66.0,7.0,5.0,60.0,14.0,4.0,34.0,38.0,6.0,67.0,6.0,5.0,50.0,19.0,1.0,8.0,23.0,42.0,13.0,0.0,Acima da média
243,26075970,2017,1,2,2603,26011,26,2606002,260600205,2,1,1.0,1.0,1.0,0.0,0.0,0.0,0.0,0.0,0.0,0.0,0.0,0.0,0.0,1.0,1.0,0.0,0.0,0.0,0.0,1.0,0.0,0.0,0.0,0.0,1.0,0.0,1.0,0.0,0.0,0.0,0.0,0.0,1.0,1.0,1.0,0.0,0.0,0.0,0.0,0.0,1.0,0.0,0.0,0.0,0.0,0.0,0.0,1.0,0.0,0.0,0.0,0.0,0.0,0.0,0.0,0.0,0.0,0.0,0.0,0.0,0.0,0.0,0.0,0.0,8.0,8.0,1.0,0.0,0.0,1.0,1.0,0.0,1.0,0.0,1.0,1.0,0.0,1.0,1.0,3.0,0.0,0.0,1.0,4.0,0.0,4.0,0.0,3.0,4.0,0.0,1.0,10.0,2.0,8.0,1.0,0.0,34.0,1.0,0.0,0.0,0.0,0.0,0.0,1.0,0.0,0.0,1.0,0.0,1.0,0.0,0.0,0.0,1.0,1.0,0.0,0.0,0.0,0.0,1.0,1.0,0.0,0.0,0.0,0.0,0.0,0.0,0.0,0.0,0.0,1.0,1.0,0.0,0.0,0.0,0.0,0.0,0.0,3.0,1.0,14.0,1.0,0.0,1.0,0.0,0.0,8.0,7.0,3.0,0.0,2.0,0.0,0.0,20.0,1.0,19.0,12.0,8.0,17.0,3.0,0.0,17.0,3.0,0.0,0.0,18.0,2.0,0.0,2.0,12.0,4.0,2.0,1.0,3.0,5.0,6.0,2.0,3.0,18.0,1.0,1.0,0.0,0.0,16.0,3.0,1.0,1.0,2.0,9.0,4.0,2.0,0.0,2.0,18.0,2.0,15.0,5.0,13.0,7.0,0.0,3.0,7.0,6.0,2.0,0.0,0.0,2.0,14.0,6.0,9.0,11.0,11.0,4.0,5.0,20.0,0.0,19.0,1.0,17.0,3.0,20.0,0.0,12.0,8.0,7.0,12.0,1.0,18.0,2.0,0.0,5.0,3.0,4.0,7.0,1.0,6.0,8.0,0.0,2.0,4.0,2.0,18.0,4.0,13.0,3.0,0.0,20.0,0.0,0.0,11.0,7.0,2.0,20.0,0.0,0.0,4.0,16.0,18.0,2.0,10.0,9.0,1.0,0.0,19.0,1.0,0.0,6.0,13.0,1.0,17.0,3.0,0.0,17.0,3.0,0.0,0.0,14.0,6.0,5.0,11.0,2.0,2.0,16.0,2.0,2.0,14.0,4.0,2.0,10.0,7.0,3.0,12.0,5.0,3.0,17.0,0.0,1.0,2.0,2.0,16.0,2.0,0.0,Abaixo da média
245,26076047,2017,1,2,2603,26011,26,2606002,260600205,2,1,1.0,1.0,1.0,0.0,0.0,0.0,0.0,0.0,0.0,0.0,0.0,0.0,0.0,1.0,1.0,0.0,0.0,0.0,0.0,1.0,0.0,0.0,0.0,1.0,1.0,0.0,1.0,1.0,0.0,0.0,0.0,0.0,1.0,1.0,1.0,0.0,0.0,0.0,0.0,0.0,1.0,1.0,0.0,1.0,0.0,0.0,0.0,1.0,0.0,0.0,0.0,0.0,0.0,0.0,0.0,0.0,0.0,0.0,0.0,0.0,0.0,0.0,0.0,0.0,18.0,14.0,0.0,0.0,0.0,0.0,0.0,0.0,0.0,0.0,0.0,0.0,0.0,0.0,1.0,0.0,0.0,0.0,0.0,0.0,0.0,0.0,0.0,0.0,0.0,0.0,0.0,17.0,1.0,16.0,0.0,0.0,66.0,1.0,0.0,0.0,0.0,0.0,0.0,1.0,0.0,0.0,1.0,0.0,1.0,0.0,0.0,0.0,1.0,1.0,0.0,0.0,0.0,0.0,1.0,1.0,0.0,0.0,0.0,0.0,0.0,0.0,0.0,0.0,0.0,1.0,1.0,0.0,0.0,0.0,0.0,0.0,0.0,12.0,9.0,27.0,4.0,0.0,0.0,0.0,2.0,16.0,22.0,6.0,5.0,1.0,0.0,1.0,51.0,1.0,51.0,27.0,25.0,33.0,19.0,0.0,33.0,17.0,2.0,0.0,44.0,8.0,0.0,1.0,29.0,21.0,1.0,1.0,7.0,10.0,16.0,11.0,7.0,44.0,8.0,0.0,0.0,0.0,41.0,9.0,2.0,4.0,10.0,10.0,6.0,17.0,2.0,3.0,43.0,9.0,34.0,18.0,17.0,32.0,3.0,7.0,6.0,8.0,8.0,8.0,2.0,13.0,44.0,8.0,26.0,26.0,26.0,19.0,7.0,51.0,1.0,48.0,4.0,43.0,9.0,51.0,1.0,36.0,16.0,20.0,24.0,8.0,39.0,13.0,0.0,12.0,14.0,14.0,11.0,1.0,9.0,18.0,13.0,5.0,7.0,9.0,43.0,17.0,22.0,13.0,0.0,47.0,1.0,4.0,32.0,16.0,4.0,48.0,4.0,0.0,12.0,40.0,43.0,9.0,31.0,18.0,2.0,1.0,44.0,5.0,3.0,27.0,23.0,2.0,46.0,5.0,1.0,48.0,3.0,0.0,1.0,37.0,15.0,33.0,18.0,1.0,0.0,49.0,3.0,0.0,38.0,13.0,1.0,31.0,20.0,1.0,33.0,18.0,1.0,51.0,1.0,0.0,0.0,7.0,25.0,20.0,0.0,Abaixo da média
246,26076250,2017,1,2,2603,26011,26,2606002,260600205,2,1,1.0,1.0,1.0,0.0,0.0,0.0,0.0,0.0,0.0,0.0,0.0,0.0,0.0,1.0,1.0,0.0,0.0,0.0,0.0,1.0,0.0,0.0,0.0,1.0,0.0,0.0,1.0,0.0,0.0,0.0,0.0,0.0,1.0,1.0,1.0,0.0,0.0,0.0,0.0,0.0,1.0,1.0,1.0,1.0,0.0,0.0,0.0,1.0,0.0,1.0,0.0,0.0,0.0,0.0,0.0,0.0,0.0,0.0,0.0,0.0,0.0,0.0,0.0,0.0,8.0,17.0,0.0,0.0,0.0,0.0,0.0,0.0,0.0,0.0,0.0,0.0,0.0,0.0,1.0,0.0,0.0,0.0,0.0,0.0,0.0,0.0,0.0,0.0,0.0,0.0,0.0,12.0,2.0,10.0,1.0,1.0,57.0,1.0,0.0,0.0,0.0,0.0,0.0,1.0,0.0,0.0,1.0,0.0,1.0,0.0,0.0,0.0,1.0,1.0,0.0,0.0,0.0,0.0,0.0,1.0,0.0,0.0,0.0,0.0,0.0,0.0,0.0,0.0,0.0,0.0,1.0,0.0,0.0,0.0,0.0,0.0,0.0,7.0,5.0,22.0,2.0,1.0,3.0,0.0,3.0,18.0,14.0,4.0,0.0,0.0,1.0,1.0,39.0,0.0,40.0,16.0,24.0,25.0,14.0,1.0,24.0,13.0,3.0,0.0,31.0,9.0,0.0,0.0,22.0,13.0,5.0,0.0,3.0,12.0,16.0,6.0,3.0,34.0,4.0,2.0,0.0,0.0,38.0,0.0,2.0,1.0,9.0,5.0,10.0,12.0,1.0,2.0,37.0,3.0,34.0,6.0,23.0,16.0,1.0,1.0,12.0,5.0,5.0,12.0,0.0,5.0,36.0,4.0,22.0,18.0,29.0,10.0,1.0,40.0,0.0,36.0,4.0,34.0,6.0,40.0,0.0,25.0,15.0,15.0,24.0,1.0,30.0,9.0,1.0,3.0,12.0,11.0,13.0,1.0,11.0,10.0,7.0,3.0,9.0,1.0,39.0,13.0,20.0,7.0,0.0,35.0,1.0,4.0,32.0,6.0,2.0,37.0,3.0,0.0,4.0,36.0,32.0,8.0,30.0,9.0,1.0,0.0,28.0,12.0,0.0,22.0,18.0,0.0,38.0,2.0,0.0,34.0,6.0,0.0,0.0,18.0,22.0,20.0,17.0,2.0,1.0,33.0,5.0,2.0,18.0,21.0,1.0,23.0,16.0,1.0,35.0,4.0,1.0,28.0,10.0,1.0,1.0,5.0,28.0,7.0,0.0,Acima da média
247,26076357,2017,1,2,2603,26011,26,2606002,260600205,2,1,1.0,1.0,3.0,0.0,0.0,0.0,0.0,0.0,0.0,0.0,0.0,0.0,0.0,0.0,1.0,0.0,1.0,0.0,0.0,1.0,0.0,0.0,0.0,1.0,0.0,0.0,1.0,0.0,0.0,0.0,0.0,0.0,1.0,1.0,1.0,0.0,0.0,0.0,0.0,0.0,1.0,1.0,0.0,1.0,0.0,0.0,0.0,1.0,0.0,0.0,0.0,0.0,0.0,0.0,0.0,0.0,0.0,0.0,0.0,0.0,0.0,0.0,0.0,0.0,9.0,6.0,1.0,0.0,0.0,0.0,0.0,0.0,1.0,0.0,1.0,1.0,0.0,1.0,1.0,2.0,0.0,0.0,0.0,0.0,0.0,4.0,0.0,1.0,6.0,0.0,1.0,14.0,4.0,10.0,1.0,1.0,35.0,1.0,0.0,0.0,0.0,0.0,0.0,1.0,0.0,0.0,0.0,0.0,1.0,0.0,0.0,0.0,1.0,0.0,0.0,0.0,0.0,0.0,0.0,1.0,0.0,0.0,0.0,0.0,0.0,0.0,0.0,0.0,0.0,0.0,0.0,0.0,0.0,0.0,0.0,0.0,0.0,18.0,5.0,33.0,4.0,0.0,2.0,0.0,4.0,26.0,23.0,3.0,6.0,0.0,0.0,0.0,62.0,1.0,61.0,27.0,35.0,28.0,32.0,2.0,20.0,38.0,4.0,0.0,34.0,28.0,0.0,0.0,25.0,31.0,6.0,0.0,4.0,13.0,21.0,17.0,7.0,58.0,3.0,1.0,0.0,0.0,53.0,3.0,6.0,0.0,10.0,9.0,8.0,26.0,7.0,2.0,59.0,3.0,55.0,7.0,36.0,22.0,4.0,1.0,9.0,12.0,9.0,18.0,2.0,11.0,54.0,8.0,40.0,22.0,34.0,26.0,2.0,61.0,1.0,59.0,3.0,57.0,5.0,62.0,0.0,46.0,16.0,27.0,30.0,5.0,47.0,14.0,1.0,7.0,21.0,12.0,20.0,2.0,19.0,21.0,10.0,3.0,9.0,11.0,51.0,24.0,35.0,3.0,0.0,51.0,3.0,8.0,41.0,16.0,5.0,58.0,4.0,0.0,2.0,60.0,51.0,11.0,42.0,17.0,1.0,2.0,52.0,8.0,2.0,42.0,17.0,3.0,58.0,3.0,1.0,57.0,4.0,0.0,1.0,40.0,22.0,44.0,16.0,2.0,0.0,60.0,1.0,1.0,43.0,16.0,3.0,41.0,18.0,3.0,54.0,6.0,2.0,55.0,5.0,2.0,0.0,7.0,46.0,9.0,0.0,Abaixo da média
248,26132230,2017,1,2,2603,26011,26,2606002,260600205,2,1,1.0,1.0,3.0,0.0,0.0,0.0,0.0,0.0,0.0,0.0,0.0,0.0,0.0,1.0,0.0,1.0,0.0,0.0,0.0,1.0,0.0,0.0,0.0,0.0,1.0,0.0,1.0,0.0,0.0,0.0,0.0,0.0,1.0,1.0,1.0,0.0,0.0,0.0,0.0,0.0,0.0,0.0,0.0,0.0,0.0,0.0,0.0,1.0,0.0,0.0,0.0,0.0,0.0,0.0,0.0,0.0,0.0,0.0,0.0,0.0,0.0,0.0,0.0,0.0,16.0,15.0,0.0,0.0,0.0,0.0,0.0,0.0,0.0,0.0,0.0,0.0,0.0,0.0,1.0,0.0,0.0,0.0,0.0,0.0,0.0,0.0,0.0,0.0,0.0,0.0,0.0,13.0,3.0,10.0,1.0,1.0,35.0,1.0,0.0,0.0,0.0,0.0,0.0,1.0,0.0,0.0,0.0,0.0,1.0,0.0,0.0,0.0,1.0,0.0,0.0,0.0,0.0,0.0,1.0,1.0,0.0,0.0,0.0,0.0,0.0,0.0,0.0,0.0,0.0,0.0,0.0,0.0,0.0,0.0,0.0,0.0,0.0,29.0,5.0,51.0,2.0,0.0,1.0,0.0,5.0,64.0,18.0,1.0,0.0,0.0,0.0,1.0,87.0,3.0,85.0,27.0,61.0,36.0,46.0,6.0,19.0,43.0,26.0,0.0,39.0,49.0,0.0,0.0,28.0,47.0,13.0,0.0,9.0,18.0,41.0,17.0,3.0,79.0,9.0,0.0,0.0,0.0,82.0,3.0,3.0,0.0,0.0,8.0,3.0,56.0,20.0,1.0,87.0,1.0,72.0,16.0,57.0,27.0,4.0,0.0,10.0,10.0,13.0,37.0,11.0,7.0,86.0,2.0,55.0,33.0,30.0,45.0,13.0,87.0,1.0,85.0,3.0,74.0,14.0,86.0,2.0,59.0,29.0,40.0,36.0,12.0,71.0,17.0,0.0,4.0,13.0,23.0,48.0,0.0,28.0,38.0,8.0,1.0,13.0,16.0,72.0,44.0,43.0,1.0,0.0,84.0,0.0,4.0,82.0,6.0,0.0,87.0,1.0,0.0,1.0,87.0,60.0,28.0,68.0,18.0,2.0,0.0,85.0,3.0,0.0,51.0,37.0,0.0,85.0,3.0,0.0,63.0,22.0,3.0,0.0,64.0,24.0,75.0,9.0,4.0,0.0,84.0,4.0,0.0,78.0,10.0,0.0,60.0,28.0,0.0,86.0,2.0,0.0,86.0,2.0,0.0,0.0,7.0,35.0,45.0,1.0,Acima da média
250,26178702,2017,1,2,2603,26011,26,2606002,260600205,2,1,1.0,1.0,2.0,0.0,0.0,0.0,0.0,0.0,0.0,0.0,1.0,0.0,0.0,1.0,1.0,0.0,0.0,0.0,0.0,1.0,0.0,0.0,0.0,0.0,1.0,0.0,1.0,0.0,0.0,0.0,0.0,0.0,1.0,1.0,1.0,1.0,0.0,0.0,1.0,1.0,1.0,1.0,0.0,1.0,0.0,0.0,0.0,1.0,0.0,0.0,0.0,0.0,0.0,0.0,0.0,0.0,0.0,0.0,0.0,0.0,0.0,0.0,0.0,0.0,13.0,19.0,0.0,0.0,0.0,0.0,0.0,0.0,0.0,0.0,0.0,0.0,0.0,0.0,1.0,0.0,0.0,0.0,0.0,0.0,0.0,0.0,0.0,0.0,0.0,0.0,0.0,20.0,3.0,17.0,1.0,1.0,29.0,1.0,0.0,0.0,0.0,0.0,0.0,1.0,0.0,0.0,1.0,0.0,1.0,0.0,0.0,0.0,1.0,0.0,0.0,0.0,0.0,0.0,0.0,1.0,0.0,0.0,0.0,0.0,0.0,0.0,0.0,0.0,0.0,0.0,0.0,0.0,0.0,0.0,0.0,0.0,0.0,19.0,10.0,44.0,7.0,0.0,5.0,0.0,4.0,47.0,28.0,6.0,0.0,0.0,0.0,0.0,85.0,1.0,84.0,18.0,67.0,38.0,41.0,6.0,19.0,47.0,19.0,0.0,47.0,38.0,0.0,1.0,32.0,42.0,10.0,0.0,9.0,17.0,37.0,15.0,7.0,79.0,5.0,1.0,0.0,0.0,78.0,4.0,3.0,0.0,5.0,13.0,11.0,44.0,9.0,3.0,84.0,1.0,72.0,13.0,56.0,26.0,3.0,0.0,5.0,16.0,13.0,33.0,5.0,13.0,80.0,5.0,54.0,31.0,33.0,43.0,9.0,84.0,1.0,81.0,4.0,76.0,9.0,85.0,0.0,65.0,20.0,32.0,42.0,11.0,66.0,18.0,1.0,5.0,21.0,33.0,26.0,0.0,31.0,28.0,6.0,1.0,19.0,1.0,84.0,38.0,43.0,4.0,0.0,74.0,2.0,9.0,68.0,15.0,2.0,83.0,2.0,0.0,4.0,81.0,61.0,24.0,32.0,33.0,4.0,16.0,60.0,9.0,16.0,36.0,32.0,17.0,71.0,1.0,13.0,33.0,26.0,10.0,16.0,45.0,40.0,55.0,28.0,2.0,0.0,83.0,2.0,0.0,67.0,18.0,0.0,51.0,33.0,1.0,77.0,8.0,0.0,78.0,5.0,2.0,0.0,1.0,17.0,65.0,2.0,Acima da média
251,26093570,2017,1,2,2604,26014,26,2606101,260610110,2,1,1.0,1.0,1.0,0.0,0.0,0.0,0.0,0.0,0.0,0.0,0.0,0.0,0.0,1.0,1.0,0.0,0.0,0.0,0.0,1.0,0.0,0.0,0.0,1.0,0.0,0.0,1.0,0.0,0.0,0.0,0.0,0.0,1.0,1.0,1.0,1.0,1.0,0.0,1.0,1.0,1.0,1.0,0.0,1.0,0.0,0.0,0.0,1.0,0.0,0.0,0.0,0.0,0.0,0.0,0.0,0.0,0.0,0.0,0.0,0.0,0.0,0.0,0.0,0.0,10.0,10.0,1.0,0.0,0.0,1.0,1.0,0.0,1.0,1.0,1.0,1.0,0.0,1.0,1.0,2.0,0.0,0.0,1.0,1.0,0.0,1.0,2.0,3.0,3.0,0.0,2.0,10.0,4.0,6.0,1.0,1.0,34.0,1.0,1.0,0.0,0.0,0.0,0.0,1.0,0.0,0.0,0.0,0.0,1.0,0.0,0.0,0.0,1.0,0.0,0.0,0.0,0.0,0.0,0.0,1.0,0.0,0.0,0.0,0.0,0.0,0.0,0.0,0.0,0.0,0.0,0.0,0.0,0.0,0.0,0.0,0.0,0.0,18.0,17.0,72.0,5.0,3.0,6.0,0.0,26.0,58.0,37.0,0.0,0.0,0.0,0.0,2.0,119.0,0.0,121.0,79.0,42.0,86.0,33.0,2.0,65.0,53.0,3.0,1.0,94.0,26.0,0.0,3.0,61.0,53.0,4.0,0.0,10.0,28.0,47.0,19.0,17.0,113.0,5.0,2.0,0.0,1.0,109.0,7.0,5.0,2.0,29.0,19.0,8.0,45.0,13.0,5.0,115.0,6.0,101.0,20.0,73.0,45.0,3.0,3.0,34.0,21.0,16.0,25.0,5.0,17.0,89.0,32.0,60.0,61.0,82.0,34.0,5.0,121.0,0.0,116.0,5.0,115.0,6.0,119.0,2.0,102.0,19.0,41.0,69.0,11.0,92.0,27.0,2.0,22.0,41.0,27.0,26.0,5.0,49.0,31.0,10.0,9.0,22.0,10.0,111.0,45.0,67.0,7.0,2.0,107.0,2.0,12.0,99.0,22.0,0.0,120.0,1.0,0.0,26.0,95.0,100.0,21.0,85.0,31.0,4.0,1.0,94.0,21.0,6.0,81.0,32.0,8.0,110.0,6.0,5.0,93.0,23.0,2.0,3.0,81.0,40.0,83.0,32.0,1.0,5.0,106.0,9.0,6.0,88.0,28.0,5.0,81.0,32.0,8.0,109.0,8.0,4.0,112.0,4.0,1.0,4.0,47.0,66.0,8.0,0.0,Acima da média
252,26093600,2017,1,2,2604,26014,26,2606101,260610105,2,1,1.0,1.0,3.0,0.0,0.0,0.0,0.0,0.0,0.0,0.0,0.0,0.0,0.0,1.0,1.0,0.0,1.0,0.0,0.0,1.0,0.0,0.0,0.0,1.0,0.0,0.0,1.0,1.0,0.0,0.0,0.0,0.0,1.0,1.0,1.0,1.0,0.0,0.0,0.0,0.0,1.0,1.0,0.0,1.0,0.0,0.0,0.0,1.0,0.0,0.0,0.0,1.0,1.0,0.0,1.0,1.0,0.0,0.0,1.0,0.0,0.0,1.0,0.0,0.0,7.0,7.0,1.0,0.0,0.0,0.0,0.0,0.0,0.0,1.0,1.0,1.0,0.0,1.0,1.0,2.0,0.0,0.0,0.0,0.0,0.0,0.0,2.0,1.0,3.0,0.0,1.0,5.0,2.0,3.0,1.0,1.0,31.0,1.0,0.0,0.0,0.0,0.0,0.0,1.0,0.0,0.0,0.0,0.0,1.0,0.0,0.0,0.0,1.0,1.0,0.0,0.0,0.0,0.0,0.0,1.0,0.0,0.0,0.0,0.0,0.0,0.0,0.0,0.0,0.0,0.0,1.0,0.0,0.0,0.0,0.0,0.0,0.0,19.0,17.0,96.0,8.0,1.0,15.0,0.0,18.0,47.0,46.0,27.0,11.0,4.0,3.0,11.0,145.0,1.0,155.0,106.0,50.0,133.0,20.0,3.0,126.0,28.0,2.0,3.0,133.0,20.0,1.0,5.0,89.0,57.0,4.0,1.0,9.0,33.0,47.0,43.0,23.0,144.0,11.0,1.0,0.0,0.0,136.0,16.0,4.0,15.0,66.0,20.0,15.0,17.0,3.0,20.0,121.0,35.0,111.0,45.0,100.0,54.0,2.0,19.0,44.0,31.0,13.0,12.0,2.0,35.0,107.0,49.0,78.0,78.0,101.0,44.0,11.0,152.0,4.0,143.0,13.0,139.0,17.0,147.0,9.0,112.0,44.0,63.0,70.0,23.0,100.0,50.0,6.0,44.0,46.0,23.0,30.0,13.0,54.0,39.0,18.0,23.0,22.0,12.0,144.0,36.0,74.0,41.0,5.0,148.0,2.0,6.0,88.0,48.0,20.0,147.0,8.0,1.0,44.0,112.0,137.0,19.0,106.0,45.0,2.0,3.0,125.0,23.0,8.0,86.0,62.0,8.0,127.0,24.0,5.0,138.0,11.0,0.0,7.0,111.0,45.0,99.0,49.0,5.0,3.0,147.0,6.0,3.0,94.0,60.0,2.0,104.0,48.0,4.0,103.0,47.0,6.0,133.0,21.0,0.0,2.0,37.0,71.0,44.0,4.0,Abaixo da média
253,26088851,2017,1,2,2604,26013,26,2606200,260620005,2,1,1.0,1.0,1.0,0.0,0.0,0.0,0.0,0.0,0.0,0.0,0.0,0.0,0.0,1.0,1.0,1.0,0.0,0.0,0.0,1.0,0.0,0.0,0.0,0.0,1.0,0.0,1.0,0.0,0.0,0.0,0.0,0.0,1.0,1.0,1.0,1.0,0.0,1.0,0.0,1.0,1.0,1.0,0.0,1.0,0.0,0.0,1.0,1.0,0.0,1.0,0.0,1.0,0.0,0.0,1.0,1.0,1.0,1.0,0.0,0.0,0.0,1.0,0.0,0.0,17.0,17.0,1.0,0.0,1.0,0.0,0.0,0.0,1.0,0.0,1.0,1.0,0.0,1.0,1.0,2.0,0.0,2.0,0.0,0.0,0.0,1.0,0.0,3.0,1.0,0.0,2.0,1.0,1.0,1.0,1.0,0.0,38.0,1.0,0.0,0.0,0.0,0.0,0.0,1.0,0.0,0.0,0.0,0.0,1.0,0.0,0.0,0.0,1.0,0.0,0.0,0.0,0.0,0.0,0.0,1.0,0.0,0.0,0.0,0.0,0.0,0.0,0.0,0.0,0.0,0.0,0.0,0.0,0.0,0.0,0.0,0.0,0.0,16.0,14.0,48.0,2.0,0.0,3.0,0.0,10.0,33.0,35.0,4.0,1.0,0.0,0.0,0.0,83.0,1.0,82.0,49.0,34.0,69.0,12.0,2.0,48.0,30.0,5.0,0.0,64.0,19.0,0.0,3.0,48.0,30.0,2.0,1.0,5.0,26.0,24.0,15.0,12.0,81.0,2.0,0.0,0.0,0.0,69.0,9.0,5.0,3.0,14.0,9.0,6.0,33.0,7.0,11.0,73.0,10.0,62.0,21.0,38.0,40.0,5.0,4.0,13.0,5.0,3.0,33.0,3.0,22.0,65.0,18.0,46.0,37.0,57.0,22.0,4.0,82.0,1.0,78.0,5.0,73.0,10.0,82.0,1.0,65.0,18.0,33.0,39.0,11.0,55.0,23.0,5.0,16.0,33.0,14.0,15.0,5.0,35.0,26.0,6.0,2.0,14.0,5.0,78.0,40.0,39.0,3.0,1.0,74.0,0.0,9.0,42.0,35.0,6.0,79.0,3.0,1.0,9.0,74.0,71.0,12.0,47.0,32.0,2.0,2.0,70.0,8.0,5.0,55.0,23.0,5.0,71.0,8.0,4.0,68.0,6.0,2.0,7.0,56.0,27.0,56.0,17.0,1.0,9.0,76.0,2.0,5.0,60.0,18.0,5.0,58.0,21.0,4.0,50.0,30.0,3.0,74.0,4.0,0.0,5.0,4.0,27.0,39.0,13.0,Acima da média
254,26088886,2017,1,2,2604,26013,26,2606200,260620005,2,1,1.0,1.0,1.0,0.0,0.0,0.0,0.0,0.0,0.0,0.0,0.0,0.0,0.0,1.0,1.0,0.0,0.0,0.0,0.0,1.0,0.0,0.0,0.0,0.0,1.0,0.0,1.0,0.0,0.0,0.0,0.0,0.0,1.0,1.0,1.0,0.0,0.0,0.0,0.0,0.0,1.0,1.0,0.0,1.0,0.0,0.0,0.0,1.0,0.0,0.0,0.0,1.0,1.0,0.0,1.0,0.0,0.0,1.0,0.0,0.0,0.0,0.0,0.0,0.0,7.0,7.0,1.0,0.0,1.0,0.0,1.0,1.0,1.0,1.0,0.0,0.0,0.0,1.0,1.0,1.0,0.0,1.0,0.0,1.0,1.0,2.0,1.0,0.0,0.0,0.0,1.0,12.0,2.0,10.0,1.0,0.0,42.0,1.0,0.0,0.0,0.0,0.0,0.0,1.0,0.0,0.0,0.0,0.0,1.0,0.0,0.0,0.0,1.0,0.0,0.0,0.0,0.0,0.0,0.0,1.0,0.0,0.0,0.0,0.0,0.0,0.0,0.0,0.0,0.0,0.0,0.0,0.0,0.0,0.0,0.0,0.0,0.0,32.0,17.0,89.0,7.0,2.0,5.0,0.0,10.0,52.0,50.0,27.0,5.0,3.0,5.0,7.0,145.0,0.0,152.0,74.0,78.0,88.0,55.0,9.0,71.0,69.0,12.0,0.0,113.0,39.0,0.0,4.0,78.0,65.0,5.0,0.0,17.0,30.0,67.0,27.0,11.0,142.0,8.0,2.0,0.0,0.0,128.0,17.0,7.0,4.0,17.0,22.0,15.0,60.0,19.0,15.0,141.0,11.0,127.0,25.0,90.0,54.0,8.0,3.0,17.0,21.0,10.0,64.0,9.0,28.0,135.0,17.0,107.0,45.0,78.0,60.0,14.0,150.0,2.0,143.0,9.0,143.0,9.0,150.0,2.0,121.0,31.0,53.0,89.0,10.0,113.0,36.0,3.0,37.0,40.0,17.0,49.0,9.0,56.0,46.0,15.0,7.0,28.0,27.0,125.0,67.0,76.0,8.0,1.0,127.0,4.0,21.0,72.0,62.0,18.0,135.0,13.0,4.0,18.0,134.0,130.0,22.0,94.0,53.0,3.0,2.0,115.0,36.0,1.0,86.0,63.0,3.0,138.0,12.0,2.0,140.0,9.0,2.0,1.0,100.0,52.0,88.0,54.0,8.0,2.0,141.0,9.0,2.0,85.0,63.0,4.0,103.0,45.0,4.0,124.0,23.0,5.0,133.0,14.0,2.0,3.0,16.0,58.0,72.0,6.0,Abaixo da média
257,26089424,2017,1,2,2604,26013,26,2606200,260620010,2,1,1.0,1.0,1.0,0.0,0.0,0.0,0.0,0.0,0.0,0.0,0.0,0.0,0.0,1.0,1.0,0.0,0.0,0.0,0.0,1.0,0.0,0.0,0.0,0.0,1.0,0.0,1.0,0.0,0.0,0.0,0.0,0.0,1.0,1.0,1.0,1.0,1.0,1.0,0.0,1.0,1.0,1.0,0.0,1.0,0.0,0.0,0.0,1.0,0.0,1.0,1.0,1.0,1.0,1.0,1.0,1.0,1.0,0.0,0.0,0.0,0.0,0.0,0.0,0.0,14.0,14.0,1.0,0.0,0.0,0.0,1.0,0.0,1.0,1.0,1.0,1.0,0.0,0.0,1.0,2.0,0.0,0.0,0.0,1.0,0.0,3.0,2.0,3.0,4.0,0.0,0.0,9.0,1.0,8.0,1.0,1.0,42.0,1.0,0.0,0.0,0.0,0.0,0.0,1.0,0.0,0.0,0.0,0.0,1.0,0.0,0.0,0.0,1.0,1.0,0.0,0.0,0.0,0.0,0.0,1.0,0.0,0.0,0.0,0.0,0.0,0.0,0.0,0.0,0.0,0.0,1.0,0.0,0.0,0.0,0.0,0.0,0.0,7.0,12.0,43.0,3.0,1.0,5.0,0.0,2.0,24.0,31.0,12.0,2.0,0.0,0.0,3.0,68.0,0.0,71.0,39.0,32.0,52.0,17.0,2.0,44.0,23.0,4.0,1.0,47.0,23.0,0.0,2.0,24.0,40.0,5.0,0.0,1.0,9.0,27.0,20.0,14.0,65.0,6.0,0.0,0.0,0.0,61.0,8.0,2.0,0.0,11.0,11.0,11.0,16.0,7.0,15.0,58.0,13.0,49.0,22.0,49.0,19.0,3.0,3.0,17.0,12.0,5.0,12.0,2.0,20.0,57.0,14.0,44.0,27.0,33.0,32.0,6.0,70.0,1.0,64.0,7.0,61.0,10.0,69.0,2.0,51.0,20.0,18.0,40.0,13.0,44.0,26.0,1.0,9.0,21.0,13.0,24.0,4.0,32.0,15.0,5.0,3.0,16.0,8.0,63.0,28.0,39.0,3.0,1.0,55.0,1.0,15.0,28.0,40.0,3.0,66.0,2.0,3.0,9.0,62.0,45.0,26.0,34.0,32.0,5.0,0.0,57.0,14.0,0.0,43.0,28.0,0.0,68.0,3.0,0.0,63.0,7.0,0.0,1.0,60.0,11.0,48.0,22.0,1.0,0.0,69.0,2.0,0.0,49.0,22.0,0.0,55.0,16.0,0.0,63.0,8.0,0.0,66.0,4.0,1.0,0.0,10.0,34.0,27.0,0.0,Abaixo da média
260,26004453,2017,1,2,2601,26001,26,2606309,260630905,2,1,1.0,1.0,3.0,0.0,0.0,0.0,0.0,0.0,0.0,0.0,0.0,0.0,0.0,1.0,1.0,0.0,0.0,0.0,0.0,1.0,0.0,0.0,0.0,1.0,0.0,0.0,1.0,0.0,0.0,0.0,0.0,0.0,0.0,1.0,1.0,0.0,0.0,0.0,0.0,0.0,1.0,1.0,0.0,1.0,0.0,0.0,0.0,1.0,0.0,0.0,0.0,1.0,0.0,0.0,1.0,1.0,0.0,1.0,0.0,0.0,0.0,0.0,0.0,0.0,5.0,5.0,1.0,1.0,1.0,1.0,1.0,1.0,1.0,0.0,1.0,1.0,0.0,1.0,1.0,2.0,1.0,2.0,2.0,1.0,2.0,4.0,0.0,3.0,2.0,0.0,3.0,25.0,2.0,22.0,1.0,1.0,18.0,1.0,0.0,1.0,0.0,0.0,0.0,1.0,0.0,0.0,0.0,0.0,1.0,0.0,0.0,0.0,1.0,0.0,0.0,0.0,0.0,0.0,1.0,1.0,0.0,0.0,0.0,0.0,0.0,0.0,0.0,0.0,0.0,0.0,0.0,0.0,0.0,0.0,0.0,0.0,0.0,1.0,3.0,16.0,0.0,1.0,2.0,0.0,0.0,4.0,10.0,5.0,2.0,1.0,1.0,0.0,23.0,0.0,23.0,10.0,13.0,18.0,2.0,3.0,14.0,8.0,1.0,0.0,20.0,3.0,0.0,2.0,8.0,6.0,7.0,0.0,3.0,3.0,6.0,5.0,6.0,22.0,1.0,0.0,0.0,0.0,22.0,1.0,0.0,3.0,5.0,4.0,3.0,4.0,2.0,2.0,18.0,5.0,15.0,8.0,10.0,13.0,0.0,0.0,8.0,3.0,1.0,1.0,1.0,9.0,15.0,8.0,13.0,10.0,14.0,6.0,3.0,23.0,0.0,21.0,2.0,22.0,1.0,23.0,0.0,16.0,7.0,12.0,7.0,4.0,17.0,5.0,1.0,9.0,8.0,2.0,2.0,2.0,5.0,8.0,2.0,6.0,2.0,7.0,16.0,13.0,5.0,5.0,0.0,21.0,0.0,2.0,8.0,7.0,8.0,21.0,2.0,0.0,7.0,16.0,21.0,2.0,12.0,10.0,1.0,0.0,22.0,1.0,0.0,16.0,7.0,0.0,21.0,2.0,0.0,20.0,3.0,0.0,0.0,11.0,12.0,6.0,14.0,3.0,0.0,23.0,0.0,0.0,19.0,3.0,1.0,17.0,6.0,0.0,21.0,2.0,0.0,20.0,1.0,2.0,0.0,6.0,15.0,2.0,0.0,Abaixo da média
261,26525780,2017,1,2,2601,26001,26,2606309,260630905,2,1,0.0,1.0,1.0,0.0,0.0,0.0,0.0,0.0,0.0,0.0,0.0,0.0,0.0,1.0,1.0,0.0,0.0,0.0,0.0,1.0,0.0,0.0,0.0,1.0,0.0,0.0,1.0,0.0,0.0,0.0,0.0,0.0,1.0,1.0,1.0,1.0,1.0,0.0,0.0,0.0,1.0,1.0,0.0,1.0,0.0,0.0,0.0,1.0,0.0,1.0,1.0,1.0,1.0,1.0,1.0,1.0,1.0,1.0,0.0,0.0,0.0,1.0,1.0,0.0,13.0,13.0,1.0,0.0,1.0,1.0,1.0,1.0,1.0,0.0,1.0,1.0,0.0,1.0,1.0,3.0,0.0,2.0,1.0,1.0,1.0,2.0,0.0,4.0,13.0,0.0,1.0,23.0,3.0,20.0,1.0,1.0,20.0,1.0,0.0,0.0,0.0,0.0,0.0,1.0,0.0,0.0,0.0,0.0,1.0,0.0,0.0,0.0,1.0,0.0,0.0,0.0,0.0,0.0,0.0,1.0,0.0,0.0,0.0,0.0,0.0,0.0,0.0,0.0,0.0,0.0,0.0,0.0,0.0,0.0,0.0,0.0,0.0,3.0,6.0,40.0,3.0,0.0,3.0,1.0,22.0,16.0,13.0,3.0,0.0,0.0,0.0,2.0,53.0,0.0,55.0,45.0,10.0,41.0,13.0,1.0,34.0,18.0,3.0,2.0,41.0,12.0,0.0,1.0,28.0,22.0,4.0,0.0,1.0,8.0,20.0,11.0,15.0,48.0,6.0,1.0,0.0,0.0,51.0,1.0,3.0,2.0,10.0,14.0,4.0,8.0,14.0,3.0,49.0,6.0,44.0,11.0,40.0,15.0,0.0,7.0,11.0,13.0,5.0,4.0,2.0,13.0,40.0,15.0,24.0,31.0,45.0,8.0,2.0,54.0,1.0,52.0,3.0,46.0,9.0,53.0,2.0,46.0,9.0,20.0,29.0,6.0,34.0,18.0,3.0,12.0,15.0,9.0,14.0,5.0,27.0,8.0,1.0,4.0,15.0,2.0,53.0,30.0,14.0,11.0,0.0,54.0,0.0,1.0,40.0,12.0,3.0,54.0,1.0,0.0,15.0,40.0,49.0,6.0,45.0,8.0,0.0,2.0,50.0,5.0,0.0,35.0,20.0,0.0,54.0,1.0,0.0,50.0,3.0,1.0,1.0,43.0,12.0,41.0,11.0,1.0,2.0,54.0,0.0,1.0,33.0,21.0,1.0,48.0,6.0,1.0,41.0,12.0,2.0,48.0,5.0,0.0,2.0,26.0,28.0,1.0,0.0,Acima da média
262,26056550,2017,1,2,2603,26008,26,2606408,260640805,2,1,1.0,1.0,1.0,0.0,0.0,0.0,0.0,0.0,0.0,0.0,0.0,0.0,0.0,1.0,1.0,0.0,0.0,0.0,0.0,1.0,0.0,0.0,0.0,1.0,0.0,0.0,1.0,0.0,0.0,0.0,0.0,0.0,1.0,1.0,1.0,0.0,1.0,0.0,1.0,1.0,1.0,1.0,0.0,1.0,0.0,0.0,0.0,1.0,0.0,1.0,0.0,0.0,0.0,0.0,0.0,0.0,0.0,0.0,0.0,0.0,0.0,0.0,0.0,0.0,13.0,13.0,1.0,0.0,1.0,0.0,0.0,1.0,1.0,1.0,1.0,1.0,0.0,1.0,1.0,2.0,0.0,1.0,0.0,0.0,3.0,1.0,4.0,2.0,5.0,0.0,3.0,2.0,2.0,0.0,1.0,1.0,45.0,1.0,1.0,0.0,0.0,0.0,0.0,1.0,0.0,0.0,0.0,0.0,1.0,0.0,0.0,0.0,1.0,1.0,0.0,0.0,0.0,0.0,0.0,1.0,0.0,0.0,0.0,0.0,0.0,0.0,0.0,0.0,0.0,0.0,1.0,0.0,0.0,0.0,0.0,0.0,0.0,39.0,10.0,72.0,8.0,3.0,10.0,0.0,2.0,40.0,47.0,25.0,16.0,7.0,5.0,5.0,137.0,5.0,137.0,104.0,38.0,118.0,24.0,0.0,100.0,37.0,5.0,2.0,126.0,14.0,1.0,17.0,80.0,42.0,2.0,3.0,26.0,27.0,36.0,29.0,21.0,126.0,11.0,4.0,1.0,0.0,108.0,32.0,2.0,16.0,47.0,20.0,17.0,19.0,2.0,21.0,106.0,36.0,93.0,49.0,65.0,72.0,5.0,17.0,41.0,15.0,8.0,14.0,0.0,47.0,86.0,56.0,59.0,83.0,58.0,62.0,22.0,137.0,5.0,131.0,11.0,125.0,17.0,140.0,2.0,100.0,42.0,44.0,78.0,20.0,93.0,45.0,4.0,36.0,37.0,22.0,37.0,10.0,36.0,48.0,11.0,20.0,27.0,37.0,105.0,54.0,69.0,13.0,6.0,131.0,3.0,8.0,58.0,56.0,28.0,120.0,20.0,2.0,45.0,97.0,130.0,12.0,83.0,48.0,3.0,8.0,100.0,31.0,11.0,76.0,57.0,9.0,119.0,14.0,9.0,119.0,16.0,0.0,7.0,102.0,40.0,79.0,53.0,3.0,7.0,126.0,7.0,9.0,79.0,55.0,8.0,79.0,56.0,7.0,101.0,34.0,7.0,116.0,20.0,1.0,5.0,7.0,32.0,47.0,56.0,Abaixo da média
263,26056577,2017,1,2,2603,26008,26,2606408,260640805,2,1,1.0,1.0,1.0,0.0,0.0,0.0,0.0,0.0,0.0,0.0,0.0,0.0,0.0,1.0,1.0,0.0,0.0,0.0,0.0,1.0,0.0,0.0,0.0,0.0,1.0,0.0,1.0,0.0,0.0,0.0,0.0,0.0,1.0,1.0,1.0,1.0,0.0,1.0,1.0,1.0,1.0,1.0,0.0,1.0,0.0,0.0,0.0,1.0,0.0,1.0,1.0,1.0,0.0,0.0,0.0,0.0,1.0,1.0,1.0,0.0,0.0,0.0,0.0,0.0,20.0,15.0,1.0,0.0,1.0,0.0,1.0,1.0,1.0,1.0,1.0,0.0,1.0,1.0,1.0,3.0,0.0,1.0,0.0,2.0,17.0,1.0,3.0,4.0,0.0,1.0,2.0,35.0,5.0,30.0,1.0,1.0,44.0,1.0,0.0,0.0,0.0,0.0,0.0,1.0,0.0,0.0,1.0,0.0,1.0,0.0,0.0,0.0,1.0,0.0,0.0,0.0,0.0,0.0,0.0,1.0,0.0,0.0,0.0,0.0,0.0,0.0,0.0,0.0,0.0,0.0,0.0,0.0,0.0,0.0,0.0,0.0,0.0,72.0,13.0,99.0,26.0,6.0,9.0,0.0,22.0,112.0,69.0,15.0,6.0,1.0,0.0,3.0,222.0,1.0,224.0,120.0,105.0,145.0,72.0,8.0,112.0,103.0,10.0,1.0,157.0,67.0,0.0,12.0,124.0,80.0,9.0,2.0,22.0,55.0,79.0,45.0,22.0,213.0,8.0,4.0,0.0,0.0,193.0,17.0,15.0,4.0,45.0,44.0,26.0,66.0,18.0,22.0,209.0,16.0,182.0,43.0,122.0,93.0,10.0,10.0,51.0,34.0,32.0,46.0,8.0,44.0,177.0,48.0,120.0,105.0,123.0,90.0,12.0,222.0,3.0,212.0,13.0,196.0,29.0,222.0,3.0,159.0,66.0,78.0,120.0,27.0,156.0,66.0,3.0,25.0,73.0,56.0,65.0,6.0,85.0,68.0,19.0,10.0,43.0,22.0,203.0,89.0,124.0,11.0,1.0,191.0,9.0,25.0,154.0,57.0,14.0,218.0,7.0,0.0,22.0,203.0,175.0,50.0,129.0,81.0,10.0,5.0,191.0,29.0,5.0,139.0,82.0,4.0,214.0,7.0,4.0,191.0,29.0,2.0,3.0,145.0,80.0,108.0,92.0,18.0,7.0,206.0,15.0,4.0,159.0,61.0,5.0,137.0,83.0,5.0,190.0,29.0,6.0,181.0,32.0,8.0,4.0,60.0,138.0,27.0,0.0,Acima da média
264,26056623,2017,1,2,2603,26008,26,2606408,260640805,2,1,1.0,1.0,1.0,0.0,0.0,0.0,0.0,0.0,0.0,0.0,0.0,0.0,0.0,1.0,1.0,0.0,0.0,0.0,0.0,1.0,0.0,0.0,0.0,1.0,0.0,0.0,1.0,0.0,0.0,1.0,0.0,0.0,0.0,1.0,1.0,0.0,0.0,1.0,0.0,1.0,1.0,1.0,0.0,1.0,0.0,0.0,0.0,1.0,0.0,0.0,1.0,1.0,1.0,0.0,1.0,1.0,1.0,0.0,1.0,0.0,0.0,1.0,0.0,0.0,13.0,9.0,1.0,0.0,1.0,0.0,0.0,1.0,0.0,1.0,1.0,1.0,0.0,1.0,1.0,4.0,0.0,2.0,0.0,0.0,1.0,0.0,2.0,3.0,2.0,0.0,1.0,4.0,4.0,0.0,1.0,0.0,47.0,1.0,0.0,0.0,0.0,0.0,0.0,1.0,0.0,0.0,0.0,0.0,1.0,0.0,0.0,0.0,1.0,1.0,0.0,0.0,0.0,0.0,0.0,1.0,0.0,0.0,0.0,0.0,0.0,0.0,0.0,0.0,0.0,0.0,1.0,0.0,0.0,0.0,0.0,0.0,0.0,53.0,14.0,107.0,14.0,2.0,10.0,0.0,5.0,50.0,57.0,34.0,28.0,10.0,16.0,9.0,191.0,6.0,194.0,121.0,79.0,149.0,49.0,2.0,140.0,55.0,5.0,1.0,170.0,29.0,1.0,24.0,125.0,45.0,5.0,1.0,36.0,59.0,59.0,27.0,18.0,173.0,22.0,4.0,1.0,0.0,158.0,38.0,4.0,15.0,70.0,38.0,23.0,36.0,4.0,14.0,167.0,33.0,137.0,63.0,95.0,100.0,5.0,22.0,65.0,31.0,12.0,23.0,4.0,43.0,159.0,41.0,108.0,92.0,83.0,80.0,37.0,193.0,7.0,180.0,20.0,176.0,24.0,191.0,9.0,129.0,71.0,59.0,118.0,23.0,141.0,46.0,13.0,63.0,41.0,15.0,60.0,21.0,60.0,51.0,26.0,33.0,30.0,55.0,145.0,73.0,102.0,22.0,3.0,181.0,2.0,17.0,88.0,68.0,44.0,162.0,27.0,11.0,53.0,147.0,160.0,40.0,123.0,62.0,10.0,5.0,157.0,38.0,5.0,114.0,81.0,5.0,177.0,17.0,6.0,182.0,13.0,1.0,4.0,127.0,73.0,127.0,62.0,8.0,3.0,181.0,18.0,1.0,132.0,66.0,2.0,125.0,72.0,3.0,153.0,45.0,2.0,185.0,10.0,2.0,3.0,32.0,101.0,67.0,0.0,Abaixo da média
265,26056658,2017,1,2,2603,26008,26,2606408,260640805,2,1,1.0,1.0,1.0,0.0,0.0,0.0,0.0,0.0,0.0,0.0,0.0,0.0,0.0,1.0,1.0,0.0,0.0,0.0,0.0,1.0,0.0,0.0,0.0,1.0,0.0,0.0,1.0,0.0,0.0,0.0,0.0,0.0,1.0,1.0,1.0,0.0,0.0,0.0,1.0,1.0,1.0,1.0,0.0,1.0,0.0,0.0,0.0,1.0,0.0,1.0,0.0,0.0,0.0,0.0,0.0,0.0,0.0,0.0,0.0,0.0,0.0,0.0,0.0,0.0,15.0,15.0,1.0,0.0,1.0,0.0,1.0,0.0,1.0,0.0,1.0,1.0,0.0,1.0,1.0,3.0,0.0,3.0,0.0,1.0,0.0,3.0,0.0,2.0,10.0,0.0,1.0,22.0,7.0,15.0,1.0,0.0,85.0,1.0,0.0,0.0,0.0,0.0,0.0,1.0,0.0,0.0,1.0,0.0,1.0,0.0,0.0,0.0,1.0,0.0,0.0,0.0,0.0,0.0,0.0,1.0,0.0,0.0,0.0,0.0,0.0,0.0,0.0,0.0,0.0,0.0,0.0,0.0,0.0,0.0,0.0,0.0,0.0,38.0,13.0,54.0,2.0,0.0,6.0,0.0,5.0,54.0,36.0,14.0,4.0,0.0,0.0,0.0,113.0,1.0,112.0,71.0,42.0,83.0,28.0,2.0,72.0,36.0,5.0,1.0,92.0,20.0,0.0,7.0,71.0,32.0,3.0,0.0,13.0,35.0,35.0,23.0,7.0,102.0,7.0,4.0,0.0,0.0,100.0,9.0,4.0,5.0,32.0,21.0,15.0,24.0,7.0,9.0,97.0,16.0,83.0,30.0,63.0,47.0,3.0,13.0,30.0,21.0,16.0,14.0,3.0,16.0,85.0,28.0,52.0,61.0,73.0,31.0,9.0,112.0,1.0,107.0,6.0,103.0,10.0,112.0,1.0,85.0,28.0,34.0,63.0,16.0,87.0,22.0,4.0,23.0,37.0,18.0,30.0,5.0,45.0,39.0,11.0,8.0,10.0,10.0,103.0,44.0,58.0,10.0,1.0,101.0,3.0,9.0,72.0,30.0,11.0,110.0,3.0,0.0,14.0,99.0,108.0,5.0,84.0,28.0,0.0,1.0,105.0,6.0,2.0,71.0,39.0,3.0,104.0,6.0,3.0,106.0,5.0,0.0,2.0,59.0,54.0,51.0,52.0,9.0,1.0,103.0,8.0,2.0,95.0,16.0,2.0,82.0,27.0,4.0,96.0,14.0,3.0,102.0,9.0,0.0,2.0,28.0,67.0,18.0,0.0,Acima da média
267,26076780,2017,1,2,2603,26011,26,2606507,260650705,2,1,1.0,1.0,1.0,0.0,0.0,0.0,0.0,0.0,0.0,0.0,0.0,0.0,0.0,0.0,1.0,1.0,0.0,0.0,0.0,1.0,0.0,0.0,0.0,1.0,0.0,0.0,0.0,0.0,1.0,0.0,0.0,0.0,1.0,1.0,1.0,1.0,0.0,0.0,1.0,1.0,1.0,1.0,0.0,1.0,0.0,0.0,0.0,1.0,0.0,1.0,0.0,0.0,0.0,0.0,0.0,0.0,0.0,0.0,0.0,0.0,0.0,0.0,0.0,0.0,10.0,23.0,0.0,0.0,0.0,0.0,0.0,0.0,0.0,0.0,0.0,0.0,0.0,0.0,1.0,0.0,0.0,0.0,0.0,0.0,0.0,0.0,0.0,0.0,0.0,0.0,0.0,11.0,3.0,8.0,1.0,0.0,49.0,1.0,0.0,0.0,0.0,0.0,0.0,1.0,0.0,0.0,0.0,0.0,1.0,0.0,0.0,0.0,1.0,1.0,0.0,0.0,0.0,0.0,0.0,1.0,0.0,0.0,0.0,0.0,0.0,0.0,0.0,0.0,0.0,0.0,1.0,0.0,0.0,0.0,0.0,0.0,0.0,40.0,14.0,86.0,10.0,3.0,5.0,0.0,3.0,38.0,59.0,40.0,9.0,7.0,2.0,3.0,155.0,2.0,156.0,111.0,47.0,106.0,46.0,6.0,115.0,39.0,4.0,3.0,130.0,25.0,1.0,4.0,67.0,75.0,11.0,2.0,11.0,30.0,49.0,32.0,34.0,147.0,10.0,1.0,0.0,0.0,139.0,14.0,5.0,11.0,46.0,47.0,9.0,20.0,9.0,16.0,121.0,37.0,97.0,61.0,112.0,41.0,5.0,19.0,55.0,35.0,10.0,13.0,2.0,24.0,97.0,61.0,67.0,91.0,67.0,71.0,20.0,152.0,6.0,142.0,16.0,130.0,28.0,154.0,4.0,108.0,50.0,74.0,74.0,10.0,115.0,34.0,9.0,50.0,52.0,15.0,27.0,14.0,43.0,33.0,18.0,27.0,37.0,21.0,137.0,45.0,68.0,43.0,2.0,153.0,1.0,4.0,74.0,64.0,20.0,142.0,13.0,3.0,26.0,132.0,131.0,27.0,100.0,52.0,2.0,4.0,141.0,14.0,3.0,76.0,78.0,4.0,117.0,37.0,4.0,118.0,30.0,7.0,3.0,113.0,45.0,112.0,44.0,2.0,0.0,153.0,5.0,0.0,127.0,31.0,0.0,124.0,34.0,0.0,108.0,50.0,0.0,152.0,5.0,0.0,1.0,23.0,69.0,66.0,0.0,Abaixo da média
270,26027828,2017,1,2,2601,26004,26,2606606,260660605,2,1,1.0,1.0,1.0,0.0,0.0,0.0,0.0,0.0,0.0,0.0,0.0,0.0,0.0,1.0,1.0,0.0,1.0,0.0,0.0,1.0,0.0,0.0,0.0,1.0,0.0,0.0,1.0,0.0,0.0,0.0,0.0,0.0,1.0,1.0,0.0,0.0,0.0,1.0,0.0,1.0,0.0,1.0,0.0,1.0,0.0,0.0,0.0,1.0,0.0,0.0,0.0,0.0,0.0,0.0,0.0,0.0,0.0,0.0,0.0,0.0,0.0,0.0,0.0,0.0,18.0,18.0,1.0,0.0,1.0,1.0,1.0,0.0,1.0,0.0,1.0,1.0,0.0,0.0,1.0,1.0,0.0,2.0,1.0,2.0,0.0,2.0,0.0,2.0,12.0,0.0,0.0,20.0,3.0,17.0,1.0,1.0,51.0,1.0,1.0,1.0,0.0,0.0,0.0,1.0,0.0,0.0,0.0,0.0,1.0,0.0,0.0,0.0,1.0,0.0,0.0,0.0,0.0,0.0,0.0,1.0,0.0,0.0,0.0,0.0,0.0,0.0,0.0,0.0,0.0,0.0,0.0,0.0,0.0,0.0,0.0,0.0,0.0,17.0,7.0,50.0,2.0,2.0,10.0,0.0,4.0,40.0,26.0,14.0,2.0,2.0,0.0,6.0,82.0,5.0,83.0,62.0,26.0,57.0,23.0,8.0,58.0,24.0,6.0,5.0,66.0,17.0,1.0,5.0,36.0,42.0,4.0,2.0,12.0,17.0,31.0,11.0,15.0,80.0,7.0,1.0,0.0,0.0,74.0,12.0,2.0,5.0,16.0,16.0,7.0,21.0,15.0,8.0,74.0,14.0,66.0,22.0,47.0,39.0,2.0,6.0,18.0,15.0,10.0,12.0,5.0,22.0,69.0,19.0,46.0,42.0,68.0,19.0,1.0,87.0,1.0,81.0,7.0,77.0,11.0,85.0,3.0,67.0,21.0,23.0,50.0,15.0,58.0,24.0,6.0,23.0,22.0,17.0,21.0,5.0,23.0,19.0,10.0,7.0,29.0,4.0,84.0,33.0,48.0,6.0,1.0,81.0,1.0,6.0,51.0,32.0,5.0,84.0,4.0,0.0,20.0,68.0,58.0,30.0,44.0,39.0,4.0,1.0,75.0,11.0,2.0,49.0,39.0,0.0,79.0,9.0,0.0,78.0,9.0,1.0,0.0,49.0,39.0,41.0,39.0,7.0,1.0,79.0,9.0,0.0,65.0,23.0,0.0,60.0,26.0,2.0,77.0,11.0,0.0,81.0,6.0,0.0,1.0,11.0,52.0,24.0,1.0,Acima da média
271,26027836,2017,1,2,2601,26004,26,2606606,260660605,2,1,1.0,1.0,1.0,0.0,0.0,0.0,0.0,0.0,0.0,0.0,0.0,0.0,0.0,1.0,1.0,1.0,0.0,0.0,0.0,1.0,0.0,0.0,0.0,1.0,0.0,0.0,1.0,0.0,0.0,0.0,0.0,0.0,0.0,1.0,1.0,0.0,0.0,0.0,0.0,0.0,1.0,1.0,0.0,1.0,0.0,0.0,0.0,1.0,0.0,0.0,0.0,0.0,0.0,0.0,0.0,0.0,0.0,0.0,0.0,0.0,0.0,0.0,0.0,0.0,7.0,7.0,1.0,0.0,1.0,1.0,1.0,1.0,1.0,1.0,1.0,1.0,1.0,1.0,1.0,3.0,0.0,4.0,1.0,2.0,2.0,8.0,1.0,9.0,7.0,1.0,4.0,21.0,3.0,18.0,1.0,1.0,39.0,1.0,0.0,1.0,0.0,0.0,0.0,1.0,0.0,0.0,0.0,0.0,1.0,0.0,0.0,0.0,1.0,0.0,1.0,0.0,0.0,0.0,1.0,1.0,0.0,1.0,0.0,0.0,0.0,0.0,0.0,0.0,0.0,0.0,0.0,0.0,0.0,0.0,0.0,0.0,0.0,5.0,5.0,28.0,3.0,5.0,6.0,0.0,0.0,8.0,17.0,8.0,10.0,3.0,6.0,4.0,48.0,0.0,52.0,28.0,24.0,36.0,16.0,0.0,44.0,7.0,1.0,2.0,45.0,5.0,0.0,3.0,22.0,20.0,7.0,0.0,14.0,4.0,8.0,13.0,13.0,50.0,2.0,0.0,0.0,0.0,33.0,17.0,2.0,11.0,10.0,11.0,1.0,5.0,1.0,13.0,29.0,23.0,30.0,22.0,25.0,26.0,1.0,8.0,12.0,9.0,2.0,1.0,0.0,20.0,26.0,26.0,22.0,30.0,26.0,17.0,9.0,52.0,0.0,49.0,3.0,47.0,5.0,52.0,0.0,39.0,13.0,20.0,30.0,2.0,37.0,12.0,3.0,22.0,12.0,2.0,9.0,7.0,10.0,19.0,7.0,8.0,8.0,13.0,39.0,13.0,22.0,15.0,2.0,51.0,0.0,1.0,24.0,19.0,9.0,36.0,12.0,4.0,22.0,30.0,46.0,6.0,37.0,10.0,1.0,4.0,40.0,9.0,3.0,34.0,13.0,5.0,41.0,8.0,3.0,48.0,1.0,0.0,3.0,32.0,20.0,29.0,13.0,5.0,5.0,48.0,2.0,2.0,31.0,17.0,4.0,36.0,14.0,2.0,39.0,11.0,2.0,43.0,6.0,0.0,3.0,21.0,23.0,8.0,0.0,Acima da média
272,26084317,2017,1,2,2603,26012,26,2606705,260670505,2,1,1.0,1.0,1.0,0.0,0.0,0.0,0.0,0.0,0.0,0.0,0.0,0.0,0.0,1.0,1.0,0.0,0.0,0.0,0.0,1.0,0.0,0.0,0.0,1.0,0.0,0.0,1.0,1.0,0.0,0.0,0.0,0.0,1.0,1.0,1.0,0.0,0.0,0.0,0.0,0.0,1.0,1.0,0.0,1.0,0.0,0.0,0.0,1.0,0.0,0.0,0.0,1.0,0.0,0.0,1.0,0.0,0.0,1.0,0.0,0.0,0.0,1.0,0.0,0.0,6.0,6.0,1.0,0.0,1.0,1.0,1.0,1.0,1.0,1.0,1.0,1.0,1.0,1.0,1.0,7.0,0.0,2.0,1.0,1.0,1.0,1.0,2.0,2.0,10.0,1.0,4.0,12.0,2.0,10.0,1.0,1.0,23.0,1.0,0.0,0.0,0.0,0.0,0.0,1.0,0.0,0.0,0.0,0.0,1.0,0.0,0.0,0.0,1.0,1.0,1.0,0.0,0.0,0.0,0.0,1.0,0.0,1.0,0.0,0.0,0.0,0.0,0.0,0.0,0.0,0.0,1.0,0.0,0.0,0.0,0.0,0.0,0.0,20.0,1.0,19.0,1.0,2.0,4.0,0.0,7.0,15.0,7.0,10.0,4.0,3.0,1.0,0.0,47.0,1.0,46.0,30.0,17.0,35.0,11.0,1.0,36.0,11.0,0.0,1.0,42.0,4.0,0.0,0.0,30.0,15.0,2.0,0.0,4.0,11.0,16.0,7.0,9.0,41.0,6.0,0.0,0.0,0.0,40.0,5.0,2.0,2.0,13.0,4.0,4.0,8.0,3.0,13.0,35.0,12.0,31.0,16.0,28.0,15.0,4.0,5.0,12.0,6.0,2.0,3.0,2.0,17.0,26.0,21.0,21.0,26.0,35.0,10.0,2.0,46.0,1.0,44.0,3.0,44.0,3.0,45.0,2.0,35.0,12.0,12.0,27.0,8.0,28.0,15.0,4.0,15.0,17.0,6.0,7.0,2.0,14.0,13.0,1.0,7.0,12.0,6.0,41.0,13.0,26.0,7.0,1.0,39.0,1.0,7.0,25.0,14.0,8.0,43.0,4.0,0.0,6.0,41.0,27.0,20.0,17.0,24.0,4.0,2.0,40.0,5.0,2.0,19.0,25.0,3.0,40.0,5.0,2.0,33.0,9.0,1.0,4.0,41.0,6.0,36.0,10.0,0.0,1.0,44.0,3.0,0.0,36.0,11.0,0.0,34.0,13.0,0.0,39.0,8.0,0.0,40.0,7.0,0.0,0.0,12.0,23.0,12.0,0.0,Abaixo da média
273,26105195,2017,1,2,2605,26016,26,2606804,260680420,2,1,1.0,1.0,1.0,0.0,0.0,0.0,0.0,0.0,0.0,0.0,0.0,0.0,0.0,1.0,1.0,0.0,0.0,0.0,0.0,1.0,0.0,0.0,0.0,0.0,1.0,0.0,1.0,0.0,0.0,0.0,0.0,0.0,1.0,1.0,1.0,1.0,0.0,0.0,0.0,0.0,1.0,1.0,0.0,1.0,0.0,0.0,0.0,1.0,0.0,0.0,1.0,1.0,1.0,1.0,1.0,1.0,0.0,0.0,0.0,0.0,0.0,1.0,0.0,0.0,12.0,12.0,1.0,0.0,1.0,0.0,1.0,1.0,1.0,0.0,1.0,1.0,0.0,1.0,1.0,3.0,0.0,2.0,0.0,2.0,2.0,4.0,0.0,4.0,2.0,0.0,2.0,20.0,8.0,12.0,1.0,1.0,67.0,1.0,0.0,0.0,0.0,0.0,0.0,1.0,0.0,0.0,1.0,0.0,1.0,0.0,0.0,0.0,1.0,1.0,0.0,0.0,0.0,0.0,1.0,1.0,0.0,0.0,0.0,0.0,0.0,0.0,0.0,0.0,0.0,0.0,1.0,0.0,0.0,0.0,0.0,0.0,0.0,24.0,23.0,71.0,3.0,1.0,2.0,1.0,18.0,66.0,34.0,5.0,0.0,0.0,0.0,1.0,123.0,2.0,122.0,63.0,61.0,75.0,42.0,7.0,52.0,64.0,8.0,0.0,91.0,33.0,1.0,4.0,84.0,33.0,2.0,1.0,9.0,28.0,44.0,27.0,15.0,117.0,6.0,0.0,1.0,0.0,106.0,8.0,10.0,2.0,17.0,23.0,16.0,57.0,1.0,8.0,119.0,5.0,104.0,20.0,77.0,38.0,9.0,4.0,17.0,26.0,18.0,38.0,4.0,17.0,109.0,15.0,76.0,48.0,55.0,56.0,13.0,122.0,2.0,116.0,8.0,112.0,12.0,121.0,3.0,96.0,28.0,52.0,62.0,10.0,96.0,25.0,3.0,11.0,37.0,27.0,47.0,2.0,36.0,53.0,15.0,9.0,11.0,20.0,104.0,47.0,71.0,5.0,1.0,104.0,6.0,14.0,93.0,31.0,0.0,119.0,4.0,1.0,9.0,115.0,111.0,13.0,86.0,33.0,2.0,3.0,100.0,22.0,2.0,81.0,41.0,2.0,117.0,5.0,2.0,117.0,4.0,0.0,3.0,85.0,39.0,73.0,45.0,4.0,2.0,117.0,6.0,1.0,72.0,51.0,1.0,88.0,34.0,2.0,119.0,4.0,1.0,118.0,5.0,0.0,1.0,23.0,74.0,27.0,0.0,Acima da média
276,26105314,2017,1,2,2605,26016,26,2606804,260680405,2,1,1.0,1.0,1.0,0.0,0.0,0.0,0.0,0.0,0.0,0.0,0.0,0.0,0.0,1.0,1.0,0.0,0.0,0.0,0.0,1.0,0.0,0.0,0.0,1.0,0.0,0.0,1.0,0.0,0.0,0.0,0.0,0.0,1.0,1.0,1.0,1.0,0.0,0.0,0.0,0.0,1.0,1.0,0.0,1.0,0.0,0.0,0.0,1.0,0.0,0.0,0.0,0.0,0.0,0.0,0.0,0.0,0.0,0.0,0.0,0.0,0.0,0.0,0.0,0.0,20.0,23.0,1.0,0.0,1.0,0.0,1.0,1.0,1.0,0.0,1.0,1.0,0.0,1.0,1.0,2.0,0.0,1.0,0.0,3.0,1.0,3.0,0.0,2.0,2.0,0.0,1.0,28.0,5.0,23.0,1.0,1.0,41.0,1.0,0.0,0.0,0.0,0.0,0.0,1.0,0.0,0.0,0.0,0.0,1.0,0.0,0.0,0.0,1.0,1.0,0.0,0.0,0.0,0.0,0.0,1.0,0.0,0.0,0.0,0.0,0.0,0.0,0.0,0.0,0.0,0.0,1.0,0.0,0.0,0.0,0.0,0.0,0.0,26.0,15.0,73.0,9.0,6.0,6.0,0.0,14.0,61.0,44.0,13.0,3.0,0.0,0.0,3.0,132.0,1.0,134.0,59.0,76.0,91.0,42.0,2.0,78.0,53.0,4.0,0.0,100.0,35.0,0.0,7.0,68.0,57.0,3.0,0.0,12.0,23.0,47.0,32.0,21.0,122.0,13.0,0.0,0.0,0.0,123.0,5.0,7.0,2.0,17.0,26.0,26.0,48.0,5.0,11.0,127.0,8.0,109.0,26.0,89.0,40.0,6.0,3.0,25.0,18.0,16.0,42.0,3.0,28.0,118.0,17.0,88.0,47.0,61.0,57.0,17.0,133.0,2.0,129.0,6.0,121.0,14.0,130.0,5.0,97.0,38.0,42.0,81.0,12.0,94.0,39.0,2.0,22.0,40.0,30.0,35.0,8.0,51.0,53.0,10.0,12.0,9.0,11.0,124.0,45.0,80.0,9.0,1.0,120.0,1.0,14.0,89.0,42.0,4.0,132.0,2.0,1.0,17.0,118.0,110.0,25.0,66.0,64.0,3.0,2.0,123.0,9.0,3.0,88.0,44.0,3.0,122.0,10.0,3.0,118.0,14.0,1.0,2.0,72.0,63.0,62.0,62.0,11.0,0.0,125.0,9.0,1.0,116.0,19.0,0.0,86.0,49.0,0.0,115.0,20.0,0.0,116.0,17.0,1.0,1.0,21.0,79.0,35.0,0.0,Abaixo da média
277,26105519,2017,1,2,2605,26016,26,2606804,260680405,2,1,1.0,1.0,1.0,0.0,0.0,0.0,0.0,0.0,0.0,0.0,1.0,0.0,0.0,1.0,1.0,0.0,0.0,0.0,0.0,1.0,0.0,0.0,0.0,0.0,1.0,0.0,1.0,0.0,0.0,0.0,0.0,0.0,1.0,1.0,1.0,1.0,1.0,0.0,0.0,0.0,1.0,1.0,0.0,1.0,0.0,0.0,0.0,1.0,0.0,1.0,0.0,1.0,1.0,1.0,0.0,1.0,1.0,0.0,0.0,0.0,0.0,0.0,0.0,0.0,19.0,17.0,1.0,0.0,1.0,0.0,1.0,1.0,1.0,0.0,1.0,1.0,0.0,1.0,1.0,3.0,0.0,1.0,0.0,1.0,1.0,1.0,0.0,6.0,1.0,0.0,1.0,15.0,2.0,13.0,1.0,1.0,72.0,1.0,0.0,1.0,0.0,0.0,0.0,1.0,0.0,0.0,1.0,0.0,1.0,0.0,0.0,0.0,1.0,1.0,0.0,0.0,0.0,0.0,1.0,1.0,0.0,0.0,0.0,0.0,0.0,0.0,0.0,0.0,0.0,1.0,1.0,0.0,0.0,0.0,0.0,0.0,0.0,45.0,35.0,196.0,12.0,7.0,12.0,0.0,27.0,120.0,90.0,55.0,8.0,1.0,6.0,6.0,301.0,2.0,305.0,131.0,176.0,210.0,91.0,6.0,159.0,127.0,21.0,1.0,212.0,94.0,2.0,12.0,167.0,115.0,11.0,0.0,37.0,61.0,116.0,56.0,37.0,285.0,15.0,7.0,0.0,0.0,251.0,43.0,13.0,9.0,43.0,52.0,49.0,119.0,18.0,17.0,286.0,21.0,250.0,57.0,166.0,120.0,21.0,12.0,46.0,43.0,35.0,100.0,13.0,58.0,269.0,38.0,201.0,106.0,102.0,131.0,74.0,304.0,3.0,285.0,22.0,271.0,36.0,303.0,4.0,222.0,85.0,116.0,163.0,28.0,229.0,71.0,7.0,62.0,83.0,49.0,102.0,11.0,98.0,124.0,27.0,24.0,34.0,51.0,256.0,90.0,201.0,15.0,1.0,256.0,9.0,42.0,183.0,91.0,33.0,286.0,15.0,6.0,44.0,263.0,280.0,27.0,215.0,81.0,5.0,6.0,238.0,62.0,7.0,184.0,114.0,9.0,281.0,20.0,6.0,276.0,22.0,1.0,8.0,187.0,120.0,175.0,109.0,17.0,6.0,283.0,19.0,5.0,198.0,105.0,4.0,172.0,132.0,3.0,269.0,33.0,5.0,263.0,32.0,6.0,6.0,74.0,148.0,84.0,1.0,Abaixo da média
280,26017598,2017,1,2,2601,26003,26,2606903,260690315,2,2,1.0,1.0,1.0,0.0,0.0,0.0,0.0,0.0,0.0,0.0,0.0,0.0,0.0,1.0,1.0,0.0,0.0,0.0,0.0,1.0,0.0,0.0,0.0,0.0,1.0,0.0,1.0,0.0,0.0,0.0,0.0,0.0,1.0,1.0,1.0,0.0,1.0,1.0,0.0,1.0,1.0,1.0,0.0,1.0,0.0,0.0,0.0,1.0,0.0,0.0,0.0,1.0,1.0,0.0,0.0,0.0,0.0,0.0,0.0,0.0,0.0,0.0,0.0,0.0,7.0,7.0,0.0,0.0,1.0,0.0,1.0,1.0,0.0,1.0,1.0,1.0,0.0,1.0,1.0,0.0,0.0,1.0,0.0,1.0,2.0,0.0,3.0,2.0,9.0,0.0,1.0,16.0,6.0,10.0,1.0,1.0,19.0,1.0,1.0,0.0,0.0,0.0,0.0,1.0,0.0,0.0,0.0,1.0,1.0,0.0,0.0,0.0,1.0,0.0,0.0,0.0,0.0,0.0,0.0,1.0,0.0,0.0,0.0,0.0,0.0,0.0,0.0,0.0,0.0,0.0,0.0,0.0,0.0,0.0,0.0,0.0,0.0,8.0,4.0,16.0,4.0,1.0,3.0,0.0,2.0,19.0,9.0,3.0,0.0,1.0,2.0,1.0,35.0,1.0,35.0,22.0,14.0,26.0,9.0,1.0,28.0,7.0,1.0,0.0,31.0,5.0,0.0,1.0,9.0,22.0,4.0,0.0,2.0,6.0,9.0,15.0,4.0,32.0,4.0,0.0,0.0,0.0,30.0,5.0,1.0,1.0,6.0,8.0,5.0,11.0,1.0,4.0,32.0,4.0,29.0,7.0,26.0,7.0,3.0,4.0,13.0,1.0,3.0,2.0,1.0,12.0,25.0,11.0,18.0,18.0,18.0,13.0,5.0,36.0,0.0,36.0,0.0,36.0,0.0,36.0,0.0,31.0,5.0,14.0,20.0,2.0,22.0,13.0,1.0,15.0,8.0,6.0,6.0,1.0,10.0,11.0,5.0,4.0,6.0,8.0,28.0,7.0,23.0,6.0,0.0,35.0,0.0,1.0,23.0,12.0,1.0,35.0,0.0,1.0,10.0,26.0,36.0,0.0,22.0,13.0,0.0,1.0,35.0,0.0,1.0,15.0,20.0,1.0,26.0,9.0,1.0,32.0,3.0,0.0,1.0,29.0,7.0,26.0,10.0,0.0,0.0,36.0,0.0,0.0,35.0,1.0,0.0,26.0,10.0,0.0,20.0,16.0,0.0,36.0,0.0,0.0,0.0,10.0,23.0,3.0,0.0,Abaixo da média
281,26017750,2017,1,2,2601,26003,26,2606903,260690305,2,1,1.0,1.0,1.0,0.0,0.0,0.0,0.0,0.0,0.0,0.0,0.0,0.0,0.0,0.0,1.0,0.0,0.0,0.0,0.0,1.0,0.0,0.0,0.0,1.0,0.0,0.0,1.0,0.0,0.0,0.0,0.0,0.0,1.0,1.0,0.0,0.0,1.0,1.0,0.0,1.0,1.0,1.0,0.0,1.0,0.0,0.0,0.0,1.0,0.0,0.0,0.0,1.0,1.0,0.0,0.0,0.0,0.0,1.0,0.0,0.0,0.0,0.0,0.0,0.0,6.0,6.0,1.0,0.0,1.0,1.0,0.0,0.0,1.0,1.0,1.0,1.0,0.0,1.0,1.0,4.0,0.0,4.0,2.0,0.0,0.0,5.0,3.0,3.0,8.0,0.0,4.0,8.0,2.0,5.0,1.0,0.0,29.0,1.0,1.0,0.0,0.0,0.0,0.0,1.0,0.0,0.0,0.0,0.0,1.0,0.0,0.0,0.0,1.0,1.0,0.0,0.0,0.0,0.0,0.0,1.0,0.0,0.0,0.0,0.0,0.0,0.0,0.0,0.0,0.0,0.0,1.0,0.0,0.0,0.0,0.0,0.0,0.0,14.0,8.0,40.0,8.0,0.0,2.0,0.0,11.0,29.0,25.0,3.0,1.0,1.0,2.0,1.0,71.0,0.0,72.0,51.0,21.0,51.0,20.0,1.0,54.0,15.0,3.0,1.0,68.0,3.0,1.0,3.0,28.0,36.0,4.0,0.0,3.0,18.0,24.0,17.0,10.0,71.0,1.0,0.0,0.0,0.0,62.0,5.0,5.0,4.0,21.0,19.0,2.0,14.0,5.0,7.0,61.0,11.0,53.0,19.0,48.0,21.0,3.0,8.0,26.0,9.0,4.0,8.0,4.0,13.0,52.0,20.0,34.0,38.0,63.0,8.0,1.0,71.0,1.0,67.0,5.0,63.0,9.0,70.0,2.0,60.0,12.0,23.0,37.0,12.0,49.0,17.0,6.0,28.0,20.0,7.0,8.0,9.0,26.0,16.0,8.0,7.0,15.0,5.0,67.0,15.0,50.0,5.0,2.0,69.0,0.0,3.0,60.0,10.0,2.0,71.0,1.0,0.0,6.0,66.0,67.0,5.0,53.0,17.0,1.0,1.0,63.0,8.0,1.0,36.0,35.0,1.0,57.0,14.0,1.0,69.0,2.0,1.0,0.0,45.0,27.0,42.0,26.0,2.0,2.0,70.0,1.0,1.0,59.0,12.0,1.0,49.0,22.0,1.0,46.0,25.0,1.0,70.0,1.0,0.0,1.0,10.0,45.0,17.0,0.0,Acima da média
282,26027917,2017,1,2,2601,26004,26,2607000,260700005,2,1,1.0,1.0,1.0,0.0,0.0,0.0,0.0,0.0,0.0,0.0,0.0,0.0,0.0,1.0,0.0,1.0,0.0,0.0,0.0,1.0,0.0,0.0,0.0,1.0,0.0,0.0,1.0,0.0,0.0,0.0,0.0,0.0,1.0,1.0,1.0,1.0,0.0,1.0,0.0,1.0,1.0,0.0,0.0,0.0,0.0,0.0,0.0,1.0,0.0,1.0,0.0,1.0,0.0,0.0,0.0,0.0,0.0,0.0,0.0,0.0,0.0,0.0,0.0,0.0,17.0,23.0,1.0,0.0,1.0,1.0,1.0,1.0,1.0,1.0,1.0,1.0,0.0,1.0,1.0,6.0,0.0,4.0,1.0,2.0,2.0,8.0,1.0,4.0,17.0,0.0,1.0,16.0,5.0,11.0,1.0,1.0,45.0,1.0,0.0,1.0,0.0,0.0,0.0,1.0,0.0,0.0,0.0,0.0,1.0,0.0,0.0,0.0,1.0,0.0,0.0,0.0,0.0,0.0,0.0,1.0,0.0,0.0,0.0,0.0,0.0,0.0,0.0,0.0,0.0,0.0,0.0,0.0,0.0,0.0,0.0,0.0,0.0,8.0,5.0,42.0,1.0,5.0,7.0,0.0,4.0,25.0,21.0,11.0,3.0,3.0,1.0,2.0,66.0,2.0,66.0,30.0,38.0,50.0,16.0,2.0,53.0,12.0,3.0,4.0,50.0,14.0,0.0,6.0,21.0,30.0,11.0,0.0,9.0,8.0,20.0,11.0,20.0,62.0,3.0,2.0,1.0,0.0,61.0,7.0,0.0,7.0,25.0,8.0,3.0,6.0,11.0,8.0,51.0,17.0,46.0,22.0,46.0,21.0,1.0,7.0,17.0,7.0,5.0,4.0,5.0,23.0,46.0,22.0,36.0,32.0,34.0,25.0,9.0,67.0,1.0,61.0,7.0,62.0,6.0,67.0,1.0,55.0,13.0,17.0,44.0,7.0,39.0,22.0,7.0,20.0,15.0,11.0,15.0,7.0,16.0,22.0,4.0,13.0,13.0,10.0,58.0,15.0,40.0,11.0,2.0,68.0,0.0,0.0,37.0,27.0,4.0,62.0,5.0,1.0,25.0,43.0,56.0,12.0,41.0,24.0,2.0,1.0,57.0,6.0,5.0,39.0,25.0,4.0,46.0,19.0,3.0,60.0,5.0,3.0,0.0,50.0,18.0,43.0,19.0,6.0,0.0,59.0,6.0,3.0,51.0,14.0,3.0,44.0,19.0,5.0,45.0,20.0,3.0,61.0,6.0,1.0,0.0,33.0,32.0,3.0,0.0,Abaixo da média
284,26018020,2017,1,2,2601,26003,26,2607109,260710905,2,1,1.0,1.0,1.0,0.0,0.0,0.0,0.0,0.0,0.0,0.0,0.0,0.0,0.0,0.0,1.0,0.0,0.0,0.0,0.0,1.0,0.0,0.0,0.0,0.0,1.0,0.0,1.0,0.0,0.0,0.0,0.0,0.0,1.0,1.0,1.0,0.0,1.0,0.0,0.0,0.0,1.0,1.0,0.0,1.0,0.0,0.0,0.0,1.0,0.0,1.0,1.0,1.0,1.0,0.0,0.0,1.0,0.0,1.0,0.0,0.0,0.0,1.0,0.0,0.0,5.0,5.0,1.0,0.0,1.0,0.0,1.0,1.0,1.0,1.0,1.0,1.0,0.0,1.0,1.0,2.0,0.0,2.0,0.0,1.0,1.0,2.0,2.0,3.0,3.0,0.0,2.0,10.0,3.0,10.0,1.0,1.0,20.0,1.0,0.0,0.0,0.0,0.0,0.0,1.0,0.0,0.0,0.0,0.0,1.0,0.0,0.0,0.0,1.0,0.0,0.0,0.0,0.0,0.0,0.0,1.0,0.0,0.0,0.0,0.0,0.0,0.0,0.0,0.0,0.0,0.0,0.0,0.0,0.0,0.0,0.0,0.0,0.0,3.0,0.0,12.0,3.0,0.0,1.0,0.0,0.0,3.0,13.0,3.0,0.0,0.0,0.0,2.0,17.0,0.0,19.0,11.0,8.0,15.0,4.0,0.0,14.0,4.0,1.0,0.0,17.0,2.0,0.0,3.0,2.0,9.0,5.0,0.0,1.0,3.0,5.0,9.0,1.0,18.0,1.0,0.0,0.0,0.0,17.0,1.0,1.0,0.0,8.0,2.0,2.0,5.0,0.0,2.0,17.0,2.0,15.0,4.0,12.0,5.0,2.0,3.0,8.0,1.0,2.0,2.0,0.0,3.0,8.0,11.0,7.0,12.0,15.0,3.0,1.0,18.0,1.0,18.0,1.0,17.0,2.0,19.0,0.0,16.0,3.0,6.0,10.0,3.0,13.0,4.0,2.0,7.0,5.0,2.0,5.0,0.0,3.0,5.0,4.0,2.0,5.0,4.0,15.0,8.0,6.0,4.0,1.0,19.0,0.0,0.0,3.0,16.0,0.0,16.0,2.0,1.0,8.0,11.0,16.0,3.0,13.0,5.0,0.0,1.0,19.0,0.0,0.0,8.0,11.0,0.0,18.0,1.0,0.0,19.0,0.0,0.0,0.0,16.0,3.0,13.0,6.0,0.0,0.0,19.0,0.0,0.0,19.0,0.0,0.0,11.0,8.0,0.0,16.0,3.0,0.0,17.0,2.0,0.0,0.0,2.0,14.0,3.0,0.0,Abaixo da média
285,26130947,2017,1,2,2605,26018,26,2607208,260720805,2,1,1.0,1.0,1.0,0.0,0.0,0.0,0.0,0.0,0.0,0.0,0.0,0.0,0.0,1.0,1.0,1.0,0.0,0.0,0.0,1.0,0.0,0.0,0.0,0.0,1.0,0.0,1.0,0.0,0.0,0.0,0.0,0.0,1.0,1.0,1.0,0.0,0.0,1.0,0.0,1.0,1.0,1.0,0.0,1.0,0.0,0.0,0.0,1.0,0.0,1.0,0.0,0.0,0.0,0.0,0.0,0.0,0.0,0.0,0.0,0.0,0.0,0.0,0.0,0.0,12.0,12.0,1.0,0.0,1.0,0.0,0.0,0.0,1.0,0.0,1.0,1.0,1.0,1.0,1.0,1.0,0.0,1.0,0.0,0.0,0.0,2.0,0.0,2.0,10.0,1.0,1.0,12.0,2.0,10.0,1.0,0.0,50.0,1.0,0.0,0.0,0.0,0.0,0.0,1.0,0.0,0.0,0.0,0.0,1.0,0.0,0.0,1.0,1.0,1.0,0.0,0.0,0.0,0.0,0.0,1.0,0.0,0.0,0.0,0.0,1.0,0.0,0.0,0.0,0.0,0.0,1.0,0.0,0.0,0.0,0.0,0.0,0.0,25.0,32.0,94.0,14.0,3.0,12.0,0.0,5.0,59.0,72.0,31.0,8.0,3.0,2.0,10.0,170.0,5.0,175.0,107.0,73.0,139.0,33.0,8.0,128.0,49.0,3.0,3.0,152.0,25.0,1.0,12.0,86.0,70.0,11.0,1.0,24.0,36.0,42.0,39.0,38.0,154.0,21.0,4.0,1.0,0.0,146.0,30.0,4.0,7.0,48.0,30.0,21.0,46.0,5.0,23.0,145.0,35.0,131.0,49.0,100.0,73.0,7.0,10.0,51.0,26.0,25.0,27.0,3.0,38.0,142.0,38.0,107.0,73.0,81.0,72.0,27.0,177.0,3.0,169.0,11.0,162.0,18.0,170.0,10.0,134.0,46.0,57.0,103.0,20.0,112.0,57.0,11.0,58.0,43.0,20.0,46.0,13.0,56.0,62.0,14.0,23.0,25.0,23.0,157.0,67.0,78.0,33.0,2.0,165.0,5.0,10.0,111.0,62.0,7.0,172.0,5.0,3.0,54.0,126.0,164.0,16.0,123.0,51.0,5.0,1.0,147.0,29.0,4.0,108.0,68.0,4.0,152.0,26.0,2.0,151.0,24.0,3.0,2.0,97.0,83.0,90.0,73.0,12.0,5.0,164.0,11.0,5.0,124.0,50.0,6.0,105.0,69.0,6.0,124.0,51.0,5.0,133.0,36.0,7.0,4.0,31.0,102.0,45.0,2.0,Abaixo da média
286,26131528,2017,1,2,2605,26018,26,2607208,260720810,2,2,1.0,1.0,1.0,0.0,0.0,0.0,0.0,0.0,0.0,0.0,0.0,0.0,0.0,1.0,1.0,0.0,0.0,0.0,0.0,1.0,0.0,0.0,0.0,0.0,1.0,0.0,1.0,0.0,0.0,0.0,0.0,0.0,1.0,0.0,1.0,0.0,0.0,0.0,0.0,0.0,1.0,0.0,0.0,0.0,0.0,0.0,0.0,1.0,0.0,0.0,0.0,0.0,0.0,0.0,0.0,0.0,0.0,0.0,0.0,0.0,0.0,0.0,0.0,0.0,11.0,10.0,1.0,0.0,1.0,1.0,1.0,1.0,1.0,0.0,0.0,1.0,0.0,1.0,1.0,2.0,0.0,2.0,1.0,1.0,1.0,2.0,0.0,0.0,4.0,0.0,1.0,11.0,1.0,10.0,1.0,0.0,37.0,1.0,0.0,0.0,0.0,0.0,0.0,1.0,0.0,0.0,0.0,0.0,1.0,0.0,0.0,0.0,1.0,1.0,0.0,0.0,0.0,0.0,0.0,1.0,0.0,0.0,0.0,0.0,0.0,0.0,0.0,0.0,0.0,0.0,1.0,0.0,0.0,0.0,0.0,0.0,0.0,22.0,13.0,49.0,3.0,3.0,4.0,6.0,12.0,42.0,24.0,7.0,1.0,2.0,0.0,6.0,88.0,3.0,91.0,45.0,49.0,64.0,27.0,3.0,52.0,38.0,4.0,1.0,61.0,32.0,0.0,4.0,44.0,37.0,9.0,0.0,7.0,16.0,37.0,18.0,16.0,86.0,8.0,0.0,0.0,0.0,78.0,13.0,3.0,1.0,5.0,15.0,12.0,42.0,9.0,10.0,88.0,6.0,84.0,10.0,54.0,36.0,4.0,3.0,14.0,6.0,11.0,33.0,4.0,23.0,78.0,16.0,64.0,30.0,52.0,37.0,5.0,92.0,2.0,92.0,2.0,90.0,4.0,92.0,2.0,76.0,18.0,31.0,54.0,9.0,70.0,23.0,1.0,25.0,19.0,13.0,30.0,7.0,29.0,33.0,8.0,12.0,12.0,11.0,83.0,40.0,46.0,7.0,1.0,84.0,2.0,8.0,62.0,23.0,9.0,92.0,2.0,0.0,18.0,76.0,85.0,9.0,55.0,35.0,2.0,2.0,78.0,15.0,1.0,60.0,31.0,3.0,87.0,6.0,1.0,70.0,21.0,2.0,1.0,62.0,32.0,44.0,42.0,3.0,5.0,86.0,5.0,3.0,60.0,29.0,5.0,63.0,28.0,3.0,69.0,23.0,2.0,66.0,20.0,5.0,3.0,9.0,49.0,32.0,4.0,Abaixo da média
287,26131668,2017,1,2,2605,26018,26,2607208,260720815,2,1,1.0,1.0,1.0,0.0,0.0,0.0,0.0,0.0,0.0,0.0,0.0,0.0,0.0,1.0,1.0,0.0,0.0,0.0,0.0,1.0,0.0,0.0,0.0,0.0,1.0,0.0,1.0,0.0,0.0,0.0,0.0,0.0,1.0,1.0,1.0,0.0,0.0,0.0,0.0,0.0,1.0,1.0,0.0,1.0,0.0,0.0,0.0,1.0,0.0,1.0,0.0,0.0,0.0,0.0,0.0,0.0,0.0,0.0,0.0,0.0,0.0,0.0,0.0,0.0,10.0,8.0,0.0,0.0,0.0,0.0,0.0,0.0,0.0,0.0,0.0,0.0,0.0,0.0,1.0,0.0,0.0,0.0,0.0,0.0,0.0,0.0,0.0,0.0,0.0,0.0,0.0,13.0,3.0,10.0,1.0,1.0,39.0,1.0,0.0,0.0,0.0,0.0,0.0,1.0,0.0,0.0,0.0,0.0,1.0,0.0,0.0,0.0,1.0,1.0,0.0,0.0,0.0,0.0,0.0,1.0,0.0,0.0,0.0,0.0,0.0,0.0,0.0,0.0,0.0,0.0,1.0,0.0,0.0,0.0,0.0,0.0,0.0,21.0,29.0,82.0,18.0,4.0,29.0,0.0,11.0,58.0,71.0,39.0,3.0,1.0,0.0,6.0,177.0,3.0,180.0,98.0,85.0,132.0,46.0,5.0,112.0,61.0,10.0,1.0,137.0,45.0,3.0,13.0,98.0,63.0,6.0,2.0,25.0,42.0,57.0,34.0,23.0,168.0,9.0,4.0,2.0,0.0,148.0,29.0,6.0,5.0,39.0,26.0,29.0,60.0,8.0,16.0,160.0,23.0,133.0,50.0,90.0,83.0,10.0,7.0,33.0,30.0,15.0,49.0,6.0,43.0,158.0,25.0,106.0,77.0,71.0,87.0,25.0,181.0,2.0,169.0,14.0,163.0,20.0,179.0,4.0,137.0,46.0,59.0,104.0,20.0,131.0,48.0,4.0,36.0,50.0,36.0,55.0,6.0,55.0,69.0,15.0,21.0,23.0,37.0,146.0,59.0,103.0,19.0,2.0,147.0,5.0,31.0,108.0,59.0,16.0,171.0,9.0,3.0,48.0,135.0,170.0,13.0,102.0,71.0,0.0,10.0,144.0,22.0,17.0,111.0,56.0,16.0,158.0,11.0,14.0,142.0,27.0,2.0,12.0,92.0,91.0,59.0,96.0,14.0,14.0,159.0,9.0,15.0,122.0,44.0,17.0,105.0,62.0,16.0,148.0,22.0,13.0,135.0,31.0,4.0,13.0,10.0,55.0,103.0,15.0,Abaixo da média
288,26131684,2017,1,2,2605,26018,26,2607208,260720815,2,1,1.0,1.0,1.0,0.0,0.0,0.0,0.0,0.0,0.0,0.0,0.0,0.0,0.0,1.0,1.0,0.0,0.0,0.0,0.0,1.0,0.0,0.0,0.0,0.0,1.0,0.0,1.0,0.0,0.0,0.0,0.0,0.0,1.0,1.0,1.0,1.0,0.0,0.0,1.0,1.0,1.0,1.0,0.0,1.0,0.0,0.0,0.0,1.0,0.0,1.0,1.0,1.0,1.0,0.0,1.0,0.0,1.0,1.0,0.0,0.0,0.0,0.0,0.0,0.0,10.0,10.0,1.0,0.0,1.0,0.0,1.0,0.0,1.0,0.0,1.0,1.0,0.0,1.0,1.0,4.0,0.0,2.0,0.0,1.0,0.0,4.0,0.0,1.0,12.0,0.0,2.0,24.0,4.0,20.0,1.0,0.0,20.0,1.0,0.0,0.0,0.0,0.0,0.0,1.0,0.0,0.0,0.0,0.0,1.0,0.0,0.0,0.0,1.0,1.0,0.0,0.0,0.0,0.0,0.0,1.0,0.0,0.0,0.0,0.0,0.0,0.0,0.0,0.0,0.0,0.0,1.0,0.0,0.0,0.0,0.0,0.0,0.0,22.0,33.0,76.0,7.0,3.0,12.0,0.0,19.0,73.0,53.0,7.0,1.0,0.0,0.0,9.0,144.0,2.0,151.0,61.0,92.0,97.0,53.0,3.0,68.0,73.0,12.0,0.0,101.0,52.0,2.0,6.0,75.0,60.0,10.0,0.0,7.0,35.0,68.0,29.0,14.0,145.0,4.0,4.0,0.0,0.0,139.0,11.0,3.0,0.0,17.0,18.0,24.0,60.0,16.0,18.0,147.0,6.0,137.0,16.0,98.0,50.0,5.0,1.0,20.0,25.0,23.0,52.0,6.0,26.0,135.0,18.0,103.0,50.0,118.0,29.0,6.0,150.0,3.0,139.0,14.0,141.0,12.0,149.0,4.0,114.0,39.0,47.0,84.0,22.0,117.0,33.0,3.0,22.0,34.0,29.0,63.0,5.0,53.0,57.0,12.0,10.0,21.0,16.0,137.0,60.0,81.0,11.0,1.0,127.0,5.0,21.0,128.0,23.0,2.0,144.0,9.0,0.0,16.0,137.0,112.0,41.0,80.0,64.0,4.0,5.0,122.0,23.0,8.0,71.0,72.0,10.0,143.0,3.0,7.0,130.0,16.0,0.0,7.0,99.0,54.0,86.0,53.0,7.0,7.0,137.0,7.0,9.0,110.0,36.0,7.0,104.0,40.0,9.0,118.0,27.0,8.0,136.0,7.0,2.0,8.0,16.0,66.0,69.0,2.0,Abaixo da média
290,26178028,2017,1,2,2605,26018,26,2607208,260720805,2,1,1.0,1.0,3.0,0.0,0.0,0.0,0.0,0.0,0.0,0.0,0.0,0.0,0.0,1.0,1.0,0.0,0.0,0.0,0.0,1.0,0.0,0.0,0.0,1.0,1.0,0.0,1.0,0.0,0.0,0.0,0.0,0.0,0.0,0.0,0.0,0.0,0.0,0.0,0.0,0.0,0.0,0.0,0.0,0.0,0.0,0.0,0.0,0.0,0.0,0.0,0.0,0.0,0.0,0.0,0.0,0.0,0.0,0.0,0.0,0.0,0.0,0.0,0.0,1.0,14.0,13.0,1.0,0.0,0.0,0.0,0.0,0.0,0.0,0.0,0.0,1.0,0.0,1.0,1.0,1.0,0.0,0.0,0.0,0.0,0.0,0.0,0.0,0.0,2.0,0.0,1.0,12.0,2.0,10.0,1.0,1.0,25.0,1.0,0.0,0.0,0.0,0.0,0.0,1.0,0.0,0.0,0.0,0.0,1.0,0.0,0.0,0.0,1.0,0.0,0.0,0.0,0.0,0.0,0.0,1.0,0.0,0.0,0.0,0.0,0.0,0.0,0.0,0.0,0.0,0.0,0.0,0.0,0.0,0.0,0.0,0.0,0.0,18.0,13.0,64.0,8.0,0.0,15.0,1.0,18.0,62.0,30.0,7.0,0.0,0.0,0.0,0.0,118.0,0.0,118.0,50.0,68.0,71.0,44.0,3.0,55.0,54.0,9.0,0.0,77.0,41.0,0.0,2.0,60.0,49.0,7.0,0.0,7.0,21.0,56.0,24.0,10.0,114.0,3.0,1.0,0.0,0.0,105.0,8.0,5.0,0.0,9.0,9.0,15.0,67.0,16.0,2.0,117.0,1.0,103.0,15.0,64.0,44.0,10.0,0.0,15.0,12.0,14.0,51.0,8.0,18.0,107.0,11.0,83.0,35.0,69.0,38.0,11.0,114.0,4.0,111.0,7.0,106.0,12.0,116.0,2.0,90.0,28.0,34.0,67.0,17.0,94.0,23.0,1.0,20.0,43.0,21.0,30.0,4.0,46.0,32.0,6.0,8.0,26.0,5.0,113.0,68.0,44.0,4.0,2.0,103.0,3.0,12.0,90.0,27.0,1.0,116.0,2.0,0.0,11.0,107.0,100.0,18.0,73.0,31.0,2.0,12.0,83.0,24.0,11.0,61.0,46.0,11.0,106.0,5.0,7.0,94.0,10.0,2.0,12.0,66.0,52.0,54.0,48.0,11.0,5.0,104.0,6.0,8.0,62.0,50.0,6.0,76.0,36.0,6.0,93.0,19.0,6.0,105.0,7.0,0.0,6.0,24.0,71.0,23.0,0.0,Acima da média
291,26004518,2017,1,2,2601,26001,26,2607307,260730705,2,1,1.0,1.0,1.0,0.0,0.0,0.0,0.0,0.0,0.0,0.0,0.0,0.0,0.0,1.0,1.0,0.0,0.0,0.0,0.0,1.0,0.0,0.0,0.0,1.0,1.0,0.0,1.0,0.0,0.0,0.0,0.0,0.0,1.0,1.0,1.0,1.0,0.0,1.0,0.0,1.0,1.0,1.0,0.0,1.0,0.0,0.0,0.0,1.0,0.0,1.0,1.0,1.0,1.0,1.0,1.0,1.0,1.0,1.0,0.0,0.0,0.0,1.0,0.0,0.0,18.0,15.0,1.0,0.0,1.0,1.0,1.0,1.0,1.0,1.0,1.0,1.0,0.0,1.0,1.0,2.0,0.0,2.0,1.0,2.0,18.0,4.0,2.0,1.0,2.0,0.0,1.0,12.0,2.0,10.0,1.0,1.0,26.0,1.0,0.0,0.0,0.0,0.0,0.0,1.0,0.0,0.0,0.0,0.0,1.0,0.0,0.0,0.0,1.0,0.0,0.0,0.0,0.0,0.0,0.0,1.0,0.0,0.0,0.0,0.0,0.0,0.0,0.0,0.0,0.0,0.0,0.0,0.0,0.0,0.0,0.0,0.0,0.0,13.0,3.0,52.0,2.0,0.0,1.0,0.0,2.0,53.0,15.0,1.0,0.0,0.0,0.0,0.0,71.0,1.0,70.0,50.0,21.0,52.0,19.0,0.0,40.0,28.0,3.0,0.0,52.0,19.0,0.0,2.0,27.0,40.0,2.0,0.0,7.0,10.0,34.0,13.0,7.0,66.0,5.0,0.0,0.0,0.0,61.0,6.0,4.0,0.0,19.0,7.0,6.0,21.0,14.0,4.0,61.0,10.0,52.0,19.0,43.0,26.0,2.0,4.0,22.0,12.0,11.0,8.0,3.0,11.0,56.0,15.0,34.0,37.0,48.0,21.0,2.0,70.0,1.0,64.0,7.0,57.0,14.0,71.0,0.0,51.0,20.0,14.0,49.0,8.0,46.0,24.0,1.0,14.0,27.0,19.0,10.0,1.0,24.0,24.0,5.0,6.0,12.0,2.0,69.0,33.0,30.0,8.0,0.0,69.0,0.0,2.0,61.0,10.0,0.0,71.0,0.0,0.0,10.0,61.0,65.0,6.0,49.0,20.0,1.0,1.0,67.0,4.0,0.0,46.0,23.0,2.0,66.0,4.0,1.0,69.0,1.0,0.0,1.0,50.0,21.0,60.0,10.0,1.0,0.0,70.0,1.0,0.0,64.0,7.0,0.0,53.0,17.0,1.0,53.0,18.0,0.0,71.0,0.0,0.0,0.0,14.0,49.0,8.0,0.0,Acima da média
292,26004593,2017,1,2,2601,26001,26,2607307,260730705,2,1,1.0,1.0,1.0,0.0,0.0,0.0,0.0,0.0,0.0,0.0,1.0,0.0,0.0,1.0,1.0,0.0,0.0,0.0,0.0,1.0,0.0,0.0,0.0,0.0,1.0,0.0,1.0,0.0,0.0,0.0,0.0,0.0,1.0,1.0,1.0,0.0,1.0,1.0,0.0,1.0,1.0,1.0,0.0,1.0,0.0,0.0,0.0,1.0,0.0,1.0,1.0,1.0,1.0,0.0,1.0,1.0,1.0,1.0,0.0,0.0,0.0,1.0,0.0,0.0,14.0,1.0,1.0,0.0,1.0,0.0,0.0,1.0,1.0,1.0,1.0,1.0,0.0,1.0,1.0,5.0,0.0,2.0,0.0,0.0,2.0,10.0,4.0,1.0,6.0,0.0,1.0,21.0,5.0,16.0,1.0,1.0,49.0,1.0,1.0,1.0,0.0,0.0,0.0,1.0,0.0,0.0,0.0,0.0,1.0,0.0,0.0,1.0,1.0,1.0,1.0,0.0,0.0,0.0,1.0,1.0,0.0,1.0,0.0,0.0,1.0,0.0,0.0,0.0,0.0,0.0,1.0,0.0,0.0,0.0,0.0,0.0,0.0,15.0,7.0,81.0,4.0,2.0,16.0,1.0,2.0,41.0,39.0,24.0,9.0,5.0,4.0,8.0,117.0,6.0,119.0,66.0,59.0,94.0,28.0,3.0,95.0,25.0,5.0,5.0,104.0,16.0,1.0,8.0,53.0,45.0,18.0,1.0,9.0,23.0,34.0,22.0,36.0,115.0,6.0,3.0,0.0,1.0,104.0,18.0,3.0,11.0,38.0,19.0,19.0,18.0,8.0,12.0,104.0,21.0,93.0,32.0,83.0,40.0,2.0,23.0,41.0,17.0,8.0,7.0,2.0,27.0,80.0,45.0,59.0,66.0,59.0,53.0,13.0,123.0,2.0,113.0,12.0,105.0,20.0,123.0,2.0,95.0,30.0,40.0,71.0,14.0,80.0,36.0,9.0,34.0,30.0,14.0,31.0,16.0,30.0,27.0,8.0,22.0,38.0,33.0,92.0,36.0,50.0,34.0,5.0,119.0,1.0,5.0,71.0,41.0,13.0,112.0,12.0,1.0,50.0,75.0,102.0,23.0,68.0,49.0,3.0,5.0,100.0,19.0,6.0,59.0,56.0,10.0,80.0,35.0,10.0,93.0,25.0,0.0,7.0,83.0,42.0,63.0,48.0,9.0,5.0,114.0,7.0,4.0,83.0,36.0,6.0,69.0,49.0,7.0,68.0,45.0,12.0,102.0,15.0,3.0,5.0,27.0,58.0,39.0,1.0,Abaixo da média
293,26185059,2017,1,2,2601,26001,26,2607307,260730715,2,1,2.0,1.0,1.0,0.0,0.0,0.0,0.0,0.0,0.0,0.0,0.0,0.0,0.0,1.0,0.0,0.0,1.0,0.0,0.0,1.0,0.0,0.0,0.0,0.0,1.0,0.0,1.0,0.0,0.0,0.0,0.0,0.0,1.0,1.0,1.0,0.0,0.0,1.0,0.0,1.0,1.0,0.0,1.0,1.0,0.0,0.0,0.0,1.0,0.0,1.0,0.0,1.0,0.0,0.0,1.0,1.0,0.0,1.0,0.0,0.0,0.0,0.0,0.0,0.0,6.0,6.0,1.0,0.0,0.0,0.0,0.0,0.0,0.0,1.0,1.0,0.0,0.0,0.0,1.0,2.0,0.0,0.0,0.0,0.0,0.0,0.0,1.0,2.0,0.0,0.0,0.0,12.0,9.0,3.0,1.0,0.0,27.0,1.0,0.0,0.0,0.0,0.0,0.0,1.0,0.0,0.0,0.0,0.0,1.0,0.0,0.0,0.0,1.0,0.0,0.0,0.0,0.0,0.0,0.0,1.0,0.0,0.0,0.0,0.0,0.0,0.0,0.0,0.0,0.0,0.0,0.0,0.0,0.0,0.0,0.0,0.0,0.0,29.0,9.0,71.0,7.0,0.0,38.0,0.0,3.0,65.0,37.0,20.0,14.0,5.0,10.0,11.0,143.0,8.0,146.0,110.0,44.0,105.0,38.0,11.0,124.0,24.0,6.0,3.0,136.0,15.0,1.0,7.0,61.0,70.0,15.0,0.0,10.0,27.0,32.0,38.0,47.0,142.0,8.0,3.0,1.0,0.0,129.0,22.0,3.0,18.0,57.0,23.0,14.0,14.0,12.0,16.0,123.0,31.0,113.0,41.0,107.0,46.0,1.0,42.0,45.0,20.0,6.0,8.0,2.0,31.0,81.0,73.0,68.0,86.0,98.0,46.0,10.0,148.0,6.0,146.0,8.0,144.0,10.0,151.0,3.0,127.0,27.0,56.0,91.0,7.0,95.0,50.0,9.0,53.0,39.0,18.0,23.0,21.0,29.0,42.0,16.0,30.0,37.0,19.0,135.0,20.0,75.0,56.0,3.0,148.0,0.0,6.0,105.0,38.0,11.0,129.0,19.0,6.0,53.0,101.0,140.0,14.0,117.0,33.0,0.0,4.0,145.0,8.0,1.0,96.0,55.0,3.0,124.0,27.0,3.0,141.0,8.0,1.0,4.0,110.0,44.0,118.0,31.0,2.0,3.0,151.0,1.0,2.0,138.0,13.0,3.0,134.0,17.0,3.0,94.0,57.0,3.0,148.0,3.0,0.0,3.0,25.0,81.0,42.0,6.0,Abaixo da média
295,26047187,2017,1,2,2603,26007,26,2607505,260750505,2,1,1.0,1.0,1.0,0.0,0.0,0.0,0.0,0.0,0.0,0.0,0.0,0.0,0.0,1.0,1.0,0.0,0.0,0.0,0.0,1.0,0.0,0.0,0.0,1.0,1.0,0.0,1.0,0.0,0.0,0.0,0.0,0.0,1.0,1.0,1.0,1.0,0.0,0.0,1.0,1.0,1.0,1.0,0.0,1.0,0.0,0.0,0.0,1.0,0.0,1.0,0.0,0.0,0.0,0.0,0.0,0.0,0.0,0.0,0.0,0.0,0.0,0.0,0.0,0.0,14.0,14.0,1.0,0.0,1.0,1.0,1.0,0.0,1.0,0.0,1.0,1.0,0.0,0.0,1.0,2.0,0.0,1.0,2.0,2.0,0.0,3.0,0.0,2.0,8.0,0.0,0.0,26.0,5.0,21.0,1.0,1.0,42.0,1.0,0.0,0.0,0.0,0.0,0.0,1.0,0.0,0.0,0.0,0.0,1.0,0.0,0.0,0.0,1.0,1.0,0.0,0.0,0.0,0.0,0.0,1.0,0.0,0.0,0.0,0.0,0.0,0.0,0.0,0.0,0.0,0.0,1.0,0.0,0.0,0.0,0.0,0.0,0.0,9.0,2.0,30.0,3.0,0.0,4.0,0.0,2.0,14.0,19.0,9.0,1.0,2.0,1.0,5.0,43.0,0.0,48.0,35.0,13.0,37.0,11.0,0.0,35.0,11.0,2.0,3.0,42.0,3.0,0.0,1.0,20.0,25.0,2.0,0.0,1.0,16.0,8.0,9.0,14.0,44.0,4.0,0.0,0.0,0.0,45.0,3.0,0.0,8.0,21.0,6.0,4.0,3.0,2.0,4.0,32.0,16.0,25.0,23.0,39.0,9.0,0.0,9.0,15.0,7.0,3.0,5.0,0.0,9.0,29.0,19.0,15.0,33.0,33.0,15.0,0.0,48.0,0.0,41.0,7.0,35.0,13.0,47.0,1.0,33.0,15.0,17.0,26.0,5.0,24.0,22.0,2.0,10.0,19.0,11.0,6.0,2.0,14.0,13.0,8.0,3.0,10.0,6.0,42.0,12.0,24.0,11.0,1.0,48.0,0.0,0.0,28.0,17.0,3.0,44.0,3.0,1.0,8.0,40.0,32.0,16.0,37.0,10.0,1.0,0.0,38.0,8.0,2.0,24.0,23.0,1.0,44.0,4.0,0.0,46.0,2.0,0.0,0.0,34.0,14.0,38.0,8.0,0.0,2.0,42.0,5.0,1.0,22.0,25.0,1.0,23.0,23.0,2.0,31.0,14.0,3.0,42.0,4.0,0.0,2.0,19.0,26.0,3.0,0.0,Acima da média
297,26106060,2017,1,2,2605,26016,26,2607604,260760405,2,1,1.0,1.0,1.0,0.0,0.0,0.0,0.0,0.0,0.0,0.0,0.0,0.0,0.0,1.0,1.0,0.0,0.0,0.0,0.0,1.0,0.0,0.0,0.0,0.0,1.0,0.0,1.0,0.0,0.0,0.0,0.0,0.0,1.0,1.0,1.0,0.0,0.0,1.0,0.0,1.0,1.0,1.0,0.0,1.0,0.0,0.0,0.0,0.0,0.0,1.0,0.0,1.0,1.0,1.0,0.0,0.0,0.0,0.0,0.0,0.0,0.0,0.0,0.0,0.0,12.0,12.0,0.0,0.0,0.0,0.0,1.0,0.0,1.0,0.0,1.0,1.0,0.0,1.0,1.0,0.0,0.0,0.0,0.0,2.0,0.0,1.0,0.0,4.0,3.0,0.0,1.0,23.0,4.0,17.0,1.0,1.0,28.0,1.0,0.0,1.0,0.0,0.0,0.0,1.0,0.0,0.0,0.0,0.0,1.0,0.0,0.0,0.0,1.0,0.0,0.0,0.0,0.0,0.0,1.0,1.0,0.0,0.0,0.0,0.0,0.0,0.0,0.0,0.0,0.0,0.0,0.0,0.0,0.0,0.0,0.0,0.0,0.0,6.0,4.0,35.0,0.0,0.0,3.0,0.0,5.0,35.0,8.0,0.0,0.0,0.0,0.0,0.0,48.0,0.0,48.0,19.0,29.0,31.0,16.0,1.0,22.0,23.0,3.0,0.0,29.0,19.0,0.0,2.0,25.0,18.0,3.0,0.0,3.0,13.0,14.0,10.0,8.0,45.0,3.0,0.0,0.0,0.0,44.0,2.0,2.0,0.0,4.0,3.0,11.0,27.0,2.0,1.0,48.0,0.0,44.0,4.0,31.0,14.0,3.0,0.0,7.0,9.0,9.0,11.0,3.0,9.0,41.0,7.0,31.0,17.0,32.0,13.0,3.0,47.0,1.0,46.0,2.0,41.0,7.0,48.0,0.0,36.0,12.0,19.0,25.0,4.0,32.0,14.0,2.0,11.0,16.0,8.0,11.0,2.0,19.0,16.0,2.0,3.0,8.0,5.0,43.0,18.0,29.0,0.0,1.0,45.0,0.0,3.0,42.0,6.0,0.0,47.0,1.0,0.0,6.0,42.0,29.0,19.0,28.0,13.0,4.0,3.0,37.0,9.0,2.0,32.0,14.0,2.0,43.0,4.0,1.0,27.0,12.0,5.0,4.0,29.0,19.0,34.0,10.0,2.0,2.0,45.0,1.0,2.0,30.0,17.0,1.0,39.0,8.0,1.0,40.0,7.0,1.0,40.0,6.0,0.0,2.0,12.0,30.0,6.0,0.0,Acima da média
298,26106159,2017,1,2,2605,26016,26,2607604,260760405,2,1,1.0,1.0,2.0,0.0,0.0,0.0,0.0,0.0,0.0,0.0,0.0,0.0,0.0,1.0,1.0,0.0,0.0,0.0,0.0,1.0,0.0,0.0,0.0,0.0,1.0,0.0,1.0,0.0,0.0,0.0,0.0,0.0,0.0,1.0,1.0,0.0,0.0,0.0,0.0,0.0,1.0,1.0,0.0,1.0,0.0,0.0,0.0,1.0,0.0,0.0,0.0,1.0,0.0,0.0,0.0,0.0,0.0,0.0,0.0,0.0,0.0,0.0,0.0,0.0,10.0,10.0,1.0,0.0,1.0,1.0,1.0,1.0,1.0,0.0,1.0,1.0,0.0,1.0,1.0,5.0,0.0,3.0,1.0,3.0,1.0,1.0,0.0,3.0,15.0,0.0,1.0,40.0,3.0,37.0,1.0,1.0,60.0,1.0,0.0,1.0,0.0,0.0,0.0,1.0,0.0,0.0,1.0,0.0,1.0,0.0,0.0,0.0,1.0,1.0,0.0,0.0,0.0,0.0,1.0,1.0,0.0,0.0,0.0,0.0,0.0,0.0,0.0,0.0,0.0,1.0,1.0,0.0,0.0,0.0,0.0,0.0,0.0,6.0,8.0,42.0,4.0,1.0,5.0,0.0,6.0,28.0,29.0,2.0,1.0,0.0,0.0,7.0,59.0,0.0,66.0,31.0,35.0,51.0,14.0,1.0,38.0,25.0,3.0,1.0,42.0,23.0,0.0,4.0,39.0,21.0,2.0,0.0,6.0,16.0,13.0,16.0,15.0,57.0,9.0,0.0,0.0,0.0,52.0,11.0,3.0,0.0,11.0,7.0,9.0,25.0,5.0,9.0,62.0,4.0,59.0,7.0,29.0,34.0,3.0,3.0,10.0,6.0,12.0,16.0,4.0,15.0,54.0,12.0,44.0,22.0,39.0,24.0,3.0,66.0,0.0,66.0,0.0,62.0,4.0,65.0,1.0,50.0,16.0,18.0,40.0,8.0,49.0,14.0,3.0,16.0,14.0,13.0,16.0,7.0,18.0,24.0,7.0,9.0,8.0,4.0,62.0,18.0,46.0,2.0,0.0,58.0,3.0,5.0,40.0,26.0,0.0,62.0,4.0,0.0,18.0,48.0,55.0,11.0,40.0,24.0,2.0,0.0,47.0,16.0,3.0,31.0,31.0,4.0,61.0,3.0,2.0,56.0,9.0,0.0,1.0,54.0,12.0,40.0,24.0,0.0,2.0,62.0,2.0,2.0,38.0,25.0,3.0,43.0,19.0,4.0,50.0,15.0,1.0,59.0,5.0,0.0,2.0,8.0,34.0,23.0,1.0,Abaixo da média
299,26089505,2017,1,2,2604,26013,26,2607653,260765305,2,1,1.0,1.0,1.0,0.0,0.0,0.0,0.0,0.0,0.0,0.0,0.0,0.0,0.0,1.0,1.0,0.0,0.0,0.0,0.0,1.0,0.0,0.0,0.0,0.0,1.0,0.0,1.0,0.0,0.0,0.0,0.0,0.0,1.0,1.0,1.0,1.0,0.0,0.0,1.0,1.0,1.0,1.0,0.0,1.0,0.0,0.0,0.0,1.0,0.0,1.0,1.0,1.0,1.0,0.0,0.0,0.0,0.0,1.0,0.0,0.0,0.0,0.0,0.0,0.0,16.0,16.0,1.0,0.0,0.0,1.0,0.0,0.0,0.0,1.0,0.0,1.0,0.0,0.0,1.0,1.0,0.0,0.0,1.0,0.0,0.0,0.0,1.0,0.0,1.0,0.0,0.0,10.0,0.0,10.0,0.0,0.0,30.0,1.0,0.0,0.0,0.0,0.0,0.0,1.0,0.0,0.0,0.0,0.0,1.0,0.0,0.0,0.0,1.0,0.0,0.0,0.0,0.0,0.0,0.0,1.0,0.0,0.0,0.0,0.0,0.0,0.0,0.0,0.0,0.0,0.0,0.0,0.0,0.0,0.0,0.0,0.0,0.0,22.0,19.0,75.0,4.0,1.0,1.0,0.0,6.0,82.0,27.0,4.0,3.0,0.0,0.0,0.0,122.0,1.0,121.0,73.0,49.0,77.0,42.0,3.0,37.0,69.0,16.0,1.0,76.0,45.0,1.0,2.0,45.0,70.0,4.0,0.0,7.0,19.0,57.0,27.0,12.0,109.0,12.0,1.0,0.0,0.0,106.0,10.0,6.0,2.0,10.0,15.0,18.0,41.0,29.0,7.0,114.0,8.0,98.0,24.0,80.0,37.0,5.0,2.0,23.0,15.0,18.0,39.0,5.0,20.0,107.0,15.0,68.0,54.0,84.0,34.0,4.0,121.0,1.0,110.0,12.0,110.0,12.0,119.0,3.0,95.0,27.0,53.0,50.0,19.0,99.0,19.0,4.0,21.0,40.0,27.0,33.0,1.0,55.0,32.0,6.0,4.0,25.0,8.0,114.0,46.0,70.0,6.0,0.0,106.0,3.0,13.0,107.0,9.0,6.0,121.0,1.0,0.0,7.0,115.0,105.0,17.0,88.0,21.0,6.0,7.0,94.0,20.0,8.0,83.0,30.0,9.0,111.0,3.0,8.0,94.0,19.0,0.0,9.0,67.0,55.0,68.0,37.0,11.0,6.0,107.0,9.0,6.0,77.0,38.0,7.0,95.0,20.0,7.0,105.0,11.0,6.0,109.0,6.0,0.0,7.0,33.0,71.0,18.0,0.0,Acima da média
300,26089530,2017,1,2,2604,26013,26,2607653,260765305,2,1,1.0,1.0,1.0,0.0,0.0,0.0,0.0,0.0,0.0,0.0,1.0,0.0,0.0,1.0,1.0,0.0,1.0,0.0,0.0,1.0,0.0,0.0,0.0,0.0,1.0,0.0,1.0,0.0,0.0,0.0,0.0,0.0,1.0,1.0,1.0,0.0,0.0,0.0,0.0,0.0,1.0,1.0,1.0,1.0,0.0,0.0,0.0,1.0,0.0,1.0,1.0,1.0,1.0,0.0,1.0,1.0,0.0,1.0,0.0,0.0,0.0,1.0,0.0,0.0,10.0,10.0,1.0,1.0,1.0,1.0,1.0,1.0,1.0,1.0,1.0,1.0,1.0,1.0,1.0,2.0,1.0,2.0,1.0,1.0,1.0,1.0,1.0,1.0,3.0,1.0,1.0,13.0,5.0,8.0,1.0,1.0,51.0,1.0,0.0,0.0,0.0,0.0,0.0,1.0,0.0,0.0,0.0,0.0,1.0,0.0,0.0,0.0,1.0,1.0,0.0,0.0,0.0,0.0,0.0,1.0,0.0,0.0,0.0,0.0,0.0,0.0,0.0,0.0,0.0,0.0,1.0,0.0,0.0,0.0,0.0,0.0,0.0,32.0,11.0,112.0,9.0,4.0,9.0,0.0,5.0,77.0,47.0,26.0,15.0,5.0,2.0,5.0,172.0,3.0,174.0,126.0,51.0,133.0,41.0,3.0,104.0,64.0,9.0,0.0,135.0,42.0,0.0,6.0,94.0,66.0,11.0,0.0,19.0,28.0,69.0,36.0,25.0,152.0,23.0,1.0,1.0,0.0,148.0,16.0,13.0,6.0,45.0,26.0,22.0,49.0,11.0,18.0,146.0,31.0,122.0,55.0,95.0,73.0,9.0,22.0,48.0,19.0,12.0,29.0,5.0,42.0,115.0,62.0,76.0,101.0,84.0,64.0,29.0,170.0,7.0,161.0,16.0,155.0,22.0,172.0,5.0,119.0,58.0,56.0,105.0,16.0,132.0,40.0,5.0,42.0,43.0,34.0,51.0,7.0,49.0,54.0,14.0,22.0,38.0,22.0,155.0,61.0,92.0,24.0,0.0,163.0,3.0,11.0,101.0,51.0,25.0,162.0,13.0,2.0,21.0,156.0,144.0,33.0,110.0,62.0,4.0,1.0,146.0,25.0,6.0,115.0,59.0,3.0,162.0,11.0,4.0,166.0,9.0,0.0,2.0,110.0,67.0,107.0,52.0,14.0,4.0,159.0,13.0,5.0,127.0,45.0,5.0,114.0,57.0,6.0,153.0,18.0,6.0,162.0,11.0,0.0,4.0,49.0,93.0,34.0,1.0,Abaixo da média
301,26089840,2017,1,2,2604,26013,26,2607653,260765315,2,1,1.0,1.0,1.0,0.0,0.0,0.0,0.0,0.0,0.0,0.0,0.0,0.0,0.0,1.0,1.0,0.0,0.0,0.0,0.0,1.0,0.0,0.0,0.0,0.0,1.0,0.0,1.0,0.0,0.0,0.0,0.0,0.0,1.0,1.0,0.0,0.0,0.0,0.0,0.0,0.0,1.0,1.0,0.0,1.0,0.0,0.0,1.0,1.0,0.0,1.0,1.0,1.0,1.0,0.0,0.0,0.0,0.0,1.0,0.0,0.0,0.0,0.0,0.0,0.0,5.0,5.0,0.0,0.0,0.0,0.0,0.0,1.0,1.0,1.0,1.0,1.0,0.0,0.0,1.0,0.0,0.0,0.0,0.0,0.0,1.0,2.0,2.0,1.0,4.0,0.0,0.0,50.0,1.0,49.0,1.0,1.0,21.0,1.0,0.0,0.0,0.0,0.0,0.0,1.0,0.0,0.0,0.0,0.0,1.0,0.0,0.0,1.0,1.0,0.0,0.0,0.0,0.0,0.0,1.0,1.0,0.0,0.0,0.0,0.0,1.0,0.0,0.0,0.0,0.0,0.0,0.0,0.0,0.0,0.0,0.0,0.0,0.0,2.0,1.0,6.0,1.0,0.0,1.0,0.0,0.0,6.0,3.0,1.0,1.0,0.0,0.0,1.0,10.0,2.0,9.0,8.0,3.0,11.0,0.0,0.0,11.0,0.0,0.0,0.0,11.0,0.0,1.0,1.0,4.0,5.0,0.0,0.0,1.0,2.0,2.0,1.0,5.0,11.0,0.0,0.0,0.0,0.0,8.0,2.0,1.0,1.0,5.0,0.0,3.0,1.0,0.0,1.0,9.0,2.0,10.0,1.0,5.0,5.0,1.0,5.0,3.0,2.0,0.0,0.0,0.0,1.0,2.0,9.0,3.0,8.0,9.0,2.0,0.0,11.0,0.0,11.0,0.0,11.0,0.0,11.0,0.0,8.0,3.0,3.0,8.0,0.0,5.0,5.0,1.0,6.0,1.0,1.0,2.0,1.0,3.0,5.0,0.0,1.0,2.0,0.0,11.0,0.0,7.0,2.0,2.0,11.0,0.0,0.0,10.0,1.0,0.0,11.0,0.0,0.0,4.0,7.0,10.0,1.0,9.0,1.0,1.0,0.0,5.0,5.0,1.0,6.0,4.0,1.0,9.0,2.0,0.0,7.0,3.0,1.0,0.0,8.0,3.0,11.0,0.0,0.0,0.0,11.0,0.0,0.0,5.0,6.0,0.0,10.0,1.0,0.0,8.0,3.0,0.0,11.0,0.0,0.0,0.0,6.0,5.0,0.0,0.0,Abaixo da média
302,26018314,2017,1,2,2601,26003,26,2607703,260770305,2,1,1.0,1.0,1.0,0.0,0.0,0.0,0.0,0.0,0.0,0.0,0.0,0.0,0.0,1.0,1.0,0.0,0.0,0.0,0.0,1.0,0.0,0.0,0.0,1.0,0.0,0.0,1.0,0.0,0.0,0.0,0.0,0.0,1.0,1.0,1.0,1.0,0.0,1.0,0.0,1.0,1.0,0.0,0.0,0.0,0.0,0.0,0.0,1.0,0.0,1.0,0.0,0.0,0.0,0.0,0.0,0.0,0.0,0.0,0.0,0.0,0.0,0.0,0.0,0.0,14.0,10.0,1.0,0.0,0.0,1.0,1.0,0.0,1.0,1.0,1.0,1.0,0.0,1.0,1.0,4.0,0.0,0.0,3.0,2.0,0.0,2.0,3.0,4.0,11.0,0.0,2.0,9.0,6.0,3.0,1.0,1.0,32.0,1.0,0.0,0.0,0.0,0.0,0.0,1.0,0.0,0.0,0.0,1.0,1.0,0.0,0.0,0.0,1.0,1.0,0.0,0.0,0.0,0.0,0.0,1.0,0.0,0.0,0.0,0.0,0.0,0.0,0.0,0.0,0.0,0.0,1.0,0.0,0.0,0.0,0.0,0.0,0.0,27.0,8.0,42.0,3.0,4.0,2.0,0.0,6.0,52.0,22.0,4.0,2.0,0.0,0.0,1.0,85.0,0.0,86.0,63.0,23.0,46.0,37.0,3.0,28.0,50.0,8.0,1.0,65.0,20.0,0.0,0.0,39.0,38.0,9.0,0.0,17.0,20.0,27.0,16.0,6.0,77.0,8.0,1.0,0.0,0.0,77.0,9.0,0.0,1.0,21.0,17.0,10.0,18.0,10.0,9.0,81.0,5.0,64.0,22.0,58.0,22.0,6.0,5.0,27.0,13.0,6.0,12.0,3.0,20.0,71.0,15.0,36.0,50.0,79.0,4.0,3.0,84.0,2.0,76.0,10.0,62.0,24.0,86.0,0.0,59.0,27.0,33.0,36.0,17.0,59.0,21.0,6.0,15.0,23.0,18.0,24.0,6.0,28.0,22.0,6.0,6.0,24.0,9.0,77.0,31.0,30.0,25.0,0.0,86.0,0.0,0.0,62.0,20.0,4.0,83.0,2.0,1.0,13.0,73.0,67.0,19.0,54.0,26.0,3.0,3.0,72.0,8.0,6.0,44.0,35.0,7.0,74.0,6.0,6.0,75.0,6.0,0.0,5.0,76.0,10.0,60.0,20.0,3.0,3.0,78.0,2.0,6.0,65.0,14.0,7.0,60.0,20.0,6.0,47.0,34.0,5.0,82.0,1.0,0.0,3.0,44.0,39.0,3.0,0.0,Acima da média
303,26106337,2017,1,2,2605,26016,26,2607752,260775205,2,1,1.0,1.0,2.0,0.0,0.0,0.0,0.0,0.0,0.0,0.0,0.0,0.0,0.0,1.0,1.0,0.0,0.0,0.0,0.0,1.0,0.0,0.0,0.0,0.0,1.0,0.0,1.0,0.0,0.0,0.0,0.0,0.0,1.0,1.0,1.0,0.0,0.0,0.0,0.0,0.0,1.0,1.0,0.0,1.0,0.0,0.0,0.0,1.0,0.0,0.0,0.0,0.0,0.0,0.0,0.0,0.0,0.0,0.0,0.0,0.0,0.0,0.0,0.0,0.0,9.0,9.0,1.0,0.0,1.0,0.0,1.0,0.0,1.0,0.0,0.0,1.0,1.0,1.0,1.0,2.0,0.0,1.0,0.0,1.0,0.0,3.0,0.0,0.0,3.0,1.0,1.0,34.0,1.0,10.0,1.0,1.0,46.0,1.0,0.0,1.0,0.0,0.0,0.0,1.0,0.0,0.0,0.0,0.0,1.0,0.0,0.0,0.0,1.0,1.0,0.0,0.0,0.0,0.0,1.0,1.0,0.0,0.0,0.0,0.0,0.0,0.0,0.0,0.0,0.0,1.0,1.0,0.0,0.0,0.0,0.0,0.0,0.0,10.0,8.0,45.0,0.0,3.0,1.0,0.0,3.0,24.0,28.0,10.0,2.0,0.0,0.0,3.0,64.0,1.0,66.0,27.0,40.0,56.0,10.0,1.0,44.0,21.0,2.0,0.0,50.0,17.0,0.0,6.0,31.0,23.0,7.0,1.0,6.0,22.0,14.0,11.0,13.0,63.0,4.0,0.0,0.0,0.0,56.0,9.0,2.0,2.0,10.0,6.0,9.0,25.0,7.0,8.0,63.0,4.0,55.0,12.0,30.0,34.0,3.0,5.0,8.0,6.0,12.0,11.0,4.0,21.0,54.0,13.0,44.0,23.0,33.0,30.0,4.0,66.0,1.0,60.0,7.0,60.0,7.0,65.0,2.0,50.0,17.0,16.0,43.0,8.0,43.0,23.0,1.0,17.0,12.0,12.0,22.0,4.0,28.0,18.0,3.0,8.0,10.0,7.0,60.0,31.0,33.0,0.0,3.0,53.0,2.0,12.0,26.0,30.0,11.0,57.0,8.0,2.0,11.0,56.0,61.0,6.0,39.0,27.0,1.0,0.0,48.0,16.0,3.0,38.0,25.0,4.0,60.0,7.0,0.0,54.0,10.0,2.0,1.0,44.0,23.0,40.0,22.0,4.0,1.0,64.0,2.0,1.0,36.0,29.0,2.0,39.0,27.0,1.0,54.0,12.0,1.0,60.0,5.0,1.0,1.0,6.0,11.0,32.0,18.0,Abaixo da média
304,26106353,2017,1,2,2605,26016,26,2607752,260775205,2,2,1.0,1.0,1.0,0.0,0.0,0.0,0.0,0.0,0.0,0.0,0.0,0.0,0.0,1.0,1.0,0.0,0.0,0.0,0.0,1.0,0.0,0.0,0.0,0.0,1.0,0.0,1.0,1.0,0.0,0.0,0.0,0.0,1.0,1.0,1.0,0.0,0.0,0.0,1.0,1.0,1.0,1.0,0.0,1.0,0.0,0.0,0.0,1.0,0.0,0.0,0.0,1.0,1.0,0.0,1.0,0.0,0.0,0.0,1.0,0.0,0.0,1.0,0.0,0.0,10.0,34.0,1.0,0.0,1.0,0.0,1.0,1.0,1.0,1.0,1.0,1.0,0.0,1.0,1.0,1.0,0.0,2.0,0.0,2.0,2.0,1.0,1.0,1.0,5.0,0.0,1.0,14.0,4.0,10.0,1.0,1.0,57.0,1.0,0.0,1.0,0.0,0.0,0.0,1.0,0.0,0.0,1.0,1.0,1.0,0.0,0.0,0.0,1.0,1.0,0.0,0.0,0.0,0.0,1.0,1.0,0.0,0.0,0.0,0.0,0.0,0.0,0.0,0.0,0.0,1.0,1.0,0.0,0.0,0.0,0.0,0.0,0.0,3.0,2.0,28.0,2.0,0.0,3.0,0.0,7.0,19.0,7.0,3.0,2.0,0.0,0.0,4.0,34.0,1.0,37.0,25.0,13.0,31.0,7.0,0.0,27.0,11.0,0.0,0.0,34.0,4.0,0.0,2.0,18.0,16.0,2.0,0.0,4.0,5.0,14.0,7.0,8.0,36.0,1.0,1.0,0.0,0.0,29.0,5.0,4.0,0.0,7.0,8.0,2.0,16.0,1.0,4.0,34.0,4.0,33.0,5.0,16.0,18.0,4.0,1.0,6.0,4.0,2.0,11.0,0.0,14.0,33.0,5.0,23.0,15.0,22.0,10.0,6.0,38.0,0.0,37.0,1.0,37.0,1.0,38.0,0.0,30.0,8.0,12.0,24.0,2.0,26.0,9.0,3.0,10.0,13.0,2.0,11.0,2.0,12.0,17.0,1.0,3.0,5.0,4.0,34.0,24.0,8.0,6.0,0.0,34.0,0.0,4.0,25.0,9.0,4.0,36.0,1.0,1.0,14.0,24.0,31.0,7.0,22.0,14.0,2.0,0.0,29.0,8.0,1.0,22.0,14.0,2.0,36.0,1.0,1.0,29.0,5.0,2.0,2.0,23.0,15.0,22.0,12.0,3.0,1.0,35.0,2.0,1.0,24.0,14.0,0.0,20.0,18.0,0.0,30.0,8.0,0.0,33.0,3.0,1.0,1.0,11.0,21.0,6.0,0.0,Abaixo da média
305,26106388,2017,1,2,2605,26016,26,2607752,260775205,2,1,1.0,1.0,1.0,0.0,0.0,0.0,0.0,0.0,0.0,0.0,0.0,0.0,0.0,1.0,1.0,0.0,0.0,0.0,0.0,1.0,0.0,0.0,0.0,0.0,1.0,0.0,1.0,0.0,0.0,0.0,0.0,0.0,1.0,1.0,1.0,1.0,0.0,1.0,0.0,1.0,1.0,1.0,0.0,1.0,0.0,0.0,0.0,1.0,0.0,1.0,1.0,1.0,1.0,1.0,1.0,0.0,1.0,0.0,1.0,0.0,0.0,1.0,0.0,0.0,12.0,10.0,1.0,1.0,1.0,0.0,1.0,0.0,1.0,1.0,1.0,1.0,0.0,1.0,1.0,2.0,1.0,2.0,0.0,1.0,0.0,2.0,3.0,7.0,9.0,0.0,2.0,28.0,7.0,21.0,1.0,1.0,35.0,1.0,0.0,0.0,0.0,0.0,0.0,1.0,0.0,0.0,1.0,0.0,1.0,0.0,0.0,0.0,1.0,0.0,0.0,0.0,0.0,0.0,0.0,1.0,0.0,0.0,0.0,0.0,0.0,0.0,0.0,0.0,0.0,0.0,0.0,0.0,0.0,0.0,0.0,0.0,0.0,17.0,11.0,71.0,2.0,0.0,6.0,0.0,28.0,53.0,23.0,2.0,1.0,0.0,0.0,1.0,106.0,0.0,107.0,46.0,61.0,83.0,23.0,1.0,52.0,47.0,8.0,0.0,80.0,27.0,0.0,0.0,60.0,42.0,5.0,1.0,11.0,29.0,42.0,12.0,12.0,103.0,3.0,1.0,0.0,0.0,99.0,4.0,4.0,3.0,13.0,18.0,13.0,45.0,7.0,8.0,101.0,6.0,84.0,23.0,56.0,45.0,6.0,4.0,18.0,19.0,9.0,29.0,7.0,21.0,88.0,19.0,60.0,47.0,42.0,59.0,6.0,104.0,3.0,98.0,9.0,94.0,13.0,106.0,1.0,80.0,27.0,40.0,50.0,17.0,76.0,27.0,4.0,22.0,28.0,19.0,33.0,5.0,42.0,34.0,7.0,1.0,23.0,6.0,101.0,59.0,43.0,4.0,1.0,93.0,2.0,12.0,79.0,27.0,1.0,104.0,3.0,0.0,13.0,94.0,92.0,15.0,57.0,47.0,3.0,0.0,92.0,15.0,0.0,75.0,30.0,2.0,105.0,2.0,0.0,105.0,2.0,0.0,0.0,75.0,32.0,67.0,35.0,5.0,0.0,104.0,2.0,1.0,85.0,20.0,2.0,73.0,33.0,1.0,79.0,27.0,1.0,106.0,1.0,0.0,0.0,35.0,62.0,10.0,0.0,Acima da média
307,26525852,2017,1,2,2604,26013,26,2607802,260780205,2,1,1.0,1.0,3.0,0.0,0.0,0.0,0.0,0.0,0.0,0.0,0.0,0.0,0.0,1.0,1.0,0.0,0.0,0.0,0.0,1.0,0.0,0.0,0.0,1.0,0.0,0.0,1.0,0.0,0.0,0.0,0.0,0.0,1.0,1.0,1.0,1.0,0.0,1.0,0.0,1.0,1.0,1.0,0.0,1.0,0.0,0.0,0.0,1.0,0.0,0.0,0.0,0.0,0.0,0.0,0.0,0.0,0.0,0.0,0.0,0.0,0.0,0.0,0.0,0.0,12.0,6.0,1.0,0.0,1.0,0.0,1.0,0.0,1.0,1.0,0.0,1.0,0.0,1.0,1.0,1.0,0.0,1.0,0.0,1.0,0.0,1.0,1.0,0.0,1.0,0.0,2.0,10.0,0.0,10.0,1.0,1.0,25.0,1.0,0.0,0.0,0.0,0.0,0.0,1.0,0.0,0.0,0.0,0.0,1.0,0.0,0.0,0.0,1.0,0.0,0.0,0.0,0.0,0.0,0.0,1.0,0.0,0.0,0.0,0.0,0.0,0.0,0.0,0.0,0.0,0.0,0.0,0.0,0.0,0.0,0.0,0.0,0.0,2.0,1.0,15.0,0.0,0.0,2.0,0.0,1.0,10.0,6.0,3.0,0.0,0.0,0.0,1.0,19.0,1.0,19.0,8.0,12.0,13.0,6.0,1.0,7.0,12.0,1.0,0.0,17.0,3.0,0.0,1.0,10.0,9.0,0.0,0.0,0.0,5.0,7.0,5.0,3.0,18.0,2.0,0.0,0.0,0.0,17.0,2.0,1.0,1.0,3.0,0.0,2.0,7.0,6.0,1.0,18.0,2.0,16.0,4.0,10.0,9.0,1.0,1.0,1.0,2.0,4.0,8.0,1.0,3.0,18.0,2.0,13.0,7.0,11.0,8.0,1.0,20.0,0.0,20.0,0.0,20.0,0.0,20.0,0.0,18.0,2.0,4.0,13.0,3.0,16.0,4.0,0.0,4.0,6.0,2.0,6.0,2.0,4.0,8.0,0.0,2.0,6.0,0.0,20.0,13.0,7.0,0.0,0.0,15.0,3.0,2.0,14.0,5.0,1.0,18.0,1.0,1.0,4.0,16.0,15.0,5.0,12.0,4.0,2.0,2.0,13.0,6.0,1.0,11.0,8.0,1.0,18.0,1.0,1.0,13.0,3.0,1.0,3.0,20.0,0.0,13.0,4.0,1.0,2.0,18.0,1.0,1.0,13.0,6.0,1.0,15.0,4.0,1.0,18.0,1.0,1.0,16.0,1.0,0.0,3.0,6.0,12.0,2.0,0.0,Acima da média
308,26108801,2017,1,2,2605,26017,26,2607901,260790120,2,1,1.0,1.0,1.0,0.0,0.0,0.0,0.0,0.0,0.0,0.0,0.0,0.0,0.0,1.0,1.0,0.0,0.0,0.0,0.0,1.0,0.0,0.0,0.0,1.0,1.0,0.0,1.0,0.0,0.0,0.0,0.0,0.0,1.0,1.0,1.0,1.0,0.0,0.0,1.0,1.0,1.0,1.0,0.0,1.0,0.0,0.0,0.0,1.0,0.0,1.0,0.0,0.0,0.0,0.0,0.0,0.0,0.0,0.0,0.0,0.0,0.0,0.0,0.0,0.0,13.0,13.0,0.0,0.0,0.0,0.0,0.0,0.0,0.0,0.0,0.0,0.0,0.0,0.0,1.0,0.0,0.0,0.0,0.0,0.0,0.0,0.0,0.0,0.0,0.0,0.0,0.0,11.0,3.0,8.0,1.0,1.0,70.0,1.0,0.0,1.0,0.0,0.0,0.0,1.0,0.0,0.0,1.0,0.0,1.0,0.0,0.0,0.0,1.0,1.0,0.0,0.0,0.0,0.0,1.0,1.0,0.0,0.0,0.0,0.0,0.0,0.0,0.0,0.0,0.0,1.0,1.0,0.0,0.0,0.0,0.0,0.0,0.0,8.0,12.0,26.0,4.0,0.0,3.0,0.0,0.0,22.0,24.0,6.0,0.0,0.0,1.0,1.0,52.0,1.0,52.0,29.0,24.0,37.0,16.0,0.0,26.0,23.0,4.0,0.0,43.0,10.0,0.0,5.0,33.0,14.0,1.0,1.0,8.0,10.0,22.0,10.0,2.0,51.0,2.0,0.0,0.0,0.0,44.0,8.0,1.0,1.0,3.0,15.0,8.0,20.0,2.0,4.0,49.0,4.0,41.0,12.0,33.0,15.0,5.0,2.0,7.0,8.0,10.0,15.0,2.0,9.0,50.0,3.0,34.0,19.0,31.0,19.0,3.0,53.0,0.0,52.0,1.0,46.0,7.0,53.0,0.0,41.0,12.0,13.0,31.0,9.0,34.0,19.0,0.0,10.0,8.0,10.0,23.0,2.0,15.0,27.0,7.0,3.0,1.0,8.0,45.0,16.0,34.0,3.0,0.0,43.0,1.0,9.0,33.0,18.0,2.0,51.0,2.0,0.0,8.0,45.0,46.0,7.0,34.0,18.0,0.0,1.0,36.0,15.0,2.0,29.0,22.0,2.0,52.0,1.0,0.0,33.0,14.0,5.0,1.0,24.0,29.0,20.0,24.0,8.0,1.0,45.0,7.0,1.0,32.0,19.0,2.0,29.0,22.0,2.0,49.0,3.0,1.0,26.0,24.0,1.0,2.0,2.0,26.0,23.0,2.0,Abaixo da média
309,26108925,2017,1,2,2605,26017,26,2607901,260790105,2,2,2.0,1.0,1.0,0.0,0.0,0.0,0.0,0.0,0.0,0.0,0.0,0.0,0.0,1.0,1.0,0.0,0.0,0.0,0.0,1.0,0.0,0.0,0.0,1.0,0.0,0.0,1.0,0.0,0.0,0.0,0.0,0.0,0.0,0.0,0.0,0.0,0.0,0.0,0.0,0.0,0.0,1.0,0.0,1.0,0.0,0.0,0.0,0.0,0.0,0.0,0.0,0.0,0.0,0.0,0.0,0.0,0.0,0.0,0.0,0.0,0.0,0.0,0.0,0.0,16.0,17.0,1.0,0.0,1.0,0.0,1.0,0.0,1.0,0.0,1.0,1.0,0.0,1.0,1.0,5.0,0.0,2.0,0.0,3.0,0.0,3.0,0.0,1.0,2.0,0.0,1.0,11.0,3.0,10.0,1.0,1.0,82.0,1.0,0.0,0.0,0.0,0.0,0.0,1.0,0.0,0.0,1.0,0.0,1.0,0.0,0.0,0.0,1.0,1.0,0.0,0.0,0.0,0.0,0.0,1.0,0.0,0.0,0.0,0.0,0.0,0.0,0.0,0.0,0.0,0.0,1.0,0.0,0.0,0.0,0.0,0.0,0.0,23.0,19.0,56.0,10.0,6.0,7.0,0.0,7.0,49.0,31.0,19.0,8.0,6.0,1.0,4.0,117.0,1.0,120.0,59.0,62.0,97.0,22.0,2.0,69.0,38.0,14.0,1.0,105.0,15.0,1.0,5.0,62.0,47.0,6.0,1.0,15.0,21.0,38.0,29.0,17.0,112.0,6.0,1.0,2.0,0.0,103.0,15.0,3.0,7.0,33.0,19.0,12.0,30.0,6.0,14.0,101.0,20.0,87.0,34.0,62.0,55.0,4.0,10.0,26.0,18.0,11.0,26.0,2.0,28.0,99.0,22.0,63.0,58.0,42.0,52.0,27.0,120.0,1.0,104.0,17.0,99.0,22.0,117.0,4.0,69.0,52.0,35.0,67.0,19.0,84.0,35.0,2.0,20.0,34.0,19.0,39.0,9.0,52.0,31.0,8.0,18.0,12.0,20.0,101.0,43.0,70.0,5.0,3.0,107.0,3.0,11.0,78.0,28.0,15.0,113.0,7.0,1.0,37.0,84.0,105.0,16.0,81.0,37.0,1.0,2.0,95.0,21.0,5.0,77.0,39.0,5.0,115.0,3.0,3.0,93.0,22.0,2.0,4.0,79.0,42.0,58.0,42.0,6.0,15.0,109.0,3.0,9.0,71.0,39.0,11.0,69.0,39.0,13.0,97.0,17.0,7.0,54.0,47.0,6.0,14.0,28.0,68.0,23.0,2.0,Abaixo da média
310,26108984,2017,1,2,2605,26017,26,2607901,260790105,2,1,1.0,1.0,1.0,0.0,0.0,0.0,0.0,0.0,0.0,0.0,0.0,0.0,0.0,1.0,1.0,0.0,0.0,0.0,0.0,1.0,0.0,0.0,0.0,0.0,1.0,0.0,1.0,0.0,0.0,0.0,0.0,0.0,1.0,1.0,1.0,1.0,0.0,0.0,0.0,0.0,1.0,1.0,0.0,1.0,0.0,0.0,0.0,1.0,0.0,1.0,0.0,1.0,0.0,0.0,1.0,1.0,1.0,1.0,0.0,0.0,0.0,0.0,0.0,0.0,10.0,7.0,1.0,0.0,1.0,0.0,1.0,0.0,1.0,0.0,1.0,1.0,0.0,1.0,1.0,3.0,0.0,5.0,0.0,2.0,0.0,4.0,0.0,1.0,15.0,0.0,3.0,25.0,5.0,20.0,1.0,1.0,37.0,1.0,0.0,0.0,0.0,0.0,0.0,1.0,0.0,0.0,0.0,0.0,1.0,0.0,0.0,0.0,1.0,0.0,0.0,0.0,0.0,0.0,0.0,1.0,0.0,0.0,0.0,0.0,0.0,0.0,0.0,0.0,0.0,0.0,0.0,0.0,0.0,0.0,0.0,0.0,0.0,9.0,10.0,25.0,2.0,4.0,2.0,0.0,0.0,20.0,21.0,9.0,2.0,0.0,0.0,4.0,48.0,1.0,51.0,31.0,21.0,42.0,9.0,1.0,35.0,16.0,1.0,1.0,37.0,14.0,1.0,2.0,23.0,21.0,5.0,1.0,5.0,12.0,17.0,8.0,9.0,40.0,11.0,1.0,0.0,0.0,43.0,9.0,0.0,3.0,11.0,7.0,14.0,16.0,0.0,1.0,42.0,10.0,36.0,16.0,27.0,24.0,1.0,1.0,12.0,11.0,8.0,12.0,1.0,7.0,43.0,9.0,32.0,20.0,36.0,10.0,6.0,49.0,3.0,48.0,4.0,47.0,5.0,50.0,2.0,35.0,17.0,12.0,32.0,8.0,36.0,14.0,2.0,10.0,15.0,9.0,14.0,4.0,12.0,24.0,4.0,6.0,6.0,2.0,50.0,14.0,35.0,2.0,1.0,48.0,0.0,4.0,26.0,19.0,7.0,46.0,5.0,1.0,7.0,45.0,51.0,1.0,30.0,21.0,0.0,1.0,44.0,6.0,2.0,29.0,21.0,2.0,44.0,6.0,2.0,50.0,0.0,0.0,2.0,42.0,10.0,22.0,25.0,1.0,4.0,47.0,1.0,4.0,24.0,24.0,4.0,36.0,12.0,4.0,42.0,6.0,4.0,40.0,5.0,3.0,4.0,12.0,31.0,7.0,2.0,Acima da média
311,26109042,2017,1,2,2605,26017,26,2607901,260790105,2,1,1.0,1.0,1.0,0.0,0.0,0.0,0.0,0.0,0.0,0.0,0.0,0.0,0.0,1.0,1.0,0.0,0.0,0.0,0.0,1.0,0.0,0.0,0.0,0.0,1.0,0.0,1.0,1.0,0.0,0.0,0.0,0.0,1.0,1.0,1.0,1.0,0.0,1.0,0.0,1.0,1.0,1.0,0.0,1.0,0.0,0.0,1.0,1.0,0.0,0.0,0.0,0.0,0.0,0.0,0.0,0.0,0.0,0.0,0.0,0.0,0.0,0.0,0.0,0.0,15.0,27.0,1.0,1.0,1.0,0.0,1.0,0.0,1.0,0.0,1.0,1.0,0.0,1.0,1.0,5.0,2.0,2.0,0.0,1.0,0.0,2.0,0.0,1.0,2.0,0.0,1.0,11.0,3.0,8.0,1.0,0.0,62.0,1.0,0.0,0.0,0.0,0.0,0.0,1.0,0.0,0.0,1.0,0.0,1.0,0.0,0.0,0.0,1.0,0.0,0.0,0.0,0.0,0.0,0.0,1.0,0.0,0.0,0.0,0.0,0.0,0.0,0.0,0.0,0.0,0.0,0.0,0.0,0.0,0.0,0.0,0.0,0.0,30.0,31.0,74.0,5.0,2.0,16.0,0.0,9.0,103.0,44.0,2.0,0.0,0.0,0.0,3.0,155.0,1.0,157.0,66.0,92.0,118.0,38.0,2.0,71.0,74.0,13.0,2.0,130.0,26.0,1.0,7.0,111.0,37.0,2.0,2.0,19.0,47.0,68.0,16.0,6.0,151.0,6.0,1.0,0.0,0.0,151.0,2.0,5.0,2.0,17.0,23.0,29.0,64.0,13.0,10.0,154.0,4.0,127.0,31.0,95.0,57.0,6.0,3.0,24.0,29.0,21.0,58.0,3.0,20.0,143.0,15.0,102.0,56.0,118.0,35.0,5.0,154.0,4.0,140.0,18.0,134.0,24.0,154.0,4.0,108.0,50.0,50.0,84.0,24.0,117.0,37.0,4.0,19.0,36.0,43.0,57.0,3.0,52.0,57.0,25.0,6.0,18.0,4.0,154.0,67.0,86.0,4.0,1.0,139.0,7.0,12.0,133.0,24.0,1.0,158.0,0.0,0.0,16.0,142.0,132.0,26.0,115.0,37.0,5.0,1.0,128.0,27.0,3.0,111.0,45.0,2.0,150.0,7.0,1.0,154.0,3.0,0.0,1.0,72.0,86.0,104.0,44.0,10.0,0.0,149.0,8.0,1.0,91.0,65.0,2.0,88.0,69.0,1.0,145.0,12.0,1.0,152.0,4.0,2.0,0.0,35.0,91.0,32.0,0.0,Acima da média
312,26109107,2017,1,2,2605,26017,26,2607901,260790120,2,1,1.0,1.0,1.0,0.0,0.0,0.0,0.0,0.0,0.0,0.0,0.0,0.0,0.0,1.0,1.0,0.0,0.0,0.0,0.0,1.0,0.0,0.0,0.0,1.0,0.0,0.0,1.0,0.0,0.0,0.0,0.0,0.0,1.0,1.0,1.0,1.0,0.0,0.0,0.0,0.0,1.0,1.0,0.0,1.0,0.0,0.0,0.0,1.0,0.0,0.0,0.0,0.0,0.0,0.0,0.0,0.0,0.0,0.0,0.0,0.0,0.0,0.0,0.0,0.0,16.0,20.0,0.0,0.0,0.0,0.0,0.0,0.0,0.0,0.0,0.0,0.0,0.0,0.0,1.0,0.0,0.0,0.0,0.0,0.0,0.0,0.0,0.0,0.0,0.0,0.0,0.0,16.0,2.0,14.0,1.0,0.0,60.0,1.0,0.0,0.0,0.0,0.0,0.0,1.0,0.0,0.0,1.0,0.0,1.0,0.0,0.0,0.0,1.0,1.0,0.0,0.0,0.0,0.0,0.0,1.0,0.0,0.0,0.0,0.0,0.0,0.0,0.0,0.0,0.0,0.0,1.0,0.0,0.0,0.0,0.0,0.0,0.0,3.0,4.0,24.0,1.0,0.0,3.0,0.0,1.0,12.0,12.0,7.0,2.0,1.0,0.0,0.0,35.0,1.0,34.0,17.0,18.0,27.0,7.0,1.0,17.0,15.0,3.0,0.0,26.0,9.0,0.0,4.0,16.0,13.0,2.0,0.0,4.0,6.0,9.0,8.0,8.0,33.0,2.0,0.0,0.0,0.0,31.0,3.0,1.0,1.0,6.0,5.0,3.0,11.0,5.0,4.0,32.0,3.0,26.0,9.0,16.0,17.0,2.0,3.0,1.0,3.0,4.0,9.0,1.0,14.0,30.0,5.0,24.0,11.0,15.0,14.0,6.0,33.0,2.0,30.0,5.0,25.0,10.0,33.0,2.0,23.0,12.0,8.0,19.0,8.0,20.0,12.0,3.0,11.0,6.0,8.0,8.0,2.0,10.0,9.0,2.0,4.0,10.0,5.0,30.0,16.0,16.0,3.0,0.0,26.0,0.0,9.0,16.0,17.0,2.0,33.0,1.0,1.0,6.0,29.0,28.0,7.0,20.0,10.0,3.0,2.0,27.0,6.0,2.0,17.0,16.0,2.0,32.0,1.0,2.0,26.0,5.0,0.0,4.0,21.0,14.0,16.0,7.0,6.0,6.0,26.0,4.0,5.0,21.0,10.0,4.0,22.0,9.0,4.0,26.0,4.0,5.0,22.0,8.0,0.0,5.0,5.0,14.0,15.0,1.0,Abaixo da média
313,26109115,2017,1,2,2605,26017,26,2607901,260790105,2,1,1.0,1.0,3.0,0.0,0.0,0.0,0.0,0.0,0.0,0.0,0.0,0.0,0.0,1.0,1.0,0.0,0.0,0.0,0.0,1.0,0.0,0.0,0.0,0.0,1.0,0.0,1.0,0.0,0.0,0.0,0.0,0.0,1.0,1.0,1.0,0.0,1.0,0.0,1.0,1.0,1.0,1.0,0.0,1.0,0.0,0.0,0.0,1.0,0.0,0.0,0.0,0.0,0.0,0.0,0.0,0.0,0.0,0.0,0.0,0.0,0.0,0.0,0.0,0.0,11.0,11.0,1.0,0.0,1.0,0.0,1.0,1.0,1.0,0.0,1.0,1.0,0.0,1.0,1.0,1.0,0.0,1.0,0.0,1.0,1.0,1.0,0.0,1.0,11.0,0.0,1.0,12.0,2.0,10.0,1.0,1.0,53.0,1.0,0.0,0.0,0.0,0.0,0.0,1.0,0.0,0.0,1.0,0.0,1.0,0.0,0.0,1.0,1.0,1.0,0.0,0.0,0.0,0.0,0.0,1.0,0.0,0.0,0.0,0.0,1.0,0.0,0.0,0.0,0.0,0.0,1.0,0.0,0.0,0.0,0.0,0.0,0.0,23.0,19.0,55.0,10.0,4.0,7.0,0.0,5.0,58.0,38.0,16.0,0.0,1.0,0.0,2.0,116.0,1.0,117.0,44.0,74.0,87.0,27.0,4.0,51.0,53.0,14.0,0.0,85.0,33.0,0.0,4.0,56.0,49.0,9.0,0.0,18.0,25.0,44.0,18.0,13.0,105.0,11.0,1.0,0.0,1.0,102.0,9.0,7.0,3.0,11.0,10.0,20.0,49.0,11.0,14.0,115.0,3.0,96.0,22.0,64.0,46.0,8.0,5.0,8.0,19.0,19.0,39.0,6.0,22.0,107.0,11.0,82.0,36.0,58.0,51.0,9.0,113.0,5.0,107.0,11.0,103.0,15.0,115.0,3.0,82.0,36.0,46.0,60.0,12.0,87.0,28.0,3.0,10.0,28.0,30.0,43.0,7.0,49.0,40.0,10.0,5.0,14.0,16.0,102.0,50.0,63.0,4.0,1.0,89.0,5.0,24.0,80.0,30.0,8.0,115.0,3.0,0.0,16.0,102.0,105.0,13.0,70.0,40.0,2.0,6.0,86.0,23.0,9.0,63.0,44.0,11.0,106.0,6.0,6.0,99.0,13.0,0.0,6.0,55.0,63.0,54.0,41.0,9.0,14.0,93.0,7.0,18.0,59.0,42.0,17.0,62.0,38.0,18.0,93.0,10.0,15.0,77.0,21.0,6.0,14.0,23.0,66.0,29.0,0.0,Abaixo da média
314,26109360,2017,1,2,2605,26017,26,2607901,260790105,2,1,1.0,1.0,1.0,0.0,0.0,0.0,0.0,0.0,0.0,0.0,0.0,0.0,0.0,1.0,1.0,0.0,0.0,0.0,0.0,1.0,0.0,0.0,0.0,0.0,1.0,0.0,1.0,0.0,0.0,0.0,0.0,0.0,1.0,1.0,1.0,1.0,0.0,0.0,0.0,0.0,1.0,1.0,0.0,1.0,0.0,0.0,0.0,1.0,0.0,0.0,0.0,0.0,0.0,0.0,0.0,0.0,0.0,0.0,0.0,0.0,0.0,0.0,0.0,0.0,20.0,20.0,1.0,0.0,0.0,0.0,0.0,1.0,1.0,1.0,0.0,1.0,0.0,0.0,1.0,1.0,0.0,0.0,0.0,0.0,1.0,2.0,1.0,0.0,2.0,0.0,0.0,26.0,2.0,24.0,1.0,0.0,88.0,1.0,0.0,0.0,0.0,0.0,0.0,1.0,0.0,0.0,0.0,0.0,1.0,0.0,0.0,0.0,1.0,1.0,0.0,0.0,0.0,0.0,0.0,1.0,0.0,0.0,0.0,0.0,0.0,0.0,0.0,0.0,0.0,0.0,1.0,0.0,0.0,0.0,0.0,0.0,0.0,28.0,22.0,100.0,5.0,3.0,11.0,0.0,4.0,75.0,63.0,19.0,7.0,1.0,0.0,6.0,163.0,1.0,168.0,83.0,86.0,122.0,44.0,3.0,73.0,86.0,10.0,1.0,139.0,29.0,0.0,8.0,98.0,58.0,5.0,0.0,19.0,43.0,53.0,34.0,20.0,159.0,7.0,2.0,1.0,0.0,145.0,16.0,8.0,3.0,36.0,27.0,18.0,69.0,5.0,11.0,155.0,14.0,136.0,33.0,91.0,72.0,6.0,3.0,22.0,29.0,23.0,47.0,4.0,41.0,152.0,17.0,110.0,59.0,76.0,77.0,16.0,164.0,5.0,158.0,11.0,144.0,25.0,167.0,2.0,120.0,49.0,45.0,94.0,30.0,130.0,33.0,6.0,19.0,42.0,37.0,68.0,3.0,50.0,63.0,17.0,11.0,28.0,27.0,142.0,83.0,78.0,6.0,2.0,142.0,4.0,23.0,114.0,40.0,15.0,161.0,6.0,2.0,36.0,133.0,120.0,49.0,95.0,65.0,4.0,5.0,130.0,32.0,7.0,104.0,58.0,7.0,154.0,10.0,5.0,149.0,16.0,0.0,4.0,94.0,75.0,96.0,62.0,7.0,4.0,149.0,16.0,4.0,94.0,68.0,7.0,100.0,64.0,5.0,144.0,21.0,4.0,119.0,38.0,8.0,4.0,11.0,65.0,89.0,4.0,Abaixo da média
315,26109441,2017,1,2,2605,26017,26,2607901,260790105,2,1,1.0,1.0,1.0,0.0,0.0,0.0,0.0,0.0,0.0,0.0,0.0,0.0,0.0,1.0,1.0,0.0,0.0,0.0,0.0,1.0,0.0,0.0,0.0,1.0,0.0,0.0,1.0,0.0,0.0,0.0,0.0,0.0,1.0,1.0,1.0,0.0,0.0,0.0,1.0,1.0,1.0,1.0,0.0,1.0,0.0,0.0,0.0,1.0,0.0,1.0,0.0,1.0,1.0,0.0,1.0,1.0,1.0,1.0,1.0,0.0,0.0,0.0,0.0,0.0,10.0,10.0,1.0,1.0,1.0,1.0,0.0,1.0,1.0,1.0,1.0,1.0,0.0,1.0,1.0,3.0,2.0,2.0,1.0,0.0,2.0,1.0,4.0,4.0,3.0,0.0,2.0,15.0,2.0,10.0,1.0,1.0,23.0,1.0,0.0,0.0,0.0,0.0,0.0,1.0,0.0,0.0,0.0,0.0,1.0,0.0,0.0,0.0,1.0,0.0,0.0,0.0,0.0,0.0,0.0,1.0,0.0,0.0,0.0,0.0,0.0,0.0,0.0,0.0,0.0,0.0,0.0,0.0,0.0,0.0,0.0,0.0,0.0,11.0,19.0,37.0,8.0,2.0,5.0,0.0,2.0,49.0,25.0,5.0,1.0,0.0,0.0,2.0,80.0,1.0,81.0,34.0,48.0,66.0,14.0,2.0,41.0,36.0,5.0,1.0,63.0,18.0,0.0,5.0,52.0,21.0,4.0,0.0,7.0,23.0,32.0,11.0,9.0,71.0,7.0,3.0,1.0,0.0,72.0,5.0,5.0,2.0,15.0,9.0,13.0,36.0,1.0,6.0,78.0,4.0,62.0,20.0,44.0,32.0,6.0,4.0,11.0,9.0,12.0,23.0,3.0,20.0,73.0,9.0,50.0,32.0,48.0,29.0,5.0,81.0,1.0,76.0,6.0,68.0,14.0,82.0,0.0,56.0,26.0,31.0,42.0,9.0,56.0,25.0,1.0,11.0,22.0,16.0,30.0,3.0,34.0,27.0,8.0,6.0,7.0,6.0,76.0,33.0,44.0,5.0,0.0,71.0,0.0,11.0,67.0,15.0,0.0,81.0,1.0,0.0,13.0,69.0,69.0,13.0,46.0,25.0,1.0,10.0,62.0,12.0,8.0,51.0,22.0,9.0,71.0,3.0,8.0,58.0,12.0,1.0,11.0,39.0,43.0,36.0,26.0,5.0,15.0,64.0,5.0,13.0,39.0,30.0,13.0,41.0,29.0,12.0,63.0,7.0,12.0,45.0,19.0,4.0,14.0,8.0,34.0,40.0,0.0,Acima da média
316,26109468,2017,1,2,2605,26017,26,2607901,260790105,2,1,1.0,1.0,1.0,0.0,0.0,0.0,0.0,0.0,0.0,0.0,0.0,0.0,0.0,1.0,1.0,0.0,0.0,0.0,0.0,1.0,0.0,0.0,0.0,1.0,0.0,0.0,1.0,0.0,0.0,0.0,0.0,0.0,1.0,1.0,1.0,1.0,0.0,0.0,0.0,0.0,1.0,1.0,1.0,1.0,0.0,0.0,0.0,1.0,0.0,1.0,1.0,1.0,1.0,0.0,1.0,1.0,0.0,1.0,0.0,0.0,0.0,0.0,0.0,0.0,12.0,8.0,1.0,0.0,1.0,0.0,1.0,0.0,1.0,0.0,1.0,1.0,1.0,1.0,0.0,1.0,0.0,1.0,0.0,2.0,0.0,2.0,0.0,1.0,1.0,1.0,2.0,0.0,0.0,0.0,0.0,0.0,29.0,1.0,0.0,0.0,0.0,0.0,0.0,1.0,0.0,0.0,0.0,0.0,1.0,0.0,0.0,0.0,1.0,0.0,0.0,0.0,0.0,0.0,0.0,1.0,0.0,0.0,0.0,0.0,0.0,0.0,0.0,0.0,0.0,0.0,0.0,0.0,0.0,0.0,0.0,0.0,0.0,16.0,6.0,30.0,1.0,1.0,0.0,1.0,5.0,27.0,16.0,4.0,1.0,0.0,0.0,1.0,53.0,1.0,53.0,15.0,39.0,30.0,23.0,1.0,17.0,30.0,7.0,0.0,38.0,16.0,0.0,2.0,30.0,19.0,3.0,0.0,9.0,8.0,20.0,11.0,6.0,45.0,8.0,0.0,1.0,0.0,45.0,2.0,7.0,0.0,4.0,5.0,8.0,25.0,10.0,2.0,51.0,3.0,46.0,8.0,27.0,21.0,6.0,1.0,5.0,3.0,3.0,29.0,4.0,9.0,47.0,7.0,38.0,16.0,28.0,24.0,2.0,54.0,0.0,51.0,3.0,49.0,5.0,53.0,1.0,37.0,17.0,21.0,23.0,10.0,40.0,13.0,1.0,2.0,14.0,15.0,23.0,0.0,24.0,16.0,1.0,1.0,12.0,0.0,54.0,24.0,27.0,2.0,1.0,40.0,3.0,11.0,37.0,12.0,5.0,52.0,2.0,0.0,1.0,53.0,47.0,7.0,36.0,17.0,1.0,0.0,39.0,15.0,0.0,29.0,25.0,0.0,54.0,0.0,0.0,50.0,4.0,0.0,0.0,34.0,20.0,34.0,18.0,2.0,0.0,53.0,1.0,0.0,29.0,25.0,0.0,31.0,23.0,0.0,45.0,9.0,0.0,51.0,3.0,0.0,0.0,2.0,12.0,35.0,5.0,Acima da média
317,26109506,2017,1,2,2605,26017,26,2607901,260790115,2,1,1.0,1.0,1.0,0.0,0.0,0.0,0.0,0.0,0.0,0.0,0.0,0.0,0.0,1.0,1.0,0.0,0.0,0.0,0.0,1.0,0.0,0.0,0.0,0.0,1.0,0.0,1.0,0.0,0.0,0.0,0.0,0.0,1.0,1.0,0.0,0.0,0.0,0.0,1.0,1.0,1.0,0.0,0.0,0.0,0.0,0.0,0.0,1.0,0.0,1.0,0.0,0.0,1.0,0.0,0.0,0.0,0.0,0.0,0.0,0.0,0.0,0.0,0.0,0.0,9.0,8.0,1.0,0.0,0.0,0.0,0.0,1.0,1.0,0.0,1.0,1.0,0.0,1.0,1.0,1.0,0.0,0.0,0.0,0.0,1.0,2.0,0.0,2.0,5.0,0.0,1.0,5.0,2.0,0.0,1.0,1.0,32.0,1.0,0.0,0.0,0.0,0.0,0.0,1.0,0.0,0.0,0.0,0.0,1.0,0.0,0.0,0.0,1.0,1.0,0.0,0.0,0.0,0.0,0.0,1.0,0.0,0.0,0.0,0.0,0.0,0.0,0.0,0.0,0.0,0.0,1.0,0.0,0.0,0.0,0.0,0.0,0.0,16.0,22.0,53.0,8.0,6.0,9.0,0.0,5.0,45.0,39.0,17.0,5.0,0.0,3.0,8.0,106.0,1.0,113.0,62.0,52.0,84.0,23.0,7.0,55.0,47.0,12.0,0.0,86.0,28.0,0.0,4.0,69.0,37.0,4.0,0.0,10.0,30.0,37.0,22.0,15.0,104.0,8.0,1.0,1.0,0.0,94.0,14.0,6.0,3.0,29.0,20.0,13.0,30.0,4.0,15.0,102.0,12.0,91.0,23.0,60.0,48.0,6.0,4.0,20.0,22.0,10.0,23.0,5.0,30.0,100.0,14.0,68.0,46.0,58.0,40.0,16.0,112.0,2.0,104.0,10.0,100.0,14.0,112.0,2.0,89.0,25.0,33.0,65.0,16.0,91.0,20.0,3.0,23.0,35.0,21.0,33.0,2.0,28.0,43.0,13.0,16.0,14.0,21.0,93.0,60.0,49.0,3.0,2.0,93.0,6.0,15.0,67.0,38.0,9.0,106.0,7.0,1.0,29.0,85.0,97.0,17.0,62.0,44.0,4.0,4.0,83.0,26.0,5.0,70.0,38.0,6.0,105.0,6.0,3.0,94.0,15.0,1.0,4.0,63.0,51.0,55.0,47.0,7.0,5.0,99.0,13.0,2.0,61.0,50.0,3.0,64.0,48.0,2.0,100.0,11.0,3.0,87.0,18.0,4.0,5.0,6.0,16.0,42.0,50.0,Abaixo da média
318,26110016,2017,1,2,2605,26017,26,2607901,260790105,2,1,1.0,1.0,1.0,0.0,1.0,0.0,1.0,0.0,0.0,0.0,0.0,1.0,0.0,1.0,1.0,0.0,0.0,0.0,0.0,1.0,0.0,0.0,0.0,0.0,1.0,0.0,1.0,0.0,0.0,0.0,0.0,0.0,1.0,1.0,0.0,0.0,1.0,0.0,0.0,0.0,1.0,0.0,0.0,0.0,0.0,0.0,0.0,1.0,0.0,1.0,1.0,1.0,1.0,0.0,1.0,0.0,0.0,1.0,0.0,0.0,0.0,0.0,0.0,0.0,12.0,11.0,1.0,0.0,1.0,1.0,0.0,1.0,0.0,1.0,1.0,1.0,0.0,0.0,1.0,5.0,0.0,4.0,1.0,0.0,2.0,0.0,2.0,1.0,5.0,0.0,0.0,5.0,4.0,1.0,1.0,0.0,65.0,1.0,0.0,1.0,0.0,0.0,0.0,1.0,0.0,0.0,0.0,0.0,1.0,0.0,0.0,1.0,1.0,1.0,0.0,0.0,0.0,0.0,1.0,1.0,0.0,0.0,0.0,0.0,1.0,0.0,0.0,0.0,0.0,1.0,1.0,0.0,0.0,0.0,0.0,0.0,0.0,9.0,5.0,19.0,4.0,0.0,1.0,0.0,1.0,19.0,14.0,4.0,0.0,0.0,0.0,1.0,37.0,2.0,36.0,16.0,22.0,27.0,9.0,2.0,19.0,17.0,2.0,0.0,27.0,11.0,0.0,1.0,22.0,13.0,2.0,0.0,4.0,14.0,4.0,9.0,7.0,32.0,4.0,2.0,0.0,0.0,31.0,5.0,2.0,1.0,5.0,4.0,5.0,15.0,2.0,6.0,34.0,4.0,27.0,11.0,13.0,23.0,2.0,0.0,7.0,3.0,4.0,11.0,0.0,13.0,33.0,5.0,20.0,18.0,17.0,16.0,5.0,38.0,0.0,35.0,3.0,32.0,6.0,36.0,2.0,23.0,15.0,13.0,21.0,4.0,28.0,10.0,0.0,8.0,8.0,8.0,14.0,0.0,11.0,13.0,4.0,5.0,5.0,12.0,26.0,18.0,19.0,1.0,0.0,31.0,1.0,6.0,25.0,11.0,2.0,37.0,0.0,1.0,8.0,30.0,35.0,3.0,25.0,9.0,1.0,3.0,24.0,13.0,1.0,18.0,19.0,1.0,37.0,0.0,1.0,33.0,2.0,0.0,3.0,30.0,8.0,19.0,15.0,1.0,3.0,33.0,3.0,2.0,18.0,19.0,1.0,19.0,18.0,1.0,34.0,3.0,1.0,32.0,3.0,0.0,3.0,3.0,11.0,18.0,6.0,Média
320,26110199,2017,1,2,2605,26017,26,2607901,260790110,2,1,1.0,1.0,1.0,0.0,0.0,0.0,0.0,0.0,0.0,0.0,0.0,0.0,0.0,1.0,1.0,0.0,0.0,0.0,0.0,1.0,0.0,0.0,0.0,1.0,0.0,0.0,1.0,0.0,0.0,0.0,0.0,0.0,1.0,1.0,1.0,1.0,1.0,0.0,1.0,1.0,1.0,1.0,1.0,1.0,0.0,0.0,0.0,1.0,0.0,1.0,1.0,1.0,0.0,1.0,1.0,0.0,0.0,1.0,0.0,0.0,0.0,0.0,0.0,0.0,15.0,12.0,0.0,0.0,0.0,1.0,1.0,0.0,1.0,1.0,1.0,1.0,0.0,0.0,1.0,0.0,0.0,0.0,1.0,3.0,0.0,1.0,2.0,5.0,3.0,0.0,0.0,10.0,3.0,8.0,1.0,1.0,90.0,1.0,0.0,0.0,0.0,0.0,0.0,1.0,0.0,0.0,0.0,0.0,1.0,0.0,0.0,0.0,1.0,1.0,0.0,0.0,0.0,0.0,0.0,1.0,0.0,0.0,0.0,0.0,0.0,0.0,0.0,0.0,0.0,0.0,1.0,0.0,0.0,0.0,0.0,0.0,0.0,46.0,31.0,88.0,8.0,3.0,5.0,1.0,7.0,67.0,74.0,20.0,9.0,2.0,1.0,7.0,174.0,2.0,179.0,75.0,106.0,136.0,42.0,3.0,96.0,76.0,9.0,3.0,147.0,31.0,2.0,16.0,98.0,56.0,9.0,2.0,29.0,38.0,59.0,23.0,30.0,160.0,15.0,5.0,0.0,1.0,142.0,28.0,11.0,3.0,18.0,25.0,34.0,71.0,8.0,22.0,169.0,12.0,144.0,37.0,80.0,90.0,11.0,4.0,18.0,25.0,18.0,63.0,7.0,46.0,161.0,20.0,121.0,60.0,90.0,74.0,17.0,177.0,4.0,172.0,9.0,166.0,15.0,181.0,0.0,128.0,53.0,49.0,111.0,21.0,125.0,50.0,6.0,22.0,48.0,29.0,77.0,5.0,54.0,64.0,19.0,20.0,24.0,33.0,148.0,75.0,92.0,10.0,4.0,143.0,9.0,29.0,131.0,31.0,19.0,172.0,8.0,1.0,29.0,152.0,151.0,30.0,115.0,57.0,3.0,6.0,130.0,41.0,10.0,112.0,59.0,10.0,170.0,7.0,4.0,147.0,27.0,2.0,5.0,110.0,71.0,103.0,60.0,10.0,8.0,164.0,9.0,8.0,120.0,53.0,8.0,112.0,62.0,7.0,156.0,18.0,7.0,147.0,20.0,5.0,9.0,32.0,99.0,50.0,0.0,Abaixo da média
321,26110229,2017,1,2,2605,26017,26,2607901,260790110,2,1,1.0,1.0,1.0,0.0,0.0,0.0,0.0,0.0,0.0,0.0,0.0,0.0,0.0,1.0,1.0,0.0,0.0,0.0,0.0,1.0,0.0,0.0,0.0,1.0,0.0,0.0,0.0,0.0,1.0,0.0,0.0,0.0,1.0,1.0,1.0,0.0,0.0,0.0,1.0,1.0,1.0,1.0,0.0,1.0,0.0,0.0,0.0,1.0,0.0,1.0,0.0,0.0,0.0,0.0,0.0,0.0,0.0,0.0,0.0,0.0,0.0,0.0,0.0,0.0,9.0,9.0,0.0,0.0,0.0,0.0,0.0,0.0,0.0,0.0,0.0,0.0,0.0,0.0,1.0,0.0,0.0,0.0,0.0,0.0,0.0,0.0,0.0,0.0,0.0,0.0,0.0,13.0,3.0,10.0,1.0,0.0,47.0,1.0,0.0,0.0,0.0,0.0,0.0,1.0,0.0,0.0,1.0,0.0,1.0,0.0,0.0,0.0,1.0,1.0,0.0,0.0,0.0,0.0,1.0,1.0,0.0,0.0,0.0,0.0,0.0,0.0,0.0,0.0,0.0,1.0,1.0,0.0,0.0,0.0,0.0,0.0,0.0,6.0,14.0,36.0,4.0,1.0,1.0,0.0,0.0,21.0,29.0,9.0,3.0,0.0,0.0,2.0,60.0,0.0,62.0,23.0,39.0,50.0,11.0,1.0,34.0,24.0,4.0,0.0,54.0,8.0,2.0,6.0,38.0,14.0,2.0,0.0,7.0,20.0,16.0,10.0,9.0,53.0,7.0,2.0,0.0,0.0,52.0,7.0,3.0,1.0,10.0,9.0,12.0,21.0,2.0,7.0,60.0,2.0,49.0,13.0,35.0,25.0,2.0,5.0,9.0,7.0,7.0,16.0,3.0,15.0,52.0,10.0,30.0,32.0,29.0,31.0,2.0,60.0,2.0,57.0,5.0,51.0,11.0,60.0,2.0,45.0,17.0,19.0,34.0,9.0,44.0,14.0,4.0,13.0,19.0,10.0,14.0,6.0,24.0,23.0,6.0,4.0,5.0,12.0,50.0,27.0,33.0,1.0,1.0,53.0,3.0,6.0,46.0,12.0,4.0,57.0,5.0,0.0,18.0,44.0,59.0,3.0,38.0,23.0,1.0,0.0,51.0,10.0,1.0,35.0,27.0,0.0,56.0,5.0,1.0,59.0,2.0,0.0,1.0,39.0,23.0,32.0,23.0,4.0,3.0,59.0,1.0,2.0,29.0,29.0,4.0,41.0,19.0,2.0,53.0,7.0,2.0,43.0,15.0,2.0,2.0,3.0,18.0,33.0,8.0,Abaixo da média
322,26110237,2017,1,2,2605,26017,26,2607901,260790110,2,1,1.0,1.0,1.0,1.0,0.0,0.0,0.0,0.0,0.0,0.0,0.0,0.0,1.0,1.0,1.0,0.0,0.0,0.0,0.0,1.0,0.0,0.0,0.0,0.0,1.0,0.0,1.0,0.0,0.0,0.0,0.0,0.0,1.0,1.0,1.0,1.0,0.0,0.0,1.0,1.0,1.0,1.0,0.0,1.0,0.0,0.0,0.0,1.0,0.0,0.0,0.0,1.0,1.0,1.0,1.0,0.0,1.0,1.0,0.0,0.0,0.0,0.0,0.0,0.0,21.0,18.0,1.0,0.0,0.0,0.0,1.0,0.0,0.0,1.0,1.0,1.0,0.0,1.0,1.0,2.0,0.0,0.0,0.0,1.0,0.0,0.0,2.0,2.0,10.0,0.0,1.0,13.0,3.0,10.0,1.0,0.0,40.0,1.0,0.0,1.0,0.0,0.0,0.0,1.0,0.0,0.0,1.0,0.0,1.0,0.0,0.0,0.0,1.0,1.0,0.0,0.0,0.0,0.0,1.0,1.0,0.0,0.0,0.0,0.0,0.0,0.0,0.0,0.0,0.0,1.0,1.0,0.0,0.0,0.0,0.0,0.0,0.0,17.0,18.0,70.0,5.0,2.0,6.0,0.0,8.0,40.0,42.0,21.0,3.0,0.0,4.0,2.0,116.0,1.0,117.0,57.0,61.0,94.0,22.0,2.0,63.0,52.0,3.0,0.0,96.0,22.0,0.0,12.0,75.0,28.0,3.0,1.0,17.0,30.0,36.0,21.0,13.0,102.0,14.0,2.0,0.0,0.0,92.0,22.0,4.0,3.0,19.0,19.0,27.0,38.0,3.0,9.0,108.0,10.0,91.0,27.0,61.0,48.0,9.0,4.0,19.0,23.0,16.0,28.0,1.0,27.0,98.0,20.0,63.0,55.0,32.0,51.0,35.0,115.0,3.0,107.0,11.0,105.0,13.0,116.0,2.0,76.0,42.0,34.0,63.0,21.0,86.0,28.0,4.0,15.0,31.0,29.0,35.0,8.0,32.0,38.0,13.0,21.0,14.0,26.0,92.0,67.0,44.0,6.0,1.0,90.0,6.0,22.0,77.0,27.0,14.0,110.0,6.0,2.0,23.0,95.0,102.0,16.0,56.0,49.0,4.0,9.0,65.0,40.0,13.0,58.0,47.0,13.0,102.0,6.0,10.0,82.0,21.0,4.0,11.0,55.0,63.0,45.0,52.0,11.0,10.0,91.0,14.0,13.0,55.0,50.0,13.0,63.0,43.0,12.0,95.0,12.0,11.0,66.0,33.0,7.0,12.0,2.0,19.0,80.0,17.0,Abaixo da média
323,26110245,2017,1,2,2605,26017,26,2607901,260790110,2,1,1.0,1.0,1.0,0.0,0.0,0.0,0.0,0.0,0.0,0.0,0.0,0.0,0.0,1.0,1.0,0.0,0.0,0.0,0.0,1.0,0.0,0.0,0.0,1.0,0.0,0.0,1.0,0.0,0.0,0.0,0.0,0.0,1.0,1.0,1.0,1.0,1.0,0.0,0.0,0.0,1.0,1.0,1.0,1.0,0.0,0.0,0.0,1.0,0.0,1.0,0.0,0.0,0.0,0.0,0.0,0.0,0.0,0.0,0.0,0.0,0.0,0.0,0.0,0.0,17.0,17.0,1.0,0.0,1.0,0.0,1.0,1.0,1.0,0.0,1.0,1.0,0.0,1.0,1.0,12.0,0.0,10.0,0.0,2.0,4.0,6.0,0.0,5.0,16.0,0.0,3.0,27.0,4.0,20.0,1.0,0.0,80.0,1.0,0.0,0.0,0.0,0.0,0.0,1.0,0.0,0.0,1.0,0.0,1.0,0.0,0.0,1.0,1.0,1.0,0.0,0.0,0.0,0.0,1.0,1.0,0.0,0.0,0.0,0.0,1.0,0.0,0.0,0.0,0.0,0.0,1.0,0.0,0.0,0.0,0.0,0.0,0.0,19.0,18.0,42.0,3.0,2.0,10.0,0.0,8.0,43.0,34.0,4.0,5.0,0.0,0.0,0.0,94.0,0.0,94.0,22.0,72.0,64.0,27.0,3.0,33.0,49.0,12.0,0.0,71.0,23.0,1.0,5.0,62.0,22.0,4.0,0.0,9.0,26.0,35.0,17.0,7.0,89.0,4.0,1.0,0.0,0.0,81.0,10.0,3.0,0.0,7.0,10.0,17.0,44.0,10.0,6.0,92.0,2.0,82.0,12.0,49.0,43.0,2.0,2.0,5.0,5.0,12.0,37.0,9.0,24.0,90.0,4.0,57.0,37.0,21.0,54.0,19.0,94.0,0.0,90.0,4.0,83.0,11.0,93.0,1.0,65.0,29.0,25.0,58.0,11.0,77.0,17.0,0.0,10.0,22.0,23.0,39.0,0.0,31.0,41.0,7.0,5.0,10.0,7.0,87.0,45.0,47.0,2.0,0.0,62.0,9.0,23.0,72.0,15.0,7.0,88.0,6.0,0.0,11.0,83.0,83.0,11.0,53.0,38.0,1.0,2.0,69.0,22.0,3.0,57.0,33.0,4.0,89.0,4.0,1.0,64.0,27.0,2.0,1.0,34.0,60.0,32.0,51.0,10.0,1.0,80.0,13.0,1.0,52.0,40.0,2.0,46.0,46.0,2.0,78.0,14.0,2.0,81.0,11.0,1.0,1.0,8.0,49.0,37.0,0.0,Acima da média
324,26110270,2017,1,2,2605,26017,26,2607901,260790105,2,1,1.0,1.0,1.0,0.0,0.0,0.0,0.0,0.0,0.0,0.0,0.0,0.0,0.0,1.0,1.0,0.0,0.0,0.0,0.0,1.0,0.0,0.0,0.0,1.0,0.0,0.0,1.0,0.0,0.0,0.0,0.0,0.0,1.0,1.0,1.0,1.0,1.0,0.0,0.0,0.0,1.0,1.0,0.0,1.0,0.0,0.0,1.0,1.0,0.0,1.0,0.0,0.0,0.0,0.0,0.0,0.0,0.0,0.0,0.0,0.0,0.0,0.0,0.0,0.0,16.0,19.0,0.0,0.0,0.0,0.0,0.0,0.0,0.0,0.0,0.0,0.0,0.0,0.0,1.0,0.0,0.0,0.0,0.0,0.0,0.0,0.0,0.0,0.0,0.0,0.0,0.0,26.0,2.0,19.0,1.0,0.0,67.0,1.0,0.0,0.0,0.0,0.0,0.0,1.0,0.0,0.0,1.0,0.0,1.0,0.0,0.0,1.0,1.0,0.0,0.0,0.0,0.0,0.0,0.0,1.0,0.0,0.0,0.0,0.0,1.0,0.0,0.0,0.0,0.0,0.0,0.0,0.0,0.0,0.0,0.0,0.0,0.0,32.0,25.0,45.0,9.0,1.0,3.0,0.0,13.0,57.0,32.0,10.0,3.0,0.0,0.0,2.0,113.0,1.0,114.0,44.0,71.0,77.0,35.0,3.0,45.0,60.0,10.0,1.0,90.0,24.0,0.0,2.0,68.0,40.0,5.0,0.0,10.0,33.0,44.0,22.0,6.0,107.0,4.0,3.0,1.0,0.0,101.0,4.0,10.0,0.0,5.0,18.0,18.0,57.0,11.0,6.0,112.0,3.0,95.0,20.0,64.0,43.0,8.0,1.0,13.0,12.0,13.0,52.0,8.0,16.0,106.0,9.0,70.0,45.0,37.0,62.0,16.0,112.0,3.0,106.0,9.0,102.0,13.0,111.0,4.0,84.0,31.0,45.0,56.0,14.0,78.0,35.0,2.0,8.0,34.0,21.0,49.0,3.0,39.0,37.0,9.0,13.0,17.0,7.0,108.0,64.0,47.0,4.0,0.0,91.0,14.0,10.0,104.0,6.0,5.0,109.0,4.0,2.0,9.0,106.0,91.0,24.0,68.0,42.0,5.0,0.0,105.0,9.0,1.0,77.0,38.0,0.0,110.0,5.0,0.0,94.0,20.0,1.0,0.0,73.0,42.0,65.0,38.0,12.0,0.0,109.0,5.0,1.0,82.0,31.0,2.0,80.0,32.0,3.0,94.0,19.0,2.0,106.0,5.0,4.0,0.0,15.0,69.0,31.0,0.0,Acima da média
326,26110849,2017,1,2,2605,26017,26,2607901,260790105,2,1,1.0,1.0,2.0,0.0,0.0,0.0,0.0,0.0,0.0,0.0,0.0,0.0,0.0,1.0,1.0,0.0,0.0,0.0,0.0,1.0,0.0,0.0,0.0,0.0,1.0,0.0,1.0,0.0,0.0,0.0,0.0,0.0,1.0,1.0,1.0,0.0,0.0,0.0,0.0,0.0,1.0,0.0,1.0,1.0,0.0,0.0,1.0,1.0,0.0,0.0,0.0,0.0,0.0,0.0,0.0,0.0,0.0,0.0,0.0,0.0,0.0,0.0,0.0,0.0,10.0,10.0,1.0,0.0,1.0,0.0,1.0,1.0,1.0,0.0,1.0,1.0,0.0,1.0,1.0,4.0,0.0,2.0,0.0,2.0,2.0,3.0,0.0,2.0,8.0,0.0,1.0,18.0,4.0,14.0,1.0,1.0,48.0,1.0,0.0,0.0,0.0,0.0,0.0,1.0,0.0,0.0,0.0,0.0,1.0,0.0,0.0,0.0,1.0,1.0,0.0,0.0,0.0,0.0,1.0,1.0,0.0,0.0,0.0,0.0,0.0,0.0,0.0,0.0,0.0,1.0,1.0,0.0,0.0,0.0,0.0,0.0,0.0,9.0,18.0,57.0,5.0,3.0,4.0,0.0,3.0,26.0,41.0,14.0,6.0,3.0,3.0,2.0,94.0,0.0,96.0,44.0,52.0,79.0,17.0,0.0,59.0,34.0,3.0,0.0,75.0,21.0,2.0,8.0,54.0,22.0,10.0,0.0,13.0,18.0,33.0,20.0,12.0,86.0,8.0,1.0,1.0,0.0,77.0,14.0,5.0,4.0,15.0,17.0,18.0,25.0,3.0,14.0,84.0,12.0,77.0,19.0,40.0,47.0,9.0,6.0,11.0,15.0,18.0,16.0,1.0,29.0,85.0,11.0,61.0,35.0,38.0,42.0,16.0,92.0,4.0,89.0,7.0,85.0,11.0,93.0,3.0,64.0,32.0,45.0,45.0,6.0,77.0,17.0,2.0,19.0,22.0,14.0,30.0,11.0,34.0,32.0,9.0,17.0,4.0,21.0,75.0,31.0,56.0,7.0,2.0,78.0,5.0,13.0,58.0,27.0,11.0,83.0,12.0,1.0,19.0,77.0,81.0,15.0,65.0,30.0,1.0,0.0,80.0,16.0,0.0,54.0,40.0,2.0,88.0,8.0,0.0,80.0,13.0,3.0,0.0,56.0,40.0,48.0,47.0,1.0,0.0,91.0,4.0,1.0,63.0,31.0,2.0,63.0,31.0,2.0,80.0,15.0,1.0,91.0,3.0,1.0,1.0,7.0,15.0,44.0,30.0,Abaixo da média
328,26110881,2017,1,2,2605,26017,26,2607901,260790105,2,1,1.0,1.0,1.0,0.0,0.0,0.0,0.0,0.0,0.0,0.0,0.0,0.0,0.0,1.0,1.0,0.0,0.0,0.0,0.0,1.0,0.0,0.0,0.0,1.0,0.0,0.0,1.0,0.0,0.0,0.0,0.0,0.0,1.0,1.0,1.0,0.0,1.0,0.0,0.0,0.0,1.0,1.0,0.0,1.0,0.0,0.0,0.0,1.0,0.0,1.0,0.0,0.0,0.0,0.0,0.0,0.0,0.0,0.0,0.0,0.0,0.0,0.0,0.0,0.0,15.0,15.0,0.0,0.0,0.0,0.0,0.0,0.0,0.0,0.0,0.0,0.0,0.0,0.0,1.0,0.0,0.0,0.0,0.0,0.0,0.0,0.0,0.0,0.0,0.0,0.0,0.0,11.0,3.0,8.0,1.0,1.0,50.0,1.0,0.0,0.0,0.0,0.0,0.0,1.0,0.0,0.0,0.0,0.0,1.0,0.0,0.0,0.0,1.0,0.0,0.0,0.0,0.0,0.0,0.0,1.0,0.0,0.0,0.0,0.0,0.0,0.0,0.0,0.0,0.0,0.0,0.0,0.0,0.0,0.0,0.0,0.0,0.0,37.0,26.0,71.0,7.0,2.0,7.0,0.0,10.0,80.0,54.0,6.0,0.0,0.0,0.0,3.0,147.0,0.0,150.0,35.0,115.0,85.0,63.0,2.0,46.0,79.0,25.0,0.0,104.0,46.0,2.0,8.0,91.0,40.0,9.0,0.0,15.0,35.0,70.0,21.0,9.0,142.0,8.0,0.0,0.0,0.0,132.0,10.0,8.0,3.0,9.0,16.0,22.0,72.0,19.0,9.0,145.0,5.0,126.0,24.0,77.0,60.0,13.0,2.0,11.0,16.0,19.0,61.0,17.0,24.0,147.0,3.0,104.0,46.0,114.0,30.0,6.0,149.0,1.0,139.0,11.0,128.0,22.0,147.0,3.0,112.0,38.0,72.0,65.0,13.0,115.0,33.0,2.0,15.0,45.0,44.0,40.0,6.0,63.0,50.0,12.0,5.0,20.0,10.0,140.0,85.0,65.0,0.0,0.0,131.0,4.0,15.0,134.0,16.0,0.0,145.0,5.0,0.0,13.0,137.0,122.0,28.0,121.0,27.0,2.0,0.0,143.0,7.0,0.0,106.0,44.0,0.0,144.0,6.0,0.0,146.0,3.0,1.0,0.0,94.0,56.0,108.0,39.0,3.0,0.0,147.0,3.0,0.0,126.0,24.0,0.0,104.0,46.0,0.0,126.0,24.0,0.0,142.0,8.0,0.0,0.0,42.0,88.0,20.0,0.0,Acima da média
329,26110970,2017,1,2,2605,26017,26,2607901,260790120,2,1,1.0,1.0,1.0,0.0,0.0,0.0,0.0,0.0,0.0,0.0,0.0,0.0,0.0,1.0,1.0,0.0,0.0,0.0,0.0,1.0,0.0,0.0,0.0,1.0,0.0,0.0,1.0,0.0,0.0,0.0,0.0,0.0,1.0,1.0,1.0,0.0,0.0,1.0,0.0,1.0,1.0,1.0,0.0,1.0,0.0,0.0,0.0,1.0,0.0,0.0,0.0,0.0,0.0,0.0,0.0,0.0,0.0,0.0,0.0,0.0,0.0,0.0,0.0,0.0,19.0,26.0,0.0,0.0,0.0,0.0,0.0,0.0,0.0,0.0,0.0,0.0,0.0,0.0,1.0,0.0,0.0,0.0,0.0,0.0,0.0,0.0,0.0,0.0,0.0,0.0,0.0,10.0,1.0,10.0,1.0,1.0,50.0,1.0,0.0,1.0,0.0,0.0,0.0,1.0,0.0,0.0,1.0,0.0,1.0,0.0,0.0,0.0,1.0,1.0,0.0,0.0,0.0,0.0,1.0,1.0,0.0,0.0,0.0,0.0,0.0,0.0,0.0,0.0,0.0,1.0,1.0,0.0,0.0,0.0,0.0,0.0,0.0,17.0,16.0,31.0,5.0,2.0,1.0,0.0,1.0,25.0,28.0,14.0,4.0,0.0,0.0,1.0,71.0,1.0,71.0,24.0,48.0,53.0,17.0,2.0,32.0,35.0,5.0,1.0,62.0,9.0,1.0,2.0,50.0,16.0,3.0,0.0,10.0,13.0,29.0,11.0,9.0,63.0,6.0,3.0,0.0,0.0,64.0,5.0,3.0,0.0,12.0,16.0,6.0,29.0,4.0,5.0,66.0,6.0,55.0,17.0,43.0,26.0,3.0,2.0,12.0,9.0,7.0,23.0,4.0,15.0,63.0,9.0,48.0,24.0,24.0,34.0,14.0,71.0,1.0,67.0,5.0,64.0,8.0,70.0,2.0,55.0,17.0,30.0,33.0,9.0,56.0,15.0,1.0,14.0,18.0,15.0,24.0,1.0,16.0,32.0,7.0,8.0,9.0,17.0,55.0,31.0,36.0,5.0,0.0,54.0,2.0,16.0,42.0,19.0,11.0,70.0,2.0,0.0,9.0,63.0,55.0,17.0,41.0,24.0,2.0,5.0,60.0,9.0,3.0,48.0,20.0,4.0,67.0,1.0,4.0,51.0,14.0,1.0,6.0,47.0,25.0,32.0,35.0,3.0,2.0,67.0,2.0,3.0,58.0,11.0,3.0,46.0,24.0,2.0,62.0,8.0,2.0,68.0,2.0,0.0,2.0,2.0,21.0,43.0,6.0,Abaixo da média
330,26110997,2017,1,2,2605,26017,26,2607901,260790105,2,1,1.0,1.0,1.0,0.0,0.0,0.0,0.0,0.0,0.0,0.0,0.0,0.0,0.0,1.0,1.0,0.0,0.0,0.0,0.0,1.0,0.0,0.0,0.0,1.0,0.0,0.0,1.0,0.0,0.0,0.0,0.0,0.0,1.0,1.0,1.0,1.0,0.0,1.0,0.0,1.0,1.0,1.0,0.0,1.0,0.0,0.0,0.0,1.0,0.0,1.0,1.0,1.0,1.0,0.0,1.0,0.0,1.0,1.0,0.0,0.0,0.0,1.0,0.0,0.0,15.0,13.0,1.0,0.0,1.0,0.0,1.0,1.0,1.0,1.0,1.0,1.0,0.0,1.0,1.0,3.0,0.0,2.0,0.0,1.0,3.0,1.0,3.0,3.0,15.0,0.0,3.0,21.0,11.0,10.0,1.0,1.0,45.0,1.0,0.0,0.0,0.0,0.0,0.0,1.0,0.0,0.0,0.0,0.0,1.0,0.0,0.0,0.0,1.0,1.0,0.0,0.0,0.0,0.0,0.0,1.0,0.0,0.0,0.0,0.0,0.0,0.0,0.0,0.0,0.0,0.0,1.0,0.0,0.0,0.0,0.0,0.0,0.0,15.0,19.0,53.0,8.0,4.0,8.0,0.0,10.0,59.0,31.0,7.0,0.0,0.0,0.0,2.0,105.0,0.0,107.0,41.0,66.0,70.0,34.0,3.0,44.0,52.0,11.0,1.0,75.0,31.0,1.0,6.0,70.0,25.0,5.0,0.0,12.0,37.0,38.0,15.0,5.0,101.0,3.0,2.0,1.0,0.0,98.0,7.0,2.0,0.0,9.0,10.0,16.0,54.0,7.0,11.0,104.0,3.0,100.0,7.0,66.0,38.0,3.0,1.0,10.0,22.0,11.0,39.0,5.0,19.0,103.0,4.0,85.0,22.0,67.0,35.0,5.0,107.0,0.0,105.0,2.0,100.0,7.0,106.0,1.0,90.0,17.0,44.0,52.0,11.0,81.0,21.0,5.0,14.0,29.0,28.0,32.0,4.0,41.0,44.0,5.0,9.0,8.0,3.0,104.0,51.0,50.0,4.0,2.0,88.0,7.0,12.0,94.0,11.0,2.0,106.0,1.0,0.0,16.0,91.0,92.0,15.0,60.0,38.0,4.0,5.0,85.0,19.0,3.0,56.0,47.0,4.0,92.0,12.0,3.0,69.0,31.0,3.0,4.0,68.0,39.0,56.0,39.0,8.0,4.0,97.0,6.0,4.0,58.0,45.0,4.0,68.0,34.0,5.0,84.0,20.0,3.0,93.0,11.0,1.0,2.0,3.0,41.0,53.0,10.0,Média
331,26111012,2017,1,2,2605,26017,26,2607901,260790105,2,1,1.0,1.0,1.0,0.0,0.0,0.0,0.0,0.0,0.0,0.0,0.0,0.0,0.0,1.0,1.0,0.0,0.0,0.0,0.0,1.0,0.0,0.0,0.0,0.0,1.0,0.0,1.0,0.0,0.0,0.0,0.0,0.0,1.0,1.0,1.0,0.0,0.0,0.0,0.0,0.0,1.0,1.0,0.0,1.0,0.0,0.0,0.0,1.0,0.0,0.0,0.0,0.0,0.0,0.0,0.0,0.0,0.0,0.0,0.0,0.0,0.0,0.0,0.0,0.0,12.0,11.0,0.0,0.0,0.0,0.0,0.0,0.0,0.0,0.0,0.0,0.0,0.0,0.0,1.0,0.0,0.0,0.0,0.0,0.0,0.0,0.0,0.0,0.0,0.0,0.0,0.0,13.0,2.0,10.0,1.0,1.0,51.0,1.0,0.0,0.0,0.0,0.0,0.0,1.0,0.0,0.0,0.0,0.0,1.0,0.0,0.0,0.0,1.0,0.0,0.0,0.0,0.0,0.0,0.0,1.0,0.0,0.0,0.0,0.0,0.0,0.0,0.0,0.0,0.0,0.0,0.0,0.0,0.0,0.0,0.0,0.0,0.0,7.0,11.0,34.0,2.0,2.0,9.0,0.0,2.0,41.0,18.0,3.0,0.0,0.0,1.0,0.0,65.0,0.0,65.0,18.0,47.0,39.0,24.0,2.0,25.0,30.0,10.0,0.0,47.0,18.0,0.0,2.0,41.0,17.0,5.0,0.0,9.0,19.0,16.0,11.0,10.0,61.0,2.0,2.0,0.0,0.0,54.0,5.0,6.0,0.0,5.0,7.0,10.0,29.0,5.0,9.0,63.0,2.0,59.0,6.0,33.0,24.0,8.0,1.0,7.0,8.0,11.0,20.0,6.0,12.0,62.0,3.0,49.0,16.0,49.0,13.0,3.0,65.0,0.0,59.0,6.0,57.0,8.0,65.0,0.0,47.0,18.0,25.0,33.0,7.0,51.0,14.0,0.0,13.0,19.0,16.0,15.0,2.0,33.0,19.0,2.0,3.0,8.0,5.0,60.0,26.0,37.0,2.0,0.0,49.0,3.0,13.0,56.0,8.0,1.0,63.0,2.0,0.0,12.0,53.0,56.0,9.0,36.0,26.0,2.0,1.0,49.0,13.0,3.0,33.0,30.0,2.0,61.0,2.0,2.0,58.0,5.0,2.0,0.0,32.0,33.0,36.0,26.0,1.0,2.0,59.0,6.0,0.0,42.0,23.0,0.0,35.0,29.0,1.0,57.0,8.0,0.0,63.0,2.0,0.0,0.0,6.0,37.0,19.0,3.0,Acima da média
332,26111020,2017,1,2,2605,26017,26,2607901,260790105,2,1,1.0,1.0,1.0,0.0,0.0,0.0,0.0,0.0,0.0,0.0,1.0,0.0,0.0,1.0,0.0,0.0,1.0,0.0,0.0,1.0,0.0,0.0,0.0,0.0,1.0,0.0,1.0,0.0,0.0,0.0,0.0,0.0,1.0,1.0,0.0,0.0,0.0,0.0,1.0,1.0,1.0,1.0,0.0,1.0,0.0,0.0,0.0,1.0,0.0,0.0,0.0,1.0,0.0,0.0,1.0,0.0,0.0,1.0,1.0,0.0,0.0,1.0,0.0,0.0,10.0,10.0,1.0,0.0,1.0,1.0,1.0,1.0,1.0,0.0,1.0,1.0,0.0,1.0,1.0,5.0,0.0,2.0,1.0,1.0,1.0,4.0,0.0,2.0,10.0,0.0,1.0,6.0,3.0,1.0,1.0,1.0,67.0,1.0,0.0,0.0,0.0,0.0,0.0,1.0,0.0,0.0,1.0,0.0,1.0,0.0,0.0,1.0,1.0,1.0,0.0,0.0,0.0,0.0,0.0,1.0,0.0,0.0,0.0,0.0,1.0,0.0,0.0,0.0,0.0,0.0,1.0,0.0,0.0,0.0,0.0,0.0,0.0,7.0,8.0,39.0,4.0,1.0,4.0,0.0,4.0,24.0,27.0,6.0,2.0,0.0,0.0,3.0,60.0,0.0,63.0,32.0,31.0,50.0,13.0,0.0,29.0,32.0,2.0,0.0,49.0,14.0,0.0,3.0,32.0,23.0,5.0,0.0,5.0,14.0,27.0,10.0,7.0,59.0,2.0,2.0,0.0,0.0,47.0,12.0,4.0,3.0,6.0,11.0,14.0,19.0,2.0,8.0,54.0,9.0,50.0,13.0,27.0,31.0,5.0,5.0,9.0,9.0,8.0,14.0,2.0,16.0,47.0,16.0,39.0,24.0,30.0,22.0,11.0,63.0,0.0,57.0,6.0,58.0,5.0,63.0,0.0,35.0,28.0,15.0,40.0,8.0,49.0,13.0,1.0,12.0,21.0,6.0,19.0,5.0,19.0,29.0,9.0,3.0,3.0,2.0,61.0,12.0,47.0,3.0,1.0,50.0,1.0,12.0,40.0,20.0,3.0,59.0,3.0,1.0,16.0,47.0,58.0,5.0,34.0,25.0,1.0,3.0,42.0,19.0,2.0,38.0,23.0,2.0,59.0,2.0,2.0,49.0,11.0,1.0,2.0,34.0,29.0,29.0,26.0,7.0,1.0,58.0,5.0,0.0,35.0,28.0,0.0,37.0,26.0,0.0,57.0,6.0,0.0,55.0,7.0,0.0,1.0,16.0,36.0,11.0,0.0,Abaixo da média
333,26111071,2017,1,2,2605,26017,26,2607901,260790115,2,1,1.0,1.0,1.0,0.0,0.0,0.0,0.0,0.0,0.0,0.0,0.0,1.0,0.0,1.0,1.0,0.0,0.0,0.0,0.0,1.0,0.0,0.0,0.0,0.0,1.0,0.0,1.0,0.0,0.0,0.0,0.0,0.0,1.0,1.0,0.0,0.0,1.0,0.0,0.0,0.0,1.0,1.0,0.0,1.0,0.0,0.0,0.0,1.0,0.0,0.0,0.0,0.0,0.0,0.0,0.0,0.0,0.0,0.0,0.0,0.0,0.0,0.0,0.0,0.0,8.0,8.0,0.0,0.0,0.0,0.0,0.0,0.0,0.0,0.0,0.0,0.0,0.0,0.0,1.0,0.0,0.0,0.0,0.0,0.0,0.0,0.0,0.0,0.0,0.0,0.0,0.0,20.0,2.0,10.0,1.0,1.0,56.0,1.0,0.0,1.0,0.0,0.0,0.0,1.0,0.0,0.0,0.0,0.0,1.0,0.0,0.0,0.0,1.0,1.0,0.0,0.0,0.0,0.0,1.0,1.0,0.0,0.0,0.0,0.0,0.0,0.0,0.0,0.0,0.0,0.0,1.0,0.0,0.0,0.0,0.0,0.0,0.0,32.0,33.0,66.0,4.0,4.0,13.0,0.0,5.0,62.0,62.0,16.0,3.0,0.0,4.0,6.0,146.0,1.0,151.0,54.0,98.0,122.0,26.0,4.0,76.0,67.0,9.0,0.0,127.0,25.0,1.0,18.0,83.0,47.0,3.0,0.0,11.0,36.0,54.0,27.0,24.0,137.0,11.0,4.0,0.0,0.0,133.0,14.0,5.0,0.0,21.0,28.0,27.0,52.0,5.0,19.0,143.0,9.0,131.0,21.0,82.0,62.0,8.0,5.0,25.0,27.0,15.0,32.0,7.0,41.0,137.0,15.0,101.0,51.0,62.0,59.0,31.0,150.0,2.0,144.0,8.0,139.0,13.0,151.0,1.0,110.0,42.0,54.0,78.0,20.0,116.0,29.0,7.0,26.0,42.0,27.0,52.0,5.0,31.0,63.0,20.0,23.0,15.0,26.0,126.0,68.0,76.0,7.0,1.0,113.0,9.0,30.0,106.0,41.0,5.0,144.0,6.0,2.0,24.0,128.0,134.0,18.0,92.0,48.0,3.0,9.0,106.0,32.0,14.0,89.0,50.0,13.0,131.0,8.0,13.0,106.0,32.0,3.0,11.0,71.0,81.0,55.0,71.0,14.0,12.0,130.0,12.0,10.0,82.0,58.0,12.0,82.0,60.0,10.0,123.0,17.0,12.0,103.0,33.0,5.0,11.0,10.0,23.0,46.0,73.0,Abaixo da média
334,26111195,2017,1,2,2605,26017,26,2607901,260790105,2,1,1.0,1.0,1.0,0.0,0.0,0.0,0.0,0.0,0.0,0.0,0.0,0.0,0.0,1.0,1.0,0.0,0.0,0.0,0.0,1.0,0.0,0.0,0.0,0.0,1.0,0.0,1.0,0.0,0.0,0.0,0.0,0.0,0.0,1.0,1.0,0.0,0.0,0.0,1.0,1.0,1.0,1.0,0.0,1.0,0.0,0.0,0.0,1.0,0.0,0.0,0.0,0.0,0.0,0.0,0.0,0.0,0.0,0.0,0.0,0.0,0.0,0.0,0.0,0.0,11.0,10.0,1.0,0.0,0.0,0.0,1.0,1.0,1.0,0.0,1.0,1.0,1.0,1.0,1.0,4.0,0.0,0.0,0.0,1.0,1.0,3.0,0.0,5.0,12.0,1.0,2.0,15.0,3.0,12.0,1.0,0.0,36.0,1.0,0.0,0.0,0.0,0.0,0.0,1.0,0.0,0.0,0.0,0.0,1.0,0.0,0.0,0.0,1.0,1.0,0.0,0.0,0.0,0.0,0.0,1.0,0.0,0.0,0.0,0.0,0.0,0.0,0.0,0.0,0.0,0.0,1.0,0.0,0.0,0.0,0.0,0.0,0.0,15.0,17.0,65.0,4.0,2.0,8.0,0.0,6.0,42.0,50.0,9.0,3.0,1.0,0.0,0.0,111.0,1.0,110.0,43.0,68.0,80.0,28.0,3.0,55.0,43.0,13.0,0.0,75.0,36.0,0.0,7.0,59.0,42.0,3.0,1.0,10.0,30.0,39.0,24.0,7.0,99.0,11.0,1.0,0.0,0.0,98.0,7.0,6.0,3.0,10.0,14.0,17.0,49.0,8.0,10.0,106.0,5.0,97.0,14.0,49.0,53.0,9.0,2.0,11.0,16.0,18.0,30.0,5.0,29.0,104.0,7.0,64.0,47.0,69.0,32.0,10.0,110.0,1.0,105.0,6.0,90.0,21.0,110.0,1.0,78.0,33.0,30.0,61.0,20.0,85.0,25.0,1.0,13.0,27.0,29.0,39.0,3.0,38.0,43.0,10.0,9.0,11.0,16.0,95.0,47.0,56.0,7.0,1.0,93.0,3.0,15.0,81.0,27.0,3.0,103.0,6.0,2.0,12.0,99.0,94.0,17.0,68.0,37.0,5.0,1.0,90.0,19.0,2.0,62.0,46.0,3.0,101.0,8.0,2.0,104.0,5.0,0.0,2.0,58.0,53.0,41.0,48.0,16.0,6.0,98.0,8.0,5.0,75.0,31.0,5.0,65.0,41.0,5.0,86.0,20.0,5.0,94.0,9.0,3.0,5.0,16.0,64.0,31.0,0.0,Acima da média
336,26111225,2017,1,2,2605,26017,26,2607901,260790105,2,1,1.0,1.0,1.0,0.0,0.0,0.0,0.0,0.0,0.0,0.0,0.0,0.0,0.0,1.0,1.0,0.0,0.0,0.0,0.0,1.0,0.0,0.0,0.0,0.0,1.0,0.0,1.0,0.0,0.0,0.0,0.0,0.0,1.0,1.0,1.0,1.0,0.0,0.0,1.0,1.0,1.0,1.0,0.0,1.0,0.0,0.0,0.0,1.0,0.0,1.0,0.0,1.0,1.0,1.0,1.0,1.0,1.0,0.0,0.0,0.0,0.0,0.0,0.0,0.0,12.0,12.0,0.0,0.0,0.0,0.0,1.0,0.0,1.0,0.0,1.0,1.0,0.0,1.0,1.0,0.0,0.0,0.0,0.0,1.0,0.0,2.0,0.0,5.0,16.0,0.0,2.0,13.0,3.0,10.0,1.0,1.0,44.0,1.0,0.0,0.0,0.0,0.0,0.0,1.0,0.0,0.0,0.0,0.0,1.0,0.0,0.0,0.0,1.0,0.0,0.0,0.0,0.0,0.0,0.0,1.0,0.0,0.0,0.0,0.0,0.0,0.0,0.0,0.0,0.0,0.0,0.0,0.0,0.0,0.0,0.0,0.0,0.0,25.0,19.0,62.0,4.0,5.0,5.0,0.0,7.0,54.0,50.0,8.0,1.0,0.0,0.0,5.0,115.0,1.0,119.0,49.0,71.0,90.0,27.0,3.0,50.0,60.0,10.0,0.0,97.0,23.0,0.0,4.0,77.0,33.0,6.0,0.0,9.0,35.0,47.0,20.0,9.0,109.0,10.0,1.0,0.0,0.0,106.0,10.0,4.0,1.0,14.0,21.0,13.0,52.0,10.0,9.0,111.0,9.0,101.0,19.0,71.0,43.0,6.0,1.0,15.0,12.0,18.0,47.0,3.0,24.0,110.0,10.0,82.0,38.0,66.0,42.0,12.0,116.0,4.0,110.0,10.0,103.0,17.0,119.0,1.0,76.0,44.0,41.0,64.0,15.0,90.0,26.0,4.0,12.0,31.0,22.0,51.0,4.0,39.0,45.0,6.0,12.0,18.0,3.0,117.0,58.0,55.0,6.0,1.0,91.0,4.0,25.0,93.0,22.0,5.0,119.0,1.0,0.0,19.0,101.0,90.0,30.0,49.0,42.0,7.0,22.0,86.0,12.0,22.0,60.0,37.0,23.0,87.0,10.0,23.0,82.0,11.0,4.0,23.0,74.0,46.0,50.0,52.0,6.0,12.0,100.0,6.0,14.0,74.0,32.0,14.0,72.0,36.0,12.0,90.0,18.0,12.0,98.0,10.0,0.0,12.0,14.0,66.0,40.0,0.0,Acima da média
338,26111268,2017,1,2,2605,26017,26,2607901,260790105,2,1,1.0,1.0,2.0,0.0,0.0,0.0,0.0,0.0,0.0,0.0,0.0,0.0,0.0,1.0,1.0,0.0,0.0,0.0,0.0,1.0,0.0,0.0,0.0,1.0,0.0,0.0,1.0,0.0,0.0,0.0,0.0,0.0,1.0,1.0,1.0,0.0,0.0,1.0,0.0,1.0,1.0,1.0,0.0,1.0,0.0,0.0,0.0,1.0,0.0,0.0,0.0,0.0,0.0,0.0,0.0,0.0,0.0,0.0,0.0,0.0,0.0,0.0,0.0,0.0,13.0,13.0,0.0,0.0,0.0,0.0,0.0,0.0,0.0,0.0,0.0,0.0,0.0,0.0,1.0,0.0,0.0,0.0,0.0,0.0,0.0,0.0,0.0,0.0,0.0,0.0,0.0,12.0,1.0,10.0,1.0,0.0,53.0,1.0,0.0,0.0,0.0,0.0,0.0,1.0,0.0,0.0,1.0,0.0,1.0,0.0,0.0,0.0,1.0,0.0,0.0,0.0,0.0,0.0,0.0,1.0,0.0,0.0,0.0,0.0,0.0,0.0,0.0,0.0,0.0,0.0,0.0,0.0,0.0,0.0,0.0,0.0,0.0,28.0,27.0,66.0,11.0,5.0,12.0,0.0,8.0,48.0,45.0,27.0,8.0,4.0,9.0,8.0,141.0,2.0,147.0,55.0,94.0,117.0,30.0,2.0,77.0,59.0,13.0,4.0,118.0,27.0,3.0,14.0,86.0,38.0,8.0,1.0,13.0,48.0,44.0,21.0,22.0,133.0,9.0,5.0,0.0,2.0,118.0,23.0,8.0,4.0,27.0,19.0,24.0,54.0,4.0,17.0,138.0,11.0,120.0,29.0,71.0,73.0,5.0,2.0,22.0,30.0,14.0,38.0,10.0,33.0,134.0,15.0,99.0,50.0,47.0,62.0,40.0,147.0,2.0,133.0,16.0,126.0,23.0,143.0,6.0,100.0,49.0,47.0,77.0,25.0,97.0,43.0,9.0,23.0,31.0,25.0,63.0,7.0,42.0,56.0,14.0,15.0,22.0,40.0,109.0,48.0,85.0,16.0,0.0,118.0,6.0,25.0,80.0,46.0,23.0,123.0,19.0,7.0,20.0,129.0,126.0,23.0,70.0,67.0,4.0,8.0,103.0,37.0,9.0,83.0,56.0,10.0,131.0,7.0,11.0,109.0,26.0,3.0,11.0,83.0,66.0,61.0,64.0,15.0,9.0,125.0,14.0,10.0,92.0,48.0,9.0,95.0,42.0,12.0,124.0,15.0,10.0,104.0,32.0,5.0,8.0,13.0,72.0,61.0,3.0,Abaixo da média
341,26111349,2017,1,2,2605,26017,26,2607901,260790105,2,1,1.0,1.0,1.0,0.0,0.0,0.0,0.0,0.0,0.0,0.0,0.0,0.0,0.0,1.0,1.0,0.0,1.0,0.0,0.0,1.0,0.0,0.0,0.0,0.0,1.0,0.0,1.0,0.0,0.0,0.0,0.0,0.0,1.0,1.0,1.0,0.0,0.0,0.0,0.0,0.0,1.0,1.0,0.0,1.0,0.0,0.0,0.0,1.0,0.0,0.0,0.0,0.0,0.0,0.0,0.0,0.0,0.0,0.0,0.0,0.0,0.0,0.0,0.0,0.0,16.0,16.0,1.0,0.0,1.0,0.0,1.0,0.0,1.0,0.0,1.0,1.0,0.0,1.0,1.0,5.0,0.0,6.0,0.0,1.0,0.0,2.0,0.0,3.0,10.0,0.0,1.0,17.0,4.0,9.0,1.0,0.0,77.0,1.0,0.0,1.0,0.0,0.0,0.0,1.0,0.0,0.0,0.0,0.0,1.0,0.0,0.0,1.0,1.0,1.0,0.0,0.0,0.0,0.0,1.0,1.0,0.0,0.0,0.0,0.0,1.0,0.0,0.0,0.0,0.0,0.0,1.0,0.0,0.0,0.0,0.0,0.0,0.0,19.0,21.0,70.0,11.0,3.0,7.0,0.0,4.0,24.0,48.0,24.0,13.0,3.0,15.0,5.0,126.0,2.0,129.0,55.0,76.0,101.0,28.0,2.0,70.0,58.0,3.0,1.0,105.0,25.0,2.0,20.0,75.0,33.0,1.0,1.0,17.0,33.0,42.0,25.0,13.0,113.0,14.0,3.0,1.0,0.0,95.0,33.0,3.0,9.0,24.0,21.0,27.0,32.0,0.0,18.0,117.0,14.0,99.0,32.0,69.0,52.0,10.0,6.0,27.0,16.0,15.0,36.0,1.0,30.0,117.0,14.0,88.0,43.0,43.0,53.0,35.0,122.0,9.0,119.0,12.0,117.0,14.0,129.0,2.0,89.0,42.0,43.0,71.0,17.0,82.0,39.0,10.0,41.0,35.0,17.0,31.0,7.0,29.0,58.0,11.0,11.0,22.0,39.0,92.0,43.0,69.0,17.0,2.0,115.0,2.0,14.0,66.0,50.0,15.0,102.0,21.0,8.0,34.0,97.0,110.0,21.0,80.0,43.0,1.0,7.0,88.0,35.0,8.0,71.0,53.0,7.0,115.0,11.0,5.0,104.0,19.0,1.0,7.0,84.0,47.0,68.0,49.0,8.0,6.0,110.0,14.0,7.0,67.0,55.0,9.0,70.0,53.0,8.0,101.0,24.0,6.0,92.0,21.0,9.0,9.0,13.0,45.0,65.0,8.0,Abaixo da média
342,26111357,2017,1,2,2605,26017,26,2607901,260790105,2,1,1.0,1.0,1.0,0.0,0.0,0.0,0.0,0.0,0.0,0.0,0.0,0.0,0.0,1.0,1.0,0.0,0.0,0.0,0.0,1.0,0.0,0.0,0.0,1.0,0.0,0.0,1.0,0.0,0.0,0.0,0.0,0.0,1.0,1.0,1.0,0.0,0.0,0.0,0.0,0.0,1.0,1.0,0.0,1.0,0.0,0.0,0.0,1.0,0.0,1.0,0.0,0.0,0.0,0.0,0.0,0.0,0.0,0.0,0.0,0.0,0.0,0.0,0.0,0.0,12.0,11.0,0.0,0.0,0.0,0.0,0.0,0.0,0.0,0.0,0.0,0.0,0.0,0.0,1.0,0.0,0.0,0.0,0.0,0.0,0.0,0.0,0.0,0.0,0.0,0.0,0.0,12.0,2.0,9.0,1.0,1.0,58.0,1.0,0.0,0.0,0.0,0.0,0.0,1.0,0.0,0.0,0.0,0.0,1.0,0.0,0.0,0.0,1.0,1.0,0.0,0.0,0.0,0.0,0.0,1.0,0.0,0.0,0.0,0.0,0.0,0.0,0.0,0.0,0.0,0.0,1.0,0.0,0.0,0.0,0.0,0.0,0.0,37.0,25.0,104.0,9.0,7.0,21.0,0.0,7.0,68.0,79.0,23.0,16.0,4.0,6.0,8.0,195.0,2.0,201.0,82.0,121.0,154.0,45.0,4.0,118.0,77.0,8.0,0.0,149.0,54.0,0.0,22.0,122.0,54.0,5.0,2.0,33.0,40.0,81.0,26.0,21.0,180.0,19.0,4.0,0.0,0.0,168.0,31.0,4.0,5.0,24.0,31.0,30.0,86.0,10.0,17.0,189.0,14.0,160.0,43.0,97.0,100.0,6.0,6.0,26.0,34.0,20.0,65.0,5.0,47.0,181.0,22.0,124.0,79.0,100.0,74.0,29.0,199.0,4.0,188.0,15.0,175.0,28.0,203.0,0.0,133.0,70.0,66.0,108.0,29.0,143.0,54.0,6.0,25.0,56.0,27.0,90.0,5.0,58.0,77.0,19.0,26.0,23.0,37.0,166.0,93.0,89.0,17.0,4.0,154.0,9.0,40.0,118.0,62.0,23.0,178.0,18.0,7.0,31.0,172.0,155.0,48.0,107.0,78.0,8.0,10.0,131.0,58.0,14.0,108.0,82.0,13.0,186.0,6.0,11.0,123.0,60.0,12.0,8.0,134.0,69.0,141.0,55.0,5.0,2.0,196.0,3.0,4.0,124.0,70.0,9.0,128.0,70.0,5.0,164.0,34.0,5.0,180.0,20.0,2.0,1.0,27.0,74.0,99.0,3.0,Média
343,26111403,2017,1,2,2605,26017,26,2607901,260790115,2,1,1.0,1.0,1.0,0.0,0.0,0.0,0.0,0.0,0.0,0.0,0.0,0.0,0.0,1.0,1.0,0.0,0.0,0.0,0.0,1.0,0.0,0.0,0.0,0.0,1.0,0.0,1.0,0.0,0.0,0.0,0.0,0.0,1.0,1.0,1.0,0.0,0.0,0.0,0.0,0.0,1.0,1.0,0.0,1.0,0.0,0.0,0.0,1.0,0.0,0.0,0.0,1.0,0.0,0.0,1.0,0.0,1.0,1.0,0.0,0.0,0.0,1.0,0.0,0.0,16.0,9.0,1.0,0.0,0.0,0.0,0.0,0.0,1.0,1.0,1.0,1.0,0.0,1.0,1.0,1.0,0.0,0.0,0.0,0.0,0.0,2.0,2.0,4.0,19.0,0.0,1.0,25.0,5.0,20.0,1.0,1.0,27.0,1.0,0.0,0.0,0.0,0.0,0.0,1.0,0.0,0.0,0.0,0.0,1.0,0.0,0.0,0.0,1.0,0.0,0.0,0.0,0.0,0.0,0.0,1.0,0.0,0.0,0.0,0.0,0.0,0.0,0.0,0.0,0.0,0.0,0.0,0.0,0.0,0.0,0.0,0.0,0.0,18.0,7.0,38.0,3.0,2.0,3.0,0.0,1.0,34.0,21.0,10.0,5.0,0.0,0.0,3.0,68.0,1.0,70.0,26.0,45.0,56.0,14.0,1.0,33.0,33.0,5.0,0.0,58.0,13.0,0.0,2.0,52.0,16.0,1.0,0.0,9.0,21.0,24.0,11.0,6.0,69.0,1.0,1.0,0.0,0.0,60.0,7.0,4.0,2.0,8.0,9.0,17.0,27.0,3.0,5.0,66.0,5.0,53.0,18.0,33.0,31.0,7.0,5.0,8.0,8.0,7.0,25.0,2.0,16.0,66.0,5.0,47.0,24.0,29.0,31.0,11.0,69.0,2.0,63.0,8.0,56.0,15.0,69.0,2.0,46.0,25.0,13.0,46.0,12.0,50.0,20.0,1.0,8.0,16.0,23.0,22.0,2.0,16.0,25.0,16.0,6.0,8.0,3.0,68.0,28.0,37.0,6.0,0.0,54.0,4.0,13.0,51.0,15.0,5.0,65.0,6.0,0.0,13.0,58.0,58.0,13.0,49.0,16.0,2.0,4.0,49.0,19.0,3.0,33.0,35.0,3.0,65.0,3.0,3.0,57.0,9.0,1.0,4.0,45.0,26.0,38.0,27.0,6.0,0.0,66.0,5.0,0.0,37.0,33.0,1.0,45.0,26.0,0.0,59.0,12.0,0.0,59.0,10.0,1.0,1.0,18.0,40.0,13.0,0.0,Acima da média
344,26111411,2017,1,2,2605,26017,26,2607901,260790105,2,1,1.0,1.0,2.0,0.0,0.0,0.0,0.0,0.0,0.0,0.0,0.0,0.0,0.0,1.0,1.0,0.0,0.0,0.0,0.0,1.0,0.0,0.0,0.0,0.0,1.0,0.0,1.0,0.0,0.0,0.0,0.0,0.0,1.0,1.0,1.0,0.0,0.0,0.0,0.0,0.0,1.0,1.0,0.0,1.0,0.0,0.0,0.0,1.0,0.0,0.0,0.0,0.0,0.0,0.0,0.0,0.0,0.0,0.0,0.0,0.0,0.0,0.0,0.0,0.0,20.0,17.0,1.0,0.0,1.0,1.0,1.0,0.0,1.0,0.0,1.0,1.0,0.0,0.0,1.0,4.0,0.0,1.0,1.0,1.0,0.0,2.0,0.0,2.0,13.0,0.0,0.0,8.0,5.0,3.0,1.0,1.0,46.0,1.0,0.0,0.0,0.0,0.0,0.0,1.0,0.0,0.0,0.0,0.0,1.0,0.0,0.0,0.0,1.0,1.0,0.0,0.0,0.0,0.0,1.0,1.0,0.0,0.0,0.0,0.0,0.0,0.0,0.0,0.0,0.0,0.0,1.0,0.0,0.0,0.0,0.0,0.0,0.0,17.0,15.0,56.0,4.0,3.0,13.0,0.0,6.0,22.0,32.0,17.0,16.0,9.0,6.0,4.0,104.0,2.0,106.0,49.0,59.0,84.0,24.0,0.0,58.0,44.0,6.0,1.0,89.0,18.0,1.0,16.0,58.0,30.0,3.0,3.0,13.0,20.0,37.0,15.0,20.0,94.0,12.0,1.0,1.0,0.0,74.0,30.0,4.0,5.0,24.0,21.0,12.0,30.0,4.0,12.0,96.0,12.0,88.0,20.0,52.0,51.0,5.0,6.0,19.0,15.0,13.0,20.0,4.0,31.0,94.0,14.0,73.0,35.0,24.0,59.0,25.0,103.0,5.0,95.0,13.0,100.0,8.0,104.0,4.0,72.0,36.0,26.0,71.0,11.0,80.0,23.0,5.0,30.0,22.0,19.0,28.0,9.0,38.0,27.0,12.0,22.0,9.0,32.0,76.0,37.0,51.0,19.0,1.0,84.0,6.0,18.0,47.0,38.0,23.0,84.0,17.0,7.0,24.0,84.0,92.0,16.0,77.0,25.0,4.0,2.0,82.0,24.0,2.0,74.0,32.0,2.0,105.0,2.0,1.0,65.0,36.0,4.0,3.0,61.0,47.0,56.0,42.0,8.0,2.0,99.0,7.0,2.0,64.0,42.0,2.0,64.0,39.0,5.0,89.0,16.0,3.0,84.0,17.0,5.0,2.0,19.0,62.0,24.0,3.0,Abaixo da média
348,26100940,2017,1,2,2604,26015,26,2607950,260795005,2,1,1.0,1.0,1.0,0.0,0.0,0.0,0.0,0.0,0.0,0.0,0.0,0.0,0.0,1.0,1.0,1.0,0.0,0.0,0.0,1.0,0.0,0.0,0.0,1.0,0.0,0.0,1.0,1.0,0.0,0.0,0.0,0.0,1.0,1.0,1.0,1.0,0.0,1.0,0.0,1.0,1.0,1.0,0.0,1.0,0.0,0.0,0.0,1.0,0.0,1.0,0.0,1.0,0.0,0.0,1.0,0.0,0.0,0.0,0.0,0.0,0.0,0.0,0.0,0.0,17.0,11.0,1.0,0.0,0.0,0.0,1.0,0.0,1.0,1.0,1.0,1.0,1.0,1.0,1.0,4.0,0.0,0.0,0.0,1.0,0.0,5.0,1.0,1.0,3.0,1.0,1.0,22.0,3.0,19.0,1.0,1.0,48.0,1.0,0.0,0.0,0.0,0.0,0.0,1.0,0.0,0.0,0.0,0.0,1.0,0.0,0.0,0.0,1.0,1.0,1.0,0.0,0.0,0.0,0.0,1.0,0.0,1.0,0.0,0.0,0.0,0.0,0.0,0.0,0.0,1.0,1.0,0.0,0.0,0.0,0.0,0.0,0.0,26.0,5.0,49.0,3.0,5.0,2.0,1.0,21.0,35.0,25.0,7.0,1.0,0.0,0.0,5.0,85.0,1.0,89.0,60.0,30.0,74.0,15.0,1.0,62.0,24.0,4.0,2.0,72.0,16.0,0.0,5.0,32.0,42.0,11.0,1.0,7.0,21.0,21.0,22.0,18.0,84.0,5.0,1.0,0.0,0.0,79.0,9.0,2.0,9.0,27.0,14.0,7.0,20.0,5.0,8.0,71.0,19.0,60.0,30.0,49.0,38.0,3.0,9.0,30.0,14.0,10.0,8.0,5.0,14.0,67.0,23.0,48.0,42.0,81.0,5.0,4.0,88.0,2.0,88.0,2.0,79.0,11.0,90.0,0.0,74.0,16.0,39.0,44.0,7.0,57.0,32.0,1.0,25.0,25.0,11.0,23.0,6.0,26.0,31.0,4.0,6.0,23.0,3.0,87.0,19.0,46.0,23.0,2.0,88.0,0.0,2.0,65.0,23.0,2.0,85.0,5.0,0.0,31.0,59.0,79.0,11.0,68.0,18.0,1.0,3.0,78.0,8.0,4.0,45.0,39.0,6.0,79.0,8.0,3.0,80.0,7.0,0.0,3.0,60.0,30.0,47.0,40.0,3.0,0.0,89.0,1.0,0.0,87.0,3.0,0.0,58.0,31.0,1.0,69.0,21.0,0.0,85.0,5.0,0.0,0.0,22.0,56.0,12.0,0.0,Abaixo da média
349,26057743,2017,1,2,2603,26008,26,2608008,260800805,2,1,1.0,1.0,1.0,0.0,0.0,0.0,0.0,0.0,0.0,0.0,0.0,0.0,0.0,1.0,1.0,0.0,0.0,0.0,0.0,1.0,0.0,0.0,0.0,1.0,0.0,0.0,1.0,0.0,0.0,0.0,0.0,1.0,1.0,1.0,0.0,0.0,0.0,0.0,1.0,1.0,1.0,1.0,0.0,1.0,0.0,0.0,0.0,1.0,0.0,0.0,0.0,0.0,0.0,0.0,0.0,0.0,0.0,0.0,0.0,0.0,0.0,0.0,0.0,0.0,10.0,10.0,1.0,1.0,1.0,1.0,1.0,1.0,1.0,1.0,1.0,1.0,0.0,1.0,1.0,3.0,1.0,2.0,1.0,1.0,2.0,2.0,1.0,3.0,8.0,0.0,1.0,22.0,1.0,20.0,1.0,1.0,31.0,1.0,0.0,0.0,0.0,0.0,0.0,1.0,0.0,0.0,1.0,0.0,1.0,0.0,0.0,0.0,1.0,1.0,0.0,0.0,0.0,0.0,0.0,1.0,0.0,0.0,0.0,0.0,0.0,0.0,0.0,0.0,0.0,0.0,1.0,0.0,0.0,0.0,0.0,0.0,0.0,23.0,5.0,66.0,8.0,2.0,8.0,0.0,17.0,43.0,31.0,19.0,2.0,0.0,0.0,4.0,108.0,1.0,111.0,83.0,29.0,85.0,24.0,3.0,80.0,32.0,0.0,4.0,96.0,12.0,0.0,5.0,50.0,53.0,4.0,0.0,8.0,25.0,30.0,35.0,14.0,108.0,4.0,0.0,0.0,0.0,102.0,9.0,1.0,9.0,33.0,21.0,5.0,17.0,5.0,22.0,84.0,28.0,72.0,40.0,66.0,43.0,3.0,14.0,35.0,18.0,4.0,8.0,3.0,30.0,63.0,49.0,36.0,76.0,92.0,17.0,3.0,112.0,0.0,106.0,6.0,90.0,22.0,110.0,2.0,82.0,30.0,23.0,75.0,14.0,71.0,38.0,3.0,27.0,31.0,21.0,25.0,8.0,37.0,26.0,14.0,7.0,28.0,9.0,103.0,45.0,56.0,10.0,1.0,106.0,1.0,5.0,73.0,34.0,5.0,107.0,5.0,0.0,12.0,100.0,94.0,18.0,74.0,36.0,0.0,2.0,83.0,24.0,5.0,56.0,50.0,6.0,100.0,7.0,5.0,93.0,13.0,3.0,3.0,87.0,25.0,75.0,30.0,1.0,6.0,101.0,4.0,7.0,58.0,48.0,6.0,78.0,27.0,7.0,73.0,33.0,6.0,89.0,17.0,0.0,6.0,13.0,43.0,46.0,10.0,Acima da média
350,26042053,2017,1,2,2602,26006,26,2608057,260805720,2,1,1.0,1.0,1.0,0.0,0.0,0.0,0.0,0.0,0.0,0.0,0.0,0.0,0.0,1.0,1.0,0.0,0.0,0.0,0.0,1.0,0.0,0.0,0.0,1.0,0.0,0.0,1.0,0.0,0.0,0.0,0.0,0.0,1.0,1.0,1.0,1.0,1.0,0.0,1.0,1.0,1.0,1.0,0.0,1.0,0.0,0.0,0.0,1.0,0.0,1.0,1.0,1.0,1.0,1.0,1.0,1.0,1.0,1.0,1.0,0.0,0.0,1.0,0.0,0.0,20.0,19.0,1.0,0.0,1.0,0.0,0.0,1.0,1.0,1.0,1.0,1.0,0.0,0.0,1.0,5.0,0.0,1.0,0.0,0.0,1.0,1.0,2.0,1.0,7.0,0.0,0.0,35.0,7.0,20.0,1.0,1.0,33.0,1.0,1.0,0.0,0.0,0.0,0.0,1.0,0.0,0.0,1.0,0.0,1.0,0.0,0.0,0.0,1.0,0.0,0.0,0.0,0.0,0.0,0.0,1.0,0.0,0.0,0.0,0.0,0.0,0.0,0.0,0.0,0.0,0.0,0.0,0.0,0.0,0.0,0.0,0.0,0.0,12.0,11.0,63.0,4.0,25.0,3.0,0.0,3.0,83.0,22.0,8.0,2.0,0.0,0.0,5.0,113.0,4.0,114.0,57.0,61.0,68.0,45.0,5.0,55.0,57.0,6.0,1.0,92.0,25.0,1.0,5.0,42.0,59.0,11.0,0.0,9.0,29.0,38.0,28.0,14.0,94.0,15.0,6.0,3.0,0.0,104.0,11.0,3.0,4.0,12.0,11.0,23.0,37.0,19.0,12.0,108.0,10.0,95.0,23.0,73.0,37.0,8.0,4.0,24.0,16.0,20.0,32.0,4.0,18.0,99.0,19.0,73.0,45.0,77.0,36.0,5.0,116.0,2.0,105.0,13.0,97.0,21.0,116.0,2.0,88.0,30.0,31.0,69.0,18.0,82.0,30.0,6.0,15.0,32.0,27.0,39.0,5.0,39.0,41.0,5.0,12.0,21.0,6.0,112.0,56.0,54.0,8.0,0.0,116.0,0.0,2.0,93.0,18.0,7.0,117.0,1.0,0.0,31.0,87.0,108.0,10.0,84.0,30.0,3.0,1.0,92.0,21.0,5.0,70.0,43.0,5.0,110.0,4.0,4.0,115.0,0.0,1.0,2.0,59.0,59.0,67.0,41.0,6.0,4.0,104.0,9.0,5.0,76.0,36.0,6.0,76.0,37.0,5.0,94.0,18.0,6.0,102.0,11.0,1.0,4.0,30.0,70.0,18.0,0.0,Média
351,26042525,2017,1,2,2602,26006,26,2608057,260805705,2,1,1.0,1.0,1.0,0.0,0.0,0.0,0.0,0.0,0.0,0.0,0.0,0.0,0.0,1.0,1.0,0.0,0.0,0.0,0.0,1.0,0.0,0.0,0.0,1.0,0.0,0.0,1.0,0.0,0.0,0.0,0.0,0.0,1.0,1.0,1.0,0.0,0.0,0.0,1.0,1.0,1.0,1.0,0.0,1.0,0.0,0.0,0.0,1.0,0.0,1.0,1.0,1.0,1.0,1.0,0.0,1.0,0.0,0.0,1.0,0.0,0.0,1.0,0.0,0.0,9.0,7.0,1.0,1.0,1.0,0.0,0.0,1.0,1.0,0.0,1.0,1.0,0.0,1.0,1.0,5.0,2.0,5.0,0.0,0.0,1.0,3.0,0.0,2.0,4.0,0.0,1.0,17.0,4.0,12.0,1.0,0.0,39.0,1.0,0.0,1.0,0.0,0.0,0.0,1.0,0.0,0.0,0.0,0.0,1.0,0.0,0.0,0.0,1.0,1.0,0.0,0.0,0.0,0.0,1.0,1.0,0.0,0.0,0.0,0.0,0.0,0.0,0.0,0.0,0.0,1.0,1.0,0.0,0.0,0.0,0.0,0.0,0.0,1.0,1.0,9.0,0.0,0.0,1.0,0.0,0.0,2.0,5.0,3.0,2.0,0.0,0.0,0.0,12.0,0.0,12.0,7.0,5.0,8.0,3.0,1.0,8.0,4.0,0.0,0.0,8.0,4.0,0.0,1.0,4.0,6.0,1.0,0.0,4.0,1.0,1.0,5.0,1.0,11.0,1.0,0.0,0.0,0.0,9.0,3.0,0.0,0.0,4.0,2.0,0.0,5.0,0.0,1.0,11.0,1.0,10.0,2.0,5.0,6.0,1.0,1.0,5.0,3.0,2.0,0.0,0.0,1.0,8.0,4.0,5.0,7.0,9.0,3.0,0.0,12.0,0.0,12.0,0.0,10.0,2.0,12.0,0.0,9.0,3.0,5.0,7.0,0.0,10.0,2.0,0.0,4.0,5.0,1.0,2.0,0.0,4.0,3.0,1.0,3.0,1.0,4.0,8.0,5.0,4.0,2.0,1.0,12.0,0.0,0.0,3.0,6.0,3.0,9.0,3.0,0.0,7.0,5.0,11.0,1.0,10.0,2.0,0.0,0.0,11.0,1.0,0.0,6.0,6.0,0.0,12.0,0.0,0.0,12.0,0.0,0.0,0.0,7.0,5.0,8.0,4.0,0.0,0.0,12.0,0.0,0.0,7.0,4.0,1.0,8.0,3.0,1.0,9.0,2.0,1.0,11.0,1.0,0.0,0.0,8.0,3.0,1.0,0.0,Abaixo da média
352,26068729,2017,1,2,2603,26010,26,2608107,260810705,2,1,1.0,1.0,1.0,0.0,0.0,0.0,0.0,0.0,0.0,0.0,0.0,0.0,0.0,1.0,1.0,0.0,0.0,0.0,0.0,1.0,0.0,0.0,0.0,1.0,0.0,0.0,1.0,0.0,0.0,0.0,0.0,0.0,1.0,1.0,1.0,1.0,1.0,0.0,1.0,1.0,1.0,1.0,0.0,1.0,0.0,0.0,0.0,1.0,0.0,1.0,0.0,1.0,0.0,0.0,1.0,1.0,1.0,1.0,1.0,0.0,0.0,1.0,0.0,0.0,11.0,11.0,1.0,0.0,0.0,0.0,1.0,0.0,0.0,1.0,1.0,1.0,0.0,1.0,1.0,3.0,0.0,0.0,0.0,2.0,0.0,0.0,7.0,2.0,1.0,0.0,4.0,16.0,1.0,15.0,1.0,1.0,45.0,1.0,1.0,1.0,0.0,0.0,0.0,1.0,0.0,0.0,0.0,0.0,1.0,0.0,0.0,0.0,1.0,0.0,0.0,0.0,0.0,0.0,0.0,1.0,0.0,0.0,0.0,0.0,0.0,0.0,0.0,0.0,0.0,0.0,0.0,0.0,0.0,0.0,0.0,0.0,0.0,30.0,4.0,57.0,2.0,2.0,3.0,1.0,4.0,43.0,30.0,16.0,2.0,2.0,0.0,1.0,97.0,1.0,97.0,74.0,24.0,70.0,25.0,3.0,39.0,58.0,1.0,0.0,76.0,22.0,1.0,2.0,51.0,40.0,4.0,0.0,16.0,21.0,35.0,17.0,9.0,85.0,12.0,1.0,0.0,0.0,85.0,9.0,4.0,3.0,28.0,10.0,13.0,23.0,13.0,8.0,81.0,17.0,60.0,38.0,58.0,34.0,6.0,5.0,28.0,26.0,8.0,14.0,2.0,15.0,68.0,30.0,44.0,54.0,58.0,31.0,9.0,96.0,2.0,90.0,8.0,78.0,20.0,97.0,1.0,72.0,26.0,41.0,48.0,9.0,67.0,27.0,4.0,26.0,28.0,17.0,19.0,8.0,33.0,30.0,6.0,10.0,19.0,3.0,95.0,47.0,43.0,7.0,1.0,87.0,2.0,9.0,61.0,31.0,6.0,94.0,4.0,0.0,14.0,84.0,80.0,18.0,54.0,38.0,5.0,1.0,91.0,7.0,0.0,57.0,41.0,0.0,92.0,6.0,0.0,92.0,3.0,3.0,0.0,58.0,40.0,51.0,42.0,5.0,0.0,95.0,3.0,0.0,92.0,6.0,0.0,74.0,24.0,0.0,84.0,14.0,0.0,93.0,5.0,0.0,0.0,19.0,49.0,30.0,0.0,Acima da média
353,26068877,2017,1,2,2603,26010,26,2608107,260810705,2,1,1.0,1.0,1.0,0.0,0.0,0.0,0.0,0.0,0.0,0.0,0.0,0.0,0.0,1.0,1.0,0.0,0.0,0.0,0.0,1.0,0.0,0.0,0.0,1.0,0.0,0.0,1.0,0.0,0.0,0.0,0.0,0.0,1.0,1.0,1.0,0.0,0.0,0.0,0.0,0.0,1.0,1.0,0.0,1.0,0.0,0.0,0.0,1.0,0.0,0.0,0.0,1.0,1.0,0.0,1.0,1.0,0.0,1.0,1.0,0.0,0.0,1.0,0.0,0.0,9.0,9.0,1.0,0.0,1.0,0.0,0.0,0.0,1.0,1.0,1.0,1.0,0.0,1.0,1.0,3.0,0.0,4.0,0.0,0.0,0.0,5.0,4.0,2.0,4.0,0.0,5.0,16.0,5.0,11.0,1.0,1.0,37.0,1.0,0.0,1.0,0.0,0.0,0.0,1.0,0.0,0.0,1.0,0.0,1.0,0.0,0.0,0.0,1.0,1.0,0.0,0.0,0.0,0.0,0.0,1.0,0.0,0.0,0.0,0.0,0.0,0.0,0.0,0.0,0.0,0.0,1.0,0.0,0.0,0.0,0.0,0.0,0.0,32.0,10.0,51.0,4.0,1.0,9.0,0.0,3.0,30.0,42.0,19.0,8.0,3.0,2.0,5.0,102.0,2.0,105.0,63.0,44.0,80.0,21.0,6.0,78.0,27.0,2.0,1.0,88.0,18.0,0.0,5.0,61.0,34.0,7.0,1.0,19.0,19.0,32.0,21.0,15.0,94.0,10.0,3.0,0.0,0.0,81.0,24.0,2.0,12.0,40.0,17.0,4.0,12.0,1.0,21.0,74.0,33.0,69.0,38.0,58.0,45.0,4.0,11.0,35.0,11.0,6.0,8.0,0.0,36.0,61.0,46.0,53.0,54.0,61.0,33.0,13.0,106.0,1.0,99.0,8.0,97.0,10.0,105.0,2.0,81.0,26.0,32.0,62.0,13.0,65.0,30.0,12.0,31.0,22.0,13.0,28.0,13.0,29.0,33.0,8.0,23.0,14.0,13.0,94.0,55.0,40.0,9.0,3.0,99.0,1.0,7.0,45.0,49.0,13.0,95.0,12.0,0.0,33.0,74.0,73.0,34.0,65.0,33.0,8.0,1.0,77.0,28.0,2.0,55.0,51.0,1.0,81.0,25.0,1.0,94.0,11.0,1.0,1.0,92.0,15.0,80.0,22.0,5.0,0.0,101.0,5.0,1.0,58.0,49.0,0.0,82.0,24.0,1.0,57.0,49.0,1.0,102.0,5.0,0.0,0.0,32.0,57.0,18.0,0.0,Abaixo da média
354,26100525,2017,1,2,2604,26015,26,2608206,260820605,2,1,1.0,1.0,1.0,0.0,0.0,0.0,0.0,0.0,0.0,0.0,0.0,0.0,0.0,0.0,1.0,1.0,0.0,0.0,0.0,1.0,0.0,0.0,0.0,0.0,1.0,0.0,1.0,0.0,0.0,0.0,0.0,0.0,1.0,1.0,1.0,1.0,0.0,0.0,0.0,0.0,1.0,1.0,0.0,1.0,0.0,0.0,0.0,1.0,0.0,1.0,0.0,0.0,0.0,0.0,0.0,0.0,0.0,0.0,0.0,0.0,0.0,0.0,0.0,0.0,15.0,24.0,1.0,0.0,0.0,1.0,1.0,0.0,1.0,0.0,1.0,1.0,1.0,1.0,1.0,3.0,0.0,0.0,2.0,2.0,0.0,4.0,0.0,1.0,13.0,1.0,2.0,28.0,10.0,18.0,1.0,1.0,72.0,1.0,0.0,0.0,0.0,0.0,0.0,1.0,0.0,0.0,0.0,0.0,1.0,0.0,0.0,0.0,1.0,1.0,0.0,0.0,0.0,0.0,0.0,1.0,0.0,0.0,0.0,0.0,0.0,0.0,0.0,0.0,0.0,0.0,1.0,0.0,0.0,0.0,0.0,0.0,0.0,17.0,9.0,51.0,13.0,1.0,3.0,0.0,10.0,31.0,40.0,10.0,2.0,1.0,0.0,1.0,93.0,0.0,94.0,62.0,32.0,70.0,22.0,2.0,58.0,33.0,3.0,1.0,72.0,21.0,0.0,2.0,35.0,53.0,4.0,0.0,6.0,21.0,28.0,20.0,19.0,89.0,3.0,2.0,0.0,0.0,79.0,9.0,6.0,7.0,31.0,19.0,8.0,13.0,9.0,7.0,74.0,20.0,68.0,26.0,55.0,33.0,6.0,11.0,25.0,14.0,7.0,9.0,5.0,23.0,68.0,26.0,48.0,46.0,42.0,41.0,11.0,93.0,1.0,88.0,6.0,85.0,9.0,94.0,0.0,77.0,17.0,44.0,46.0,4.0,67.0,24.0,3.0,20.0,22.0,17.0,23.0,12.0,29.0,30.0,8.0,6.0,21.0,5.0,89.0,20.0,58.0,14.0,2.0,84.0,3.0,7.0,57.0,33.0,4.0,87.0,7.0,0.0,20.0,74.0,91.0,3.0,74.0,20.0,0.0,0.0,79.0,14.0,1.0,65.0,27.0,2.0,88.0,5.0,1.0,86.0,7.0,0.0,1.0,63.0,31.0,59.0,32.0,2.0,1.0,91.0,3.0,0.0,61.0,33.0,0.0,69.0,25.0,0.0,80.0,14.0,0.0,89.0,3.0,1.0,1.0,46.0,42.0,6.0,0.0,Abaixo da média
355,26174464,2017,1,2,2603,26011,26,2608255,260825505,2,1,1.0,1.0,1.0,0.0,0.0,0.0,0.0,0.0,0.0,0.0,0.0,0.0,0.0,0.0,1.0,0.0,0.0,0.0,0.0,1.0,0.0,0.0,0.0,1.0,0.0,0.0,1.0,0.0,0.0,0.0,0.0,0.0,1.0,1.0,1.0,1.0,0.0,1.0,0.0,1.0,1.0,1.0,0.0,1.0,0.0,0.0,0.0,1.0,0.0,1.0,1.0,1.0,1.0,1.0,1.0,1.0,0.0,0.0,0.0,0.0,0.0,1.0,0.0,0.0,12.0,10.0,1.0,0.0,0.0,0.0,1.0,1.0,1.0,0.0,1.0,1.0,0.0,1.0,1.0,3.0,0.0,0.0,0.0,2.0,1.0,3.0,0.0,3.0,4.0,0.0,1.0,13.0,3.0,10.0,1.0,1.0,30.0,1.0,0.0,0.0,0.0,0.0,0.0,1.0,0.0,0.0,0.0,0.0,1.0,0.0,0.0,0.0,1.0,1.0,0.0,0.0,0.0,0.0,0.0,1.0,0.0,0.0,0.0,0.0,0.0,0.0,0.0,0.0,0.0,0.0,1.0,0.0,0.0,0.0,0.0,0.0,0.0,26.0,2.0,46.0,7.0,1.0,2.0,0.0,5.0,39.0,27.0,9.0,2.0,0.0,2.0,1.0,83.0,0.0,84.0,69.0,15.0,55.0,28.0,1.0,62.0,21.0,1.0,2.0,73.0,9.0,0.0,1.0,34.0,42.0,7.0,0.0,6.0,13.0,24.0,25.0,16.0,80.0,4.0,0.0,0.0,0.0,76.0,6.0,2.0,6.0,31.0,20.0,8.0,7.0,5.0,7.0,63.0,21.0,44.0,40.0,69.0,13.0,2.0,8.0,35.0,13.0,8.0,8.0,2.0,10.0,55.0,29.0,30.0,54.0,71.0,13.0,0.0,78.0,6.0,73.0,11.0,64.0,20.0,82.0,2.0,63.0,21.0,26.0,48.0,10.0,54.0,29.0,1.0,21.0,30.0,17.0,12.0,4.0,24.0,23.0,7.0,7.0,23.0,2.0,82.0,9.0,65.0,10.0,0.0,82.0,0.0,2.0,60.0,19.0,5.0,78.0,5.0,1.0,8.0,76.0,63.0,21.0,62.0,22.0,0.0,0.0,81.0,2.0,1.0,46.0,36.0,2.0,75.0,9.0,0.0,83.0,1.0,0.0,0.0,59.0,25.0,64.0,19.0,1.0,0.0,84.0,0.0,0.0,79.0,5.0,0.0,68.0,16.0,0.0,58.0,26.0,0.0,82.0,2.0,0.0,0.0,18.0,50.0,16.0,0.0,Acima da média
356,26077825,2017,1,2,2603,26011,26,2608305,260830505,2,1,1.0,1.0,1.0,0.0,0.0,0.0,0.0,0.0,0.0,0.0,0.0,0.0,0.0,0.0,0.0,1.0,0.0,0.0,0.0,1.0,0.0,0.0,0.0,1.0,0.0,0.0,1.0,0.0,0.0,0.0,0.0,0.0,0.0,1.0,1.0,0.0,0.0,0.0,1.0,1.0,1.0,1.0,0.0,1.0,0.0,0.0,0.0,1.0,0.0,0.0,0.0,0.0,0.0,0.0,0.0,0.0,0.0,0.0,0.0,0.0,0.0,0.0,0.0,0.0,11.0,11.0,0.0,0.0,0.0,0.0,0.0,0.0,1.0,1.0,0.0,1.0,0.0,0.0,1.0,0.0,0.0,0.0,0.0,0.0,0.0,3.0,3.0,0.0,6.0,0.0,0.0,13.0,2.0,11.0,1.0,1.0,37.0,1.0,0.0,0.0,0.0,0.0,0.0,1.0,0.0,0.0,0.0,0.0,1.0,0.0,0.0,0.0,1.0,1.0,0.0,0.0,0.0,0.0,0.0,1.0,0.0,0.0,0.0,0.0,0.0,0.0,0.0,0.0,0.0,0.0,1.0,0.0,0.0,0.0,0.0,0.0,0.0,23.0,2.0,71.0,6.0,2.0,6.0,0.0,15.0,59.0,25.0,9.0,1.0,0.0,1.0,2.0,108.0,0.0,110.0,76.0,34.0,76.0,34.0,0.0,78.0,31.0,1.0,0.0,97.0,13.0,0.0,2.0,43.0,58.0,7.0,0.0,5.0,26.0,35.0,21.0,23.0,105.0,4.0,1.0,0.0,0.0,99.0,7.0,4.0,6.0,39.0,14.0,11.0,23.0,4.0,13.0,88.0,22.0,79.0,31.0,75.0,30.0,5.0,13.0,36.0,26.0,6.0,8.0,0.0,21.0,76.0,34.0,47.0,63.0,81.0,26.0,3.0,108.0,2.0,103.0,7.0,93.0,17.0,108.0,2.0,87.0,23.0,37.0,66.0,7.0,73.0,34.0,3.0,30.0,36.0,21.0,16.0,7.0,45.0,41.0,5.0,6.0,13.0,4.0,106.0,31.0,62.0,16.0,1.0,108.0,1.0,1.0,87.0,17.0,6.0,105.0,4.0,1.0,9.0,101.0,95.0,15.0,86.0,24.0,0.0,0.0,100.0,8.0,2.0,63.0,45.0,2.0,93.0,17.0,0.0,108.0,2.0,0.0,0.0,86.0,24.0,79.0,30.0,1.0,0.0,110.0,0.0,0.0,98.0,12.0,0.0,82.0,28.0,0.0,85.0,24.0,1.0,109.0,1.0,0.0,0.0,25.0,63.0,22.0,0.0,Acima da média
357,26133920,2017,1,2,2603,26011,26,2608404,260840405,2,1,1.0,1.0,1.0,0.0,0.0,0.0,0.0,0.0,0.0,0.0,1.0,0.0,0.0,1.0,1.0,0.0,0.0,0.0,0.0,1.0,0.0,0.0,0.0,1.0,0.0,0.0,1.0,0.0,0.0,0.0,0.0,0.0,1.0,1.0,1.0,0.0,0.0,0.0,1.0,1.0,1.0,1.0,0.0,1.0,0.0,0.0,0.0,1.0,0.0,0.0,0.0,1.0,0.0,0.0,0.0,0.0,0.0,0.0,0.0,0.0,0.0,0.0,0.0,0.0,11.0,12.0,1.0,0.0,1.0,1.0,0.0,0.0,0.0,1.0,1.0,1.0,0.0,1.0,1.0,3.0,0.0,4.0,1.0,0.0,0.0,0.0,9.0,5.0,4.0,0.0,2.0,29.0,9.0,20.0,1.0,1.0,46.0,1.0,0.0,0.0,0.0,0.0,0.0,1.0,0.0,0.0,0.0,0.0,1.0,0.0,0.0,0.0,1.0,1.0,0.0,0.0,0.0,0.0,0.0,1.0,0.0,0.0,0.0,0.0,0.0,0.0,0.0,0.0,0.0,0.0,1.0,0.0,0.0,0.0,0.0,0.0,0.0,33.0,4.0,80.0,4.0,2.0,2.0,0.0,8.0,57.0,37.0,16.0,6.0,1.0,0.0,9.0,116.0,0.0,125.0,97.0,28.0,91.0,32.0,2.0,86.0,38.0,1.0,0.0,107.0,18.0,1.0,6.0,63.0,51.0,4.0,0.0,9.0,26.0,38.0,27.0,25.0,116.0,9.0,0.0,0.0,0.0,113.0,8.0,4.0,9.0,51.0,19.0,8.0,19.0,7.0,12.0,98.0,27.0,81.0,44.0,77.0,44.0,4.0,19.0,41.0,23.0,3.0,6.0,5.0,28.0,74.0,51.0,52.0,73.0,102.0,19.0,4.0,122.0,3.0,119.0,6.0,110.0,15.0,123.0,2.0,88.0,37.0,53.0,67.0,5.0,77.0,42.0,6.0,22.0,36.0,21.0,37.0,9.0,35.0,42.0,23.0,15.0,10.0,9.0,116.0,39.0,50.0,34.0,2.0,118.0,1.0,6.0,75.0,39.0,11.0,117.0,7.0,1.0,28.0,97.0,99.0,26.0,78.0,45.0,0.0,2.0,111.0,11.0,3.0,75.0,47.0,3.0,108.0,13.0,4.0,93.0,25.0,5.0,2.0,88.0,37.0,79.0,42.0,3.0,1.0,120.0,4.0,1.0,91.0,33.0,1.0,83.0,41.0,1.0,89.0,34.0,2.0,111.0,13.0,0.0,1.0,38.0,70.0,17.0,0.0,Abaixo da média
358,26090058,2017,1,2,2604,26013,26,2608453,260845305,2,1,1.0,1.0,1.0,0.0,0.0,0.0,0.0,0.0,0.0,0.0,0.0,0.0,0.0,1.0,1.0,0.0,1.0,0.0,0.0,1.0,0.0,0.0,0.0,0.0,1.0,0.0,1.0,0.0,0.0,0.0,0.0,0.0,1.0,1.0,1.0,1.0,0.0,1.0,0.0,1.0,1.0,1.0,0.0,1.0,0.0,0.0,0.0,1.0,0.0,1.0,1.0,1.0,0.0,0.0,1.0,1.0,1.0,1.0,1.0,0.0,0.0,1.0,0.0,0.0,10.0,9.0,1.0,0.0,1.0,1.0,0.0,0.0,1.0,1.0,1.0,1.0,1.0,1.0,1.0,2.0,0.0,2.0,1.0,0.0,0.0,3.0,1.0,2.0,12.0,1.0,2.0,15.0,5.0,10.0,1.0,1.0,39.0,1.0,0.0,0.0,0.0,0.0,0.0,1.0,0.0,0.0,0.0,0.0,1.0,0.0,0.0,0.0,1.0,1.0,0.0,0.0,0.0,0.0,0.0,1.0,0.0,0.0,0.0,0.0,0.0,0.0,0.0,0.0,0.0,0.0,1.0,0.0,0.0,0.0,0.0,0.0,0.0,27.0,14.0,89.0,6.0,3.0,5.0,0.0,30.0,64.0,36.0,10.0,4.0,0.0,0.0,6.0,138.0,0.0,144.0,88.0,56.0,118.0,22.0,4.0,93.0,43.0,8.0,1.0,111.0,32.0,0.0,4.0,81.0,53.0,6.0,1.0,11.0,23.0,58.0,31.0,20.0,128.0,13.0,3.0,0.0,0.0,130.0,8.0,6.0,8.0,37.0,15.0,20.0,44.0,9.0,11.0,121.0,23.0,103.0,41.0,97.0,44.0,3.0,13.0,26.0,15.0,17.0,23.0,1.0,49.0,98.0,46.0,77.0,67.0,84.0,45.0,15.0,138.0,6.0,135.0,9.0,130.0,14.0,140.0,4.0,104.0,40.0,45.0,80.0,19.0,102.0,38.0,4.0,33.0,36.0,19.0,47.0,9.0,45.0,51.0,16.0,13.0,19.0,6.0,138.0,85.0,56.0,3.0,0.0,127.0,5.0,12.0,94.0,45.0,5.0,140.0,4.0,0.0,28.0,116.0,113.0,31.0,89.0,48.0,5.0,2.0,123.0,17.0,4.0,79.0,63.0,2.0,127.0,15.0,2.0,129.0,12.0,2.0,1.0,93.0,51.0,99.0,40.0,4.0,1.0,138.0,6.0,0.0,114.0,30.0,0.0,97.0,46.0,1.0,116.0,27.0,1.0,141.0,2.0,0.0,1.0,45.0,77.0,22.0,0.0,Abaixo da média
360,26078562,2017,1,2,2603,26011,26,2608602,260860205,2,1,1.0,1.0,1.0,0.0,0.0,0.0,0.0,0.0,0.0,0.0,0.0,1.0,0.0,1.0,1.0,0.0,1.0,0.0,0.0,1.0,0.0,0.0,0.0,1.0,0.0,0.0,1.0,0.0,0.0,0.0,0.0,0.0,1.0,1.0,1.0,0.0,0.0,0.0,0.0,0.0,1.0,0.0,0.0,0.0,0.0,0.0,0.0,1.0,0.0,0.0,0.0,0.0,0.0,0.0,0.0,0.0,0.0,0.0,0.0,0.0,0.0,0.0,0.0,0.0,13.0,22.0,0.0,0.0,0.0,0.0,0.0,0.0,0.0,0.0,0.0,0.0,0.0,0.0,1.0,0.0,0.0,0.0,0.0,0.0,0.0,0.0,0.0,0.0,0.0,0.0,0.0,12.0,2.0,9.0,1.0,0.0,30.0,1.0,0.0,0.0,0.0,0.0,0.0,1.0,0.0,0.0,0.0,0.0,1.0,0.0,0.0,0.0,1.0,1.0,0.0,0.0,0.0,0.0,0.0,1.0,0.0,0.0,0.0,0.0,0.0,0.0,0.0,0.0,0.0,0.0,1.0,0.0,0.0,0.0,0.0,0.0,0.0,30.0,3.0,61.0,8.0,0.0,1.0,0.0,5.0,35.0,42.0,15.0,4.0,1.0,1.0,1.0,102.0,0.0,103.0,77.0,26.0,86.0,17.0,0.0,69.0,30.0,4.0,0.0,79.0,24.0,0.0,2.0,32.0,61.0,8.0,0.0,7.0,18.0,42.0,24.0,12.0,97.0,5.0,1.0,0.0,0.0,87.0,12.0,4.0,3.0,32.0,24.0,9.0,17.0,9.0,9.0,92.0,11.0,74.0,29.0,71.0,27.0,5.0,15.0,36.0,19.0,11.0,5.0,2.0,15.0,65.0,38.0,35.0,68.0,88.0,15.0,0.0,101.0,2.0,88.0,15.0,79.0,24.0,101.0,2.0,79.0,24.0,45.0,52.0,6.0,77.0,23.0,3.0,19.0,25.0,24.0,31.0,4.0,28.0,34.0,15.0,20.0,6.0,14.0,89.0,19.0,52.0,30.0,2.0,99.0,0.0,4.0,60.0,38.0,5.0,100.0,3.0,0.0,9.0,94.0,82.0,21.0,94.0,9.0,0.0,0.0,99.0,4.0,0.0,69.0,34.0,0.0,89.0,14.0,0.0,103.0,0.0,0.0,0.0,76.0,27.0,89.0,14.0,0.0,0.0,101.0,2.0,0.0,83.0,20.0,0.0,84.0,19.0,0.0,84.0,19.0,0.0,102.0,1.0,0.0,0.0,3.0,49.0,49.0,2.0,Acima da média
361,26084791,2017,1,2,2603,26012,26,2608701,260870105,2,1,1.0,1.0,1.0,0.0,0.0,0.0,0.0,0.0,0.0,0.0,0.0,0.0,0.0,1.0,1.0,0.0,0.0,0.0,0.0,1.0,0.0,0.0,0.0,1.0,0.0,0.0,1.0,0.0,0.0,0.0,0.0,0.0,1.0,1.0,1.0,1.0,0.0,1.0,0.0,1.0,1.0,1.0,0.0,1.0,0.0,0.0,0.0,1.0,0.0,1.0,1.0,1.0,1.0,0.0,1.0,1.0,1.0,0.0,0.0,0.0,0.0,0.0,0.0,0.0,9.0,9.0,1.0,0.0,1.0,1.0,1.0,0.0,1.0,1.0,1.0,1.0,0.0,1.0,1.0,3.0,0.0,4.0,1.0,2.0,0.0,3.0,2.0,3.0,13.0,0.0,4.0,13.0,2.0,10.0,1.0,1.0,38.0,1.0,0.0,0.0,0.0,0.0,0.0,1.0,0.0,0.0,0.0,1.0,1.0,0.0,0.0,0.0,1.0,1.0,1.0,0.0,0.0,0.0,0.0,1.0,0.0,0.0,0.0,0.0,0.0,0.0,0.0,0.0,0.0,1.0,1.0,1.0,0.0,0.0,0.0,0.0,0.0,28.0,2.0,51.0,5.0,3.0,2.0,1.0,19.0,35.0,19.0,11.0,6.0,0.0,0.0,1.0,90.0,2.0,89.0,62.0,29.0,63.0,27.0,1.0,69.0,19.0,3.0,0.0,70.0,21.0,0.0,2.0,52.0,33.0,4.0,0.0,7.0,18.0,24.0,25.0,17.0,86.0,5.0,0.0,0.0,0.0,80.0,9.0,2.0,11.0,25.0,14.0,8.0,20.0,2.0,11.0,69.0,22.0,60.0,31.0,61.0,27.0,3.0,16.0,17.0,13.0,4.0,6.0,5.0,30.0,55.0,36.0,41.0,50.0,74.0,7.0,10.0,89.0,2.0,86.0,5.0,76.0,15.0,87.0,4.0,71.0,20.0,29.0,54.0,8.0,58.0,30.0,3.0,21.0,28.0,7.0,27.0,8.0,23.0,34.0,6.0,6.0,22.0,5.0,86.0,22.0,46.0,22.0,1.0,83.0,1.0,7.0,73.0,14.0,4.0,88.0,3.0,0.0,15.0,76.0,81.0,10.0,72.0,16.0,1.0,2.0,66.0,22.0,3.0,38.0,48.0,5.0,77.0,12.0,2.0,85.0,3.0,0.0,3.0,49.0,42.0,61.0,25.0,2.0,3.0,88.0,0.0,3.0,58.0,31.0,2.0,72.0,19.0,0.0,68.0,22.0,1.0,88.0,1.0,1.0,1.0,16.0,38.0,34.0,3.0,Abaixo da média
363,26155559,2017,1,2,2602,26005,26,2608750,260875005,2,2,1.0,1.0,1.0,0.0,0.0,0.0,0.0,0.0,0.0,0.0,0.0,0.0,0.0,1.0,1.0,0.0,0.0,0.0,0.0,1.0,0.0,0.0,0.0,0.0,1.0,0.0,1.0,0.0,0.0,0.0,0.0,0.0,1.0,1.0,1.0,1.0,0.0,0.0,0.0,0.0,1.0,1.0,0.0,1.0,0.0,0.0,0.0,1.0,0.0,0.0,0.0,0.0,0.0,0.0,0.0,0.0,0.0,0.0,0.0,0.0,0.0,0.0,0.0,0.0,13.0,13.0,1.0,0.0,1.0,1.0,1.0,1.0,1.0,0.0,0.0,1.0,0.0,1.0,1.0,5.0,0.0,5.0,1.0,1.0,2.0,1.0,0.0,0.0,12.0,0.0,1.0,12.0,2.0,10.0,1.0,1.0,38.0,1.0,0.0,0.0,0.0,0.0,0.0,1.0,0.0,0.0,0.0,0.0,1.0,0.0,0.0,0.0,1.0,1.0,0.0,0.0,0.0,0.0,0.0,1.0,0.0,0.0,0.0,0.0,0.0,0.0,0.0,0.0,0.0,0.0,1.0,0.0,0.0,0.0,0.0,0.0,0.0,12.0,20.0,64.0,1.0,0.0,5.0,0.0,3.0,65.0,23.0,9.0,2.0,0.0,0.0,4.0,98.0,1.0,101.0,59.0,43.0,62.0,34.0,6.0,57.0,41.0,4.0,0.0,81.0,21.0,0.0,3.0,34.0,54.0,11.0,0.0,5.0,17.0,29.0,25.0,26.0,90.0,8.0,3.0,1.0,0.0,88.0,8.0,6.0,3.0,24.0,20.0,9.0,31.0,11.0,4.0,95.0,7.0,87.0,15.0,62.0,37.0,3.0,5.0,39.0,11.0,13.0,12.0,6.0,16.0,82.0,20.0,57.0,45.0,64.0,28.0,10.0,102.0,0.0,89.0,13.0,83.0,19.0,100.0,2.0,79.0,23.0,38.0,49.0,15.0,60.0,38.0,4.0,35.0,30.0,16.0,18.0,3.0,47.0,27.0,3.0,6.0,19.0,7.0,95.0,16.0,68.0,17.0,1.0,92.0,0.0,10.0,72.0,30.0,0.0,101.0,1.0,0.0,14.0,88.0,91.0,11.0,69.0,31.0,1.0,1.0,96.0,6.0,0.0,63.0,39.0,0.0,92.0,10.0,0.0,96.0,6.0,0.0,0.0,51.0,51.0,50.0,48.0,3.0,1.0,91.0,11.0,0.0,89.0,13.0,0.0,71.0,31.0,0.0,84.0,18.0,0.0,95.0,7.0,0.0,0.0,25.0,60.0,17.0,0.0,Acima da média
364,26155567,2017,1,2,2602,26005,26,2608750,260875015,2,2,1.0,1.0,3.0,0.0,0.0,0.0,0.0,0.0,0.0,0.0,0.0,0.0,0.0,1.0,0.0,0.0,1.0,0.0,0.0,1.0,0.0,0.0,0.0,0.0,1.0,0.0,1.0,0.0,0.0,0.0,0.0,0.0,1.0,0.0,1.0,0.0,0.0,1.0,0.0,1.0,1.0,1.0,0.0,1.0,0.0,0.0,0.0,1.0,0.0,0.0,0.0,0.0,0.0,0.0,0.0,0.0,0.0,0.0,0.0,0.0,0.0,0.0,0.0,0.0,7.0,5.0,1.0,1.0,1.0,1.0,1.0,0.0,1.0,0.0,0.0,1.0,0.0,1.0,1.0,1.0,1.0,1.0,1.0,2.0,0.0,1.0,0.0,0.0,6.0,0.0,1.0,11.0,2.0,10.0,1.0,1.0,13.0,1.0,0.0,0.0,0.0,0.0,0.0,1.0,0.0,0.0,0.0,0.0,1.0,0.0,0.0,0.0,1.0,0.0,0.0,0.0,0.0,0.0,0.0,1.0,0.0,0.0,0.0,0.0,0.0,0.0,0.0,0.0,0.0,0.0,0.0,0.0,0.0,0.0,0.0,0.0,0.0,0.0,0.0,13.0,2.0,0.0,1.0,0.0,1.0,8.0,4.0,2.0,1.0,0.0,0.0,0.0,16.0,2.0,14.0,10.0,6.0,7.0,9.0,0.0,9.0,4.0,3.0,1.0,11.0,4.0,1.0,1.0,9.0,4.0,1.0,1.0,1.0,4.0,6.0,3.0,1.0,15.0,1.0,0.0,0.0,0.0,11.0,4.0,1.0,0.0,2.0,4.0,3.0,2.0,1.0,4.0,13.0,3.0,12.0,4.0,8.0,8.0,0.0,1.0,3.0,1.0,4.0,1.0,0.0,6.0,12.0,4.0,8.0,8.0,8.0,8.0,0.0,16.0,0.0,15.0,1.0,14.0,2.0,16.0,0.0,11.0,5.0,3.0,9.0,4.0,8.0,7.0,1.0,3.0,2.0,4.0,7.0,0.0,1.0,6.0,4.0,0.0,5.0,5.0,11.0,3.0,10.0,2.0,1.0,16.0,0.0,0.0,9.0,5.0,2.0,15.0,0.0,1.0,3.0,13.0,14.0,2.0,9.0,5.0,2.0,0.0,11.0,4.0,1.0,8.0,7.0,1.0,15.0,0.0,1.0,14.0,1.0,0.0,1.0,9.0,7.0,9.0,5.0,1.0,1.0,15.0,1.0,0.0,10.0,6.0,0.0,11.0,5.0,0.0,10.0,6.0,0.0,13.0,2.0,0.0,1.0,0.0,5.0,10.0,1.0,Abaixo da média
365,26078805,2017,1,2,2603,26011,26,2608800,260880005,2,1,1.0,1.0,1.0,0.0,0.0,0.0,0.0,0.0,0.0,0.0,0.0,0.0,0.0,1.0,1.0,0.0,0.0,0.0,0.0,1.0,0.0,0.0,0.0,1.0,0.0,0.0,1.0,0.0,0.0,0.0,0.0,0.0,1.0,1.0,1.0,1.0,0.0,0.0,1.0,1.0,1.0,1.0,0.0,1.0,0.0,0.0,0.0,1.0,0.0,1.0,1.0,1.0,1.0,1.0,1.0,1.0,0.0,0.0,1.0,0.0,0.0,1.0,0.0,0.0,9.0,9.0,1.0,0.0,1.0,1.0,1.0,1.0,1.0,0.0,1.0,1.0,0.0,1.0,1.0,5.0,0.0,1.0,1.0,1.0,5.0,6.0,0.0,6.0,9.0,0.0,1.0,25.0,7.0,21.0,1.0,0.0,28.0,1.0,0.0,0.0,0.0,0.0,0.0,1.0,0.0,0.0,1.0,0.0,1.0,0.0,0.0,0.0,1.0,0.0,0.0,0.0,0.0,0.0,0.0,1.0,0.0,0.0,0.0,0.0,0.0,0.0,0.0,0.0,0.0,0.0,0.0,0.0,0.0,0.0,0.0,0.0,0.0,17.0,2.0,45.0,2.0,0.0,4.0,1.0,10.0,40.0,14.0,3.0,1.0,0.0,1.0,2.0,68.0,2.0,68.0,43.0,27.0,25.0,40.0,5.0,26.0,36.0,8.0,0.0,40.0,30.0,0.0,2.0,25.0,33.0,10.0,0.0,5.0,19.0,22.0,21.0,3.0,64.0,6.0,0.0,0.0,0.0,65.0,2.0,3.0,1.0,12.0,14.0,6.0,21.0,15.0,1.0,66.0,4.0,47.0,23.0,41.0,27.0,2.0,1.0,14.0,16.0,10.0,13.0,8.0,8.0,62.0,8.0,40.0,30.0,43.0,21.0,6.0,70.0,0.0,67.0,3.0,61.0,9.0,70.0,0.0,47.0,23.0,33.0,32.0,5.0,56.0,13.0,1.0,5.0,19.0,20.0,23.0,3.0,32.0,19.0,3.0,1.0,15.0,3.0,67.0,36.0,30.0,3.0,1.0,61.0,1.0,8.0,53.0,13.0,4.0,69.0,0.0,1.0,4.0,66.0,57.0,13.0,54.0,14.0,2.0,0.0,64.0,6.0,0.0,40.0,29.0,1.0,64.0,6.0,0.0,62.0,8.0,0.0,0.0,48.0,22.0,49.0,19.0,2.0,0.0,68.0,2.0,0.0,48.0,22.0,0.0,52.0,18.0,0.0,60.0,10.0,0.0,70.0,0.0,0.0,0.0,9.0,47.0,13.0,1.0,Acima da média
366,26078872,2017,1,2,2603,26011,26,2608800,260880005,2,1,1.0,1.0,1.0,0.0,0.0,0.0,0.0,0.0,0.0,0.0,0.0,0.0,0.0,1.0,1.0,0.0,0.0,0.0,0.0,1.0,0.0,0.0,0.0,1.0,0.0,0.0,1.0,0.0,0.0,0.0,0.0,0.0,1.0,1.0,1.0,0.0,0.0,0.0,1.0,1.0,1.0,1.0,0.0,1.0,0.0,0.0,0.0,1.0,0.0,0.0,0.0,0.0,0.0,0.0,0.0,0.0,0.0,0.0,0.0,0.0,0.0,0.0,0.0,0.0,13.0,13.0,1.0,0.0,1.0,1.0,1.0,1.0,1.0,0.0,1.0,1.0,0.0,1.0,1.0,3.0,0.0,2.0,1.0,1.0,2.0,8.0,0.0,2.0,14.0,0.0,2.0,14.0,4.0,8.0,1.0,1.0,55.0,1.0,0.0,0.0,0.0,0.0,0.0,1.0,0.0,0.0,0.0,0.0,1.0,0.0,0.0,0.0,1.0,1.0,0.0,0.0,0.0,0.0,0.0,1.0,0.0,0.0,0.0,0.0,0.0,0.0,0.0,0.0,0.0,0.0,1.0,0.0,0.0,0.0,0.0,0.0,0.0,31.0,8.0,87.0,7.0,1.0,6.0,0.0,8.0,47.0,45.0,22.0,12.0,2.0,4.0,2.0,138.0,0.0,140.0,97.0,43.0,102.0,34.0,4.0,106.0,30.0,4.0,0.0,121.0,19.0,0.0,6.0,69.0,60.0,5.0,0.0,15.0,29.0,44.0,35.0,17.0,132.0,8.0,0.0,0.0,0.0,119.0,19.0,2.0,5.0,71.0,27.0,10.0,12.0,2.0,13.0,111.0,29.0,92.0,48.0,91.0,46.0,3.0,15.0,59.0,21.0,10.0,9.0,2.0,24.0,91.0,49.0,68.0,72.0,70.0,55.0,15.0,138.0,2.0,128.0,12.0,117.0,23.0,136.0,4.0,98.0,42.0,47.0,80.0,13.0,98.0,38.0,4.0,41.0,38.0,18.0,33.0,10.0,35.0,44.0,11.0,23.0,27.0,30.0,110.0,39.0,82.0,19.0,0.0,134.0,2.0,4.0,54.0,59.0,27.0,131.0,7.0,2.0,33.0,107.0,115.0,25.0,78.0,48.0,5.0,9.0,116.0,21.0,3.0,70.0,64.0,6.0,122.0,15.0,3.0,91.0,38.0,2.0,9.0,79.0,61.0,88.0,44.0,6.0,2.0,131.0,7.0,2.0,105.0,33.0,2.0,95.0,43.0,2.0,108.0,30.0,2.0,128.0,10.0,0.0,2.0,32.0,81.0,27.0,0.0,Abaixo da média
368,26069210,2017,1,2,2603,26010,26,2608909,260890905,2,1,1.0,1.0,1.0,0.0,0.0,0.0,0.0,0.0,0.0,0.0,1.0,0.0,0.0,1.0,1.0,1.0,0.0,0.0,0.0,1.0,0.0,0.0,0.0,0.0,1.0,0.0,1.0,0.0,0.0,0.0,0.0,0.0,1.0,1.0,1.0,1.0,1.0,1.0,0.0,1.0,1.0,1.0,1.0,1.0,0.0,0.0,0.0,1.0,0.0,1.0,1.0,1.0,1.0,0.0,1.0,1.0,1.0,1.0,1.0,0.0,0.0,1.0,0.0,0.0,19.0,19.0,1.0,0.0,1.0,0.0,1.0,0.0,0.0,1.0,1.0,1.0,0.0,1.0,1.0,2.0,0.0,2.0,0.0,1.0,0.0,0.0,5.0,5.0,15.0,0.0,1.0,17.0,5.0,12.0,1.0,0.0,78.0,1.0,1.0,1.0,0.0,0.0,0.0,1.0,0.0,0.0,1.0,0.0,1.0,0.0,0.0,0.0,1.0,0.0,1.0,0.0,0.0,0.0,1.0,1.0,0.0,1.0,0.0,0.0,0.0,0.0,0.0,0.0,0.0,0.0,0.0,0.0,0.0,0.0,0.0,0.0,0.0,41.0,22.0,88.0,3.0,4.0,2.0,0.0,5.0,81.0,33.0,19.0,14.0,5.0,3.0,2.0,158.0,0.0,160.0,103.0,57.0,128.0,30.0,2.0,89.0,67.0,4.0,0.0,132.0,28.0,2.0,3.0,85.0,60.0,10.0,1.0,10.0,30.0,62.0,42.0,15.0,145.0,15.0,0.0,0.0,0.0,140.0,14.0,6.0,6.0,44.0,28.0,15.0,45.0,8.0,14.0,143.0,17.0,126.0,34.0,83.0,73.0,4.0,12.0,38.0,25.0,17.0,29.0,5.0,34.0,127.0,33.0,85.0,75.0,84.0,61.0,15.0,159.0,1.0,156.0,4.0,149.0,11.0,159.0,1.0,127.0,33.0,60.0,81.0,19.0,125.0,29.0,6.0,37.0,44.0,26.0,47.0,6.0,51.0,55.0,21.0,10.0,23.0,10.0,150.0,29.0,113.0,18.0,0.0,142.0,2.0,16.0,96.0,39.0,25.0,148.0,10.0,2.0,28.0,132.0,140.0,20.0,119.0,36.0,3.0,2.0,149.0,9.0,2.0,117.0,40.0,3.0,142.0,16.0,2.0,143.0,16.0,1.0,0.0,106.0,54.0,100.0,46.0,9.0,5.0,146.0,7.0,7.0,120.0,30.0,10.0,119.0,34.0,7.0,115.0,34.0,11.0,116.0,26.0,10.0,8.0,22.0,89.0,48.0,1.0,Acima da média
369,26069288,2017,1,2,2603,26010,26,2608909,260890905,2,1,1.0,1.0,1.0,0.0,0.0,0.0,0.0,0.0,0.0,0.0,0.0,0.0,0.0,1.0,1.0,0.0,0.0,0.0,0.0,1.0,0.0,0.0,0.0,0.0,1.0,0.0,1.0,0.0,0.0,0.0,0.0,0.0,1.0,1.0,1.0,1.0,0.0,1.0,0.0,1.0,1.0,1.0,0.0,1.0,0.0,0.0,0.0,1.0,0.0,1.0,0.0,1.0,0.0,0.0,0.0,1.0,0.0,1.0,0.0,0.0,0.0,0.0,0.0,0.0,11.0,11.0,1.0,0.0,1.0,0.0,1.0,1.0,1.0,1.0,1.0,1.0,0.0,1.0,1.0,1.0,0.0,5.0,0.0,2.0,12.0,6.0,1.0,1.0,4.0,0.0,1.0,19.0,8.0,11.0,1.0,1.0,58.0,1.0,0.0,0.0,0.0,0.0,0.0,1.0,0.0,0.0,1.0,0.0,1.0,0.0,0.0,0.0,1.0,1.0,0.0,0.0,0.0,0.0,0.0,1.0,0.0,0.0,0.0,0.0,0.0,0.0,0.0,0.0,0.0,0.0,1.0,0.0,0.0,0.0,0.0,0.0,0.0,28.0,9.0,62.0,3.0,0.0,2.0,0.0,7.0,66.0,23.0,8.0,0.0,0.0,0.0,4.0,100.0,1.0,103.0,65.0,39.0,82.0,18.0,4.0,70.0,31.0,3.0,2.0,85.0,17.0,0.0,2.0,59.0,38.0,5.0,0.0,6.0,21.0,29.0,31.0,17.0,100.0,3.0,1.0,0.0,0.0,90.0,7.0,7.0,3.0,36.0,20.0,11.0,20.0,3.0,11.0,92.0,12.0,87.0,17.0,60.0,37.0,7.0,12.0,29.0,20.0,5.0,11.0,2.0,25.0,71.0,33.0,44.0,60.0,79.0,21.0,4.0,101.0,3.0,99.0,5.0,92.0,12.0,104.0,0.0,82.0,22.0,39.0,57.0,8.0,70.0,30.0,4.0,29.0,34.0,17.0,17.0,7.0,41.0,27.0,12.0,6.0,18.0,7.0,97.0,14.0,77.0,11.0,2.0,101.0,0.0,3.0,76.0,24.0,4.0,100.0,4.0,0.0,8.0,96.0,99.0,5.0,86.0,18.0,0.0,0.0,96.0,8.0,0.0,67.0,36.0,1.0,92.0,11.0,1.0,101.0,3.0,0.0,0.0,48.0,56.0,53.0,43.0,8.0,0.0,97.0,7.0,0.0,92.0,12.0,0.0,83.0,21.0,0.0,79.0,25.0,0.0,101.0,3.0,0.0,0.0,24.0,64.0,16.0,0.0,Acima da média
370,26069318,2017,1,2,2603,26010,26,2608909,260890905,2,1,1.0,1.0,1.0,0.0,0.0,0.0,0.0,0.0,0.0,0.0,0.0,0.0,0.0,1.0,1.0,0.0,0.0,0.0,0.0,1.0,0.0,0.0,0.0,1.0,1.0,0.0,1.0,0.0,0.0,0.0,0.0,0.0,1.0,1.0,1.0,0.0,0.0,1.0,0.0,1.0,1.0,1.0,0.0,1.0,0.0,0.0,0.0,1.0,0.0,1.0,0.0,1.0,1.0,0.0,0.0,0.0,1.0,0.0,0.0,0.0,0.0,0.0,0.0,0.0,11.0,11.0,1.0,0.0,0.0,0.0,1.0,0.0,1.0,1.0,1.0,1.0,0.0,1.0,1.0,6.0,0.0,0.0,0.0,1.0,0.0,4.0,3.0,4.0,13.0,0.0,2.0,13.0,3.0,12.0,1.0,1.0,35.0,1.0,0.0,1.0,0.0,0.0,0.0,1.0,0.0,0.0,1.0,0.0,1.0,0.0,0.0,0.0,1.0,0.0,0.0,0.0,0.0,0.0,0.0,1.0,0.0,0.0,0.0,0.0,0.0,0.0,0.0,0.0,0.0,0.0,0.0,0.0,0.0,0.0,0.0,0.0,0.0,32.0,5.0,35.0,2.0,4.0,2.0,1.0,6.0,46.0,22.0,3.0,1.0,0.0,1.0,0.0,80.0,0.0,80.0,39.0,41.0,55.0,21.0,4.0,34.0,40.0,6.0,0.0,53.0,27.0,0.0,1.0,42.0,30.0,7.0,0.0,5.0,23.0,28.0,14.0,10.0,74.0,5.0,0.0,0.0,1.0,72.0,6.0,2.0,5.0,8.0,12.0,13.0,31.0,7.0,4.0,76.0,4.0,62.0,18.0,48.0,27.0,5.0,1.0,12.0,12.0,10.0,25.0,4.0,16.0,72.0,8.0,44.0,36.0,53.0,23.0,4.0,78.0,2.0,69.0,11.0,63.0,17.0,79.0,1.0,53.0,27.0,27.0,43.0,10.0,53.0,23.0,4.0,6.0,19.0,17.0,37.0,1.0,36.0,15.0,4.0,4.0,21.0,1.0,79.0,16.0,60.0,3.0,1.0,73.0,1.0,6.0,54.0,24.0,2.0,79.0,1.0,0.0,14.0,66.0,67.0,13.0,41.0,33.0,3.0,3.0,69.0,10.0,1.0,53.0,25.0,2.0,78.0,2.0,0.0,64.0,14.0,0.0,2.0,34.0,46.0,21.0,44.0,14.0,1.0,70.0,9.0,1.0,61.0,18.0,1.0,53.0,26.0,1.0,71.0,7.0,2.0,69.0,10.0,0.0,1.0,5.0,43.0,31.0,1.0,Acima da média
371,26069555,2017,1,2,2603,26010,26,2608909,260890905,2,1,1.0,1.0,1.0,0.0,0.0,0.0,0.0,0.0,0.0,0.0,0.0,0.0,0.0,1.0,1.0,0.0,0.0,0.0,0.0,1.0,0.0,0.0,0.0,1.0,0.0,0.0,1.0,0.0,0.0,0.0,0.0,0.0,1.0,1.0,1.0,0.0,1.0,0.0,0.0,0.0,1.0,1.0,0.0,1.0,0.0,0.0,0.0,1.0,0.0,1.0,0.0,1.0,1.0,1.0,1.0,1.0,0.0,0.0,0.0,0.0,0.0,0.0,0.0,0.0,10.0,10.0,1.0,0.0,1.0,0.0,1.0,0.0,0.0,1.0,1.0,1.0,0.0,1.0,1.0,10.0,0.0,3.0,0.0,1.0,0.0,0.0,4.0,5.0,11.0,0.0,2.0,14.0,3.0,11.0,1.0,1.0,41.0,1.0,1.0,1.0,0.0,0.0,0.0,1.0,0.0,0.0,1.0,0.0,1.0,0.0,0.0,1.0,1.0,1.0,0.0,0.0,0.0,0.0,1.0,1.0,0.0,0.0,0.0,0.0,1.0,0.0,0.0,0.0,0.0,0.0,1.0,0.0,0.0,0.0,0.0,0.0,0.0,15.0,12.0,36.0,2.0,0.0,5.0,0.0,2.0,26.0,20.0,15.0,2.0,2.0,3.0,7.0,63.0,2.0,68.0,47.0,23.0,65.0,5.0,0.0,53.0,14.0,3.0,1.0,63.0,6.0,0.0,6.0,45.0,19.0,0.0,0.0,9.0,16.0,15.0,22.0,8.0,62.0,8.0,0.0,0.0,0.0,57.0,10.0,3.0,8.0,27.0,11.0,9.0,4.0,1.0,10.0,54.0,16.0,53.0,17.0,37.0,30.0,3.0,6.0,23.0,14.0,5.0,3.0,0.0,19.0,52.0,18.0,38.0,32.0,37.0,27.0,6.0,69.0,1.0,67.0,3.0,61.0,9.0,68.0,2.0,48.0,22.0,22.0,43.0,5.0,50.0,17.0,3.0,16.0,16.0,8.0,22.0,8.0,27.0,28.0,5.0,5.0,5.0,9.0,61.0,21.0,32.0,14.0,3.0,68.0,1.0,1.0,35.0,22.0,13.0,61.0,9.0,0.0,22.0,48.0,66.0,4.0,44.0,26.0,0.0,0.0,59.0,11.0,0.0,42.0,28.0,0.0,60.0,8.0,2.0,67.0,3.0,0.0,0.0,39.0,31.0,37.0,31.0,2.0,0.0,68.0,1.0,1.0,47.0,22.0,1.0,51.0,19.0,0.0,48.0,20.0,2.0,67.0,3.0,0.0,0.0,13.0,31.0,26.0,0.0,Abaixo da média
372,26069652,2017,1,2,2603,26010,26,2608909,260890905,2,1,1.0,1.0,1.0,0.0,0.0,0.0,0.0,0.0,0.0,0.0,0.0,0.0,0.0,1.0,1.0,0.0,0.0,0.0,0.0,1.0,0.0,0.0,0.0,0.0,1.0,0.0,1.0,0.0,0.0,0.0,0.0,0.0,1.0,1.0,1.0,1.0,1.0,1.0,0.0,1.0,1.0,1.0,0.0,1.0,0.0,0.0,0.0,1.0,0.0,0.0,0.0,1.0,0.0,1.0,0.0,1.0,1.0,0.0,0.0,0.0,0.0,0.0,0.0,0.0,13.0,13.0,1.0,0.0,1.0,0.0,0.0,0.0,1.0,1.0,1.0,1.0,0.0,1.0,1.0,6.0,0.0,2.0,0.0,0.0,0.0,1.0,8.0,3.0,18.0,0.0,2.0,22.0,3.0,18.0,1.0,1.0,88.0,1.0,0.0,1.0,0.0,0.0,0.0,1.0,0.0,0.0,1.0,0.0,1.0,0.0,0.0,0.0,1.0,1.0,0.0,0.0,0.0,0.0,1.0,1.0,0.0,0.0,0.0,0.0,0.0,0.0,0.0,0.0,0.0,0.0,1.0,0.0,0.0,0.0,0.0,0.0,0.0,30.0,13.0,74.0,4.0,0.0,6.0,0.0,10.0,49.0,34.0,19.0,8.0,3.0,4.0,5.0,122.0,3.0,124.0,78.0,49.0,103.0,22.0,2.0,70.0,51.0,6.0,1.0,100.0,26.0,3.0,8.0,62.0,51.0,3.0,1.0,11.0,27.0,45.0,28.0,15.0,114.0,11.0,2.0,0.0,0.0,105.0,15.0,7.0,8.0,26.0,16.0,16.0,41.0,7.0,13.0,111.0,16.0,95.0,32.0,71.0,52.0,4.0,8.0,28.0,23.0,14.0,26.0,2.0,26.0,108.0,19.0,68.0,59.0,60.0,50.0,17.0,125.0,2.0,121.0,6.0,110.0,17.0,123.0,4.0,91.0,36.0,36.0,69.0,22.0,89.0,35.0,3.0,25.0,29.0,22.0,42.0,9.0,33.0,43.0,14.0,19.0,18.0,31.0,96.0,41.0,76.0,8.0,2.0,113.0,1.0,13.0,62.0,38.0,27.0,114.0,10.0,3.0,17.0,110.0,116.0,11.0,66.0,52.0,8.0,1.0,107.0,19.0,1.0,84.0,42.0,1.0,113.0,13.0,1.0,122.0,4.0,1.0,0.0,67.0,60.0,42.0,64.0,19.0,2.0,104.0,21.0,2.0,72.0,53.0,2.0,78.0,48.0,1.0,94.0,32.0,1.0,97.0,23.0,5.0,2.0,17.0,59.0,51.0,0.0,Abaixo da média
374,26090406,2017,1,2,2604,26013,26,2609006,260900605,2,1,1.0,1.0,1.0,0.0,0.0,0.0,0.0,0.0,0.0,0.0,0.0,0.0,0.0,1.0,1.0,0.0,0.0,0.0,0.0,1.0,0.0,0.0,0.0,0.0,1.0,0.0,1.0,0.0,0.0,0.0,0.0,0.0,1.0,1.0,1.0,0.0,0.0,1.0,0.0,1.0,1.0,1.0,0.0,1.0,0.0,0.0,0.0,1.0,0.0,1.0,0.0,1.0,0.0,0.0,1.0,1.0,0.0,1.0,0.0,0.0,0.0,1.0,0.0,0.0,16.0,16.0,0.0,0.0,0.0,1.0,1.0,0.0,1.0,0.0,0.0,1.0,0.0,1.0,1.0,0.0,0.0,0.0,1.0,1.0,0.0,3.0,0.0,0.0,7.0,0.0,1.0,13.0,3.0,10.0,1.0,1.0,55.0,1.0,0.0,0.0,0.0,0.0,0.0,1.0,0.0,0.0,0.0,0.0,1.0,0.0,0.0,1.0,1.0,1.0,0.0,0.0,0.0,0.0,1.0,1.0,0.0,0.0,0.0,0.0,1.0,0.0,0.0,0.0,0.0,1.0,1.0,0.0,0.0,0.0,0.0,0.0,0.0,25.0,13.0,58.0,3.0,3.0,7.0,0.0,1.0,50.0,33.0,12.0,10.0,1.0,2.0,2.0,107.0,4.0,105.0,80.0,29.0,93.0,14.0,2.0,86.0,21.0,2.0,2.0,99.0,8.0,1.0,10.0,58.0,34.0,6.0,0.0,7.0,26.0,22.0,27.0,27.0,92.0,15.0,1.0,1.0,0.0,89.0,14.0,6.0,10.0,35.0,22.0,6.0,15.0,5.0,16.0,89.0,20.0,87.0,22.0,55.0,52.0,2.0,11.0,29.0,15.0,7.0,8.0,2.0,37.0,70.0,39.0,50.0,59.0,62.0,38.0,9.0,105.0,4.0,104.0,5.0,100.0,9.0,104.0,5.0,83.0,26.0,36.0,69.0,4.0,79.0,29.0,1.0,35.0,35.0,15.0,19.0,5.0,43.0,29.0,6.0,18.0,13.0,19.0,90.0,57.0,44.0,8.0,0.0,106.0,0.0,3.0,62.0,44.0,3.0,100.0,7.0,2.0,32.0,77.0,107.0,2.0,91.0,18.0,0.0,0.0,101.0,8.0,0.0,68.0,40.0,1.0,91.0,17.0,1.0,105.0,3.0,1.0,0.0,74.0,35.0,65.0,41.0,3.0,0.0,104.0,5.0,0.0,93.0,16.0,0.0,78.0,30.0,1.0,87.0,21.0,1.0,104.0,4.0,1.0,0.0,42.0,53.0,14.0,0.0,Abaixo da média
375,26090759,2017,1,2,2604,26013,26,2609006,260900605,2,1,1.0,1.0,1.0,0.0,0.0,0.0,0.0,0.0,0.0,0.0,0.0,0.0,0.0,1.0,1.0,0.0,0.0,0.0,0.0,1.0,0.0,0.0,0.0,0.0,1.0,0.0,1.0,0.0,0.0,0.0,0.0,0.0,1.0,1.0,1.0,0.0,1.0,0.0,0.0,0.0,1.0,1.0,0.0,1.0,0.0,0.0,0.0,1.0,0.0,1.0,0.0,1.0,1.0,0.0,1.0,1.0,0.0,0.0,1.0,0.0,0.0,0.0,0.0,0.0,11.0,11.0,1.0,0.0,1.0,1.0,1.0,0.0,1.0,1.0,1.0,1.0,0.0,0.0,1.0,3.0,0.0,2.0,1.0,1.0,0.0,2.0,2.0,7.0,8.0,0.0,0.0,13.0,3.0,10.0,1.0,1.0,28.0,1.0,1.0,1.0,0.0,0.0,0.0,1.0,0.0,0.0,0.0,0.0,1.0,0.0,0.0,0.0,1.0,0.0,0.0,0.0,0.0,0.0,1.0,1.0,0.0,0.0,0.0,0.0,0.0,0.0,0.0,0.0,0.0,0.0,0.0,0.0,0.0,0.0,0.0,0.0,0.0,8.0,1.0,20.0,0.0,0.0,3.0,0.0,0.0,14.0,10.0,4.0,1.0,1.0,2.0,1.0,31.0,1.0,31.0,29.0,3.0,32.0,0.0,0.0,27.0,4.0,1.0,1.0,29.0,2.0,1.0,3.0,15.0,11.0,2.0,0.0,4.0,6.0,8.0,8.0,6.0,28.0,3.0,1.0,0.0,0.0,25.0,6.0,1.0,3.0,9.0,2.0,2.0,6.0,0.0,10.0,21.0,11.0,22.0,10.0,11.0,19.0,2.0,6.0,7.0,0.0,2.0,3.0,0.0,14.0,16.0,16.0,13.0,19.0,20.0,11.0,1.0,32.0,0.0,31.0,1.0,31.0,1.0,32.0,0.0,28.0,4.0,15.0,14.0,3.0,22.0,8.0,2.0,7.0,9.0,4.0,7.0,5.0,8.0,11.0,4.0,2.0,7.0,1.0,31.0,15.0,11.0,5.0,1.0,30.0,0.0,2.0,17.0,13.0,2.0,25.0,5.0,2.0,11.0,21.0,29.0,3.0,20.0,12.0,0.0,0.0,26.0,5.0,1.0,17.0,14.0,1.0,25.0,7.0,0.0,27.0,5.0,0.0,0.0,19.0,13.0,14.0,18.0,0.0,0.0,30.0,2.0,0.0,22.0,10.0,0.0,21.0,11.0,0.0,22.0,10.0,0.0,29.0,3.0,0.0,0.0,6.0,19.0,7.0,0.0,Abaixo da média
376,26090767,2017,1,2,2604,26013,26,2609006,260900605,2,1,1.0,1.0,1.0,0.0,0.0,0.0,0.0,0.0,0.0,0.0,0.0,0.0,0.0,1.0,1.0,0.0,0.0,0.0,0.0,1.0,0.0,0.0,0.0,0.0,1.0,0.0,1.0,0.0,0.0,0.0,0.0,0.0,0.0,1.0,1.0,0.0,0.0,0.0,1.0,1.0,1.0,1.0,0.0,1.0,0.0,0.0,0.0,1.0,0.0,0.0,0.0,1.0,0.0,0.0,0.0,0.0,0.0,1.0,1.0,0.0,0.0,0.0,0.0,0.0,7.0,7.0,1.0,0.0,1.0,0.0,1.0,1.0,1.0,1.0,0.0,1.0,0.0,1.0,1.0,2.0,0.0,3.0,0.0,1.0,1.0,1.0,3.0,0.0,10.0,0.0,1.0,10.0,1.0,9.0,1.0,1.0,28.0,1.0,0.0,0.0,0.0,0.0,0.0,1.0,0.0,0.0,0.0,0.0,1.0,0.0,0.0,0.0,1.0,0.0,0.0,0.0,0.0,0.0,1.0,1.0,0.0,0.0,0.0,0.0,0.0,0.0,0.0,0.0,0.0,0.0,0.0,0.0,0.0,0.0,0.0,0.0,0.0,9.0,4.0,18.0,2.0,1.0,9.0,0.0,5.0,18.0,12.0,6.0,2.0,0.0,0.0,1.0,42.0,3.0,40.0,31.0,12.0,34.0,9.0,0.0,30.0,13.0,0.0,1.0,40.0,2.0,0.0,3.0,22.0,13.0,5.0,0.0,6.0,9.0,15.0,3.0,10.0,37.0,6.0,0.0,0.0,0.0,33.0,8.0,2.0,4.0,11.0,5.0,2.0,3.0,1.0,17.0,31.0,12.0,28.0,15.0,28.0,12.0,3.0,7.0,12.0,3.0,2.0,3.0,0.0,16.0,22.0,21.0,21.0,22.0,28.0,11.0,4.0,41.0,2.0,38.0,5.0,37.0,6.0,41.0,2.0,35.0,8.0,17.0,23.0,3.0,32.0,10.0,1.0,20.0,12.0,3.0,8.0,0.0,11.0,14.0,2.0,9.0,7.0,1.0,42.0,15.0,21.0,5.0,2.0,41.0,1.0,1.0,30.0,9.0,4.0,40.0,2.0,1.0,13.0,30.0,38.0,5.0,29.0,13.0,0.0,1.0,33.0,9.0,1.0,21.0,20.0,2.0,38.0,5.0,0.0,30.0,9.0,3.0,1.0,22.0,21.0,22.0,19.0,1.0,1.0,40.0,2.0,1.0,34.0,9.0,0.0,28.0,14.0,1.0,34.0,8.0,1.0,34.0,8.0,1.0,0.0,6.0,29.0,7.0,1.0,Abaixo da média
377,26408643,2017,1,2,2604,26013,26,2609006,260900605,2,1,2.0,1.0,1.0,0.0,0.0,0.0,0.0,0.0,0.0,0.0,0.0,0.0,0.0,1.0,1.0,0.0,0.0,0.0,0.0,1.0,0.0,0.0,0.0,1.0,0.0,0.0,1.0,0.0,0.0,0.0,0.0,0.0,1.0,1.0,1.0,1.0,0.0,1.0,0.0,1.0,1.0,1.0,0.0,1.0,0.0,0.0,1.0,1.0,0.0,1.0,1.0,1.0,1.0,0.0,1.0,1.0,1.0,0.0,0.0,0.0,0.0,1.0,0.0,0.0,15.0,9.0,1.0,0.0,1.0,0.0,1.0,0.0,0.0,1.0,1.0,1.0,0.0,1.0,1.0,2.0,0.0,1.0,0.0,1.0,0.0,0.0,1.0,2.0,4.0,0.0,1.0,14.0,4.0,10.0,1.0,1.0,25.0,1.0,0.0,0.0,0.0,0.0,0.0,1.0,0.0,0.0,0.0,0.0,1.0,0.0,0.0,0.0,1.0,0.0,0.0,0.0,0.0,0.0,0.0,1.0,0.0,0.0,0.0,0.0,0.0,0.0,0.0,0.0,0.0,0.0,0.0,0.0,0.0,0.0,0.0,0.0,0.0,18.0,5.0,81.0,5.0,0.0,6.0,1.0,11.0,75.0,24.0,4.0,0.0,0.0,0.0,0.0,115.0,2.0,113.0,66.0,49.0,63.0,47.0,5.0,25.0,74.0,16.0,0.0,74.0,41.0,0.0,2.0,52.0,51.0,10.0,0.0,11.0,30.0,44.0,18.0,12.0,98.0,16.0,0.0,1.0,0.0,109.0,3.0,3.0,3.0,7.0,19.0,12.0,42.0,29.0,3.0,109.0,6.0,96.0,19.0,88.0,25.0,2.0,7.0,19.0,30.0,14.0,31.0,9.0,5.0,95.0,20.0,62.0,53.0,79.0,30.0,6.0,113.0,2.0,108.0,7.0,103.0,12.0,112.0,3.0,97.0,18.0,65.0,45.0,5.0,87.0,28.0,0.0,12.0,53.0,23.0,22.0,5.0,51.0,21.0,4.0,0.0,39.0,3.0,112.0,65.0,49.0,1.0,0.0,105.0,5.0,5.0,103.0,10.0,2.0,113.0,2.0,0.0,12.0,103.0,107.0,8.0,106.0,9.0,0.0,0.0,111.0,4.0,0.0,81.0,34.0,0.0,112.0,3.0,0.0,115.0,0.0,0.0,0.0,83.0,32.0,104.0,10.0,1.0,0.0,113.0,2.0,0.0,111.0,4.0,0.0,95.0,19.0,1.0,110.0,4.0,1.0,109.0,6.0,0.0,0.0,42.0,60.0,13.0,0.0,Acima da média
378,26070090,2017,1,2,2603,26010,26,2609105,260910505,2,1,1.0,1.0,3.0,0.0,0.0,0.0,0.0,0.0,0.0,0.0,0.0,0.0,0.0,1.0,1.0,0.0,0.0,0.0,0.0,1.0,0.0,0.0,0.0,0.0,1.0,0.0,1.0,1.0,0.0,0.0,0.0,0.0,1.0,1.0,0.0,1.0,0.0,0.0,0.0,0.0,1.0,1.0,0.0,1.0,0.0,0.0,0.0,1.0,0.0,0.0,0.0,0.0,0.0,0.0,0.0,0.0,0.0,0.0,0.0,0.0,0.0,0.0,0.0,0.0,12.0,10.0,1.0,0.0,1.0,1.0,1.0,1.0,1.0,1.0,1.0,1.0,0.0,1.0,1.0,2.0,0.0,1.0,1.0,1.0,1.0,4.0,3.0,3.0,4.0,0.0,1.0,15.0,5.0,10.0,1.0,1.0,70.0,1.0,0.0,0.0,0.0,0.0,0.0,1.0,0.0,0.0,0.0,0.0,1.0,0.0,0.0,0.0,1.0,1.0,0.0,0.0,0.0,0.0,0.0,1.0,0.0,0.0,0.0,0.0,0.0,0.0,0.0,0.0,0.0,0.0,1.0,0.0,0.0,0.0,0.0,0.0,0.0,29.0,9.0,74.0,0.0,1.0,6.0,1.0,35.0,44.0,26.0,8.0,4.0,1.0,0.0,2.0,117.0,1.0,118.0,97.0,22.0,99.0,19.0,1.0,93.0,23.0,3.0,1.0,105.0,13.0,1.0,7.0,61.0,47.0,3.0,2.0,12.0,16.0,44.0,23.0,22.0,107.0,10.0,1.0,1.0,0.0,104.0,8.0,7.0,9.0,40.0,19.0,16.0,16.0,3.0,16.0,93.0,26.0,89.0,30.0,75.0,35.0,9.0,21.0,40.0,21.0,5.0,7.0,1.0,24.0,69.0,50.0,47.0,72.0,82.0,33.0,4.0,117.0,2.0,111.0,8.0,107.0,12.0,115.0,4.0,98.0,21.0,62.0,49.0,8.0,86.0,28.0,5.0,30.0,34.0,17.0,28.0,10.0,41.0,29.0,14.0,13.0,22.0,14.0,105.0,51.0,41.0,26.0,1.0,114.0,0.0,5.0,77.0,37.0,5.0,114.0,4.0,1.0,27.0,92.0,111.0,8.0,85.0,34.0,0.0,0.0,114.0,5.0,0.0,66.0,52.0,1.0,101.0,17.0,1.0,111.0,8.0,0.0,0.0,81.0,38.0,58.0,54.0,6.0,1.0,112.0,6.0,1.0,94.0,24.0,1.0,80.0,38.0,1.0,79.0,38.0,2.0,106.0,12.0,0.0,1.0,32.0,77.0,10.0,0.0,Acima da média
380,26100614,2017,1,2,2604,26015,26,2609204,260920405,2,1,1.0,1.0,1.0,0.0,0.0,0.0,0.0,0.0,0.0,0.0,0.0,0.0,0.0,1.0,1.0,0.0,0.0,0.0,0.0,1.0,0.0,0.0,0.0,0.0,1.0,0.0,1.0,0.0,0.0,0.0,0.0,0.0,1.0,1.0,1.0,0.0,0.0,0.0,0.0,0.0,1.0,1.0,0.0,1.0,0.0,0.0,0.0,1.0,0.0,1.0,1.0,1.0,0.0,0.0,0.0,1.0,0.0,0.0,0.0,0.0,0.0,1.0,0.0,0.0,10.0,9.0,1.0,0.0,0.0,0.0,1.0,0.0,0.0,1.0,0.0,1.0,0.0,1.0,1.0,5.0,0.0,0.0,0.0,1.0,0.0,0.0,6.0,0.0,5.0,0.0,1.0,23.0,5.0,18.0,1.0,0.0,29.0,1.0,0.0,0.0,0.0,0.0,0.0,1.0,0.0,0.0,0.0,0.0,1.0,0.0,0.0,0.0,1.0,1.0,1.0,0.0,0.0,0.0,0.0,1.0,0.0,1.0,0.0,0.0,0.0,0.0,0.0,0.0,0.0,0.0,1.0,0.0,0.0,0.0,0.0,0.0,0.0,11.0,2.0,30.0,6.0,1.0,3.0,0.0,5.0,21.0,16.0,10.0,1.0,0.0,0.0,1.0,52.0,1.0,52.0,27.0,26.0,41.0,11.0,1.0,33.0,18.0,2.0,1.0,35.0,17.0,1.0,1.0,19.0,28.0,4.0,0.0,6.0,9.0,17.0,11.0,10.0,47.0,5.0,1.0,0.0,0.0,49.0,2.0,2.0,8.0,11.0,6.0,3.0,13.0,6.0,6.0,41.0,12.0,37.0,16.0,36.0,14.0,3.0,8.0,12.0,5.0,3.0,11.0,2.0,12.0,35.0,18.0,30.0,23.0,31.0,20.0,2.0,53.0,0.0,50.0,3.0,46.0,7.0,53.0,0.0,33.0,20.0,9.0,33.0,11.0,40.0,12.0,1.0,9.0,17.0,13.0,9.0,5.0,20.0,12.0,4.0,4.0,13.0,4.0,49.0,12.0,26.0,13.0,2.0,49.0,0.0,4.0,25.0,24.0,4.0,53.0,0.0,0.0,5.0,48.0,47.0,6.0,31.0,15.0,1.0,6.0,37.0,11.0,5.0,22.0,25.0,6.0,44.0,4.0,5.0,43.0,3.0,0.0,7.0,35.0,18.0,36.0,10.0,1.0,6.0,47.0,0.0,6.0,33.0,15.0,5.0,27.0,20.0,6.0,42.0,6.0,5.0,46.0,2.0,0.0,5.0,2.0,18.0,25.0,8.0,Abaixo da média
381,26009390,2017,1,2,2601,26002,26,2609303,260930305,2,1,1.0,1.0,1.0,0.0,0.0,0.0,0.0,0.0,0.0,0.0,0.0,0.0,0.0,1.0,1.0,0.0,0.0,0.0,0.0,1.0,0.0,0.0,0.0,1.0,0.0,0.0,1.0,0.0,0.0,0.0,0.0,0.0,1.0,1.0,1.0,1.0,1.0,0.0,1.0,1.0,1.0,1.0,0.0,1.0,0.0,0.0,0.0,1.0,0.0,1.0,1.0,1.0,1.0,0.0,1.0,1.0,0.0,1.0,0.0,0.0,0.0,1.0,0.0,0.0,14.0,9.0,1.0,0.0,1.0,0.0,1.0,1.0,1.0,1.0,1.0,1.0,1.0,1.0,1.0,5.0,0.0,6.0,0.0,2.0,1.0,5.0,1.0,4.0,17.0,1.0,3.0,25.0,5.0,20.0,1.0,1.0,28.0,1.0,1.0,0.0,0.0,0.0,0.0,1.0,0.0,0.0,0.0,0.0,1.0,0.0,0.0,0.0,1.0,1.0,0.0,0.0,0.0,0.0,0.0,1.0,0.0,0.0,0.0,0.0,0.0,0.0,0.0,0.0,0.0,0.0,1.0,0.0,0.0,0.0,0.0,0.0,0.0,5.0,16.0,16.0,0.0,18.0,3.0,0.0,10.0,28.0,14.0,6.0,0.0,0.0,0.0,1.0,57.0,1.0,57.0,40.0,18.0,35.0,21.0,2.0,40.0,16.0,2.0,2.0,45.0,11.0,1.0,2.0,19.0,29.0,7.0,1.0,5.0,5.0,14.0,16.0,17.0,53.0,5.0,0.0,0.0,0.0,55.0,3.0,0.0,0.0,14.0,6.0,5.0,17.0,12.0,4.0,56.0,2.0,52.0,6.0,37.0,20.0,1.0,2.0,10.0,8.0,3.0,17.0,3.0,15.0,45.0,13.0,36.0,22.0,42.0,12.0,4.0,58.0,0.0,56.0,2.0,53.0,5.0,58.0,0.0,51.0,7.0,23.0,32.0,3.0,42.0,15.0,1.0,12.0,13.0,11.0,17.0,5.0,21.0,13.0,7.0,3.0,14.0,5.0,53.0,19.0,19.0,18.0,2.0,56.0,1.0,1.0,39.0,17.0,2.0,56.0,2.0,0.0,28.0,30.0,51.0,7.0,40.0,14.0,1.0,3.0,54.0,2.0,2.0,41.0,16.0,1.0,48.0,8.0,2.0,52.0,5.0,0.0,1.0,40.0,18.0,32.0,23.0,3.0,0.0,55.0,3.0,0.0,35.0,22.0,1.0,39.0,18.0,1.0,34.0,22.0,2.0,51.0,6.0,0.0,1.0,18.0,33.0,5.0,2.0,Acima da média
382,26009617,2017,1,2,2601,26002,26,2609303,260930305,2,1,1.0,1.0,3.0,0.0,0.0,0.0,0.0,0.0,0.0,0.0,0.0,0.0,1.0,1.0,1.0,0.0,0.0,0.0,0.0,1.0,0.0,0.0,0.0,0.0,1.0,0.0,1.0,0.0,0.0,0.0,0.0,0.0,1.0,1.0,1.0,0.0,1.0,0.0,0.0,0.0,1.0,1.0,0.0,1.0,0.0,0.0,0.0,1.0,0.0,0.0,0.0,0.0,0.0,0.0,0.0,1.0,0.0,0.0,0.0,0.0,0.0,0.0,0.0,0.0,10.0,10.0,0.0,0.0,0.0,0.0,1.0,0.0,1.0,1.0,0.0,1.0,0.0,0.0,1.0,0.0,0.0,0.0,0.0,2.0,0.0,2.0,1.0,0.0,7.0,0.0,0.0,12.0,2.0,10.0,1.0,1.0,23.0,1.0,1.0,1.0,0.0,0.0,0.0,1.0,0.0,0.0,0.0,0.0,1.0,0.0,0.0,0.0,1.0,0.0,0.0,0.0,0.0,0.0,1.0,1.0,0.0,0.0,0.0,0.0,0.0,0.0,0.0,0.0,0.0,0.0,0.0,0.0,0.0,0.0,0.0,0.0,0.0,0.0,8.0,25.0,1.0,5.0,5.0,0.0,1.0,10.0,14.0,13.0,2.0,1.0,3.0,1.0,43.0,2.0,42.0,28.0,16.0,37.0,7.0,0.0,36.0,8.0,0.0,2.0,40.0,2.0,0.0,2.0,13.0,26.0,3.0,0.0,3.0,5.0,14.0,8.0,14.0,42.0,1.0,1.0,0.0,0.0,41.0,3.0,0.0,4.0,14.0,9.0,4.0,7.0,1.0,5.0,34.0,10.0,31.0,13.0,30.0,14.0,0.0,5.0,13.0,6.0,3.0,4.0,0.0,13.0,23.0,21.0,19.0,25.0,33.0,10.0,1.0,44.0,0.0,42.0,2.0,38.0,6.0,43.0,1.0,42.0,2.0,9.0,31.0,4.0,27.0,12.0,5.0,23.0,5.0,4.0,5.0,7.0,17.0,11.0,4.0,1.0,11.0,7.0,37.0,9.0,19.0,13.0,3.0,41.0,0.0,3.0,19.0,21.0,4.0,43.0,1.0,0.0,23.0,21.0,36.0,8.0,22.0,20.0,2.0,0.0,33.0,11.0,0.0,22.0,21.0,1.0,36.0,8.0,0.0,41.0,3.0,0.0,0.0,35.0,9.0,25.0,17.0,2.0,0.0,39.0,5.0,0.0,32.0,12.0,0.0,34.0,10.0,0.0,20.0,23.0,1.0,36.0,8.0,0.0,0.0,9.0,29.0,6.0,0.0,Abaixo da média
384,26111853,2017,1,2,2605,26017,26,2609402,260940205,2,1,1.0,1.0,1.0,0.0,0.0,0.0,0.0,0.0,0.0,0.0,0.0,0.0,0.0,1.0,1.0,0.0,0.0,0.0,0.0,1.0,0.0,0.0,0.0,0.0,1.0,0.0,1.0,0.0,0.0,0.0,0.0,0.0,0.0,0.0,0.0,0.0,0.0,0.0,0.0,0.0,0.0,1.0,0.0,1.0,0.0,0.0,0.0,0.0,0.0,0.0,0.0,0.0,0.0,0.0,0.0,0.0,0.0,0.0,0.0,0.0,0.0,0.0,0.0,0.0,15.0,15.0,0.0,0.0,0.0,0.0,0.0,0.0,0.0,0.0,0.0,0.0,0.0,0.0,1.0,0.0,0.0,0.0,0.0,0.0,0.0,0.0,0.0,0.0,0.0,0.0,0.0,12.0,2.0,10.0,1.0,1.0,53.0,1.0,0.0,0.0,0.0,0.0,0.0,1.0,0.0,0.0,0.0,1.0,1.0,0.0,0.0,0.0,1.0,1.0,0.0,0.0,0.0,0.0,1.0,1.0,0.0,0.0,0.0,0.0,0.0,0.0,0.0,0.0,0.0,1.0,1.0,0.0,0.0,0.0,0.0,0.0,0.0,20.0,17.0,56.0,4.0,2.0,12.0,0.0,6.0,51.0,26.0,18.0,6.0,3.0,1.0,4.0,107.0,2.0,109.0,57.0,54.0,78.0,29.0,4.0,69.0,36.0,6.0,1.0,87.0,23.0,0.0,5.0,61.0,38.0,7.0,0.0,7.0,31.0,34.0,28.0,11.0,102.0,7.0,0.0,1.0,1.0,98.0,9.0,4.0,6.0,12.0,18.0,11.0,40.0,5.0,19.0,96.0,15.0,89.0,22.0,61.0,45.0,5.0,5.0,20.0,16.0,9.0,29.0,4.0,28.0,83.0,28.0,59.0,52.0,89.0,20.0,2.0,108.0,3.0,105.0,6.0,92.0,19.0,108.0,3.0,86.0,25.0,33.0,63.0,15.0,76.0,31.0,4.0,21.0,35.0,14.0,29.0,12.0,37.0,39.0,8.0,12.0,15.0,23.0,88.0,38.0,63.0,9.0,1.0,101.0,0.0,10.0,60.0,33.0,18.0,106.0,4.0,1.0,17.0,94.0,89.0,22.0,61.0,42.0,2.0,6.0,87.0,21.0,3.0,68.0,40.0,3.0,101.0,7.0,3.0,95.0,11.0,1.0,4.0,66.0,45.0,64.0,39.0,8.0,0.0,103.0,8.0,0.0,71.0,40.0,0.0,75.0,36.0,0.0,87.0,24.0,0.0,101.0,9.0,0.0,1.0,22.0,51.0,32.0,6.0,Abaixo da média
385,26111870,2017,1,2,2605,26017,26,2609402,260940205,2,1,1.0,1.0,1.0,0.0,0.0,0.0,0.0,0.0,0.0,0.0,0.0,0.0,0.0,1.0,1.0,0.0,0.0,0.0,0.0,1.0,0.0,0.0,0.0,0.0,1.0,0.0,1.0,0.0,0.0,0.0,0.0,0.0,1.0,1.0,1.0,1.0,1.0,0.0,1.0,1.0,1.0,1.0,0.0,1.0,0.0,0.0,0.0,1.0,0.0,1.0,1.0,1.0,1.0,1.0,1.0,0.0,1.0,0.0,0.0,0.0,0.0,1.0,0.0,0.0,13.0,13.0,1.0,1.0,1.0,1.0,1.0,1.0,1.0,0.0,1.0,1.0,1.0,1.0,1.0,5.0,1.0,5.0,1.0,2.0,1.0,3.0,0.0,3.0,18.0,1.0,3.0,18.0,5.0,13.0,1.0,1.0,39.0,1.0,0.0,0.0,0.0,0.0,0.0,1.0,0.0,0.0,0.0,0.0,1.0,0.0,0.0,0.0,1.0,1.0,0.0,0.0,0.0,0.0,0.0,1.0,0.0,0.0,0.0,0.0,0.0,0.0,0.0,0.0,0.0,0.0,1.0,0.0,0.0,0.0,0.0,0.0,0.0,15.0,14.0,58.0,3.0,1.0,5.0,0.0,12.0,58.0,24.0,2.0,0.0,0.0,0.0,0.0,96.0,0.0,96.0,43.0,53.0,71.0,23.0,2.0,46.0,46.0,4.0,0.0,70.0,26.0,0.0,1.0,52.0,40.0,3.0,0.0,9.0,30.0,30.0,14.0,13.0,92.0,4.0,0.0,0.0,0.0,85.0,6.0,5.0,1.0,11.0,14.0,17.0,43.0,6.0,4.0,93.0,3.0,84.0,12.0,47.0,40.0,9.0,1.0,12.0,8.0,14.0,32.0,9.0,20.0,91.0,5.0,62.0,34.0,51.0,38.0,7.0,95.0,1.0,91.0,5.0,82.0,14.0,94.0,2.0,68.0,28.0,38.0,41.0,17.0,79.0,15.0,2.0,9.0,22.0,20.0,41.0,4.0,27.0,30.0,7.0,12.0,20.0,2.0,94.0,38.0,53.0,4.0,1.0,78.0,4.0,14.0,84.0,11.0,1.0,91.0,5.0,0.0,10.0,86.0,79.0,17.0,41.0,49.0,2.0,4.0,73.0,19.0,4.0,54.0,37.0,5.0,91.0,2.0,3.0,80.0,11.0,0.0,5.0,58.0,38.0,30.0,49.0,13.0,4.0,81.0,9.0,6.0,61.0,32.0,3.0,58.0,34.0,4.0,84.0,9.0,3.0,69.0,20.0,1.0,6.0,17.0,46.0,33.0,0.0,Acima da média
386,26111926,2017,1,2,2605,26017,26,2609402,260940210,2,1,1.0,1.0,1.0,0.0,0.0,0.0,0.0,0.0,0.0,0.0,0.0,0.0,0.0,1.0,1.0,0.0,0.0,0.0,0.0,1.0,0.0,0.0,0.0,0.0,1.0,0.0,1.0,0.0,0.0,1.0,0.0,0.0,1.0,1.0,1.0,1.0,0.0,0.0,1.0,1.0,1.0,1.0,0.0,1.0,0.0,0.0,0.0,1.0,0.0,1.0,0.0,1.0,0.0,1.0,1.0,0.0,1.0,1.0,0.0,0.0,0.0,0.0,0.0,0.0,10.0,10.0,0.0,0.0,0.0,0.0,0.0,0.0,0.0,0.0,0.0,0.0,0.0,0.0,1.0,0.0,0.0,0.0,0.0,0.0,0.0,0.0,0.0,0.0,0.0,0.0,0.0,17.0,3.0,12.0,1.0,1.0,49.0,1.0,0.0,0.0,0.0,0.0,0.0,1.0,0.0,0.0,1.0,0.0,1.0,0.0,0.0,0.0,1.0,1.0,0.0,0.0,0.0,0.0,0.0,1.0,0.0,0.0,0.0,0.0,0.0,0.0,0.0,0.0,0.0,0.0,1.0,0.0,0.0,0.0,0.0,0.0,0.0,24.0,20.0,72.0,2.0,3.0,3.0,1.0,16.0,59.0,30.0,13.0,3.0,1.0,1.0,8.0,116.0,0.0,124.0,54.0,70.0,99.0,21.0,4.0,74.0,48.0,2.0,1.0,88.0,35.0,0.0,4.0,62.0,47.0,11.0,0.0,11.0,32.0,40.0,24.0,17.0,110.0,10.0,3.0,1.0,0.0,111.0,8.0,5.0,1.0,44.0,23.0,13.0,26.0,5.0,12.0,112.0,12.0,100.0,24.0,83.0,36.0,5.0,8.0,34.0,20.0,18.0,20.0,1.0,23.0,96.0,28.0,77.0,47.0,90.0,30.0,4.0,124.0,0.0,117.0,7.0,117.0,7.0,122.0,2.0,99.0,25.0,49.0,62.0,13.0,96.0,25.0,3.0,43.0,29.0,22.0,23.0,7.0,51.0,40.0,10.0,10.0,13.0,14.0,110.0,43.0,70.0,9.0,2.0,114.0,2.0,8.0,86.0,30.0,8.0,115.0,9.0,0.0,34.0,90.0,109.0,15.0,78.0,36.0,4.0,6.0,89.0,28.0,7.0,78.0,39.0,7.0,109.0,8.0,7.0,99.0,17.0,0.0,8.0,80.0,44.0,61.0,53.0,8.0,2.0,111.0,5.0,8.0,73.0,44.0,7.0,73.0,44.0,7.0,93.0,25.0,6.0,101.0,17.0,2.0,4.0,8.0,63.0,53.0,0.0,Abaixo da média
387,26112108,2017,1,2,2605,26017,26,2609402,260940205,2,1,0.0,1.0,1.0,0.0,0.0,0.0,0.0,0.0,0.0,0.0,0.0,0.0,0.0,1.0,1.0,0.0,0.0,0.0,0.0,1.0,0.0,0.0,0.0,0.0,1.0,0.0,1.0,0.0,0.0,0.0,0.0,0.0,1.0,1.0,1.0,1.0,0.0,0.0,0.0,0.0,1.0,1.0,0.0,1.0,0.0,0.0,0.0,1.0,0.0,1.0,0.0,0.0,0.0,0.0,0.0,0.0,0.0,0.0,0.0,0.0,0.0,0.0,0.0,0.0,11.0,11.0,1.0,0.0,0.0,0.0,1.0,0.0,1.0,0.0,1.0,1.0,0.0,1.0,1.0,2.0,0.0,0.0,0.0,2.0,0.0,4.0,0.0,2.0,12.0,0.0,1.0,10.0,5.0,8.0,1.0,1.0,37.0,1.0,0.0,0.0,0.0,0.0,0.0,1.0,0.0,0.0,0.0,0.0,1.0,0.0,0.0,0.0,1.0,0.0,0.0,0.0,0.0,0.0,0.0,1.0,0.0,0.0,0.0,0.0,0.0,0.0,0.0,0.0,0.0,0.0,0.0,0.0,0.0,0.0,0.0,0.0,0.0,14.0,16.0,49.0,6.0,2.0,11.0,0.0,12.0,46.0,29.0,9.0,2.0,0.0,0.0,3.0,95.0,1.0,97.0,56.0,42.0,83.0,15.0,0.0,62.0,33.0,3.0,2.0,75.0,21.0,0.0,7.0,56.0,28.0,7.0,0.0,12.0,24.0,34.0,17.0,11.0,82.0,13.0,2.0,0.0,1.0,89.0,6.0,3.0,1.0,20.0,19.0,7.0,34.0,5.0,12.0,89.0,9.0,77.0,21.0,67.0,29.0,2.0,9.0,26.0,15.0,7.0,24.0,3.0,14.0,76.0,22.0,58.0,40.0,67.0,27.0,4.0,95.0,3.0,92.0,6.0,91.0,7.0,98.0,0.0,80.0,18.0,41.0,47.0,10.0,66.0,27.0,5.0,28.0,23.0,19.0,25.0,3.0,41.0,29.0,9.0,10.0,9.0,3.0,95.0,28.0,58.0,9.0,3.0,90.0,1.0,7.0,68.0,25.0,5.0,95.0,3.0,0.0,20.0,78.0,91.0,7.0,66.0,29.0,0.0,3.0,77.0,14.0,7.0,54.0,36.0,8.0,84.0,6.0,8.0,65.0,25.0,4.0,4.0,57.0,41.0,51.0,34.0,7.0,6.0,89.0,4.0,5.0,65.0,26.0,7.0,64.0,27.0,7.0,73.0,18.0,7.0,77.0,13.0,2.0,6.0,31.0,58.0,9.0,0.0,Abaixo da média
388,26090864,2017,1,2,2604,26013,26,2609501,260950105,2,1,1.0,1.0,1.0,0.0,0.0,0.0,0.0,0.0,0.0,0.0,0.0,0.0,0.0,1.0,1.0,0.0,0.0,0.0,0.0,1.0,0.0,0.0,0.0,1.0,0.0,0.0,1.0,0.0,0.0,0.0,0.0,0.0,1.0,1.0,1.0,0.0,0.0,1.0,0.0,1.0,1.0,1.0,0.0,1.0,0.0,0.0,0.0,1.0,0.0,0.0,0.0,1.0,1.0,0.0,1.0,0.0,1.0,0.0,0.0,0.0,0.0,1.0,0.0,0.0,11.0,11.0,1.0,1.0,1.0,1.0,1.0,1.0,1.0,1.0,1.0,1.0,0.0,1.0,1.0,4.0,1.0,4.0,1.0,2.0,3.0,3.0,6.0,5.0,12.0,0.0,2.0,13.0,4.0,9.0,1.0,1.0,49.0,1.0,0.0,1.0,0.0,0.0,0.0,1.0,0.0,0.0,1.0,0.0,1.0,0.0,0.0,0.0,1.0,1.0,1.0,0.0,0.0,0.0,1.0,1.0,0.0,1.0,0.0,0.0,0.0,0.0,0.0,0.0,0.0,0.0,1.0,0.0,0.0,0.0,0.0,0.0,0.0,5.0,15.0,24.0,0.0,4.0,3.0,0.0,5.0,14.0,12.0,14.0,2.0,3.0,1.0,3.0,48.0,1.0,50.0,39.0,12.0,43.0,8.0,0.0,34.0,15.0,2.0,1.0,40.0,10.0,2.0,3.0,25.0,18.0,3.0,0.0,5.0,6.0,10.0,18.0,12.0,45.0,6.0,0.0,0.0,0.0,44.0,3.0,4.0,3.0,21.0,8.0,5.0,7.0,0.0,7.0,43.0,8.0,37.0,14.0,33.0,15.0,3.0,8.0,13.0,9.0,4.0,3.0,1.0,13.0,39.0,12.0,34.0,17.0,32.0,14.0,5.0,49.0,2.0,45.0,6.0,43.0,8.0,50.0,1.0,35.0,16.0,16.0,29.0,6.0,32.0,16.0,3.0,12.0,14.0,5.0,17.0,3.0,21.0,15.0,3.0,4.0,8.0,6.0,45.0,37.0,10.0,4.0,0.0,45.0,0.0,6.0,21.0,20.0,10.0,48.0,2.0,1.0,16.0,35.0,45.0,6.0,32.0,17.0,2.0,0.0,42.0,8.0,1.0,34.0,16.0,1.0,46.0,3.0,2.0,45.0,5.0,0.0,1.0,24.0,27.0,24.0,24.0,1.0,2.0,50.0,0.0,1.0,42.0,9.0,0.0,38.0,13.0,0.0,42.0,8.0,1.0,38.0,10.0,2.0,1.0,7.0,33.0,11.0,0.0,Abaixo da média
389,26090902,2017,1,2,2604,26013,26,2609501,260950105,2,1,1.0,1.0,1.0,0.0,0.0,0.0,0.0,0.0,0.0,0.0,0.0,0.0,0.0,1.0,1.0,0.0,0.0,0.0,0.0,1.0,0.0,0.0,0.0,1.0,0.0,0.0,1.0,0.0,0.0,0.0,0.0,0.0,1.0,1.0,1.0,1.0,0.0,1.0,0.0,1.0,1.0,1.0,1.0,1.0,0.0,0.0,0.0,1.0,0.0,1.0,1.0,1.0,1.0,1.0,1.0,1.0,1.0,1.0,1.0,0.0,0.0,1.0,0.0,0.0,13.0,11.0,1.0,0.0,1.0,1.0,1.0,0.0,0.0,1.0,1.0,1.0,0.0,0.0,1.0,5.0,0.0,2.0,1.0,1.0,0.0,0.0,6.0,1.0,11.0,0.0,0.0,23.0,5.0,18.0,1.0,1.0,30.0,1.0,0.0,0.0,0.0,0.0,0.0,1.0,0.0,0.0,0.0,0.0,1.0,0.0,0.0,0.0,1.0,0.0,0.0,0.0,0.0,0.0,0.0,1.0,0.0,0.0,0.0,0.0,0.0,0.0,0.0,0.0,0.0,0.0,0.0,0.0,0.0,0.0,0.0,0.0,0.0,18.0,15.0,34.0,6.0,0.0,2.0,0.0,7.0,38.0,25.0,5.0,0.0,0.0,0.0,1.0,74.0,0.0,75.0,40.0,35.0,52.0,21.0,2.0,21.0,41.0,13.0,0.0,46.0,29.0,1.0,0.0,32.0,38.0,4.0,0.0,7.0,14.0,31.0,19.0,4.0,74.0,1.0,0.0,0.0,0.0,67.0,7.0,1.0,1.0,4.0,8.0,10.0,35.0,15.0,2.0,72.0,3.0,65.0,10.0,40.0,31.0,4.0,0.0,10.0,9.0,11.0,22.0,10.0,13.0,64.0,11.0,50.0,25.0,48.0,21.0,6.0,75.0,0.0,71.0,4.0,69.0,6.0,74.0,1.0,62.0,13.0,25.0,46.0,4.0,58.0,17.0,0.0,16.0,23.0,15.0,19.0,2.0,31.0,24.0,5.0,3.0,12.0,6.0,69.0,55.0,16.0,2.0,2.0,65.0,1.0,9.0,51.0,19.0,5.0,70.0,5.0,0.0,5.0,70.0,63.0,12.0,39.0,34.0,2.0,0.0,64.0,10.0,1.0,44.0,29.0,2.0,72.0,2.0,1.0,73.0,1.0,0.0,1.0,41.0,34.0,37.0,33.0,5.0,0.0,71.0,4.0,0.0,64.0,11.0,0.0,61.0,13.0,1.0,65.0,10.0,0.0,73.0,2.0,0.0,0.0,17.0,48.0,10.0,0.0,Acima da média
390,26090910,2017,1,2,2604,26013,26,2609501,260950105,2,1,1.0,1.0,1.0,0.0,0.0,0.0,0.0,0.0,0.0,0.0,1.0,0.0,0.0,1.0,1.0,0.0,0.0,0.0,0.0,1.0,0.0,0.0,0.0,1.0,0.0,0.0,1.0,0.0,0.0,0.0,0.0,0.0,1.0,1.0,1.0,1.0,1.0,0.0,0.0,0.0,1.0,1.0,0.0,1.0,0.0,0.0,0.0,1.0,0.0,1.0,1.0,1.0,1.0,0.0,1.0,1.0,0.0,1.0,1.0,0.0,0.0,1.0,0.0,0.0,11.0,12.0,1.0,0.0,1.0,0.0,1.0,1.0,1.0,1.0,1.0,1.0,0.0,1.0,1.0,4.0,0.0,4.0,0.0,2.0,2.0,1.0,3.0,2.0,4.0,0.0,1.0,24.0,3.0,21.0,1.0,1.0,57.0,1.0,1.0,0.0,0.0,0.0,0.0,1.0,0.0,0.0,0.0,0.0,1.0,0.0,0.0,0.0,1.0,0.0,0.0,0.0,0.0,0.0,0.0,1.0,0.0,0.0,0.0,0.0,0.0,0.0,0.0,0.0,0.0,0.0,0.0,0.0,0.0,0.0,0.0,0.0,0.0,23.0,21.0,81.0,2.0,1.0,12.0,0.0,5.0,53.0,45.0,24.0,6.0,5.0,2.0,5.0,135.0,2.0,138.0,69.0,71.0,103.0,34.0,3.0,69.0,60.0,11.0,1.0,93.0,46.0,1.0,6.0,50.0,69.0,14.0,1.0,15.0,33.0,39.0,26.0,26.0,119.0,18.0,3.0,0.0,0.0,119.0,17.0,4.0,4.0,28.0,20.0,15.0,44.0,10.0,19.0,126.0,14.0,116.0,24.0,72.0,63.0,5.0,8.0,26.0,20.0,18.0,23.0,5.0,40.0,113.0,27.0,82.0,58.0,76.0,46.0,18.0,135.0,5.0,129.0,11.0,124.0,16.0,137.0,3.0,107.0,33.0,38.0,83.0,19.0,104.0,28.0,8.0,30.0,25.0,20.0,56.0,9.0,46.0,38.0,8.0,14.0,34.0,24.0,116.0,101.0,33.0,5.0,1.0,115.0,5.0,20.0,59.0,55.0,26.0,131.0,8.0,1.0,44.0,96.0,109.0,31.0,81.0,52.0,3.0,4.0,121.0,14.0,5.0,87.0,47.0,6.0,126.0,10.0,4.0,114.0,19.0,3.0,4.0,65.0,75.0,65.0,60.0,13.0,2.0,129.0,5.0,6.0,99.0,34.0,7.0,98.0,36.0,6.0,112.0,23.0,5.0,121.0,13.0,3.0,3.0,22.0,70.0,48.0,0.0,Abaixo da média
391,26090970,2017,1,2,2604,26013,26,2609501,260950105,2,1,1.0,1.0,2.0,0.0,0.0,0.0,0.0,0.0,0.0,0.0,0.0,0.0,0.0,1.0,1.0,0.0,0.0,0.0,0.0,1.0,0.0,0.0,0.0,1.0,0.0,0.0,1.0,0.0,0.0,0.0,0.0,0.0,1.0,1.0,0.0,0.0,0.0,1.0,0.0,1.0,1.0,1.0,0.0,1.0,0.0,0.0,0.0,1.0,0.0,1.0,0.0,1.0,1.0,1.0,1.0,0.0,0.0,0.0,1.0,0.0,0.0,0.0,0.0,0.0,21.0,21.0,0.0,0.0,0.0,0.0,0.0,0.0,1.0,0.0,0.0,1.0,0.0,0.0,1.0,0.0,0.0,0.0,0.0,0.0,0.0,3.0,0.0,0.0,2.0,0.0,0.0,1.0,1.0,0.0,1.0,0.0,30.0,1.0,0.0,0.0,0.0,0.0,0.0,1.0,0.0,0.0,0.0,0.0,1.0,0.0,0.0,0.0,1.0,0.0,0.0,0.0,0.0,0.0,1.0,1.0,0.0,0.0,0.0,0.0,0.0,0.0,0.0,0.0,0.0,0.0,0.0,0.0,0.0,0.0,0.0,0.0,0.0,23.0,6.0,54.0,0.0,0.0,1.0,0.0,9.0,53.0,21.0,1.0,0.0,0.0,0.0,0.0,84.0,0.0,84.0,28.0,56.0,34.0,45.0,5.0,10.0,50.0,24.0,0.0,28.0,56.0,0.0,0.0,25.0,53.0,6.0,0.0,2.0,22.0,42.0,16.0,2.0,74.0,10.0,0.0,0.0,0.0,78.0,3.0,3.0,0.0,1.0,1.0,3.0,35.0,43.0,1.0,83.0,1.0,74.0,10.0,62.0,20.0,2.0,0.0,4.0,4.0,11.0,36.0,24.0,5.0,80.0,4.0,63.0,21.0,14.0,49.0,21.0,84.0,0.0,79.0,5.0,75.0,9.0,80.0,4.0,59.0,25.0,30.0,43.0,11.0,68.0,16.0,0.0,3.0,26.0,18.0,35.0,2.0,32.0,27.0,4.0,0.0,21.0,4.0,80.0,52.0,31.0,1.0,0.0,79.0,2.0,3.0,74.0,10.0,0.0,83.0,1.0,0.0,2.0,82.0,67.0,17.0,46.0,33.0,2.0,3.0,70.0,10.0,4.0,56.0,24.0,4.0,79.0,1.0,4.0,64.0,14.0,1.0,5.0,64.0,20.0,32.0,42.0,10.0,0.0,79.0,5.0,0.0,71.0,13.0,0.0,57.0,27.0,0.0,79.0,5.0,0.0,23.0,38.0,23.0,0.0,2.0,43.0,38.0,1.0,Acima da média
393,26112701,2017,1,2,2605,26017,26,2609600,260960005,2,1,1.0,1.0,1.0,0.0,0.0,0.0,0.0,0.0,0.0,0.0,0.0,0.0,0.0,1.0,1.0,0.0,0.0,0.0,0.0,1.0,0.0,0.0,0.0,1.0,0.0,0.0,1.0,0.0,0.0,0.0,0.0,0.0,1.0,1.0,1.0,0.0,0.0,0.0,0.0,0.0,1.0,1.0,0.0,1.0,0.0,0.0,0.0,1.0,0.0,0.0,0.0,1.0,0.0,1.0,1.0,1.0,0.0,0.0,0.0,0.0,0.0,1.0,0.0,0.0,8.0,10.0,1.0,0.0,1.0,0.0,1.0,0.0,1.0,1.0,1.0,1.0,0.0,1.0,1.0,2.0,0.0,1.0,0.0,2.0,0.0,4.0,1.0,2.0,7.0,0.0,8.0,18.0,2.0,18.0,1.0,1.0,45.0,1.0,0.0,0.0,0.0,0.0,0.0,1.0,0.0,0.0,0.0,0.0,1.0,0.0,0.0,0.0,1.0,0.0,0.0,0.0,0.0,0.0,0.0,1.0,0.0,0.0,0.0,0.0,0.0,0.0,0.0,0.0,0.0,0.0,0.0,0.0,0.0,0.0,0.0,0.0,0.0,5.0,15.0,23.0,1.0,1.0,2.0,0.0,0.0,22.0,20.0,4.0,1.0,0.0,0.0,0.0,47.0,0.0,47.0,13.0,34.0,25.0,21.0,1.0,19.0,21.0,7.0,0.0,30.0,17.0,1.0,0.0,26.0,14.0,6.0,0.0,3.0,14.0,19.0,8.0,3.0,44.0,3.0,0.0,0.0,0.0,40.0,5.0,2.0,0.0,2.0,3.0,9.0,26.0,4.0,3.0,45.0,2.0,39.0,8.0,30.0,15.0,2.0,0.0,0.0,3.0,12.0,17.0,2.0,13.0,46.0,1.0,33.0,14.0,14.0,25.0,8.0,46.0,1.0,44.0,3.0,42.0,5.0,46.0,1.0,37.0,10.0,17.0,23.0,7.0,36.0,11.0,0.0,5.0,13.0,9.0,19.0,1.0,22.0,11.0,4.0,3.0,7.0,0.0,47.0,22.0,21.0,4.0,0.0,41.0,3.0,3.0,36.0,10.0,1.0,47.0,0.0,0.0,9.0,38.0,42.0,5.0,32.0,11.0,1.0,3.0,31.0,14.0,2.0,24.0,21.0,2.0,45.0,0.0,2.0,39.0,5.0,1.0,2.0,25.0,22.0,21.0,20.0,3.0,3.0,39.0,5.0,3.0,20.0,25.0,2.0,22.0,23.0,2.0,42.0,4.0,1.0,35.0,7.0,1.0,4.0,10.0,26.0,11.0,0.0,Acima da média
394,26113198,2017,1,2,2605,26017,26,2609600,260960005,2,1,1.0,1.0,1.0,0.0,0.0,0.0,0.0,0.0,0.0,0.0,0.0,0.0,0.0,1.0,1.0,0.0,1.0,0.0,0.0,1.0,0.0,0.0,0.0,0.0,1.0,0.0,1.0,0.0,0.0,0.0,0.0,0.0,1.0,1.0,1.0,0.0,1.0,0.0,1.0,1.0,1.0,1.0,0.0,1.0,0.0,0.0,0.0,1.0,0.0,1.0,1.0,1.0,0.0,1.0,1.0,1.0,0.0,0.0,0.0,0.0,0.0,1.0,0.0,0.0,7.0,7.0,1.0,0.0,1.0,0.0,1.0,1.0,1.0,1.0,1.0,1.0,0.0,0.0,1.0,2.0,0.0,1.0,0.0,1.0,1.0,3.0,2.0,1.0,2.0,0.0,0.0,27.0,3.0,26.0,1.0,1.0,45.0,1.0,0.0,1.0,0.0,0.0,0.0,1.0,0.0,0.0,0.0,0.0,1.0,0.0,0.0,0.0,1.0,1.0,0.0,0.0,0.0,0.0,1.0,1.0,0.0,0.0,0.0,0.0,0.0,0.0,0.0,0.0,0.0,1.0,1.0,0.0,0.0,0.0,0.0,0.0,0.0,10.0,8.0,24.0,4.0,2.0,1.0,0.0,2.0,18.0,22.0,7.0,0.0,0.0,0.0,0.0,49.0,1.0,48.0,22.0,27.0,40.0,9.0,0.0,22.0,24.0,3.0,0.0,36.0,13.0,1.0,3.0,28.0,13.0,4.0,0.0,7.0,14.0,15.0,8.0,5.0,43.0,5.0,1.0,0.0,0.0,43.0,6.0,0.0,0.0,7.0,7.0,8.0,19.0,2.0,6.0,48.0,1.0,40.0,9.0,17.0,30.0,2.0,2.0,9.0,4.0,6.0,11.0,2.0,15.0,40.0,9.0,26.0,23.0,16.0,22.0,11.0,47.0,2.0,48.0,1.0,43.0,6.0,48.0,1.0,31.0,18.0,14.0,26.0,9.0,33.0,13.0,3.0,3.0,13.0,8.0,24.0,1.0,11.0,21.0,2.0,6.0,9.0,10.0,39.0,27.0,16.0,5.0,1.0,35.0,1.0,13.0,35.0,10.0,4.0,46.0,3.0,0.0,6.0,43.0,39.0,10.0,23.0,17.0,4.0,5.0,29.0,16.0,4.0,32.0,13.0,4.0,42.0,3.0,4.0,40.0,4.0,0.0,5.0,24.0,25.0,27.0,17.0,3.0,2.0,44.0,4.0,1.0,27.0,21.0,1.0,29.0,19.0,1.0,38.0,9.0,2.0,47.0,1.0,0.0,1.0,2.0,22.0,25.0,0.0,Abaixo da média
395,26113210,2017,1,2,2605,26017,26,2609600,260960005,2,1,1.0,1.0,1.0,0.0,0.0,0.0,0.0,0.0,0.0,0.0,0.0,0.0,0.0,1.0,1.0,0.0,0.0,0.0,0.0,1.0,0.0,0.0,0.0,1.0,0.0,0.0,1.0,0.0,0.0,0.0,0.0,0.0,1.0,1.0,1.0,0.0,0.0,1.0,1.0,1.0,1.0,1.0,0.0,1.0,0.0,0.0,0.0,1.0,0.0,0.0,0.0,0.0,0.0,0.0,0.0,0.0,0.0,1.0,0.0,0.0,0.0,0.0,0.0,0.0,14.0,12.0,1.0,0.0,0.0,0.0,1.0,1.0,1.0,0.0,1.0,1.0,0.0,1.0,1.0,2.0,0.0,0.0,0.0,2.0,3.0,2.0,0.0,1.0,3.0,0.0,1.0,16.0,5.0,11.0,1.0,1.0,68.0,1.0,0.0,0.0,0.0,0.0,0.0,1.0,0.0,0.0,0.0,0.0,1.0,0.0,0.0,0.0,1.0,1.0,0.0,0.0,0.0,0.0,1.0,1.0,0.0,0.0,0.0,0.0,0.0,0.0,0.0,0.0,0.0,1.0,1.0,0.0,0.0,0.0,0.0,0.0,0.0,9.0,10.0,42.0,7.0,4.0,0.0,0.0,1.0,25.0,27.0,15.0,2.0,1.0,1.0,2.0,70.0,1.0,71.0,30.0,42.0,47.0,24.0,1.0,32.0,33.0,7.0,0.0,56.0,16.0,1.0,9.0,40.0,19.0,3.0,0.0,6.0,17.0,28.0,15.0,6.0,59.0,12.0,1.0,0.0,0.0,61.0,6.0,5.0,0.0,16.0,5.0,16.0,22.0,4.0,9.0,69.0,3.0,61.0,11.0,43.0,27.0,2.0,1.0,11.0,6.0,7.0,25.0,3.0,19.0,64.0,8.0,44.0,28.0,47.0,20.0,5.0,72.0,0.0,69.0,3.0,68.0,4.0,71.0,1.0,59.0,13.0,20.0,44.0,8.0,55.0,13.0,4.0,11.0,17.0,13.0,29.0,2.0,17.0,34.0,11.0,2.0,8.0,14.0,58.0,35.0,32.0,3.0,2.0,55.0,2.0,15.0,40.0,24.0,8.0,70.0,2.0,0.0,18.0,54.0,61.0,11.0,54.0,17.0,1.0,0.0,51.0,20.0,1.0,44.0,28.0,0.0,69.0,3.0,0.0,65.0,7.0,0.0,0.0,40.0,32.0,46.0,23.0,2.0,1.0,68.0,1.0,3.0,42.0,28.0,2.0,40.0,30.0,2.0,56.0,14.0,2.0,71.0,1.0,0.0,0.0,3.0,13.0,42.0,14.0,Média
398,26113325,2017,1,2,2605,26017,26,2609600,260960005,2,1,1.0,1.0,1.0,0.0,0.0,0.0,0.0,0.0,0.0,0.0,0.0,0.0,0.0,1.0,1.0,0.0,1.0,0.0,0.0,1.0,0.0,0.0,0.0,0.0,1.0,0.0,1.0,0.0,0.0,0.0,0.0,0.0,0.0,0.0,1.0,1.0,0.0,0.0,1.0,1.0,1.0,1.0,0.0,1.0,0.0,0.0,0.0,1.0,0.0,0.0,0.0,0.0,0.0,0.0,0.0,0.0,0.0,0.0,0.0,0.0,0.0,0.0,0.0,0.0,17.0,20.0,1.0,1.0,1.0,1.0,0.0,1.0,1.0,0.0,1.0,1.0,0.0,1.0,1.0,9.0,4.0,1.0,1.0,0.0,2.0,1.0,0.0,7.0,10.0,0.0,1.0,20.0,2.0,18.0,1.0,1.0,91.0,1.0,0.0,1.0,0.0,0.0,0.0,1.0,0.0,0.0,1.0,0.0,1.0,0.0,0.0,0.0,1.0,1.0,0.0,0.0,0.0,0.0,1.0,1.0,0.0,0.0,0.0,0.0,0.0,0.0,0.0,0.0,0.0,1.0,1.0,0.0,0.0,0.0,0.0,0.0,0.0,3.0,2.0,4.0,0.0,0.0,0.0,0.0,0.0,2.0,3.0,2.0,2.0,0.0,0.0,0.0,9.0,0.0,9.0,6.0,3.0,8.0,1.0,0.0,7.0,1.0,1.0,0.0,8.0,1.0,0.0,1.0,7.0,1.0,0.0,0.0,1.0,4.0,3.0,1.0,0.0,9.0,0.0,0.0,0.0,0.0,9.0,0.0,0.0,1.0,0.0,1.0,3.0,1.0,1.0,2.0,7.0,2.0,6.0,3.0,4.0,5.0,0.0,0.0,0.0,4.0,1.0,2.0,0.0,2.0,8.0,1.0,7.0,2.0,2.0,4.0,3.0,9.0,0.0,9.0,0.0,8.0,1.0,9.0,0.0,4.0,5.0,2.0,7.0,0.0,7.0,2.0,0.0,1.0,4.0,1.0,3.0,0.0,2.0,4.0,1.0,0.0,2.0,2.0,7.0,4.0,5.0,0.0,0.0,7.0,1.0,1.0,5.0,1.0,3.0,8.0,1.0,0.0,2.0,7.0,9.0,0.0,7.0,2.0,0.0,0.0,6.0,2.0,1.0,5.0,3.0,1.0,9.0,0.0,0.0,8.0,1.0,0.0,0.0,7.0,2.0,6.0,3.0,0.0,0.0,9.0,0.0,0.0,3.0,6.0,0.0,4.0,5.0,0.0,8.0,1.0,0.0,7.0,1.0,1.0,0.0,1.0,7.0,1.0,0.0,Abaixo da média
400,26113392,2017,1,2,2605,26017,26,2609600,260960005,2,1,1.0,1.0,1.0,0.0,0.0,0.0,0.0,0.0,0.0,0.0,0.0,0.0,0.0,1.0,1.0,0.0,0.0,0.0,0.0,1.0,0.0,0.0,0.0,0.0,1.0,0.0,1.0,0.0,0.0,0.0,0.0,0.0,1.0,1.0,1.0,0.0,0.0,1.0,0.0,1.0,1.0,1.0,0.0,1.0,0.0,0.0,0.0,1.0,0.0,0.0,0.0,1.0,0.0,1.0,1.0,0.0,1.0,0.0,0.0,0.0,0.0,1.0,0.0,0.0,11.0,11.0,1.0,0.0,1.0,0.0,1.0,0.0,1.0,1.0,0.0,1.0,0.0,1.0,1.0,2.0,0.0,2.0,0.0,2.0,0.0,3.0,3.0,0.0,10.0,0.0,1.0,12.0,4.0,8.0,1.0,0.0,24.0,1.0,0.0,0.0,0.0,0.0,0.0,1.0,0.0,0.0,0.0,0.0,1.0,0.0,0.0,0.0,1.0,0.0,0.0,0.0,0.0,0.0,0.0,1.0,0.0,0.0,0.0,0.0,0.0,0.0,0.0,0.0,0.0,0.0,0.0,0.0,0.0,0.0,0.0,0.0,0.0,9.0,15.0,31.0,3.0,1.0,5.0,0.0,2.0,33.0,20.0,4.0,3.0,1.0,1.0,5.0,59.0,0.0,64.0,24.0,40.0,48.0,15.0,1.0,25.0,35.0,4.0,0.0,48.0,16.0,0.0,2.0,38.0,21.0,3.0,1.0,11.0,12.0,29.0,5.0,6.0,57.0,4.0,2.0,1.0,0.0,53.0,4.0,7.0,2.0,4.0,7.0,6.0,32.0,9.0,4.0,64.0,0.0,56.0,8.0,32.0,29.0,3.0,2.0,4.0,7.0,9.0,23.0,3.0,16.0,55.0,9.0,43.0,21.0,26.0,22.0,16.0,60.0,4.0,54.0,10.0,53.0,11.0,63.0,1.0,46.0,18.0,26.0,30.0,8.0,55.0,8.0,1.0,10.0,11.0,13.0,29.0,1.0,29.0,21.0,2.0,1.0,11.0,2.0,62.0,35.0,28.0,1.0,0.0,55.0,2.0,7.0,46.0,14.0,4.0,58.0,6.0,0.0,9.0,55.0,51.0,13.0,27.0,30.0,1.0,6.0,50.0,10.0,4.0,41.0,20.0,3.0,59.0,1.0,4.0,52.0,6.0,1.0,5.0,27.0,37.0,21.0,34.0,5.0,4.0,55.0,5.0,4.0,39.0,21.0,4.0,35.0,25.0,4.0,56.0,4.0,4.0,50.0,7.0,1.0,6.0,19.0,37.0,7.0,1.0,Acima da média
403,26113635,2017,1,2,2605,26017,26,2609600,260960005,2,1,1.0,1.0,1.0,0.0,0.0,0.0,0.0,0.0,0.0,0.0,0.0,0.0,0.0,1.0,1.0,0.0,0.0,0.0,0.0,1.0,0.0,0.0,0.0,1.0,0.0,0.0,1.0,0.0,0.0,0.0,0.0,0.0,1.0,1.0,1.0,1.0,1.0,0.0,1.0,1.0,1.0,1.0,0.0,1.0,0.0,0.0,0.0,1.0,0.0,0.0,0.0,1.0,0.0,0.0,1.0,1.0,0.0,1.0,0.0,0.0,0.0,1.0,0.0,0.0,11.0,11.0,1.0,0.0,0.0,0.0,1.0,1.0,1.0,0.0,1.0,1.0,0.0,1.0,1.0,1.0,0.0,0.0,0.0,1.0,2.0,4.0,0.0,3.0,8.0,0.0,1.0,29.0,9.0,20.0,1.0,1.0,36.0,1.0,1.0,0.0,0.0,0.0,0.0,1.0,0.0,0.0,0.0,0.0,1.0,0.0,0.0,0.0,1.0,0.0,0.0,0.0,0.0,0.0,1.0,1.0,0.0,0.0,0.0,0.0,0.0,0.0,0.0,0.0,0.0,0.0,0.0,0.0,0.0,0.0,0.0,0.0,0.0,8.0,12.0,18.0,7.0,1.0,2.0,0.0,0.0,12.0,27.0,7.0,1.0,1.0,0.0,1.0,47.0,0.0,48.0,26.0,22.0,39.0,7.0,2.0,24.0,21.0,3.0,0.0,39.0,9.0,0.0,6.0,25.0,14.0,3.0,1.0,11.0,6.0,16.0,5.0,9.0,45.0,2.0,1.0,0.0,0.0,36.0,8.0,4.0,1.0,5.0,5.0,10.0,21.0,2.0,4.0,44.0,4.0,40.0,8.0,21.0,26.0,1.0,0.0,4.0,10.0,8.0,13.0,2.0,11.0,40.0,8.0,27.0,21.0,21.0,20.0,7.0,48.0,0.0,47.0,1.0,42.0,6.0,48.0,0.0,33.0,15.0,15.0,25.0,8.0,38.0,9.0,1.0,5.0,5.0,13.0,24.0,1.0,16.0,13.0,7.0,6.0,6.0,5.0,43.0,23.0,21.0,3.0,1.0,39.0,0.0,9.0,27.0,16.0,5.0,44.0,3.0,1.0,6.0,42.0,41.0,7.0,32.0,12.0,0.0,4.0,36.0,10.0,2.0,28.0,17.0,3.0,44.0,0.0,4.0,37.0,7.0,0.0,4.0,27.0,21.0,28.0,17.0,2.0,1.0,44.0,4.0,0.0,33.0,14.0,1.0,27.0,20.0,1.0,40.0,6.0,2.0,38.0,7.0,1.0,2.0,8.0,17.0,22.0,1.0,Abaixo da média
405,26113724,2017,1,2,2605,26017,26,2609600,260960005,2,1,1.0,1.0,1.0,0.0,0.0,0.0,0.0,0.0,0.0,0.0,0.0,0.0,0.0,1.0,1.0,0.0,0.0,0.0,0.0,1.0,0.0,0.0,0.0,0.0,1.0,0.0,1.0,0.0,0.0,0.0,0.0,0.0,1.0,1.0,1.0,0.0,0.0,0.0,1.0,1.0,1.0,1.0,0.0,1.0,0.0,0.0,0.0,1.0,0.0,1.0,0.0,1.0,0.0,1.0,1.0,0.0,1.0,0.0,1.0,0.0,0.0,0.0,0.0,0.0,8.0,8.0,1.0,0.0,1.0,1.0,1.0,1.0,1.0,1.0,1.0,1.0,0.0,1.0,1.0,2.0,0.0,3.0,1.0,1.0,1.0,2.0,1.0,3.0,7.0,0.0,1.0,15.0,5.0,10.0,1.0,1.0,43.0,1.0,0.0,0.0,0.0,0.0,0.0,1.0,0.0,0.0,0.0,0.0,1.0,0.0,0.0,0.0,1.0,1.0,0.0,0.0,0.0,0.0,1.0,1.0,0.0,0.0,0.0,0.0,0.0,0.0,0.0,0.0,0.0,1.0,1.0,0.0,0.0,0.0,0.0,0.0,0.0,5.0,3.0,13.0,4.0,1.0,3.0,0.0,1.0,10.0,15.0,3.0,0.0,0.0,0.0,2.0,27.0,0.0,29.0,11.0,18.0,21.0,8.0,0.0,16.0,11.0,2.0,1.0,24.0,4.0,0.0,3.0,19.0,4.0,3.0,0.0,3.0,8.0,9.0,4.0,5.0,21.0,6.0,1.0,0.0,1.0,26.0,2.0,1.0,2.0,3.0,4.0,7.0,9.0,1.0,3.0,25.0,4.0,23.0,6.0,15.0,13.0,1.0,1.0,3.0,4.0,4.0,8.0,2.0,7.0,26.0,3.0,23.0,6.0,17.0,8.0,4.0,27.0,2.0,26.0,3.0,22.0,7.0,25.0,4.0,21.0,8.0,9.0,16.0,4.0,22.0,7.0,0.0,2.0,13.0,3.0,8.0,3.0,12.0,7.0,3.0,3.0,4.0,5.0,24.0,14.0,14.0,1.0,0.0,20.0,3.0,6.0,20.0,7.0,2.0,27.0,2.0,0.0,2.0,27.0,26.0,3.0,20.0,5.0,2.0,2.0,22.0,7.0,0.0,23.0,6.0,0.0,27.0,2.0,0.0,26.0,1.0,0.0,2.0,17.0,12.0,16.0,7.0,4.0,2.0,24.0,4.0,1.0,17.0,11.0,1.0,19.0,9.0,1.0,23.0,5.0,1.0,27.0,0.0,1.0,1.0,3.0,10.0,13.0,3.0,Abaixo da média
406,26113783,2017,1,2,2605,26017,26,2609600,260960005,2,1,1.0,1.0,1.0,0.0,0.0,0.0,0.0,0.0,0.0,0.0,0.0,0.0,0.0,1.0,1.0,0.0,0.0,0.0,0.0,1.0,0.0,0.0,0.0,1.0,0.0,0.0,1.0,0.0,0.0,0.0,0.0,0.0,1.0,1.0,1.0,0.0,0.0,0.0,1.0,1.0,1.0,0.0,0.0,0.0,0.0,0.0,0.0,1.0,0.0,1.0,0.0,1.0,1.0,1.0,1.0,1.0,0.0,1.0,0.0,0.0,0.0,0.0,0.0,0.0,9.0,9.0,1.0,0.0,0.0,0.0,1.0,1.0,0.0,1.0,1.0,1.0,0.0,1.0,1.0,1.0,0.0,0.0,0.0,1.0,1.0,0.0,2.0,1.0,2.0,0.0,2.0,3.0,3.0,3.0,1.0,0.0,50.0,1.0,0.0,0.0,0.0,0.0,0.0,1.0,0.0,0.0,1.0,0.0,1.0,0.0,0.0,0.0,1.0,0.0,0.0,0.0,0.0,0.0,0.0,1.0,0.0,0.0,0.0,0.0,0.0,0.0,0.0,0.0,0.0,0.0,0.0,0.0,0.0,0.0,0.0,0.0,0.0,17.0,20.0,48.0,7.0,3.0,2.0,0.0,9.0,55.0,30.0,3.0,0.0,0.0,0.0,3.0,94.0,2.0,95.0,48.0,49.0,73.0,22.0,2.0,36.0,51.0,10.0,0.0,82.0,15.0,0.0,5.0,50.0,39.0,3.0,0.0,4.0,23.0,35.0,26.0,9.0,91.0,5.0,0.0,1.0,0.0,85.0,4.0,8.0,1.0,8.0,12.0,19.0,40.0,6.0,11.0,94.0,3.0,83.0,14.0,69.0,23.0,5.0,3.0,8.0,17.0,19.0,32.0,3.0,15.0,87.0,10.0,69.0,28.0,41.0,47.0,9.0,97.0,0.0,92.0,5.0,87.0,10.0,93.0,4.0,68.0,29.0,48.0,39.0,10.0,65.0,28.0,4.0,14.0,26.0,20.0,36.0,1.0,35.0,38.0,15.0,6.0,3.0,7.0,90.0,49.0,45.0,2.0,1.0,78.0,4.0,15.0,83.0,13.0,1.0,92.0,5.0,0.0,9.0,88.0,82.0,15.0,57.0,35.0,2.0,3.0,74.0,20.0,3.0,52.0,41.0,4.0,93.0,2.0,2.0,82.0,10.0,1.0,4.0,50.0,47.0,62.0,32.0,3.0,0.0,94.0,2.0,1.0,57.0,39.0,1.0,69.0,27.0,1.0,88.0,9.0,0.0,86.0,8.0,2.0,1.0,5.0,16.0,29.0,47.0,Acima da média
410,26113856,2017,1,2,2605,26017,26,2609600,260960005,2,1,1.0,1.0,2.0,0.0,0.0,0.0,0.0,0.0,0.0,0.0,0.0,0.0,0.0,1.0,1.0,0.0,0.0,0.0,0.0,1.0,0.0,0.0,0.0,1.0,0.0,0.0,1.0,0.0,0.0,0.0,0.0,0.0,1.0,1.0,1.0,0.0,0.0,0.0,0.0,0.0,1.0,1.0,0.0,1.0,0.0,0.0,0.0,1.0,0.0,0.0,0.0,1.0,0.0,0.0,0.0,0.0,0.0,0.0,0.0,0.0,0.0,0.0,0.0,0.0,14.0,11.0,1.0,0.0,1.0,0.0,1.0,1.0,1.0,1.0,1.0,1.0,0.0,1.0,1.0,5.0,0.0,10.0,0.0,3.0,1.0,3.0,2.0,2.0,12.0,0.0,1.0,27.0,7.0,20.0,1.0,1.0,48.0,1.0,0.0,1.0,0.0,0.0,0.0,1.0,0.0,0.0,0.0,0.0,1.0,0.0,0.0,0.0,1.0,1.0,0.0,0.0,0.0,0.0,1.0,1.0,0.0,0.0,0.0,0.0,0.0,0.0,0.0,0.0,0.0,1.0,1.0,0.0,0.0,0.0,0.0,0.0,0.0,7.0,10.0,33.0,3.0,1.0,9.0,0.0,1.0,22.0,29.0,8.0,2.0,1.0,0.0,5.0,58.0,1.0,62.0,22.0,41.0,55.0,8.0,0.0,36.0,24.0,3.0,2.0,46.0,15.0,1.0,6.0,34.0,17.0,5.0,0.0,7.0,18.0,14.0,12.0,12.0,55.0,6.0,1.0,1.0,0.0,58.0,3.0,2.0,5.0,15.0,7.0,8.0,22.0,2.0,4.0,55.0,8.0,45.0,18.0,31.0,29.0,3.0,1.0,9.0,14.0,9.0,11.0,0.0,19.0,53.0,10.0,42.0,21.0,24.0,23.0,16.0,62.0,1.0,58.0,5.0,55.0,8.0,62.0,1.0,40.0,23.0,21.0,26.0,16.0,45.0,13.0,5.0,8.0,12.0,14.0,26.0,3.0,17.0,29.0,0.0,6.0,11.0,11.0,52.0,27.0,29.0,5.0,2.0,51.0,5.0,7.0,42.0,18.0,3.0,56.0,6.0,1.0,12.0,51.0,51.0,12.0,37.0,17.0,2.0,7.0,33.0,19.0,11.0,36.0,18.0,9.0,54.0,2.0,7.0,46.0,10.0,2.0,5.0,31.0,32.0,31.0,21.0,6.0,5.0,52.0,5.0,6.0,33.0,22.0,8.0,30.0,25.0,8.0,43.0,13.0,7.0,45.0,11.0,1.0,6.0,5.0,29.0,26.0,3.0,Abaixo da média
413,26113929,2017,1,2,2605,26017,26,2609600,260960005,2,1,1.0,1.0,1.0,0.0,0.0,0.0,0.0,0.0,0.0,0.0,0.0,0.0,0.0,1.0,1.0,0.0,0.0,0.0,0.0,1.0,0.0,0.0,0.0,1.0,0.0,0.0,1.0,0.0,0.0,0.0,0.0,0.0,1.0,1.0,1.0,1.0,0.0,0.0,1.0,1.0,1.0,1.0,0.0,1.0,0.0,0.0,0.0,1.0,0.0,0.0,0.0,0.0,0.0,0.0,0.0,0.0,0.0,0.0,0.0,0.0,0.0,0.0,0.0,0.0,23.0,30.0,1.0,0.0,1.0,1.0,1.0,0.0,1.0,0.0,1.0,1.0,0.0,1.0,1.0,5.0,0.0,2.0,1.0,1.0,0.0,2.0,0.0,2.0,19.0,0.0,1.0,16.0,1.0,10.0,1.0,0.0,80.0,1.0,0.0,1.0,0.0,0.0,0.0,1.0,0.0,0.0,0.0,0.0,1.0,0.0,0.0,1.0,1.0,1.0,0.0,0.0,0.0,0.0,1.0,1.0,0.0,0.0,0.0,0.0,1.0,0.0,0.0,0.0,0.0,1.0,1.0,0.0,0.0,0.0,0.0,0.0,0.0,21.0,24.0,78.0,6.0,4.0,11.0,0.0,1.0,28.0,45.0,31.0,19.0,8.0,12.0,6.0,138.0,1.0,143.0,75.0,69.0,122.0,20.0,2.0,77.0,59.0,8.0,2.0,113.0,29.0,2.0,20.0,80.0,38.0,4.0,1.0,16.0,41.0,38.0,20.0,28.0,119.0,20.0,4.0,1.0,0.0,112.0,24.0,8.0,4.0,33.0,26.0,24.0,38.0,2.0,17.0,129.0,15.0,106.0,38.0,68.0,69.0,7.0,8.0,32.0,14.0,18.0,34.0,6.0,32.0,118.0,26.0,83.0,61.0,35.0,56.0,53.0,139.0,5.0,126.0,18.0,129.0,15.0,140.0,4.0,86.0,58.0,45.0,84.0,15.0,104.0,37.0,3.0,30.0,33.0,18.0,55.0,8.0,35.0,50.0,15.0,29.0,15.0,24.0,120.0,60.0,66.0,16.0,2.0,118.0,4.0,22.0,66.0,39.0,39.0,117.0,19.0,8.0,17.0,127.0,117.0,27.0,100.0,41.0,1.0,2.0,111.0,28.0,5.0,101.0,41.0,2.0,130.0,11.0,3.0,125.0,14.0,1.0,4.0,81.0,63.0,88.0,38.0,17.0,1.0,137.0,7.0,0.0,101.0,42.0,1.0,101.0,42.0,1.0,117.0,27.0,0.0,130.0,11.0,1.0,2.0,11.0,53.0,71.0,9.0,Abaixo da média
414,26113953,2017,1,2,2605,26017,26,2609600,260960005,2,1,1.0,1.0,3.0,0.0,0.0,0.0,0.0,0.0,0.0,0.0,0.0,0.0,0.0,1.0,1.0,0.0,0.0,0.0,0.0,1.0,0.0,0.0,0.0,0.0,1.0,0.0,1.0,0.0,0.0,0.0,0.0,0.0,1.0,1.0,1.0,0.0,0.0,0.0,0.0,0.0,1.0,1.0,0.0,1.0,0.0,0.0,0.0,1.0,0.0,1.0,0.0,1.0,1.0,1.0,1.0,1.0,0.0,0.0,0.0,0.0,0.0,1.0,0.0,0.0,25.0,9.0,1.0,0.0,1.0,0.0,1.0,0.0,1.0,0.0,0.0,1.0,0.0,1.0,1.0,5.0,0.0,3.0,0.0,1.0,0.0,2.0,0.0,0.0,3.0,0.0,2.0,52.0,9.0,43.0,1.0,0.0,36.0,1.0,0.0,0.0,0.0,0.0,0.0,1.0,0.0,0.0,1.0,0.0,1.0,0.0,0.0,0.0,1.0,0.0,0.0,0.0,0.0,0.0,0.0,1.0,0.0,0.0,0.0,0.0,0.0,0.0,0.0,0.0,0.0,0.0,0.0,0.0,0.0,0.0,0.0,0.0,0.0,15.0,5.0,28.0,7.0,1.0,2.0,1.0,3.0,35.0,16.0,2.0,1.0,0.0,0.0,2.0,56.0,0.0,58.0,25.0,33.0,37.0,19.0,2.0,29.0,26.0,3.0,0.0,51.0,7.0,0.0,5.0,35.0,16.0,2.0,1.0,4.0,13.0,17.0,14.0,9.0,53.0,5.0,0.0,0.0,0.0,49.0,7.0,2.0,1.0,3.0,7.0,6.0,35.0,5.0,1.0,56.0,2.0,51.0,7.0,25.0,32.0,1.0,0.0,6.0,4.0,10.0,22.0,2.0,14.0,55.0,3.0,34.0,24.0,35.0,17.0,6.0,58.0,0.0,52.0,6.0,48.0,10.0,56.0,2.0,40.0,18.0,26.0,27.0,5.0,45.0,12.0,1.0,8.0,10.0,8.0,30.0,2.0,14.0,26.0,3.0,11.0,4.0,8.0,50.0,29.0,27.0,2.0,0.0,50.0,2.0,6.0,53.0,5.0,0.0,56.0,2.0,0.0,1.0,57.0,46.0,12.0,37.0,18.0,0.0,3.0,49.0,8.0,1.0,34.0,23.0,1.0,56.0,1.0,1.0,51.0,3.0,1.0,3.0,33.0,25.0,30.0,26.0,2.0,0.0,54.0,3.0,1.0,37.0,20.0,1.0,31.0,25.0,2.0,57.0,1.0,0.0,47.0,10.0,1.0,0.0,28.0,26.0,4.0,0.0,Abaixo da média
417,26114607,2017,1,2,2605,26017,26,2609600,260960005,2,1,1.0,1.0,1.0,0.0,0.0,0.0,0.0,0.0,0.0,0.0,0.0,0.0,0.0,1.0,1.0,0.0,0.0,0.0,0.0,1.0,0.0,0.0,0.0,1.0,0.0,0.0,1.0,0.0,0.0,0.0,0.0,0.0,1.0,1.0,1.0,1.0,0.0,0.0,1.0,1.0,1.0,1.0,0.0,1.0,0.0,0.0,0.0,1.0,0.0,0.0,0.0,0.0,0.0,0.0,0.0,0.0,0.0,0.0,0.0,0.0,0.0,0.0,0.0,0.0,14.0,20.0,1.0,0.0,1.0,0.0,1.0,1.0,1.0,0.0,1.0,1.0,0.0,1.0,1.0,5.0,0.0,1.0,0.0,1.0,1.0,2.0,0.0,4.0,13.0,0.0,1.0,35.0,6.0,20.0,1.0,1.0,62.0,1.0,0.0,1.0,0.0,0.0,0.0,1.0,0.0,0.0,0.0,0.0,1.0,0.0,0.0,0.0,1.0,0.0,0.0,0.0,0.0,0.0,1.0,1.0,0.0,0.0,0.0,0.0,0.0,0.0,0.0,0.0,0.0,0.0,0.0,0.0,0.0,0.0,0.0,0.0,0.0,10.0,6.0,14.0,1.0,1.0,5.0,0.0,2.0,11.0,17.0,5.0,2.0,0.0,0.0,1.0,36.0,1.0,36.0,18.0,19.0,28.0,8.0,1.0,18.0,15.0,4.0,0.0,28.0,9.0,0.0,2.0,25.0,9.0,1.0,0.0,3.0,10.0,11.0,9.0,4.0,33.0,4.0,0.0,0.0,0.0,35.0,2.0,0.0,0.0,6.0,4.0,4.0,17.0,2.0,4.0,33.0,4.0,32.0,5.0,15.0,21.0,1.0,2.0,4.0,2.0,4.0,13.0,1.0,11.0,31.0,6.0,23.0,14.0,11.0,16.0,10.0,37.0,0.0,36.0,1.0,31.0,6.0,37.0,0.0,28.0,9.0,10.0,19.0,8.0,26.0,10.0,1.0,8.0,5.0,9.0,15.0,0.0,17.0,11.0,5.0,1.0,3.0,8.0,29.0,13.0,20.0,3.0,1.0,34.0,0.0,3.0,21.0,12.0,4.0,36.0,1.0,0.0,8.0,29.0,31.0,6.0,25.0,11.0,1.0,0.0,28.0,8.0,1.0,19.0,17.0,1.0,35.0,2.0,0.0,34.0,3.0,0.0,0.0,25.0,12.0,23.0,11.0,3.0,0.0,33.0,4.0,0.0,20.0,16.0,1.0,24.0,12.0,1.0,25.0,12.0,0.0,34.0,3.0,0.0,0.0,6.0,15.0,14.0,2.0,Abaixo da média
418,26114720,2017,1,2,2605,26017,26,2609600,260960005,2,1,1.0,1.0,1.0,0.0,0.0,0.0,0.0,0.0,0.0,0.0,0.0,0.0,0.0,1.0,1.0,0.0,0.0,0.0,0.0,1.0,0.0,0.0,0.0,1.0,0.0,0.0,1.0,0.0,0.0,0.0,0.0,0.0,1.0,1.0,1.0,1.0,0.0,0.0,1.0,1.0,1.0,1.0,0.0,1.0,0.0,0.0,0.0,1.0,0.0,1.0,1.0,1.0,0.0,0.0,0.0,1.0,1.0,1.0,0.0,0.0,0.0,1.0,0.0,0.0,16.0,8.0,1.0,0.0,0.0,0.0,1.0,0.0,1.0,0.0,1.0,1.0,0.0,1.0,1.0,1.0,0.0,0.0,0.0,1.0,0.0,2.0,0.0,1.0,3.0,0.0,2.0,15.0,5.0,10.0,1.0,0.0,32.0,1.0,0.0,0.0,0.0,0.0,0.0,1.0,0.0,0.0,0.0,0.0,1.0,0.0,0.0,0.0,1.0,0.0,0.0,0.0,0.0,0.0,0.0,1.0,0.0,0.0,0.0,0.0,0.0,0.0,0.0,0.0,0.0,0.0,0.0,0.0,0.0,0.0,0.0,0.0,0.0,16.0,13.0,18.0,4.0,1.0,3.0,0.0,4.0,30.0,17.0,3.0,1.0,0.0,0.0,2.0,53.0,0.0,55.0,17.0,38.0,38.0,16.0,1.0,24.0,24.0,7.0,0.0,40.0,15.0,0.0,3.0,32.0,18.0,2.0,0.0,6.0,10.0,26.0,9.0,4.0,51.0,4.0,0.0,0.0,0.0,46.0,7.0,2.0,0.0,2.0,6.0,6.0,29.0,6.0,6.0,54.0,1.0,49.0,6.0,22.0,31.0,2.0,1.0,2.0,9.0,6.0,21.0,2.0,14.0,49.0,6.0,28.0,27.0,19.0,25.0,11.0,55.0,0.0,48.0,7.0,49.0,6.0,54.0,1.0,39.0,16.0,17.0,31.0,7.0,39.0,16.0,0.0,5.0,15.0,17.0,18.0,0.0,25.0,18.0,0.0,6.0,6.0,2.0,53.0,32.0,23.0,0.0,0.0,47.0,3.0,5.0,46.0,7.0,2.0,52.0,3.0,0.0,4.0,51.0,40.0,15.0,35.0,20.0,0.0,0.0,50.0,5.0,0.0,39.0,16.0,0.0,54.0,1.0,0.0,54.0,1.0,0.0,0.0,33.0,22.0,48.0,4.0,3.0,0.0,51.0,4.0,0.0,46.0,9.0,0.0,41.0,14.0,0.0,48.0,7.0,0.0,55.0,0.0,0.0,0.0,17.0,32.0,6.0,0.0,Acima da média
419,26114852,2017,1,2,2605,26017,26,2609600,260960005,2,1,1.0,1.0,1.0,0.0,0.0,0.0,0.0,0.0,0.0,0.0,0.0,0.0,0.0,1.0,1.0,0.0,0.0,0.0,0.0,1.0,0.0,0.0,0.0,1.0,0.0,0.0,1.0,0.0,0.0,0.0,0.0,0.0,1.0,1.0,1.0,0.0,1.0,0.0,1.0,1.0,1.0,1.0,0.0,1.0,0.0,0.0,0.0,1.0,0.0,0.0,0.0,1.0,0.0,1.0,1.0,1.0,0.0,0.0,1.0,0.0,0.0,0.0,0.0,0.0,13.0,13.0,1.0,1.0,1.0,0.0,1.0,1.0,1.0,1.0,1.0,1.0,0.0,1.0,1.0,4.0,2.0,1.0,0.0,2.0,1.0,1.0,2.0,2.0,5.0,0.0,2.0,11.0,1.0,10.0,1.0,1.0,43.0,1.0,0.0,0.0,0.0,0.0,0.0,1.0,0.0,0.0,0.0,0.0,1.0,0.0,0.0,0.0,1.0,0.0,0.0,0.0,0.0,0.0,1.0,1.0,0.0,0.0,0.0,0.0,0.0,0.0,0.0,0.0,0.0,0.0,0.0,0.0,0.0,0.0,0.0,0.0,0.0,8.0,10.0,24.0,4.0,0.0,1.0,0.0,3.0,11.0,22.0,8.0,3.0,0.0,0.0,0.0,47.0,0.0,47.0,15.0,32.0,36.0,10.0,1.0,17.0,22.0,8.0,0.0,32.0,15.0,0.0,3.0,27.0,15.0,2.0,0.0,7.0,11.0,19.0,8.0,2.0,39.0,7.0,1.0,0.0,0.0,36.0,8.0,3.0,0.0,4.0,4.0,2.0,30.0,5.0,2.0,46.0,1.0,35.0,12.0,16.0,26.0,5.0,0.0,4.0,3.0,6.0,20.0,4.0,10.0,46.0,1.0,35.0,12.0,5.0,24.0,18.0,47.0,0.0,38.0,9.0,38.0,9.0,45.0,2.0,33.0,14.0,14.0,25.0,8.0,36.0,10.0,1.0,3.0,10.0,8.0,26.0,0.0,14.0,15.0,6.0,5.0,7.0,7.0,40.0,24.0,21.0,2.0,0.0,34.0,2.0,11.0,33.0,10.0,4.0,44.0,3.0,0.0,8.0,39.0,38.0,9.0,25.0,22.0,0.0,0.0,37.0,10.0,0.0,22.0,25.0,0.0,47.0,0.0,0.0,42.0,5.0,0.0,0.0,29.0,18.0,18.0,25.0,4.0,0.0,44.0,3.0,0.0,28.0,19.0,0.0,27.0,20.0,0.0,41.0,6.0,0.0,44.0,2.0,1.0,0.0,1.0,17.0,28.0,1.0,Abaixo da média
421,26115085,2017,1,2,2605,26017,26,2609600,260960005,2,1,1.0,1.0,1.0,0.0,0.0,0.0,0.0,0.0,0.0,0.0,0.0,0.0,0.0,1.0,1.0,0.0,0.0,0.0,0.0,1.0,0.0,0.0,0.0,1.0,0.0,0.0,1.0,0.0,0.0,0.0,0.0,0.0,1.0,1.0,1.0,0.0,0.0,0.0,1.0,1.0,1.0,1.0,1.0,1.0,0.0,0.0,0.0,1.0,0.0,0.0,0.0,1.0,0.0,0.0,0.0,0.0,0.0,0.0,0.0,0.0,0.0,0.0,0.0,0.0,6.0,6.0,1.0,0.0,1.0,0.0,1.0,0.0,1.0,0.0,1.0,1.0,0.0,1.0,1.0,2.0,0.0,1.0,0.0,1.0,0.0,2.0,0.0,1.0,6.0,0.0,1.0,13.0,1.0,9.0,1.0,1.0,30.0,1.0,0.0,0.0,0.0,0.0,0.0,1.0,0.0,0.0,0.0,0.0,1.0,0.0,0.0,0.0,1.0,0.0,0.0,0.0,0.0,0.0,1.0,1.0,0.0,0.0,0.0,0.0,0.0,0.0,0.0,0.0,0.0,0.0,0.0,0.0,0.0,0.0,0.0,0.0,0.0,2.0,5.0,11.0,2.0,0.0,0.0,0.0,0.0,6.0,6.0,5.0,2.0,0.0,1.0,1.0,19.0,1.0,19.0,11.0,9.0,16.0,4.0,0.0,10.0,10.0,0.0,0.0,17.0,3.0,0.0,4.0,12.0,3.0,1.0,0.0,2.0,7.0,6.0,2.0,3.0,19.0,0.0,1.0,0.0,0.0,15.0,4.0,1.0,0.0,4.0,6.0,4.0,4.0,1.0,1.0,15.0,5.0,12.0,8.0,8.0,12.0,0.0,0.0,2.0,5.0,2.0,3.0,0.0,8.0,16.0,4.0,8.0,12.0,4.0,12.0,4.0,18.0,2.0,19.0,1.0,18.0,2.0,20.0,0.0,14.0,6.0,10.0,9.0,1.0,18.0,1.0,1.0,5.0,5.0,3.0,5.0,2.0,4.0,6.0,1.0,4.0,5.0,2.0,18.0,9.0,8.0,3.0,0.0,17.0,1.0,2.0,10.0,9.0,1.0,17.0,3.0,0.0,8.0,12.0,14.0,6.0,11.0,8.0,1.0,0.0,17.0,3.0,0.0,11.0,9.0,0.0,16.0,4.0,0.0,18.0,2.0,0.0,0.0,8.0,12.0,10.0,10.0,0.0,0.0,17.0,2.0,1.0,17.0,3.0,0.0,15.0,5.0,0.0,19.0,1.0,0.0,16.0,4.0,0.0,0.0,6.0,13.0,0.0,1.0,Abaixo da média
423,26135555,2017,1,2,2605,26017,26,2609600,260960005,2,1,1.0,1.0,1.0,0.0,0.0,0.0,0.0,0.0,0.0,0.0,0.0,0.0,0.0,1.0,1.0,0.0,0.0,0.0,0.0,1.0,0.0,0.0,0.0,1.0,0.0,0.0,1.0,0.0,0.0,0.0,0.0,0.0,1.0,1.0,1.0,0.0,1.0,0.0,0.0,0.0,1.0,1.0,0.0,1.0,0.0,0.0,0.0,1.0,0.0,1.0,0.0,0.0,0.0,0.0,0.0,0.0,0.0,0.0,0.0,0.0,0.0,0.0,0.0,0.0,9.0,9.0,1.0,0.0,1.0,1.0,1.0,1.0,1.0,0.0,1.0,1.0,0.0,1.0,1.0,2.0,0.0,1.0,1.0,2.0,1.0,3.0,0.0,2.0,1.0,0.0,1.0,80.0,15.0,13.0,1.0,1.0,51.0,1.0,1.0,1.0,0.0,0.0,0.0,1.0,0.0,0.0,0.0,0.0,1.0,0.0,0.0,0.0,1.0,1.0,0.0,0.0,0.0,0.0,1.0,1.0,0.0,0.0,0.0,0.0,0.0,0.0,0.0,0.0,0.0,1.0,1.0,0.0,0.0,0.0,0.0,0.0,0.0,13.0,7.0,29.0,4.0,1.0,4.0,0.0,2.0,24.0,23.0,9.0,0.0,0.0,0.0,2.0,56.0,0.0,58.0,25.0,33.0,45.0,13.0,0.0,26.0,31.0,1.0,0.0,46.0,12.0,0.0,6.0,33.0,19.0,0.0,0.0,4.0,18.0,18.0,9.0,9.0,47.0,8.0,1.0,0.0,2.0,46.0,7.0,5.0,0.0,5.0,5.0,12.0,29.0,4.0,3.0,57.0,1.0,53.0,5.0,28.0,27.0,3.0,3.0,5.0,5.0,9.0,21.0,2.0,13.0,51.0,7.0,39.0,19.0,16.0,30.0,12.0,58.0,0.0,56.0,2.0,51.0,7.0,57.0,1.0,41.0,17.0,15.0,32.0,11.0,39.0,18.0,1.0,7.0,13.0,15.0,22.0,1.0,25.0,21.0,5.0,3.0,4.0,9.0,49.0,22.0,31.0,5.0,0.0,46.0,1.0,11.0,34.0,22.0,2.0,55.0,2.0,1.0,12.0,46.0,47.0,11.0,30.0,26.0,1.0,1.0,41.0,16.0,1.0,33.0,24.0,1.0,56.0,2.0,0.0,41.0,15.0,1.0,1.0,31.0,27.0,23.0,30.0,5.0,0.0,52.0,6.0,0.0,28.0,30.0,0.0,30.0,28.0,0.0,46.0,12.0,0.0,43.0,11.0,1.0,3.0,2.0,15.0,37.0,4.0,Abaixo da média
424,26136455,2017,1,2,2605,26017,26,2609600,260960005,2,1,1.0,1.0,1.0,0.0,0.0,0.0,0.0,0.0,0.0,0.0,0.0,0.0,0.0,1.0,1.0,0.0,0.0,0.0,0.0,1.0,0.0,0.0,0.0,1.0,1.0,0.0,1.0,0.0,0.0,0.0,0.0,0.0,1.0,1.0,1.0,0.0,0.0,0.0,0.0,0.0,1.0,0.0,0.0,0.0,0.0,0.0,0.0,1.0,0.0,1.0,0.0,0.0,0.0,0.0,0.0,0.0,0.0,0.0,0.0,0.0,0.0,0.0,0.0,0.0,10.0,8.0,1.0,0.0,1.0,0.0,1.0,1.0,1.0,0.0,1.0,1.0,0.0,1.0,1.0,3.0,0.0,4.0,0.0,2.0,3.0,4.0,0.0,1.0,10.0,0.0,3.0,23.0,3.0,20.0,1.0,0.0,50.0,1.0,0.0,0.0,0.0,0.0,0.0,1.0,0.0,0.0,1.0,0.0,1.0,0.0,0.0,0.0,1.0,0.0,0.0,0.0,0.0,0.0,0.0,1.0,0.0,0.0,0.0,0.0,0.0,0.0,0.0,0.0,0.0,0.0,0.0,0.0,0.0,0.0,0.0,0.0,0.0,9.0,6.0,8.0,1.0,3.0,1.0,0.0,4.0,14.0,5.0,1.0,3.0,1.0,0.0,0.0,28.0,0.0,28.0,7.0,21.0,20.0,7.0,1.0,9.0,17.0,2.0,0.0,20.0,8.0,0.0,1.0,19.0,8.0,0.0,0.0,5.0,4.0,9.0,9.0,1.0,27.0,1.0,0.0,0.0,0.0,27.0,0.0,1.0,0.0,3.0,1.0,5.0,14.0,4.0,1.0,28.0,0.0,24.0,4.0,13.0,11.0,4.0,0.0,0.0,7.0,7.0,8.0,1.0,5.0,28.0,0.0,17.0,11.0,11.0,14.0,3.0,28.0,0.0,28.0,0.0,26.0,2.0,28.0,0.0,20.0,8.0,6.0,20.0,2.0,21.0,7.0,0.0,2.0,8.0,8.0,10.0,0.0,10.0,13.0,3.0,0.0,2.0,0.0,28.0,13.0,15.0,0.0,0.0,21.0,0.0,7.0,22.0,4.0,2.0,27.0,1.0,0.0,5.0,23.0,23.0,5.0,20.0,8.0,0.0,0.0,23.0,4.0,1.0,16.0,11.0,1.0,28.0,0.0,0.0,22.0,3.0,2.0,1.0,27.0,1.0,24.0,3.0,0.0,1.0,27.0,0.0,1.0,17.0,10.0,1.0,22.0,5.0,1.0,23.0,4.0,1.0,25.0,2.0,0.0,1.0,3.0,16.0,9.0,0.0,Acima da média
425,26136460,2017,1,2,2605,26017,26,2609600,260960005,2,1,1.0,1.0,1.0,0.0,0.0,0.0,0.0,0.0,0.0,0.0,0.0,0.0,0.0,1.0,1.0,0.0,0.0,0.0,0.0,1.0,0.0,0.0,0.0,1.0,0.0,0.0,1.0,0.0,0.0,0.0,0.0,0.0,1.0,1.0,1.0,1.0,0.0,1.0,0.0,1.0,1.0,1.0,1.0,1.0,0.0,0.0,0.0,1.0,0.0,1.0,1.0,1.0,1.0,1.0,1.0,1.0,1.0,1.0,1.0,0.0,0.0,1.0,0.0,0.0,17.0,17.0,1.0,0.0,1.0,0.0,1.0,1.0,1.0,1.0,1.0,1.0,0.0,1.0,1.0,3.0,0.0,3.0,0.0,1.0,1.0,1.0,1.0,33.0,3.0,0.0,3.0,32.0,4.0,28.0,1.0,1.0,48.0,1.0,0.0,0.0,0.0,0.0,0.0,1.0,0.0,0.0,0.0,0.0,1.0,0.0,0.0,0.0,1.0,0.0,0.0,0.0,0.0,0.0,0.0,1.0,0.0,0.0,0.0,0.0,0.0,0.0,0.0,0.0,0.0,0.0,0.0,0.0,0.0,0.0,0.0,0.0,0.0,50.0,29.0,76.0,8.0,2.0,3.0,0.0,6.0,85.0,68.0,8.0,1.0,0.0,0.0,1.0,167.0,2.0,166.0,41.0,127.0,109.0,59.0,0.0,50.0,98.0,20.0,1.0,114.0,53.0,1.0,9.0,91.0,61.0,6.0,0.0,22.0,40.0,61.0,29.0,16.0,160.0,7.0,1.0,0.0,0.0,147.0,12.0,9.0,0.0,10.0,22.0,25.0,85.0,21.0,5.0,164.0,4.0,137.0,31.0,84.0,75.0,9.0,1.0,16.0,23.0,18.0,76.0,13.0,21.0,156.0,12.0,102.0,66.0,42.0,86.0,40.0,165.0,3.0,149.0,19.0,143.0,25.0,160.0,8.0,112.0,56.0,64.0,86.0,18.0,139.0,29.0,0.0,17.0,56.0,42.0,52.0,1.0,66.0,58.0,8.0,5.0,31.0,7.0,161.0,93.0,66.0,9.0,0.0,145.0,4.0,19.0,133.0,33.0,2.0,165.0,2.0,1.0,8.0,160.0,148.0,20.0,135.0,32.0,1.0,0.0,153.0,14.0,1.0,106.0,60.0,2.0,160.0,8.0,0.0,140.0,27.0,1.0,0.0,105.0,63.0,119.0,45.0,4.0,0.0,161.0,7.0,0.0,119.0,49.0,0.0,118.0,49.0,1.0,151.0,17.0,0.0,162.0,6.0,0.0,0.0,57.0,93.0,18.0,0.0,Acima da média
428,26070260,2017,1,2,2603,26010,26,2609709,260970905,2,1,1.0,1.0,1.0,0.0,0.0,0.0,0.0,0.0,0.0,0.0,0.0,0.0,0.0,1.0,1.0,0.0,0.0,0.0,0.0,1.0,0.0,0.0,0.0,1.0,1.0,0.0,1.0,0.0,0.0,0.0,0.0,0.0,1.0,1.0,1.0,0.0,0.0,1.0,0.0,1.0,1.0,1.0,0.0,1.0,0.0,0.0,0.0,1.0,0.0,1.0,0.0,0.0,0.0,0.0,0.0,0.0,0.0,0.0,0.0,0.0,0.0,0.0,0.0,0.0,14.0,14.0,1.0,0.0,0.0,0.0,1.0,0.0,1.0,1.0,1.0,0.0,0.0,0.0,1.0,2.0,0.0,0.0,0.0,1.0,0.0,1.0,1.0,1.0,0.0,0.0,0.0,9.0,1.0,8.0,1.0,1.0,40.0,1.0,0.0,1.0,0.0,0.0,0.0,1.0,0.0,0.0,0.0,0.0,1.0,0.0,0.0,0.0,1.0,0.0,0.0,0.0,0.0,0.0,0.0,1.0,0.0,0.0,0.0,0.0,0.0,0.0,0.0,0.0,0.0,0.0,0.0,0.0,0.0,0.0,0.0,0.0,0.0,40.0,6.0,97.0,5.0,1.0,7.0,4.0,44.0,77.0,22.0,8.0,1.0,0.0,0.0,2.0,154.0,4.0,152.0,114.0,42.0,110.0,39.0,7.0,105.0,44.0,7.0,1.0,112.0,43.0,1.0,3.0,64.0,63.0,25.0,0.0,4.0,30.0,54.0,36.0,32.0,149.0,6.0,1.0,0.0,0.0,143.0,10.0,3.0,6.0,45.0,27.0,19.0,37.0,15.0,7.0,146.0,10.0,132.0,24.0,110.0,37.0,9.0,14.0,55.0,27.0,26.0,18.0,4.0,12.0,114.0,42.0,86.0,70.0,124.0,28.0,4.0,156.0,0.0,149.0,7.0,144.0,12.0,155.0,1.0,134.0,22.0,71.0,71.0,14.0,120.0,35.0,1.0,36.0,48.0,28.0,29.0,15.0,60.0,51.0,13.0,10.0,22.0,10.0,146.0,79.0,70.0,6.0,1.0,144.0,4.0,8.0,119.0,35.0,2.0,153.0,3.0,0.0,23.0,133.0,146.0,10.0,123.0,28.0,4.0,1.0,147.0,8.0,1.0,106.0,49.0,1.0,144.0,11.0,1.0,151.0,4.0,0.0,1.0,89.0,67.0,86.0,59.0,6.0,5.0,145.0,6.0,5.0,128.0,25.0,3.0,123.0,29.0,4.0,124.0,28.0,4.0,139.0,12.0,1.0,4.0,70.0,75.0,11.0,0.0,Acima da média
429,26070456,2017,1,2,2603,26010,26,2609709,260970905,2,1,1.0,1.0,1.0,0.0,0.0,0.0,0.0,0.0,0.0,0.0,0.0,0.0,0.0,1.0,1.0,0.0,0.0,0.0,0.0,1.0,0.0,0.0,0.0,1.0,0.0,0.0,1.0,0.0,0.0,0.0,0.0,0.0,1.0,1.0,1.0,1.0,1.0,0.0,1.0,1.0,1.0,1.0,0.0,1.0,0.0,0.0,0.0,1.0,0.0,1.0,1.0,1.0,1.0,1.0,1.0,1.0,0.0,0.0,1.0,0.0,0.0,0.0,0.0,0.0,12.0,12.0,1.0,0.0,1.0,1.0,1.0,0.0,1.0,1.0,1.0,1.0,0.0,1.0,1.0,4.0,0.0,1.0,1.0,1.0,0.0,2.0,3.0,1.0,13.0,0.0,1.0,10.0,2.0,8.0,1.0,1.0,58.0,1.0,1.0,0.0,0.0,0.0,0.0,1.0,0.0,0.0,0.0,0.0,1.0,0.0,0.0,0.0,1.0,1.0,0.0,0.0,0.0,0.0,0.0,1.0,0.0,0.0,0.0,0.0,0.0,0.0,0.0,0.0,0.0,0.0,1.0,0.0,0.0,0.0,0.0,0.0,0.0,23.0,4.0,38.0,3.0,2.0,5.0,0.0,15.0,33.0,19.0,3.0,3.0,2.0,0.0,3.0,72.0,4.0,71.0,50.0,25.0,50.0,23.0,2.0,47.0,24.0,4.0,1.0,51.0,23.0,0.0,3.0,29.0,31.0,12.0,1.0,6.0,10.0,28.0,15.0,15.0,71.0,2.0,2.0,0.0,0.0,71.0,1.0,3.0,8.0,22.0,9.0,9.0,14.0,6.0,7.0,59.0,16.0,60.0,15.0,54.0,17.0,4.0,9.0,25.0,12.0,6.0,7.0,1.0,15.0,47.0,28.0,41.0,34.0,40.0,34.0,1.0,74.0,1.0,74.0,1.0,71.0,4.0,75.0,0.0,65.0,10.0,31.0,40.0,4.0,50.0,23.0,2.0,29.0,21.0,8.0,14.0,3.0,27.0,23.0,4.0,7.0,14.0,9.0,66.0,27.0,39.0,8.0,1.0,73.0,0.0,2.0,42.0,25.0,8.0,73.0,1.0,1.0,14.0,61.0,70.0,5.0,64.0,10.0,0.0,1.0,74.0,1.0,0.0,58.0,17.0,0.0,61.0,13.0,1.0,70.0,4.0,1.0,0.0,60.0,15.0,56.0,17.0,2.0,0.0,75.0,0.0,0.0,69.0,6.0,0.0,67.0,8.0,0.0,56.0,19.0,0.0,74.0,1.0,0.0,0.0,29.0,41.0,5.0,0.0,Acima da média
431,26033364,2017,1,2,2602,26005,26,2609808,260980805,2,1,1.0,1.0,1.0,0.0,0.0,0.0,0.0,0.0,0.0,0.0,0.0,0.0,0.0,1.0,1.0,0.0,0.0,0.0,0.0,1.0,0.0,0.0,0.0,1.0,0.0,0.0,1.0,0.0,0.0,0.0,0.0,0.0,1.0,1.0,1.0,0.0,1.0,0.0,0.0,0.0,1.0,1.0,0.0,1.0,0.0,0.0,0.0,1.0,0.0,1.0,0.0,1.0,0.0,0.0,1.0,1.0,0.0,1.0,0.0,0.0,0.0,0.0,0.0,0.0,10.0,9.0,1.0,1.0,1.0,1.0,1.0,1.0,1.0,1.0,1.0,1.0,1.0,1.0,1.0,3.0,2.0,2.0,1.0,2.0,2.0,5.0,2.0,2.0,13.0,1.0,1.0,28.0,4.0,24.0,1.0,1.0,39.0,1.0,0.0,0.0,0.0,0.0,0.0,1.0,0.0,0.0,0.0,0.0,1.0,0.0,0.0,0.0,1.0,0.0,0.0,0.0,0.0,0.0,0.0,1.0,0.0,0.0,0.0,0.0,0.0,0.0,0.0,0.0,0.0,0.0,0.0,0.0,0.0,0.0,0.0,0.0,0.0,3.0,23.0,44.0,2.0,2.0,7.0,0.0,6.0,47.0,18.0,8.0,1.0,1.0,0.0,6.0,75.0,0.0,81.0,63.0,18.0,57.0,22.0,2.0,53.0,28.0,0.0,2.0,69.0,10.0,0.0,3.0,47.0,24.0,7.0,1.0,7.0,11.0,14.0,28.0,20.0,79.0,1.0,1.0,0.0,0.0,67.0,12.0,2.0,2.0,17.0,10.0,9.0,30.0,9.0,4.0,77.0,4.0,71.0,10.0,55.0,21.0,5.0,8.0,23.0,17.0,8.0,8.0,3.0,14.0,59.0,22.0,52.0,29.0,57.0,21.0,3.0,80.0,1.0,75.0,6.0,74.0,7.0,79.0,2.0,65.0,16.0,28.0,49.0,4.0,57.0,24.0,0.0,26.0,24.0,11.0,12.0,8.0,30.0,21.0,4.0,10.0,16.0,4.0,77.0,36.0,36.0,8.0,1.0,76.0,0.0,5.0,49.0,30.0,2.0,77.0,4.0,0.0,35.0,46.0,74.0,7.0,62.0,19.0,0.0,0.0,74.0,7.0,0.0,59.0,19.0,3.0,70.0,10.0,1.0,74.0,7.0,0.0,0.0,48.0,33.0,58.0,21.0,2.0,0.0,80.0,1.0,0.0,64.0,17.0,0.0,67.0,13.0,1.0,52.0,28.0,1.0,80.0,1.0,0.0,0.0,16.0,55.0,10.0,0.0,Abaixo da média
432,26146967,2017,1,2,2602,26005,26,2609808,260980805,2,2,1.0,1.0,1.0,0.0,0.0,0.0,0.0,0.0,0.0,0.0,0.0,0.0,0.0,1.0,1.0,0.0,0.0,0.0,0.0,1.0,0.0,0.0,0.0,0.0,1.0,0.0,1.0,1.0,0.0,0.0,0.0,0.0,1.0,1.0,1.0,1.0,0.0,1.0,0.0,1.0,1.0,1.0,0.0,1.0,0.0,0.0,0.0,1.0,0.0,1.0,1.0,0.0,1.0,0.0,0.0,0.0,1.0,1.0,0.0,0.0,0.0,0.0,0.0,0.0,9.0,9.0,1.0,0.0,1.0,1.0,1.0,1.0,1.0,1.0,1.0,1.0,1.0,1.0,1.0,2.0,0.0,1.0,1.0,1.0,1.0,3.0,1.0,2.0,4.0,1.0,1.0,12.0,2.0,10.0,1.0,1.0,38.0,1.0,0.0,0.0,0.0,0.0,0.0,1.0,0.0,0.0,1.0,0.0,1.0,0.0,0.0,0.0,1.0,1.0,0.0,0.0,0.0,0.0,0.0,1.0,0.0,0.0,0.0,0.0,0.0,0.0,0.0,0.0,0.0,1.0,1.0,0.0,0.0,0.0,0.0,0.0,0.0,1.0,5.0,26.0,1.0,1.0,5.0,0.0,9.0,11.0,15.0,3.0,1.0,0.0,0.0,3.0,36.0,2.0,37.0,22.0,17.0,33.0,4.0,2.0,29.0,8.0,2.0,1.0,35.0,3.0,0.0,6.0,21.0,7.0,5.0,1.0,3.0,8.0,12.0,8.0,7.0,36.0,3.0,0.0,0.0,0.0,30.0,6.0,3.0,2.0,10.0,5.0,7.0,11.0,1.0,3.0,33.0,6.0,33.0,6.0,23.0,13.0,3.0,4.0,8.0,6.0,2.0,8.0,2.0,9.0,30.0,9.0,28.0,11.0,23.0,14.0,2.0,39.0,0.0,38.0,1.0,39.0,0.0,37.0,2.0,34.0,5.0,21.0,17.0,1.0,24.0,14.0,1.0,14.0,14.0,2.0,5.0,4.0,14.0,14.0,2.0,5.0,4.0,6.0,33.0,18.0,16.0,4.0,1.0,38.0,0.0,1.0,23.0,15.0,1.0,37.0,2.0,0.0,9.0,30.0,34.0,5.0,32.0,7.0,0.0,0.0,33.0,5.0,1.0,29.0,9.0,1.0,37.0,1.0,1.0,36.0,2.0,1.0,0.0,28.0,11.0,24.0,13.0,1.0,1.0,35.0,3.0,1.0,27.0,11.0,1.0,29.0,9.0,1.0,28.0,9.0,2.0,35.0,2.0,0.0,2.0,14.0,21.0,3.0,1.0,Abaixo da média
433,26005107,2017,1,2,2601,26001,26,2609907,260990705,2,1,1.0,1.0,1.0,0.0,0.0,0.0,0.0,0.0,0.0,0.0,0.0,0.0,0.0,1.0,1.0,0.0,0.0,0.0,0.0,1.0,0.0,0.0,0.0,1.0,0.0,0.0,1.0,0.0,0.0,0.0,0.0,0.0,1.0,1.0,1.0,1.0,0.0,0.0,1.0,1.0,1.0,1.0,0.0,1.0,0.0,0.0,0.0,1.0,0.0,1.0,0.0,1.0,1.0,0.0,0.0,1.0,1.0,1.0,0.0,0.0,0.0,0.0,0.0,0.0,16.0,16.0,1.0,0.0,0.0,1.0,1.0,1.0,1.0,1.0,1.0,1.0,0.0,1.0,1.0,2.0,0.0,0.0,1.0,1.0,1.0,2.0,4.0,2.0,15.0,0.0,2.0,18.0,5.0,16.0,1.0,1.0,42.0,1.0,0.0,0.0,0.0,0.0,0.0,1.0,0.0,0.0,1.0,0.0,1.0,0.0,0.0,0.0,1.0,1.0,0.0,0.0,0.0,0.0,0.0,1.0,0.0,0.0,0.0,0.0,0.0,0.0,0.0,0.0,0.0,0.0,1.0,0.0,0.0,0.0,0.0,0.0,0.0,13.0,10.0,44.0,1.0,3.0,8.0,0.0,13.0,36.0,20.0,7.0,2.0,1.0,0.0,3.0,76.0,4.0,75.0,60.0,19.0,61.0,18.0,0.0,51.0,25.0,3.0,1.0,67.0,11.0,2.0,3.0,34.0,35.0,5.0,0.0,10.0,11.0,21.0,23.0,14.0,76.0,2.0,0.0,0.0,1.0,70.0,7.0,2.0,2.0,18.0,17.0,4.0,18.0,12.0,8.0,68.0,11.0,60.0,19.0,50.0,27.0,2.0,7.0,19.0,13.0,12.0,10.0,3.0,15.0,59.0,20.0,48.0,31.0,49.0,23.0,7.0,78.0,1.0,72.0,7.0,66.0,13.0,77.0,2.0,54.0,25.0,25.0,43.0,11.0,51.0,21.0,7.0,17.0,25.0,10.0,23.0,4.0,28.0,18.0,9.0,11.0,13.0,6.0,73.0,16.0,46.0,16.0,1.0,76.0,1.0,2.0,59.0,19.0,1.0,75.0,4.0,0.0,14.0,65.0,63.0,16.0,43.0,27.0,5.0,4.0,66.0,7.0,6.0,50.0,23.0,6.0,65.0,8.0,6.0,56.0,16.0,3.0,4.0,64.0,15.0,56.0,19.0,3.0,1.0,76.0,1.0,2.0,44.0,31.0,4.0,52.0,24.0,3.0,53.0,22.0,4.0,76.0,2.0,0.0,1.0,20.0,42.0,17.0,0.0,Abaixo da média
434,26005115,2017,1,2,2601,26001,26,2609907,260990705,2,1,1.0,1.0,1.0,0.0,0.0,0.0,0.0,0.0,0.0,0.0,0.0,0.0,0.0,1.0,1.0,0.0,0.0,0.0,0.0,1.0,0.0,0.0,0.0,1.0,0.0,0.0,1.0,0.0,0.0,0.0,0.0,0.0,1.0,1.0,1.0,1.0,1.0,1.0,1.0,1.0,1.0,1.0,1.0,1.0,0.0,0.0,0.0,1.0,0.0,0.0,0.0,1.0,1.0,0.0,1.0,0.0,1.0,1.0,0.0,0.0,0.0,0.0,0.0,0.0,19.0,18.0,1.0,0.0,1.0,1.0,1.0,0.0,1.0,1.0,1.0,1.0,1.0,1.0,1.0,2.0,0.0,1.0,1.0,1.0,0.0,1.0,1.0,2.0,15.0,1.0,2.0,15.0,3.0,12.0,1.0,1.0,34.0,1.0,0.0,0.0,0.0,0.0,0.0,1.0,0.0,0.0,0.0,0.0,1.0,0.0,0.0,0.0,1.0,0.0,0.0,0.0,0.0,0.0,0.0,1.0,0.0,0.0,0.0,0.0,0.0,0.0,0.0,0.0,0.0,0.0,0.0,0.0,0.0,0.0,0.0,0.0,0.0,24.0,13.0,63.0,0.0,0.0,2.0,0.0,21.0,57.0,19.0,5.0,0.0,0.0,0.0,5.0,97.0,1.0,101.0,65.0,37.0,71.0,29.0,2.0,49.0,46.0,7.0,0.0,77.0,25.0,2.0,6.0,41.0,49.0,4.0,1.0,7.0,25.0,29.0,18.0,22.0,98.0,4.0,0.0,0.0,0.0,86.0,14.0,2.0,2.0,10.0,10.0,11.0,43.0,20.0,6.0,97.0,5.0,82.0,20.0,57.0,41.0,4.0,2.0,13.0,18.0,13.0,28.0,7.0,21.0,89.0,13.0,49.0,53.0,70.0,29.0,3.0,97.0,5.0,93.0,9.0,85.0,17.0,100.0,2.0,72.0,30.0,33.0,61.0,8.0,72.0,26.0,4.0,13.0,21.0,30.0,33.0,5.0,32.0,25.0,10.0,7.0,28.0,1.0,101.0,40.0,50.0,10.0,2.0,85.0,1.0,16.0,82.0,18.0,2.0,98.0,3.0,1.0,20.0,82.0,80.0,22.0,55.0,40.0,3.0,4.0,84.0,16.0,2.0,49.0,50.0,3.0,93.0,7.0,2.0,87.0,9.0,2.0,4.0,67.0,35.0,42.0,51.0,5.0,4.0,89.0,6.0,7.0,47.0,47.0,8.0,56.0,39.0,7.0,88.0,7.0,7.0,78.0,11.0,3.0,10.0,5.0,37.0,53.0,7.0,Acima da média
435,26006138,2017,1,2,2601,26001,26,2609907,260990705,2,1,1.0,1.0,1.0,0.0,0.0,0.0,0.0,0.0,0.0,0.0,1.0,0.0,0.0,1.0,1.0,0.0,0.0,0.0,0.0,1.0,0.0,0.0,0.0,1.0,0.0,0.0,1.0,0.0,0.0,0.0,0.0,0.0,1.0,1.0,1.0,0.0,0.0,1.0,0.0,1.0,1.0,1.0,0.0,1.0,0.0,0.0,0.0,1.0,0.0,1.0,1.0,1.0,1.0,0.0,1.0,0.0,0.0,1.0,1.0,0.0,0.0,1.0,0.0,0.0,35.0,14.0,1.0,0.0,1.0,1.0,1.0,1.0,1.0,0.0,1.0,1.0,0.0,1.0,1.0,2.0,0.0,2.0,1.0,1.0,1.0,1.0,0.0,3.0,2.0,0.0,1.0,22.0,4.0,18.0,1.0,1.0,114.0,1.0,1.0,1.0,0.0,0.0,0.0,1.0,0.0,0.0,1.0,1.0,1.0,0.0,0.0,0.0,1.0,1.0,1.0,0.0,0.0,0.0,1.0,1.0,0.0,0.0,0.0,0.0,0.0,0.0,0.0,0.0,0.0,1.0,0.0,1.0,0.0,0.0,0.0,0.0,0.0,29.0,23.0,172.0,7.0,0.0,11.0,0.0,14.0,81.0,66.0,45.0,16.0,8.0,12.0,14.0,228.0,10.0,232.0,171.0,71.0,191.0,43.0,8.0,173.0,63.0,6.0,14.0,203.0,25.0,2.0,19.0,99.0,96.0,26.0,3.0,18.0,47.0,64.0,46.0,64.0,227.0,11.0,3.0,1.0,0.0,195.0,38.0,9.0,20.0,60.0,39.0,23.0,50.0,17.0,33.0,204.0,38.0,187.0,55.0,153.0,78.0,11.0,43.0,72.0,27.0,15.0,21.0,11.0,53.0,173.0,69.0,138.0,104.0,135.0,88.0,19.0,232.0,10.0,222.0,20.0,218.0,24.0,234.0,8.0,188.0,54.0,86.0,141.0,15.0,156.0,79.0,7.0,78.0,73.0,26.0,44.0,21.0,67.0,64.0,38.0,42.0,31.0,38.0,204.0,27.0,113.0,95.0,7.0,226.0,3.0,13.0,150.0,75.0,17.0,211.0,23.0,8.0,96.0,146.0,195.0,47.0,167.0,70.0,3.0,2.0,204.0,36.0,2.0,150.0,91.0,1.0,217.0,22.0,3.0,206.0,33.0,2.0,1.0,171.0,71.0,171.0,64.0,6.0,1.0,228.0,12.0,2.0,169.0,71.0,2.0,180.0,61.0,1.0,194.0,48.0,0.0,219.0,21.0,2.0,0.0,54.0,124.0,51.0,13.0,Abaixo da média
436,26006499,2017,1,2,2601,26001,26,2609907,260990705,2,1,1.0,1.0,1.0,0.0,0.0,0.0,0.0,0.0,0.0,0.0,1.0,0.0,0.0,1.0,1.0,0.0,0.0,0.0,0.0,1.0,0.0,0.0,0.0,1.0,0.0,0.0,1.0,0.0,0.0,0.0,0.0,0.0,1.0,1.0,1.0,0.0,0.0,0.0,0.0,0.0,1.0,1.0,0.0,1.0,0.0,0.0,0.0,1.0,0.0,1.0,1.0,1.0,0.0,0.0,1.0,1.0,0.0,1.0,0.0,0.0,0.0,0.0,0.0,0.0,8.0,15.0,1.0,0.0,1.0,0.0,0.0,1.0,1.0,1.0,1.0,1.0,0.0,1.0,1.0,3.0,0.0,1.0,0.0,0.0,1.0,2.0,3.0,2.0,10.0,0.0,2.0,12.0,12.0,12.0,1.0,1.0,48.0,1.0,0.0,1.0,0.0,0.0,0.0,1.0,0.0,0.0,0.0,0.0,1.0,0.0,0.0,0.0,1.0,0.0,1.0,0.0,0.0,0.0,1.0,1.0,0.0,1.0,0.0,0.0,0.0,0.0,0.0,0.0,0.0,0.0,0.0,0.0,0.0,0.0,0.0,0.0,0.0,33.0,8.0,112.0,6.0,3.0,20.0,0.0,15.0,55.0,52.0,28.0,16.0,8.0,8.0,11.0,171.0,6.0,176.0,112.0,70.0,140.0,38.0,4.0,140.0,41.0,1.0,8.0,155.0,19.0,1.0,14.0,72.0,77.0,18.0,2.0,13.0,33.0,53.0,42.0,39.0,165.0,12.0,4.0,1.0,0.0,150.0,27.0,5.0,13.0,58.0,38.0,16.0,30.0,6.0,21.0,149.0,33.0,124.0,58.0,114.0,62.0,6.0,28.0,57.0,23.0,13.0,17.0,2.0,42.0,132.0,50.0,97.0,85.0,96.0,60.0,26.0,178.0,4.0,173.0,9.0,165.0,17.0,178.0,4.0,122.0,60.0,57.0,102.0,23.0,117.0,50.0,15.0,48.0,41.0,16.0,47.0,30.0,44.0,58.0,12.0,33.0,35.0,27.0,155.0,24.0,82.0,70.0,6.0,175.0,3.0,4.0,119.0,52.0,11.0,159.0,21.0,2.0,72.0,110.0,157.0,25.0,120.0,58.0,4.0,0.0,151.0,29.0,2.0,112.0,66.0,4.0,152.0,27.0,3.0,162.0,18.0,2.0,0.0,121.0,61.0,114.0,59.0,9.0,0.0,172.0,9.0,1.0,119.0,60.0,3.0,127.0,54.0,1.0,124.0,56.0,2.0,160.0,18.0,3.0,1.0,28.0,75.0,58.0,21.0,Abaixo da média
438,26101084,2017,1,2,2604,26015,26,2610004,261000405,2,1,1.0,1.0,1.0,0.0,0.0,0.0,0.0,0.0,0.0,0.0,0.0,0.0,0.0,1.0,1.0,0.0,0.0,0.0,0.0,1.0,0.0,0.0,0.0,1.0,1.0,0.0,1.0,0.0,0.0,0.0,0.0,0.0,1.0,1.0,1.0,1.0,0.0,1.0,1.0,1.0,1.0,1.0,0.0,1.0,0.0,0.0,0.0,1.0,0.0,1.0,0.0,0.0,0.0,0.0,0.0,0.0,0.0,0.0,0.0,0.0,0.0,0.0,0.0,0.0,15.0,13.0,1.0,0.0,0.0,1.0,0.0,1.0,1.0,1.0,1.0,1.0,0.0,1.0,1.0,5.0,0.0,0.0,1.0,0.0,1.0,2.0,1.0,3.0,8.0,0.0,2.0,14.0,2.0,10.0,1.0,0.0,35.0,1.0,0.0,0.0,0.0,0.0,0.0,1.0,0.0,0.0,1.0,0.0,1.0,0.0,0.0,0.0,1.0,0.0,0.0,0.0,0.0,0.0,0.0,1.0,0.0,0.0,0.0,0.0,0.0,0.0,0.0,0.0,0.0,0.0,0.0,0.0,0.0,0.0,0.0,0.0,0.0,24.0,16.0,44.0,6.0,2.0,14.0,2.0,7.0,56.0,32.0,8.0,1.0,0.0,0.0,4.0,102.0,1.0,105.0,53.0,53.0,71.0,34.0,1.0,54.0,46.0,6.0,2.0,72.0,32.0,1.0,5.0,61.0,34.0,5.0,1.0,10.0,29.0,42.0,12.0,12.0,103.0,2.0,1.0,0.0,0.0,95.0,6.0,5.0,0.0,14.0,18.0,13.0,40.0,14.0,7.0,103.0,3.0,95.0,11.0,57.0,42.0,7.0,6.0,13.0,19.0,17.0,25.0,11.0,15.0,96.0,10.0,68.0,38.0,52.0,48.0,6.0,105.0,1.0,102.0,4.0,99.0,7.0,106.0,0.0,80.0,26.0,49.0,46.0,11.0,82.0,22.0,2.0,10.0,29.0,28.0,39.0,0.0,39.0,34.0,13.0,7.0,13.0,7.0,99.0,50.0,51.0,5.0,0.0,88.0,4.0,14.0,85.0,19.0,2.0,102.0,4.0,0.0,9.0,97.0,95.0,11.0,78.0,26.0,1.0,1.0,88.0,18.0,0.0,62.0,44.0,0.0,100.0,6.0,0.0,94.0,10.0,1.0,1.0,73.0,33.0,64.0,37.0,5.0,0.0,98.0,8.0,0.0,91.0,15.0,0.0,73.0,33.0,0.0,88.0,17.0,1.0,98.0,6.0,2.0,0.0,9.0,59.0,38.0,0.0,Acima da média
440,26101203,2017,1,2,2604,26015,26,2610004,261000405,2,1,1.0,1.0,1.0,0.0,0.0,0.0,0.0,0.0,0.0,0.0,0.0,0.0,0.0,1.0,1.0,0.0,0.0,0.0,0.0,1.0,0.0,0.0,0.0,1.0,1.0,0.0,1.0,0.0,0.0,0.0,0.0,0.0,1.0,1.0,1.0,1.0,0.0,1.0,1.0,1.0,1.0,1.0,0.0,1.0,0.0,0.0,0.0,1.0,0.0,1.0,1.0,1.0,1.0,1.0,1.0,1.0,0.0,0.0,0.0,0.0,0.0,1.0,0.0,0.0,12.0,11.0,1.0,0.0,1.0,0.0,1.0,1.0,1.0,1.0,1.0,1.0,1.0,1.0,1.0,2.0,0.0,10.0,0.0,1.0,1.0,1.0,2.0,2.0,10.0,1.0,1.0,3.0,3.0,3.0,1.0,0.0,64.0,1.0,0.0,0.0,0.0,0.0,0.0,1.0,0.0,0.0,0.0,0.0,1.0,0.0,0.0,0.0,1.0,1.0,1.0,0.0,0.0,0.0,0.0,1.0,0.0,1.0,0.0,0.0,0.0,0.0,0.0,0.0,0.0,0.0,1.0,0.0,0.0,0.0,0.0,0.0,0.0,5.0,2.0,25.0,2.0,1.0,1.0,0.0,1.0,6.0,9.0,9.0,6.0,3.0,2.0,2.0,34.0,0.0,36.0,19.0,17.0,30.0,6.0,0.0,29.0,7.0,0.0,0.0,32.0,4.0,0.0,0.0,20.0,15.0,1.0,1.0,8.0,6.0,8.0,5.0,8.0,33.0,3.0,0.0,0.0,0.0,28.0,8.0,0.0,3.0,9.0,5.0,7.0,5.0,1.0,6.0,33.0,3.0,27.0,9.0,15.0,18.0,3.0,5.0,3.0,6.0,7.0,6.0,0.0,9.0,28.0,8.0,21.0,15.0,15.0,15.0,6.0,32.0,4.0,34.0,2.0,32.0,4.0,35.0,1.0,31.0,5.0,11.0,25.0,0.0,28.0,8.0,0.0,16.0,9.0,4.0,6.0,1.0,10.0,13.0,2.0,4.0,7.0,14.0,22.0,16.0,15.0,5.0,0.0,33.0,0.0,3.0,14.0,16.0,6.0,29.0,6.0,1.0,14.0,22.0,33.0,3.0,24.0,12.0,0.0,0.0,30.0,6.0,0.0,24.0,11.0,1.0,33.0,3.0,0.0,32.0,4.0,0.0,0.0,29.0,7.0,22.0,13.0,1.0,0.0,36.0,0.0,0.0,28.0,8.0,0.0,32.0,4.0,0.0,33.0,3.0,0.0,32.0,4.0,0.0,0.0,13.0,20.0,2.0,1.0,Abaixo da média
442,26101602,2017,1,2,2604,26015,26,2610004,261000405,2,1,1.0,1.0,1.0,0.0,0.0,0.0,0.0,0.0,0.0,0.0,0.0,0.0,0.0,1.0,1.0,0.0,0.0,0.0,0.0,1.0,0.0,0.0,0.0,1.0,0.0,0.0,1.0,0.0,0.0,0.0,0.0,0.0,1.0,1.0,1.0,1.0,1.0,1.0,0.0,1.0,1.0,1.0,0.0,1.0,0.0,0.0,0.0,1.0,0.0,1.0,1.0,1.0,1.0,1.0,1.0,0.0,0.0,1.0,1.0,0.0,0.0,0.0,0.0,0.0,12.0,6.0,1.0,0.0,0.0,0.0,0.0,1.0,1.0,0.0,1.0,1.0,0.0,0.0,1.0,1.0,0.0,0.0,0.0,0.0,1.0,2.0,0.0,2.0,6.0,0.0,0.0,4.0,3.0,1.0,1.0,1.0,29.0,1.0,1.0,0.0,0.0,0.0,0.0,1.0,0.0,0.0,0.0,0.0,1.0,0.0,0.0,0.0,1.0,0.0,0.0,0.0,0.0,0.0,0.0,1.0,0.0,0.0,0.0,0.0,0.0,0.0,0.0,0.0,0.0,0.0,0.0,0.0,0.0,0.0,0.0,0.0,0.0,7.0,23.0,38.0,4.0,1.0,3.0,0.0,1.0,26.0,23.0,10.0,6.0,5.0,5.0,2.0,74.0,1.0,75.0,52.0,24.0,60.0,15.0,1.0,59.0,15.0,2.0,4.0,61.0,11.0,0.0,5.0,38.0,28.0,5.0,0.0,6.0,16.0,20.0,19.0,15.0,66.0,10.0,0.0,0.0,0.0,66.0,10.0,0.0,16.0,29.0,8.0,6.0,11.0,0.0,6.0,47.0,29.0,40.0,36.0,42.0,31.0,3.0,7.0,28.0,13.0,5.0,4.0,0.0,19.0,54.0,22.0,44.0,32.0,30.0,32.0,14.0,74.0,2.0,69.0,7.0,67.0,9.0,75.0,1.0,54.0,22.0,23.0,50.0,3.0,58.0,16.0,2.0,26.0,20.0,6.0,15.0,9.0,21.0,18.0,10.0,12.0,15.0,6.0,70.0,13.0,27.0,31.0,5.0,71.0,3.0,2.0,43.0,24.0,9.0,64.0,11.0,1.0,35.0,41.0,69.0,7.0,39.0,34.0,1.0,2.0,69.0,4.0,3.0,48.0,25.0,3.0,64.0,10.0,2.0,67.0,7.0,0.0,2.0,45.0,31.0,34.0,35.0,5.0,2.0,73.0,1.0,2.0,65.0,8.0,3.0,54.0,19.0,3.0,59.0,15.0,2.0,67.0,7.0,0.0,2.0,18.0,50.0,7.0,1.0,Abaixo da média
443,26101610,2017,1,2,2604,26015,26,2610004,261000405,2,2,1.0,1.0,2.0,0.0,0.0,0.0,0.0,0.0,0.0,0.0,0.0,1.0,0.0,1.0,1.0,0.0,0.0,0.0,0.0,1.0,0.0,0.0,0.0,1.0,0.0,0.0,1.0,0.0,0.0,0.0,0.0,0.0,1.0,1.0,0.0,0.0,0.0,0.0,0.0,0.0,1.0,0.0,0.0,0.0,0.0,0.0,0.0,1.0,0.0,0.0,0.0,1.0,0.0,0.0,1.0,0.0,0.0,0.0,0.0,0.0,0.0,0.0,0.0,0.0,19.0,19.0,1.0,0.0,1.0,0.0,0.0,0.0,0.0,1.0,1.0,1.0,0.0,0.0,1.0,2.0,0.0,2.0,0.0,0.0,0.0,0.0,2.0,1.0,5.0,0.0,0.0,4.0,4.0,0.0,1.0,1.0,37.0,1.0,0.0,0.0,0.0,0.0,0.0,1.0,0.0,0.0,0.0,1.0,1.0,0.0,0.0,0.0,1.0,1.0,1.0,0.0,0.0,0.0,0.0,1.0,0.0,0.0,0.0,0.0,0.0,0.0,0.0,0.0,0.0,1.0,1.0,1.0,0.0,0.0,0.0,0.0,0.0,13.0,6.0,21.0,2.0,1.0,5.0,0.0,1.0,9.0,18.0,10.0,5.0,1.0,4.0,1.0,47.0,1.0,47.0,32.0,16.0,44.0,4.0,0.0,36.0,11.0,1.0,1.0,40.0,7.0,1.0,3.0,24.0,16.0,4.0,0.0,2.0,7.0,14.0,12.0,13.0,42.0,6.0,0.0,0.0,0.0,39.0,7.0,2.0,7.0,16.0,10.0,6.0,4.0,0.0,5.0,35.0,13.0,35.0,13.0,25.0,20.0,3.0,5.0,12.0,5.0,4.0,5.0,0.0,17.0,33.0,15.0,28.0,20.0,25.0,15.0,8.0,47.0,1.0,46.0,2.0,44.0,4.0,47.0,1.0,36.0,12.0,12.0,34.0,2.0,35.0,11.0,2.0,17.0,12.0,5.0,12.0,2.0,12.0,18.0,3.0,10.0,5.0,8.0,40.0,9.0,23.0,12.0,4.0,48.0,0.0,0.0,26.0,16.0,6.0,34.0,13.0,1.0,13.0,35.0,42.0,6.0,34.0,14.0,0.0,0.0,42.0,6.0,0.0,35.0,13.0,0.0,41.0,7.0,0.0,47.0,1.0,0.0,0.0,33.0,15.0,31.0,17.0,0.0,0.0,45.0,2.0,1.0,34.0,14.0,0.0,34.0,14.0,0.0,32.0,15.0,1.0,46.0,2.0,0.0,0.0,2.0,7.0,20.0,19.0,Abaixo da média
445,26167158,2017,1,2,2604,26015,26,2610004,261000405,2,1,1.0,1.0,2.0,0.0,0.0,0.0,0.0,0.0,0.0,0.0,0.0,0.0,0.0,0.0,1.0,0.0,0.0,0.0,0.0,1.0,0.0,0.0,0.0,1.0,0.0,0.0,1.0,0.0,0.0,0.0,0.0,0.0,1.0,1.0,0.0,0.0,0.0,1.0,0.0,1.0,1.0,1.0,0.0,1.0,0.0,0.0,0.0,1.0,0.0,0.0,0.0,1.0,0.0,1.0,1.0,0.0,0.0,0.0,1.0,0.0,0.0,0.0,0.0,0.0,10.0,10.0,1.0,0.0,1.0,0.0,1.0,1.0,1.0,1.0,1.0,1.0,0.0,1.0,1.0,3.0,0.0,4.0,0.0,1.0,1.0,1.0,1.0,2.0,8.0,0.0,1.0,5.0,5.0,0.0,1.0,1.0,42.0,1.0,0.0,1.0,0.0,0.0,0.0,1.0,0.0,0.0,0.0,0.0,1.0,0.0,0.0,0.0,1.0,1.0,0.0,0.0,0.0,0.0,1.0,1.0,0.0,0.0,0.0,0.0,0.0,0.0,0.0,0.0,0.0,0.0,1.0,0.0,0.0,0.0,0.0,0.0,0.0,18.0,9.0,68.0,11.0,7.0,3.0,1.0,4.0,36.0,37.0,24.0,7.0,4.0,3.0,4.0,112.0,2.0,114.0,71.0,45.0,83.0,29.0,4.0,77.0,38.0,1.0,1.0,97.0,18.0,0.0,10.0,65.0,37.0,4.0,0.0,11.0,22.0,43.0,26.0,14.0,109.0,6.0,1.0,0.0,0.0,96.0,16.0,4.0,5.0,25.0,19.0,9.0,41.0,7.0,10.0,101.0,15.0,89.0,27.0,63.0,46.0,7.0,8.0,22.0,22.0,11.0,27.0,2.0,24.0,96.0,20.0,63.0,53.0,74.0,28.0,14.0,111.0,5.0,95.0,21.0,98.0,18.0,113.0,3.0,76.0,40.0,49.0,53.0,14.0,90.0,19.0,7.0,22.0,32.0,25.0,33.0,4.0,38.0,32.0,12.0,16.0,18.0,33.0,83.0,48.0,53.0,14.0,1.0,94.0,1.0,21.0,67.0,27.0,22.0,108.0,4.0,4.0,27.0,89.0,104.0,12.0,84.0,27.0,2.0,3.0,90.0,22.0,4.0,67.0,45.0,4.0,109.0,3.0,4.0,99.0,10.0,0.0,7.0,70.0,46.0,83.0,29.0,2.0,2.0,109.0,6.0,1.0,87.0,27.0,2.0,73.0,42.0,1.0,105.0,10.0,1.0,106.0,7.0,1.0,2.0,6.0,33.0,62.0,15.0,Abaixo da média
446,26178222,2017,1,2,2604,26015,26,2610004,261000405,2,1,1.0,1.0,1.0,0.0,0.0,0.0,0.0,0.0,0.0,0.0,0.0,0.0,0.0,1.0,1.0,0.0,0.0,0.0,0.0,1.0,0.0,0.0,0.0,1.0,0.0,0.0,1.0,0.0,0.0,0.0,0.0,0.0,1.0,1.0,1.0,1.0,0.0,1.0,0.0,1.0,1.0,1.0,0.0,1.0,0.0,0.0,1.0,0.0,0.0,1.0,1.0,1.0,0.0,1.0,1.0,1.0,1.0,0.0,0.0,0.0,0.0,1.0,0.0,0.0,14.0,13.0,1.0,0.0,0.0,1.0,0.0,0.0,0.0,1.0,0.0,1.0,0.0,1.0,1.0,3.0,0.0,0.0,1.0,0.0,0.0,0.0,4.0,0.0,18.0,0.0,2.0,15.0,3.0,10.0,1.0,0.0,36.0,1.0,0.0,0.0,0.0,0.0,0.0,1.0,0.0,0.0,0.0,0.0,1.0,0.0,0.0,0.0,1.0,0.0,0.0,0.0,0.0,0.0,0.0,1.0,0.0,0.0,0.0,0.0,0.0,0.0,0.0,0.0,0.0,0.0,0.0,0.0,0.0,0.0,0.0,0.0,0.0,29.0,8.0,53.0,6.0,3.0,3.0,0.0,3.0,56.0,32.0,10.0,1.0,0.0,0.0,2.0,100.0,1.0,101.0,34.0,68.0,59.0,38.0,5.0,34.0,56.0,12.0,0.0,57.0,45.0,0.0,3.0,47.0,44.0,8.0,0.0,10.0,30.0,37.0,19.0,6.0,95.0,7.0,0.0,0.0,0.0,92.0,7.0,3.0,1.0,3.0,9.0,7.0,53.0,26.0,3.0,97.0,5.0,86.0,16.0,60.0,35.0,7.0,2.0,4.0,12.0,13.0,46.0,9.0,16.0,97.0,5.0,68.0,34.0,68.0,32.0,2.0,102.0,0.0,97.0,5.0,84.0,18.0,100.0,2.0,87.0,15.0,44.0,43.0,15.0,83.0,19.0,0.0,14.0,26.0,28.0,32.0,2.0,41.0,33.0,7.0,0.0,21.0,3.0,99.0,43.0,58.0,1.0,0.0,85.0,1.0,16.0,80.0,21.0,1.0,100.0,2.0,0.0,5.0,97.0,86.0,16.0,62.0,36.0,2.0,2.0,88.0,13.0,1.0,59.0,42.0,1.0,98.0,3.0,1.0,78.0,22.0,1.0,1.0,65.0,37.0,59.0,34.0,9.0,0.0,95.0,7.0,0.0,89.0,13.0,0.0,75.0,27.0,0.0,94.0,8.0,0.0,97.0,5.0,0.0,0.0,33.0,59.0,10.0,0.0,Acima da média
447,26079593,2017,1,2,2603,26011,26,2610103,261010305,2,1,1.0,1.0,1.0,0.0,0.0,0.0,0.0,0.0,0.0,0.0,0.0,0.0,0.0,1.0,1.0,0.0,0.0,0.0,0.0,1.0,0.0,0.0,0.0,1.0,0.0,0.0,1.0,0.0,0.0,0.0,0.0,0.0,1.0,1.0,1.0,0.0,0.0,1.0,0.0,1.0,1.0,0.0,1.0,1.0,0.0,0.0,0.0,1.0,0.0,1.0,1.0,1.0,0.0,1.0,1.0,0.0,0.0,1.0,1.0,0.0,0.0,0.0,0.0,0.0,5.0,7.0,0.0,0.0,0.0,0.0,1.0,0.0,1.0,0.0,0.0,0.0,0.0,1.0,1.0,0.0,0.0,0.0,0.0,1.0,0.0,5.0,0.0,0.0,0.0,0.0,1.0,16.0,8.0,13.0,1.0,1.0,24.0,1.0,0.0,0.0,0.0,0.0,0.0,1.0,0.0,0.0,0.0,0.0,1.0,0.0,0.0,0.0,1.0,1.0,0.0,0.0,0.0,0.0,0.0,1.0,0.0,0.0,0.0,0.0,0.0,0.0,0.0,0.0,0.0,0.0,1.0,0.0,0.0,0.0,0.0,0.0,0.0,18.0,3.0,34.0,8.0,1.0,9.0,0.0,0.0,36.0,22.0,11.0,4.0,0.0,0.0,3.0,70.0,2.0,71.0,51.0,22.0,56.0,14.0,3.0,48.0,21.0,4.0,2.0,51.0,20.0,0.0,4.0,22.0,35.0,12.0,1.0,5.0,16.0,17.0,20.0,14.0,67.0,5.0,0.0,1.0,0.0,63.0,8.0,2.0,7.0,20.0,11.0,5.0,16.0,7.0,7.0,58.0,15.0,46.0,27.0,45.0,28.0,0.0,5.0,20.0,13.0,4.0,7.0,3.0,21.0,43.0,30.0,31.0,42.0,53.0,16.0,4.0,71.0,2.0,66.0,7.0,58.0,15.0,73.0,0.0,46.0,27.0,30.0,34.0,9.0,41.0,30.0,2.0,19.0,14.0,11.0,24.0,5.0,10.0,21.0,9.0,16.0,17.0,9.0,64.0,19.0,47.0,7.0,0.0,68.0,1.0,4.0,48.0,21.0,4.0,70.0,2.0,1.0,13.0,60.0,59.0,14.0,40.0,30.0,2.0,1.0,61.0,10.0,2.0,32.0,36.0,5.0,48.0,22.0,3.0,66.0,6.0,0.0,1.0,43.0,30.0,39.0,31.0,2.0,1.0,64.0,7.0,2.0,54.0,17.0,2.0,48.0,23.0,2.0,35.0,36.0,2.0,62.0,10.0,0.0,1.0,14.0,41.0,18.0,0.0,Abaixo da média
448,26148021,2017,1,2,2603,26012,26,2610202,261020205,2,1,1.0,1.0,1.0,0.0,0.0,0.0,0.0,0.0,0.0,0.0,0.0,1.0,1.0,1.0,1.0,0.0,0.0,0.0,0.0,1.0,0.0,0.0,0.0,1.0,0.0,0.0,1.0,0.0,0.0,0.0,0.0,0.0,1.0,1.0,1.0,0.0,0.0,0.0,0.0,0.0,1.0,1.0,0.0,1.0,0.0,0.0,0.0,1.0,0.0,0.0,0.0,0.0,0.0,0.0,0.0,0.0,0.0,0.0,0.0,0.0,0.0,0.0,0.0,0.0,12.0,15.0,1.0,0.0,1.0,0.0,0.0,0.0,1.0,0.0,1.0,1.0,0.0,0.0,1.0,4.0,0.0,2.0,0.0,0.0,0.0,4.0,0.0,2.0,8.0,0.0,0.0,15.0,5.0,10.0,1.0,1.0,58.0,1.0,0.0,0.0,0.0,0.0,0.0,1.0,0.0,0.0,0.0,0.0,1.0,0.0,0.0,0.0,1.0,0.0,1.0,0.0,0.0,0.0,0.0,1.0,0.0,1.0,0.0,0.0,0.0,0.0,0.0,0.0,0.0,0.0,0.0,0.0,0.0,0.0,0.0,0.0,0.0,51.0,12.0,117.0,8.0,3.0,10.0,0.0,12.0,63.0,40.0,40.0,15.0,6.0,25.0,7.0,194.0,8.0,193.0,144.0,57.0,162.0,34.0,5.0,156.0,43.0,2.0,6.0,161.0,34.0,2.0,10.0,82.0,89.0,18.0,1.0,26.0,57.0,56.0,24.0,37.0,185.0,12.0,4.0,0.0,0.0,153.0,46.0,2.0,39.0,69.0,20.0,13.0,14.0,9.0,37.0,132.0,69.0,128.0,73.0,112.0,83.0,6.0,46.0,55.0,17.0,7.0,10.0,1.0,65.0,108.0,93.0,85.0,116.0,121.0,60.0,20.0,196.0,5.0,191.0,10.0,180.0,21.0,193.0,8.0,162.0,39.0,73.0,110.0,18.0,123.0,68.0,10.0,76.0,51.0,18.0,32.0,24.0,55.0,49.0,19.0,36.0,42.0,41.0,160.0,53.0,102.0,41.0,5.0,196.0,2.0,3.0,122.0,61.0,18.0,169.0,22.0,10.0,60.0,141.0,184.0,17.0,154.0,43.0,1.0,3.0,177.0,18.0,6.0,116.0,76.0,9.0,175.0,21.0,5.0,178.0,16.0,1.0,6.0,127.0,74.0,137.0,50.0,9.0,5.0,189.0,8.0,4.0,162.0,35.0,4.0,156.0,43.0,2.0,140.0,58.0,3.0,181.0,14.0,1.0,5.0,71.0,95.0,28.0,7.0,Abaixo da média
449,26178656,2017,1,2,2603,26012,26,2610202,261020205,2,2,1.0,1.0,1.0,0.0,0.0,0.0,0.0,0.0,0.0,0.0,0.0,0.0,0.0,1.0,1.0,0.0,0.0,0.0,0.0,1.0,0.0,0.0,0.0,0.0,1.0,0.0,1.0,0.0,0.0,0.0,0.0,0.0,1.0,1.0,1.0,1.0,1.0,1.0,0.0,1.0,1.0,1.0,0.0,1.0,0.0,0.0,0.0,1.0,0.0,1.0,1.0,1.0,1.0,1.0,1.0,1.0,1.0,1.0,1.0,0.0,0.0,0.0,1.0,0.0,18.0,18.0,1.0,1.0,1.0,0.0,1.0,0.0,0.0,1.0,1.0,1.0,0.0,1.0,1.0,19.0,2.0,10.0,0.0,1.0,0.0,0.0,8.0,3.0,10.0,0.0,1.0,33.0,11.0,22.0,1.0,1.0,42.0,1.0,0.0,0.0,0.0,0.0,0.0,1.0,0.0,0.0,0.0,0.0,1.0,0.0,0.0,0.0,1.0,0.0,0.0,0.0,0.0,0.0,0.0,1.0,0.0,0.0,0.0,0.0,0.0,0.0,0.0,0.0,0.0,0.0,0.0,0.0,0.0,0.0,0.0,0.0,0.0,54.0,19.0,97.0,4.0,0.0,1.0,0.0,43.0,92.0,29.0,9.0,2.0,0.0,0.0,4.0,171.0,0.0,175.0,105.0,70.0,101.0,55.0,19.0,71.0,89.0,15.0,0.0,115.0,60.0,0.0,4.0,68.0,78.0,25.0,0.0,14.0,38.0,60.0,39.0,24.0,164.0,10.0,1.0,0.0,0.0,161.0,4.0,10.0,5.0,39.0,32.0,18.0,38.0,37.0,6.0,158.0,17.0,135.0,40.0,107.0,59.0,9.0,13.0,38.0,34.0,22.0,37.0,11.0,20.0,137.0,38.0,96.0,79.0,111.0,50.0,14.0,173.0,2.0,167.0,8.0,152.0,23.0,174.0,1.0,141.0,34.0,69.0,88.0,18.0,133.0,38.0,4.0,40.0,61.0,31.0,37.0,6.0,63.0,44.0,17.0,6.0,45.0,5.0,170.0,70.0,92.0,13.0,0.0,169.0,1.0,5.0,146.0,26.0,3.0,171.0,3.0,1.0,19.0,156.0,143.0,32.0,123.0,50.0,1.0,1.0,148.0,26.0,1.0,121.0,52.0,2.0,159.0,15.0,1.0,170.0,5.0,0.0,0.0,117.0,58.0,115.0,54.0,6.0,0.0,172.0,2.0,1.0,150.0,24.0,1.0,139.0,35.0,1.0,155.0,19.0,1.0,153.0,18.0,4.0,0.0,53.0,107.0,15.0,0.0,Acima da média
450,26079739,2017,1,2,2603,26011,26,2610301,261030105,2,1,1.0,1.0,1.0,0.0,0.0,0.0,0.0,0.0,0.0,0.0,1.0,0.0,0.0,1.0,1.0,0.0,1.0,0.0,0.0,1.0,0.0,0.0,0.0,0.0,1.0,0.0,1.0,0.0,0.0,0.0,0.0,0.0,1.0,1.0,1.0,0.0,0.0,0.0,0.0,0.0,1.0,1.0,0.0,1.0,0.0,0.0,0.0,1.0,0.0,0.0,0.0,0.0,0.0,0.0,0.0,0.0,0.0,0.0,0.0,0.0,0.0,0.0,0.0,0.0,7.0,7.0,0.0,0.0,0.0,0.0,0.0,0.0,0.0,0.0,0.0,0.0,0.0,0.0,1.0,0.0,0.0,0.0,0.0,0.0,0.0,0.0,0.0,0.0,0.0,0.0,0.0,12.0,2.0,10.0,1.0,1.0,24.0,1.0,0.0,0.0,0.0,0.0,0.0,1.0,0.0,0.0,0.0,0.0,1.0,0.0,0.0,0.0,1.0,1.0,0.0,0.0,0.0,0.0,0.0,1.0,0.0,0.0,0.0,0.0,0.0,0.0,0.0,0.0,0.0,0.0,1.0,0.0,0.0,0.0,0.0,0.0,0.0,28.0,2.0,55.0,7.0,0.0,5.0,0.0,0.0,34.0,31.0,24.0,4.0,4.0,0.0,3.0,94.0,3.0,94.0,67.0,30.0,70.0,24.0,3.0,70.0,22.0,5.0,4.0,84.0,9.0,0.0,5.0,45.0,38.0,9.0,0.0,3.0,20.0,32.0,26.0,16.0,93.0,4.0,0.0,0.0,0.0,92.0,4.0,1.0,5.0,44.0,15.0,11.0,15.0,5.0,2.0,80.0,17.0,71.0,26.0,69.0,27.0,1.0,11.0,48.0,16.0,5.0,6.0,2.0,9.0,63.0,34.0,49.0,48.0,49.0,35.0,13.0,93.0,4.0,83.0,14.0,75.0,22.0,95.0,2.0,66.0,31.0,33.0,52.0,12.0,70.0,22.0,5.0,22.0,29.0,19.0,18.0,9.0,38.0,19.0,4.0,8.0,28.0,19.0,78.0,17.0,62.0,16.0,2.0,96.0,0.0,1.0,54.0,33.0,10.0,87.0,8.0,2.0,18.0,79.0,76.0,21.0,38.0,40.0,6.0,13.0,66.0,15.0,16.0,47.0,33.0,17.0,61.0,18.0,18.0,71.0,8.0,1.0,17.0,58.0,39.0,39.0,31.0,15.0,12.0,73.0,10.0,14.0,57.0,28.0,12.0,40.0,41.0,16.0,46.0,39.0,12.0,63.0,18.0,3.0,13.0,6.0,11.0,21.0,59.0,Abaixo da média
451,26010151,2017,1,2,2601,26002,26,2610400,261040005,2,1,1.0,1.0,1.0,0.0,0.0,0.0,0.0,0.0,0.0,0.0,0.0,0.0,0.0,1.0,1.0,0.0,0.0,0.0,0.0,1.0,0.0,0.0,0.0,1.0,0.0,0.0,1.0,0.0,0.0,0.0,0.0,0.0,1.0,1.0,1.0,1.0,0.0,1.0,0.0,1.0,1.0,1.0,0.0,1.0,0.0,0.0,0.0,1.0,0.0,1.0,0.0,1.0,1.0,1.0,1.0,1.0,1.0,0.0,1.0,0.0,0.0,0.0,0.0,0.0,15.0,15.0,1.0,0.0,0.0,0.0,0.0,1.0,1.0,1.0,0.0,0.0,0.0,0.0,1.0,1.0,0.0,0.0,0.0,0.0,7.0,3.0,2.0,0.0,0.0,0.0,0.0,6.0,3.0,5.0,1.0,1.0,23.0,1.0,0.0,0.0,0.0,0.0,0.0,1.0,0.0,0.0,0.0,0.0,1.0,0.0,0.0,0.0,1.0,0.0,0.0,0.0,0.0,0.0,0.0,1.0,0.0,0.0,0.0,0.0,0.0,0.0,0.0,0.0,0.0,0.0,0.0,0.0,0.0,0.0,0.0,0.0,0.0,22.0,4.0,69.0,1.0,0.0,4.0,1.0,3.0,70.0,20.0,6.0,0.0,0.0,0.0,4.0,96.0,1.0,99.0,61.0,39.0,68.0,28.0,4.0,63.0,35.0,2.0,1.0,73.0,26.0,0.0,2.0,44.0,42.0,12.0,0.0,4.0,25.0,34.0,22.0,15.0,88.0,9.0,2.0,1.0,0.0,87.0,7.0,6.0,2.0,16.0,9.0,8.0,33.0,19.0,13.0,95.0,5.0,76.0,24.0,59.0,35.0,6.0,5.0,16.0,19.0,8.0,22.0,7.0,23.0,82.0,18.0,59.0,41.0,67.0,29.0,4.0,100.0,0.0,94.0,6.0,95.0,5.0,98.0,2.0,78.0,22.0,39.0,51.0,10.0,62.0,34.0,4.0,17.0,35.0,24.0,18.0,6.0,49.0,17.0,5.0,5.0,24.0,2.0,98.0,32.0,53.0,13.0,2.0,92.0,0.0,8.0,83.0,15.0,2.0,96.0,4.0,0.0,31.0,69.0,88.0,12.0,74.0,22.0,2.0,2.0,95.0,5.0,0.0,63.0,35.0,2.0,93.0,6.0,1.0,97.0,1.0,0.0,2.0,73.0,27.0,64.0,32.0,2.0,2.0,98.0,1.0,1.0,69.0,30.0,1.0,77.0,22.0,1.0,82.0,14.0,4.0,93.0,4.0,0.0,3.0,25.0,65.0,10.0,0.0,Acima da média
452,26010348,2017,1,2,2601,26002,26,2610400,261040005,2,1,1.0,1.0,3.0,0.0,0.0,0.0,0.0,0.0,0.0,0.0,1.0,0.0,0.0,1.0,1.0,0.0,0.0,0.0,0.0,1.0,0.0,0.0,0.0,1.0,0.0,0.0,1.0,0.0,0.0,0.0,0.0,0.0,1.0,1.0,1.0,0.0,0.0,0.0,1.0,1.0,1.0,1.0,0.0,1.0,0.0,0.0,0.0,1.0,0.0,0.0,0.0,1.0,0.0,0.0,1.0,1.0,0.0,1.0,0.0,0.0,0.0,1.0,0.0,0.0,11.0,15.0,1.0,0.0,1.0,0.0,1.0,0.0,1.0,1.0,1.0,1.0,0.0,1.0,1.0,4.0,0.0,6.0,0.0,1.0,0.0,3.0,3.0,2.0,11.0,0.0,2.0,47.0,8.0,39.0,1.0,0.0,46.0,1.0,0.0,1.0,0.0,0.0,0.0,1.0,0.0,0.0,0.0,0.0,1.0,0.0,0.0,0.0,1.0,0.0,0.0,0.0,0.0,0.0,1.0,1.0,0.0,0.0,0.0,0.0,0.0,0.0,0.0,0.0,0.0,0.0,0.0,0.0,0.0,0.0,0.0,0.0,0.0,38.0,18.0,124.0,5.0,3.0,9.0,1.0,10.0,91.0,39.0,21.0,9.0,5.0,21.0,20.0,177.0,11.0,186.0,132.0,65.0,152.0,41.0,4.0,161.0,28.0,8.0,12.0,169.0,16.0,0.0,19.0,110.0,49.0,19.0,4.0,20.0,29.0,40.0,54.0,50.0,179.0,14.0,3.0,1.0,0.0,162.0,33.0,2.0,17.0,74.0,23.0,23.0,21.0,11.0,28.0,167.0,30.0,153.0,44.0,126.0,68.0,3.0,34.0,63.0,24.0,4.0,12.0,2.0,58.0,131.0,66.0,105.0,92.0,102.0,72.0,23.0,193.0,4.0,188.0,9.0,185.0,12.0,195.0,2.0,147.0,50.0,51.0,128.0,18.0,107.0,69.0,21.0,64.0,55.0,22.0,35.0,21.0,64.0,51.0,16.0,30.0,36.0,19.0,178.0,24.0,76.0,89.0,8.0,186.0,2.0,9.0,130.0,49.0,18.0,168.0,22.0,7.0,88.0,109.0,165.0,32.0,136.0,50.0,9.0,2.0,157.0,31.0,9.0,105.0,82.0,10.0,137.0,55.0,5.0,165.0,26.0,2.0,4.0,149.0,48.0,123.0,66.0,5.0,3.0,189.0,5.0,3.0,128.0,66.0,3.0,130.0,65.0,2.0,98.0,94.0,5.0,174.0,20.0,0.0,3.0,31.0,113.0,52.0,1.0,Abaixo da média
454,26070782,2017,1,2,2603,26010,26,2610509,261050905,2,1,1.0,1.0,1.0,0.0,0.0,0.0,0.0,0.0,0.0,0.0,0.0,0.0,0.0,1.0,1.0,0.0,0.0,0.0,0.0,1.0,0.0,0.0,0.0,0.0,1.0,0.0,1.0,0.0,0.0,0.0,0.0,0.0,1.0,1.0,1.0,1.0,1.0,0.0,1.0,1.0,0.0,1.0,0.0,1.0,0.0,0.0,0.0,1.0,0.0,1.0,0.0,0.0,0.0,0.0,0.0,0.0,0.0,0.0,0.0,0.0,0.0,0.0,0.0,0.0,12.0,12.0,1.0,0.0,1.0,1.0,1.0,0.0,1.0,0.0,1.0,1.0,0.0,1.0,1.0,14.0,0.0,10.0,1.0,5.0,0.0,3.0,0.0,4.0,14.0,0.0,1.0,10.0,3.0,9.0,1.0,1.0,59.0,1.0,0.0,1.0,0.0,0.0,0.0,1.0,0.0,0.0,0.0,0.0,1.0,0.0,0.0,1.0,1.0,0.0,0.0,0.0,0.0,0.0,1.0,1.0,0.0,0.0,0.0,0.0,1.0,0.0,0.0,0.0,0.0,0.0,0.0,0.0,0.0,0.0,0.0,0.0,0.0,35.0,9.0,77.0,4.0,0.0,7.0,0.0,10.0,59.0,35.0,15.0,6.0,3.0,4.0,9.0,123.0,5.0,127.0,98.0,34.0,94.0,35.0,3.0,92.0,38.0,2.0,2.0,117.0,13.0,1.0,11.0,79.0,37.0,4.0,2.0,12.0,30.0,43.0,30.0,15.0,122.0,9.0,1.0,0.0,0.0,102.0,20.0,10.0,6.0,47.0,26.0,5.0,24.0,6.0,18.0,106.0,26.0,92.0,40.0,87.0,39.0,6.0,12.0,49.0,22.0,7.0,14.0,1.0,27.0,87.0,45.0,72.0,60.0,92.0,32.0,8.0,129.0,3.0,123.0,9.0,124.0,8.0,131.0,1.0,96.0,36.0,54.0,66.0,12.0,96.0,30.0,6.0,46.0,30.0,16.0,29.0,11.0,31.0,43.0,25.0,21.0,12.0,9.0,123.0,42.0,76.0,13.0,1.0,124.0,3.0,5.0,95.0,27.0,10.0,123.0,9.0,0.0,39.0,93.0,121.0,11.0,88.0,42.0,1.0,1.0,123.0,9.0,0.0,86.0,46.0,0.0,115.0,17.0,0.0,106.0,23.0,2.0,1.0,84.0,48.0,76.0,50.0,6.0,0.0,125.0,7.0,0.0,117.0,15.0,0.0,95.0,36.0,1.0,101.0,31.0,0.0,121.0,9.0,2.0,0.0,20.0,81.0,29.0,2.0,Abaixo da média
455,26070880,2017,1,2,2603,26010,26,2610509,261050905,2,1,1.0,1.0,1.0,0.0,0.0,0.0,0.0,0.0,0.0,0.0,0.0,0.0,0.0,0.0,1.0,0.0,0.0,0.0,0.0,1.0,0.0,0.0,0.0,0.0,1.0,0.0,1.0,0.0,0.0,0.0,0.0,0.0,1.0,1.0,1.0,0.0,1.0,0.0,1.0,1.0,1.0,1.0,0.0,1.0,0.0,0.0,0.0,1.0,0.0,1.0,0.0,0.0,0.0,0.0,0.0,0.0,0.0,0.0,0.0,0.0,0.0,0.0,0.0,0.0,12.0,9.0,1.0,0.0,1.0,0.0,0.0,1.0,1.0,1.0,1.0,1.0,0.0,1.0,1.0,2.0,0.0,1.0,0.0,0.0,3.0,3.0,1.0,1.0,3.0,0.0,2.0,9.0,2.0,7.0,1.0,1.0,34.0,1.0,0.0,0.0,0.0,0.0,0.0,1.0,0.0,0.0,0.0,0.0,1.0,0.0,0.0,0.0,1.0,0.0,0.0,0.0,0.0,0.0,0.0,1.0,0.0,0.0,0.0,0.0,0.0,0.0,0.0,0.0,0.0,0.0,0.0,0.0,0.0,0.0,0.0,0.0,0.0,20.0,13.0,68.0,5.0,1.0,1.0,0.0,15.0,67.0,24.0,2.0,0.0,0.0,0.0,0.0,108.0,2.0,106.0,76.0,32.0,85.0,22.0,1.0,59.0,45.0,4.0,0.0,85.0,23.0,0.0,4.0,56.0,39.0,9.0,0.0,9.0,31.0,33.0,21.0,14.0,102.0,4.0,1.0,1.0,0.0,96.0,8.0,4.0,3.0,21.0,22.0,16.0,26.0,15.0,5.0,100.0,8.0,84.0,24.0,71.0,33.0,4.0,12.0,20.0,24.0,19.0,18.0,4.0,11.0,88.0,20.0,59.0,49.0,85.0,21.0,2.0,107.0,1.0,102.0,6.0,100.0,8.0,107.0,1.0,91.0,17.0,47.0,52.0,9.0,87.0,19.0,2.0,21.0,40.0,21.0,25.0,1.0,44.0,29.0,7.0,3.0,25.0,6.0,102.0,42.0,64.0,2.0,0.0,100.0,1.0,7.0,90.0,16.0,2.0,108.0,0.0,0.0,23.0,85.0,99.0,9.0,79.0,29.0,0.0,0.0,98.0,10.0,0.0,75.0,33.0,0.0,103.0,5.0,0.0,106.0,2.0,0.0,0.0,75.0,33.0,79.0,28.0,1.0,0.0,107.0,1.0,0.0,88.0,20.0,0.0,86.0,22.0,0.0,97.0,11.0,0.0,108.0,0.0,0.0,0.0,22.0,76.0,9.0,1.0,Acima da média
456,26135400,2017,1,2,2603,26010,26,2610509,261050910,2,2,1.0,1.0,3.0,0.0,0.0,0.0,0.0,0.0,0.0,0.0,0.0,0.0,0.0,1.0,0.0,1.0,0.0,0.0,0.0,1.0,0.0,0.0,0.0,0.0,1.0,0.0,1.0,0.0,0.0,0.0,0.0,0.0,1.0,1.0,1.0,0.0,0.0,1.0,0.0,1.0,1.0,1.0,0.0,1.0,0.0,0.0,0.0,1.0,0.0,0.0,0.0,0.0,0.0,0.0,0.0,0.0,0.0,0.0,0.0,0.0,0.0,0.0,0.0,0.0,11.0,8.0,0.0,0.0,0.0,0.0,0.0,0.0,1.0,0.0,1.0,1.0,0.0,1.0,1.0,0.0,0.0,0.0,0.0,0.0,0.0,3.0,0.0,2.0,2.0,0.0,1.0,15.0,2.0,11.0,1.0,1.0,36.0,1.0,0.0,0.0,0.0,0.0,0.0,1.0,0.0,0.0,0.0,1.0,1.0,0.0,0.0,0.0,1.0,1.0,1.0,0.0,0.0,0.0,0.0,1.0,0.0,0.0,0.0,0.0,0.0,0.0,0.0,0.0,0.0,1.0,1.0,1.0,0.0,0.0,0.0,0.0,0.0,19.0,5.0,48.0,8.0,2.0,6.0,1.0,18.0,31.0,20.0,11.0,1.0,1.0,5.0,2.0,86.0,2.0,86.0,69.0,19.0,59.0,25.0,4.0,61.0,26.0,1.0,0.0,68.0,20.0,1.0,1.0,45.0,31.0,10.0,1.0,13.0,20.0,20.0,26.0,8.0,81.0,5.0,2.0,0.0,0.0,66.0,20.0,2.0,17.0,30.0,16.0,8.0,4.0,2.0,11.0,66.0,22.0,55.0,33.0,44.0,37.0,7.0,20.0,26.0,14.0,7.0,4.0,1.0,16.0,53.0,35.0,38.0,50.0,70.0,12.0,6.0,87.0,1.0,82.0,6.0,78.0,10.0,87.0,1.0,71.0,17.0,29.0,47.0,12.0,57.0,23.0,8.0,26.0,24.0,11.0,26.0,1.0,23.0,30.0,12.0,16.0,7.0,15.0,73.0,28.0,55.0,4.0,1.0,83.0,0.0,5.0,49.0,31.0,8.0,76.0,8.0,4.0,28.0,60.0,80.0,8.0,65.0,19.0,2.0,2.0,70.0,11.0,7.0,49.0,31.0,8.0,68.0,14.0,6.0,73.0,12.0,2.0,1.0,55.0,33.0,51.0,33.0,4.0,0.0,82.0,3.0,3.0,62.0,22.0,4.0,62.0,24.0,2.0,60.0,26.0,2.0,75.0,11.0,1.0,1.0,31.0,45.0,11.0,1.0,Abaixo da média
457,26091259,2017,1,2,2604,26013,26,2610608,261060805,2,1,1.0,1.0,1.0,0.0,0.0,0.0,0.0,0.0,0.0,0.0,0.0,0.0,0.0,1.0,1.0,0.0,0.0,0.0,0.0,1.0,0.0,0.0,0.0,0.0,1.0,0.0,1.0,0.0,0.0,0.0,0.0,0.0,1.0,1.0,1.0,1.0,1.0,1.0,0.0,1.0,1.0,1.0,1.0,1.0,0.0,0.0,0.0,1.0,0.0,1.0,1.0,1.0,1.0,1.0,1.0,0.0,1.0,1.0,1.0,0.0,0.0,1.0,0.0,0.0,9.0,9.0,1.0,0.0,1.0,0.0,1.0,0.0,1.0,1.0,1.0,1.0,0.0,0.0,1.0,5.0,0.0,1.0,0.0,1.0,0.0,1.0,1.0,2.0,6.0,0.0,0.0,22.0,11.0,17.0,1.0,1.0,51.0,1.0,1.0,1.0,0.0,0.0,0.0,1.0,0.0,0.0,1.0,0.0,1.0,0.0,0.0,0.0,1.0,0.0,0.0,0.0,0.0,0.0,0.0,1.0,0.0,0.0,0.0,0.0,0.0,0.0,0.0,0.0,0.0,0.0,0.0,0.0,0.0,0.0,0.0,0.0,0.0,17.0,15.0,82.0,3.0,0.0,7.0,0.0,7.0,63.0,36.0,12.0,6.0,0.0,0.0,5.0,119.0,0.0,124.0,65.0,59.0,93.0,31.0,0.0,70.0,48.0,6.0,0.0,98.0,26.0,0.0,4.0,71.0,45.0,4.0,0.0,9.0,27.0,47.0,23.0,18.0,113.0,10.0,1.0,0.0,0.0,113.0,9.0,2.0,4.0,26.0,26.0,15.0,32.0,11.0,10.0,111.0,13.0,100.0,24.0,76.0,44.0,4.0,4.0,30.0,26.0,10.0,29.0,2.0,23.0,105.0,19.0,64.0,60.0,81.0,40.0,3.0,124.0,0.0,121.0,3.0,111.0,13.0,123.0,1.0,95.0,29.0,45.0,69.0,10.0,86.0,37.0,1.0,30.0,45.0,24.0,20.0,5.0,53.0,41.0,7.0,5.0,18.0,6.0,118.0,25.0,92.0,7.0,0.0,117.0,2.0,5.0,70.0,38.0,16.0,124.0,0.0,0.0,26.0,98.0,109.0,15.0,67.0,53.0,3.0,1.0,108.0,12.0,4.0,72.0,49.0,3.0,110.0,12.0,2.0,108.0,14.0,1.0,1.0,98.0,26.0,72.0,45.0,5.0,2.0,118.0,3.0,3.0,105.0,16.0,3.0,86.0,35.0,3.0,107.0,14.0,3.0,113.0,6.0,1.0,4.0,48.0,69.0,7.0,0.0,Acima da média
458,26091267,2017,1,2,2604,26013,26,2610608,261060805,2,1,1.0,1.0,1.0,0.0,0.0,0.0,0.0,0.0,0.0,0.0,0.0,0.0,0.0,1.0,1.0,0.0,0.0,0.0,0.0,1.0,0.0,0.0,0.0,1.0,0.0,0.0,1.0,0.0,0.0,0.0,0.0,0.0,1.0,1.0,0.0,0.0,1.0,0.0,0.0,0.0,1.0,1.0,0.0,1.0,0.0,0.0,0.0,1.0,0.0,1.0,1.0,1.0,0.0,0.0,1.0,0.0,0.0,1.0,0.0,0.0,0.0,0.0,0.0,0.0,9.0,9.0,1.0,0.0,1.0,0.0,0.0,1.0,0.0,1.0,1.0,1.0,0.0,1.0,1.0,5.0,0.0,2.0,0.0,0.0,2.0,0.0,5.0,1.0,8.0,0.0,1.0,6.0,6.0,0.0,1.0,1.0,50.0,1.0,1.0,0.0,0.0,0.0,0.0,1.0,0.0,0.0,0.0,0.0,1.0,0.0,0.0,0.0,1.0,1.0,0.0,0.0,0.0,0.0,0.0,1.0,0.0,0.0,0.0,0.0,0.0,0.0,0.0,0.0,0.0,0.0,1.0,0.0,0.0,0.0,0.0,0.0,0.0,38.0,23.0,115.0,8.0,3.0,16.0,0.0,5.0,76.0,63.0,27.0,13.0,8.0,11.0,11.0,192.0,4.0,199.0,106.0,97.0,159.0,36.0,8.0,119.0,79.0,5.0,4.0,162.0,37.0,3.0,12.0,95.0,77.0,16.0,0.0,19.0,42.0,62.0,37.0,43.0,168.0,28.0,6.0,0.0,1.0,169.0,30.0,4.0,8.0,48.0,37.0,23.0,59.0,7.0,21.0,174.0,29.0,162.0,41.0,109.0,83.0,11.0,20.0,46.0,35.0,18.0,31.0,5.0,48.0,155.0,48.0,125.0,78.0,91.0,76.0,36.0,195.0,8.0,187.0,16.0,182.0,21.0,195.0,8.0,147.0,56.0,71.0,104.0,28.0,134.0,55.0,14.0,50.0,53.0,34.0,47.0,19.0,56.0,69.0,22.0,27.0,29.0,31.0,172.0,52.0,123.0,19.0,9.0,173.0,10.0,20.0,100.0,68.0,35.0,188.0,10.0,5.0,40.0,163.0,166.0,37.0,132.0,63.0,6.0,2.0,167.0,31.0,5.0,118.0,79.0,6.0,170.0,27.0,6.0,186.0,9.0,2.0,6.0,125.0,78.0,110.0,76.0,9.0,8.0,186.0,13.0,4.0,148.0,49.0,6.0,140.0,58.0,5.0,147.0,52.0,4.0,169.0,25.0,2.0,7.0,34.0,90.0,75.0,4.0,Abaixo da média
459,26091291,2017,1,2,2604,26013,26,2610608,261060805,2,1,1.0,1.0,1.0,0.0,0.0,0.0,0.0,0.0,0.0,0.0,0.0,0.0,0.0,0.0,1.0,0.0,0.0,0.0,0.0,1.0,0.0,0.0,0.0,0.0,1.0,0.0,1.0,0.0,0.0,0.0,0.0,0.0,1.0,1.0,1.0,1.0,0.0,0.0,0.0,0.0,1.0,1.0,0.0,1.0,0.0,0.0,0.0,1.0,0.0,1.0,0.0,1.0,0.0,0.0,0.0,0.0,0.0,0.0,0.0,0.0,0.0,0.0,0.0,0.0,10.0,8.0,1.0,0.0,1.0,0.0,0.0,1.0,1.0,0.0,1.0,1.0,0.0,1.0,1.0,2.0,0.0,4.0,0.0,0.0,1.0,3.0,0.0,4.0,6.0,0.0,5.0,13.0,3.0,10.0,1.0,1.0,42.0,1.0,0.0,0.0,0.0,0.0,0.0,1.0,0.0,0.0,0.0,0.0,1.0,0.0,0.0,0.0,1.0,1.0,0.0,0.0,0.0,0.0,0.0,1.0,0.0,0.0,0.0,0.0,0.0,0.0,0.0,0.0,0.0,1.0,1.0,0.0,0.0,0.0,0.0,0.0,0.0,3.0,2.0,11.0,1.0,0.0,1.0,0.0,2.0,12.0,4.0,0.0,0.0,0.0,0.0,0.0,18.0,0.0,18.0,10.0,8.0,15.0,3.0,0.0,9.0,8.0,1.0,0.0,13.0,5.0,0.0,1.0,9.0,8.0,0.0,0.0,1.0,2.0,3.0,7.0,5.0,17.0,1.0,0.0,0.0,0.0,16.0,0.0,2.0,2.0,3.0,2.0,5.0,4.0,0.0,2.0,15.0,3.0,15.0,3.0,11.0,6.0,1.0,1.0,4.0,4.0,2.0,3.0,0.0,4.0,13.0,5.0,8.0,10.0,15.0,3.0,0.0,18.0,0.0,17.0,1.0,18.0,0.0,18.0,0.0,16.0,2.0,6.0,11.0,1.0,12.0,5.0,1.0,0.0,6.0,2.0,9.0,1.0,11.0,5.0,1.0,1.0,0.0,2.0,16.0,4.0,10.0,4.0,0.0,17.0,0.0,1.0,16.0,2.0,0.0,18.0,0.0,0.0,3.0,15.0,18.0,0.0,15.0,3.0,0.0,0.0,15.0,3.0,0.0,11.0,7.0,0.0,18.0,0.0,0.0,18.0,0.0,0.0,0.0,11.0,7.0,8.0,9.0,0.0,1.0,18.0,0.0,0.0,15.0,3.0,0.0,10.0,7.0,1.0,13.0,4.0,1.0,17.0,0.0,0.0,1.0,10.0,7.0,1.0,0.0,Acima da média
460,26091542,2017,1,2,2604,26013,26,2610608,261060805,2,1,1.0,1.0,1.0,0.0,0.0,0.0,0.0,0.0,0.0,0.0,0.0,0.0,0.0,1.0,1.0,0.0,0.0,0.0,0.0,1.0,0.0,0.0,0.0,1.0,0.0,0.0,1.0,0.0,0.0,0.0,0.0,0.0,1.0,1.0,0.0,0.0,0.0,0.0,0.0,0.0,1.0,1.0,0.0,1.0,0.0,0.0,0.0,1.0,0.0,0.0,0.0,1.0,1.0,0.0,1.0,0.0,0.0,0.0,1.0,0.0,0.0,0.0,0.0,0.0,10.0,10.0,0.0,0.0,1.0,0.0,0.0,0.0,0.0,1.0,1.0,1.0,0.0,1.0,1.0,0.0,0.0,1.0,0.0,0.0,0.0,0.0,3.0,1.0,2.0,0.0,1.0,3.0,3.0,0.0,1.0,1.0,64.0,1.0,0.0,0.0,0.0,0.0,0.0,1.0,0.0,0.0,1.0,0.0,1.0,0.0,0.0,0.0,1.0,1.0,1.0,0.0,0.0,0.0,1.0,1.0,0.0,1.0,0.0,0.0,0.0,0.0,0.0,0.0,0.0,1.0,1.0,0.0,0.0,0.0,0.0,0.0,0.0,13.0,5.0,35.0,1.0,2.0,6.0,0.0,2.0,22.0,23.0,11.0,3.0,1.0,0.0,5.0,57.0,3.0,59.0,38.0,24.0,51.0,11.0,0.0,45.0,14.0,3.0,1.0,54.0,7.0,0.0,4.0,29.0,21.0,8.0,0.0,3.0,12.0,18.0,8.0,21.0,54.0,8.0,0.0,0.0,0.0,53.0,8.0,1.0,6.0,14.0,12.0,10.0,8.0,1.0,11.0,48.0,14.0,47.0,15.0,34.0,22.0,6.0,4.0,10.0,9.0,6.0,8.0,1.0,24.0,46.0,16.0,43.0,19.0,30.0,27.0,5.0,60.0,2.0,61.0,1.0,59.0,3.0,61.0,1.0,50.0,12.0,26.0,31.0,5.0,48.0,13.0,1.0,26.0,17.0,5.0,11.0,3.0,16.0,24.0,7.0,7.0,8.0,4.0,58.0,9.0,40.0,6.0,7.0,59.0,0.0,3.0,28.0,27.0,7.0,55.0,5.0,2.0,18.0,44.0,56.0,6.0,40.0,20.0,1.0,1.0,53.0,6.0,3.0,39.0,20.0,3.0,54.0,7.0,1.0,54.0,6.0,0.0,2.0,47.0,15.0,34.0,22.0,4.0,2.0,58.0,2.0,2.0,45.0,15.0,2.0,43.0,16.0,3.0,47.0,13.0,2.0,56.0,3.0,0.0,3.0,13.0,36.0,13.0,0.0,Abaixo da média
461,26169975,2017,1,2,2604,26013,26,2610608,261060805,2,2,1.0,1.0,3.0,0.0,0.0,0.0,0.0,0.0,0.0,0.0,0.0,0.0,0.0,0.0,0.0,0.0,1.0,0.0,0.0,1.0,0.0,0.0,0.0,0.0,1.0,0.0,1.0,0.0,0.0,0.0,0.0,0.0,1.0,1.0,0.0,0.0,1.0,0.0,0.0,0.0,1.0,1.0,0.0,1.0,0.0,0.0,0.0,1.0,0.0,0.0,0.0,1.0,0.0,0.0,1.0,1.0,0.0,1.0,0.0,0.0,0.0,1.0,0.0,0.0,8.0,8.0,1.0,0.0,0.0,0.0,0.0,1.0,1.0,1.0,1.0,1.0,0.0,0.0,1.0,1.0,0.0,0.0,0.0,0.0,1.0,3.0,2.0,1.0,2.0,0.0,0.0,23.0,4.0,0.0,1.0,0.0,44.0,1.0,1.0,0.0,0.0,0.0,0.0,1.0,0.0,0.0,0.0,0.0,1.0,0.0,0.0,0.0,1.0,1.0,0.0,0.0,0.0,0.0,1.0,1.0,0.0,0.0,0.0,0.0,0.0,0.0,0.0,0.0,0.0,1.0,1.0,0.0,0.0,0.0,0.0,0.0,0.0,9.0,5.0,25.0,1.0,1.0,6.0,0.0,5.0,23.0,11.0,6.0,1.0,1.0,0.0,1.0,46.0,0.0,47.0,23.0,24.0,29.0,14.0,4.0,33.0,14.0,0.0,0.0,35.0,12.0,0.0,2.0,23.0,20.0,2.0,0.0,5.0,12.0,17.0,6.0,7.0,44.0,3.0,0.0,0.0,0.0,43.0,3.0,1.0,3.0,9.0,9.0,8.0,8.0,3.0,7.0,36.0,11.0,31.0,16.0,28.0,17.0,2.0,4.0,13.0,4.0,4.0,9.0,1.0,12.0,32.0,15.0,24.0,23.0,17.0,24.0,6.0,46.0,1.0,44.0,3.0,42.0,5.0,44.0,3.0,33.0,14.0,14.0,26.0,7.0,27.0,20.0,0.0,9.0,13.0,12.0,8.0,5.0,17.0,14.0,3.0,5.0,8.0,5.0,42.0,10.0,30.0,6.0,1.0,45.0,2.0,0.0,32.0,9.0,6.0,45.0,1.0,1.0,19.0,28.0,45.0,2.0,34.0,13.0,0.0,0.0,39.0,8.0,0.0,23.0,24.0,0.0,40.0,7.0,0.0,44.0,3.0,0.0,0.0,29.0,18.0,28.0,18.0,1.0,0.0,45.0,2.0,0.0,31.0,16.0,0.0,29.0,18.0,0.0,35.0,12.0,0.0,45.0,2.0,0.0,0.0,2.0,22.0,23.0,0.0,Abaixo da média
464,26115883,2017,1,2,2605,26017,26,2610707,261070705,2,1,1.0,1.0,1.0,0.0,0.0,0.0,0.0,0.0,0.0,0.0,0.0,0.0,0.0,1.0,1.0,0.0,0.0,0.0,0.0,1.0,0.0,0.0,0.0,0.0,1.0,0.0,1.0,0.0,0.0,0.0,0.0,0.0,1.0,1.0,1.0,1.0,1.0,1.0,0.0,1.0,1.0,1.0,0.0,1.0,0.0,0.0,0.0,1.0,0.0,1.0,0.0,1.0,1.0,1.0,1.0,1.0,1.0,0.0,0.0,0.0,0.0,0.0,0.0,0.0,13.0,4.0,1.0,0.0,1.0,0.0,1.0,0.0,1.0,0.0,1.0,1.0,0.0,1.0,1.0,1.0,0.0,1.0,0.0,2.0,0.0,2.0,0.0,3.0,5.0,0.0,2.0,35.0,9.0,25.0,1.0,1.0,63.0,1.0,0.0,0.0,0.0,0.0,0.0,1.0,0.0,0.0,0.0,0.0,1.0,0.0,0.0,1.0,1.0,0.0,0.0,0.0,0.0,0.0,0.0,1.0,0.0,0.0,0.0,0.0,1.0,0.0,0.0,0.0,0.0,0.0,0.0,0.0,0.0,0.0,0.0,0.0,0.0,61.0,24.0,153.0,13.0,2.0,17.0,0.0,19.0,154.0,80.0,16.0,0.0,1.0,0.0,4.0,266.0,1.0,269.0,77.0,193.0,165.0,92.0,13.0,92.0,142.0,36.0,0.0,177.0,93.0,1.0,5.0,156.0,93.0,15.0,0.0,23.0,79.0,94.0,51.0,23.0,247.0,17.0,6.0,0.0,0.0,243.0,18.0,9.0,1.0,16.0,20.0,40.0,136.0,41.0,16.0,264.0,6.0,231.0,39.0,136.0,119.0,15.0,1.0,18.0,26.0,39.0,122.0,18.0,46.0,256.0,14.0,177.0,93.0,126.0,114.0,30.0,268.0,2.0,252.0,18.0,244.0,26.0,266.0,4.0,183.0,87.0,99.0,128.0,43.0,201.0,66.0,3.0,35.0,64.0,61.0,108.0,2.0,88.0,106.0,25.0,14.0,37.0,34.0,236.0,126.0,137.0,7.0,0.0,183.0,15.0,72.0,227.0,37.0,6.0,260.0,10.0,0.0,34.0,236.0,231.0,39.0,157.0,101.0,7.0,5.0,201.0,62.0,7.0,145.0,117.0,8.0,243.0,22.0,5.0,207.0,53.0,4.0,6.0,167.0,103.0,155.0,97.0,16.0,2.0,250.0,18.0,2.0,171.0,96.0,3.0,191.0,78.0,1.0,216.0,51.0,3.0,245.0,22.0,3.0,0.0,31.0,134.0,104.0,1.0,Acima da média
465,26115913,2017,1,2,2605,26017,26,2610707,261070705,2,1,1.0,1.0,1.0,0.0,0.0,0.0,0.0,0.0,0.0,0.0,0.0,0.0,0.0,1.0,1.0,0.0,0.0,0.0,0.0,1.0,0.0,0.0,0.0,1.0,0.0,0.0,1.0,0.0,0.0,0.0,0.0,0.0,1.0,1.0,1.0,0.0,0.0,1.0,0.0,1.0,1.0,1.0,0.0,1.0,0.0,0.0,0.0,1.0,0.0,1.0,1.0,1.0,1.0,0.0,1.0,1.0,1.0,0.0,1.0,0.0,0.0,1.0,0.0,0.0,18.0,18.0,1.0,0.0,1.0,0.0,1.0,0.0,1.0,0.0,0.0,1.0,0.0,0.0,1.0,3.0,0.0,1.0,0.0,1.0,0.0,2.0,0.0,0.0,16.0,0.0,0.0,20.0,1.0,7.0,1.0,0.0,97.0,1.0,0.0,1.0,0.0,0.0,0.0,1.0,0.0,0.0,1.0,0.0,1.0,0.0,0.0,0.0,1.0,1.0,0.0,0.0,0.0,0.0,1.0,1.0,0.0,0.0,0.0,0.0,0.0,0.0,0.0,0.0,0.0,1.0,1.0,0.0,0.0,0.0,0.0,0.0,0.0,16.0,14.0,60.0,5.0,6.0,8.0,0.0,4.0,51.0,34.0,13.0,4.0,2.0,1.0,2.0,107.0,0.0,109.0,48.0,61.0,76.0,31.0,2.0,57.0,43.0,9.0,0.0,80.0,29.0,0.0,10.0,60.0,36.0,3.0,1.0,7.0,21.0,45.0,20.0,15.0,104.0,4.0,1.0,0.0,0.0,87.0,16.0,6.0,2.0,14.0,10.0,10.0,57.0,6.0,10.0,103.0,6.0,93.0,16.0,55.0,49.0,5.0,0.0,11.0,9.0,16.0,37.0,8.0,28.0,100.0,9.0,76.0,33.0,28.0,57.0,24.0,106.0,3.0,102.0,7.0,94.0,15.0,106.0,3.0,66.0,43.0,37.0,55.0,17.0,77.0,30.0,2.0,16.0,24.0,26.0,40.0,3.0,33.0,46.0,10.0,11.0,9.0,24.0,85.0,55.0,47.0,5.0,2.0,89.0,3.0,17.0,71.0,32.0,6.0,101.0,7.0,1.0,15.0,94.0,88.0,21.0,63.0,33.0,6.0,7.0,75.0,26.0,8.0,56.0,43.0,10.0,99.0,5.0,5.0,69.0,29.0,5.0,6.0,56.0,53.0,56.0,33.0,5.0,15.0,91.0,7.0,11.0,52.0,43.0,14.0,57.0,39.0,13.0,94.0,5.0,10.0,80.0,10.0,2.0,17.0,15.0,47.0,45.0,2.0,Abaixo da média
467,26115999,2017,1,2,2605,26017,26,2610707,261070705,2,1,1.0,1.0,1.0,0.0,0.0,0.0,0.0,0.0,0.0,0.0,0.0,1.0,0.0,0.0,1.0,0.0,1.0,0.0,0.0,1.0,0.0,0.0,0.0,1.0,0.0,0.0,1.0,0.0,0.0,0.0,0.0,0.0,1.0,1.0,1.0,1.0,0.0,0.0,0.0,0.0,1.0,1.0,0.0,1.0,0.0,0.0,0.0,0.0,0.0,0.0,0.0,0.0,0.0,0.0,0.0,0.0,0.0,0.0,0.0,0.0,0.0,0.0,0.0,0.0,18.0,13.0,1.0,0.0,0.0,0.0,1.0,0.0,1.0,0.0,1.0,1.0,0.0,1.0,1.0,2.0,0.0,0.0,0.0,2.0,0.0,2.0,0.0,1.0,5.0,0.0,1.0,20.0,3.0,20.0,1.0,1.0,61.0,1.0,0.0,0.0,0.0,0.0,0.0,1.0,0.0,0.0,1.0,0.0,1.0,0.0,0.0,0.0,1.0,1.0,0.0,0.0,0.0,0.0,0.0,1.0,0.0,0.0,0.0,0.0,0.0,0.0,0.0,0.0,0.0,0.0,1.0,0.0,0.0,0.0,0.0,0.0,0.0,30.0,26.0,55.0,7.0,1.0,12.0,0.0,7.0,57.0,58.0,4.0,3.0,1.0,1.0,1.0,130.0,0.0,131.0,48.0,83.0,79.0,45.0,7.0,46.0,63.0,22.0,0.0,77.0,54.0,1.0,6.0,73.0,42.0,9.0,0.0,17.0,32.0,42.0,25.0,15.0,124.0,5.0,2.0,0.0,0.0,117.0,6.0,8.0,1.0,6.0,10.0,20.0,63.0,19.0,12.0,129.0,2.0,116.0,15.0,70.0,51.0,10.0,1.0,11.0,8.0,15.0,58.0,11.0,27.0,122.0,9.0,92.0,39.0,33.0,65.0,33.0,129.0,2.0,124.0,7.0,119.0,12.0,130.0,1.0,99.0,32.0,47.0,64.0,20.0,100.0,29.0,2.0,15.0,12.0,30.0,71.0,3.0,37.0,56.0,14.0,13.0,11.0,10.0,121.0,58.0,67.0,6.0,0.0,100.0,9.0,22.0,104.0,21.0,6.0,124.0,5.0,2.0,10.0,121.0,104.0,27.0,61.0,57.0,6.0,7.0,90.0,31.0,10.0,75.0,45.0,11.0,116.0,6.0,9.0,106.0,17.0,0.0,8.0,60.0,71.0,51.0,66.0,12.0,2.0,115.0,12.0,4.0,66.0,61.0,4.0,77.0,50.0,4.0,122.0,5.0,4.0,100.0,25.0,2.0,4.0,20.0,71.0,40.0,0.0,Acima da média
471,26116324,2017,1,2,2605,26017,26,2610707,261070705,2,1,1.0,1.0,1.0,0.0,0.0,0.0,0.0,0.0,0.0,0.0,0.0,1.0,0.0,1.0,1.0,0.0,0.0,0.0,0.0,1.0,0.0,0.0,0.0,1.0,0.0,0.0,1.0,0.0,0.0,0.0,0.0,0.0,1.0,1.0,1.0,1.0,1.0,1.0,0.0,1.0,1.0,1.0,0.0,1.0,0.0,0.0,0.0,0.0,0.0,0.0,0.0,1.0,0.0,1.0,1.0,0.0,1.0,0.0,0.0,0.0,0.0,0.0,0.0,0.0,15.0,15.0,1.0,0.0,0.0,0.0,1.0,0.0,1.0,1.0,0.0,1.0,0.0,1.0,1.0,1.0,0.0,0.0,0.0,1.0,0.0,2.0,1.0,0.0,1.0,0.0,1.0,9.0,2.0,7.0,1.0,1.0,51.0,1.0,0.0,0.0,0.0,0.0,0.0,1.0,0.0,0.0,1.0,0.0,1.0,0.0,0.0,0.0,1.0,1.0,0.0,0.0,0.0,0.0,0.0,1.0,0.0,0.0,0.0,0.0,0.0,0.0,0.0,0.0,0.0,0.0,1.0,0.0,0.0,0.0,0.0,0.0,0.0,54.0,25.0,83.0,9.0,5.0,13.0,0.0,9.0,110.0,64.0,6.0,0.0,0.0,0.0,1.0,188.0,1.0,188.0,51.0,138.0,116.0,60.0,13.0,59.0,104.0,26.0,2.0,140.0,47.0,2.0,10.0,104.0,66.0,7.0,1.0,30.0,42.0,81.0,22.0,13.0,174.0,11.0,3.0,1.0,0.0,167.0,14.0,8.0,1.0,6.0,14.0,20.0,109.0,28.0,11.0,189.0,0.0,169.0,20.0,111.0,66.0,12.0,2.0,9.0,21.0,19.0,94.0,14.0,30.0,174.0,15.0,124.0,65.0,87.0,81.0,21.0,188.0,1.0,177.0,12.0,166.0,23.0,185.0,4.0,141.0,48.0,64.0,98.0,27.0,152.0,31.0,6.0,14.0,43.0,46.0,83.0,3.0,60.0,80.0,19.0,10.0,20.0,9.0,180.0,97.0,83.0,5.0,4.0,142.0,21.0,26.0,165.0,23.0,1.0,184.0,4.0,1.0,13.0,176.0,175.0,14.0,143.0,37.0,2.0,7.0,144.0,36.0,9.0,110.0,69.0,10.0,180.0,4.0,5.0,171.0,10.0,1.0,7.0,98.0,91.0,84.0,81.0,16.0,8.0,173.0,10.0,6.0,106.0,76.0,7.0,110.0,69.0,10.0,159.0,23.0,7.0,150.0,25.0,2.0,12.0,26.0,104.0,59.0,0.0,Acima da média
473,26116367,2017,1,2,2605,26017,26,2610707,261070705,2,1,1.0,1.0,1.0,0.0,0.0,0.0,0.0,0.0,0.0,0.0,0.0,1.0,0.0,1.0,1.0,1.0,0.0,0.0,0.0,1.0,0.0,0.0,0.0,1.0,0.0,0.0,1.0,0.0,0.0,0.0,0.0,0.0,1.0,1.0,1.0,0.0,0.0,0.0,1.0,1.0,1.0,1.0,1.0,1.0,0.0,0.0,0.0,1.0,0.0,0.0,0.0,1.0,0.0,0.0,0.0,0.0,0.0,0.0,0.0,0.0,0.0,0.0,0.0,0.0,18.0,18.0,1.0,0.0,1.0,0.0,1.0,0.0,1.0,0.0,1.0,1.0,1.0,1.0,1.0,3.0,0.0,5.0,0.0,2.0,0.0,1.0,0.0,3.0,8.0,1.0,3.0,24.0,4.0,20.0,1.0,1.0,55.0,1.0,0.0,1.0,0.0,0.0,0.0,1.0,0.0,0.0,1.0,0.0,1.0,0.0,0.0,0.0,1.0,1.0,0.0,0.0,0.0,0.0,1.0,1.0,0.0,0.0,0.0,0.0,0.0,0.0,0.0,0.0,0.0,1.0,1.0,0.0,0.0,0.0,0.0,0.0,0.0,13.0,5.0,39.0,2.0,4.0,5.0,0.0,5.0,32.0,28.0,3.0,0.0,0.0,0.0,0.0,68.0,0.0,68.0,29.0,39.0,51.0,15.0,2.0,35.0,27.0,6.0,0.0,50.0,18.0,2.0,9.0,32.0,23.0,2.0,0.0,6.0,15.0,25.0,14.0,8.0,60.0,8.0,0.0,0.0,0.0,61.0,5.0,2.0,1.0,7.0,9.0,8.0,28.0,6.0,9.0,67.0,1.0,61.0,7.0,36.0,29.0,3.0,4.0,8.0,8.0,12.0,16.0,5.0,15.0,58.0,10.0,43.0,25.0,33.0,30.0,5.0,67.0,1.0,64.0,4.0,59.0,9.0,67.0,1.0,48.0,20.0,23.0,36.0,9.0,52.0,15.0,1.0,11.0,18.0,11.0,26.0,2.0,22.0,28.0,5.0,5.0,8.0,19.0,49.0,23.0,35.0,8.0,2.0,56.0,1.0,11.0,54.0,13.0,1.0,62.0,6.0,0.0,16.0,52.0,53.0,15.0,32.0,34.0,1.0,1.0,50.0,16.0,2.0,40.0,26.0,2.0,60.0,4.0,4.0,56.0,10.0,1.0,1.0,41.0,27.0,31.0,32.0,3.0,2.0,62.0,5.0,1.0,45.0,21.0,2.0,34.0,31.0,3.0,60.0,6.0,2.0,57.0,9.0,0.0,2.0,12.0,27.0,26.0,3.0,Abaixo da média
475,26116391,2017,1,2,2605,26017,26,2610707,261070705,2,1,1.0,1.0,1.0,0.0,0.0,0.0,0.0,0.0,0.0,0.0,0.0,0.0,0.0,1.0,1.0,0.0,0.0,0.0,0.0,1.0,0.0,0.0,0.0,1.0,0.0,0.0,1.0,0.0,0.0,0.0,0.0,0.0,1.0,1.0,1.0,0.0,0.0,0.0,1.0,1.0,1.0,1.0,0.0,1.0,0.0,0.0,0.0,1.0,0.0,1.0,0.0,1.0,0.0,1.0,0.0,0.0,0.0,1.0,0.0,0.0,0.0,0.0,0.0,0.0,12.0,12.0,1.0,0.0,1.0,0.0,1.0,1.0,1.0,0.0,1.0,1.0,0.0,1.0,1.0,3.0,0.0,1.0,0.0,1.0,2.0,2.0,0.0,2.0,14.0,0.0,1.0,15.0,3.0,12.0,1.0,0.0,64.0,1.0,0.0,1.0,0.0,0.0,0.0,1.0,0.0,0.0,1.0,0.0,1.0,0.0,0.0,0.0,1.0,1.0,0.0,0.0,0.0,0.0,1.0,1.0,0.0,0.0,0.0,0.0,0.0,0.0,0.0,0.0,0.0,1.0,1.0,0.0,0.0,0.0,0.0,0.0,0.0,12.0,18.0,49.0,7.0,1.0,11.0,0.0,9.0,41.0,28.0,10.0,5.0,2.0,3.0,3.0,95.0,0.0,98.0,47.0,51.0,73.0,21.0,4.0,55.0,34.0,9.0,0.0,76.0,22.0,0.0,5.0,55.0,35.0,3.0,1.0,11.0,26.0,25.0,18.0,17.0,90.0,6.0,1.0,1.0,0.0,80.0,14.0,4.0,3.0,19.0,11.0,11.0,37.0,5.0,12.0,85.0,13.0,80.0,18.0,43.0,49.0,6.0,5.0,10.0,16.0,11.0,28.0,4.0,24.0,85.0,13.0,64.0,34.0,33.0,49.0,16.0,97.0,1.0,93.0,5.0,93.0,5.0,98.0,0.0,72.0,26.0,28.0,58.0,12.0,66.0,27.0,5.0,16.0,24.0,15.0,36.0,7.0,34.0,38.0,5.0,7.0,14.0,19.0,79.0,34.0,62.0,2.0,0.0,84.0,6.0,8.0,71.0,21.0,6.0,93.0,4.0,1.0,19.0,79.0,89.0,9.0,59.0,34.0,3.0,2.0,70.0,25.0,3.0,61.0,33.0,4.0,93.0,1.0,4.0,79.0,14.0,2.0,3.0,46.0,52.0,34.0,48.0,12.0,4.0,83.0,11.0,4.0,61.0,34.0,3.0,63.0,31.0,4.0,83.0,11.0,4.0,72.0,18.0,2.0,6.0,11.0,46.0,39.0,2.0,Abaixo da média
476,26116413,2017,1,2,2605,26017,26,2610707,261070705,2,1,1.0,1.0,1.0,0.0,0.0,0.0,0.0,0.0,0.0,0.0,0.0,0.0,0.0,1.0,1.0,0.0,0.0,0.0,0.0,1.0,0.0,0.0,0.0,1.0,0.0,0.0,1.0,0.0,0.0,0.0,0.0,0.0,1.0,1.0,1.0,0.0,0.0,1.0,0.0,1.0,1.0,1.0,0.0,1.0,0.0,0.0,0.0,1.0,0.0,1.0,0.0,0.0,0.0,0.0,0.0,0.0,0.0,0.0,0.0,0.0,0.0,0.0,0.0,0.0,14.0,22.0,1.0,0.0,1.0,0.0,1.0,0.0,1.0,0.0,1.0,1.0,0.0,1.0,1.0,1.0,0.0,1.0,0.0,1.0,0.0,1.0,0.0,1.0,7.0,0.0,2.0,25.0,4.0,21.0,1.0,1.0,56.0,1.0,0.0,1.0,0.0,0.0,0.0,1.0,0.0,0.0,1.0,0.0,1.0,0.0,0.0,0.0,1.0,1.0,0.0,0.0,0.0,0.0,1.0,1.0,0.0,0.0,0.0,0.0,0.0,0.0,0.0,0.0,0.0,1.0,1.0,0.0,0.0,0.0,0.0,0.0,0.0,19.0,20.0,38.0,4.0,0.0,6.0,0.0,8.0,37.0,28.0,8.0,4.0,2.0,0.0,7.0,80.0,1.0,86.0,37.0,50.0,56.0,27.0,4.0,39.0,39.0,9.0,0.0,60.0,27.0,0.0,9.0,49.0,24.0,5.0,0.0,6.0,25.0,24.0,17.0,15.0,79.0,4.0,3.0,1.0,0.0,74.0,8.0,5.0,1.0,5.0,10.0,11.0,51.0,3.0,6.0,85.0,2.0,72.0,15.0,35.0,47.0,5.0,2.0,5.0,11.0,11.0,39.0,3.0,16.0,79.0,8.0,54.0,33.0,40.0,33.0,14.0,85.0,2.0,80.0,7.0,76.0,11.0,85.0,2.0,62.0,25.0,32.0,47.0,8.0,60.0,24.0,3.0,13.0,20.0,17.0,29.0,8.0,27.0,36.0,11.0,8.0,5.0,12.0,75.0,32.0,52.0,3.0,0.0,73.0,3.0,11.0,54.0,26.0,7.0,82.0,4.0,1.0,11.0,76.0,75.0,12.0,47.0,34.0,4.0,2.0,62.0,22.0,3.0,58.0,29.0,0.0,82.0,4.0,1.0,80.0,4.0,0.0,3.0,40.0,47.0,31.0,34.0,14.0,8.0,67.0,12.0,8.0,47.0,33.0,7.0,47.0,32.0,8.0,68.0,12.0,7.0,52.0,18.0,7.0,10.0,12.0,47.0,28.0,0.0,Abaixo da média
477,26116634,2017,1,2,2605,26017,26,2610707,261070705,2,1,1.0,1.0,1.0,0.0,0.0,0.0,0.0,0.0,0.0,0.0,0.0,0.0,0.0,1.0,1.0,0.0,0.0,0.0,0.0,1.0,0.0,0.0,0.0,1.0,0.0,0.0,1.0,0.0,0.0,0.0,0.0,0.0,1.0,1.0,1.0,1.0,0.0,0.0,0.0,0.0,1.0,1.0,0.0,1.0,0.0,0.0,0.0,1.0,0.0,1.0,0.0,0.0,0.0,0.0,0.0,0.0,0.0,0.0,0.0,0.0,0.0,0.0,0.0,0.0,24.0,19.0,1.0,0.0,1.0,1.0,1.0,1.0,1.0,0.0,1.0,1.0,0.0,1.0,1.0,4.0,0.0,4.0,1.0,1.0,1.0,3.0,0.0,3.0,12.0,0.0,2.0,15.0,5.0,10.0,1.0,1.0,63.0,1.0,0.0,0.0,0.0,0.0,0.0,1.0,0.0,0.0,0.0,0.0,1.0,0.0,0.0,0.0,1.0,0.0,0.0,0.0,0.0,0.0,0.0,1.0,0.0,0.0,0.0,0.0,0.0,0.0,0.0,0.0,0.0,0.0,0.0,0.0,0.0,0.0,0.0,0.0,0.0,4.0,7.0,12.0,2.0,2.0,3.0,0.0,5.0,11.0,10.0,2.0,2.0,0.0,0.0,1.0,29.0,0.0,30.0,11.0,19.0,24.0,6.0,0.0,18.0,9.0,3.0,0.0,24.0,6.0,0.0,1.0,20.0,8.0,1.0,0.0,2.0,6.0,16.0,5.0,1.0,24.0,5.0,1.0,0.0,0.0,25.0,4.0,1.0,1.0,7.0,4.0,3.0,13.0,2.0,0.0,28.0,2.0,26.0,4.0,12.0,17.0,1.0,1.0,5.0,3.0,6.0,7.0,1.0,7.0,26.0,4.0,19.0,11.0,7.0,15.0,8.0,29.0,1.0,28.0,2.0,27.0,3.0,29.0,1.0,23.0,7.0,15.0,14.0,1.0,22.0,7.0,1.0,5.0,8.0,6.0,11.0,0.0,14.0,10.0,2.0,3.0,1.0,3.0,27.0,11.0,18.0,1.0,0.0,29.0,0.0,1.0,20.0,7.0,3.0,29.0,1.0,0.0,9.0,21.0,28.0,2.0,11.0,16.0,1.0,2.0,21.0,7.0,2.0,17.0,8.0,5.0,26.0,2.0,2.0,23.0,5.0,0.0,2.0,17.0,13.0,9.0,17.0,4.0,0.0,24.0,4.0,2.0,18.0,10.0,2.0,18.0,11.0,1.0,21.0,8.0,1.0,24.0,4.0,1.0,1.0,4.0,18.0,7.0,1.0,Abaixo da média
478,26117010,2017,1,2,2605,26017,26,2610707,261070705,2,1,1.0,1.0,2.0,0.0,0.0,0.0,0.0,0.0,0.0,0.0,0.0,0.0,0.0,1.0,1.0,0.0,0.0,0.0,0.0,1.0,0.0,0.0,0.0,0.0,1.0,0.0,1.0,0.0,0.0,0.0,0.0,0.0,0.0,1.0,1.0,0.0,1.0,0.0,0.0,0.0,1.0,1.0,0.0,1.0,0.0,0.0,0.0,1.0,0.0,0.0,1.0,1.0,0.0,1.0,0.0,0.0,0.0,0.0,1.0,0.0,0.0,0.0,0.0,0.0,9.0,9.0,1.0,0.0,0.0,0.0,0.0,0.0,1.0,0.0,1.0,1.0,0.0,1.0,1.0,1.0,0.0,0.0,0.0,0.0,0.0,1.0,0.0,1.0,6.0,0.0,1.0,8.0,6.0,2.0,1.0,1.0,41.0,1.0,1.0,1.0,0.0,0.0,0.0,1.0,0.0,0.0,0.0,0.0,1.0,0.0,0.0,0.0,1.0,1.0,0.0,0.0,0.0,0.0,1.0,1.0,0.0,0.0,0.0,0.0,0.0,0.0,0.0,0.0,0.0,1.0,1.0,0.0,0.0,0.0,0.0,0.0,0.0,3.0,5.0,17.0,0.0,1.0,2.0,0.0,0.0,17.0,8.0,3.0,0.0,0.0,0.0,1.0,27.0,0.0,28.0,13.0,15.0,20.0,8.0,0.0,15.0,11.0,2.0,1.0,19.0,8.0,0.0,3.0,15.0,9.0,1.0,0.0,4.0,4.0,6.0,8.0,6.0,23.0,3.0,1.0,1.0,0.0,21.0,6.0,1.0,0.0,5.0,1.0,8.0,13.0,0.0,1.0,26.0,2.0,24.0,4.0,15.0,13.0,0.0,0.0,5.0,4.0,4.0,5.0,1.0,9.0,25.0,3.0,20.0,8.0,12.0,13.0,3.0,27.0,1.0,27.0,1.0,26.0,2.0,28.0,0.0,20.0,8.0,10.0,14.0,4.0,18.0,9.0,1.0,6.0,8.0,8.0,4.0,2.0,13.0,7.0,1.0,3.0,4.0,2.0,26.0,15.0,10.0,2.0,1.0,23.0,1.0,4.0,22.0,5.0,1.0,25.0,3.0,0.0,7.0,21.0,24.0,4.0,21.0,7.0,0.0,0.0,15.0,12.0,1.0,16.0,11.0,1.0,25.0,3.0,0.0,24.0,4.0,0.0,0.0,14.0,14.0,15.0,11.0,1.0,1.0,23.0,2.0,3.0,12.0,11.0,5.0,16.0,8.0,4.0,23.0,3.0,2.0,19.0,8.0,0.0,1.0,1.0,11.0,15.0,1.0,Abaixo da média
479,26117045,2017,1,2,2605,26017,26,2610707,261070705,2,1,1.0,1.0,1.0,0.0,0.0,0.0,0.0,0.0,0.0,0.0,0.0,0.0,0.0,1.0,1.0,1.0,0.0,0.0,0.0,1.0,0.0,0.0,0.0,0.0,1.0,0.0,1.0,0.0,0.0,0.0,0.0,0.0,1.0,1.0,1.0,1.0,0.0,0.0,0.0,0.0,1.0,1.0,0.0,1.0,0.0,0.0,0.0,1.0,0.0,1.0,0.0,0.0,0.0,0.0,0.0,0.0,0.0,0.0,0.0,0.0,0.0,0.0,0.0,0.0,12.0,12.0,1.0,0.0,1.0,0.0,0.0,0.0,1.0,0.0,1.0,1.0,0.0,1.0,1.0,2.0,0.0,2.0,0.0,0.0,0.0,2.0,0.0,1.0,3.0,0.0,1.0,18.0,4.0,18.0,1.0,1.0,40.0,1.0,0.0,0.0,0.0,0.0,0.0,1.0,0.0,0.0,0.0,0.0,1.0,0.0,0.0,0.0,1.0,0.0,0.0,0.0,0.0,0.0,0.0,1.0,0.0,0.0,0.0,0.0,0.0,0.0,0.0,0.0,0.0,0.0,0.0,0.0,0.0,0.0,0.0,0.0,0.0,33.0,32.0,94.0,15.0,5.0,7.0,0.0,9.0,88.0,61.0,21.0,5.0,2.0,0.0,4.0,182.0,1.0,185.0,55.0,131.0,117.0,59.0,10.0,72.0,94.0,20.0,2.0,136.0,48.0,0.0,7.0,114.0,60.0,5.0,0.0,25.0,41.0,67.0,41.0,12.0,162.0,18.0,5.0,0.0,1.0,162.0,15.0,9.0,2.0,14.0,19.0,29.0,81.0,20.0,21.0,178.0,8.0,157.0,29.0,101.0,77.0,8.0,4.0,14.0,22.0,26.0,70.0,14.0,36.0,173.0,13.0,121.0,65.0,109.0,65.0,12.0,182.0,4.0,173.0,13.0,162.0,24.0,184.0,2.0,139.0,47.0,60.0,100.0,26.0,131.0,49.0,6.0,19.0,39.0,37.0,86.0,5.0,67.0,69.0,20.0,14.0,16.0,23.0,163.0,96.0,83.0,5.0,2.0,148.0,7.0,31.0,132.0,41.0,13.0,174.0,9.0,3.0,28.0,158.0,157.0,29.0,118.0,63.0,3.0,2.0,140.0,43.0,3.0,117.0,66.0,3.0,177.0,8.0,1.0,156.0,28.0,2.0,0.0,123.0,63.0,117.0,58.0,11.0,0.0,173.0,13.0,0.0,106.0,79.0,1.0,107.0,78.0,1.0,168.0,18.0,0.0,171.0,15.0,0.0,0.0,19.0,72.0,92.0,3.0,Abaixo da média
480,26117088,2017,1,2,2605,26017,26,2610707,261070705,2,2,1.0,1.0,1.0,0.0,0.0,0.0,0.0,0.0,0.0,0.0,0.0,0.0,0.0,1.0,0.0,1.0,0.0,0.0,0.0,1.0,0.0,0.0,0.0,0.0,1.0,0.0,1.0,0.0,0.0,0.0,0.0,0.0,1.0,1.0,0.0,0.0,1.0,0.0,1.0,1.0,1.0,0.0,1.0,1.0,0.0,0.0,0.0,1.0,0.0,1.0,0.0,1.0,0.0,0.0,1.0,0.0,0.0,1.0,0.0,0.0,0.0,0.0,0.0,0.0,12.0,15.0,1.0,0.0,0.0,0.0,1.0,1.0,1.0,1.0,1.0,1.0,0.0,0.0,1.0,2.0,0.0,0.0,0.0,1.0,1.0,3.0,1.0,2.0,6.0,0.0,0.0,11.0,1.0,10.0,1.0,1.0,44.0,1.0,0.0,0.0,0.0,0.0,0.0,1.0,0.0,0.0,0.0,1.0,1.0,0.0,0.0,0.0,1.0,1.0,0.0,0.0,0.0,1.0,1.0,1.0,0.0,0.0,0.0,0.0,0.0,0.0,0.0,0.0,0.0,1.0,1.0,0.0,0.0,0.0,0.0,0.0,0.0,1.0,1.0,5.0,0.0,1.0,0.0,0.0,1.0,3.0,3.0,1.0,0.0,0.0,0.0,0.0,8.0,0.0,8.0,4.0,4.0,7.0,1.0,0.0,3.0,4.0,1.0,0.0,6.0,2.0,0.0,1.0,5.0,2.0,0.0,0.0,1.0,3.0,1.0,1.0,2.0,8.0,0.0,0.0,0.0,0.0,8.0,0.0,0.0,0.0,3.0,0.0,2.0,2.0,1.0,0.0,8.0,0.0,7.0,1.0,4.0,4.0,0.0,0.0,2.0,1.0,2.0,2.0,0.0,1.0,6.0,2.0,6.0,2.0,5.0,3.0,0.0,8.0,0.0,8.0,0.0,8.0,0.0,8.0,0.0,6.0,2.0,3.0,4.0,1.0,7.0,1.0,0.0,2.0,1.0,2.0,3.0,0.0,2.0,3.0,1.0,0.0,2.0,1.0,7.0,2.0,4.0,2.0,0.0,8.0,0.0,0.0,8.0,0.0,0.0,8.0,0.0,0.0,0.0,8.0,8.0,0.0,5.0,2.0,0.0,1.0,6.0,0.0,2.0,5.0,2.0,1.0,7.0,0.0,1.0,6.0,0.0,0.0,2.0,2.0,6.0,2.0,6.0,0.0,0.0,8.0,0.0,0.0,7.0,1.0,0.0,6.0,2.0,0.0,8.0,0.0,0.0,5.0,2.0,1.0,0.0,0.0,1.0,4.0,3.0,Abaixo da média
482,26117274,2017,1,2,2605,26017,26,2610707,261070705,2,1,1.0,1.0,1.0,0.0,0.0,0.0,0.0,0.0,0.0,0.0,0.0,0.0,0.0,1.0,1.0,0.0,0.0,0.0,0.0,1.0,0.0,0.0,0.0,1.0,0.0,0.0,1.0,0.0,0.0,0.0,0.0,0.0,1.0,1.0,1.0,1.0,0.0,0.0,0.0,0.0,1.0,1.0,0.0,1.0,0.0,0.0,0.0,1.0,0.0,0.0,0.0,0.0,0.0,0.0,0.0,0.0,0.0,0.0,0.0,0.0,0.0,0.0,0.0,0.0,15.0,21.0,1.0,1.0,1.0,0.0,0.0,1.0,1.0,0.0,1.0,1.0,0.0,1.0,1.0,5.0,1.0,3.0,0.0,0.0,2.0,4.0,0.0,2.0,14.0,0.0,1.0,29.0,5.0,21.0,1.0,0.0,55.0,1.0,0.0,1.0,0.0,0.0,0.0,1.0,0.0,0.0,1.0,0.0,1.0,0.0,0.0,0.0,1.0,0.0,0.0,0.0,0.0,0.0,1.0,1.0,0.0,0.0,0.0,0.0,0.0,0.0,0.0,0.0,0.0,0.0,0.0,0.0,0.0,0.0,0.0,0.0,0.0,8.0,8.0,17.0,3.0,0.0,1.0,0.0,1.0,18.0,12.0,5.0,1.0,0.0,0.0,1.0,36.0,0.0,37.0,16.0,21.0,26.0,10.0,1.0,22.0,12.0,3.0,0.0,32.0,5.0,1.0,4.0,19.0,12.0,1.0,0.0,3.0,13.0,13.0,4.0,4.0,34.0,3.0,0.0,0.0,0.0,32.0,3.0,2.0,0.0,2.0,7.0,7.0,14.0,3.0,4.0,36.0,1.0,32.0,5.0,16.0,18.0,3.0,0.0,3.0,2.0,5.0,19.0,1.0,7.0,35.0,2.0,24.0,13.0,7.0,19.0,11.0,37.0,0.0,33.0,4.0,34.0,3.0,37.0,0.0,26.0,11.0,12.0,17.0,8.0,28.0,7.0,2.0,4.0,5.0,6.0,18.0,4.0,12.0,14.0,3.0,4.0,4.0,3.0,34.0,19.0,17.0,0.0,1.0,25.0,3.0,9.0,19.0,14.0,4.0,34.0,1.0,2.0,3.0,34.0,23.0,14.0,21.0,11.0,3.0,2.0,24.0,8.0,5.0,20.0,12.0,5.0,30.0,2.0,5.0,24.0,9.0,1.0,3.0,21.0,16.0,20.0,13.0,2.0,2.0,30.0,5.0,2.0,14.0,20.0,3.0,22.0,13.0,2.0,24.0,12.0,1.0,33.0,2.0,0.0,2.0,0.0,12.0,24.0,1.0,Abaixo da média
483,26117290,2017,1,2,2605,26017,26,2610707,261070705,2,1,1.0,1.0,1.0,0.0,0.0,0.0,0.0,0.0,0.0,0.0,0.0,0.0,0.0,1.0,1.0,0.0,0.0,0.0,0.0,1.0,0.0,0.0,0.0,1.0,0.0,0.0,1.0,0.0,0.0,0.0,0.0,0.0,1.0,1.0,1.0,1.0,0.0,1.0,0.0,1.0,1.0,1.0,0.0,1.0,0.0,0.0,0.0,1.0,0.0,1.0,1.0,1.0,0.0,1.0,0.0,1.0,1.0,1.0,0.0,0.0,0.0,1.0,0.0,0.0,20.0,20.0,1.0,0.0,0.0,0.0,1.0,1.0,1.0,1.0,0.0,1.0,0.0,1.0,1.0,2.0,0.0,0.0,0.0,2.0,3.0,1.0,1.0,0.0,6.0,0.0,2.0,13.0,2.0,11.0,1.0,1.0,35.0,1.0,0.0,0.0,0.0,0.0,0.0,1.0,0.0,0.0,0.0,0.0,1.0,0.0,0.0,0.0,1.0,0.0,0.0,0.0,0.0,0.0,0.0,1.0,0.0,0.0,0.0,0.0,0.0,0.0,0.0,0.0,0.0,0.0,0.0,0.0,0.0,0.0,0.0,0.0,0.0,27.0,26.0,73.0,6.0,2.0,3.0,0.0,23.0,82.0,24.0,7.0,1.0,0.0,0.0,2.0,135.0,0.0,137.0,42.0,95.0,88.0,46.0,3.0,52.0,74.0,11.0,0.0,92.0,45.0,0.0,7.0,84.0,39.0,7.0,0.0,19.0,36.0,48.0,22.0,12.0,127.0,5.0,4.0,1.0,0.0,117.0,14.0,6.0,1.0,9.0,14.0,21.0,67.0,18.0,7.0,134.0,3.0,116.0,21.0,70.0,59.0,8.0,1.0,7.0,18.0,17.0,57.0,16.0,21.0,133.0,4.0,95.0,42.0,47.0,72.0,18.0,135.0,2.0,126.0,11.0,116.0,21.0,133.0,4.0,94.0,43.0,49.0,71.0,17.0,104.0,29.0,4.0,11.0,45.0,37.0,43.0,1.0,39.0,69.0,11.0,9.0,9.0,9.0,128.0,85.0,47.0,4.0,1.0,102.0,13.0,22.0,114.0,20.0,3.0,133.0,3.0,1.0,11.0,126.0,113.0,24.0,75.0,41.0,7.0,14.0,99.0,24.0,14.0,66.0,57.0,14.0,118.0,4.0,15.0,80.0,34.0,10.0,13.0,83.0,54.0,70.0,53.0,9.0,5.0,121.0,10.0,6.0,93.0,40.0,4.0,76.0,56.0,5.0,117.0,16.0,4.0,107.0,25.0,0.0,5.0,21.0,58.0,53.0,5.0,Acima da média
485,26136489,2017,1,2,2605,26017,26,2610707,261070705,2,1,1.0,1.0,1.0,0.0,0.0,0.0,0.0,0.0,0.0,0.0,0.0,0.0,0.0,1.0,1.0,0.0,0.0,0.0,0.0,1.0,0.0,0.0,0.0,1.0,0.0,0.0,1.0,0.0,0.0,0.0,0.0,0.0,1.0,1.0,1.0,0.0,0.0,0.0,1.0,1.0,1.0,1.0,0.0,1.0,0.0,0.0,0.0,1.0,0.0,1.0,0.0,1.0,1.0,1.0,1.0,1.0,0.0,0.0,0.0,0.0,0.0,0.0,0.0,0.0,12.0,10.0,1.0,0.0,1.0,0.0,1.0,0.0,1.0,1.0,1.0,1.0,0.0,1.0,1.0,4.0,0.0,4.0,0.0,1.0,0.0,3.0,3.0,2.0,4.0,0.0,3.0,24.0,8.0,16.0,1.0,1.0,30.0,1.0,0.0,0.0,0.0,0.0,0.0,1.0,0.0,0.0,1.0,0.0,1.0,0.0,0.0,0.0,1.0,1.0,0.0,0.0,0.0,0.0,0.0,1.0,0.0,0.0,0.0,0.0,0.0,0.0,0.0,0.0,0.0,0.0,1.0,0.0,0.0,0.0,0.0,0.0,0.0,15.0,10.0,36.0,2.0,3.0,5.0,0.0,3.0,30.0,27.0,9.0,2.0,0.0,0.0,0.0,71.0,0.0,71.0,20.0,51.0,49.0,20.0,2.0,36.0,27.0,8.0,0.0,52.0,19.0,1.0,2.0,42.0,22.0,4.0,0.0,8.0,16.0,22.0,19.0,6.0,66.0,1.0,4.0,0.0,0.0,60.0,7.0,4.0,0.0,4.0,7.0,12.0,38.0,6.0,4.0,69.0,2.0,62.0,9.0,29.0,37.0,5.0,0.0,3.0,6.0,7.0,35.0,4.0,16.0,69.0,2.0,41.0,30.0,23.0,38.0,10.0,71.0,0.0,68.0,3.0,65.0,6.0,71.0,0.0,54.0,17.0,28.0,30.0,13.0,55.0,13.0,3.0,12.0,18.0,14.0,24.0,3.0,23.0,31.0,7.0,3.0,7.0,6.0,65.0,37.0,31.0,3.0,0.0,56.0,3.0,12.0,45.0,23.0,3.0,67.0,4.0,0.0,7.0,64.0,64.0,7.0,45.0,21.0,1.0,4.0,50.0,17.0,4.0,36.0,29.0,6.0,62.0,4.0,5.0,58.0,9.0,0.0,4.0,45.0,26.0,41.0,26.0,3.0,1.0,66.0,4.0,1.0,41.0,29.0,1.0,54.0,16.0,1.0,63.0,7.0,1.0,65.0,5.0,0.0,1.0,13.0,45.0,13.0,0.0,Acima da média
488,26047837,2017,1,2,2603,26007,26,2610806,261080605,2,1,1.0,1.0,1.0,0.0,0.0,0.0,0.0,0.0,0.0,0.0,0.0,0.0,0.0,1.0,1.0,0.0,1.0,0.0,0.0,1.0,0.0,0.0,0.0,1.0,0.0,0.0,1.0,0.0,0.0,0.0,0.0,0.0,1.0,1.0,1.0,1.0,0.0,1.0,0.0,1.0,0.0,1.0,0.0,1.0,0.0,0.0,0.0,1.0,0.0,0.0,0.0,0.0,0.0,0.0,0.0,0.0,0.0,0.0,0.0,0.0,0.0,0.0,0.0,0.0,14.0,14.0,1.0,0.0,1.0,1.0,1.0,0.0,1.0,0.0,1.0,1.0,0.0,1.0,1.0,1.0,0.0,1.0,1.0,2.0,0.0,2.0,0.0,4.0,2.0,0.0,1.0,20.0,4.0,16.0,1.0,1.0,18.0,1.0,0.0,1.0,0.0,0.0,0.0,1.0,0.0,0.0,0.0,0.0,1.0,0.0,0.0,0.0,1.0,0.0,0.0,0.0,0.0,0.0,0.0,1.0,0.0,0.0,0.0,0.0,0.0,0.0,0.0,0.0,0.0,0.0,0.0,0.0,0.0,0.0,0.0,0.0,0.0,14.0,8.0,36.0,2.0,0.0,3.0,0.0,3.0,32.0,20.0,7.0,1.0,0.0,0.0,2.0,61.0,2.0,61.0,48.0,15.0,47.0,13.0,3.0,43.0,16.0,4.0,1.0,46.0,16.0,1.0,3.0,27.0,25.0,7.0,0.0,6.0,13.0,23.0,14.0,7.0,58.0,3.0,0.0,1.0,1.0,49.0,10.0,4.0,2.0,17.0,7.0,6.0,9.0,7.0,15.0,54.0,9.0,44.0,19.0,39.0,20.0,4.0,1.0,12.0,10.0,9.0,7.0,2.0,22.0,43.0,20.0,34.0,29.0,23.0,31.0,9.0,61.0,2.0,58.0,5.0,55.0,8.0,60.0,3.0,45.0,18.0,26.0,26.0,11.0,43.0,18.0,2.0,10.0,14.0,9.0,27.0,3.0,17.0,22.0,2.0,9.0,13.0,5.0,58.0,28.0,29.0,6.0,0.0,55.0,0.0,8.0,40.0,21.0,2.0,55.0,7.0,1.0,19.0,44.0,56.0,7.0,44.0,16.0,0.0,3.0,53.0,7.0,3.0,29.0,31.0,3.0,47.0,12.0,4.0,56.0,3.0,0.0,4.0,30.0,33.0,32.0,21.0,7.0,3.0,57.0,3.0,3.0,44.0,15.0,4.0,41.0,19.0,3.0,33.0,25.0,5.0,53.0,5.0,1.0,4.0,19.0,40.0,4.0,0.0,Abaixo da média
489,26048078,2017,1,2,2603,26007,26,2610806,261080605,2,1,1.0,1.0,1.0,0.0,0.0,0.0,0.0,0.0,0.0,0.0,0.0,1.0,0.0,1.0,1.0,0.0,0.0,0.0,0.0,1.0,0.0,0.0,0.0,1.0,0.0,0.0,1.0,0.0,0.0,0.0,0.0,0.0,1.0,1.0,1.0,0.0,0.0,0.0,1.0,1.0,1.0,1.0,0.0,1.0,0.0,0.0,0.0,1.0,0.0,0.0,0.0,0.0,0.0,0.0,0.0,0.0,0.0,0.0,0.0,0.0,0.0,0.0,0.0,0.0,14.0,20.0,1.0,0.0,1.0,0.0,1.0,0.0,1.0,0.0,1.0,1.0,0.0,0.0,1.0,3.0,0.0,2.0,0.0,1.0,0.0,3.0,0.0,5.0,6.0,0.0,0.0,18.0,4.0,14.0,1.0,0.0,55.0,1.0,0.0,1.0,0.0,0.0,0.0,1.0,0.0,0.0,1.0,0.0,1.0,0.0,0.0,1.0,1.0,1.0,0.0,0.0,0.0,0.0,1.0,1.0,0.0,0.0,0.0,0.0,0.0,0.0,0.0,0.0,0.0,0.0,1.0,0.0,1.0,0.0,0.0,0.0,0.0,14.0,5.0,42.0,4.0,0.0,5.0,0.0,2.0,13.0,20.0,15.0,7.0,5.0,8.0,6.0,64.0,1.0,69.0,43.0,27.0,49.0,20.0,1.0,58.0,9.0,3.0,2.0,58.0,10.0,0.0,4.0,31.0,29.0,6.0,0.0,6.0,19.0,10.0,16.0,19.0,64.0,3.0,3.0,0.0,0.0,53.0,14.0,3.0,8.0,24.0,13.0,2.0,10.0,1.0,12.0,51.0,19.0,43.0,27.0,36.0,32.0,2.0,17.0,18.0,0.0,5.0,2.0,2.0,26.0,36.0,34.0,24.0,46.0,26.0,30.0,14.0,65.0,5.0,59.0,11.0,57.0,13.0,63.0,7.0,45.0,25.0,24.0,40.0,6.0,47.0,19.0,4.0,26.0,17.0,7.0,12.0,8.0,16.0,17.0,6.0,15.0,16.0,17.0,53.0,26.0,29.0,12.0,3.0,68.0,1.0,1.0,39.0,19.0,12.0,57.0,10.0,3.0,31.0,39.0,59.0,11.0,38.0,21.0,4.0,7.0,48.0,15.0,7.0,30.0,32.0,8.0,49.0,13.0,8.0,49.0,11.0,2.0,8.0,36.0,34.0,34.0,20.0,7.0,9.0,59.0,6.0,5.0,36.0,26.0,8.0,33.0,28.0,9.0,33.0,27.0,10.0,59.0,3.0,1.0,7.0,20.0,39.0,11.0,0.0,Abaixo da média
490,26058430,2017,1,2,2603,26008,26,2610905,261090505,2,1,1.0,1.0,1.0,0.0,0.0,0.0,0.0,0.0,0.0,0.0,0.0,0.0,0.0,1.0,1.0,0.0,0.0,0.0,0.0,1.0,0.0,0.0,0.0,1.0,0.0,0.0,1.0,0.0,0.0,0.0,0.0,0.0,1.0,1.0,1.0,1.0,0.0,1.0,0.0,1.0,1.0,1.0,0.0,1.0,0.0,0.0,0.0,1.0,0.0,1.0,1.0,1.0,1.0,1.0,1.0,0.0,1.0,1.0,1.0,0.0,0.0,1.0,0.0,0.0,18.0,16.0,1.0,0.0,1.0,0.0,0.0,1.0,1.0,1.0,1.0,1.0,0.0,1.0,1.0,4.0,0.0,2.0,0.0,0.0,1.0,2.0,1.0,1.0,18.0,0.0,2.0,18.0,2.0,3.0,1.0,1.0,45.0,1.0,0.0,0.0,0.0,0.0,0.0,1.0,0.0,0.0,0.0,0.0,1.0,0.0,0.0,0.0,1.0,0.0,0.0,0.0,0.0,0.0,0.0,1.0,0.0,0.0,0.0,0.0,0.0,0.0,0.0,0.0,0.0,0.0,0.0,0.0,0.0,0.0,0.0,0.0,0.0,58.0,16.0,110.0,12.0,29.0,6.0,0.0,19.0,146.0,54.0,10.0,2.0,0.0,0.0,5.0,226.0,2.0,229.0,146.0,85.0,144.0,81.0,6.0,108.0,110.0,13.0,0.0,180.0,51.0,0.0,6.0,116.0,104.0,5.0,0.0,24.0,68.0,72.0,49.0,18.0,220.0,10.0,1.0,0.0,0.0,210.0,15.0,6.0,2.0,17.0,32.0,42.0,87.0,33.0,18.0,222.0,9.0,190.0,41.0,147.0,76.0,8.0,5.0,30.0,34.0,32.0,75.0,15.0,40.0,206.0,25.0,141.0,90.0,102.0,106.0,23.0,229.0,2.0,224.0,7.0,203.0,28.0,228.0,3.0,189.0,42.0,75.0,133.0,23.0,162.0,64.0,5.0,56.0,82.0,35.0,50.0,8.0,94.0,75.0,6.0,5.0,51.0,5.0,226.0,162.0,65.0,4.0,0.0,209.0,7.0,15.0,201.0,24.0,6.0,227.0,4.0,0.0,34.0,197.0,218.0,13.0,162.0,51.0,3.0,15.0,188.0,31.0,12.0,117.0,102.0,12.0,213.0,9.0,9.0,175.0,38.0,5.0,13.0,114.0,117.0,103.0,94.0,24.0,10.0,195.0,27.0,9.0,136.0,84.0,11.0,145.0,74.0,12.0,166.0,51.0,14.0,181.0,36.0,2.0,12.0,47.0,124.0,59.0,1.0,Acima da média
492,26058952,2017,1,2,2603,26008,26,2610905,261090505,2,1,1.0,1.0,1.0,0.0,0.0,0.0,0.0,0.0,0.0,0.0,0.0,0.0,0.0,0.0,1.0,0.0,0.0,0.0,0.0,1.0,0.0,0.0,0.0,1.0,0.0,0.0,1.0,0.0,0.0,0.0,0.0,0.0,1.0,1.0,1.0,0.0,0.0,0.0,0.0,0.0,1.0,1.0,0.0,1.0,0.0,0.0,0.0,1.0,0.0,0.0,0.0,0.0,0.0,0.0,0.0,0.0,0.0,0.0,0.0,0.0,0.0,0.0,0.0,0.0,9.0,9.0,1.0,0.0,1.0,0.0,1.0,0.0,1.0,1.0,1.0,1.0,0.0,1.0,1.0,1.0,0.0,3.0,0.0,2.0,0.0,2.0,3.0,3.0,10.0,0.0,1.0,13.0,6.0,10.0,1.0,1.0,29.0,1.0,0.0,1.0,0.0,0.0,0.0,1.0,0.0,0.0,0.0,0.0,1.0,0.0,0.0,0.0,1.0,1.0,0.0,0.0,0.0,0.0,1.0,1.0,0.0,0.0,0.0,0.0,0.0,0.0,0.0,0.0,0.0,1.0,1.0,0.0,0.0,0.0,0.0,0.0,0.0,5.0,1.0,5.0,2.0,0.0,2.0,0.0,0.0,7.0,4.0,1.0,1.0,0.0,2.0,3.0,12.0,3.0,12.0,8.0,7.0,11.0,3.0,1.0,8.0,6.0,1.0,0.0,11.0,4.0,0.0,1.0,5.0,8.0,1.0,0.0,0.0,3.0,3.0,5.0,4.0,13.0,2.0,0.0,0.0,0.0,11.0,2.0,2.0,2.0,2.0,4.0,2.0,2.0,0.0,3.0,12.0,3.0,12.0,3.0,8.0,7.0,0.0,4.0,3.0,0.0,1.0,2.0,2.0,3.0,8.0,7.0,8.0,7.0,7.0,5.0,3.0,13.0,2.0,13.0,2.0,13.0,2.0,13.0,2.0,9.0,6.0,6.0,8.0,1.0,9.0,5.0,1.0,7.0,2.0,2.0,2.0,2.0,2.0,6.0,1.0,1.0,5.0,4.0,11.0,8.0,5.0,1.0,1.0,15.0,0.0,0.0,10.0,5.0,0.0,12.0,3.0,0.0,5.0,10.0,15.0,0.0,10.0,4.0,0.0,1.0,11.0,4.0,0.0,9.0,6.0,0.0,13.0,1.0,1.0,13.0,1.0,0.0,1.0,11.0,4.0,9.0,4.0,1.0,1.0,15.0,0.0,0.0,10.0,5.0,0.0,11.0,4.0,0.0,8.0,6.0,1.0,14.0,0.0,0.0,1.0,3.0,9.0,3.0,0.0,Abaixo da média
493,26058960,2017,1,2,2603,26008,26,2610905,261090505,2,1,1.0,1.0,2.0,0.0,0.0,0.0,0.0,0.0,0.0,0.0,0.0,0.0,0.0,1.0,1.0,0.0,0.0,0.0,0.0,1.0,0.0,0.0,0.0,1.0,0.0,0.0,1.0,0.0,0.0,0.0,0.0,0.0,1.0,1.0,1.0,0.0,0.0,0.0,1.0,1.0,1.0,1.0,0.0,1.0,0.0,0.0,0.0,1.0,0.0,0.0,0.0,0.0,0.0,0.0,0.0,0.0,0.0,0.0,0.0,0.0,0.0,0.0,0.0,0.0,16.0,21.0,1.0,1.0,1.0,1.0,1.0,1.0,1.0,1.0,1.0,1.0,1.0,1.0,1.0,5.0,3.0,3.0,1.0,3.0,1.0,3.0,2.0,5.0,20.0,2.0,3.0,54.0,7.0,39.0,1.0,1.0,58.0,1.0,1.0,1.0,0.0,0.0,0.0,1.0,0.0,0.0,0.0,0.0,1.0,0.0,0.0,0.0,1.0,0.0,1.0,0.0,0.0,0.0,0.0,1.0,0.0,1.0,0.0,0.0,0.0,0.0,0.0,0.0,0.0,0.0,0.0,0.0,0.0,0.0,0.0,0.0,0.0,50.0,11.0,85.0,6.0,20.0,17.0,1.0,1.0,66.0,58.0,30.0,11.0,9.0,13.0,6.0,183.0,7.0,182.0,123.0,66.0,144.0,41.0,4.0,137.0,45.0,7.0,4.0,171.0,14.0,1.0,14.0,88.0,64.0,22.0,2.0,24.0,42.0,49.0,40.0,32.0,177.0,9.0,3.0,0.0,0.0,147.0,41.0,1.0,14.0,45.0,30.0,24.0,32.0,6.0,38.0,149.0,40.0,127.0,62.0,102.0,83.0,4.0,19.0,35.0,28.0,15.0,19.0,3.0,70.0,131.0,58.0,89.0,100.0,66.0,88.0,35.0,182.0,7.0,175.0,14.0,156.0,33.0,185.0,4.0,123.0,66.0,56.0,105.0,28.0,129.0,52.0,8.0,55.0,40.0,18.0,62.0,14.0,45.0,57.0,26.0,27.0,34.0,22.0,167.0,84.0,82.0,18.0,5.0,177.0,0.0,12.0,106.0,61.0,22.0,153.0,26.0,10.0,64.0,125.0,169.0,20.0,130.0,53.0,5.0,1.0,144.0,44.0,1.0,115.0,68.0,6.0,167.0,21.0,1.0,175.0,11.0,2.0,1.0,98.0,91.0,98.0,73.0,12.0,6.0,172.0,15.0,2.0,116.0,71.0,2.0,119.0,67.0,3.0,130.0,54.0,5.0,171.0,16.0,1.0,1.0,43.0,97.0,47.0,2.0,Abaixo da média
494,26059088,2017,1,2,2603,26008,26,2610905,261090505,2,1,1.0,1.0,1.0,0.0,0.0,0.0,0.0,0.0,0.0,0.0,0.0,0.0,0.0,1.0,1.0,0.0,0.0,0.0,0.0,1.0,0.0,0.0,0.0,0.0,1.0,0.0,1.0,0.0,0.0,0.0,0.0,0.0,1.0,1.0,1.0,1.0,0.0,0.0,1.0,1.0,1.0,1.0,0.0,1.0,0.0,0.0,0.0,1.0,0.0,0.0,0.0,0.0,0.0,0.0,0.0,0.0,0.0,0.0,0.0,0.0,0.0,0.0,0.0,0.0,10.0,16.0,1.0,1.0,1.0,1.0,1.0,0.0,1.0,1.0,1.0,1.0,0.0,1.0,1.0,2.0,1.0,2.0,1.0,3.0,0.0,1.0,2.0,1.0,15.0,0.0,3.0,12.0,4.0,3.0,1.0,1.0,42.0,1.0,1.0,1.0,0.0,0.0,0.0,1.0,0.0,0.0,1.0,0.0,1.0,0.0,0.0,0.0,1.0,0.0,0.0,0.0,0.0,0.0,0.0,1.0,0.0,0.0,0.0,0.0,0.0,0.0,0.0,0.0,0.0,0.0,0.0,0.0,0.0,0.0,0.0,0.0,0.0,22.0,15.0,42.0,3.0,9.0,3.0,0.0,1.0,44.0,36.0,8.0,5.0,0.0,0.0,3.0,91.0,2.0,92.0,65.0,29.0,64.0,28.0,2.0,62.0,28.0,4.0,1.0,84.0,9.0,1.0,5.0,45.0,36.0,7.0,0.0,9.0,24.0,30.0,20.0,11.0,82.0,11.0,1.0,0.0,0.0,81.0,8.0,5.0,2.0,23.0,22.0,14.0,12.0,6.0,15.0,78.0,16.0,64.0,30.0,47.0,44.0,3.0,6.0,21.0,15.0,10.0,12.0,5.0,25.0,65.0,29.0,41.0,53.0,44.0,36.0,14.0,94.0,0.0,91.0,3.0,82.0,12.0,94.0,0.0,77.0,17.0,32.0,49.0,13.0,67.0,26.0,1.0,20.0,22.0,13.0,33.0,6.0,28.0,27.0,10.0,7.0,22.0,5.0,89.0,60.0,25.0,7.0,2.0,88.0,1.0,5.0,62.0,26.0,6.0,92.0,2.0,0.0,21.0,73.0,92.0,2.0,68.0,23.0,0.0,3.0,71.0,19.0,4.0,51.0,39.0,4.0,82.0,8.0,4.0,84.0,6.0,0.0,4.0,55.0,39.0,60.0,29.0,3.0,2.0,85.0,5.0,4.0,65.0,25.0,4.0,60.0,30.0,4.0,58.0,32.0,4.0,87.0,2.0,1.0,4.0,29.0,51.0,14.0,0.0,Acima da média
495,26042037,2017,1,2,2602,26006,26,2611002,261100205,2,1,1.0,1.0,1.0,0.0,0.0,0.0,0.0,0.0,0.0,0.0,0.0,1.0,0.0,1.0,1.0,0.0,0.0,0.0,0.0,1.0,0.0,0.0,0.0,1.0,0.0,0.0,1.0,0.0,0.0,0.0,0.0,0.0,1.0,1.0,1.0,1.0,1.0,0.0,1.0,1.0,1.0,1.0,0.0,1.0,0.0,0.0,1.0,1.0,0.0,0.0,0.0,1.0,0.0,0.0,0.0,0.0,0.0,0.0,0.0,0.0,0.0,0.0,0.0,0.0,10.0,10.0,0.0,0.0,0.0,0.0,0.0,0.0,0.0,0.0,0.0,0.0,0.0,0.0,1.0,0.0,0.0,0.0,0.0,0.0,0.0,0.0,0.0,0.0,0.0,0.0,0.0,21.0,2.0,19.0,1.0,1.0,56.0,1.0,0.0,0.0,0.0,0.0,0.0,1.0,0.0,0.0,1.0,1.0,1.0,0.0,0.0,0.0,1.0,1.0,1.0,0.0,0.0,0.0,0.0,1.0,0.0,0.0,0.0,0.0,0.0,0.0,0.0,0.0,0.0,1.0,0.0,1.0,0.0,0.0,0.0,0.0,0.0,18.0,13.0,102.0,3.0,3.0,9.0,1.0,7.0,72.0,46.0,17.0,2.0,1.0,2.0,6.0,142.0,2.0,146.0,78.0,70.0,96.0,44.0,8.0,80.0,53.0,15.0,1.0,98.0,49.0,1.0,6.0,62.0,61.0,18.0,1.0,14.0,29.0,41.0,32.0,31.0,124.0,18.0,3.0,2.0,1.0,125.0,15.0,8.0,8.0,28.0,20.0,19.0,39.0,14.0,20.0,130.0,18.0,112.0,36.0,82.0,61.0,5.0,11.0,23.0,18.0,14.0,32.0,8.0,42.0,115.0,33.0,83.0,65.0,90.0,45.0,13.0,148.0,0.0,135.0,13.0,128.0,20.0,144.0,4.0,96.0,52.0,49.0,79.0,20.0,107.0,36.0,5.0,26.0,38.0,23.0,52.0,9.0,52.0,40.0,11.0,17.0,28.0,24.0,124.0,48.0,91.0,8.0,1.0,141.0,1.0,6.0,103.0,34.0,11.0,135.0,9.0,4.0,43.0,105.0,127.0,21.0,82.0,49.0,3.0,14.0,107.0,23.0,18.0,76.0,53.0,19.0,119.0,13.0,16.0,113.0,19.0,3.0,13.0,86.0,62.0,70.0,52.0,7.0,19.0,122.0,10.0,16.0,93.0,38.0,17.0,80.0,50.0,18.0,115.0,17.0,16.0,112.0,17.0,2.0,17.0,35.0,88.0,24.0,1.0,Abaixo da média
496,26042045,2017,1,2,2602,26006,26,2611002,261100205,2,1,1.0,1.0,1.0,0.0,0.0,0.0,0.0,0.0,0.0,0.0,0.0,0.0,0.0,1.0,1.0,0.0,0.0,0.0,0.0,1.0,0.0,0.0,0.0,1.0,0.0,0.0,1.0,0.0,0.0,0.0,0.0,0.0,1.0,1.0,1.0,1.0,0.0,1.0,0.0,1.0,1.0,1.0,0.0,1.0,0.0,0.0,0.0,1.0,0.0,1.0,1.0,1.0,1.0,1.0,1.0,0.0,1.0,0.0,1.0,0.0,0.0,0.0,0.0,0.0,14.0,12.0,1.0,1.0,1.0,1.0,1.0,1.0,1.0,0.0,1.0,1.0,1.0,1.0,1.0,8.0,1.0,4.0,1.0,3.0,1.0,6.0,0.0,3.0,13.0,1.0,2.0,22.0,6.0,16.0,1.0,1.0,30.0,1.0,0.0,0.0,0.0,0.0,0.0,1.0,0.0,0.0,1.0,0.0,1.0,0.0,0.0,0.0,1.0,1.0,0.0,0.0,0.0,0.0,1.0,1.0,0.0,0.0,0.0,0.0,0.0,0.0,0.0,0.0,0.0,0.0,1.0,0.0,0.0,0.0,0.0,0.0,0.0,5.0,8.0,21.0,4.0,6.0,6.0,0.0,1.0,13.0,10.0,12.0,12.0,0.0,2.0,2.0,48.0,2.0,48.0,25.0,25.0,32.0,16.0,2.0,34.0,14.0,2.0,0.0,34.0,16.0,0.0,2.0,19.0,22.0,7.0,0.0,1.0,7.0,14.0,13.0,15.0,44.0,2.0,3.0,1.0,0.0,42.0,8.0,0.0,9.0,16.0,7.0,2.0,7.0,0.0,9.0,37.0,13.0,36.0,14.0,28.0,21.0,1.0,11.0,15.0,4.0,3.0,2.0,0.0,15.0,33.0,17.0,30.0,20.0,29.0,15.0,6.0,49.0,1.0,46.0,4.0,40.0,10.0,49.0,1.0,28.0,22.0,13.0,27.0,10.0,30.0,14.0,6.0,10.0,11.0,6.0,18.0,5.0,14.0,11.0,1.0,10.0,14.0,16.0,34.0,12.0,29.0,7.0,2.0,49.0,0.0,1.0,23.0,14.0,13.0,44.0,4.0,2.0,19.0,31.0,40.0,10.0,23.0,19.0,2.0,6.0,35.0,6.0,9.0,29.0,11.0,10.0,37.0,5.0,8.0,33.0,6.0,2.0,9.0,37.0,13.0,27.0,17.0,0.0,6.0,43.0,3.0,4.0,32.0,14.0,4.0,35.0,9.0,6.0,35.0,11.0,4.0,40.0,4.0,0.0,6.0,5.0,26.0,14.0,5.0,Abaixo da média
497,26042070,2017,1,2,2602,26006,26,2611002,261100205,2,1,1.0,1.0,1.0,0.0,0.0,0.0,0.0,0.0,0.0,0.0,0.0,0.0,0.0,1.0,1.0,0.0,0.0,0.0,0.0,1.0,0.0,0.0,0.0,1.0,0.0,0.0,1.0,0.0,0.0,0.0,0.0,0.0,1.0,1.0,1.0,0.0,0.0,1.0,0.0,1.0,1.0,1.0,0.0,1.0,0.0,0.0,0.0,1.0,0.0,0.0,0.0,0.0,0.0,0.0,0.0,1.0,0.0,0.0,0.0,0.0,0.0,0.0,0.0,0.0,18.0,11.0,1.0,1.0,1.0,0.0,0.0,0.0,1.0,0.0,0.0,1.0,1.0,1.0,1.0,5.0,1.0,1.0,0.0,0.0,0.0,4.0,0.0,0.0,6.0,1.0,1.0,21.0,5.0,16.0,1.0,1.0,35.0,1.0,0.0,0.0,0.0,0.0,0.0,1.0,0.0,0.0,1.0,0.0,1.0,0.0,0.0,0.0,1.0,0.0,0.0,0.0,0.0,0.0,0.0,1.0,0.0,0.0,0.0,0.0,0.0,0.0,0.0,0.0,0.0,0.0,0.0,0.0,0.0,0.0,0.0,0.0,0.0,18.0,10.0,78.0,2.0,10.0,10.0,0.0,10.0,83.0,32.0,3.0,0.0,0.0,0.0,5.0,123.0,4.0,124.0,78.0,50.0,76.0,47.0,5.0,60.0,56.0,12.0,0.0,88.0,40.0,0.0,7.0,52.0,55.0,14.0,0.0,5.0,29.0,50.0,25.0,19.0,124.0,4.0,0.0,0.0,0.0,114.0,8.0,6.0,2.0,18.0,13.0,11.0,53.0,25.0,6.0,121.0,7.0,108.0,20.0,78.0,43.0,7.0,2.0,17.0,27.0,11.0,41.0,8.0,22.0,117.0,11.0,76.0,52.0,114.0,14.0,0.0,127.0,1.0,124.0,4.0,116.0,12.0,128.0,0.0,97.0,31.0,49.0,57.0,22.0,83.0,42.0,3.0,18.0,33.0,34.0,43.0,0.0,46.0,35.0,12.0,11.0,24.0,2.0,126.0,49.0,76.0,3.0,0.0,119.0,0.0,9.0,116.0,8.0,4.0,127.0,1.0,0.0,28.0,100.0,100.0,28.0,71.0,28.0,1.0,28.0,86.0,16.0,26.0,58.0,40.0,30.0,94.0,8.0,26.0,82.0,14.0,2.0,30.0,77.0,51.0,64.0,30.0,2.0,32.0,91.0,9.0,28.0,57.0,42.0,29.0,68.0,33.0,27.0,70.0,30.0,28.0,92.0,7.0,0.0,29.0,28.0,81.0,19.0,0.0,Acima da média
498,26042312,2017,1,2,2602,26006,26,2611002,261100205,2,2,1.0,1.0,1.0,0.0,0.0,0.0,0.0,0.0,0.0,0.0,0.0,0.0,0.0,1.0,1.0,0.0,0.0,0.0,0.0,1.0,0.0,0.0,0.0,0.0,1.0,0.0,1.0,0.0,0.0,0.0,0.0,0.0,1.0,1.0,1.0,0.0,0.0,0.0,1.0,1.0,1.0,1.0,1.0,1.0,0.0,0.0,0.0,1.0,0.0,0.0,0.0,1.0,1.0,0.0,0.0,1.0,0.0,1.0,0.0,0.0,0.0,0.0,0.0,0.0,10.0,10.0,1.0,1.0,1.0,1.0,0.0,1.0,1.0,0.0,1.0,1.0,0.0,1.0,1.0,2.0,1.0,1.0,1.0,0.0,1.0,2.0,0.0,2.0,1.0,0.0,1.0,5.0,3.0,2.0,1.0,1.0,29.0,1.0,0.0,1.0,0.0,0.0,0.0,1.0,0.0,0.0,1.0,0.0,1.0,0.0,0.0,0.0,1.0,0.0,1.0,0.0,0.0,0.0,1.0,1.0,0.0,1.0,0.0,0.0,0.0,0.0,0.0,0.0,0.0,0.0,0.0,0.0,0.0,0.0,0.0,0.0,0.0,2.0,2.0,12.0,0.0,1.0,1.0,0.0,0.0,6.0,3.0,4.0,1.0,2.0,2.0,0.0,18.0,1.0,17.0,11.0,7.0,12.0,6.0,0.0,13.0,5.0,0.0,0.0,15.0,3.0,0.0,3.0,7.0,7.0,1.0,0.0,3.0,0.0,5.0,4.0,6.0,16.0,2.0,0.0,0.0,0.0,15.0,3.0,0.0,1.0,5.0,4.0,2.0,2.0,0.0,4.0,17.0,1.0,15.0,3.0,12.0,5.0,1.0,3.0,4.0,4.0,1.0,1.0,0.0,5.0,12.0,6.0,7.0,11.0,15.0,1.0,2.0,16.0,2.0,15.0,3.0,14.0,4.0,17.0,1.0,12.0,6.0,7.0,7.0,4.0,14.0,2.0,2.0,1.0,5.0,3.0,6.0,3.0,4.0,4.0,4.0,4.0,2.0,1.0,17.0,1.0,14.0,3.0,0.0,16.0,2.0,0.0,10.0,8.0,0.0,16.0,2.0,0.0,10.0,8.0,14.0,4.0,9.0,7.0,1.0,1.0,12.0,3.0,3.0,8.0,8.0,2.0,14.0,2.0,2.0,12.0,4.0,0.0,2.0,14.0,4.0,15.0,3.0,0.0,0.0,17.0,0.0,1.0,9.0,8.0,1.0,15.0,3.0,0.0,10.0,6.0,2.0,16.0,2.0,0.0,0.0,3.0,8.0,7.0,0.0,Abaixo da média
499,26154358,2017,1,2,2602,26006,26,2611002,261100205,2,2,1.0,1.0,1.0,0.0,0.0,0.0,0.0,0.0,0.0,0.0,0.0,0.0,0.0,0.0,1.0,0.0,0.0,0.0,0.0,1.0,0.0,0.0,0.0,0.0,1.0,0.0,1.0,0.0,0.0,0.0,0.0,0.0,1.0,1.0,1.0,0.0,0.0,0.0,1.0,1.0,1.0,1.0,0.0,1.0,0.0,0.0,0.0,1.0,0.0,0.0,0.0,0.0,0.0,0.0,0.0,0.0,0.0,0.0,0.0,0.0,0.0,0.0,0.0,0.0,8.0,13.0,1.0,0.0,1.0,1.0,0.0,1.0,1.0,0.0,1.0,1.0,0.0,1.0,1.0,5.0,0.0,3.0,1.0,0.0,1.0,6.0,0.0,2.0,8.0,0.0,2.0,13.0,3.0,10.0,1.0,1.0,30.0,1.0,0.0,1.0,0.0,0.0,0.0,1.0,0.0,0.0,0.0,0.0,1.0,0.0,0.0,0.0,1.0,1.0,0.0,0.0,0.0,0.0,1.0,1.0,0.0,0.0,0.0,0.0,0.0,0.0,0.0,0.0,0.0,0.0,1.0,0.0,0.0,0.0,0.0,0.0,0.0,1.0,7.0,30.0,0.0,0.0,4.0,0.0,1.0,19.0,15.0,5.0,2.0,0.0,0.0,0.0,42.0,0.0,42.0,20.0,22.0,20.0,20.0,2.0,27.0,13.0,2.0,0.0,27.0,15.0,0.0,0.0,12.0,21.0,9.0,0.0,0.0,3.0,13.0,11.0,15.0,38.0,3.0,1.0,0.0,0.0,37.0,1.0,4.0,1.0,7.0,6.0,6.0,10.0,3.0,9.0,33.0,9.0,29.0,13.0,32.0,5.0,5.0,4.0,9.0,5.0,4.0,6.0,2.0,12.0,28.0,14.0,22.0,20.0,25.0,13.0,4.0,41.0,1.0,36.0,6.0,31.0,11.0,41.0,1.0,30.0,12.0,11.0,28.0,3.0,29.0,12.0,1.0,4.0,11.0,6.0,19.0,2.0,9.0,11.0,6.0,8.0,8.0,9.0,33.0,3.0,31.0,7.0,1.0,41.0,0.0,1.0,31.0,10.0,1.0,38.0,4.0,0.0,8.0,34.0,36.0,6.0,14.0,27.0,1.0,0.0,34.0,8.0,0.0,21.0,21.0,0.0,37.0,5.0,0.0,37.0,5.0,0.0,0.0,28.0,14.0,15.0,26.0,1.0,0.0,39.0,3.0,0.0,32.0,10.0,0.0,25.0,16.0,1.0,33.0,9.0,0.0,37.0,5.0,0.0,0.0,6.0,26.0,10.0,0.0,Abaixo da média
500,26033879,2017,1,2,2602,26005,26,2611101,261110105,2,1,1.0,1.0,1.0,0.0,0.0,0.0,0.0,0.0,0.0,0.0,0.0,0.0,0.0,1.0,1.0,0.0,0.0,0.0,0.0,1.0,0.0,0.0,0.0,1.0,0.0,0.0,1.0,0.0,0.0,0.0,0.0,0.0,1.0,1.0,1.0,1.0,0.0,1.0,1.0,1.0,1.0,1.0,0.0,1.0,0.0,0.0,0.0,1.0,0.0,1.0,0.0,1.0,1.0,0.0,1.0,1.0,0.0,1.0,1.0,0.0,0.0,1.0,0.0,0.0,15.0,15.0,1.0,0.0,1.0,0.0,0.0,0.0,0.0,1.0,1.0,1.0,0.0,1.0,1.0,10.0,0.0,1.0,0.0,0.0,0.0,0.0,3.0,3.0,4.0,0.0,2.0,35.0,7.0,28.0,1.0,1.0,45.0,1.0,0.0,0.0,0.0,0.0,0.0,1.0,0.0,0.0,1.0,0.0,1.0,0.0,0.0,0.0,1.0,0.0,0.0,0.0,0.0,0.0,0.0,1.0,0.0,0.0,0.0,0.0,0.0,0.0,0.0,0.0,0.0,0.0,0.0,0.0,0.0,0.0,0.0,0.0,0.0,46.0,27.0,95.0,7.0,1.0,4.0,0.0,14.0,103.0,50.0,12.0,1.0,0.0,0.0,4.0,176.0,2.0,178.0,90.0,90.0,66.0,102.0,12.0,53.0,97.0,30.0,0.0,93.0,87.0,0.0,12.0,75.0,79.0,14.0,0.0,15.0,41.0,56.0,48.0,20.0,166.0,14.0,0.0,0.0,0.0,152.0,16.0,12.0,0.0,9.0,20.0,16.0,86.0,41.0,8.0,175.0,5.0,155.0,25.0,105.0,67.0,8.0,2.0,13.0,15.0,29.0,83.0,19.0,19.0,172.0,8.0,129.0,51.0,113.0,54.0,13.0,177.0,3.0,167.0,13.0,152.0,28.0,174.0,6.0,128.0,52.0,65.0,93.0,22.0,135.0,43.0,2.0,14.0,37.0,38.0,88.0,3.0,63.0,67.0,17.0,13.0,20.0,9.0,171.0,75.0,90.0,15.0,0.0,149.0,6.0,25.0,150.0,26.0,4.0,177.0,3.0,0.0,29.0,151.0,153.0,27.0,138.0,38.0,4.0,0.0,166.0,12.0,2.0,119.0,60.0,1.0,170.0,9.0,1.0,170.0,9.0,1.0,0.0,122.0,58.0,121.0,55.0,4.0,0.0,176.0,4.0,0.0,122.0,55.0,3.0,158.0,20.0,2.0,165.0,13.0,2.0,177.0,3.0,0.0,0.0,37.0,124.0,19.0,0.0,Acima da média
504,26034310,2017,1,2,2602,26005,26,2611101,261110105,2,2,0.0,1.0,2.0,0.0,1.0,0.0,1.0,0.0,0.0,0.0,1.0,0.0,0.0,0.0,0.0,0.0,0.0,1.0,0.0,1.0,0.0,0.0,0.0,0.0,1.0,0.0,1.0,0.0,0.0,0.0,0.0,0.0,1.0,1.0,1.0,0.0,0.0,0.0,1.0,1.0,1.0,1.0,0.0,1.0,0.0,0.0,0.0,1.0,0.0,0.0,0.0,1.0,1.0,1.0,0.0,0.0,0.0,0.0,1.0,0.0,0.0,1.0,0.0,0.0,9.0,8.0,1.0,0.0,1.0,1.0,1.0,1.0,1.0,0.0,1.0,1.0,0.0,1.0,1.0,3.0,0.0,5.0,1.0,1.0,1.0,2.0,0.0,3.0,2.0,0.0,4.0,33.0,1.0,11.0,1.0,0.0,44.0,1.0,0.0,1.0,0.0,0.0,0.0,1.0,0.0,0.0,0.0,0.0,1.0,0.0,0.0,0.0,1.0,1.0,0.0,0.0,0.0,0.0,1.0,1.0,0.0,0.0,0.0,0.0,0.0,0.0,0.0,0.0,0.0,1.0,0.0,0.0,0.0,0.0,0.0,0.0,0.0,6.0,8.0,40.0,3.0,0.0,1.0,0.0,0.0,20.0,22.0,11.0,3.0,1.0,1.0,4.0,54.0,2.0,56.0,33.0,25.0,44.0,14.0,0.0,39.0,18.0,1.0,0.0,49.0,9.0,0.0,4.0,22.0,25.0,7.0,0.0,7.0,8.0,22.0,16.0,5.0,46.0,8.0,2.0,1.0,1.0,46.0,11.0,1.0,2.0,14.0,7.0,8.0,13.0,3.0,11.0,52.0,6.0,44.0,14.0,35.0,23.0,0.0,4.0,11.0,9.0,4.0,9.0,1.0,20.0,49.0,9.0,38.0,20.0,28.0,26.0,4.0,58.0,0.0,53.0,5.0,50.0,8.0,57.0,1.0,45.0,13.0,20.0,32.0,6.0,38.0,18.0,2.0,16.0,16.0,11.0,13.0,2.0,22.0,16.0,7.0,5.0,8.0,13.0,45.0,18.0,35.0,5.0,0.0,55.0,0.0,3.0,39.0,13.0,6.0,52.0,6.0,0.0,19.0,39.0,48.0,10.0,38.0,17.0,3.0,0.0,43.0,15.0,0.0,31.0,27.0,0.0,55.0,3.0,0.0,53.0,4.0,1.0,0.0,28.0,30.0,30.0,21.0,5.0,2.0,52.0,4.0,2.0,29.0,27.0,2.0,32.0,24.0,2.0,47.0,9.0,2.0,49.0,6.0,1.0,2.0,11.0,33.0,14.0,0.0,Abaixo da média
505,26034328,2017,1,2,2602,26005,26,2611101,261110105,2,2,1.0,1.0,1.0,0.0,0.0,0.0,0.0,0.0,0.0,0.0,0.0,0.0,0.0,0.0,1.0,0.0,0.0,0.0,0.0,1.0,0.0,0.0,0.0,0.0,1.0,0.0,1.0,0.0,0.0,0.0,0.0,0.0,1.0,1.0,1.0,0.0,0.0,0.0,0.0,0.0,1.0,1.0,0.0,1.0,0.0,0.0,0.0,1.0,0.0,0.0,0.0,1.0,0.0,0.0,1.0,0.0,0.0,1.0,0.0,0.0,0.0,0.0,0.0,0.0,9.0,9.0,1.0,0.0,1.0,0.0,0.0,1.0,1.0,0.0,1.0,1.0,0.0,1.0,1.0,3.0,0.0,1.0,0.0,0.0,1.0,2.0,0.0,1.0,7.0,0.0,1.0,7.0,2.0,5.0,1.0,1.0,46.0,1.0,0.0,1.0,0.0,0.0,0.0,1.0,0.0,0.0,0.0,0.0,1.0,0.0,0.0,0.0,1.0,1.0,0.0,0.0,0.0,0.0,1.0,1.0,0.0,0.0,0.0,0.0,0.0,0.0,0.0,0.0,0.0,1.0,1.0,0.0,0.0,0.0,0.0,0.0,0.0,5.0,5.0,29.0,3.0,1.0,3.0,0.0,2.0,6.0,17.0,8.0,7.0,2.0,4.0,2.0,44.0,0.0,46.0,29.0,17.0,32.0,11.0,3.0,35.0,11.0,0.0,0.0,39.0,7.0,0.0,5.0,23.0,16.0,2.0,1.0,5.0,9.0,12.0,10.0,9.0,40.0,4.0,2.0,0.0,0.0,36.0,10.0,0.0,4.0,15.0,10.0,3.0,9.0,1.0,4.0,39.0,7.0,36.0,10.0,30.0,14.0,2.0,4.0,10.0,13.0,4.0,4.0,0.0,11.0,38.0,8.0,32.0,14.0,20.0,22.0,4.0,44.0,2.0,40.0,6.0,40.0,6.0,44.0,2.0,31.0,15.0,15.0,27.0,4.0,37.0,6.0,3.0,13.0,17.0,7.0,7.0,2.0,5.0,21.0,5.0,8.0,7.0,16.0,30.0,10.0,16.0,19.0,1.0,41.0,1.0,4.0,21.0,15.0,10.0,35.0,6.0,5.0,15.0,31.0,39.0,7.0,22.0,22.0,2.0,0.0,34.0,10.0,2.0,28.0,17.0,1.0,43.0,2.0,1.0,45.0,1.0,0.0,0.0,28.0,18.0,18.0,21.0,6.0,1.0,42.0,3.0,1.0,28.0,16.0,2.0,31.0,13.0,2.0,32.0,12.0,2.0,43.0,2.0,0.0,1.0,7.0,17.0,21.0,1.0,Abaixo da média
506,26034336,2017,1,2,2602,26005,26,2611101,261110105,2,1,1.0,1.0,1.0,0.0,0.0,0.0,0.0,0.0,0.0,0.0,0.0,0.0,1.0,1.0,1.0,0.0,0.0,0.0,0.0,1.0,0.0,0.0,0.0,1.0,0.0,0.0,1.0,0.0,0.0,0.0,0.0,0.0,1.0,1.0,1.0,0.0,0.0,0.0,1.0,1.0,1.0,1.0,0.0,1.0,0.0,0.0,0.0,0.0,0.0,1.0,0.0,1.0,1.0,1.0,1.0,1.0,0.0,0.0,0.0,0.0,0.0,0.0,0.0,0.0,7.0,7.0,1.0,0.0,0.0,0.0,1.0,1.0,1.0,1.0,1.0,1.0,0.0,1.0,1.0,1.0,0.0,0.0,0.0,1.0,2.0,2.0,1.0,1.0,10.0,0.0,1.0,14.0,3.0,10.0,1.0,0.0,45.0,1.0,0.0,1.0,0.0,0.0,0.0,1.0,0.0,0.0,1.0,0.0,1.0,0.0,0.0,0.0,1.0,0.0,0.0,0.0,0.0,0.0,1.0,1.0,0.0,0.0,0.0,0.0,0.0,0.0,0.0,0.0,0.0,0.0,0.0,0.0,0.0,0.0,0.0,0.0,0.0,15.0,34.0,53.0,3.0,1.0,3.0,0.0,8.0,43.0,40.0,10.0,6.0,2.0,0.0,8.0,101.0,2.0,107.0,48.0,61.0,63.0,41.0,5.0,42.0,53.0,14.0,1.0,63.0,45.0,1.0,8.0,50.0,42.0,8.0,2.0,16.0,25.0,33.0,19.0,14.0,100.0,9.0,0.0,0.0,0.0,87.0,15.0,7.0,1.0,10.0,8.0,14.0,48.0,21.0,7.0,105.0,4.0,97.0,12.0,54.0,52.0,3.0,3.0,17.0,9.0,11.0,42.0,7.0,20.0,100.0,9.0,62.0,47.0,57.0,37.0,15.0,107.0,2.0,101.0,8.0,97.0,12.0,107.0,2.0,77.0,32.0,44.0,53.0,12.0,76.0,26.0,7.0,20.0,21.0,19.0,42.0,7.0,35.0,39.0,10.0,11.0,14.0,19.0,90.0,45.0,54.0,7.0,3.0,93.0,4.0,12.0,74.0,26.0,9.0,100.0,7.0,2.0,15.0,94.0,94.0,15.0,80.0,26.0,2.0,1.0,85.0,23.0,1.0,61.0,47.0,1.0,101.0,8.0,0.0,101.0,7.0,1.0,0.0,83.0,26.0,73.0,27.0,2.0,7.0,104.0,2.0,3.0,58.0,48.0,3.0,68.0,37.0,4.0,68.0,36.0,5.0,103.0,2.0,0.0,4.0,24.0,60.0,25.0,0.0,Acima da média
508,26034352,2017,1,2,2602,26005,26,2611101,261110105,2,1,1.0,1.0,2.0,0.0,0.0,0.0,0.0,0.0,0.0,0.0,0.0,0.0,0.0,1.0,1.0,0.0,0.0,0.0,0.0,1.0,0.0,0.0,0.0,1.0,0.0,0.0,1.0,0.0,0.0,0.0,0.0,0.0,1.0,1.0,1.0,1.0,0.0,0.0,1.0,1.0,1.0,1.0,0.0,1.0,0.0,0.0,0.0,0.0,0.0,0.0,0.0,0.0,0.0,0.0,0.0,0.0,0.0,0.0,0.0,0.0,0.0,0.0,0.0,0.0,10.0,10.0,1.0,0.0,1.0,1.0,1.0,0.0,1.0,1.0,1.0,1.0,0.0,1.0,1.0,3.0,0.0,1.0,1.0,4.0,0.0,2.0,3.0,1.0,16.0,0.0,2.0,47.0,6.0,47.0,1.0,1.0,42.0,1.0,0.0,0.0,0.0,0.0,0.0,1.0,0.0,0.0,0.0,0.0,1.0,0.0,0.0,0.0,1.0,0.0,0.0,0.0,0.0,0.0,0.0,1.0,0.0,0.0,0.0,0.0,0.0,0.0,0.0,0.0,0.0,0.0,0.0,0.0,0.0,0.0,0.0,0.0,0.0,23.0,14.0,53.0,5.0,1.0,3.0,0.0,5.0,58.0,25.0,11.0,0.0,0.0,0.0,4.0,95.0,0.0,99.0,44.0,55.0,47.0,46.0,6.0,25.0,54.0,20.0,0.0,57.0,42.0,0.0,6.0,40.0,45.0,8.0,1.0,6.0,26.0,28.0,26.0,12.0,89.0,9.0,1.0,0.0,0.0,87.0,8.0,4.0,0.0,6.0,8.0,12.0,42.0,21.0,10.0,96.0,3.0,89.0,10.0,59.0,35.0,5.0,2.0,9.0,12.0,10.0,36.0,8.0,22.0,93.0,6.0,66.0,33.0,41.0,49.0,9.0,99.0,0.0,92.0,7.0,83.0,16.0,99.0,0.0,76.0,23.0,35.0,55.0,9.0,74.0,22.0,3.0,8.0,35.0,19.0,33.0,4.0,37.0,34.0,10.0,9.0,9.0,7.0,92.0,33.0,57.0,9.0,0.0,88.0,3.0,8.0,80.0,15.0,4.0,96.0,2.0,1.0,15.0,84.0,82.0,17.0,64.0,29.0,3.0,3.0,88.0,9.0,2.0,54.0,41.0,4.0,93.0,4.0,2.0,84.0,11.0,1.0,3.0,61.0,38.0,64.0,26.0,7.0,2.0,96.0,2.0,1.0,71.0,26.0,2.0,61.0,34.0,4.0,88.0,9.0,2.0,95.0,2.0,0.0,2.0,10.0,62.0,26.0,1.0,Acima da média
509,26034360,2017,1,2,2602,26005,26,2611101,261110105,2,2,1.0,1.0,1.0,0.0,0.0,0.0,0.0,0.0,0.0,0.0,0.0,0.0,0.0,1.0,1.0,0.0,0.0,0.0,0.0,1.0,0.0,0.0,0.0,0.0,1.0,0.0,1.0,1.0,0.0,0.0,0.0,0.0,1.0,0.0,1.0,0.0,0.0,0.0,0.0,0.0,1.0,1.0,0.0,1.0,0.0,0.0,0.0,1.0,0.0,0.0,0.0,0.0,0.0,0.0,0.0,0.0,0.0,0.0,0.0,0.0,0.0,0.0,0.0,0.0,6.0,11.0,1.0,0.0,1.0,1.0,0.0,1.0,1.0,0.0,1.0,1.0,1.0,1.0,1.0,3.0,0.0,3.0,1.0,0.0,2.0,2.0,0.0,3.0,2.0,1.0,1.0,12.0,2.0,10.0,1.0,1.0,32.0,1.0,0.0,0.0,0.0,0.0,0.0,1.0,0.0,0.0,0.0,0.0,1.0,0.0,0.0,0.0,1.0,1.0,0.0,0.0,0.0,0.0,1.0,1.0,0.0,0.0,0.0,0.0,0.0,0.0,0.0,0.0,0.0,0.0,1.0,0.0,0.0,0.0,0.0,0.0,0.0,18.0,9.0,49.0,6.0,0.0,5.0,0.0,0.0,43.0,25.0,12.0,2.0,3.0,2.0,6.0,81.0,2.0,85.0,59.0,28.0,56.0,29.0,2.0,59.0,28.0,0.0,0.0,74.0,13.0,0.0,9.0,40.0,32.0,6.0,0.0,5.0,15.0,22.0,24.0,21.0,80.0,2.0,4.0,1.0,0.0,63.0,18.0,6.0,5.0,24.0,17.0,9.0,18.0,0.0,14.0,77.0,10.0,64.0,23.0,50.0,34.0,3.0,10.0,19.0,16.0,11.0,9.0,1.0,21.0,58.0,29.0,48.0,39.0,25.0,53.0,9.0,86.0,1.0,82.0,5.0,79.0,8.0,84.0,3.0,51.0,36.0,20.0,58.0,9.0,51.0,33.0,3.0,21.0,25.0,18.0,16.0,7.0,27.0,26.0,13.0,9.0,12.0,31.0,56.0,5.0,44.0,36.0,2.0,84.0,1.0,2.0,64.0,19.0,4.0,82.0,5.0,0.0,25.0,62.0,57.0,30.0,64.0,22.0,1.0,0.0,74.0,13.0,0.0,43.0,43.0,1.0,75.0,11.0,1.0,79.0,8.0,0.0,0.0,60.0,27.0,58.0,28.0,1.0,0.0,82.0,5.0,0.0,71.0,16.0,0.0,60.0,25.0,2.0,68.0,18.0,1.0,75.0,12.0,0.0,0.0,8.0,43.0,35.0,1.0,Abaixo da média
510,26034425,2017,1,2,2602,26005,26,2611101,261110105,2,1,1.0,1.0,3.0,0.0,0.0,0.0,0.0,0.0,0.0,0.0,0.0,0.0,0.0,1.0,1.0,0.0,0.0,0.0,0.0,1.0,0.0,0.0,0.0,1.0,0.0,0.0,1.0,0.0,0.0,0.0,0.0,0.0,1.0,1.0,1.0,0.0,0.0,0.0,0.0,0.0,1.0,1.0,0.0,1.0,0.0,0.0,0.0,1.0,0.0,0.0,0.0,0.0,0.0,0.0,0.0,0.0,0.0,0.0,0.0,0.0,0.0,0.0,0.0,0.0,16.0,16.0,1.0,0.0,1.0,1.0,1.0,1.0,1.0,0.0,1.0,1.0,0.0,1.0,1.0,20.0,0.0,7.0,2.0,2.0,1.0,7.0,0.0,4.0,15.0,0.0,2.0,25.0,2.0,18.0,1.0,1.0,71.0,1.0,0.0,1.0,0.0,0.0,0.0,1.0,0.0,0.0,1.0,0.0,1.0,0.0,0.0,0.0,1.0,0.0,0.0,0.0,0.0,0.0,1.0,1.0,0.0,0.0,0.0,0.0,0.0,0.0,0.0,0.0,0.0,0.0,0.0,0.0,0.0,0.0,0.0,0.0,0.0,10.0,5.0,30.0,0.0,1.0,0.0,0.0,0.0,12.0,15.0,10.0,4.0,2.0,3.0,2.0,44.0,0.0,46.0,27.0,19.0,29.0,16.0,1.0,21.0,23.0,2.0,0.0,31.0,15.0,0.0,8.0,20.0,17.0,1.0,3.0,9.0,5.0,11.0,12.0,6.0,42.0,2.0,2.0,0.0,0.0,34.0,11.0,1.0,2.0,9.0,10.0,6.0,15.0,0.0,4.0,42.0,4.0,36.0,10.0,20.0,22.0,4.0,6.0,8.0,7.0,8.0,9.0,1.0,7.0,36.0,10.0,26.0,20.0,16.0,15.0,15.0,45.0,1.0,43.0,3.0,40.0,6.0,44.0,2.0,21.0,25.0,8.0,25.0,13.0,32.0,12.0,2.0,10.0,9.0,7.0,17.0,3.0,16.0,10.0,7.0,7.0,6.0,21.0,25.0,10.0,21.0,13.0,2.0,44.0,1.0,1.0,21.0,15.0,10.0,38.0,8.0,0.0,8.0,38.0,32.0,14.0,19.0,23.0,4.0,0.0,40.0,6.0,0.0,26.0,20.0,0.0,41.0,5.0,0.0,44.0,2.0,0.0,0.0,29.0,17.0,27.0,17.0,2.0,0.0,45.0,1.0,0.0,27.0,19.0,0.0,29.0,17.0,0.0,43.0,3.0,0.0,44.0,2.0,0.0,0.0,1.0,10.0,33.0,2.0,Abaixo da média
511,26034441,2017,1,2,2602,26005,26,2611101,261110105,2,1,1.0,1.0,2.0,0.0,0.0,0.0,0.0,0.0,0.0,0.0,0.0,0.0,0.0,0.0,1.0,0.0,0.0,0.0,0.0,1.0,0.0,0.0,0.0,1.0,0.0,0.0,1.0,0.0,0.0,0.0,0.0,0.0,1.0,1.0,1.0,1.0,0.0,1.0,0.0,1.0,1.0,1.0,0.0,1.0,0.0,0.0,0.0,1.0,0.0,1.0,1.0,1.0,1.0,0.0,1.0,1.0,1.0,1.0,1.0,0.0,0.0,0.0,0.0,0.0,12.0,11.0,1.0,0.0,1.0,1.0,1.0,1.0,1.0,1.0,1.0,1.0,0.0,1.0,1.0,1.0,0.0,4.0,1.0,2.0,1.0,1.0,6.0,3.0,8.0,0.0,3.0,15.0,4.0,11.0,1.0,1.0,50.0,1.0,0.0,0.0,0.0,0.0,0.0,1.0,0.0,0.0,0.0,0.0,1.0,0.0,0.0,0.0,1.0,0.0,0.0,0.0,0.0,0.0,1.0,1.0,0.0,0.0,0.0,0.0,0.0,0.0,0.0,0.0,0.0,0.0,0.0,0.0,0.0,0.0,0.0,0.0,0.0,24.0,22.0,74.0,6.0,5.0,13.0,0.0,6.0,74.0,40.0,15.0,6.0,2.0,1.0,5.0,139.0,1.0,143.0,64.0,80.0,71.0,65.0,8.0,39.0,82.0,23.0,0.0,91.0,53.0,2.0,4.0,70.0,54.0,14.0,0.0,15.0,33.0,51.0,30.0,15.0,131.0,11.0,1.0,1.0,0.0,114.0,22.0,8.0,1.0,15.0,8.0,17.0,62.0,31.0,10.0,142.0,2.0,125.0,19.0,67.0,70.0,7.0,4.0,13.0,16.0,16.0,52.0,16.0,27.0,128.0,16.0,90.0,54.0,61.0,59.0,24.0,143.0,1.0,132.0,12.0,127.0,17.0,142.0,2.0,103.0,41.0,47.0,81.0,16.0,100.0,40.0,4.0,17.0,40.0,26.0,58.0,3.0,40.0,45.0,17.0,20.0,22.0,16.0,128.0,74.0,58.0,12.0,0.0,111.0,6.0,27.0,97.0,30.0,17.0,131.0,10.0,3.0,18.0,126.0,123.0,21.0,81.0,52.0,6.0,5.0,112.0,26.0,6.0,75.0,63.0,6.0,137.0,4.0,3.0,105.0,31.0,3.0,5.0,72.0,72.0,70.0,55.0,18.0,1.0,131.0,11.0,2.0,84.0,56.0,4.0,92.0,49.0,3.0,123.0,19.0,2.0,135.0,9.0,0.0,0.0,10.0,60.0,74.0,0.0,Abaixo da média
512,26034476,2017,1,2,2602,26005,26,2611101,261110105,2,1,1.0,1.0,1.0,0.0,0.0,0.0,0.0,0.0,0.0,0.0,0.0,0.0,0.0,1.0,1.0,0.0,0.0,0.0,0.0,1.0,0.0,0.0,0.0,1.0,0.0,0.0,1.0,0.0,0.0,0.0,0.0,0.0,1.0,1.0,1.0,0.0,0.0,0.0,1.0,1.0,1.0,1.0,1.0,1.0,0.0,0.0,0.0,1.0,0.0,1.0,0.0,0.0,0.0,0.0,0.0,0.0,0.0,0.0,0.0,0.0,0.0,0.0,0.0,0.0,16.0,16.0,1.0,0.0,0.0,0.0,1.0,0.0,1.0,0.0,1.0,1.0,1.0,1.0,1.0,1.0,0.0,0.0,0.0,2.0,0.0,4.0,0.0,1.0,16.0,1.0,1.0,27.0,3.0,24.0,1.0,1.0,78.0,1.0,0.0,1.0,0.0,0.0,0.0,1.0,0.0,0.0,1.0,0.0,1.0,0.0,0.0,0.0,1.0,1.0,0.0,0.0,0.0,0.0,1.0,1.0,0.0,0.0,0.0,0.0,0.0,0.0,0.0,0.0,0.0,1.0,0.0,0.0,0.0,0.0,0.0,0.0,0.0,15.0,14.0,46.0,4.0,1.0,6.0,0.0,4.0,32.0,25.0,13.0,8.0,0.0,4.0,3.0,83.0,0.0,86.0,46.0,40.0,42.0,40.0,4.0,29.0,46.0,11.0,0.0,57.0,29.0,0.0,5.0,47.0,26.0,8.0,0.0,16.0,19.0,27.0,15.0,9.0,78.0,4.0,3.0,1.0,0.0,60.0,23.0,3.0,1.0,13.0,10.0,9.0,29.0,11.0,13.0,81.0,5.0,69.0,17.0,36.0,48.0,2.0,2.0,17.0,9.0,10.0,22.0,4.0,22.0,73.0,13.0,48.0,38.0,25.0,39.0,22.0,84.0,2.0,82.0,4.0,76.0,10.0,86.0,0.0,53.0,33.0,27.0,44.0,15.0,65.0,17.0,4.0,9.0,21.0,19.0,32.0,5.0,23.0,38.0,9.0,9.0,7.0,30.0,56.0,30.0,48.0,7.0,1.0,76.0,0.0,10.0,51.0,22.0,13.0,77.0,6.0,3.0,14.0,72.0,71.0,15.0,45.0,37.0,4.0,0.0,67.0,17.0,2.0,54.0,30.0,2.0,81.0,3.0,2.0,69.0,16.0,0.0,1.0,53.0,33.0,38.0,41.0,6.0,1.0,78.0,5.0,3.0,65.0,18.0,3.0,58.0,25.0,3.0,81.0,3.0,2.0,68.0,15.0,1.0,2.0,13.0,61.0,12.0,0.0,Acima da média
513,26034832,2017,1,2,2602,26005,26,2611101,261110105,2,2,1.0,1.0,1.0,0.0,0.0,0.0,0.0,0.0,0.0,0.0,0.0,0.0,0.0,1.0,1.0,0.0,0.0,0.0,0.0,1.0,0.0,0.0,0.0,1.0,0.0,0.0,1.0,0.0,0.0,0.0,0.0,0.0,1.0,1.0,0.0,0.0,0.0,0.0,1.0,1.0,1.0,0.0,1.0,1.0,0.0,0.0,0.0,1.0,0.0,0.0,0.0,1.0,0.0,0.0,1.0,0.0,0.0,0.0,0.0,0.0,0.0,0.0,0.0,0.0,8.0,11.0,0.0,0.0,0.0,0.0,1.0,0.0,1.0,0.0,1.0,1.0,0.0,0.0,1.0,0.0,0.0,0.0,0.0,1.0,0.0,1.0,0.0,1.0,2.0,0.0,0.0,11.0,2.0,9.0,1.0,0.0,56.0,1.0,0.0,1.0,0.0,0.0,0.0,1.0,0.0,0.0,0.0,0.0,1.0,0.0,0.0,0.0,1.0,1.0,0.0,0.0,0.0,0.0,1.0,1.0,0.0,0.0,0.0,0.0,0.0,0.0,0.0,0.0,0.0,1.0,1.0,0.0,0.0,0.0,0.0,0.0,0.0,9.0,13.0,33.0,1.0,0.0,6.0,0.0,0.0,25.0,21.0,13.0,3.0,0.0,0.0,4.0,58.0,1.0,61.0,34.0,28.0,44.0,16.0,2.0,48.0,13.0,1.0,1.0,55.0,6.0,0.0,6.0,21.0,28.0,7.0,0.0,8.0,12.0,13.0,16.0,13.0,60.0,0.0,2.0,0.0,0.0,54.0,7.0,1.0,1.0,16.0,13.0,5.0,13.0,3.0,11.0,54.0,8.0,50.0,12.0,36.0,25.0,1.0,7.0,14.0,11.0,7.0,6.0,2.0,15.0,44.0,18.0,30.0,32.0,38.0,22.0,2.0,61.0,1.0,62.0,0.0,61.0,1.0,62.0,0.0,46.0,16.0,14.0,40.0,8.0,42.0,16.0,4.0,13.0,17.0,5.0,21.0,6.0,14.0,19.0,6.0,15.0,8.0,12.0,50.0,17.0,24.0,19.0,2.0,58.0,1.0,3.0,40.0,18.0,4.0,58.0,4.0,0.0,12.0,50.0,50.0,12.0,36.0,21.0,4.0,1.0,47.0,14.0,1.0,32.0,29.0,1.0,56.0,6.0,0.0,59.0,3.0,0.0,0.0,49.0,13.0,37.0,25.0,0.0,0.0,58.0,4.0,0.0,38.0,23.0,1.0,36.0,25.0,1.0,49.0,12.0,1.0,59.0,3.0,0.0,0.0,4.0,29.0,20.0,9.0,Abaixo da média
514,26035049,2017,1,2,2602,26005,26,2611101,261110105,2,1,1.0,1.0,1.0,0.0,0.0,0.0,0.0,0.0,0.0,0.0,0.0,0.0,0.0,1.0,1.0,0.0,0.0,0.0,0.0,1.0,0.0,0.0,0.0,1.0,0.0,0.0,1.0,0.0,0.0,0.0,0.0,0.0,1.0,1.0,1.0,0.0,0.0,0.0,1.0,1.0,1.0,1.0,0.0,1.0,0.0,0.0,0.0,1.0,0.0,1.0,0.0,1.0,0.0,1.0,0.0,0.0,0.0,1.0,0.0,0.0,0.0,0.0,0.0,0.0,13.0,11.0,1.0,0.0,0.0,0.0,1.0,0.0,0.0,1.0,0.0,1.0,0.0,0.0,1.0,3.0,0.0,0.0,0.0,1.0,0.0,0.0,2.0,0.0,6.0,0.0,0.0,23.0,1.0,18.0,1.0,1.0,73.0,1.0,0.0,0.0,0.0,0.0,0.0,1.0,0.0,0.0,1.0,0.0,1.0,0.0,0.0,0.0,1.0,1.0,0.0,0.0,0.0,0.0,1.0,1.0,0.0,0.0,0.0,0.0,0.0,0.0,0.0,0.0,0.0,0.0,1.0,0.0,0.0,0.0,0.0,0.0,0.0,15.0,27.0,65.0,1.0,1.0,10.0,0.0,9.0,52.0,41.0,12.0,3.0,1.0,1.0,4.0,115.0,2.0,117.0,71.0,48.0,71.0,43.0,5.0,53.0,57.0,9.0,0.0,83.0,36.0,0.0,16.0,57.0,34.0,12.0,1.0,19.0,23.0,37.0,21.0,18.0,110.0,6.0,1.0,1.0,1.0,84.0,26.0,9.0,4.0,9.0,25.0,20.0,38.0,8.0,15.0,112.0,7.0,97.0,22.0,55.0,59.0,5.0,7.0,21.0,14.0,13.0,33.0,4.0,27.0,103.0,16.0,73.0,46.0,50.0,49.0,20.0,117.0,2.0,110.0,9.0,98.0,21.0,117.0,2.0,76.0,43.0,31.0,70.0,18.0,90.0,29.0,0.0,23.0,26.0,14.0,51.0,5.0,40.0,36.0,14.0,10.0,19.0,25.0,94.0,45.0,50.0,21.0,3.0,107.0,1.0,11.0,88.0,25.0,6.0,105.0,11.0,3.0,27.0,92.0,106.0,13.0,80.0,35.0,3.0,1.0,94.0,23.0,2.0,74.0,44.0,1.0,106.0,12.0,1.0,105.0,12.0,0.0,2.0,82.0,37.0,81.0,35.0,3.0,0.0,110.0,9.0,0.0,82.0,37.0,0.0,74.0,45.0,0.0,96.0,23.0,0.0,114.0,5.0,0.0,0.0,10.0,66.0,43.0,0.0,Abaixo da média
516,26035111,2017,1,2,2602,26005,26,2611101,261110105,2,1,1.0,1.0,1.0,1.0,0.0,0.0,0.0,0.0,0.0,0.0,0.0,0.0,0.0,1.0,1.0,0.0,0.0,0.0,0.0,1.0,0.0,0.0,0.0,1.0,0.0,0.0,1.0,0.0,0.0,0.0,0.0,0.0,1.0,1.0,1.0,1.0,0.0,1.0,0.0,1.0,1.0,1.0,0.0,1.0,0.0,0.0,0.0,1.0,0.0,1.0,0.0,1.0,0.0,0.0,0.0,0.0,0.0,0.0,0.0,0.0,0.0,0.0,0.0,0.0,10.0,10.0,1.0,0.0,1.0,0.0,1.0,1.0,0.0,1.0,0.0,1.0,1.0,0.0,1.0,2.0,0.0,1.0,0.0,2.0,1.0,0.0,3.0,0.0,12.0,1.0,0.0,10.0,2.0,9.0,1.0,1.0,25.0,1.0,0.0,0.0,0.0,0.0,0.0,1.0,0.0,0.0,1.0,0.0,1.0,0.0,0.0,0.0,1.0,0.0,0.0,0.0,0.0,0.0,1.0,1.0,0.0,0.0,0.0,0.0,0.0,0.0,0.0,0.0,0.0,0.0,0.0,0.0,0.0,0.0,0.0,0.0,0.0,3.0,5.0,17.0,0.0,1.0,1.0,0.0,1.0,5.0,11.0,5.0,5.0,0.0,0.0,0.0,27.0,0.0,27.0,10.0,17.0,15.0,11.0,1.0,10.0,13.0,4.0,1.0,19.0,7.0,0.0,1.0,13.0,10.0,3.0,0.0,6.0,8.0,6.0,4.0,3.0,27.0,0.0,0.0,0.0,0.0,20.0,5.0,2.0,1.0,0.0,1.0,2.0,17.0,3.0,3.0,26.0,1.0,23.0,4.0,5.0,21.0,1.0,2.0,0.0,1.0,4.0,7.0,1.0,12.0,24.0,3.0,15.0,12.0,5.0,19.0,3.0,27.0,0.0,24.0,3.0,23.0,4.0,27.0,0.0,15.0,12.0,5.0,18.0,4.0,22.0,5.0,0.0,6.0,5.0,2.0,14.0,0.0,9.0,7.0,4.0,3.0,4.0,2.0,25.0,11.0,12.0,3.0,1.0,20.0,0.0,7.0,15.0,9.0,3.0,22.0,4.0,1.0,4.0,23.0,23.0,4.0,13.0,11.0,0.0,3.0,21.0,5.0,1.0,15.0,11.0,1.0,27.0,0.0,0.0,16.0,8.0,1.0,2.0,16.0,11.0,12.0,13.0,2.0,0.0,26.0,1.0,0.0,19.0,7.0,1.0,14.0,12.0,1.0,25.0,2.0,0.0,26.0,1.0,0.0,0.0,5.0,19.0,3.0,0.0,Acima da média
517,26035120,2017,1,2,2602,26005,26,2611101,261110105,2,1,1.0,1.0,1.0,0.0,0.0,0.0,0.0,0.0,0.0,0.0,0.0,0.0,0.0,1.0,1.0,0.0,0.0,0.0,0.0,1.0,0.0,0.0,0.0,1.0,0.0,0.0,1.0,0.0,0.0,0.0,0.0,0.0,1.0,1.0,1.0,1.0,0.0,1.0,0.0,1.0,1.0,1.0,0.0,1.0,0.0,0.0,1.0,1.0,0.0,1.0,1.0,1.0,1.0,1.0,1.0,0.0,1.0,1.0,1.0,0.0,0.0,0.0,0.0,0.0,12.0,11.0,1.0,0.0,1.0,0.0,1.0,1.0,1.0,1.0,1.0,1.0,1.0,1.0,1.0,3.0,0.0,1.0,0.0,1.0,1.0,3.0,1.0,1.0,12.0,1.0,1.0,18.0,2.0,16.0,1.0,1.0,37.0,1.0,0.0,0.0,0.0,0.0,0.0,1.0,0.0,0.0,1.0,0.0,1.0,0.0,0.0,0.0,1.0,0.0,0.0,0.0,0.0,0.0,0.0,1.0,0.0,0.0,0.0,0.0,0.0,0.0,0.0,0.0,0.0,0.0,0.0,0.0,0.0,0.0,0.0,0.0,0.0,12.0,22.0,49.0,0.0,0.0,2.0,0.0,7.0,50.0,23.0,5.0,0.0,0.0,0.0,0.0,85.0,2.0,83.0,49.0,36.0,41.0,40.0,4.0,25.0,49.0,11.0,0.0,56.0,29.0,0.0,3.0,39.0,38.0,5.0,0.0,9.0,23.0,35.0,13.0,5.0,79.0,5.0,1.0,0.0,0.0,68.0,10.0,7.0,2.0,9.0,2.0,7.0,43.0,16.0,6.0,82.0,3.0,71.0,14.0,47.0,36.0,2.0,0.0,12.0,19.0,9.0,26.0,3.0,16.0,77.0,8.0,54.0,31.0,54.0,29.0,2.0,84.0,1.0,78.0,7.0,76.0,9.0,85.0,0.0,59.0,26.0,30.0,48.0,7.0,69.0,15.0,1.0,9.0,26.0,23.0,26.0,1.0,41.0,22.0,9.0,2.0,11.0,9.0,76.0,54.0,26.0,4.0,1.0,78.0,2.0,5.0,69.0,12.0,4.0,83.0,2.0,0.0,13.0,72.0,79.0,6.0,47.0,25.0,4.0,9.0,62.0,17.0,6.0,38.0,40.0,7.0,78.0,2.0,5.0,67.0,10.0,1.0,7.0,59.0,26.0,47.0,31.0,3.0,4.0,81.0,2.0,2.0,54.0,28.0,3.0,46.0,36.0,3.0,73.0,8.0,4.0,78.0,3.0,0.0,4.0,14.0,55.0,16.0,0.0,Acima da média
518,26035138,2017,1,2,2602,26005,26,2611101,261110105,2,2,1.0,1.0,1.0,0.0,0.0,0.0,0.0,0.0,0.0,0.0,0.0,0.0,0.0,1.0,1.0,0.0,1.0,0.0,0.0,1.0,0.0,0.0,0.0,0.0,1.0,0.0,1.0,0.0,0.0,0.0,0.0,0.0,1.0,1.0,0.0,0.0,0.0,0.0,0.0,0.0,1.0,0.0,0.0,0.0,0.0,0.0,0.0,1.0,0.0,0.0,0.0,1.0,0.0,0.0,1.0,0.0,0.0,1.0,0.0,0.0,0.0,0.0,0.0,0.0,6.0,6.0,0.0,0.0,0.0,0.0,1.0,0.0,1.0,0.0,0.0,1.0,0.0,1.0,1.0,0.0,0.0,0.0,0.0,1.0,0.0,1.0,0.0,0.0,6.0,0.0,1.0,4.0,2.0,0.0,1.0,1.0,40.0,1.0,0.0,0.0,0.0,0.0,0.0,1.0,0.0,0.0,0.0,0.0,1.0,0.0,0.0,0.0,1.0,1.0,0.0,0.0,0.0,0.0,1.0,1.0,0.0,0.0,0.0,0.0,0.0,0.0,0.0,0.0,0.0,1.0,0.0,0.0,0.0,0.0,0.0,0.0,0.0,2.0,4.0,12.0,0.0,1.0,3.0,0.0,0.0,6.0,9.0,1.0,4.0,1.0,1.0,3.0,19.0,0.0,22.0,14.0,8.0,15.0,7.0,0.0,18.0,3.0,1.0,1.0,18.0,3.0,0.0,1.0,12.0,6.0,3.0,0.0,3.0,2.0,8.0,6.0,3.0,18.0,2.0,1.0,1.0,0.0,16.0,6.0,0.0,0.0,7.0,3.0,3.0,4.0,0.0,5.0,22.0,0.0,19.0,3.0,10.0,11.0,1.0,1.0,5.0,6.0,2.0,1.0,0.0,7.0,14.0,8.0,14.0,8.0,12.0,8.0,2.0,21.0,1.0,20.0,2.0,20.0,2.0,22.0,0.0,14.0,8.0,10.0,9.0,3.0,15.0,7.0,0.0,8.0,8.0,1.0,1.0,4.0,4.0,7.0,5.0,3.0,3.0,15.0,7.0,4.0,14.0,4.0,0.0,22.0,0.0,0.0,13.0,7.0,2.0,18.0,2.0,2.0,8.0,14.0,20.0,2.0,13.0,6.0,1.0,2.0,20.0,1.0,1.0,11.0,10.0,1.0,22.0,0.0,0.0,15.0,4.0,0.0,3.0,14.0,8.0,10.0,10.0,1.0,1.0,21.0,0.0,1.0,14.0,8.0,0.0,19.0,3.0,0.0,17.0,5.0,0.0,16.0,5.0,0.0,1.0,0.0,1.0,5.0,16.0,Abaixo da média
519,26035146,2017,1,2,2602,26005,26,2611101,261110105,2,1,1.0,1.0,1.0,0.0,0.0,0.0,0.0,0.0,0.0,0.0,0.0,0.0,0.0,1.0,1.0,0.0,0.0,0.0,0.0,1.0,0.0,0.0,0.0,1.0,0.0,0.0,1.0,0.0,0.0,0.0,0.0,0.0,1.0,1.0,1.0,0.0,1.0,1.0,0.0,1.0,1.0,1.0,0.0,1.0,0.0,0.0,0.0,1.0,0.0,1.0,0.0,1.0,0.0,0.0,0.0,0.0,0.0,0.0,0.0,0.0,0.0,0.0,0.0,0.0,11.0,11.0,1.0,0.0,1.0,0.0,1.0,1.0,1.0,0.0,1.0,1.0,0.0,0.0,1.0,8.0,0.0,3.0,0.0,1.0,1.0,3.0,0.0,2.0,18.0,0.0,0.0,26.0,3.0,18.0,1.0,1.0,77.0,1.0,1.0,1.0,0.0,0.0,0.0,1.0,0.0,0.0,1.0,0.0,1.0,0.0,0.0,0.0,1.0,1.0,0.0,0.0,0.0,0.0,1.0,1.0,0.0,0.0,0.0,0.0,0.0,0.0,0.0,0.0,0.0,0.0,1.0,0.0,0.0,0.0,0.0,0.0,0.0,31.0,24.0,99.0,8.0,1.0,8.0,0.0,2.0,48.0,72.0,27.0,10.0,4.0,8.0,6.0,165.0,1.0,170.0,78.0,93.0,87.0,68.0,16.0,65.0,83.0,23.0,0.0,98.0,73.0,0.0,10.0,71.0,79.0,11.0,1.0,24.0,42.0,44.0,37.0,23.0,143.0,19.0,7.0,1.0,1.0,130.0,31.0,10.0,6.0,19.0,12.0,28.0,67.0,21.0,18.0,158.0,13.0,140.0,31.0,86.0,79.0,6.0,6.0,26.0,14.0,23.0,58.0,10.0,34.0,153.0,18.0,117.0,54.0,59.0,83.0,29.0,166.0,5.0,158.0,13.0,152.0,19.0,167.0,4.0,113.0,58.0,46.0,98.0,27.0,117.0,47.0,7.0,27.0,32.0,34.0,70.0,8.0,50.0,65.0,15.0,17.0,24.0,44.0,127.0,64.0,91.0,11.0,5.0,139.0,6.0,26.0,100.0,52.0,19.0,153.0,12.0,6.0,33.0,138.0,141.0,30.0,118.0,46.0,6.0,1.0,139.0,26.0,6.0,105.0,59.0,7.0,162.0,4.0,5.0,130.0,32.0,5.0,4.0,88.0,83.0,105.0,52.0,11.0,3.0,157.0,10.0,4.0,124.0,44.0,3.0,118.0,50.0,3.0,160.0,9.0,2.0,139.0,27.0,3.0,2.0,15.0,77.0,76.0,3.0,Abaixo da média
520,26035251,2017,1,2,2602,26005,26,2611101,261110105,2,2,1.0,1.0,1.0,0.0,0.0,0.0,0.0,0.0,0.0,0.0,0.0,0.0,0.0,1.0,1.0,0.0,0.0,0.0,0.0,1.0,0.0,0.0,0.0,0.0,1.0,0.0,1.0,0.0,0.0,0.0,0.0,0.0,0.0,1.0,0.0,0.0,0.0,0.0,0.0,0.0,1.0,0.0,1.0,1.0,0.0,0.0,0.0,1.0,0.0,1.0,0.0,1.0,0.0,0.0,0.0,0.0,0.0,1.0,0.0,0.0,0.0,0.0,0.0,0.0,6.0,8.0,1.0,0.0,1.0,1.0,1.0,0.0,1.0,0.0,1.0,1.0,0.0,1.0,1.0,3.0,0.0,1.0,1.0,1.0,0.0,2.0,0.0,2.0,8.0,0.0,3.0,2.0,1.0,1.0,1.0,1.0,40.0,1.0,0.0,1.0,0.0,0.0,0.0,1.0,0.0,0.0,0.0,0.0,1.0,0.0,0.0,0.0,1.0,1.0,0.0,0.0,0.0,0.0,1.0,1.0,0.0,0.0,0.0,0.0,0.0,0.0,0.0,0.0,0.0,1.0,1.0,0.0,0.0,0.0,0.0,0.0,0.0,0.0,3.0,6.0,1.0,1.0,1.0,0.0,0.0,6.0,6.0,0.0,0.0,0.0,0.0,1.0,11.0,1.0,11.0,9.0,3.0,8.0,4.0,0.0,6.0,6.0,0.0,0.0,12.0,0.0,0.0,0.0,8.0,4.0,0.0,0.0,2.0,3.0,3.0,1.0,3.0,11.0,0.0,1.0,0.0,0.0,11.0,0.0,1.0,1.0,3.0,5.0,1.0,2.0,0.0,0.0,10.0,2.0,9.0,3.0,6.0,5.0,1.0,1.0,2.0,2.0,1.0,1.0,0.0,5.0,9.0,3.0,5.0,7.0,7.0,3.0,2.0,12.0,0.0,12.0,0.0,11.0,1.0,12.0,0.0,8.0,4.0,6.0,4.0,2.0,8.0,4.0,0.0,0.0,6.0,3.0,3.0,0.0,5.0,4.0,0.0,3.0,0.0,2.0,10.0,3.0,4.0,5.0,0.0,12.0,0.0,0.0,11.0,1.0,0.0,12.0,0.0,0.0,3.0,9.0,11.0,1.0,7.0,5.0,0.0,0.0,12.0,0.0,0.0,5.0,7.0,0.0,10.0,2.0,0.0,12.0,0.0,0.0,0.0,6.0,6.0,7.0,4.0,1.0,0.0,11.0,1.0,0.0,11.0,1.0,0.0,8.0,4.0,0.0,8.0,4.0,0.0,11.0,1.0,0.0,0.0,3.0,7.0,2.0,0.0,Média
521,26035316,2017,1,2,2602,26005,26,2611101,261110105,2,1,1.0,1.0,1.0,0.0,0.0,0.0,0.0,0.0,0.0,0.0,0.0,0.0,0.0,1.0,1.0,0.0,0.0,0.0,0.0,1.0,0.0,0.0,0.0,1.0,0.0,0.0,1.0,0.0,0.0,0.0,0.0,0.0,1.0,1.0,1.0,0.0,0.0,0.0,1.0,1.0,1.0,1.0,0.0,1.0,0.0,0.0,0.0,1.0,0.0,0.0,0.0,0.0,0.0,0.0,0.0,0.0,0.0,0.0,0.0,0.0,0.0,0.0,0.0,0.0,10.0,10.0,1.0,0.0,1.0,1.0,0.0,0.0,1.0,1.0,1.0,1.0,0.0,1.0,1.0,1.0,0.0,1.0,1.0,0.0,0.0,2.0,1.0,2.0,1.0,0.0,1.0,30.0,5.0,25.0,1.0,1.0,39.0,1.0,0.0,0.0,0.0,0.0,0.0,1.0,0.0,0.0,1.0,0.0,1.0,0.0,0.0,0.0,1.0,1.0,0.0,0.0,0.0,0.0,0.0,1.0,0.0,0.0,0.0,0.0,0.0,0.0,0.0,0.0,0.0,1.0,1.0,0.0,0.0,0.0,0.0,0.0,0.0,14.0,17.0,48.0,5.0,1.0,3.0,0.0,5.0,50.0,30.0,3.0,0.0,0.0,0.0,3.0,85.0,0.0,88.0,38.0,50.0,31.0,49.0,8.0,27.0,56.0,5.0,0.0,54.0,34.0,0.0,0.0,46.0,38.0,4.0,1.0,5.0,12.0,36.0,20.0,14.0,83.0,5.0,0.0,0.0,0.0,83.0,4.0,1.0,1.0,5.0,12.0,6.0,49.0,9.0,6.0,85.0,3.0,74.0,14.0,57.0,28.0,3.0,1.0,11.0,8.0,13.0,35.0,2.0,18.0,82.0,6.0,66.0,22.0,41.0,37.0,10.0,84.0,4.0,77.0,11.0,76.0,12.0,84.0,4.0,64.0,24.0,28.0,46.0,14.0,73.0,13.0,2.0,9.0,22.0,19.0,35.0,3.0,23.0,31.0,8.0,12.0,14.0,9.0,79.0,42.0,39.0,7.0,0.0,75.0,3.0,10.0,75.0,13.0,0.0,87.0,1.0,0.0,7.0,81.0,74.0,14.0,59.0,29.0,0.0,0.0,69.0,17.0,2.0,45.0,41.0,2.0,83.0,4.0,1.0,76.0,12.0,0.0,0.0,63.0,25.0,56.0,30.0,2.0,0.0,82.0,6.0,0.0,55.0,32.0,1.0,61.0,27.0,0.0,74.0,13.0,1.0,82.0,6.0,0.0,0.0,37.0,45.0,6.0,0.0,Acima da média
522,26035340,2017,1,2,2602,26005,26,2611101,261110105,2,1,1.0,1.0,1.0,0.0,0.0,0.0,0.0,0.0,0.0,0.0,1.0,0.0,0.0,1.0,1.0,0.0,0.0,0.0,0.0,1.0,0.0,0.0,0.0,1.0,0.0,0.0,1.0,0.0,0.0,0.0,0.0,0.0,1.0,1.0,1.0,0.0,1.0,0.0,1.0,1.0,1.0,1.0,0.0,1.0,0.0,0.0,0.0,1.0,0.0,1.0,0.0,0.0,0.0,0.0,0.0,0.0,0.0,0.0,0.0,0.0,0.0,0.0,0.0,0.0,9.0,13.0,1.0,0.0,1.0,0.0,1.0,1.0,1.0,1.0,1.0,1.0,0.0,1.0,1.0,4.0,0.0,2.0,0.0,1.0,1.0,2.0,2.0,2.0,1.0,0.0,1.0,14.0,2.0,10.0,1.0,1.0,52.0,1.0,1.0,1.0,0.0,0.0,0.0,1.0,0.0,0.0,1.0,0.0,1.0,0.0,0.0,0.0,1.0,0.0,0.0,0.0,0.0,0.0,1.0,1.0,0.0,0.0,0.0,0.0,0.0,0.0,0.0,0.0,0.0,0.0,0.0,0.0,0.0,0.0,0.0,0.0,0.0,9.0,2.0,35.0,1.0,1.0,3.0,0.0,1.0,21.0,15.0,5.0,4.0,1.0,4.0,1.0,50.0,1.0,50.0,31.0,20.0,34.0,17.0,0.0,29.0,19.0,3.0,0.0,37.0,14.0,1.0,4.0,26.0,19.0,1.0,0.0,6.0,5.0,13.0,14.0,13.0,46.0,3.0,2.0,0.0,0.0,37.0,11.0,3.0,1.0,10.0,11.0,8.0,14.0,0.0,7.0,45.0,6.0,36.0,15.0,24.0,22.0,5.0,6.0,9.0,11.0,6.0,3.0,1.0,15.0,41.0,10.0,24.0,27.0,19.0,24.0,8.0,49.0,2.0,47.0,4.0,44.0,7.0,50.0,1.0,36.0,15.0,17.0,30.0,4.0,30.0,18.0,3.0,8.0,10.0,14.0,14.0,5.0,14.0,16.0,8.0,7.0,6.0,13.0,38.0,15.0,24.0,12.0,0.0,48.0,0.0,3.0,28.0,16.0,7.0,46.0,2.0,3.0,21.0,30.0,47.0,4.0,44.0,6.0,0.0,1.0,46.0,4.0,1.0,30.0,19.0,2.0,45.0,5.0,1.0,49.0,1.0,0.0,1.0,31.0,20.0,34.0,16.0,0.0,1.0,48.0,2.0,1.0,34.0,16.0,1.0,38.0,12.0,1.0,42.0,8.0,1.0,41.0,8.0,1.0,1.0,19.0,24.0,8.0,0.0,Abaixo da média
523,26035367,2017,1,2,2602,26005,26,2611101,261110105,2,1,1.0,1.0,2.0,0.0,0.0,0.0,0.0,0.0,0.0,0.0,0.0,0.0,0.0,1.0,1.0,0.0,0.0,0.0,0.0,1.0,0.0,0.0,0.0,1.0,1.0,0.0,1.0,0.0,0.0,0.0,0.0,0.0,1.0,1.0,1.0,0.0,0.0,0.0,1.0,1.0,1.0,1.0,0.0,1.0,0.0,0.0,0.0,1.0,0.0,0.0,0.0,0.0,0.0,0.0,0.0,0.0,0.0,0.0,0.0,0.0,0.0,0.0,0.0,0.0,10.0,15.0,1.0,0.0,0.0,0.0,1.0,1.0,1.0,0.0,1.0,0.0,0.0,0.0,1.0,4.0,0.0,0.0,0.0,1.0,1.0,2.0,0.0,1.0,0.0,0.0,0.0,22.0,3.0,18.0,1.0,0.0,45.0,1.0,0.0,0.0,0.0,0.0,0.0,1.0,0.0,0.0,1.0,0.0,1.0,0.0,0.0,0.0,1.0,1.0,0.0,0.0,0.0,0.0,1.0,1.0,0.0,0.0,0.0,0.0,0.0,0.0,0.0,0.0,0.0,1.0,1.0,0.0,0.0,0.0,0.0,0.0,0.0,7.0,12.0,29.0,1.0,2.0,3.0,0.0,1.0,15.0,13.0,10.0,7.0,2.0,6.0,3.0,51.0,1.0,53.0,30.0,24.0,38.0,14.0,2.0,36.0,13.0,5.0,1.0,44.0,9.0,2.0,9.0,28.0,11.0,4.0,0.0,5.0,13.0,13.0,12.0,11.0,49.0,3.0,1.0,1.0,0.0,34.0,18.0,2.0,2.0,14.0,8.0,5.0,17.0,2.0,6.0,46.0,8.0,44.0,10.0,21.0,31.0,2.0,5.0,15.0,4.0,7.0,11.0,0.0,12.0,39.0,15.0,33.0,21.0,22.0,22.0,10.0,51.0,3.0,49.0,5.0,45.0,9.0,52.0,2.0,42.0,12.0,18.0,31.0,5.0,40.0,12.0,2.0,12.0,7.0,10.0,19.0,6.0,9.0,21.0,5.0,13.0,6.0,15.0,39.0,21.0,20.0,13.0,0.0,50.0,1.0,3.0,25.0,11.0,18.0,44.0,6.0,4.0,20.0,34.0,45.0,9.0,38.0,14.0,0.0,2.0,40.0,12.0,2.0,30.0,22.0,2.0,51.0,2.0,1.0,48.0,4.0,0.0,2.0,36.0,18.0,33.0,20.0,1.0,0.0,49.0,4.0,1.0,30.0,23.0,1.0,31.0,22.0,1.0,41.0,12.0,1.0,49.0,5.0,0.0,0.0,8.0,18.0,26.0,2.0,Abaixo da média
524,26035502,2017,1,2,2602,26005,26,2611101,261110105,2,2,1.0,1.0,1.0,0.0,0.0,0.0,0.0,0.0,0.0,0.0,0.0,0.0,0.0,1.0,1.0,0.0,0.0,0.0,0.0,1.0,0.0,0.0,0.0,0.0,1.0,0.0,1.0,0.0,0.0,0.0,0.0,0.0,0.0,1.0,1.0,0.0,0.0,0.0,1.0,1.0,1.0,1.0,0.0,1.0,0.0,0.0,0.0,1.0,0.0,0.0,0.0,0.0,0.0,0.0,0.0,0.0,0.0,0.0,0.0,0.0,0.0,0.0,0.0,0.0,10.0,10.0,1.0,0.0,1.0,1.0,1.0,1.0,1.0,0.0,1.0,1.0,0.0,1.0,1.0,1.0,0.0,1.0,1.0,3.0,8.0,1.0,0.0,2.0,7.0,0.0,3.0,22.0,3.0,19.0,1.0,0.0,37.0,1.0,0.0,1.0,0.0,0.0,0.0,1.0,0.0,0.0,1.0,0.0,1.0,0.0,0.0,0.0,1.0,1.0,0.0,0.0,0.0,0.0,1.0,1.0,0.0,0.0,0.0,0.0,0.0,0.0,0.0,0.0,0.0,1.0,1.0,0.0,0.0,0.0,0.0,0.0,0.0,6.0,3.0,36.0,1.0,0.0,0.0,0.0,4.0,15.0,15.0,7.0,2.0,1.0,2.0,4.0,42.0,0.0,46.0,27.0,19.0,27.0,17.0,2.0,27.0,18.0,1.0,0.0,34.0,12.0,0.0,3.0,15.0,23.0,5.0,0.0,5.0,7.0,15.0,11.0,8.0,43.0,2.0,0.0,0.0,1.0,34.0,9.0,3.0,1.0,10.0,10.0,11.0,10.0,1.0,3.0,39.0,7.0,32.0,14.0,26.0,19.0,1.0,4.0,10.0,8.0,6.0,8.0,1.0,9.0,36.0,10.0,28.0,18.0,23.0,20.0,3.0,45.0,1.0,41.0,5.0,41.0,5.0,45.0,1.0,26.0,20.0,14.0,26.0,6.0,33.0,12.0,1.0,9.0,14.0,6.0,15.0,2.0,9.0,15.0,7.0,11.0,4.0,11.0,35.0,23.0,10.0,13.0,0.0,45.0,0.0,1.0,26.0,14.0,6.0,42.0,2.0,2.0,8.0,38.0,36.0,10.0,31.0,12.0,0.0,3.0,42.0,4.0,0.0,24.0,22.0,0.0,41.0,4.0,1.0,39.0,5.0,1.0,1.0,33.0,13.0,35.0,10.0,1.0,0.0,46.0,0.0,0.0,33.0,13.0,0.0,34.0,12.0,0.0,32.0,14.0,0.0,42.0,3.0,1.0,0.0,4.0,11.0,28.0,3.0,Abaixo da média
525,26035553,2017,1,2,2602,26005,26,2611101,261110105,2,1,1.0,1.0,3.0,0.0,0.0,0.0,0.0,0.0,0.0,0.0,0.0,0.0,0.0,1.0,1.0,0.0,0.0,0.0,0.0,1.0,0.0,0.0,0.0,0.0,1.0,0.0,1.0,0.0,0.0,0.0,0.0,0.0,1.0,1.0,1.0,1.0,0.0,1.0,1.0,1.0,1.0,1.0,1.0,1.0,0.0,0.0,1.0,1.0,0.0,0.0,0.0,1.0,1.0,0.0,0.0,0.0,1.0,0.0,1.0,0.0,0.0,0.0,0.0,0.0,25.0,18.0,1.0,0.0,1.0,1.0,1.0,1.0,1.0,1.0,1.0,1.0,0.0,1.0,1.0,4.0,0.0,5.0,1.0,1.0,7.0,3.0,3.0,14.0,32.0,0.0,2.0,29.0,2.0,24.0,1.0,1.0,54.0,1.0,1.0,1.0,0.0,0.0,0.0,1.0,0.0,0.0,0.0,0.0,1.0,0.0,0.0,0.0,1.0,0.0,0.0,0.0,0.0,0.0,1.0,1.0,0.0,0.0,0.0,0.0,0.0,0.0,0.0,0.0,0.0,0.0,0.0,0.0,0.0,0.0,0.0,0.0,0.0,18.0,22.0,53.0,2.0,3.0,4.0,0.0,6.0,54.0,30.0,11.0,0.0,1.0,0.0,4.0,98.0,1.0,101.0,49.0,53.0,46.0,51.0,5.0,21.0,55.0,26.0,0.0,46.0,56.0,0.0,2.0,40.0,49.0,11.0,0.0,8.0,16.0,37.0,29.0,12.0,100.0,1.0,1.0,0.0,0.0,91.0,8.0,3.0,0.0,2.0,7.0,10.0,58.0,22.0,3.0,101.0,1.0,83.0,19.0,66.0,33.0,3.0,0.0,3.0,7.0,10.0,54.0,12.0,16.0,100.0,2.0,64.0,38.0,34.0,46.0,22.0,102.0,0.0,95.0,7.0,92.0,10.0,97.0,5.0,67.0,35.0,35.0,56.0,11.0,84.0,16.0,2.0,5.0,17.0,30.0,50.0,0.0,42.0,35.0,13.0,1.0,11.0,12.0,90.0,51.0,46.0,5.0,0.0,94.0,0.0,8.0,76.0,20.0,6.0,100.0,2.0,0.0,2.0,100.0,64.0,38.0,57.0,30.0,2.0,13.0,78.0,11.0,13.0,51.0,38.0,13.0,86.0,3.0,13.0,31.0,45.0,11.0,15.0,78.0,24.0,86.0,14.0,0.0,2.0,93.0,7.0,2.0,79.0,21.0,2.0,74.0,26.0,2.0,95.0,5.0,2.0,96.0,4.0,0.0,2.0,4.0,26.0,68.0,4.0,Acima da média
526,26035561,2017,1,2,2602,26005,26,2611101,261110105,2,1,1.0,1.0,2.0,0.0,0.0,0.0,0.0,0.0,0.0,0.0,0.0,0.0,0.0,1.0,1.0,0.0,0.0,0.0,0.0,1.0,0.0,0.0,0.0,1.0,0.0,0.0,1.0,0.0,0.0,0.0,0.0,0.0,1.0,1.0,0.0,0.0,0.0,0.0,1.0,1.0,1.0,1.0,0.0,1.0,0.0,0.0,0.0,1.0,0.0,0.0,0.0,0.0,0.0,0.0,0.0,0.0,0.0,0.0,0.0,0.0,0.0,0.0,0.0,0.0,9.0,9.0,1.0,0.0,0.0,0.0,0.0,0.0,0.0,1.0,0.0,1.0,0.0,1.0,1.0,2.0,0.0,0.0,0.0,0.0,0.0,0.0,3.0,0.0,2.0,0.0,2.0,8.0,3.0,3.0,1.0,1.0,64.0,1.0,0.0,1.0,0.0,0.0,0.0,1.0,0.0,0.0,1.0,0.0,1.0,0.0,0.0,0.0,1.0,1.0,0.0,0.0,0.0,0.0,1.0,1.0,0.0,0.0,0.0,0.0,0.0,0.0,0.0,0.0,0.0,0.0,1.0,0.0,0.0,0.0,0.0,0.0,0.0,20.0,9.0,65.0,7.0,0.0,10.0,0.0,2.0,42.0,34.0,22.0,7.0,3.0,1.0,5.0,106.0,0.0,111.0,58.0,53.0,66.0,40.0,5.0,51.0,49.0,11.0,0.0,83.0,28.0,0.0,7.0,62.0,37.0,5.0,2.0,4.0,20.0,33.0,28.0,24.0,101.0,7.0,1.0,2.0,0.0,98.0,10.0,3.0,1.0,18.0,19.0,16.0,40.0,6.0,11.0,101.0,10.0,89.0,22.0,64.0,44.0,3.0,2.0,17.0,16.0,19.0,28.0,6.0,23.0,98.0,13.0,71.0,40.0,49.0,49.0,13.0,110.0,1.0,103.0,8.0,95.0,16.0,108.0,3.0,76.0,35.0,37.0,58.0,16.0,79.0,28.0,4.0,19.0,35.0,23.0,30.0,4.0,26.0,50.0,10.0,11.0,14.0,37.0,74.0,49.0,44.0,17.0,1.0,100.0,0.0,11.0,65.0,30.0,16.0,108.0,2.0,1.0,19.0,92.0,91.0,20.0,73.0,33.0,1.0,4.0,95.0,11.0,5.0,76.0,30.0,5.0,103.0,4.0,4.0,90.0,14.0,2.0,5.0,76.0,35.0,67.0,41.0,3.0,0.0,105.0,5.0,1.0,85.0,24.0,2.0,80.0,30.0,1.0,95.0,15.0,1.0,103.0,8.0,0.0,0.0,11.0,57.0,43.0,0.0,Abaixo da média
527,26035600,2017,1,2,2602,26005,26,2611101,261110105,2,1,1.0,1.0,1.0,0.0,0.0,0.0,0.0,0.0,0.0,0.0,0.0,0.0,0.0,1.0,1.0,0.0,0.0,0.0,0.0,1.0,0.0,0.0,0.0,1.0,0.0,0.0,1.0,0.0,0.0,0.0,0.0,0.0,1.0,1.0,1.0,1.0,1.0,0.0,1.0,1.0,1.0,1.0,0.0,1.0,0.0,0.0,0.0,1.0,0.0,1.0,0.0,0.0,0.0,0.0,0.0,0.0,0.0,0.0,0.0,0.0,0.0,0.0,0.0,0.0,10.0,9.0,1.0,0.0,1.0,0.0,1.0,1.0,1.0,0.0,1.0,1.0,0.0,1.0,1.0,1.0,0.0,1.0,0.0,1.0,1.0,2.0,0.0,2.0,4.0,0.0,1.0,22.0,4.0,18.0,1.0,1.0,37.0,1.0,1.0,1.0,0.0,0.0,0.0,1.0,0.0,1.0,1.0,0.0,1.0,0.0,0.0,0.0,1.0,0.0,0.0,0.0,0.0,0.0,1.0,1.0,0.0,0.0,0.0,0.0,0.0,0.0,0.0,0.0,0.0,0.0,0.0,0.0,0.0,0.0,0.0,0.0,0.0,10.0,21.0,32.0,4.0,1.0,2.0,0.0,1.0,35.0,22.0,9.0,3.0,0.0,0.0,1.0,69.0,0.0,70.0,34.0,36.0,30.0,38.0,2.0,23.0,39.0,8.0,0.0,39.0,31.0,0.0,5.0,30.0,28.0,7.0,0.0,6.0,14.0,20.0,23.0,7.0,62.0,4.0,3.0,1.0,0.0,51.0,13.0,6.0,1.0,9.0,10.0,12.0,30.0,6.0,2.0,68.0,2.0,57.0,13.0,37.0,30.0,3.0,2.0,10.0,10.0,11.0,21.0,4.0,12.0,62.0,8.0,41.0,29.0,29.0,31.0,10.0,69.0,1.0,62.0,8.0,58.0,12.0,70.0,0.0,37.0,33.0,21.0,39.0,10.0,50.0,19.0,1.0,12.0,21.0,15.0,20.0,2.0,25.0,26.0,6.0,6.0,7.0,21.0,49.0,34.0,26.0,8.0,2.0,53.0,3.0,14.0,41.0,22.0,7.0,66.0,4.0,0.0,9.0,61.0,51.0,19.0,39.0,25.0,4.0,2.0,56.0,11.0,3.0,29.0,36.0,5.0,64.0,3.0,3.0,56.0,13.0,0.0,1.0,45.0,25.0,41.0,25.0,3.0,1.0,65.0,3.0,2.0,39.0,29.0,2.0,45.0,23.0,2.0,55.0,13.0,2.0,63.0,4.0,2.0,1.0,13.0,35.0,22.0,0.0,Acima da média
528,26035979,2017,1,2,2602,26005,26,2611101,261110105,2,1,1.0,1.0,1.0,0.0,0.0,0.0,0.0,0.0,0.0,0.0,1.0,0.0,0.0,1.0,1.0,0.0,0.0,0.0,0.0,1.0,0.0,0.0,0.0,1.0,0.0,0.0,1.0,0.0,0.0,0.0,0.0,0.0,1.0,1.0,1.0,0.0,0.0,0.0,1.0,1.0,1.0,1.0,0.0,1.0,0.0,0.0,0.0,1.0,0.0,1.0,0.0,0.0,0.0,0.0,0.0,0.0,0.0,0.0,0.0,0.0,0.0,0.0,0.0,0.0,10.0,15.0,1.0,0.0,0.0,0.0,1.0,1.0,1.0,0.0,0.0,1.0,0.0,1.0,1.0,4.0,0.0,0.0,0.0,2.0,1.0,3.0,0.0,0.0,9.0,0.0,3.0,20.0,4.0,16.0,1.0,1.0,55.0,1.0,1.0,1.0,0.0,0.0,0.0,1.0,0.0,0.0,1.0,0.0,1.0,0.0,0.0,0.0,1.0,1.0,0.0,0.0,0.0,0.0,1.0,1.0,0.0,0.0,0.0,0.0,0.0,0.0,0.0,0.0,0.0,0.0,1.0,0.0,0.0,0.0,0.0,0.0,0.0,11.0,5.0,24.0,2.0,2.0,2.0,0.0,4.0,21.0,12.0,8.0,1.0,0.0,0.0,2.0,44.0,0.0,46.0,23.0,23.0,27.0,16.0,3.0,17.0,27.0,2.0,0.0,27.0,19.0,0.0,2.0,19.0,19.0,6.0,0.0,2.0,10.0,15.0,12.0,7.0,40.0,3.0,3.0,0.0,0.0,39.0,4.0,3.0,0.0,5.0,3.0,6.0,19.0,7.0,6.0,43.0,3.0,30.0,16.0,28.0,17.0,1.0,1.0,8.0,9.0,3.0,17.0,3.0,5.0,41.0,5.0,21.0,25.0,27.0,12.0,7.0,44.0,2.0,41.0,5.0,39.0,7.0,45.0,1.0,27.0,19.0,15.0,23.0,8.0,30.0,15.0,1.0,5.0,9.0,9.0,22.0,1.0,12.0,16.0,2.0,5.0,11.0,12.0,34.0,12.0,28.0,6.0,0.0,39.0,1.0,6.0,33.0,11.0,2.0,43.0,3.0,0.0,6.0,40.0,40.0,6.0,36.0,9.0,1.0,0.0,42.0,4.0,0.0,28.0,17.0,1.0,44.0,1.0,1.0,37.0,8.0,1.0,0.0,31.0,15.0,31.0,14.0,1.0,0.0,44.0,2.0,0.0,42.0,4.0,0.0,27.0,19.0,0.0,42.0,4.0,0.0,43.0,3.0,0.0,0.0,12.0,23.0,11.0,0.0,Acima da média
529,26036037,2017,1,2,2602,26005,26,2611101,261110105,2,1,1.0,1.0,2.0,0.0,0.0,0.0,0.0,0.0,0.0,0.0,0.0,0.0,0.0,1.0,1.0,0.0,0.0,0.0,0.0,1.0,0.0,0.0,0.0,1.0,0.0,0.0,1.0,0.0,0.0,0.0,0.0,0.0,1.0,1.0,1.0,0.0,1.0,0.0,1.0,1.0,1.0,0.0,0.0,0.0,0.0,0.0,0.0,1.0,0.0,1.0,1.0,1.0,0.0,0.0,1.0,0.0,0.0,1.0,1.0,0.0,0.0,1.0,0.0,0.0,13.0,13.0,1.0,0.0,1.0,0.0,1.0,0.0,1.0,1.0,1.0,1.0,0.0,1.0,1.0,4.0,0.0,2.0,0.0,2.0,0.0,4.0,4.0,1.0,3.0,0.0,1.0,26.0,8.0,18.0,1.0,0.0,74.0,1.0,1.0,1.0,0.0,0.0,0.0,1.0,0.0,0.0,1.0,0.0,1.0,0.0,0.0,0.0,1.0,0.0,0.0,0.0,0.0,0.0,1.0,1.0,0.0,0.0,0.0,0.0,0.0,0.0,0.0,0.0,0.0,0.0,0.0,0.0,0.0,0.0,0.0,0.0,0.0,19.0,25.0,47.0,6.0,1.0,12.0,0.0,3.0,44.0,43.0,16.0,2.0,1.0,1.0,5.0,105.0,1.0,109.0,52.0,58.0,57.0,44.0,9.0,46.0,54.0,10.0,3.0,65.0,42.0,0.0,9.0,59.0,38.0,4.0,1.0,9.0,16.0,45.0,23.0,16.0,99.0,5.0,5.0,0.0,1.0,90.0,18.0,2.0,2.0,17.0,17.0,18.0,36.0,8.0,12.0,102.0,8.0,91.0,19.0,61.0,47.0,2.0,4.0,16.0,17.0,19.0,29.0,5.0,20.0,98.0,12.0,77.0,33.0,39.0,48.0,23.0,106.0,4.0,102.0,8.0,95.0,15.0,106.0,4.0,78.0,32.0,32.0,62.0,16.0,72.0,36.0,2.0,14.0,27.0,20.0,46.0,3.0,28.0,32.0,14.0,14.0,22.0,38.0,72.0,49.0,38.0,19.0,4.0,89.0,5.0,16.0,57.0,38.0,15.0,102.0,7.0,1.0,29.0,81.0,84.0,26.0,75.0,31.0,3.0,1.0,90.0,16.0,4.0,69.0,35.0,6.0,101.0,6.0,3.0,87.0,14.0,3.0,6.0,75.0,35.0,78.0,27.0,5.0,0.0,102.0,7.0,1.0,72.0,35.0,3.0,77.0,31.0,2.0,96.0,13.0,1.0,97.0,8.0,5.0,0.0,9.0,39.0,61.0,1.0,Abaixo da média
530,26036045,2017,1,2,2602,26005,26,2611101,261110105,2,1,1.0,1.0,1.0,0.0,0.0,0.0,0.0,0.0,0.0,0.0,0.0,0.0,0.0,1.0,1.0,0.0,0.0,0.0,0.0,1.0,0.0,0.0,0.0,1.0,0.0,0.0,1.0,0.0,0.0,0.0,0.0,0.0,1.0,1.0,1.0,0.0,0.0,1.0,0.0,1.0,1.0,1.0,0.0,1.0,0.0,0.0,0.0,1.0,0.0,0.0,0.0,0.0,0.0,0.0,0.0,0.0,0.0,0.0,0.0,0.0,0.0,0.0,0.0,0.0,16.0,16.0,0.0,0.0,0.0,0.0,0.0,0.0,0.0,0.0,0.0,0.0,0.0,0.0,1.0,0.0,0.0,0.0,0.0,0.0,0.0,0.0,0.0,0.0,0.0,0.0,0.0,12.0,2.0,10.0,1.0,1.0,59.0,1.0,0.0,0.0,0.0,0.0,0.0,1.0,0.0,0.0,1.0,0.0,1.0,0.0,0.0,0.0,1.0,0.0,0.0,0.0,0.0,0.0,1.0,1.0,0.0,0.0,0.0,0.0,0.0,0.0,0.0,0.0,0.0,0.0,0.0,0.0,0.0,0.0,0.0,0.0,0.0,12.0,11.0,45.0,5.0,2.0,4.0,0.0,1.0,29.0,33.0,10.0,2.0,3.0,1.0,1.0,78.0,2.0,77.0,39.0,40.0,42.0,29.0,8.0,28.0,39.0,12.0,1.0,44.0,34.0,0.0,4.0,36.0,33.0,6.0,0.0,6.0,18.0,25.0,23.0,7.0,74.0,3.0,0.0,2.0,0.0,67.0,11.0,1.0,0.0,6.0,9.0,14.0,33.0,12.0,5.0,79.0,0.0,70.0,9.0,46.0,31.0,2.0,0.0,8.0,13.0,12.0,24.0,5.0,17.0,73.0,6.0,55.0,24.0,29.0,36.0,14.0,76.0,3.0,72.0,7.0,69.0,10.0,77.0,2.0,53.0,26.0,28.0,38.0,13.0,61.0,18.0,0.0,3.0,17.0,13.0,43.0,3.0,25.0,19.0,11.0,10.0,14.0,19.0,60.0,37.0,36.0,6.0,0.0,64.0,3.0,12.0,42.0,28.0,9.0,76.0,2.0,1.0,13.0,66.0,61.0,18.0,41.0,36.0,1.0,1.0,62.0,15.0,2.0,39.0,36.0,4.0,71.0,6.0,2.0,72.0,6.0,1.0,0.0,25.0,54.0,33.0,41.0,3.0,2.0,68.0,9.0,2.0,44.0,33.0,2.0,38.0,39.0,2.0,71.0,6.0,2.0,63.0,14.0,1.0,1.0,2.0,20.0,56.0,1.0,Abaixo da média
532,26036118,2017,1,2,2602,26005,26,2611101,261110105,2,1,1.0,1.0,1.0,0.0,0.0,0.0,0.0,0.0,0.0,0.0,0.0,0.0,0.0,1.0,1.0,0.0,0.0,0.0,0.0,1.0,0.0,0.0,0.0,1.0,0.0,0.0,1.0,0.0,0.0,0.0,0.0,0.0,1.0,1.0,1.0,1.0,0.0,1.0,0.0,1.0,1.0,1.0,0.0,1.0,0.0,0.0,0.0,1.0,0.0,0.0,0.0,0.0,0.0,0.0,0.0,0.0,0.0,0.0,0.0,0.0,0.0,0.0,0.0,0.0,10.0,9.0,1.0,1.0,1.0,0.0,1.0,1.0,1.0,1.0,1.0,1.0,0.0,1.0,1.0,1.0,1.0,1.0,0.0,1.0,1.0,1.0,1.0,3.0,1.0,0.0,1.0,22.0,4.0,18.0,1.0,1.0,70.0,1.0,0.0,1.0,0.0,0.0,0.0,1.0,0.0,0.0,1.0,0.0,1.0,0.0,0.0,0.0,1.0,1.0,0.0,0.0,0.0,0.0,1.0,1.0,0.0,0.0,0.0,0.0,0.0,0.0,0.0,0.0,0.0,0.0,1.0,0.0,0.0,0.0,0.0,0.0,0.0,9.0,12.0,50.0,7.0,2.0,4.0,0.0,1.0,43.0,35.0,4.0,0.0,0.0,1.0,4.0,80.0,0.0,84.0,52.0,32.0,65.0,19.0,0.0,57.0,26.0,1.0,0.0,64.0,20.0,0.0,12.0,48.0,22.0,2.0,0.0,13.0,16.0,27.0,10.0,18.0,77.0,5.0,0.0,2.0,0.0,58.0,20.0,6.0,6.0,20.0,16.0,8.0,23.0,1.0,10.0,71.0,13.0,64.0,20.0,36.0,44.0,4.0,6.0,14.0,15.0,10.0,16.0,2.0,21.0,69.0,15.0,51.0,33.0,34.0,33.0,17.0,81.0,3.0,77.0,7.0,71.0,13.0,84.0,0.0,48.0,36.0,22.0,51.0,11.0,60.0,22.0,2.0,22.0,22.0,17.0,22.0,1.0,16.0,30.0,16.0,7.0,15.0,14.0,70.0,32.0,35.0,16.0,1.0,80.0,1.0,3.0,67.0,16.0,1.0,81.0,2.0,1.0,19.0,65.0,72.0,12.0,51.0,28.0,2.0,3.0,65.0,13.0,6.0,43.0,33.0,8.0,71.0,7.0,6.0,60.0,18.0,1.0,5.0,48.0,36.0,50.0,29.0,2.0,3.0,78.0,3.0,3.0,43.0,37.0,4.0,55.0,24.0,5.0,54.0,25.0,5.0,59.0,19.0,3.0,3.0,2.0,20.0,57.0,5.0,Abaixo da média
533,26036134,2017,1,2,2602,26005,26,2611101,261110105,2,2,1.0,1.0,1.0,0.0,0.0,0.0,0.0,0.0,0.0,0.0,0.0,0.0,0.0,1.0,1.0,0.0,0.0,0.0,0.0,1.0,0.0,0.0,0.0,0.0,1.0,0.0,1.0,0.0,0.0,0.0,0.0,0.0,0.0,1.0,1.0,0.0,1.0,0.0,0.0,0.0,1.0,1.0,0.0,1.0,0.0,0.0,0.0,1.0,0.0,0.0,0.0,0.0,0.0,0.0,0.0,0.0,0.0,0.0,0.0,0.0,0.0,0.0,0.0,0.0,8.0,8.0,1.0,0.0,1.0,0.0,0.0,0.0,1.0,1.0,0.0,1.0,0.0,1.0,1.0,4.0,0.0,4.0,0.0,0.0,0.0,2.0,2.0,0.0,3.0,0.0,2.0,20.0,5.0,15.0,1.0,1.0,44.0,1.0,1.0,1.0,0.0,0.0,0.0,1.0,0.0,0.0,0.0,0.0,1.0,0.0,0.0,0.0,1.0,1.0,0.0,0.0,0.0,0.0,1.0,1.0,0.0,0.0,0.0,0.0,0.0,0.0,0.0,0.0,0.0,1.0,1.0,0.0,0.0,0.0,0.0,0.0,0.0,7.0,10.0,34.0,4.0,0.0,7.0,0.0,0.0,28.0,18.0,6.0,1.0,2.0,7.0,5.0,57.0,2.0,60.0,38.0,24.0,44.0,16.0,2.0,46.0,12.0,4.0,0.0,53.0,9.0,0.0,5.0,29.0,21.0,7.0,1.0,6.0,7.0,18.0,14.0,16.0,57.0,2.0,1.0,2.0,0.0,46.0,13.0,3.0,8.0,19.0,8.0,4.0,9.0,5.0,9.0,51.0,11.0,45.0,17.0,39.0,22.0,1.0,13.0,20.0,9.0,4.0,5.0,1.0,10.0,44.0,18.0,36.0,26.0,30.0,24.0,8.0,60.0,2.0,54.0,8.0,53.0,9.0,61.0,1.0,43.0,19.0,20.0,32.0,10.0,46.0,15.0,1.0,17.0,18.0,8.0,12.0,7.0,14.0,18.0,6.0,16.0,8.0,20.0,42.0,1.0,41.0,15.0,5.0,60.0,0.0,2.0,44.0,15.0,3.0,51.0,10.0,1.0,25.0,37.0,54.0,8.0,45.0,12.0,2.0,3.0,49.0,10.0,3.0,32.0,27.0,3.0,54.0,5.0,3.0,49.0,9.0,0.0,4.0,35.0,27.0,31.0,26.0,5.0,0.0,58.0,3.0,1.0,37.0,24.0,1.0,44.0,16.0,2.0,39.0,21.0,2.0,54.0,6.0,0.0,2.0,5.0,24.0,30.0,3.0,Abaixo da média
534,26036169,2017,1,2,2602,26005,26,2611101,261110105,2,2,1.0,1.0,1.0,0.0,0.0,0.0,0.0,0.0,0.0,0.0,1.0,1.0,0.0,1.0,1.0,0.0,0.0,0.0,0.0,1.0,0.0,0.0,0.0,0.0,1.0,0.0,1.0,0.0,0.0,0.0,0.0,0.0,1.0,1.0,0.0,0.0,0.0,0.0,0.0,0.0,1.0,1.0,0.0,1.0,0.0,0.0,0.0,1.0,0.0,0.0,0.0,0.0,0.0,0.0,0.0,0.0,0.0,0.0,0.0,0.0,0.0,0.0,0.0,0.0,9.0,13.0,1.0,1.0,1.0,1.0,1.0,1.0,1.0,0.0,1.0,1.0,1.0,1.0,1.0,1.0,1.0,1.0,1.0,1.0,2.0,2.0,0.0,1.0,1.0,1.0,1.0,6.0,6.0,0.0,1.0,0.0,33.0,1.0,0.0,0.0,0.0,0.0,0.0,1.0,0.0,0.0,1.0,0.0,1.0,0.0,0.0,0.0,1.0,1.0,0.0,0.0,0.0,0.0,1.0,1.0,0.0,0.0,0.0,0.0,0.0,0.0,0.0,0.0,0.0,1.0,1.0,0.0,0.0,0.0,0.0,0.0,0.0,13.0,8.0,23.0,3.0,1.0,4.0,0.0,0.0,27.0,14.0,6.0,4.0,0.0,1.0,4.0,48.0,3.0,49.0,34.0,18.0,34.0,15.0,3.0,33.0,19.0,0.0,2.0,41.0,9.0,1.0,8.0,18.0,22.0,3.0,2.0,7.0,10.0,18.0,9.0,6.0,48.0,3.0,0.0,1.0,0.0,38.0,12.0,2.0,4.0,10.0,12.0,4.0,10.0,5.0,7.0,45.0,7.0,44.0,8.0,27.0,21.0,4.0,5.0,10.0,10.0,3.0,9.0,1.0,14.0,41.0,11.0,32.0,20.0,34.0,14.0,4.0,51.0,1.0,52.0,0.0,49.0,3.0,52.0,0.0,43.0,9.0,15.0,32.0,5.0,26.0,23.0,3.0,9.0,16.0,5.0,16.0,6.0,8.0,11.0,6.0,9.0,18.0,14.0,38.0,11.0,33.0,6.0,2.0,52.0,0.0,0.0,38.0,9.0,5.0,47.0,4.0,1.0,16.0,36.0,45.0,7.0,31.0,20.0,1.0,0.0,41.0,9.0,2.0,27.0,24.0,1.0,45.0,7.0,0.0,49.0,2.0,1.0,0.0,32.0,20.0,27.0,24.0,1.0,0.0,50.0,2.0,0.0,27.0,24.0,1.0,37.0,15.0,0.0,37.0,15.0,0.0,51.0,1.0,0.0,0.0,1.0,13.0,23.0,15.0,Abaixo da média
535,26036177,2017,1,2,2602,26005,26,2611101,261110105,2,2,1.0,1.0,1.0,0.0,0.0,0.0,0.0,0.0,0.0,0.0,0.0,0.0,0.0,0.0,1.0,0.0,0.0,0.0,0.0,1.0,0.0,0.0,0.0,0.0,1.0,0.0,1.0,0.0,0.0,0.0,0.0,0.0,0.0,1.0,1.0,0.0,0.0,0.0,1.0,1.0,1.0,1.0,0.0,1.0,0.0,0.0,0.0,1.0,0.0,1.0,0.0,0.0,0.0,0.0,0.0,0.0,0.0,0.0,0.0,0.0,0.0,0.0,0.0,0.0,8.0,8.0,1.0,0.0,0.0,0.0,0.0,1.0,1.0,0.0,1.0,1.0,0.0,1.0,1.0,2.0,0.0,0.0,0.0,0.0,1.0,3.0,0.0,1.0,4.0,0.0,1.0,7.0,2.0,5.0,1.0,1.0,40.0,1.0,0.0,1.0,0.0,0.0,0.0,1.0,0.0,0.0,1.0,0.0,1.0,0.0,0.0,0.0,1.0,1.0,0.0,0.0,0.0,0.0,1.0,1.0,0.0,0.0,0.0,0.0,0.0,0.0,0.0,0.0,0.0,1.0,1.0,0.0,0.0,0.0,0.0,0.0,0.0,7.0,8.0,17.0,0.0,1.0,3.0,0.0,0.0,13.0,8.0,6.0,5.0,1.0,3.0,2.0,34.0,1.0,35.0,17.0,19.0,20.0,14.0,2.0,25.0,10.0,1.0,0.0,26.0,10.0,0.0,8.0,11.0,10.0,7.0,1.0,5.0,6.0,11.0,4.0,9.0,31.0,3.0,1.0,0.0,1.0,21.0,14.0,1.0,1.0,8.0,6.0,4.0,11.0,0.0,6.0,31.0,5.0,28.0,8.0,17.0,18.0,1.0,2.0,14.0,5.0,2.0,6.0,0.0,7.0,32.0,4.0,25.0,11.0,17.0,12.0,7.0,36.0,0.0,36.0,0.0,33.0,3.0,36.0,0.0,29.0,7.0,13.0,23.0,0.0,23.0,12.0,1.0,12.0,9.0,1.0,11.0,3.0,10.0,8.0,3.0,7.0,8.0,14.0,22.0,6.0,19.0,11.0,0.0,34.0,0.0,2.0,21.0,11.0,4.0,28.0,6.0,2.0,13.0,23.0,35.0,1.0,22.0,13.0,0.0,1.0,33.0,3.0,0.0,23.0,13.0,0.0,27.0,9.0,0.0,35.0,0.0,0.0,1.0,29.0,7.0,20.0,13.0,2.0,1.0,34.0,1.0,1.0,30.0,5.0,1.0,29.0,6.0,1.0,22.0,13.0,1.0,28.0,7.0,0.0,1.0,8.0,25.0,3.0,0.0,Abaixo da média
536,26036193,2017,1,2,2602,26005,26,2611101,261110105,2,2,1.0,1.0,1.0,0.0,0.0,0.0,0.0,0.0,0.0,0.0,0.0,1.0,0.0,1.0,1.0,0.0,0.0,0.0,0.0,1.0,0.0,0.0,0.0,0.0,1.0,0.0,1.0,0.0,0.0,0.0,0.0,0.0,1.0,1.0,1.0,0.0,0.0,0.0,0.0,0.0,1.0,1.0,0.0,1.0,0.0,0.0,0.0,1.0,0.0,0.0,0.0,1.0,0.0,1.0,0.0,0.0,0.0,1.0,0.0,0.0,0.0,0.0,0.0,0.0,8.0,8.0,1.0,0.0,1.0,1.0,1.0,0.0,1.0,0.0,1.0,1.0,0.0,0.0,1.0,5.0,0.0,2.0,1.0,1.0,0.0,2.0,0.0,2.0,3.0,0.0,0.0,11.0,2.0,9.0,1.0,0.0,33.0,1.0,0.0,1.0,0.0,0.0,0.0,1.0,0.0,0.0,1.0,0.0,1.0,0.0,0.0,0.0,1.0,1.0,0.0,0.0,0.0,0.0,1.0,1.0,0.0,0.0,0.0,0.0,0.0,0.0,0.0,0.0,0.0,1.0,1.0,0.0,0.0,0.0,0.0,0.0,0.0,5.0,9.0,22.0,2.0,0.0,1.0,0.0,0.0,17.0,8.0,4.0,3.0,3.0,4.0,5.0,34.0,4.0,35.0,31.0,8.0,28.0,9.0,2.0,29.0,10.0,0.0,1.0,33.0,5.0,1.0,7.0,19.0,11.0,1.0,0.0,3.0,8.0,9.0,8.0,11.0,37.0,1.0,0.0,1.0,0.0,29.0,10.0,0.0,2.0,11.0,4.0,8.0,10.0,0.0,4.0,34.0,5.0,30.0,9.0,23.0,16.0,0.0,5.0,13.0,8.0,4.0,3.0,0.0,6.0,33.0,6.0,21.0,18.0,19.0,15.0,5.0,38.0,1.0,38.0,1.0,36.0,3.0,37.0,2.0,28.0,11.0,18.0,17.0,4.0,31.0,5.0,3.0,10.0,15.0,7.0,5.0,2.0,9.0,9.0,6.0,9.0,6.0,12.0,27.0,2.0,23.0,11.0,3.0,37.0,0.0,2.0,25.0,10.0,4.0,30.0,5.0,4.0,14.0,25.0,34.0,5.0,27.0,11.0,0.0,1.0,32.0,7.0,0.0,30.0,8.0,1.0,36.0,3.0,0.0,37.0,1.0,0.0,1.0,28.0,11.0,21.0,16.0,1.0,1.0,35.0,2.0,2.0,23.0,16.0,0.0,27.0,12.0,0.0,32.0,7.0,0.0,35.0,2.0,0.0,2.0,10.0,22.0,6.0,1.0,Abaixo da média
537,26036207,2017,1,2,2602,26005,26,2611101,261110105,2,2,1.0,1.0,1.0,0.0,0.0,0.0,0.0,0.0,0.0,0.0,0.0,0.0,0.0,0.0,1.0,0.0,0.0,0.0,0.0,1.0,0.0,0.0,0.0,0.0,1.0,0.0,1.0,0.0,0.0,0.0,0.0,0.0,1.0,1.0,0.0,0.0,0.0,0.0,0.0,0.0,1.0,1.0,0.0,1.0,0.0,0.0,0.0,1.0,0.0,0.0,0.0,1.0,0.0,0.0,1.0,0.0,0.0,0.0,0.0,0.0,0.0,0.0,0.0,0.0,6.0,6.0,1.0,0.0,1.0,1.0,1.0,0.0,0.0,1.0,1.0,1.0,0.0,1.0,0.0,2.0,0.0,1.0,1.0,1.0,0.0,0.0,3.0,2.0,3.0,0.0,3.0,0.0,0.0,0.0,0.0,0.0,36.0,1.0,0.0,0.0,0.0,0.0,0.0,1.0,0.0,0.0,0.0,0.0,1.0,0.0,0.0,0.0,1.0,1.0,0.0,0.0,0.0,0.0,1.0,1.0,0.0,0.0,0.0,0.0,0.0,0.0,0.0,0.0,0.0,1.0,1.0,0.0,0.0,0.0,0.0,0.0,0.0,8.0,5.0,31.0,1.0,3.0,1.0,0.0,0.0,16.0,11.0,8.0,3.0,3.0,8.0,3.0,46.0,0.0,49.0,35.0,14.0,37.0,10.0,2.0,39.0,9.0,1.0,0.0,45.0,4.0,0.0,8.0,30.0,9.0,2.0,0.0,5.0,8.0,15.0,7.0,14.0,46.0,2.0,1.0,0.0,0.0,39.0,9.0,1.0,1.0,17.0,13.0,6.0,8.0,0.0,4.0,39.0,10.0,39.0,10.0,26.0,22.0,1.0,3.0,19.0,10.0,10.0,0.0,0.0,7.0,41.0,8.0,25.0,24.0,27.0,18.0,4.0,49.0,0.0,46.0,3.0,45.0,4.0,46.0,3.0,39.0,10.0,18.0,26.0,5.0,36.0,11.0,2.0,16.0,13.0,6.0,9.0,5.0,12.0,15.0,6.0,11.0,5.0,17.0,32.0,5.0,31.0,11.0,2.0,47.0,0.0,2.0,27.0,10.0,12.0,34.0,12.0,3.0,14.0,35.0,46.0,3.0,37.0,11.0,0.0,1.0,44.0,5.0,0.0,30.0,18.0,1.0,40.0,8.0,1.0,43.0,6.0,0.0,0.0,31.0,18.0,34.0,14.0,1.0,0.0,44.0,5.0,0.0,28.0,19.0,2.0,38.0,11.0,0.0,37.0,11.0,1.0,36.0,8.0,4.0,1.0,4.0,14.0,20.0,11.0,Abaixo da média
538,26036215,2017,1,2,2602,26005,26,2611101,261110105,2,2,1.0,1.0,1.0,0.0,0.0,0.0,0.0,0.0,0.0,0.0,0.0,1.0,0.0,1.0,1.0,0.0,0.0,0.0,0.0,1.0,0.0,0.0,0.0,0.0,1.0,0.0,1.0,0.0,0.0,0.0,0.0,0.0,0.0,1.0,1.0,0.0,1.0,0.0,0.0,0.0,1.0,0.0,1.0,1.0,0.0,0.0,0.0,1.0,0.0,1.0,0.0,1.0,0.0,0.0,0.0,0.0,0.0,1.0,1.0,0.0,0.0,0.0,0.0,0.0,8.0,13.0,1.0,0.0,1.0,0.0,1.0,1.0,1.0,1.0,1.0,1.0,0.0,0.0,1.0,3.0,0.0,3.0,0.0,1.0,1.0,3.0,2.0,2.0,12.0,0.0,0.0,12.0,2.0,10.0,1.0,1.0,33.0,1.0,1.0,1.0,0.0,0.0,0.0,1.0,0.0,0.0,0.0,0.0,1.0,0.0,0.0,0.0,1.0,0.0,0.0,0.0,0.0,0.0,1.0,1.0,0.0,0.0,0.0,0.0,0.0,0.0,0.0,0.0,0.0,0.0,0.0,0.0,0.0,0.0,0.0,0.0,0.0,4.0,3.0,11.0,3.0,0.0,2.0,0.0,1.0,8.0,9.0,3.0,0.0,0.0,2.0,0.0,23.0,0.0,23.0,18.0,5.0,16.0,6.0,1.0,10.0,10.0,3.0,0.0,20.0,3.0,0.0,3.0,13.0,6.0,1.0,0.0,5.0,0.0,8.0,8.0,2.0,22.0,1.0,0.0,0.0,0.0,16.0,7.0,0.0,3.0,6.0,4.0,3.0,4.0,1.0,2.0,18.0,5.0,19.0,4.0,10.0,12.0,1.0,3.0,6.0,4.0,1.0,2.0,0.0,7.0,15.0,8.0,11.0,12.0,10.0,12.0,1.0,20.0,3.0,20.0,3.0,19.0,4.0,23.0,0.0,17.0,6.0,9.0,13.0,1.0,15.0,8.0,0.0,5.0,9.0,3.0,5.0,1.0,9.0,7.0,5.0,2.0,0.0,3.0,20.0,5.0,10.0,6.0,2.0,22.0,0.0,1.0,16.0,5.0,2.0,22.0,1.0,0.0,5.0,18.0,19.0,4.0,16.0,7.0,0.0,0.0,19.0,4.0,0.0,18.0,5.0,0.0,22.0,1.0,0.0,23.0,0.0,0.0,0.0,16.0,7.0,19.0,4.0,0.0,0.0,23.0,0.0,0.0,19.0,4.0,0.0,21.0,2.0,0.0,20.0,3.0,0.0,20.0,3.0,0.0,0.0,7.0,10.0,6.0,0.0,Abaixo da média
539,26036223,2017,1,2,2602,26005,26,2611101,261110105,2,2,1.0,1.0,1.0,0.0,0.0,0.0,0.0,0.0,0.0,0.0,0.0,0.0,0.0,1.0,1.0,0.0,0.0,0.0,0.0,1.0,0.0,0.0,0.0,0.0,1.0,0.0,1.0,0.0,0.0,0.0,0.0,0.0,0.0,1.0,0.0,0.0,1.0,0.0,0.0,0.0,0.0,0.0,0.0,0.0,0.0,0.0,0.0,1.0,0.0,0.0,0.0,0.0,0.0,0.0,0.0,0.0,0.0,0.0,0.0,0.0,0.0,0.0,0.0,0.0,12.0,12.0,1.0,0.0,1.0,1.0,1.0,0.0,1.0,0.0,1.0,1.0,0.0,1.0,1.0,5.0,0.0,3.0,1.0,2.0,0.0,2.0,0.0,3.0,3.0,0.0,1.0,16.0,1.0,15.0,1.0,1.0,52.0,1.0,1.0,1.0,0.0,0.0,0.0,1.0,0.0,0.0,1.0,0.0,1.0,0.0,0.0,0.0,1.0,1.0,0.0,0.0,0.0,0.0,1.0,1.0,0.0,0.0,0.0,0.0,0.0,0.0,0.0,0.0,0.0,1.0,0.0,0.0,0.0,0.0,0.0,0.0,0.0,6.0,8.0,18.0,2.0,2.0,3.0,0.0,0.0,20.0,8.0,3.0,6.0,1.0,1.0,2.0,37.0,0.0,39.0,21.0,18.0,25.0,13.0,1.0,23.0,16.0,0.0,1.0,36.0,2.0,1.0,3.0,24.0,9.0,2.0,0.0,7.0,6.0,8.0,10.0,8.0,36.0,2.0,0.0,1.0,0.0,30.0,7.0,2.0,4.0,12.0,7.0,3.0,9.0,1.0,3.0,30.0,9.0,25.0,14.0,24.0,8.0,7.0,1.0,15.0,7.0,1.0,6.0,1.0,8.0,32.0,7.0,25.0,14.0,8.0,26.0,5.0,39.0,0.0,37.0,2.0,36.0,3.0,38.0,1.0,21.0,18.0,8.0,27.0,4.0,21.0,16.0,2.0,11.0,12.0,6.0,9.0,1.0,11.0,12.0,3.0,8.0,5.0,16.0,23.0,8.0,24.0,7.0,0.0,38.0,0.0,1.0,28.0,6.0,5.0,36.0,3.0,0.0,12.0,27.0,25.0,14.0,27.0,10.0,2.0,0.0,31.0,8.0,0.0,26.0,13.0,0.0,34.0,4.0,1.0,30.0,9.0,0.0,0.0,28.0,11.0,24.0,14.0,1.0,0.0,35.0,3.0,1.0,25.0,14.0,0.0,17.0,21.0,1.0,29.0,10.0,0.0,35.0,4.0,0.0,0.0,1.0,12.0,21.0,5.0,Abaixo da média
540,26036266,2017,1,2,2602,26005,26,2611101,261110105,2,2,1.0,1.0,1.0,0.0,0.0,0.0,0.0,0.0,0.0,0.0,0.0,0.0,0.0,0.0,0.0,0.0,0.0,1.0,0.0,1.0,0.0,0.0,0.0,0.0,1.0,0.0,1.0,0.0,0.0,0.0,0.0,0.0,0.0,1.0,0.0,0.0,0.0,0.0,1.0,1.0,1.0,0.0,1.0,1.0,0.0,0.0,0.0,1.0,0.0,0.0,0.0,1.0,1.0,0.0,1.0,0.0,0.0,1.0,0.0,0.0,0.0,0.0,0.0,0.0,4.0,4.0,1.0,0.0,1.0,1.0,0.0,0.0,1.0,0.0,1.0,1.0,1.0,1.0,1.0,1.0,0.0,1.0,1.0,0.0,0.0,1.0,0.0,2.0,3.0,1.0,3.0,6.0,3.0,2.0,1.0,1.0,24.0,1.0,1.0,1.0,0.0,0.0,0.0,1.0,0.0,0.0,0.0,0.0,1.0,0.0,0.0,0.0,1.0,0.0,0.0,0.0,0.0,1.0,1.0,1.0,0.0,0.0,0.0,0.0,0.0,0.0,0.0,0.0,0.0,0.0,0.0,0.0,0.0,0.0,0.0,0.0,0.0,1.0,0.0,12.0,1.0,0.0,3.0,0.0,2.0,3.0,8.0,0.0,1.0,0.0,3.0,0.0,17.0,0.0,17.0,7.0,10.0,10.0,6.0,1.0,14.0,2.0,1.0,0.0,16.0,1.0,0.0,2.0,10.0,4.0,1.0,0.0,3.0,4.0,4.0,2.0,4.0,16.0,1.0,0.0,0.0,0.0,10.0,6.0,1.0,0.0,2.0,4.0,2.0,2.0,1.0,6.0,15.0,2.0,10.0,7.0,8.0,9.0,0.0,2.0,5.0,4.0,1.0,2.0,0.0,3.0,9.0,8.0,8.0,9.0,8.0,5.0,4.0,17.0,0.0,15.0,2.0,13.0,4.0,16.0,1.0,12.0,5.0,8.0,7.0,2.0,11.0,6.0,0.0,4.0,3.0,3.0,6.0,1.0,5.0,6.0,0.0,2.0,4.0,8.0,9.0,5.0,8.0,4.0,0.0,15.0,1.0,1.0,13.0,2.0,2.0,13.0,3.0,1.0,6.0,11.0,16.0,1.0,12.0,4.0,1.0,0.0,10.0,6.0,1.0,7.0,9.0,1.0,13.0,3.0,1.0,16.0,0.0,0.0,1.0,13.0,4.0,13.0,2.0,2.0,0.0,14.0,3.0,0.0,12.0,5.0,0.0,10.0,7.0,0.0,14.0,3.0,0.0,16.0,0.0,1.0,0.0,3.0,7.0,7.0,0.0,Abaixo da média
542,26138875,2017,1,2,2602,26005,26,2611101,261110105,2,1,2.0,1.0,1.0,0.0,0.0,0.0,0.0,0.0,0.0,0.0,0.0,0.0,0.0,1.0,1.0,0.0,0.0,0.0,0.0,1.0,0.0,0.0,0.0,1.0,0.0,0.0,1.0,0.0,0.0,0.0,0.0,0.0,1.0,1.0,1.0,1.0,0.0,0.0,0.0,0.0,1.0,1.0,1.0,1.0,0.0,0.0,0.0,1.0,0.0,1.0,1.0,1.0,1.0,1.0,1.0,1.0,1.0,1.0,1.0,0.0,0.0,1.0,0.0,0.0,9.0,9.0,1.0,0.0,1.0,1.0,1.0,0.0,1.0,1.0,1.0,1.0,0.0,1.0,1.0,1.0,0.0,1.0,1.0,1.0,0.0,4.0,1.0,2.0,2.0,0.0,1.0,48.0,30.0,18.0,1.0,0.0,83.0,1.0,0.0,1.0,0.0,0.0,0.0,1.0,0.0,0.0,0.0,0.0,1.0,0.0,0.0,0.0,1.0,0.0,0.0,0.0,0.0,0.0,1.0,1.0,0.0,0.0,0.0,0.0,0.0,0.0,0.0,0.0,0.0,0.0,0.0,0.0,0.0,0.0,0.0,0.0,0.0,14.0,14.0,31.0,2.0,1.0,2.0,0.0,5.0,44.0,13.0,2.0,0.0,0.0,0.0,0.0,64.0,0.0,64.0,20.0,44.0,16.0,41.0,7.0,3.0,38.0,23.0,0.0,23.0,41.0,0.0,2.0,25.0,28.0,9.0,0.0,6.0,14.0,26.0,11.0,7.0,62.0,2.0,0.0,0.0,0.0,61.0,1.0,2.0,0.0,0.0,3.0,3.0,37.0,21.0,0.0,64.0,0.0,57.0,7.0,42.0,22.0,0.0,0.0,1.0,6.0,5.0,33.0,16.0,3.0,64.0,0.0,49.0,15.0,22.0,23.0,19.0,63.0,1.0,59.0,5.0,53.0,11.0,64.0,0.0,50.0,14.0,14.0,33.0,17.0,47.0,17.0,0.0,4.0,14.0,19.0,27.0,0.0,21.0,26.0,4.0,2.0,11.0,10.0,54.0,32.0,31.0,0.0,1.0,57.0,3.0,4.0,56.0,7.0,1.0,64.0,0.0,0.0,7.0,57.0,36.0,28.0,33.0,22.0,7.0,2.0,51.0,9.0,4.0,44.0,16.0,4.0,60.0,0.0,4.0,49.0,9.0,2.0,4.0,48.0,16.0,40.0,22.0,2.0,0.0,63.0,1.0,0.0,60.0,4.0,0.0,58.0,6.0,0.0,61.0,3.0,0.0,64.0,0.0,0.0,0.0,9.0,32.0,22.0,1.0,Acima da média
543,26177927,2017,1,2,2602,26005,26,2611101,261110105,2,2,1.0,1.0,1.0,0.0,0.0,0.0,0.0,0.0,0.0,0.0,1.0,1.0,0.0,1.0,0.0,0.0,1.0,0.0,0.0,1.0,0.0,0.0,0.0,0.0,1.0,0.0,0.0,1.0,0.0,0.0,0.0,0.0,0.0,1.0,1.0,0.0,0.0,0.0,0.0,0.0,1.0,1.0,0.0,1.0,0.0,0.0,0.0,1.0,0.0,1.0,0.0,0.0,0.0,0.0,0.0,0.0,0.0,0.0,0.0,0.0,0.0,0.0,0.0,0.0,4.0,5.0,0.0,0.0,0.0,0.0,0.0,0.0,0.0,0.0,0.0,0.0,0.0,0.0,1.0,0.0,0.0,0.0,0.0,0.0,0.0,0.0,0.0,0.0,0.0,0.0,0.0,12.0,1.0,11.0,1.0,0.0,55.0,1.0,0.0,0.0,0.0,0.0,0.0,1.0,0.0,0.0,1.0,0.0,1.0,0.0,0.0,0.0,1.0,0.0,0.0,0.0,0.0,0.0,0.0,1.0,0.0,0.0,0.0,0.0,0.0,0.0,0.0,0.0,0.0,0.0,0.0,0.0,0.0,0.0,0.0,0.0,0.0,48.0,8.0,48.0,7.0,3.0,2.0,0.0,5.0,54.0,42.0,14.0,0.0,0.0,1.0,3.0,113.0,2.0,114.0,76.0,40.0,75.0,33.0,8.0,81.0,28.0,7.0,0.0,105.0,11.0,1.0,9.0,42.0,51.0,13.0,0.0,2.0,24.0,47.0,28.0,15.0,107.0,9.0,0.0,0.0,0.0,103.0,10.0,3.0,2.0,28.0,35.0,7.0,16.0,13.0,15.0,109.0,7.0,96.0,20.0,98.0,13.0,5.0,5.0,37.0,35.0,5.0,11.0,1.0,22.0,96.0,20.0,77.0,39.0,75.0,38.0,3.0,115.0,1.0,107.0,9.0,106.0,10.0,116.0,0.0,92.0,24.0,44.0,65.0,7.0,67.0,43.0,6.0,37.0,33.0,21.0,16.0,9.0,36.0,28.0,17.0,22.0,13.0,15.0,101.0,16.0,76.0,23.0,1.0,116.0,0.0,0.0,92.0,18.0,6.0,115.0,1.0,0.0,26.0,90.0,106.0,10.0,87.0,26.0,1.0,2.0,102.0,9.0,5.0,77.0,34.0,5.0,87.0,23.0,6.0,113.0,2.0,0.0,1.0,80.0,36.0,80.0,33.0,2.0,1.0,110.0,5.0,1.0,89.0,25.0,2.0,77.0,37.0,2.0,82.0,32.0,2.0,111.0,4.0,1.0,0.0,13.0,22.0,41.0,40.0,Acima da média
544,26178095,2017,1,2,2602,26005,26,2611101,261110105,2,1,1.0,1.0,1.0,0.0,0.0,0.0,0.0,0.0,0.0,0.0,0.0,0.0,0.0,1.0,1.0,0.0,0.0,0.0,0.0,1.0,0.0,0.0,0.0,1.0,0.0,0.0,1.0,0.0,0.0,0.0,0.0,0.0,1.0,1.0,1.0,0.0,0.0,1.0,0.0,1.0,0.0,1.0,0.0,1.0,0.0,0.0,0.0,1.0,0.0,0.0,0.0,1.0,0.0,0.0,0.0,0.0,0.0,0.0,0.0,0.0,0.0,0.0,0.0,0.0,18.0,18.0,1.0,0.0,1.0,0.0,1.0,1.0,0.0,1.0,1.0,1.0,0.0,1.0,1.0,8.0,0.0,1.0,0.0,1.0,4.0,0.0,3.0,11.0,14.0,0.0,1.0,16.0,3.0,13.0,1.0,1.0,58.0,1.0,0.0,0.0,0.0,0.0,0.0,1.0,0.0,0.0,0.0,0.0,1.0,0.0,0.0,0.0,1.0,0.0,0.0,0.0,0.0,0.0,0.0,1.0,0.0,0.0,0.0,0.0,0.0,0.0,0.0,0.0,0.0,0.0,0.0,0.0,0.0,0.0,0.0,0.0,0.0,39.0,29.0,110.0,11.0,1.0,6.0,0.0,23.0,126.0,36.0,9.0,2.0,0.0,0.0,7.0,189.0,1.0,195.0,90.0,106.0,80.0,94.0,22.0,39.0,110.0,47.0,1.0,105.0,90.0,1.0,6.0,88.0,84.0,17.0,1.0,21.0,33.0,77.0,40.0,24.0,187.0,7.0,2.0,0.0,0.0,168.0,20.0,8.0,3.0,11.0,6.0,30.0,89.0,46.0,11.0,192.0,4.0,166.0,30.0,114.0,69.0,13.0,3.0,15.0,33.0,28.0,73.0,22.0,22.0,187.0,9.0,128.0,68.0,72.0,94.0,30.0,194.0,2.0,170.0,26.0,164.0,32.0,194.0,2.0,129.0,67.0,72.0,96.0,28.0,141.0,50.0,5.0,21.0,49.0,53.0,68.0,5.0,71.0,63.0,16.0,12.0,34.0,5.0,191.0,86.0,99.0,11.0,0.0,171.0,5.0,20.0,173.0,21.0,2.0,193.0,3.0,0.0,18.0,178.0,163.0,33.0,108.0,79.0,7.0,2.0,166.0,30.0,0.0,118.0,76.0,2.0,186.0,8.0,2.0,143.0,51.0,2.0,0.0,108.0,88.0,103.0,75.0,17.0,1.0,180.0,15.0,1.0,133.0,61.0,2.0,146.0,49.0,1.0,180.0,15.0,1.0,169.0,26.0,0.0,1.0,59.0,117.0,19.0,1.0,Acima da média
546,26213800,2017,1,2,2602,26005,26,2611101,261110105,2,2,1.0,1.0,1.0,0.0,0.0,0.0,0.0,0.0,0.0,0.0,0.0,0.0,0.0,1.0,0.0,0.0,0.0,1.0,0.0,1.0,0.0,0.0,0.0,0.0,1.0,0.0,1.0,0.0,0.0,0.0,0.0,0.0,1.0,1.0,0.0,0.0,1.0,0.0,0.0,0.0,1.0,1.0,0.0,1.0,0.0,0.0,0.0,1.0,0.0,0.0,0.0,1.0,0.0,0.0,1.0,0.0,0.0,0.0,0.0,0.0,0.0,0.0,0.0,0.0,6.0,6.0,0.0,0.0,0.0,0.0,0.0,1.0,1.0,1.0,0.0,1.0,0.0,1.0,1.0,0.0,0.0,0.0,0.0,0.0,1.0,3.0,2.0,0.0,7.0,0.0,1.0,40.0,3.0,37.0,1.0,0.0,35.0,1.0,0.0,0.0,0.0,0.0,0.0,1.0,0.0,0.0,0.0,0.0,1.0,0.0,0.0,0.0,1.0,1.0,0.0,0.0,0.0,0.0,0.0,1.0,0.0,0.0,0.0,0.0,0.0,0.0,0.0,0.0,0.0,1.0,1.0,0.0,0.0,0.0,0.0,0.0,0.0,12.0,18.0,44.0,4.0,1.0,4.0,0.0,0.0,27.0,25.0,11.0,7.0,4.0,9.0,6.0,77.0,0.0,83.0,47.0,36.0,55.0,24.0,4.0,59.0,23.0,1.0,2.0,68.0,13.0,1.0,9.0,37.0,27.0,9.0,2.0,11.0,13.0,26.0,14.0,17.0,75.0,4.0,2.0,2.0,0.0,61.0,19.0,3.0,7.0,15.0,12.0,10.0,26.0,5.0,8.0,70.0,13.0,62.0,21.0,43.0,37.0,3.0,10.0,22.0,17.0,8.0,8.0,3.0,15.0,59.0,24.0,48.0,35.0,38.0,37.0,8.0,81.0,2.0,72.0,11.0,68.0,15.0,80.0,3.0,55.0,28.0,26.0,43.0,14.0,53.0,25.0,5.0,24.0,22.0,12.0,20.0,5.0,24.0,32.0,7.0,10.0,10.0,35.0,48.0,6.0,59.0,16.0,2.0,81.0,0.0,2.0,46.0,22.0,15.0,73.0,7.0,3.0,29.0,54.0,64.0,19.0,54.0,28.0,1.0,0.0,67.0,14.0,2.0,46.0,32.0,5.0,70.0,12.0,1.0,69.0,14.0,0.0,0.0,45.0,38.0,47.0,35.0,1.0,0.0,80.0,3.0,0.0,56.0,27.0,0.0,53.0,30.0,0.0,69.0,14.0,0.0,80.0,3.0,0.0,0.0,0.0,25.0,41.0,17.0,Abaixo da média
547,26059789,2017,1,2,2603,26008,26,2611200,261120005,2,1,1.0,1.0,1.0,0.0,0.0,0.0,0.0,0.0,0.0,0.0,0.0,0.0,0.0,1.0,1.0,0.0,0.0,0.0,0.0,1.0,0.0,0.0,0.0,0.0,1.0,0.0,1.0,0.0,0.0,0.0,0.0,0.0,1.0,1.0,1.0,1.0,0.0,0.0,1.0,1.0,1.0,1.0,0.0,1.0,0.0,0.0,0.0,1.0,0.0,0.0,0.0,0.0,0.0,0.0,0.0,0.0,0.0,0.0,0.0,0.0,0.0,0.0,0.0,0.0,11.0,17.0,1.0,0.0,1.0,1.0,1.0,0.0,1.0,1.0,1.0,1.0,0.0,1.0,1.0,6.0,0.0,3.0,1.0,1.0,0.0,4.0,1.0,3.0,3.0,0.0,2.0,13.0,3.0,13.0,1.0,1.0,55.0,1.0,0.0,1.0,0.0,0.0,0.0,1.0,0.0,0.0,1.0,0.0,1.0,0.0,0.0,0.0,1.0,1.0,1.0,0.0,0.0,0.0,0.0,1.0,0.0,1.0,0.0,0.0,0.0,0.0,0.0,0.0,0.0,0.0,1.0,0.0,0.0,0.0,0.0,0.0,0.0,15.0,4.0,62.0,6.0,1.0,1.0,0.0,3.0,42.0,22.0,15.0,3.0,2.0,2.0,1.0,88.0,1.0,88.0,67.0,22.0,70.0,17.0,2.0,67.0,19.0,3.0,1.0,75.0,13.0,1.0,4.0,37.0,40.0,7.0,0.0,5.0,18.0,32.0,17.0,17.0,86.0,3.0,0.0,0.0,0.0,82.0,7.0,0.0,7.0,37.0,12.0,9.0,9.0,5.0,10.0,67.0,22.0,43.0,46.0,60.0,28.0,1.0,12.0,31.0,17.0,6.0,7.0,0.0,16.0,59.0,30.0,34.0,55.0,51.0,32.0,6.0,87.0,2.0,80.0,9.0,71.0,18.0,88.0,1.0,55.0,34.0,36.0,48.0,5.0,49.0,35.0,5.0,23.0,26.0,19.0,19.0,2.0,37.0,30.0,5.0,7.0,10.0,6.0,83.0,32.0,43.0,11.0,3.0,89.0,0.0,0.0,49.0,32.0,8.0,84.0,5.0,0.0,17.0,72.0,79.0,10.0,61.0,27.0,0.0,1.0,83.0,6.0,0.0,56.0,33.0,0.0,84.0,5.0,0.0,89.0,0.0,0.0,0.0,64.0,25.0,56.0,32.0,0.0,1.0,86.0,2.0,1.0,67.0,20.0,2.0,52.0,34.0,3.0,64.0,22.0,3.0,86.0,2.0,0.0,1.0,34.0,48.0,7.0,0.0,Acima da média
548,26093995,2017,1,2,2604,26014,26,2611309,261130905,2,1,1.0,1.0,1.0,0.0,0.0,0.0,0.0,0.0,0.0,0.0,0.0,0.0,0.0,1.0,1.0,0.0,0.0,0.0,0.0,1.0,0.0,0.0,0.0,1.0,0.0,0.0,1.0,0.0,0.0,0.0,0.0,0.0,1.0,1.0,1.0,0.0,1.0,0.0,1.0,1.0,1.0,1.0,0.0,1.0,0.0,0.0,0.0,1.0,0.0,1.0,0.0,1.0,1.0,0.0,0.0,0.0,0.0,1.0,1.0,0.0,0.0,0.0,0.0,0.0,11.0,11.0,1.0,0.0,1.0,1.0,0.0,0.0,1.0,0.0,1.0,1.0,1.0,1.0,1.0,3.0,0.0,2.0,2.0,0.0,0.0,2.0,0.0,2.0,20.0,1.0,2.0,17.0,2.0,15.0,1.0,1.0,60.0,1.0,1.0,0.0,0.0,0.0,0.0,1.0,0.0,0.0,0.0,0.0,1.0,0.0,0.0,0.0,1.0,1.0,1.0,0.0,0.0,0.0,0.0,1.0,0.0,1.0,0.0,0.0,0.0,0.0,0.0,0.0,0.0,0.0,1.0,0.0,0.0,0.0,0.0,0.0,0.0,25.0,14.0,90.0,9.0,2.0,9.0,0.0,9.0,61.0,61.0,15.0,2.0,0.0,1.0,2.0,147.0,0.0,149.0,104.0,45.0,106.0,34.0,9.0,88.0,55.0,6.0,1.0,112.0,36.0,2.0,11.0,76.0,53.0,7.0,2.0,12.0,36.0,52.0,28.0,19.0,142.0,5.0,1.0,0.0,1.0,133.0,11.0,5.0,9.0,44.0,28.0,15.0,26.0,8.0,19.0,124.0,25.0,105.0,44.0,84.0,60.0,5.0,15.0,44.0,25.0,10.0,17.0,3.0,35.0,104.0,45.0,67.0,82.0,95.0,44.0,10.0,147.0,2.0,143.0,6.0,133.0,16.0,145.0,4.0,113.0,36.0,57.0,74.0,18.0,103.0,40.0,6.0,38.0,40.0,18.0,37.0,16.0,37.0,48.0,14.0,14.0,36.0,7.0,142.0,38.0,98.0,12.0,1.0,128.0,1.0,20.0,86.0,57.0,6.0,137.0,12.0,0.0,23.0,126.0,131.0,18.0,115.0,30.0,4.0,0.0,136.0,9.0,4.0,94.0,52.0,3.0,140.0,8.0,1.0,135.0,12.0,2.0,0.0,80.0,69.0,83.0,52.0,9.0,5.0,134.0,11.0,4.0,112.0,33.0,4.0,92.0,53.0,4.0,119.0,26.0,4.0,111.0,29.0,4.0,5.0,14.0,70.0,56.0,9.0,Abaixo da média
549,26102153,2017,1,2,2604,26015,26,2611408,261140805,2,1,1.0,1.0,1.0,0.0,0.0,0.0,0.0,0.0,0.0,0.0,0.0,0.0,1.0,0.0,1.0,0.0,0.0,0.0,0.0,1.0,0.0,0.0,0.0,1.0,0.0,0.0,1.0,0.0,0.0,0.0,0.0,0.0,0.0,1.0,1.0,0.0,0.0,0.0,0.0,0.0,1.0,1.0,0.0,1.0,0.0,0.0,0.0,1.0,0.0,1.0,0.0,1.0,0.0,1.0,1.0,0.0,0.0,0.0,1.0,0.0,0.0,0.0,0.0,0.0,13.0,15.0,1.0,0.0,0.0,0.0,1.0,1.0,1.0,1.0,1.0,1.0,1.0,0.0,1.0,4.0,0.0,0.0,0.0,1.0,3.0,3.0,2.0,1.0,17.0,1.0,0.0,13.0,0.0,10.0,1.0,1.0,36.0,1.0,0.0,0.0,0.0,0.0,0.0,1.0,0.0,0.0,0.0,0.0,1.0,0.0,0.0,0.0,1.0,1.0,1.0,0.0,0.0,0.0,0.0,1.0,0.0,1.0,0.0,0.0,0.0,0.0,0.0,0.0,0.0,0.0,1.0,0.0,0.0,0.0,0.0,0.0,0.0,13.0,5.0,27.0,2.0,0.0,3.0,0.0,2.0,20.0,19.0,8.0,1.0,0.0,0.0,2.0,48.0,0.0,50.0,27.0,23.0,40.0,7.0,3.0,26.0,22.0,2.0,0.0,37.0,13.0,0.0,3.0,21.0,18.0,8.0,0.0,2.0,7.0,13.0,14.0,14.0,47.0,3.0,0.0,0.0,0.0,43.0,6.0,1.0,3.0,12.0,4.0,8.0,13.0,4.0,6.0,41.0,9.0,32.0,18.0,32.0,16.0,2.0,2.0,11.0,12.0,4.0,11.0,0.0,10.0,40.0,10.0,31.0,19.0,38.0,11.0,1.0,50.0,0.0,47.0,3.0,48.0,2.0,49.0,1.0,41.0,9.0,19.0,30.0,1.0,37.0,10.0,3.0,17.0,10.0,9.0,9.0,5.0,15.0,19.0,3.0,6.0,7.0,3.0,47.0,26.0,22.0,2.0,0.0,40.0,4.0,6.0,32.0,14.0,4.0,49.0,0.0,1.0,9.0,41.0,47.0,3.0,37.0,13.0,0.0,0.0,47.0,3.0,0.0,35.0,15.0,0.0,44.0,6.0,0.0,50.0,0.0,0.0,0.0,34.0,16.0,27.0,22.0,1.0,0.0,48.0,1.0,1.0,33.0,17.0,0.0,39.0,11.0,0.0,38.0,12.0,0.0,45.0,3.0,1.0,1.0,7.0,35.0,8.0,0.0,Abaixo da média
550,26102250,2017,1,2,2604,26015,26,2611507,261150705,2,1,1.0,1.0,1.0,0.0,0.0,0.0,0.0,0.0,0.0,0.0,0.0,0.0,0.0,0.0,1.0,0.0,0.0,0.0,0.0,1.0,0.0,0.0,0.0,0.0,1.0,0.0,1.0,0.0,0.0,0.0,0.0,0.0,1.0,1.0,1.0,1.0,0.0,0.0,0.0,0.0,1.0,1.0,0.0,1.0,0.0,0.0,0.0,1.0,0.0,1.0,0.0,0.0,0.0,0.0,0.0,0.0,0.0,0.0,0.0,0.0,0.0,0.0,0.0,0.0,12.0,12.0,1.0,0.0,1.0,0.0,1.0,0.0,1.0,0.0,1.0,1.0,1.0,1.0,1.0,3.0,0.0,2.0,0.0,1.0,0.0,5.0,0.0,7.0,18.0,1.0,2.0,18.0,2.0,11.0,1.0,0.0,51.0,1.0,0.0,0.0,0.0,0.0,0.0,1.0,0.0,0.0,0.0,0.0,1.0,0.0,0.0,0.0,1.0,1.0,0.0,0.0,0.0,0.0,0.0,1.0,0.0,0.0,0.0,0.0,0.0,0.0,0.0,0.0,0.0,0.0,1.0,0.0,0.0,0.0,0.0,0.0,0.0,36.0,12.0,74.0,11.0,3.0,19.0,0.0,2.0,72.0,48.0,19.0,7.0,4.0,3.0,2.0,153.0,5.0,150.0,119.0,36.0,124.0,28.0,3.0,117.0,35.0,3.0,9.0,120.0,26.0,0.0,6.0,53.0,84.0,12.0,1.0,9.0,32.0,45.0,32.0,36.0,145.0,7.0,2.0,0.0,1.0,134.0,12.0,9.0,21.0,49.0,18.0,12.0,19.0,14.0,22.0,108.0,47.0,104.0,51.0,94.0,45.0,16.0,22.0,45.0,22.0,10.0,8.0,3.0,45.0,103.0,52.0,84.0,71.0,115.0,35.0,5.0,154.0,1.0,147.0,8.0,144.0,11.0,153.0,2.0,128.0,27.0,69.0,77.0,9.0,109.0,45.0,1.0,40.0,43.0,20.0,44.0,8.0,51.0,45.0,17.0,21.0,21.0,17.0,138.0,38.0,67.0,47.0,3.0,149.0,0.0,6.0,100.0,45.0,10.0,143.0,10.0,2.0,25.0,130.0,136.0,19.0,115.0,40.0,0.0,0.0,140.0,15.0,0.0,95.0,60.0,0.0,142.0,13.0,0.0,143.0,12.0,0.0,0.0,98.0,57.0,88.0,59.0,8.0,0.0,145.0,9.0,1.0,124.0,30.0,1.0,112.0,42.0,1.0,141.0,13.0,1.0,137.0,16.0,1.0,1.0,37.0,90.0,27.0,1.0,Abaixo da média
551,26018977,2017,1,2,2601,26003,26,2611533,261153305,2,2,1.0,1.0,1.0,0.0,0.0,0.0,0.0,0.0,0.0,0.0,0.0,0.0,0.0,0.0,0.0,0.0,1.0,0.0,0.0,1.0,0.0,0.0,0.0,0.0,1.0,0.0,1.0,0.0,0.0,0.0,0.0,0.0,1.0,1.0,1.0,0.0,0.0,1.0,0.0,1.0,1.0,1.0,0.0,1.0,1.0,0.0,0.0,1.0,0.0,1.0,0.0,1.0,1.0,0.0,0.0,1.0,0.0,1.0,0.0,0.0,0.0,0.0,0.0,0.0,10.0,10.0,1.0,0.0,1.0,1.0,0.0,0.0,1.0,1.0,1.0,1.0,0.0,1.0,1.0,3.0,0.0,1.0,1.0,0.0,0.0,1.0,4.0,1.0,10.0,0.0,2.0,26.0,3.0,23.0,1.0,1.0,43.0,1.0,0.0,1.0,0.0,0.0,0.0,1.0,0.0,0.0,0.0,1.0,1.0,0.0,0.0,0.0,1.0,0.0,0.0,0.0,0.0,1.0,1.0,1.0,0.0,0.0,0.0,0.0,0.0,0.0,0.0,0.0,0.0,0.0,0.0,0.0,0.0,0.0,0.0,0.0,0.0,17.0,3.0,39.0,1.0,1.0,4.0,1.0,8.0,28.0,20.0,8.0,0.0,0.0,0.0,2.0,63.0,1.0,64.0,32.0,33.0,35.0,22.0,8.0,23.0,34.0,8.0,0.0,35.0,30.0,0.0,2.0,14.0,37.0,12.0,0.0,5.0,20.0,24.0,9.0,7.0,55.0,9.0,1.0,0.0,0.0,53.0,9.0,3.0,1.0,9.0,11.0,7.0,10.0,23.0,4.0,61.0,4.0,48.0,17.0,43.0,19.0,3.0,4.0,12.0,5.0,8.0,14.0,13.0,9.0,54.0,11.0,40.0,25.0,60.0,3.0,2.0,64.0,1.0,58.0,7.0,55.0,10.0,64.0,1.0,48.0,17.0,23.0,35.0,7.0,44.0,18.0,3.0,14.0,20.0,14.0,14.0,3.0,18.0,15.0,8.0,5.0,19.0,7.0,58.0,32.0,28.0,5.0,0.0,62.0,1.0,2.0,49.0,14.0,2.0,64.0,1.0,0.0,6.0,59.0,47.0,18.0,44.0,20.0,1.0,0.0,59.0,5.0,1.0,40.0,24.0,1.0,56.0,8.0,1.0,64.0,0.0,0.0,1.0,44.0,21.0,49.0,14.0,2.0,0.0,60.0,4.0,1.0,60.0,4.0,1.0,47.0,17.0,1.0,47.0,17.0,1.0,63.0,1.0,0.0,1.0,26.0,34.0,5.0,0.0,Acima da média
552,26132735,2017,1,2,2601,26003,26,2611533,261153305,2,1,1.0,1.0,1.0,0.0,0.0,0.0,0.0,0.0,0.0,0.0,0.0,0.0,0.0,0.0,1.0,0.0,0.0,0.0,0.0,1.0,0.0,0.0,0.0,0.0,1.0,0.0,1.0,0.0,0.0,0.0,0.0,0.0,1.0,1.0,1.0,1.0,0.0,1.0,0.0,1.0,1.0,1.0,0.0,1.0,0.0,0.0,0.0,1.0,0.0,1.0,0.0,1.0,0.0,0.0,0.0,0.0,0.0,0.0,0.0,0.0,0.0,0.0,0.0,0.0,6.0,6.0,1.0,0.0,0.0,0.0,0.0,0.0,0.0,1.0,0.0,0.0,0.0,1.0,1.0,1.0,0.0,0.0,0.0,0.0,0.0,0.0,2.0,0.0,0.0,0.0,1.0,6.0,1.0,1.0,1.0,1.0,21.0,1.0,0.0,0.0,0.0,0.0,0.0,1.0,0.0,0.0,0.0,0.0,1.0,0.0,0.0,0.0,1.0,1.0,0.0,0.0,0.0,0.0,0.0,1.0,0.0,0.0,0.0,0.0,0.0,0.0,0.0,0.0,0.0,1.0,1.0,0.0,0.0,0.0,0.0,0.0,0.0,4.0,3.0,10.0,0.0,0.0,0.0,0.0,0.0,6.0,7.0,4.0,0.0,0.0,0.0,1.0,16.0,1.0,16.0,8.0,9.0,15.0,2.0,0.0,12.0,4.0,1.0,0.0,14.0,3.0,0.0,0.0,5.0,9.0,3.0,0.0,2.0,3.0,3.0,3.0,6.0,17.0,0.0,0.0,0.0,0.0,14.0,3.0,0.0,2.0,2.0,3.0,4.0,1.0,1.0,4.0,14.0,3.0,14.0,3.0,14.0,3.0,0.0,3.0,5.0,3.0,0.0,0.0,0.0,6.0,13.0,4.0,12.0,5.0,14.0,1.0,2.0,17.0,0.0,15.0,2.0,16.0,1.0,16.0,1.0,12.0,5.0,3.0,13.0,1.0,13.0,3.0,1.0,3.0,4.0,2.0,6.0,2.0,6.0,8.0,1.0,1.0,1.0,1.0,16.0,10.0,5.0,2.0,0.0,17.0,0.0,0.0,1.0,12.0,4.0,15.0,1.0,1.0,3.0,14.0,14.0,3.0,6.0,10.0,1.0,0.0,16.0,1.0,0.0,13.0,4.0,0.0,17.0,0.0,0.0,14.0,3.0,0.0,0.0,14.0,3.0,7.0,10.0,0.0,0.0,17.0,0.0,0.0,16.0,1.0,0.0,12.0,5.0,0.0,13.0,4.0,0.0,16.0,1.0,0.0,0.0,6.0,10.0,1.0,0.0,Acima da média
553,26107651,2017,1,2,2605,26017,26,2603454,260345405,2,1,1.0,1.0,1.0,0.0,0.0,0.0,0.0,0.0,0.0,0.0,0.0,0.0,0.0,1.0,1.0,1.0,0.0,0.0,0.0,1.0,0.0,0.0,0.0,1.0,0.0,0.0,1.0,0.0,0.0,0.0,0.0,0.0,1.0,1.0,1.0,0.0,1.0,0.0,0.0,0.0,1.0,1.0,0.0,1.0,0.0,0.0,0.0,1.0,0.0,0.0,0.0,0.0,0.0,0.0,0.0,0.0,0.0,0.0,0.0,0.0,0.0,0.0,0.0,0.0,22.0,21.0,1.0,0.0,1.0,0.0,1.0,0.0,1.0,0.0,1.0,1.0,1.0,1.0,1.0,6.0,0.0,6.0,0.0,5.0,0.0,3.0,0.0,2.0,20.0,2.0,3.0,15.0,5.0,10.0,1.0,1.0,103.0,1.0,1.0,1.0,0.0,0.0,0.0,1.0,0.0,0.0,1.0,0.0,1.0,0.0,0.0,1.0,1.0,1.0,0.0,0.0,0.0,0.0,1.0,1.0,0.0,0.0,0.0,0.0,1.0,0.0,0.0,0.0,0.0,1.0,1.0,0.0,0.0,0.0,0.0,0.0,0.0,12.0,18.0,70.0,5.0,4.0,4.0,0.0,2.0,31.0,47.0,19.0,9.0,2.0,3.0,2.0,111.0,0.0,113.0,49.0,64.0,79.0,33.0,1.0,55.0,53.0,5.0,0.0,94.0,19.0,1.0,7.0,68.0,34.0,3.0,2.0,8.0,28.0,37.0,25.0,13.0,102.0,7.0,3.0,0.0,1.0,96.0,12.0,5.0,0.0,17.0,15.0,18.0,43.0,3.0,17.0,108.0,5.0,97.0,16.0,68.0,40.0,5.0,2.0,15.0,12.0,18.0,33.0,3.0,30.0,101.0,12.0,82.0,31.0,49.0,45.0,19.0,112.0,1.0,104.0,9.0,104.0,9.0,107.0,6.0,81.0,32.0,38.0,58.0,17.0,90.0,22.0,1.0,19.0,22.0,24.0,39.0,9.0,43.0,33.0,11.0,11.0,15.0,29.0,84.0,46.0,59.0,4.0,4.0,100.0,3.0,10.0,55.0,35.0,23.0,106.0,3.0,4.0,15.0,98.0,100.0,13.0,69.0,37.0,4.0,3.0,87.0,24.0,2.0,63.0,48.0,2.0,106.0,6.0,1.0,103.0,8.0,0.0,2.0,76.0,37.0,65.0,40.0,6.0,2.0,99.0,13.0,1.0,57.0,53.0,3.0,61.0,48.0,4.0,91.0,21.0,1.0,106.0,5.0,0.0,2.0,13.0,70.0,30.0,0.0,Abaixo da média
555,26118742,2017,1,2,2605,26017,26,2611606,261160605,2,1,1.0,1.0,1.0,0.0,0.0,0.0,0.0,0.0,0.0,0.0,0.0,0.0,0.0,1.0,0.0,1.0,0.0,0.0,0.0,1.0,0.0,0.0,0.0,0.0,1.0,0.0,1.0,0.0,0.0,0.0,0.0,0.0,1.0,1.0,1.0,0.0,0.0,1.0,0.0,1.0,0.0,1.0,0.0,1.0,0.0,0.0,0.0,0.0,0.0,0.0,0.0,1.0,0.0,1.0,0.0,0.0,0.0,1.0,0.0,0.0,0.0,0.0,0.0,0.0,25.0,18.0,1.0,0.0,0.0,1.0,1.0,0.0,1.0,1.0,1.0,1.0,0.0,1.0,1.0,3.0,0.0,0.0,1.0,3.0,0.0,1.0,3.0,2.0,20.0,0.0,1.0,42.0,5.0,31.0,1.0,1.0,47.0,1.0,0.0,0.0,0.0,0.0,0.0,1.0,0.0,0.0,0.0,0.0,1.0,0.0,0.0,0.0,1.0,0.0,0.0,0.0,0.0,0.0,0.0,1.0,0.0,0.0,0.0,0.0,0.0,0.0,0.0,0.0,0.0,0.0,0.0,0.0,0.0,0.0,0.0,0.0,0.0,35.0,16.0,71.0,7.0,3.0,6.0,0.0,13.0,70.0,47.0,6.0,2.0,0.0,0.0,2.0,136.0,0.0,138.0,37.0,101.0,77.0,54.0,7.0,41.0,74.0,23.0,1.0,95.0,42.0,0.0,6.0,80.0,46.0,6.0,0.0,16.0,29.0,54.0,26.0,13.0,130.0,7.0,1.0,0.0,0.0,120.0,12.0,6.0,0.0,10.0,19.0,23.0,70.0,10.0,6.0,136.0,2.0,113.0,25.0,81.0,52.0,5.0,3.0,9.0,11.0,16.0,62.0,15.0,22.0,130.0,8.0,96.0,42.0,56.0,64.0,18.0,137.0,1.0,118.0,20.0,117.0,21.0,134.0,4.0,94.0,44.0,36.0,77.0,25.0,99.0,36.0,3.0,12.0,39.0,26.0,58.0,3.0,59.0,48.0,10.0,4.0,17.0,3.0,135.0,86.0,47.0,3.0,2.0,116.0,7.0,15.0,116.0,19.0,3.0,135.0,2.0,1.0,10.0,128.0,105.0,33.0,72.0,52.0,8.0,6.0,93.0,37.0,8.0,71.0,60.0,7.0,126.0,6.0,6.0,118.0,12.0,2.0,6.0,67.0,71.0,69.0,55.0,13.0,1.0,116.0,18.0,4.0,94.0,40.0,4.0,73.0,61.0,4.0,123.0,12.0,3.0,114.0,20.0,2.0,2.0,11.0,83.0,43.0,1.0,Acima da média
556,26119730,2017,1,2,2605,26017,26,2611606,261160605,2,1,1.0,1.0,1.0,0.0,0.0,0.0,0.0,0.0,0.0,0.0,0.0,0.0,0.0,1.0,1.0,1.0,0.0,0.0,0.0,1.0,0.0,0.0,0.0,1.0,0.0,0.0,1.0,0.0,0.0,0.0,0.0,0.0,1.0,1.0,0.0,0.0,0.0,0.0,0.0,0.0,0.0,0.0,1.0,1.0,0.0,0.0,0.0,1.0,0.0,1.0,0.0,1.0,0.0,0.0,0.0,0.0,1.0,0.0,0.0,0.0,0.0,0.0,0.0,0.0,10.0,10.0,0.0,0.0,0.0,0.0,0.0,0.0,1.0,0.0,1.0,1.0,0.0,0.0,1.0,0.0,0.0,0.0,0.0,0.0,0.0,2.0,0.0,2.0,2.0,0.0,0.0,6.0,3.0,3.0,1.0,1.0,25.0,1.0,0.0,0.0,0.0,0.0,0.0,1.0,0.0,0.0,0.0,0.0,1.0,0.0,0.0,0.0,1.0,0.0,0.0,0.0,0.0,0.0,1.0,1.0,0.0,0.0,0.0,0.0,0.0,0.0,0.0,0.0,0.0,0.0,0.0,0.0,0.0,0.0,0.0,0.0,0.0,16.0,4.0,14.0,2.0,0.0,0.0,0.0,3.0,24.0,8.0,1.0,0.0,0.0,0.0,0.0,36.0,0.0,36.0,0.0,36.0,4.0,20.0,12.0,0.0,9.0,27.0,0.0,4.0,32.0,0.0,0.0,8.0,18.0,10.0,0.0,3.0,9.0,12.0,9.0,3.0,29.0,7.0,0.0,0.0,0.0,34.0,1.0,1.0,0.0,0.0,1.0,1.0,13.0,20.0,1.0,36.0,0.0,30.0,6.0,23.0,10.0,3.0,0.0,1.0,1.0,0.0,13.0,20.0,1.0,36.0,0.0,25.0,11.0,5.0,17.0,14.0,36.0,0.0,34.0,2.0,33.0,3.0,35.0,1.0,20.0,16.0,19.0,13.0,4.0,32.0,3.0,1.0,1.0,9.0,13.0,13.0,0.0,20.0,8.0,0.0,0.0,8.0,1.0,35.0,24.0,12.0,0.0,0.0,32.0,3.0,1.0,36.0,0.0,0.0,36.0,0.0,0.0,0.0,36.0,21.0,15.0,18.0,10.0,2.0,6.0,26.0,5.0,5.0,16.0,15.0,5.0,29.0,2.0,5.0,9.0,18.0,4.0,5.0,27.0,9.0,25.0,6.0,0.0,5.0,28.0,4.0,4.0,19.0,13.0,4.0,25.0,7.0,4.0,32.0,0.0,4.0,13.0,14.0,5.0,4.0,3.0,14.0,18.0,1.0,Acima da média
557,26120100,2017,1,2,2605,26017,26,2611606,261160605,2,1,1.0,1.0,1.0,0.0,0.0,0.0,0.0,0.0,0.0,0.0,0.0,0.0,0.0,1.0,1.0,0.0,0.0,0.0,0.0,1.0,0.0,0.0,0.0,1.0,0.0,0.0,1.0,0.0,0.0,0.0,0.0,0.0,1.0,1.0,1.0,1.0,0.0,0.0,0.0,0.0,1.0,1.0,0.0,1.0,0.0,0.0,0.0,1.0,0.0,1.0,0.0,0.0,0.0,0.0,0.0,0.0,0.0,0.0,0.0,0.0,0.0,0.0,0.0,0.0,11.0,11.0,0.0,0.0,0.0,0.0,0.0,0.0,0.0,0.0,0.0,0.0,0.0,0.0,1.0,0.0,0.0,0.0,0.0,0.0,0.0,0.0,0.0,0.0,0.0,0.0,0.0,19.0,9.0,10.0,1.0,1.0,67.0,1.0,1.0,0.0,0.0,0.0,0.0,1.0,0.0,0.0,0.0,0.0,1.0,0.0,0.0,0.0,1.0,1.0,0.0,0.0,0.0,0.0,1.0,1.0,0.0,0.0,0.0,0.0,0.0,0.0,0.0,0.0,0.0,1.0,0.0,0.0,0.0,0.0,0.0,0.0,0.0,19.0,34.0,46.0,4.0,6.0,4.0,0.0,0.0,27.0,45.0,19.0,13.0,4.0,5.0,2.0,111.0,1.0,112.0,38.0,75.0,94.0,17.0,2.0,50.0,56.0,7.0,0.0,92.0,21.0,2.0,16.0,69.0,20.0,6.0,2.0,14.0,24.0,33.0,21.0,19.0,93.0,14.0,6.0,0.0,0.0,87.0,21.0,5.0,6.0,28.0,25.0,23.0,20.0,3.0,8.0,98.0,15.0,85.0,28.0,35.0,66.0,12.0,10.0,14.0,13.0,17.0,21.0,4.0,34.0,90.0,23.0,63.0,50.0,27.0,55.0,31.0,113.0,0.0,107.0,6.0,101.0,12.0,111.0,2.0,62.0,51.0,34.0,63.0,16.0,88.0,21.0,4.0,24.0,24.0,21.0,38.0,6.0,31.0,48.0,8.0,8.0,18.0,52.0,61.0,32.0,65.0,16.0,0.0,97.0,1.0,15.0,66.0,31.0,16.0,97.0,12.0,4.0,29.0,84.0,91.0,22.0,64.0,42.0,4.0,3.0,71.0,35.0,7.0,56.0,46.0,11.0,107.0,3.0,3.0,85.0,20.0,0.0,8.0,56.0,57.0,51.0,54.0,5.0,3.0,102.0,6.0,5.0,53.0,55.0,5.0,65.0,42.0,6.0,97.0,11.0,5.0,87.0,19.0,3.0,4.0,18.0,69.0,26.0,0.0,Abaixo da média
558,26120992,2017,1,2,2605,26017,26,2611606,261160605,2,1,1.0,1.0,3.0,0.0,0.0,0.0,0.0,0.0,0.0,0.0,0.0,0.0,0.0,1.0,1.0,0.0,1.0,0.0,0.0,1.0,0.0,0.0,0.0,1.0,0.0,0.0,1.0,0.0,0.0,0.0,0.0,0.0,1.0,1.0,1.0,1.0,0.0,1.0,1.0,1.0,1.0,1.0,0.0,1.0,0.0,0.0,1.0,1.0,0.0,0.0,0.0,1.0,1.0,1.0,0.0,1.0,1.0,1.0,1.0,0.0,0.0,1.0,0.0,0.0,16.0,16.0,1.0,0.0,1.0,0.0,1.0,0.0,1.0,1.0,1.0,1.0,0.0,1.0,1.0,2.0,0.0,2.0,0.0,2.0,0.0,2.0,4.0,4.0,6.0,0.0,3.0,33.0,12.0,21.0,1.0,1.0,45.0,1.0,0.0,1.0,0.0,0.0,0.0,1.0,0.0,0.0,0.0,0.0,1.0,0.0,0.0,0.0,1.0,0.0,0.0,0.0,0.0,0.0,1.0,1.0,0.0,0.0,0.0,0.0,0.0,0.0,0.0,0.0,0.0,0.0,0.0,0.0,0.0,0.0,0.0,0.0,0.0,43.0,24.0,54.0,6.0,7.0,9.0,1.0,6.0,76.0,41.0,17.0,2.0,0.0,0.0,1.0,142.0,1.0,142.0,36.0,107.0,82.0,51.0,10.0,37.0,74.0,32.0,0.0,86.0,57.0,1.0,5.0,64.0,63.0,10.0,1.0,18.0,27.0,56.0,27.0,14.0,138.0,4.0,1.0,0.0,0.0,125.0,12.0,6.0,0.0,7.0,6.0,18.0,71.0,35.0,6.0,141.0,2.0,127.0,16.0,78.0,59.0,6.0,1.0,4.0,8.0,19.0,65.0,26.0,20.0,141.0,2.0,107.0,36.0,33.0,70.0,40.0,140.0,3.0,127.0,16.0,129.0,14.0,140.0,3.0,110.0,33.0,58.0,74.0,11.0,113.0,27.0,3.0,17.0,42.0,36.0,44.0,4.0,58.0,49.0,8.0,6.0,22.0,21.0,122.0,75.0,67.0,1.0,0.0,111.0,4.0,28.0,118.0,18.0,7.0,138.0,5.0,0.0,8.0,135.0,109.0,34.0,83.0,50.0,2.0,8.0,93.0,34.0,16.0,74.0,53.0,16.0,131.0,2.0,10.0,90.0,36.0,3.0,14.0,75.0,68.0,87.0,49.0,4.0,3.0,131.0,8.0,4.0,96.0,43.0,4.0,93.0,46.0,4.0,131.0,8.0,4.0,127.0,12.0,1.0,3.0,36.0,82.0,25.0,0.0,Acima da média
559,26121247,2017,1,2,2605,26017,26,2611606,261160605,2,1,1.0,1.0,1.0,0.0,0.0,0.0,0.0,0.0,0.0,0.0,0.0,0.0,0.0,1.0,1.0,0.0,0.0,0.0,0.0,1.0,0.0,0.0,0.0,1.0,0.0,0.0,1.0,0.0,0.0,0.0,0.0,0.0,1.0,1.0,1.0,1.0,0.0,0.0,1.0,1.0,1.0,1.0,0.0,1.0,0.0,0.0,0.0,1.0,0.0,0.0,0.0,1.0,0.0,0.0,1.0,0.0,0.0,1.0,0.0,0.0,0.0,0.0,0.0,0.0,10.0,9.0,1.0,0.0,1.0,0.0,1.0,0.0,1.0,0.0,1.0,1.0,0.0,1.0,1.0,4.0,0.0,2.0,0.0,2.0,0.0,4.0,0.0,2.0,15.0,0.0,2.0,24.0,5.0,19.0,1.0,1.0,44.0,1.0,0.0,0.0,0.0,0.0,0.0,1.0,0.0,0.0,0.0,0.0,1.0,0.0,0.0,0.0,1.0,1.0,0.0,0.0,0.0,0.0,0.0,1.0,0.0,0.0,0.0,0.0,0.0,0.0,0.0,0.0,0.0,0.0,1.0,0.0,0.0,0.0,0.0,0.0,0.0,5.0,12.0,36.0,3.0,5.0,2.0,0.0,0.0,28.0,24.0,9.0,2.0,0.0,0.0,2.0,61.0,0.0,63.0,22.0,41.0,51.0,11.0,1.0,36.0,23.0,4.0,0.0,52.0,11.0,1.0,6.0,32.0,18.0,6.0,1.0,5.0,14.0,19.0,7.0,17.0,56.0,4.0,2.0,0.0,1.0,52.0,8.0,3.0,2.0,8.0,12.0,5.0,22.0,1.0,13.0,55.0,8.0,45.0,18.0,33.0,28.0,2.0,1.0,4.0,15.0,11.0,12.0,0.0,20.0,51.0,12.0,42.0,21.0,50.0,11.0,2.0,61.0,2.0,55.0,8.0,52.0,11.0,60.0,3.0,37.0,26.0,17.0,36.0,10.0,47.0,13.0,3.0,7.0,18.0,11.0,24.0,3.0,22.0,19.0,5.0,4.0,13.0,5.0,58.0,17.0,40.0,4.0,2.0,57.0,1.0,5.0,42.0,18.0,3.0,59.0,4.0,0.0,9.0,54.0,59.0,4.0,33.0,27.0,0.0,3.0,49.0,10.0,4.0,39.0,20.0,4.0,58.0,1.0,4.0,48.0,8.0,1.0,6.0,24.0,39.0,19.0,26.0,14.0,4.0,50.0,5.0,8.0,33.0,21.0,9.0,33.0,23.0,7.0,47.0,8.0,8.0,41.0,14.0,2.0,6.0,6.0,39.0,18.0,0.0,Média
563,26121654,2017,1,2,2605,26017,26,2611606,261160605,2,1,1.0,1.0,1.0,0.0,0.0,0.0,0.0,0.0,0.0,0.0,0.0,0.0,0.0,1.0,1.0,0.0,0.0,0.0,0.0,1.0,0.0,0.0,0.0,1.0,0.0,0.0,1.0,0.0,0.0,0.0,0.0,0.0,1.0,1.0,1.0,0.0,0.0,0.0,1.0,1.0,1.0,1.0,1.0,1.0,0.0,0.0,1.0,1.0,0.0,0.0,0.0,0.0,0.0,0.0,0.0,0.0,0.0,0.0,0.0,0.0,0.0,0.0,0.0,0.0,10.0,18.0,1.0,0.0,1.0,0.0,0.0,0.0,1.0,1.0,1.0,1.0,0.0,1.0,1.0,3.0,0.0,1.0,0.0,0.0,0.0,1.0,3.0,2.0,2.0,0.0,1.0,3.0,2.0,0.0,1.0,1.0,31.0,1.0,0.0,0.0,0.0,0.0,0.0,1.0,0.0,0.0,0.0,0.0,1.0,0.0,0.0,0.0,1.0,0.0,0.0,0.0,0.0,0.0,0.0,1.0,0.0,0.0,0.0,0.0,0.0,0.0,0.0,0.0,0.0,0.0,0.0,0.0,0.0,0.0,0.0,0.0,0.0,28.0,17.0,36.0,4.0,2.0,5.0,0.0,6.0,43.0,30.0,10.0,3.0,0.0,0.0,0.0,92.0,0.0,92.0,19.0,73.0,45.0,42.0,5.0,20.0,51.0,21.0,0.0,66.0,26.0,0.0,1.0,53.0,30.0,8.0,0.0,11.0,28.0,27.0,16.0,10.0,84.0,6.0,2.0,0.0,0.0,83.0,5.0,4.0,0.0,3.0,7.0,9.0,49.0,20.0,4.0,90.0,2.0,81.0,11.0,52.0,33.0,7.0,0.0,2.0,8.0,13.0,44.0,14.0,11.0,88.0,4.0,67.0,25.0,37.0,38.0,17.0,91.0,1.0,86.0,6.0,87.0,5.0,92.0,0.0,73.0,19.0,40.0,44.0,8.0,78.0,10.0,4.0,6.0,24.0,23.0,37.0,2.0,36.0,32.0,14.0,3.0,7.0,5.0,87.0,52.0,38.0,1.0,1.0,73.0,7.0,12.0,71.0,16.0,5.0,88.0,4.0,0.0,5.0,87.0,80.0,12.0,50.0,38.0,4.0,0.0,76.0,16.0,0.0,55.0,37.0,0.0,85.0,7.0,0.0,88.0,2.0,1.0,1.0,34.0,58.0,26.0,52.0,14.0,0.0,79.0,12.0,1.0,64.0,27.0,1.0,53.0,38.0,1.0,86.0,6.0,0.0,85.0,6.0,1.0,0.0,5.0,49.0,38.0,0.0,Acima da média
564,26121670,2017,1,2,2605,26017,26,2611606,261160605,2,1,1.0,1.0,1.0,0.0,0.0,0.0,0.0,0.0,0.0,0.0,0.0,0.0,0.0,1.0,1.0,0.0,0.0,0.0,0.0,1.0,0.0,0.0,0.0,1.0,0.0,0.0,1.0,0.0,0.0,0.0,0.0,0.0,1.0,1.0,1.0,0.0,0.0,1.0,0.0,1.0,1.0,1.0,0.0,1.0,0.0,0.0,0.0,1.0,0.0,0.0,0.0,0.0,0.0,0.0,0.0,0.0,0.0,0.0,0.0,0.0,0.0,0.0,0.0,0.0,10.0,10.0,1.0,0.0,1.0,1.0,0.0,0.0,0.0,1.0,1.0,1.0,0.0,0.0,1.0,4.0,0.0,1.0,1.0,0.0,0.0,0.0,2.0,2.0,4.0,0.0,0.0,25.0,6.0,19.0,1.0,1.0,48.0,1.0,0.0,1.0,0.0,0.0,0.0,1.0,0.0,0.0,0.0,0.0,1.0,0.0,0.0,0.0,1.0,1.0,0.0,0.0,0.0,0.0,1.0,1.0,0.0,0.0,0.0,0.0,0.0,0.0,0.0,0.0,0.0,1.0,1.0,0.0,0.0,0.0,0.0,0.0,0.0,15.0,26.0,63.0,5.0,4.0,4.0,0.0,1.0,30.0,58.0,16.0,7.0,2.0,3.0,2.0,115.0,1.0,116.0,44.0,73.0,94.0,20.0,3.0,72.0,36.0,9.0,0.0,94.0,23.0,3.0,19.0,67.0,23.0,5.0,1.0,10.0,28.0,34.0,22.0,22.0,107.0,6.0,3.0,1.0,0.0,93.0,17.0,7.0,3.0,17.0,20.0,14.0,46.0,5.0,12.0,107.0,10.0,93.0,24.0,47.0,67.0,3.0,7.0,14.0,14.0,15.0,32.0,4.0,31.0,104.0,13.0,58.0,59.0,47.0,52.0,18.0,112.0,5.0,108.0,9.0,102.0,15.0,115.0,2.0,83.0,34.0,37.0,64.0,16.0,82.0,32.0,3.0,21.0,29.0,19.0,43.0,5.0,37.0,43.0,9.0,15.0,13.0,48.0,69.0,59.0,49.0,6.0,3.0,104.0,2.0,11.0,79.0,31.0,7.0,107.0,10.0,0.0,26.0,91.0,107.0,10.0,71.0,40.0,1.0,5.0,90.0,20.0,7.0,71.0,39.0,7.0,110.0,2.0,5.0,86.0,23.0,3.0,5.0,68.0,49.0,68.0,36.0,8.0,5.0,108.0,7.0,2.0,69.0,44.0,4.0,82.0,30.0,5.0,100.0,12.0,5.0,98.0,13.0,2.0,4.0,6.0,39.0,66.0,6.0,Abaixo da média
565,26121751,2017,1,2,2605,26017,26,2611606,261160605,2,1,1.0,1.0,1.0,0.0,0.0,0.0,0.0,0.0,0.0,0.0,0.0,0.0,0.0,1.0,1.0,0.0,0.0,0.0,0.0,1.0,0.0,0.0,0.0,1.0,0.0,0.0,1.0,0.0,0.0,0.0,0.0,0.0,1.0,1.0,1.0,1.0,1.0,1.0,0.0,1.0,1.0,1.0,0.0,1.0,0.0,0.0,1.0,1.0,0.0,1.0,1.0,1.0,1.0,1.0,1.0,1.0,1.0,1.0,1.0,0.0,0.0,1.0,0.0,0.0,15.0,15.0,1.0,0.0,0.0,0.0,0.0,0.0,1.0,1.0,1.0,1.0,0.0,1.0,1.0,2.0,0.0,0.0,0.0,0.0,0.0,2.0,5.0,1.0,19.0,0.0,3.0,18.0,4.0,9.0,1.0,1.0,57.0,1.0,0.0,0.0,0.0,0.0,0.0,1.0,0.0,0.0,0.0,0.0,1.0,0.0,0.0,0.0,1.0,0.0,0.0,0.0,0.0,0.0,0.0,1.0,0.0,0.0,0.0,0.0,0.0,0.0,0.0,0.0,0.0,0.0,0.0,0.0,0.0,0.0,0.0,0.0,0.0,46.0,36.0,96.0,11.0,2.0,6.0,0.0,13.0,98.0,69.0,13.0,4.0,0.0,0.0,1.0,196.0,0.0,197.0,47.0,150.0,112.0,79.0,6.0,53.0,116.0,28.0,1.0,132.0,64.0,0.0,8.0,111.0,70.0,8.0,0.0,25.0,38.0,79.0,38.0,17.0,187.0,8.0,2.0,0.0,0.0,172.0,14.0,11.0,0.0,7.0,16.0,29.0,103.0,32.0,10.0,196.0,1.0,168.0,29.0,116.0,74.0,7.0,1.0,7.0,25.0,21.0,84.0,24.0,35.0,190.0,7.0,141.0,56.0,85.0,78.0,34.0,194.0,3.0,182.0,15.0,177.0,20.0,192.0,5.0,156.0,41.0,68.0,106.0,23.0,149.0,48.0,0.0,28.0,41.0,49.0,78.0,1.0,74.0,69.0,19.0,15.0,20.0,15.0,182.0,106.0,85.0,4.0,2.0,157.0,7.0,33.0,155.0,36.0,6.0,192.0,5.0,0.0,8.0,189.0,165.0,32.0,133.0,58.0,5.0,1.0,151.0,42.0,4.0,121.0,72.0,4.0,192.0,4.0,1.0,173.0,22.0,0.0,2.0,107.0,90.0,98.0,82.0,13.0,4.0,180.0,15.0,2.0,99.0,96.0,2.0,125.0,70.0,2.0,182.0,13.0,2.0,179.0,11.0,2.0,5.0,32.0,111.0,54.0,0.0,Acima da média
567,26121859,2017,1,2,2605,26017,26,2611606,261160605,2,1,1.0,1.0,1.0,0.0,0.0,0.0,0.0,0.0,0.0,0.0,0.0,0.0,0.0,1.0,1.0,0.0,0.0,0.0,0.0,1.0,0.0,0.0,0.0,1.0,0.0,0.0,1.0,0.0,0.0,0.0,0.0,0.0,1.0,1.0,1.0,0.0,0.0,0.0,1.0,1.0,1.0,1.0,0.0,1.0,0.0,0.0,0.0,1.0,0.0,1.0,0.0,1.0,0.0,1.0,1.0,1.0,1.0,1.0,1.0,0.0,0.0,1.0,0.0,0.0,13.0,13.0,1.0,0.0,1.0,0.0,0.0,0.0,1.0,1.0,1.0,1.0,0.0,1.0,1.0,3.0,0.0,1.0,0.0,0.0,0.0,2.0,1.0,3.0,15.0,0.0,1.0,12.0,5.0,7.0,1.0,1.0,32.0,1.0,0.0,0.0,0.0,0.0,0.0,1.0,0.0,0.0,0.0,0.0,1.0,0.0,0.0,0.0,1.0,0.0,0.0,0.0,0.0,1.0,1.0,1.0,0.0,0.0,0.0,0.0,0.0,0.0,0.0,0.0,0.0,0.0,0.0,0.0,0.0,0.0,0.0,0.0,0.0,7.0,9.0,18.0,3.0,1.0,1.0,0.0,1.0,18.0,15.0,5.0,0.0,0.0,0.0,1.0,38.0,0.0,39.0,13.0,26.0,32.0,3.0,4.0,17.0,14.0,8.0,1.0,29.0,9.0,0.0,2.0,21.0,10.0,6.0,0.0,4.0,8.0,17.0,4.0,6.0,37.0,1.0,1.0,0.0,0.0,36.0,1.0,2.0,0.0,1.0,5.0,5.0,21.0,5.0,2.0,38.0,1.0,32.0,7.0,21.0,15.0,3.0,2.0,3.0,0.0,8.0,17.0,3.0,6.0,37.0,2.0,31.0,8.0,12.0,18.0,9.0,37.0,2.0,34.0,5.0,29.0,10.0,35.0,4.0,22.0,17.0,11.0,21.0,7.0,29.0,9.0,1.0,12.0,5.0,5.0,16.0,1.0,17.0,9.0,1.0,7.0,5.0,4.0,35.0,13.0,20.0,6.0,0.0,35.0,0.0,4.0,32.0,7.0,0.0,38.0,1.0,0.0,9.0,30.0,33.0,6.0,16.0,18.0,2.0,3.0,29.0,7.0,3.0,25.0,9.0,5.0,37.0,0.0,2.0,27.0,7.0,1.0,4.0,26.0,13.0,20.0,14.0,3.0,2.0,36.0,1.0,2.0,25.0,12.0,2.0,25.0,12.0,2.0,32.0,5.0,2.0,36.0,3.0,0.0,0.0,11.0,16.0,11.0,1.0,Abaixo da média
568,26121921,2017,1,2,2605,26017,26,2611606,261160605,2,1,1.0,1.0,1.0,0.0,0.0,0.0,0.0,0.0,0.0,0.0,0.0,0.0,0.0,1.0,1.0,0.0,0.0,0.0,0.0,1.0,0.0,0.0,0.0,1.0,0.0,0.0,1.0,0.0,0.0,0.0,0.0,0.0,1.0,1.0,1.0,1.0,0.0,1.0,1.0,1.0,1.0,1.0,0.0,1.0,0.0,0.0,0.0,1.0,0.0,1.0,1.0,1.0,1.0,0.0,1.0,1.0,1.0,1.0,1.0,0.0,0.0,1.0,0.0,0.0,15.0,15.0,1.0,0.0,1.0,0.0,0.0,0.0,1.0,1.0,1.0,1.0,0.0,1.0,1.0,5.0,0.0,2.0,0.0,0.0,0.0,2.0,3.0,2.0,12.0,0.0,4.0,30.0,3.0,15.0,1.0,1.0,46.0,1.0,0.0,0.0,0.0,0.0,0.0,1.0,0.0,0.0,0.0,0.0,1.0,0.0,0.0,0.0,1.0,0.0,0.0,0.0,0.0,0.0,0.0,1.0,0.0,0.0,0.0,0.0,0.0,0.0,0.0,0.0,0.0,0.0,0.0,0.0,0.0,0.0,0.0,0.0,0.0,31.0,15.0,98.0,9.0,2.0,3.0,0.0,10.0,100.0,36.0,11.0,0.0,1.0,0.0,3.0,155.0,0.0,158.0,40.0,118.0,100.0,55.0,3.0,38.0,95.0,25.0,0.0,107.0,51.0,0.0,7.0,79.0,51.0,21.0,0.0,19.0,42.0,57.0,28.0,12.0,148.0,7.0,3.0,0.0,0.0,144.0,5.0,9.0,0.0,6.0,16.0,21.0,80.0,30.0,5.0,156.0,2.0,132.0,26.0,93.0,60.0,5.0,0.0,5.0,18.0,25.0,73.0,19.0,18.0,154.0,4.0,108.0,50.0,39.0,93.0,26.0,154.0,4.0,145.0,13.0,135.0,23.0,157.0,1.0,103.0,55.0,72.0,65.0,21.0,127.0,29.0,2.0,11.0,48.0,36.0,57.0,6.0,53.0,60.0,13.0,6.0,26.0,7.0,151.0,95.0,58.0,4.0,1.0,137.0,9.0,12.0,131.0,23.0,4.0,153.0,4.0,1.0,14.0,144.0,134.0,24.0,87.0,57.0,4.0,10.0,114.0,33.0,11.0,91.0,56.0,11.0,148.0,1.0,9.0,120.0,27.0,2.0,9.0,83.0,75.0,76.0,63.0,19.0,0.0,148.0,9.0,1.0,87.0,69.0,2.0,100.0,56.0,2.0,135.0,21.0,2.0,149.0,7.0,2.0,0.0,6.0,74.0,78.0,0.0,Acima da média
571,26122120,2017,1,2,2605,26017,26,2611606,261160605,2,1,1.0,1.0,3.0,0.0,0.0,0.0,0.0,0.0,0.0,0.0,0.0,0.0,0.0,1.0,1.0,1.0,0.0,0.0,0.0,1.0,0.0,0.0,0.0,1.0,0.0,0.0,1.0,0.0,0.0,0.0,0.0,0.0,1.0,1.0,1.0,1.0,0.0,1.0,1.0,1.0,1.0,1.0,0.0,1.0,1.0,0.0,1.0,1.0,1.0,0.0,0.0,1.0,1.0,1.0,1.0,1.0,1.0,1.0,1.0,0.0,0.0,1.0,0.0,0.0,39.0,29.0,1.0,0.0,1.0,0.0,1.0,0.0,1.0,1.0,1.0,1.0,0.0,0.0,1.0,6.0,0.0,1.0,0.0,1.0,0.0,3.0,7.0,5.0,5.0,0.0,0.0,33.0,1.0,32.0,1.0,1.0,179.0,1.0,0.0,0.0,0.0,0.0,0.0,1.0,0.0,0.0,0.0,0.0,1.0,0.0,0.0,0.0,1.0,0.0,0.0,0.0,1.0,1.0,1.0,1.0,0.0,0.0,0.0,0.0,0.0,0.0,0.0,0.0,0.0,0.0,0.0,0.0,0.0,0.0,0.0,0.0,0.0,29.0,19.0,63.0,2.0,0.0,3.0,0.0,3.0,47.0,49.0,14.0,3.0,0.0,0.0,1.0,115.0,1.0,115.0,11.0,105.0,37.0,70.0,9.0,15.0,67.0,34.0,0.0,62.0,54.0,0.0,1.0,57.0,49.0,9.0,0.0,12.0,29.0,45.0,21.0,9.0,110.0,5.0,0.0,1.0,0.0,107.0,4.0,5.0,0.0,4.0,2.0,12.0,69.0,29.0,0.0,115.0,1.0,101.0,15.0,71.0,39.0,6.0,0.0,0.0,5.0,9.0,70.0,28.0,4.0,115.0,1.0,96.0,20.0,42.0,57.0,17.0,113.0,3.0,106.0,10.0,104.0,12.0,115.0,1.0,100.0,16.0,42.0,52.0,22.0,89.0,25.0,2.0,7.0,42.0,37.0,29.0,1.0,53.0,28.0,13.0,3.0,19.0,15.0,101.0,69.0,43.0,3.0,1.0,102.0,2.0,12.0,76.0,29.0,11.0,113.0,2.0,1.0,8.0,108.0,93.0,23.0,73.0,39.0,1.0,3.0,100.0,12.0,4.0,76.0,37.0,3.0,110.0,2.0,4.0,85.0,27.0,1.0,3.0,72.0,44.0,76.0,38.0,1.0,1.0,110.0,5.0,1.0,94.0,21.0,1.0,86.0,29.0,1.0,111.0,4.0,1.0,100.0,14.0,1.0,1.0,10.0,56.0,48.0,2.0,Acima da média
574,26122260,2017,1,2,2605,26017,26,2611606,261160605,2,1,1.0,1.0,3.0,0.0,0.0,0.0,0.0,0.0,0.0,0.0,0.0,0.0,0.0,1.0,1.0,0.0,0.0,0.0,0.0,1.0,0.0,0.0,0.0,1.0,0.0,0.0,1.0,0.0,0.0,0.0,0.0,0.0,1.0,1.0,1.0,1.0,1.0,0.0,1.0,1.0,1.0,1.0,0.0,1.0,0.0,0.0,0.0,1.0,0.0,1.0,1.0,0.0,0.0,0.0,1.0,0.0,0.0,0.0,0.0,0.0,0.0,0.0,0.0,0.0,8.0,8.0,1.0,0.0,0.0,0.0,0.0,0.0,0.0,1.0,1.0,1.0,0.0,0.0,1.0,2.0,0.0,0.0,0.0,0.0,0.0,0.0,1.0,2.0,10.0,0.0,0.0,6.0,2.0,4.0,1.0,1.0,59.0,1.0,1.0,1.0,0.0,0.0,0.0,1.0,0.0,0.0,0.0,0.0,1.0,0.0,0.0,0.0,1.0,1.0,0.0,0.0,0.0,0.0,1.0,1.0,0.0,0.0,0.0,0.0,0.0,0.0,0.0,0.0,0.0,1.0,1.0,0.0,0.0,0.0,0.0,0.0,0.0,9.0,14.0,27.0,2.0,1.0,1.0,0.0,0.0,20.0,28.0,3.0,1.0,1.0,1.0,1.0,53.0,1.0,53.0,16.0,38.0,40.0,12.0,2.0,17.0,32.0,5.0,0.0,44.0,10.0,0.0,3.0,41.0,9.0,1.0,0.0,10.0,20.0,15.0,7.0,2.0,46.0,6.0,1.0,1.0,0.0,43.0,7.0,4.0,1.0,6.0,7.0,9.0,21.0,5.0,5.0,50.0,4.0,46.0,8.0,20.0,31.0,3.0,2.0,2.0,3.0,7.0,17.0,4.0,19.0,51.0,3.0,31.0,23.0,15.0,27.0,12.0,54.0,0.0,51.0,3.0,51.0,3.0,54.0,0.0,35.0,19.0,15.0,31.0,8.0,41.0,13.0,0.0,6.0,13.0,8.0,27.0,0.0,22.0,16.0,7.0,3.0,6.0,15.0,39.0,25.0,26.0,2.0,1.0,42.0,5.0,7.0,41.0,11.0,2.0,51.0,2.0,1.0,1.0,53.0,41.0,13.0,24.0,25.0,2.0,3.0,41.0,7.0,6.0,30.0,17.0,7.0,48.0,2.0,4.0,44.0,6.0,1.0,3.0,37.0,17.0,30.0,18.0,4.0,2.0,51.0,1.0,2.0,36.0,14.0,4.0,37.0,13.0,4.0,45.0,6.0,3.0,45.0,7.0,0.0,2.0,10.0,28.0,16.0,0.0,Abaixo da média
575,26122278,2017,1,2,2605,26017,26,2611606,261160605,2,1,1.0,1.0,1.0,0.0,0.0,0.0,0.0,0.0,0.0,0.0,0.0,0.0,0.0,1.0,1.0,0.0,0.0,0.0,0.0,1.0,0.0,0.0,0.0,1.0,0.0,0.0,1.0,0.0,0.0,0.0,0.0,0.0,1.0,1.0,1.0,1.0,0.0,1.0,0.0,1.0,1.0,1.0,0.0,1.0,0.0,0.0,0.0,1.0,0.0,1.0,0.0,0.0,0.0,0.0,0.0,0.0,0.0,0.0,0.0,0.0,0.0,0.0,0.0,0.0,12.0,12.0,1.0,0.0,1.0,0.0,1.0,1.0,1.0,1.0,1.0,1.0,0.0,1.0,1.0,2.0,0.0,1.0,0.0,1.0,1.0,1.0,2.0,1.0,10.0,0.0,1.0,13.0,3.0,6.0,1.0,1.0,30.0,1.0,0.0,1.0,0.0,0.0,0.0,1.0,0.0,0.0,0.0,0.0,1.0,0.0,0.0,0.0,1.0,0.0,0.0,0.0,0.0,0.0,1.0,1.0,0.0,0.0,0.0,0.0,0.0,0.0,0.0,0.0,0.0,0.0,0.0,0.0,0.0,0.0,0.0,0.0,0.0,17.0,15.0,32.0,4.0,0.0,2.0,0.0,2.0,26.0,28.0,10.0,3.0,1.0,0.0,0.0,70.0,1.0,69.0,18.0,52.0,37.0,28.0,5.0,27.0,31.0,12.0,0.0,44.0,26.0,0.0,5.0,37.0,22.0,6.0,0.0,6.0,25.0,19.0,13.0,7.0,61.0,8.0,0.0,0.0,1.0,54.0,11.0,5.0,0.0,4.0,8.0,10.0,27.0,11.0,10.0,68.0,2.0,55.0,15.0,35.0,33.0,2.0,1.0,9.0,4.0,10.0,18.0,12.0,16.0,66.0,4.0,47.0,23.0,25.0,36.0,9.0,69.0,1.0,64.0,6.0,62.0,8.0,69.0,1.0,48.0,22.0,27.0,34.0,9.0,55.0,14.0,1.0,10.0,13.0,12.0,30.0,5.0,27.0,26.0,5.0,5.0,7.0,8.0,62.0,38.0,28.0,4.0,0.0,53.0,3.0,14.0,39.0,28.0,3.0,65.0,5.0,0.0,6.0,64.0,63.0,7.0,42.0,18.0,3.0,7.0,47.0,16.0,7.0,44.0,17.0,9.0,61.0,3.0,6.0,45.0,16.0,2.0,7.0,29.0,41.0,33.0,31.0,5.0,1.0,59.0,10.0,1.0,45.0,24.0,1.0,37.0,32.0,1.0,65.0,4.0,1.0,43.0,24.0,3.0,0.0,11.0,31.0,28.0,0.0,Acima da média
577,26122677,2017,1,2,2605,26017,26,2611606,261160605,2,1,1.0,1.0,1.0,0.0,0.0,0.0,0.0,0.0,0.0,0.0,0.0,0.0,0.0,1.0,1.0,0.0,0.0,0.0,0.0,1.0,0.0,0.0,0.0,1.0,0.0,0.0,1.0,0.0,0.0,0.0,0.0,0.0,1.0,1.0,1.0,1.0,1.0,0.0,1.0,1.0,1.0,1.0,0.0,1.0,0.0,0.0,0.0,1.0,0.0,1.0,1.0,1.0,0.0,1.0,1.0,1.0,0.0,0.0,1.0,0.0,0.0,1.0,0.0,0.0,9.0,9.0,1.0,0.0,1.0,0.0,0.0,1.0,1.0,1.0,1.0,1.0,0.0,1.0,1.0,1.0,0.0,1.0,0.0,0.0,1.0,2.0,1.0,1.0,1.0,0.0,1.0,17.0,8.0,8.0,1.0,1.0,37.0,1.0,1.0,0.0,0.0,0.0,0.0,1.0,0.0,0.0,0.0,0.0,1.0,0.0,0.0,0.0,1.0,0.0,0.0,0.0,0.0,0.0,0.0,1.0,0.0,0.0,0.0,0.0,0.0,0.0,0.0,0.0,0.0,0.0,0.0,0.0,0.0,0.0,0.0,0.0,0.0,17.0,14.0,60.0,7.0,1.0,3.0,0.0,9.0,52.0,28.0,8.0,3.0,2.0,0.0,0.0,102.0,0.0,102.0,37.0,65.0,66.0,34.0,2.0,38.0,56.0,8.0,0.0,72.0,30.0,0.0,4.0,58.0,35.0,5.0,0.0,5.0,26.0,38.0,19.0,14.0,95.0,6.0,1.0,0.0,0.0,90.0,7.0,5.0,2.0,9.0,16.0,13.0,48.0,10.0,4.0,97.0,5.0,81.0,21.0,51.0,41.0,10.0,1.0,10.0,9.0,16.0,42.0,13.0,11.0,90.0,12.0,68.0,34.0,61.0,39.0,2.0,100.0,2.0,98.0,4.0,88.0,14.0,101.0,1.0,86.0,16.0,29.0,60.0,13.0,69.0,29.0,4.0,9.0,23.0,28.0,38.0,4.0,47.0,31.0,3.0,4.0,17.0,12.0,90.0,57.0,44.0,1.0,0.0,90.0,4.0,8.0,84.0,14.0,4.0,100.0,2.0,0.0,11.0,91.0,89.0,13.0,77.0,21.0,1.0,3.0,87.0,10.0,5.0,69.0,28.0,5.0,94.0,4.0,4.0,94.0,5.0,0.0,3.0,60.0,42.0,50.0,49.0,0.0,3.0,95.0,5.0,2.0,70.0,29.0,3.0,67.0,32.0,3.0,81.0,17.0,4.0,94.0,5.0,1.0,2.0,16.0,70.0,16.0,0.0,Acima da média
579,26122839,2017,1,2,2605,26017,26,2611606,261160605,2,1,1.0,1.0,1.0,0.0,0.0,0.0,0.0,0.0,0.0,0.0,0.0,0.0,0.0,1.0,1.0,0.0,0.0,0.0,0.0,1.0,0.0,0.0,0.0,0.0,1.0,0.0,1.0,0.0,0.0,0.0,0.0,0.0,1.0,1.0,1.0,1.0,1.0,1.0,0.0,1.0,1.0,1.0,0.0,1.0,0.0,0.0,0.0,1.0,0.0,1.0,1.0,1.0,1.0,0.0,1.0,1.0,0.0,1.0,0.0,0.0,0.0,0.0,0.0,0.0,9.0,9.0,0.0,0.0,0.0,0.0,0.0,0.0,0.0,0.0,0.0,0.0,0.0,0.0,1.0,0.0,0.0,0.0,0.0,0.0,0.0,0.0,0.0,0.0,0.0,0.0,0.0,14.0,2.0,10.0,1.0,1.0,48.0,1.0,0.0,0.0,0.0,0.0,0.0,1.0,0.0,0.0,1.0,0.0,1.0,0.0,0.0,0.0,1.0,1.0,0.0,0.0,0.0,0.0,0.0,1.0,0.0,0.0,0.0,0.0,0.0,0.0,0.0,0.0,0.0,0.0,1.0,0.0,0.0,0.0,0.0,0.0,0.0,20.0,21.0,46.0,4.0,2.0,3.0,0.0,5.0,37.0,45.0,9.0,0.0,0.0,0.0,1.0,95.0,1.0,95.0,34.0,62.0,70.0,24.0,2.0,39.0,49.0,8.0,1.0,78.0,17.0,1.0,13.0,57.0,21.0,4.0,1.0,17.0,24.0,28.0,15.0,11.0,89.0,7.0,0.0,0.0,0.0,84.0,7.0,5.0,0.0,12.0,15.0,18.0,40.0,5.0,6.0,92.0,4.0,72.0,24.0,47.0,44.0,5.0,2.0,5.0,13.0,16.0,30.0,6.0,24.0,83.0,13.0,54.0,42.0,36.0,40.0,20.0,94.0,2.0,84.0,12.0,71.0,25.0,96.0,0.0,69.0,27.0,39.0,45.0,12.0,73.0,21.0,2.0,17.0,22.0,20.0,35.0,2.0,34.0,34.0,8.0,5.0,15.0,6.0,90.0,39.0,47.0,9.0,1.0,78.0,6.0,12.0,77.0,13.0,6.0,89.0,7.0,0.0,7.0,89.0,87.0,9.0,45.0,45.0,2.0,4.0,73.0,21.0,2.0,58.0,35.0,3.0,89.0,4.0,3.0,70.0,17.0,5.0,4.0,49.0,47.0,31.0,54.0,7.0,4.0,86.0,5.0,5.0,57.0,35.0,4.0,54.0,37.0,5.0,82.0,9.0,5.0,45.0,38.0,6.0,7.0,20.0,51.0,25.0,0.0,Abaixo da média
581,26122960,2017,1,2,2605,26017,26,2611606,261160605,2,1,1.0,1.0,1.0,0.0,0.0,0.0,0.0,0.0,0.0,0.0,0.0,0.0,0.0,1.0,1.0,0.0,0.0,0.0,0.0,1.0,0.0,0.0,0.0,1.0,0.0,0.0,1.0,0.0,0.0,0.0,0.0,0.0,1.0,1.0,1.0,1.0,1.0,0.0,1.0,1.0,1.0,1.0,0.0,1.0,0.0,0.0,0.0,1.0,0.0,1.0,0.0,1.0,1.0,1.0,1.0,1.0,1.0,1.0,0.0,0.0,0.0,0.0,0.0,0.0,12.0,12.0,1.0,0.0,1.0,0.0,1.0,1.0,1.0,1.0,1.0,1.0,0.0,1.0,1.0,5.0,0.0,3.0,0.0,2.0,2.0,4.0,2.0,1.0,12.0,0.0,2.0,10.0,5.0,5.0,1.0,0.0,60.0,1.0,1.0,0.0,0.0,0.0,0.0,1.0,0.0,0.0,1.0,0.0,1.0,0.0,0.0,0.0,1.0,0.0,0.0,0.0,0.0,0.0,0.0,1.0,0.0,0.0,0.0,0.0,0.0,0.0,0.0,0.0,0.0,0.0,0.0,0.0,0.0,0.0,0.0,0.0,0.0,39.0,43.0,112.0,11.0,10.0,13.0,0.0,2.0,66.0,99.0,39.0,15.0,4.0,3.0,2.0,226.0,3.0,225.0,97.0,131.0,196.0,27.0,5.0,134.0,81.0,13.0,2.0,189.0,37.0,3.0,32.0,128.0,55.0,10.0,3.0,31.0,54.0,54.0,42.0,44.0,202.0,18.0,7.0,0.0,1.0,181.0,40.0,7.0,7.0,30.0,37.0,50.0,69.0,9.0,26.0,207.0,21.0,183.0,45.0,94.0,126.0,8.0,5.0,36.0,31.0,35.0,53.0,9.0,59.0,198.0,30.0,154.0,74.0,73.0,105.0,50.0,224.0,4.0,212.0,16.0,204.0,24.0,224.0,4.0,154.0,74.0,74.0,130.0,24.0,170.0,52.0,6.0,40.0,52.0,41.0,83.0,12.0,78.0,74.0,12.0,27.0,37.0,81.0,147.0,103.0,101.0,21.0,3.0,179.0,6.0,43.0,136.0,63.0,29.0,210.0,15.0,3.0,36.0,192.0,189.0,39.0,121.0,87.0,5.0,15.0,164.0,47.0,17.0,128.0,82.0,18.0,200.0,13.0,15.0,175.0,35.0,3.0,15.0,145.0,83.0,123.0,83.0,13.0,9.0,207.0,12.0,9.0,164.0,53.0,11.0,140.0,79.0,9.0,169.0,49.0,10.0,201.0,17.0,1.0,9.0,38.0,106.0,71.0,13.0,Abaixo da média
582,26123258,2017,1,2,2605,26017,26,2611606,261160605,2,1,1.0,1.0,1.0,0.0,0.0,0.0,0.0,0.0,0.0,0.0,0.0,0.0,0.0,1.0,1.0,0.0,1.0,0.0,0.0,1.0,0.0,0.0,0.0,1.0,1.0,0.0,1.0,0.0,0.0,0.0,0.0,0.0,1.0,1.0,1.0,1.0,0.0,0.0,1.0,1.0,1.0,1.0,0.0,1.0,0.0,0.0,0.0,1.0,0.0,1.0,0.0,1.0,0.0,1.0,1.0,0.0,0.0,0.0,1.0,0.0,0.0,0.0,0.0,0.0,10.0,10.0,1.0,0.0,1.0,0.0,1.0,0.0,0.0,1.0,1.0,1.0,0.0,0.0,1.0,1.0,0.0,1.0,0.0,1.0,0.0,0.0,3.0,1.0,8.0,0.0,0.0,23.0,3.0,20.0,1.0,1.0,43.0,1.0,0.0,0.0,0.0,0.0,0.0,1.0,0.0,0.0,0.0,0.0,1.0,0.0,0.0,0.0,1.0,1.0,0.0,0.0,0.0,0.0,0.0,1.0,0.0,0.0,0.0,0.0,0.0,0.0,0.0,0.0,0.0,0.0,1.0,0.0,0.0,0.0,0.0,0.0,0.0,16.0,11.0,17.0,0.0,1.0,0.0,0.0,3.0,10.0,28.0,4.0,0.0,0.0,0.0,0.0,45.0,0.0,45.0,17.0,28.0,39.0,5.0,1.0,21.0,16.0,8.0,1.0,37.0,7.0,1.0,1.0,32.0,9.0,2.0,0.0,5.0,15.0,14.0,5.0,6.0,39.0,4.0,2.0,0.0,0.0,37.0,7.0,1.0,2.0,2.0,8.0,6.0,17.0,1.0,9.0,41.0,4.0,36.0,9.0,24.0,21.0,0.0,0.0,4.0,8.0,8.0,15.0,3.0,7.0,44.0,1.0,34.0,11.0,18.0,22.0,5.0,45.0,0.0,43.0,2.0,40.0,5.0,43.0,2.0,29.0,16.0,19.0,23.0,3.0,30.0,15.0,0.0,5.0,9.0,11.0,20.0,0.0,10.0,22.0,3.0,3.0,7.0,3.0,42.0,29.0,14.0,1.0,1.0,43.0,0.0,2.0,31.0,14.0,0.0,42.0,3.0,0.0,4.0,41.0,41.0,4.0,30.0,15.0,0.0,0.0,36.0,7.0,2.0,29.0,14.0,2.0,41.0,2.0,2.0,40.0,3.0,0.0,2.0,23.0,22.0,18.0,19.0,6.0,2.0,38.0,3.0,4.0,31.0,12.0,2.0,33.0,10.0,2.0,36.0,7.0,2.0,28.0,12.0,1.0,4.0,9.0,25.0,11.0,0.0,Média
583,26123282,2017,1,2,2605,26017,26,2611606,261160605,2,1,1.0,1.0,1.0,0.0,0.0,0.0,0.0,0.0,0.0,0.0,0.0,0.0,0.0,1.0,1.0,0.0,0.0,0.0,0.0,1.0,0.0,0.0,0.0,1.0,0.0,0.0,1.0,0.0,0.0,0.0,0.0,0.0,1.0,1.0,1.0,0.0,1.0,0.0,1.0,1.0,1.0,1.0,0.0,1.0,0.0,0.0,0.0,1.0,0.0,1.0,0.0,1.0,1.0,0.0,1.0,1.0,0.0,1.0,0.0,0.0,0.0,0.0,0.0,0.0,12.0,12.0,1.0,0.0,1.0,1.0,1.0,1.0,1.0,1.0,1.0,1.0,0.0,1.0,1.0,3.0,0.0,3.0,1.0,3.0,1.0,3.0,2.0,2.0,15.0,0.0,1.0,25.0,5.0,20.0,1.0,1.0,68.0,1.0,1.0,0.0,0.0,0.0,0.0,1.0,0.0,0.0,0.0,0.0,1.0,0.0,0.0,0.0,1.0,1.0,0.0,0.0,0.0,0.0,0.0,1.0,0.0,0.0,0.0,0.0,0.0,0.0,0.0,0.0,0.0,0.0,1.0,0.0,0.0,0.0,0.0,0.0,0.0,28.0,23.0,53.0,1.0,2.0,4.0,0.0,4.0,42.0,53.0,10.0,2.0,0.0,0.0,0.0,111.0,2.0,109.0,42.0,69.0,83.0,27.0,1.0,44.0,51.0,16.0,0.0,86.0,25.0,0.0,8.0,70.0,26.0,7.0,0.0,13.0,20.0,34.0,30.0,14.0,104.0,3.0,3.0,1.0,0.0,104.0,4.0,3.0,0.0,14.0,24.0,17.0,43.0,7.0,6.0,107.0,4.0,89.0,22.0,58.0,49.0,4.0,4.0,8.0,18.0,11.0,36.0,8.0,26.0,106.0,5.0,73.0,38.0,35.0,54.0,22.0,110.0,1.0,96.0,15.0,98.0,13.0,110.0,1.0,79.0,32.0,33.0,64.0,14.0,79.0,30.0,2.0,13.0,20.0,24.0,51.0,3.0,44.0,36.0,9.0,3.0,19.0,2.0,109.0,55.0,52.0,3.0,1.0,89.0,5.0,17.0,88.0,19.0,4.0,103.0,7.0,1.0,5.0,106.0,76.0,35.0,41.0,53.0,10.0,7.0,77.0,27.0,7.0,54.0,49.0,8.0,99.0,3.0,9.0,87.0,16.0,0.0,8.0,59.0,52.0,44.0,54.0,6.0,7.0,98.0,7.0,6.0,70.0,34.0,7.0,54.0,50.0,7.0,96.0,9.0,6.0,74.0,31.0,0.0,6.0,7.0,61.0,42.0,1.0,Acima da média
584,26123479,2017,1,2,2605,26017,26,2611606,261160605,2,1,1.0,1.0,1.0,0.0,0.0,0.0,0.0,0.0,0.0,0.0,0.0,0.0,0.0,1.0,1.0,0.0,0.0,0.0,0.0,1.0,0.0,0.0,0.0,1.0,1.0,0.0,1.0,0.0,0.0,0.0,0.0,0.0,1.0,1.0,1.0,0.0,0.0,0.0,1.0,1.0,1.0,1.0,0.0,1.0,0.0,0.0,0.0,0.0,0.0,1.0,0.0,0.0,0.0,0.0,0.0,0.0,0.0,0.0,0.0,0.0,0.0,0.0,0.0,0.0,10.0,10.0,1.0,0.0,1.0,0.0,1.0,1.0,1.0,0.0,1.0,1.0,0.0,1.0,1.0,2.0,0.0,1.0,0.0,3.0,1.0,2.0,0.0,2.0,6.0,0.0,2.0,13.0,3.0,10.0,1.0,1.0,60.0,1.0,0.0,0.0,0.0,0.0,0.0,1.0,0.0,0.0,0.0,0.0,1.0,0.0,0.0,0.0,1.0,0.0,0.0,0.0,0.0,0.0,0.0,1.0,0.0,0.0,0.0,0.0,0.0,0.0,0.0,0.0,0.0,0.0,0.0,0.0,0.0,0.0,0.0,0.0,0.0,64.0,46.0,161.0,12.0,8.0,13.0,0.0,13.0,122.0,96.0,47.0,17.0,4.0,5.0,1.0,303.0,1.0,303.0,101.0,203.0,202.0,88.0,14.0,109.0,163.0,32.0,1.0,220.0,83.0,1.0,13.0,167.0,108.0,15.0,1.0,50.0,75.0,109.0,41.0,28.0,274.0,15.0,11.0,3.0,1.0,255.0,41.0,8.0,1.0,40.0,37.0,40.0,139.0,28.0,19.0,290.0,14.0,241.0,63.0,162.0,132.0,10.0,2.0,25.0,31.0,54.0,119.0,22.0,51.0,290.0,14.0,208.0,96.0,200.0,80.0,24.0,301.0,3.0,282.0,22.0,270.0,34.0,296.0,8.0,222.0,82.0,101.0,161.0,42.0,227.0,73.0,4.0,44.0,67.0,64.0,119.0,10.0,98.0,114.0,16.0,31.0,45.0,90.0,214.0,148.0,142.0,13.0,1.0,232.0,13.0,59.0,197.0,68.0,39.0,283.0,17.0,4.0,41.0,263.0,252.0,52.0,193.0,95.0,4.0,12.0,217.0,76.0,11.0,175.0,114.0,15.0,281.0,10.0,13.0,227.0,55.0,5.0,17.0,176.0,128.0,189.0,98.0,14.0,3.0,283.0,19.0,2.0,175.0,122.0,7.0,195.0,105.0,4.0,273.0,27.0,4.0,275.0,24.0,1.0,4.0,15.0,108.0,171.0,10.0,Acima da média
585,26123517,2017,1,2,2605,26017,26,2611606,261160605,2,1,1.0,1.0,1.0,0.0,0.0,0.0,0.0,0.0,0.0,0.0,0.0,0.0,0.0,1.0,1.0,0.0,0.0,0.0,0.0,1.0,0.0,0.0,0.0,1.0,1.0,0.0,1.0,0.0,0.0,0.0,0.0,0.0,1.0,1.0,1.0,0.0,1.0,0.0,0.0,0.0,1.0,1.0,0.0,1.0,0.0,0.0,0.0,1.0,0.0,0.0,0.0,1.0,0.0,0.0,0.0,1.0,0.0,1.0,0.0,0.0,0.0,0.0,0.0,0.0,13.0,13.0,1.0,0.0,1.0,0.0,0.0,1.0,1.0,1.0,1.0,1.0,0.0,1.0,1.0,2.0,0.0,1.0,0.0,0.0,1.0,2.0,1.0,1.0,4.0,0.0,2.0,5.0,5.0,3.0,1.0,1.0,81.0,1.0,0.0,0.0,0.0,0.0,0.0,1.0,0.0,0.0,0.0,0.0,1.0,0.0,0.0,0.0,1.0,0.0,0.0,0.0,0.0,0.0,1.0,1.0,0.0,0.0,0.0,0.0,0.0,0.0,0.0,0.0,0.0,0.0,0.0,0.0,0.0,0.0,0.0,0.0,0.0,33.0,19.0,108.0,11.0,6.0,11.0,0.0,2.0,54.0,66.0,33.0,14.0,7.0,12.0,3.0,185.0,0.0,188.0,70.0,118.0,133.0,50.0,5.0,95.0,80.0,13.0,2.0,143.0,43.0,0.0,15.0,119.0,48.0,6.0,0.0,20.0,49.0,59.0,37.0,23.0,169.0,16.0,2.0,1.0,0.0,149.0,34.0,5.0,9.0,21.0,32.0,30.0,76.0,5.0,15.0,171.0,17.0,146.0,42.0,93.0,87.0,8.0,7.0,14.0,26.0,28.0,60.0,6.0,47.0,164.0,24.0,123.0,65.0,66.0,78.0,44.0,184.0,4.0,173.0,15.0,159.0,29.0,182.0,6.0,125.0,63.0,60.0,100.0,28.0,147.0,37.0,4.0,42.0,37.0,36.0,69.0,4.0,56.0,64.0,21.0,24.0,23.0,51.0,137.0,83.0,95.0,9.0,1.0,152.0,5.0,31.0,100.0,55.0,33.0,162.0,20.0,6.0,31.0,157.0,153.0,35.0,110.0,68.0,5.0,5.0,148.0,34.0,6.0,124.0,56.0,8.0,171.0,14.0,3.0,146.0,34.0,3.0,5.0,92.0,96.0,78.0,89.0,16.0,5.0,167.0,14.0,7.0,118.0,60.0,10.0,118.0,59.0,11.0,161.0,20.0,7.0,142.0,35.0,7.0,4.0,14.0,75.0,90.0,9.0,Abaixo da média
586,26123533,2017,1,2,2605,26017,26,2611606,261160605,2,1,1.0,1.0,1.0,0.0,0.0,0.0,0.0,0.0,0.0,0.0,0.0,0.0,0.0,1.0,1.0,0.0,0.0,0.0,0.0,1.0,0.0,0.0,0.0,0.0,1.0,0.0,1.0,0.0,0.0,0.0,0.0,0.0,0.0,1.0,1.0,0.0,0.0,0.0,1.0,1.0,1.0,1.0,0.0,1.0,0.0,0.0,0.0,1.0,0.0,0.0,0.0,0.0,0.0,1.0,1.0,0.0,1.0,1.0,0.0,0.0,0.0,0.0,0.0,0.0,13.0,13.0,1.0,0.0,0.0,0.0,0.0,1.0,1.0,1.0,1.0,0.0,0.0,1.0,1.0,2.0,0.0,0.0,0.0,0.0,3.0,1.0,1.0,3.0,0.0,0.0,1.0,14.0,4.0,10.0,1.0,1.0,51.0,1.0,0.0,1.0,0.0,0.0,0.0,1.0,0.0,0.0,0.0,0.0,1.0,0.0,0.0,0.0,1.0,1.0,0.0,0.0,0.0,0.0,1.0,1.0,0.0,0.0,0.0,0.0,0.0,0.0,0.0,0.0,0.0,1.0,0.0,0.0,0.0,0.0,0.0,0.0,0.0,25.0,30.0,79.0,4.0,3.0,11.0,0.0,3.0,47.0,57.0,27.0,10.0,3.0,5.0,5.0,147.0,3.0,149.0,56.0,96.0,118.0,31.0,3.0,80.0,64.0,8.0,1.0,124.0,27.0,0.0,7.0,98.0,44.0,3.0,1.0,13.0,38.0,52.0,31.0,17.0,131.0,15.0,4.0,1.0,1.0,122.0,20.0,10.0,2.0,20.0,26.0,31.0,48.0,2.0,23.0,147.0,5.0,121.0,31.0,61.0,86.0,5.0,1.0,17.0,14.0,21.0,49.0,6.0,44.0,141.0,11.0,95.0,57.0,62.0,54.0,36.0,152.0,0.0,144.0,8.0,133.0,19.0,152.0,0.0,96.0,56.0,49.0,79.0,24.0,112.0,34.0,6.0,33.0,38.0,27.0,47.0,7.0,52.0,51.0,10.0,16.0,23.0,46.0,106.0,60.0,83.0,7.0,2.0,130.0,6.0,16.0,96.0,36.0,20.0,137.0,13.0,2.0,21.0,131.0,130.0,22.0,89.0,57.0,1.0,5.0,118.0,23.0,11.0,84.0,56.0,12.0,144.0,5.0,3.0,122.0,23.0,4.0,3.0,78.0,74.0,83.0,60.0,6.0,3.0,138.0,10.0,4.0,98.0,49.0,5.0,90.0,55.0,7.0,134.0,13.0,5.0,136.0,13.0,1.0,2.0,9.0,52.0,83.0,8.0,Abaixo da média
588,26123592,2017,1,2,2605,26017,26,2611606,261160605,2,1,1.0,1.0,1.0,0.0,0.0,0.0,0.0,0.0,0.0,0.0,0.0,0.0,0.0,1.0,1.0,0.0,0.0,0.0,0.0,1.0,0.0,0.0,0.0,1.0,0.0,0.0,1.0,0.0,0.0,0.0,0.0,0.0,1.0,1.0,1.0,1.0,1.0,0.0,1.0,1.0,1.0,1.0,0.0,1.0,0.0,0.0,0.0,1.0,0.0,1.0,0.0,1.0,0.0,0.0,1.0,1.0,1.0,1.0,0.0,0.0,0.0,1.0,0.0,0.0,14.0,14.0,1.0,0.0,0.0,0.0,1.0,0.0,1.0,0.0,1.0,1.0,0.0,1.0,1.0,2.0,0.0,0.0,0.0,3.0,0.0,2.0,0.0,6.0,6.0,0.0,2.0,37.0,10.0,27.0,1.0,1.0,50.0,1.0,1.0,0.0,0.0,0.0,0.0,1.0,0.0,0.0,1.0,0.0,1.0,0.0,0.0,0.0,1.0,1.0,0.0,0.0,0.0,0.0,0.0,1.0,0.0,0.0,0.0,0.0,0.0,0.0,0.0,0.0,0.0,0.0,1.0,0.0,0.0,0.0,0.0,0.0,0.0,41.0,24.0,73.0,14.0,1.0,4.0,0.0,20.0,78.0,53.0,6.0,0.0,0.0,0.0,1.0,156.0,1.0,156.0,52.0,105.0,79.0,67.0,11.0,55.0,79.0,23.0,1.0,110.0,46.0,0.0,8.0,79.0,59.0,11.0,1.0,15.0,38.0,60.0,27.0,16.0,146.0,10.0,0.0,1.0,0.0,140.0,9.0,8.0,1.0,5.0,24.0,30.0,73.0,16.0,8.0,155.0,2.0,130.0,27.0,94.0,52.0,11.0,2.0,6.0,27.0,20.0,64.0,15.0,23.0,149.0,8.0,102.0,55.0,51.0,77.0,29.0,154.0,3.0,144.0,13.0,129.0,28.0,154.0,3.0,106.0,51.0,56.0,86.0,15.0,123.0,33.0,1.0,16.0,47.0,35.0,57.0,2.0,73.0,45.0,12.0,2.0,25.0,4.0,153.0,90.0,67.0,0.0,0.0,130.0,3.0,24.0,129.0,27.0,1.0,155.0,2.0,0.0,5.0,152.0,125.0,32.0,102.0,50.0,2.0,3.0,136.0,17.0,4.0,103.0,50.0,4.0,147.0,6.0,4.0,122.0,29.0,1.0,5.0,94.0,63.0,95.0,53.0,6.0,3.0,149.0,6.0,2.0,96.0,59.0,2.0,114.0,41.0,2.0,140.0,13.0,4.0,138.0,16.0,0.0,3.0,46.0,105.0,6.0,0.0,Acima da média
589,26123703,2017,1,2,2605,26017,26,2611606,261160605,2,1,1.0,1.0,1.0,0.0,0.0,0.0,0.0,0.0,0.0,0.0,0.0,0.0,0.0,1.0,1.0,0.0,0.0,0.0,0.0,1.0,0.0,0.0,0.0,1.0,1.0,0.0,1.0,0.0,0.0,0.0,0.0,0.0,1.0,1.0,1.0,1.0,0.0,0.0,1.0,1.0,1.0,1.0,0.0,1.0,0.0,0.0,1.0,1.0,0.0,1.0,1.0,1.0,1.0,0.0,1.0,0.0,1.0,1.0,0.0,0.0,0.0,0.0,0.0,0.0,11.0,11.0,1.0,0.0,0.0,0.0,1.0,1.0,1.0,1.0,1.0,1.0,0.0,1.0,1.0,1.0,0.0,0.0,0.0,1.0,1.0,1.0,1.0,1.0,2.0,0.0,1.0,11.0,3.0,10.0,1.0,1.0,28.0,1.0,0.0,0.0,0.0,0.0,0.0,1.0,0.0,0.0,0.0,0.0,1.0,0.0,0.0,0.0,1.0,0.0,0.0,0.0,0.0,0.0,0.0,1.0,0.0,0.0,0.0,0.0,0.0,0.0,0.0,0.0,0.0,0.0,0.0,0.0,0.0,0.0,0.0,0.0,0.0,24.0,18.0,36.0,7.0,2.0,8.0,0.0,5.0,50.0,35.0,4.0,1.0,0.0,0.0,2.0,93.0,0.0,95.0,34.0,61.0,63.0,29.0,3.0,31.0,53.0,11.0,1.0,73.0,21.0,1.0,5.0,51.0,33.0,5.0,0.0,12.0,27.0,35.0,16.0,5.0,88.0,5.0,1.0,1.0,0.0,82.0,9.0,4.0,1.0,7.0,17.0,16.0,38.0,6.0,10.0,92.0,3.0,80.0,15.0,57.0,32.0,6.0,1.0,7.0,6.0,12.0,46.0,5.0,18.0,90.0,5.0,71.0,24.0,39.0,39.0,17.0,94.0,1.0,81.0,14.0,79.0,16.0,94.0,1.0,61.0,34.0,42.0,38.0,15.0,73.0,21.0,1.0,10.0,24.0,16.0,45.0,0.0,34.0,33.0,11.0,2.0,15.0,10.0,85.0,51.0,43.0,1.0,0.0,80.0,6.0,9.0,85.0,8.0,2.0,94.0,1.0,0.0,12.0,83.0,83.0,12.0,56.0,33.0,4.0,2.0,70.0,17.0,8.0,56.0,30.0,9.0,90.0,2.0,3.0,70.0,21.0,1.0,3.0,48.0,47.0,63.0,25.0,6.0,1.0,86.0,6.0,3.0,70.0,24.0,1.0,61.0,33.0,1.0,90.0,4.0,1.0,73.0,20.0,1.0,1.0,10.0,18.0,66.0,1.0,Acima da média
590,26123819,2017,1,2,2605,26017,26,2611606,261160605,2,1,1.0,1.0,1.0,0.0,0.0,0.0,0.0,0.0,0.0,0.0,0.0,0.0,0.0,1.0,1.0,0.0,0.0,0.0,0.0,1.0,0.0,0.0,0.0,0.0,1.0,0.0,1.0,0.0,0.0,0.0,0.0,0.0,1.0,1.0,1.0,1.0,1.0,0.0,0.0,0.0,1.0,1.0,0.0,1.0,0.0,0.0,0.0,1.0,0.0,1.0,0.0,0.0,0.0,0.0,0.0,0.0,0.0,0.0,0.0,0.0,0.0,0.0,0.0,0.0,16.0,16.0,1.0,0.0,1.0,1.0,1.0,0.0,0.0,1.0,1.0,1.0,0.0,1.0,1.0,3.0,0.0,5.0,1.0,3.0,0.0,0.0,4.0,3.0,5.0,0.0,2.0,23.0,6.0,17.0,1.0,1.0,62.0,1.0,1.0,0.0,0.0,0.0,0.0,1.0,0.0,0.0,0.0,0.0,1.0,0.0,0.0,0.0,1.0,1.0,0.0,0.0,0.0,0.0,0.0,1.0,0.0,0.0,0.0,0.0,0.0,0.0,0.0,0.0,0.0,0.0,1.0,0.0,0.0,0.0,0.0,0.0,0.0,12.0,14.0,54.0,7.0,1.0,4.0,0.0,0.0,46.0,38.0,6.0,2.0,0.0,0.0,1.0,91.0,0.0,92.0,39.0,53.0,74.0,17.0,1.0,42.0,47.0,3.0,0.0,69.0,23.0,0.0,10.0,52.0,29.0,1.0,0.0,13.0,25.0,29.0,13.0,12.0,85.0,6.0,1.0,0.0,0.0,76.0,9.0,7.0,0.0,11.0,20.0,16.0,35.0,4.0,6.0,91.0,1.0,73.0,19.0,49.0,38.0,5.0,2.0,12.0,11.0,16.0,26.0,3.0,22.0,83.0,9.0,58.0,34.0,48.0,36.0,8.0,92.0,0.0,88.0,4.0,78.0,14.0,92.0,0.0,62.0,30.0,33.0,44.0,15.0,66.0,25.0,1.0,8.0,25.0,27.0,31.0,1.0,37.0,35.0,6.0,8.0,6.0,10.0,82.0,44.0,46.0,2.0,0.0,77.0,4.0,11.0,73.0,16.0,3.0,89.0,2.0,1.0,6.0,86.0,79.0,13.0,67.0,18.0,2.0,5.0,67.0,22.0,3.0,55.0,34.0,3.0,90.0,2.0,0.0,80.0,7.0,1.0,4.0,49.0,43.0,67.0,21.0,4.0,0.0,87.0,5.0,0.0,61.0,28.0,3.0,57.0,33.0,2.0,78.0,13.0,1.0,90.0,2.0,0.0,0.0,19.0,59.0,14.0,0.0,Acima da média
591,26124190,2017,1,2,2605,26017,26,2611606,261160605,2,1,1.0,1.0,3.0,0.0,0.0,0.0,0.0,0.0,0.0,0.0,0.0,0.0,0.0,1.0,1.0,0.0,0.0,0.0,0.0,1.0,0.0,0.0,0.0,1.0,0.0,0.0,1.0,0.0,0.0,0.0,0.0,0.0,1.0,1.0,1.0,1.0,0.0,0.0,0.0,0.0,1.0,1.0,1.0,1.0,0.0,0.0,0.0,1.0,0.0,1.0,1.0,1.0,1.0,1.0,1.0,1.0,0.0,1.0,1.0,0.0,0.0,1.0,0.0,0.0,18.0,18.0,1.0,0.0,0.0,1.0,1.0,1.0,1.0,0.0,1.0,1.0,0.0,1.0,1.0,2.0,0.0,0.0,1.0,1.0,1.0,1.0,0.0,1.0,2.0,0.0,1.0,8.0,4.0,4.0,1.0,1.0,63.0,1.0,0.0,0.0,0.0,0.0,0.0,1.0,0.0,0.0,0.0,0.0,1.0,0.0,0.0,0.0,1.0,1.0,0.0,0.0,0.0,0.0,0.0,1.0,0.0,0.0,0.0,0.0,0.0,0.0,0.0,0.0,0.0,0.0,1.0,0.0,0.0,0.0,0.0,0.0,0.0,43.0,13.0,101.0,13.0,1.0,10.0,1.0,8.0,95.0,69.0,7.0,1.0,0.0,0.0,2.0,179.0,1.0,180.0,36.0,145.0,86.0,86.0,9.0,50.0,92.0,39.0,0.0,100.0,81.0,1.0,9.0,103.0,56.0,12.0,0.0,20.0,45.0,75.0,26.0,15.0,169.0,10.0,2.0,0.0,0.0,155.0,16.0,10.0,1.0,5.0,15.0,21.0,92.0,30.0,17.0,178.0,3.0,158.0,23.0,100.0,69.0,12.0,1.0,14.0,18.0,22.0,77.0,25.0,24.0,175.0,6.0,135.0,46.0,68.0,87.0,26.0,179.0,2.0,163.0,18.0,157.0,24.0,177.0,4.0,136.0,45.0,60.0,98.0,23.0,145.0,34.0,2.0,22.0,54.0,48.0,53.0,4.0,86.0,43.0,9.0,7.0,36.0,4.0,177.0,99.0,80.0,2.0,0.0,144.0,11.0,26.0,145.0,32.0,4.0,176.0,5.0,0.0,7.0,174.0,152.0,29.0,135.0,40.0,2.0,4.0,147.0,25.0,9.0,125.0,47.0,9.0,172.0,2.0,7.0,172.0,3.0,0.0,6.0,108.0,73.0,111.0,51.0,5.0,14.0,162.0,3.0,16.0,127.0,39.0,15.0,102.0,60.0,19.0,152.0,16.0,13.0,149.0,14.0,1.0,17.0,19.0,125.0,36.0,1.0,Acima da média
593,26124432,2017,1,2,2605,26017,26,2611606,261160605,2,1,1.0,1.0,1.0,0.0,0.0,0.0,0.0,0.0,0.0,0.0,0.0,0.0,0.0,1.0,1.0,0.0,0.0,0.0,0.0,1.0,0.0,0.0,0.0,0.0,1.0,0.0,1.0,0.0,0.0,0.0,0.0,0.0,1.0,1.0,1.0,1.0,0.0,0.0,1.0,1.0,1.0,1.0,0.0,1.0,0.0,0.0,0.0,1.0,0.0,1.0,1.0,1.0,0.0,0.0,1.0,1.0,0.0,1.0,1.0,0.0,0.0,1.0,0.0,0.0,15.0,15.0,1.0,0.0,0.0,0.0,1.0,0.0,0.0,1.0,0.0,1.0,0.0,1.0,1.0,2.0,0.0,0.0,0.0,1.0,0.0,0.0,4.0,0.0,2.0,0.0,1.0,22.0,4.0,15.0,1.0,1.0,59.0,1.0,0.0,0.0,0.0,0.0,0.0,1.0,0.0,0.0,1.0,0.0,1.0,0.0,0.0,0.0,1.0,1.0,0.0,0.0,0.0,0.0,1.0,1.0,0.0,0.0,0.0,0.0,0.0,0.0,0.0,0.0,0.0,0.0,1.0,0.0,0.0,0.0,0.0,0.0,0.0,15.0,12.0,49.0,6.0,5.0,6.0,0.0,2.0,38.0,51.0,2.0,0.0,0.0,0.0,1.0,92.0,1.0,92.0,43.0,50.0,66.0,25.0,2.0,42.0,40.0,11.0,1.0,69.0,23.0,0.0,7.0,51.0,33.0,2.0,0.0,8.0,18.0,36.0,21.0,10.0,84.0,7.0,1.0,1.0,0.0,76.0,13.0,4.0,1.0,20.0,19.0,17.0,26.0,2.0,8.0,84.0,9.0,78.0,15.0,47.0,39.0,7.0,3.0,14.0,18.0,16.0,22.0,5.0,15.0,85.0,8.0,62.0,31.0,38.0,44.0,11.0,90.0,3.0,84.0,9.0,82.0,11.0,91.0,2.0,64.0,29.0,30.0,57.0,6.0,59.0,31.0,3.0,15.0,24.0,18.0,34.0,2.0,37.0,30.0,13.0,10.0,3.0,9.0,84.0,37.0,51.0,5.0,0.0,77.0,1.0,15.0,80.0,12.0,1.0,88.0,5.0,0.0,15.0,78.0,78.0,15.0,57.0,33.0,2.0,1.0,75.0,17.0,1.0,58.0,31.0,4.0,89.0,3.0,1.0,78.0,13.0,1.0,1.0,58.0,35.0,50.0,38.0,4.0,1.0,89.0,4.0,0.0,58.0,34.0,1.0,60.0,32.0,1.0,87.0,6.0,0.0,85.0,5.0,2.0,1.0,6.0,52.0,35.0,0.0,Abaixo da média
594,26124440,2017,1,2,2605,26017,26,2611606,261160605,2,1,1.0,1.0,1.0,0.0,0.0,0.0,0.0,0.0,0.0,0.0,0.0,0.0,0.0,1.0,1.0,1.0,0.0,0.0,0.0,1.0,0.0,0.0,0.0,1.0,1.0,0.0,1.0,0.0,0.0,0.0,0.0,0.0,1.0,1.0,1.0,1.0,0.0,0.0,1.0,1.0,1.0,1.0,0.0,1.0,0.0,0.0,0.0,0.0,0.0,0.0,0.0,0.0,0.0,0.0,0.0,0.0,0.0,0.0,0.0,0.0,0.0,0.0,0.0,0.0,9.0,9.0,1.0,0.0,0.0,0.0,0.0,0.0,1.0,1.0,0.0,1.0,0.0,0.0,1.0,1.0,0.0,0.0,0.0,0.0,0.0,1.0,1.0,0.0,3.0,0.0,0.0,23.0,2.0,19.0,1.0,1.0,52.0,1.0,0.0,0.0,0.0,0.0,0.0,1.0,0.0,0.0,0.0,0.0,1.0,0.0,0.0,0.0,1.0,0.0,0.0,0.0,0.0,0.0,0.0,1.0,0.0,0.0,0.0,0.0,0.0,0.0,0.0,0.0,0.0,0.0,0.0,0.0,0.0,0.0,0.0,0.0,0.0,18.0,24.0,101.0,11.0,5.0,7.0,0.0,10.0,49.0,66.0,24.0,7.0,4.0,6.0,6.0,160.0,2.0,164.0,57.0,109.0,125.0,37.0,4.0,90.0,61.0,15.0,1.0,126.0,39.0,1.0,23.0,101.0,33.0,8.0,0.0,22.0,36.0,56.0,28.0,24.0,153.0,8.0,4.0,1.0,0.0,134.0,25.0,7.0,1.0,15.0,20.0,30.0,72.0,10.0,18.0,162.0,4.0,135.0,31.0,87.0,74.0,5.0,2.0,20.0,13.0,25.0,56.0,11.0,39.0,149.0,17.0,99.0,67.0,59.0,68.0,39.0,159.0,7.0,147.0,19.0,140.0,26.0,159.0,7.0,104.0,62.0,51.0,89.0,26.0,118.0,40.0,8.0,23.0,36.0,32.0,64.0,11.0,55.0,58.0,11.0,16.0,26.0,62.0,104.0,71.0,77.0,11.0,7.0,130.0,9.0,27.0,105.0,47.0,14.0,151.0,12.0,3.0,15.0,151.0,130.0,36.0,75.0,78.0,4.0,9.0,99.0,56.0,11.0,80.0,72.0,14.0,149.0,8.0,9.0,91.0,61.0,7.0,7.0,82.0,84.0,70.0,74.0,17.0,5.0,132.0,25.0,9.0,84.0,73.0,9.0,87.0,69.0,10.0,131.0,27.0,8.0,92.0,55.0,9.0,10.0,14.0,61.0,87.0,4.0,Abaixo da média
597,26124602,2017,1,2,2605,26017,26,2611606,261160605,2,1,1.0,1.0,1.0,0.0,0.0,0.0,0.0,0.0,0.0,0.0,0.0,0.0,0.0,1.0,1.0,0.0,0.0,0.0,0.0,1.0,0.0,0.0,0.0,1.0,0.0,0.0,1.0,0.0,0.0,0.0,0.0,0.0,1.0,1.0,1.0,1.0,0.0,0.0,0.0,0.0,1.0,1.0,0.0,1.0,0.0,0.0,0.0,0.0,0.0,0.0,0.0,0.0,0.0,0.0,0.0,0.0,0.0,0.0,0.0,0.0,0.0,0.0,0.0,0.0,12.0,17.0,1.0,0.0,1.0,0.0,1.0,0.0,1.0,0.0,1.0,1.0,0.0,1.0,1.0,7.0,0.0,4.0,0.0,2.0,0.0,2.0,0.0,4.0,11.0,0.0,1.0,20.0,0.0,20.0,1.0,0.0,59.0,1.0,0.0,0.0,0.0,0.0,0.0,1.0,0.0,0.0,0.0,0.0,1.0,0.0,0.0,0.0,1.0,1.0,0.0,0.0,0.0,0.0,0.0,1.0,0.0,0.0,0.0,0.0,0.0,0.0,0.0,0.0,0.0,0.0,1.0,0.0,0.0,0.0,0.0,0.0,0.0,22.0,11.0,49.0,7.0,0.0,7.0,0.0,7.0,50.0,33.0,6.0,0.0,0.0,0.0,1.0,95.0,1.0,95.0,31.0,65.0,63.0,27.0,6.0,28.0,52.0,16.0,0.0,58.0,38.0,0.0,3.0,53.0,36.0,4.0,0.0,10.0,30.0,31.0,13.0,12.0,93.0,3.0,0.0,0.0,0.0,83.0,8.0,5.0,0.0,10.0,6.0,17.0,44.0,16.0,3.0,96.0,0.0,77.0,19.0,54.0,40.0,2.0,1.0,10.0,7.0,12.0,39.0,15.0,12.0,92.0,4.0,71.0,25.0,46.0,42.0,8.0,94.0,2.0,94.0,2.0,89.0,7.0,92.0,4.0,70.0,26.0,33.0,50.0,13.0,72.0,24.0,0.0,5.0,24.0,21.0,44.0,2.0,31.0,37.0,12.0,6.0,10.0,7.0,89.0,38.0,54.0,3.0,1.0,86.0,1.0,9.0,80.0,16.0,0.0,95.0,1.0,0.0,2.0,94.0,80.0,16.0,61.0,30.0,5.0,0.0,80.0,16.0,0.0,66.0,30.0,0.0,95.0,1.0,0.0,71.0,23.0,2.0,0.0,71.0,25.0,65.0,26.0,5.0,0.0,91.0,5.0,0.0,61.0,34.0,1.0,80.0,16.0,0.0,87.0,9.0,0.0,83.0,12.0,1.0,0.0,18.0,62.0,16.0,0.0,Acima da média
599,26124653,2017,1,2,2605,26017,26,2611606,261160605,2,1,1.0,1.0,1.0,0.0,0.0,0.0,0.0,0.0,0.0,0.0,0.0,0.0,0.0,1.0,1.0,0.0,0.0,0.0,0.0,1.0,0.0,0.0,0.0,1.0,0.0,0.0,1.0,0.0,0.0,0.0,0.0,0.0,1.0,1.0,1.0,1.0,0.0,0.0,0.0,0.0,1.0,1.0,1.0,1.0,0.0,0.0,0.0,1.0,0.0,1.0,0.0,1.0,1.0,0.0,1.0,1.0,1.0,1.0,0.0,0.0,0.0,0.0,0.0,0.0,15.0,34.0,1.0,0.0,1.0,0.0,1.0,1.0,1.0,0.0,1.0,1.0,0.0,1.0,1.0,1.0,0.0,1.0,0.0,2.0,1.0,1.0,0.0,5.0,3.0,0.0,3.0,7.0,4.0,3.0,1.0,1.0,57.0,1.0,0.0,0.0,0.0,0.0,0.0,1.0,0.0,0.0,0.0,0.0,1.0,0.0,0.0,0.0,1.0,0.0,0.0,0.0,0.0,0.0,1.0,1.0,0.0,0.0,0.0,0.0,0.0,0.0,0.0,0.0,0.0,0.0,0.0,0.0,0.0,0.0,0.0,0.0,0.0,51.0,47.0,141.0,12.0,7.0,12.0,0.0,3.0,79.0,99.0,46.0,18.0,10.0,15.0,5.0,265.0,4.0,266.0,108.0,162.0,198.0,69.0,3.0,136.0,110.0,24.0,0.0,208.0,62.0,0.0,21.0,151.0,84.0,14.0,3.0,29.0,49.0,87.0,54.0,48.0,244.0,20.0,4.0,2.0,0.0,210.0,47.0,13.0,15.0,36.0,55.0,42.0,97.0,11.0,14.0,246.0,24.0,216.0,54.0,123.0,129.0,18.0,9.0,46.0,32.0,38.0,85.0,6.0,54.0,240.0,30.0,167.0,103.0,99.0,124.0,47.0,265.0,5.0,250.0,20.0,245.0,25.0,264.0,6.0,187.0,83.0,86.0,154.0,30.0,201.0,57.0,12.0,42.0,75.0,43.0,98.0,12.0,80.0,95.0,30.0,44.0,21.0,79.0,191.0,93.0,156.0,15.0,6.0,228.0,8.0,34.0,155.0,82.0,33.0,222.0,37.0,11.0,48.0,222.0,228.0,42.0,170.0,88.0,8.0,4.0,213.0,50.0,7.0,162.0,103.0,5.0,256.0,12.0,2.0,243.0,20.0,0.0,7.0,182.0,88.0,197.0,59.0,6.0,8.0,253.0,10.0,7.0,145.0,112.0,13.0,154.0,105.0,11.0,218.0,40.0,12.0,244.0,14.0,1.0,11.0,29.0,93.0,128.0,20.0,Abaixo da média
600,26124670,2017,1,2,2605,26017,26,2611606,261160605,2,1,1.0,1.0,1.0,0.0,0.0,0.0,0.0,0.0,0.0,0.0,0.0,0.0,0.0,1.0,1.0,0.0,0.0,0.0,0.0,1.0,0.0,0.0,0.0,1.0,0.0,0.0,1.0,0.0,0.0,0.0,0.0,0.0,1.0,1.0,1.0,1.0,0.0,0.0,1.0,1.0,1.0,1.0,0.0,1.0,0.0,0.0,0.0,0.0,0.0,0.0,0.0,0.0,0.0,0.0,0.0,0.0,0.0,0.0,0.0,0.0,0.0,0.0,0.0,0.0,17.0,17.0,0.0,0.0,0.0,0.0,0.0,0.0,0.0,0.0,0.0,0.0,0.0,0.0,1.0,0.0,0.0,0.0,0.0,0.0,0.0,0.0,0.0,0.0,0.0,0.0,0.0,6.0,3.0,3.0,1.0,0.0,84.0,1.0,0.0,1.0,0.0,0.0,0.0,1.0,0.0,0.0,1.0,0.0,1.0,0.0,0.0,0.0,1.0,1.0,0.0,0.0,0.0,0.0,1.0,1.0,0.0,0.0,0.0,0.0,0.0,0.0,0.0,0.0,0.0,1.0,0.0,0.0,0.0,0.0,0.0,0.0,0.0,30.0,40.0,77.0,11.0,3.0,20.0,0.0,3.0,60.0,65.0,31.0,10.0,6.0,6.0,1.0,180.0,2.0,179.0,77.0,104.0,139.0,41.0,1.0,103.0,70.0,8.0,0.0,138.0,43.0,1.0,12.0,105.0,56.0,7.0,0.0,21.0,36.0,70.0,25.0,29.0,169.0,9.0,3.0,0.0,0.0,153.0,23.0,5.0,1.0,28.0,33.0,29.0,70.0,6.0,14.0,175.0,6.0,155.0,26.0,91.0,77.0,13.0,2.0,24.0,22.0,27.0,61.0,7.0,38.0,164.0,17.0,114.0,67.0,99.0,67.0,15.0,179.0,2.0,165.0,16.0,159.0,22.0,179.0,2.0,113.0,68.0,53.0,101.0,27.0,136.0,39.0,6.0,28.0,38.0,36.0,76.0,3.0,71.0,66.0,18.0,16.0,10.0,34.0,147.0,63.0,101.0,17.0,0.0,146.0,4.0,31.0,112.0,55.0,14.0,158.0,19.0,4.0,32.0,149.0,150.0,31.0,115.0,59.0,4.0,3.0,147.0,29.0,5.0,108.0,69.0,4.0,163.0,16.0,2.0,170.0,7.0,2.0,2.0,103.0,78.0,92.0,77.0,10.0,2.0,167.0,10.0,4.0,114.0,61.0,6.0,106.0,70.0,5.0,141.0,37.0,3.0,159.0,18.0,1.0,3.0,5.0,53.0,113.0,10.0,Abaixo da média
601,26124696,2017,1,2,2605,26017,26,2611606,261160605,2,1,1.0,1.0,1.0,0.0,0.0,0.0,0.0,0.0,0.0,0.0,0.0,0.0,0.0,1.0,1.0,0.0,0.0,0.0,0.0,1.0,0.0,0.0,0.0,0.0,1.0,0.0,1.0,0.0,0.0,0.0,0.0,0.0,1.0,1.0,0.0,0.0,1.0,0.0,0.0,0.0,1.0,1.0,0.0,1.0,0.0,0.0,0.0,0.0,0.0,0.0,0.0,0.0,0.0,0.0,0.0,0.0,0.0,0.0,0.0,0.0,0.0,0.0,0.0,0.0,14.0,15.0,1.0,0.0,1.0,0.0,1.0,0.0,1.0,0.0,1.0,1.0,0.0,1.0,1.0,1.0,0.0,1.0,0.0,2.0,0.0,2.0,0.0,2.0,3.0,0.0,4.0,5.0,4.0,0.0,0.0,0.0,28.0,1.0,1.0,0.0,0.0,0.0,0.0,1.0,0.0,0.0,0.0,0.0,1.0,0.0,0.0,0.0,1.0,0.0,0.0,0.0,0.0,0.0,0.0,1.0,0.0,0.0,0.0,0.0,0.0,0.0,0.0,0.0,0.0,0.0,0.0,0.0,0.0,0.0,0.0,0.0,0.0,19.0,11.0,50.0,9.0,5.0,4.0,0.0,1.0,42.0,40.0,14.0,0.0,0.0,1.0,0.0,98.0,0.0,98.0,48.0,50.0,77.0,20.0,1.0,45.0,45.0,8.0,0.0,82.0,16.0,1.0,7.0,55.0,33.0,2.0,0.0,11.0,21.0,37.0,15.0,14.0,89.0,9.0,0.0,0.0,0.0,86.0,7.0,5.0,4.0,16.0,20.0,22.0,32.0,1.0,3.0,88.0,10.0,74.0,24.0,56.0,40.0,2.0,3.0,10.0,22.0,16.0,25.0,2.0,20.0,88.0,10.0,56.0,42.0,22.0,52.0,24.0,94.0,4.0,82.0,16.0,77.0,21.0,96.0,2.0,60.0,38.0,27.0,58.0,13.0,67.0,28.0,3.0,11.0,23.0,18.0,40.0,6.0,25.0,43.0,10.0,8.0,12.0,11.0,87.0,42.0,50.0,6.0,0.0,80.0,6.0,12.0,72.0,22.0,4.0,93.0,4.0,1.0,18.0,80.0,86.0,12.0,43.0,48.0,4.0,3.0,76.0,20.0,2.0,55.0,40.0,3.0,94.0,3.0,1.0,85.0,10.0,1.0,2.0,45.0,53.0,36.0,43.0,15.0,4.0,91.0,4.0,3.0,54.0,39.0,5.0,60.0,34.0,4.0,84.0,12.0,2.0,74.0,17.0,3.0,4.0,11.0,56.0,30.0,1.0,Acima da média
604,26125013,2017,1,2,2605,26017,26,2611606,261160605,2,1,1.0,1.0,1.0,0.0,0.0,0.0,0.0,0.0,0.0,0.0,0.0,0.0,0.0,1.0,1.0,0.0,0.0,0.0,0.0,1.0,0.0,0.0,0.0,0.0,1.0,0.0,1.0,0.0,0.0,0.0,0.0,0.0,1.0,1.0,1.0,0.0,0.0,0.0,0.0,0.0,1.0,1.0,0.0,1.0,0.0,0.0,0.0,1.0,0.0,1.0,0.0,1.0,0.0,0.0,1.0,1.0,0.0,0.0,0.0,0.0,0.0,0.0,0.0,0.0,8.0,8.0,0.0,0.0,0.0,0.0,0.0,0.0,0.0,1.0,1.0,1.0,0.0,1.0,1.0,0.0,0.0,0.0,0.0,0.0,0.0,0.0,3.0,2.0,2.0,0.0,2.0,26.0,8.0,18.0,1.0,1.0,37.0,1.0,0.0,1.0,0.0,0.0,0.0,1.0,0.0,0.0,0.0,0.0,1.0,0.0,0.0,0.0,1.0,0.0,0.0,0.0,0.0,0.0,1.0,1.0,0.0,0.0,0.0,0.0,0.0,0.0,0.0,0.0,0.0,0.0,0.0,0.0,0.0,0.0,0.0,0.0,0.0,6.0,11.0,20.0,2.0,1.0,5.0,0.0,1.0,14.0,18.0,4.0,4.0,3.0,1.0,0.0,45.0,0.0,45.0,19.0,26.0,37.0,7.0,1.0,26.0,15.0,4.0,0.0,37.0,8.0,1.0,7.0,24.0,12.0,1.0,0.0,4.0,10.0,20.0,5.0,6.0,40.0,5.0,0.0,0.0,0.0,35.0,7.0,3.0,3.0,7.0,7.0,8.0,17.0,1.0,2.0,41.0,4.0,34.0,11.0,19.0,23.0,3.0,3.0,7.0,10.0,7.0,11.0,0.0,7.0,40.0,5.0,29.0,16.0,22.0,16.0,7.0,44.0,1.0,43.0,2.0,40.0,5.0,43.0,2.0,35.0,10.0,14.0,23.0,8.0,34.0,10.0,1.0,4.0,17.0,9.0,14.0,1.0,13.0,16.0,5.0,7.0,4.0,15.0,30.0,17.0,25.0,3.0,0.0,38.0,2.0,5.0,31.0,7.0,7.0,39.0,5.0,1.0,4.0,41.0,44.0,1.0,32.0,11.0,1.0,1.0,31.0,13.0,1.0,19.0,25.0,1.0,45.0,0.0,0.0,39.0,6.0,0.0,0.0,19.0,26.0,25.0,18.0,1.0,1.0,42.0,2.0,1.0,30.0,14.0,1.0,27.0,17.0,1.0,44.0,1.0,0.0,31.0,12.0,1.0,1.0,9.0,22.0,13.0,1.0,Abaixo da média
605,26125048,2017,1,2,2605,26017,26,2611606,261160605,2,1,1.0,1.0,1.0,0.0,0.0,0.0,0.0,0.0,0.0,0.0,0.0,0.0,0.0,1.0,1.0,1.0,0.0,0.0,0.0,1.0,0.0,0.0,0.0,1.0,1.0,0.0,1.0,0.0,0.0,0.0,0.0,0.0,1.0,1.0,0.0,1.0,0.0,1.0,0.0,1.0,1.0,1.0,0.0,1.0,0.0,0.0,0.0,1.0,0.0,1.0,0.0,1.0,1.0,1.0,1.0,1.0,1.0,1.0,0.0,0.0,0.0,1.0,0.0,0.0,17.0,16.0,1.0,0.0,0.0,0.0,1.0,0.0,0.0,1.0,1.0,1.0,0.0,1.0,1.0,4.0,0.0,0.0,0.0,1.0,0.0,0.0,2.0,3.0,1.0,0.0,1.0,7.0,7.0,0.0,1.0,0.0,53.0,1.0,0.0,0.0,0.0,0.0,0.0,1.0,0.0,0.0,0.0,0.0,1.0,0.0,0.0,0.0,1.0,1.0,0.0,0.0,0.0,0.0,0.0,1.0,0.0,0.0,0.0,0.0,0.0,0.0,0.0,0.0,0.0,0.0,1.0,0.0,0.0,0.0,0.0,0.0,0.0,27.0,25.0,84.0,5.0,4.0,3.0,0.0,5.0,66.0,66.0,11.0,0.0,0.0,0.0,2.0,146.0,2.0,146.0,37.0,111.0,114.0,32.0,2.0,73.0,59.0,16.0,0.0,109.0,39.0,1.0,4.0,96.0,40.0,7.0,0.0,24.0,36.0,44.0,25.0,19.0,136.0,8.0,3.0,1.0,0.0,118.0,17.0,13.0,1.0,11.0,28.0,24.0,65.0,10.0,9.0,142.0,6.0,126.0,22.0,70.0,70.0,8.0,2.0,19.0,21.0,17.0,53.0,6.0,30.0,134.0,14.0,100.0,48.0,55.0,70.0,23.0,146.0,2.0,136.0,12.0,121.0,27.0,146.0,2.0,100.0,48.0,42.0,88.0,18.0,119.0,28.0,1.0,25.0,31.0,31.0,56.0,5.0,65.0,44.0,8.0,8.0,23.0,10.0,138.0,58.0,83.0,6.0,1.0,117.0,10.0,21.0,119.0,24.0,5.0,142.0,6.0,0.0,9.0,139.0,117.0,31.0,77.0,63.0,7.0,1.0,111.0,33.0,4.0,86.0,56.0,6.0,139.0,6.0,3.0,127.0,17.0,1.0,3.0,66.0,82.0,67.0,60.0,19.0,2.0,134.0,12.0,2.0,98.0,48.0,2.0,88.0,58.0,2.0,117.0,29.0,2.0,132.0,14.0,0.0,2.0,8.0,71.0,66.0,3.0,Acima da média
606,26125250,2017,1,2,2605,26017,26,2611606,261160605,2,1,1.0,1.0,1.0,0.0,0.0,0.0,0.0,0.0,0.0,0.0,0.0,0.0,0.0,1.0,1.0,0.0,1.0,0.0,0.0,1.0,0.0,0.0,0.0,1.0,0.0,0.0,1.0,0.0,0.0,0.0,0.0,0.0,1.0,1.0,1.0,1.0,1.0,0.0,1.0,1.0,1.0,1.0,0.0,1.0,0.0,0.0,0.0,0.0,0.0,0.0,0.0,0.0,0.0,0.0,0.0,0.0,0.0,0.0,0.0,0.0,0.0,0.0,0.0,0.0,27.0,27.0,1.0,0.0,1.0,0.0,1.0,1.0,1.0,0.0,1.0,1.0,0.0,1.0,1.0,3.0,0.0,1.0,0.0,3.0,2.0,3.0,0.0,3.0,19.0,0.0,3.0,11.0,4.0,8.0,1.0,1.0,100.0,1.0,0.0,0.0,0.0,0.0,0.0,1.0,0.0,0.0,0.0,0.0,1.0,0.0,0.0,0.0,1.0,0.0,0.0,0.0,0.0,0.0,0.0,1.0,0.0,0.0,0.0,0.0,0.0,0.0,0.0,0.0,0.0,0.0,0.0,0.0,0.0,0.0,0.0,0.0,0.0,113.0,64.0,227.0,19.0,10.0,19.0,0.0,23.0,182.0,159.0,55.0,21.0,2.0,10.0,10.0,442.0,3.0,449.0,125.0,327.0,268.0,161.0,23.0,146.0,243.0,63.0,1.0,301.0,150.0,2.0,23.0,250.0,156.0,21.0,1.0,53.0,117.0,156.0,80.0,45.0,420.0,25.0,4.0,3.0,0.0,384.0,48.0,20.0,5.0,42.0,43.0,76.0,222.0,43.0,21.0,439.0,13.0,372.0,80.0,259.0,165.0,28.0,4.0,38.0,61.0,66.0,186.0,30.0,67.0,419.0,33.0,302.0,150.0,70.0,257.0,125.0,446.0,6.0,416.0,36.0,399.0,53.0,442.0,10.0,294.0,158.0,153.0,229.0,70.0,352.0,95.0,5.0,45.0,108.0,92.0,198.0,9.0,142.0,195.0,35.0,36.0,44.0,95.0,357.0,217.0,212.0,22.0,1.0,356.0,25.0,71.0,320.0,96.0,36.0,422.0,23.0,7.0,45.0,407.0,385.0,67.0,243.0,174.0,15.0,20.0,320.0,108.0,24.0,239.0,185.0,28.0,421.0,12.0,19.0,300.0,114.0,16.0,22.0,183.0,269.0,163.0,189.0,61.0,39.0,369.0,53.0,30.0,222.0,196.0,34.0,246.0,176.0,30.0,387.0,35.0,30.0,249.0,124.0,35.0,44.0,28.0,231.0,189.0,4.0,Acima da média
608,26125641,2017,1,2,2605,26017,26,2611606,261160605,2,1,1.0,1.0,1.0,0.0,0.0,0.0,0.0,0.0,0.0,0.0,0.0,0.0,0.0,1.0,1.0,0.0,0.0,0.0,0.0,1.0,0.0,0.0,0.0,1.0,0.0,0.0,1.0,0.0,0.0,0.0,0.0,0.0,1.0,1.0,1.0,1.0,0.0,0.0,1.0,1.0,1.0,1.0,0.0,1.0,0.0,0.0,0.0,1.0,0.0,1.0,1.0,1.0,1.0,1.0,1.0,1.0,0.0,1.0,0.0,0.0,0.0,0.0,0.0,0.0,10.0,10.0,1.0,0.0,1.0,0.0,1.0,0.0,1.0,0.0,1.0,1.0,0.0,1.0,1.0,4.0,0.0,4.0,0.0,3.0,0.0,5.0,0.0,3.0,1.0,0.0,3.0,36.0,6.0,30.0,1.0,1.0,32.0,1.0,0.0,0.0,0.0,0.0,0.0,1.0,0.0,0.0,0.0,0.0,1.0,0.0,0.0,0.0,1.0,0.0,0.0,0.0,0.0,0.0,0.0,1.0,0.0,0.0,0.0,0.0,0.0,0.0,0.0,0.0,0.0,0.0,0.0,0.0,0.0,0.0,0.0,0.0,0.0,12.0,4.0,21.0,2.0,0.0,2.0,0.0,1.0,15.0,19.0,5.0,0.0,1.0,0.0,0.0,41.0,0.0,41.0,16.0,25.0,29.0,8.0,4.0,15.0,17.0,9.0,0.0,32.0,9.0,1.0,6.0,21.0,10.0,3.0,0.0,5.0,14.0,14.0,3.0,5.0,32.0,6.0,3.0,0.0,0.0,34.0,5.0,2.0,0.0,6.0,8.0,7.0,12.0,6.0,2.0,40.0,1.0,35.0,6.0,15.0,23.0,3.0,1.0,5.0,4.0,6.0,10.0,7.0,8.0,36.0,5.0,25.0,16.0,7.0,22.0,12.0,40.0,1.0,38.0,3.0,33.0,8.0,41.0,0.0,27.0,14.0,7.0,28.0,6.0,34.0,6.0,1.0,4.0,8.0,10.0,17.0,2.0,12.0,13.0,5.0,7.0,4.0,2.0,39.0,21.0,18.0,2.0,0.0,32.0,1.0,8.0,28.0,10.0,3.0,38.0,3.0,0.0,5.0,36.0,33.0,8.0,11.0,27.0,1.0,2.0,27.0,11.0,3.0,16.0,22.0,3.0,37.0,2.0,2.0,26.0,14.0,0.0,1.0,15.0,26.0,11.0,19.0,10.0,1.0,30.0,7.0,4.0,20.0,17.0,4.0,20.0,16.0,5.0,32.0,5.0,4.0,29.0,8.0,1.0,3.0,4.0,32.0,5.0,0.0,Acima da média
611,26125757,2017,1,2,2605,26017,26,2611606,261160605,2,1,1.0,1.0,1.0,0.0,0.0,0.0,0.0,0.0,0.0,0.0,0.0,0.0,0.0,1.0,1.0,0.0,0.0,0.0,0.0,1.0,0.0,0.0,0.0,0.0,1.0,0.0,1.0,0.0,0.0,0.0,0.0,0.0,0.0,1.0,1.0,0.0,0.0,0.0,0.0,0.0,1.0,1.0,0.0,1.0,0.0,0.0,0.0,1.0,0.0,0.0,0.0,0.0,0.0,0.0,0.0,0.0,0.0,0.0,0.0,0.0,0.0,0.0,0.0,0.0,8.0,8.0,1.0,1.0,0.0,0.0,1.0,1.0,1.0,1.0,0.0,1.0,0.0,1.0,1.0,2.0,1.0,0.0,0.0,1.0,1.0,5.0,5.0,0.0,6.0,0.0,3.0,17.0,4.0,13.0,1.0,1.0,34.0,1.0,0.0,0.0,0.0,0.0,0.0,1.0,0.0,0.0,0.0,0.0,1.0,0.0,0.0,0.0,1.0,0.0,0.0,0.0,0.0,0.0,0.0,1.0,0.0,0.0,0.0,0.0,0.0,0.0,0.0,0.0,0.0,0.0,0.0,0.0,0.0,0.0,0.0,0.0,0.0,16.0,17.0,31.0,4.0,0.0,9.0,0.0,8.0,35.0,22.0,8.0,3.0,1.0,0.0,1.0,76.0,0.0,77.0,10.0,67.0,36.0,37.0,4.0,22.0,39.0,16.0,2.0,45.0,30.0,0.0,4.0,42.0,23.0,8.0,0.0,13.0,21.0,26.0,10.0,7.0,75.0,2.0,0.0,0.0,0.0,65.0,9.0,3.0,0.0,4.0,3.0,9.0,38.0,17.0,6.0,75.0,2.0,64.0,13.0,49.0,28.0,0.0,1.0,0.0,6.0,16.0,32.0,8.0,14.0,73.0,4.0,54.0,23.0,13.0,46.0,18.0,74.0,3.0,66.0,11.0,59.0,18.0,77.0,0.0,49.0,28.0,25.0,38.0,14.0,61.0,16.0,0.0,6.0,16.0,19.0,34.0,2.0,34.0,25.0,2.0,1.0,15.0,2.0,75.0,38.0,38.0,1.0,0.0,67.0,4.0,6.0,56.0,15.0,6.0,74.0,3.0,0.0,6.0,71.0,61.0,16.0,49.0,20.0,2.0,6.0,61.0,9.0,7.0,43.0,25.0,9.0,70.0,2.0,5.0,52.0,20.0,0.0,5.0,36.0,41.0,45.0,22.0,6.0,4.0,62.0,9.0,6.0,58.0,13.0,6.0,50.0,20.0,7.0,72.0,1.0,4.0,54.0,20.0,0.0,3.0,16.0,47.0,14.0,0.0,Acima da média
612,26125781,2017,1,2,2605,26017,26,2611606,261160605,2,1,1.0,1.0,1.0,0.0,0.0,0.0,0.0,0.0,0.0,0.0,0.0,0.0,0.0,1.0,1.0,0.0,0.0,0.0,0.0,1.0,0.0,0.0,0.0,1.0,0.0,0.0,1.0,0.0,0.0,0.0,0.0,0.0,1.0,1.0,1.0,1.0,0.0,1.0,0.0,1.0,1.0,1.0,0.0,1.0,0.0,0.0,0.0,1.0,0.0,1.0,1.0,1.0,1.0,1.0,1.0,1.0,1.0,1.0,0.0,0.0,0.0,0.0,0.0,0.0,13.0,13.0,0.0,0.0,0.0,0.0,1.0,0.0,1.0,1.0,0.0,1.0,0.0,0.0,1.0,0.0,0.0,0.0,0.0,1.0,0.0,1.0,1.0,0.0,1.0,0.0,0.0,16.0,4.0,12.0,1.0,1.0,27.0,1.0,0.0,0.0,0.0,0.0,0.0,1.0,0.0,0.0,0.0,0.0,1.0,0.0,0.0,0.0,1.0,0.0,0.0,0.0,0.0,0.0,0.0,1.0,0.0,0.0,0.0,0.0,0.0,0.0,0.0,0.0,0.0,0.0,0.0,0.0,0.0,0.0,0.0,0.0,0.0,23.0,8.0,43.0,3.0,0.0,5.0,0.0,6.0,37.0,30.0,8.0,1.0,0.0,0.0,1.0,81.0,1.0,81.0,18.0,64.0,49.0,27.0,6.0,24.0,45.0,13.0,0.0,47.0,35.0,0.0,5.0,43.0,28.0,6.0,0.0,4.0,24.0,31.0,15.0,8.0,79.0,3.0,0.0,0.0,0.0,71.0,6.0,5.0,0.0,4.0,14.0,9.0,39.0,9.0,7.0,82.0,0.0,68.0,14.0,47.0,31.0,4.0,2.0,5.0,11.0,11.0,27.0,11.0,15.0,76.0,6.0,58.0,24.0,17.0,43.0,22.0,81.0,1.0,76.0,6.0,75.0,7.0,82.0,0.0,61.0,21.0,26.0,50.0,6.0,59.0,21.0,2.0,9.0,20.0,19.0,34.0,0.0,36.0,32.0,5.0,2.0,7.0,3.0,79.0,40.0,38.0,4.0,0.0,76.0,3.0,3.0,57.0,22.0,3.0,79.0,3.0,0.0,3.0,79.0,65.0,17.0,54.0,22.0,2.0,4.0,62.0,12.0,8.0,49.0,25.0,8.0,71.0,4.0,7.0,61.0,13.0,1.0,7.0,39.0,43.0,37.0,37.0,7.0,1.0,74.0,5.0,3.0,50.0,27.0,5.0,41.0,38.0,3.0,69.0,9.0,4.0,76.0,5.0,0.0,1.0,16.0,34.0,32.0,0.0,Acima da média
613,26125943,2017,1,2,2605,26017,26,2611606,261160605,2,1,1.0,1.0,1.0,0.0,0.0,0.0,0.0,0.0,0.0,0.0,0.0,0.0,0.0,1.0,1.0,0.0,0.0,0.0,0.0,1.0,0.0,0.0,0.0,0.0,1.0,0.0,1.0,0.0,0.0,0.0,0.0,0.0,1.0,1.0,1.0,1.0,1.0,1.0,0.0,1.0,1.0,1.0,0.0,1.0,0.0,0.0,0.0,1.0,0.0,1.0,1.0,1.0,1.0,1.0,1.0,1.0,1.0,1.0,1.0,0.0,0.0,1.0,0.0,0.0,12.0,11.0,1.0,0.0,0.0,0.0,1.0,0.0,1.0,1.0,1.0,1.0,0.0,0.0,1.0,1.0,0.0,0.0,0.0,2.0,0.0,3.0,2.0,1.0,4.0,0.0,0.0,35.0,9.0,26.0,1.0,1.0,58.0,1.0,0.0,0.0,0.0,0.0,0.0,1.0,0.0,0.0,1.0,0.0,1.0,0.0,0.0,0.0,1.0,1.0,0.0,0.0,0.0,0.0,1.0,1.0,0.0,0.0,0.0,0.0,0.0,0.0,0.0,0.0,0.0,1.0,1.0,0.0,0.0,0.0,0.0,0.0,0.0,6.0,8.0,14.0,1.0,0.0,0.0,0.0,0.0,8.0,16.0,4.0,0.0,0.0,1.0,0.0,29.0,0.0,29.0,12.0,17.0,23.0,6.0,0.0,12.0,13.0,4.0,0.0,22.0,7.0,0.0,2.0,15.0,10.0,2.0,0.0,4.0,6.0,11.0,5.0,3.0,24.0,4.0,1.0,0.0,0.0,24.0,3.0,2.0,1.0,7.0,3.0,5.0,10.0,2.0,1.0,27.0,2.0,23.0,6.0,15.0,13.0,1.0,0.0,0.0,3.0,2.0,16.0,0.0,8.0,28.0,1.0,20.0,9.0,14.0,10.0,5.0,29.0,0.0,26.0,3.0,27.0,2.0,29.0,0.0,24.0,5.0,11.0,11.0,7.0,21.0,7.0,1.0,3.0,7.0,4.0,14.0,1.0,12.0,6.0,2.0,5.0,4.0,0.0,29.0,10.0,17.0,2.0,0.0,20.0,1.0,8.0,18.0,11.0,0.0,26.0,1.0,2.0,2.0,27.0,24.0,5.0,23.0,5.0,1.0,0.0,17.0,8.0,4.0,11.0,13.0,5.0,27.0,1.0,1.0,21.0,6.0,1.0,1.0,12.0,17.0,16.0,7.0,4.0,2.0,23.0,4.0,2.0,17.0,10.0,2.0,12.0,15.0,2.0,25.0,2.0,2.0,26.0,1.0,1.0,1.0,2.0,13.0,14.0,0.0,Abaixo da média
614,26125978,2017,1,2,2605,26017,26,2611606,261160605,2,1,1.0,1.0,1.0,0.0,0.0,0.0,0.0,0.0,0.0,0.0,0.0,0.0,0.0,1.0,1.0,1.0,0.0,0.0,0.0,1.0,0.0,0.0,0.0,1.0,0.0,0.0,1.0,0.0,0.0,0.0,0.0,0.0,0.0,1.0,0.0,0.0,0.0,0.0,0.0,0.0,1.0,0.0,0.0,0.0,0.0,0.0,0.0,1.0,0.0,0.0,0.0,0.0,0.0,0.0,0.0,0.0,0.0,0.0,0.0,0.0,0.0,0.0,0.0,0.0,15.0,15.0,1.0,0.0,1.0,0.0,1.0,0.0,1.0,1.0,1.0,1.0,0.0,1.0,1.0,8.0,0.0,8.0,0.0,2.0,0.0,4.0,2.0,5.0,20.0,0.0,4.0,24.0,5.0,18.0,1.0,1.0,41.0,1.0,0.0,0.0,0.0,0.0,0.0,1.0,0.0,0.0,0.0,0.0,1.0,0.0,0.0,0.0,1.0,0.0,0.0,0.0,0.0,0.0,0.0,1.0,0.0,0.0,0.0,0.0,0.0,0.0,0.0,0.0,0.0,0.0,0.0,0.0,0.0,0.0,0.0,0.0,0.0,16.0,27.0,80.0,5.0,5.0,7.0,0.0,3.0,58.0,62.0,15.0,2.0,0.0,0.0,1.0,139.0,1.0,139.0,58.0,82.0,112.0,24.0,4.0,73.0,59.0,8.0,0.0,117.0,23.0,0.0,11.0,85.0,36.0,8.0,0.0,16.0,30.0,40.0,34.0,20.0,117.0,20.0,2.0,1.0,0.0,126.0,9.0,5.0,2.0,25.0,27.0,26.0,43.0,6.0,11.0,123.0,17.0,108.0,32.0,67.0,65.0,8.0,1.0,23.0,26.0,27.0,31.0,1.0,31.0,127.0,13.0,86.0,54.0,100.0,32.0,8.0,137.0,3.0,126.0,14.0,118.0,22.0,139.0,1.0,87.0,53.0,44.0,82.0,14.0,102.0,35.0,3.0,21.0,35.0,29.0,50.0,5.0,50.0,47.0,20.0,11.0,12.0,9.0,131.0,64.0,64.0,12.0,0.0,126.0,3.0,11.0,115.0,23.0,2.0,136.0,4.0,0.0,19.0,121.0,118.0,22.0,89.0,49.0,2.0,0.0,125.0,13.0,2.0,83.0,55.0,2.0,135.0,5.0,0.0,113.0,24.0,0.0,3.0,68.0,72.0,64.0,65.0,9.0,2.0,134.0,4.0,2.0,107.0,31.0,2.0,94.0,44.0,2.0,123.0,15.0,2.0,120.0,17.0,0.0,3.0,17.0,70.0,53.0,0.0,Acima da média
615,26126010,2017,1,2,2605,26017,26,2611606,261160605,2,1,1.0,1.0,1.0,0.0,0.0,0.0,0.0,0.0,0.0,0.0,0.0,0.0,0.0,1.0,1.0,0.0,0.0,0.0,0.0,1.0,0.0,0.0,0.0,1.0,1.0,0.0,1.0,0.0,0.0,0.0,0.0,0.0,1.0,1.0,1.0,0.0,1.0,0.0,1.0,1.0,1.0,1.0,0.0,1.0,0.0,0.0,0.0,1.0,0.0,1.0,0.0,1.0,0.0,1.0,0.0,1.0,0.0,0.0,1.0,0.0,0.0,0.0,0.0,0.0,13.0,13.0,1.0,0.0,1.0,0.0,1.0,0.0,1.0,0.0,1.0,1.0,1.0,1.0,1.0,2.0,0.0,1.0,0.0,3.0,0.0,3.0,0.0,1.0,6.0,1.0,6.0,5.0,5.0,0.0,1.0,1.0,69.0,1.0,1.0,1.0,0.0,0.0,0.0,1.0,0.0,0.0,0.0,0.0,1.0,0.0,0.0,0.0,1.0,1.0,0.0,0.0,0.0,0.0,1.0,1.0,0.0,0.0,0.0,0.0,0.0,0.0,0.0,0.0,0.0,1.0,1.0,0.0,0.0,0.0,0.0,0.0,0.0,16.0,9.0,29.0,6.0,0.0,5.0,0.0,1.0,14.0,31.0,15.0,4.0,0.0,0.0,4.0,61.0,2.0,63.0,28.0,37.0,55.0,10.0,0.0,33.0,29.0,3.0,1.0,50.0,14.0,0.0,6.0,36.0,19.0,4.0,0.0,7.0,13.0,26.0,10.0,9.0,59.0,5.0,1.0,0.0,0.0,53.0,10.0,2.0,1.0,5.0,12.0,15.0,28.0,1.0,3.0,63.0,2.0,53.0,12.0,31.0,31.0,3.0,3.0,5.0,7.0,11.0,20.0,3.0,16.0,56.0,9.0,40.0,25.0,17.0,33.0,15.0,63.0,2.0,58.0,7.0,50.0,15.0,64.0,1.0,38.0,27.0,13.0,46.0,6.0,48.0,16.0,1.0,9.0,12.0,12.0,32.0,0.0,22.0,22.0,5.0,2.0,14.0,22.0,43.0,23.0,38.0,4.0,0.0,54.0,1.0,10.0,34.0,26.0,5.0,60.0,4.0,1.0,10.0,55.0,43.0,22.0,33.0,31.0,1.0,0.0,52.0,13.0,0.0,33.0,32.0,0.0,63.0,2.0,0.0,45.0,13.0,7.0,0.0,40.0,25.0,39.0,20.0,3.0,3.0,53.0,7.0,5.0,33.0,27.0,5.0,36.0,24.0,5.0,48.0,13.0,4.0,51.0,9.0,0.0,5.0,2.0,19.0,43.0,1.0,Abaixo da média
616,26126044,2017,1,2,2605,26017,26,2611606,261160605,2,1,1.0,1.0,1.0,0.0,0.0,0.0,0.0,0.0,0.0,0.0,0.0,0.0,0.0,1.0,1.0,0.0,0.0,0.0,0.0,1.0,0.0,0.0,0.0,1.0,0.0,0.0,1.0,0.0,0.0,0.0,0.0,0.0,1.0,1.0,1.0,1.0,1.0,0.0,1.0,1.0,1.0,1.0,0.0,1.0,0.0,0.0,0.0,1.0,0.0,1.0,0.0,1.0,0.0,0.0,0.0,0.0,0.0,1.0,0.0,0.0,0.0,0.0,0.0,0.0,13.0,13.0,1.0,0.0,1.0,0.0,0.0,0.0,0.0,1.0,1.0,1.0,0.0,1.0,1.0,2.0,0.0,1.0,0.0,0.0,0.0,0.0,2.0,1.0,2.0,0.0,1.0,1.0,1.0,1.0,1.0,1.0,56.0,1.0,0.0,0.0,0.0,0.0,0.0,1.0,0.0,0.0,0.0,0.0,1.0,0.0,0.0,1.0,1.0,0.0,0.0,0.0,0.0,0.0,0.0,1.0,0.0,0.0,0.0,0.0,1.0,0.0,0.0,0.0,0.0,0.0,0.0,0.0,0.0,0.0,0.0,0.0,0.0,16.0,12.0,73.0,6.0,2.0,4.0,1.0,6.0,49.0,44.0,8.0,4.0,0.0,1.0,4.0,109.0,0.0,113.0,50.0,63.0,96.0,16.0,1.0,48.0,53.0,12.0,0.0,97.0,16.0,1.0,8.0,73.0,27.0,4.0,0.0,12.0,26.0,43.0,20.0,12.0,102.0,6.0,5.0,0.0,0.0,105.0,5.0,3.0,2.0,9.0,15.0,20.0,48.0,9.0,10.0,104.0,9.0,86.0,27.0,63.0,48.0,2.0,1.0,9.0,15.0,18.0,38.0,4.0,28.0,105.0,8.0,72.0,41.0,45.0,56.0,12.0,111.0,2.0,99.0,14.0,99.0,14.0,112.0,1.0,72.0,41.0,34.0,64.0,15.0,89.0,23.0,1.0,11.0,25.0,21.0,49.0,7.0,33.0,42.0,14.0,9.0,15.0,7.0,106.0,42.0,64.0,6.0,1.0,94.0,1.0,18.0,86.0,24.0,3.0,108.0,4.0,1.0,12.0,101.0,95.0,18.0,56.0,53.0,4.0,0.0,89.0,23.0,1.0,64.0,48.0,1.0,107.0,6.0,0.0,110.0,2.0,1.0,0.0,60.0,53.0,33.0,65.0,14.0,1.0,104.0,9.0,0.0,65.0,46.0,2.0,58.0,55.0,0.0,90.0,23.0,0.0,98.0,14.0,1.0,0.0,6.0,66.0,39.0,2.0,Abaixo da média
617,26126079,2017,1,2,2605,26017,26,2611606,261160605,2,1,1.0,1.0,1.0,0.0,0.0,0.0,0.0,0.0,0.0,0.0,0.0,0.0,0.0,1.0,1.0,0.0,0.0,0.0,0.0,1.0,0.0,0.0,0.0,1.0,1.0,0.0,1.0,0.0,0.0,0.0,0.0,0.0,1.0,1.0,1.0,0.0,0.0,0.0,1.0,1.0,1.0,1.0,0.0,1.0,0.0,0.0,0.0,1.0,0.0,0.0,1.0,1.0,0.0,0.0,1.0,1.0,0.0,1.0,0.0,0.0,0.0,1.0,0.0,0.0,8.0,8.0,1.0,0.0,0.0,0.0,1.0,0.0,1.0,1.0,1.0,1.0,0.0,1.0,1.0,1.0,0.0,0.0,0.0,2.0,0.0,3.0,2.0,4.0,1.0,0.0,1.0,17.0,7.0,10.0,1.0,1.0,34.0,1.0,0.0,0.0,0.0,0.0,0.0,1.0,0.0,0.0,0.0,0.0,1.0,0.0,0.0,1.0,1.0,0.0,0.0,0.0,0.0,0.0,0.0,1.0,0.0,0.0,0.0,0.0,1.0,0.0,0.0,0.0,0.0,0.0,0.0,0.0,0.0,0.0,0.0,0.0,0.0,18.0,14.0,25.0,4.0,2.0,1.0,0.0,4.0,29.0,25.0,5.0,1.0,0.0,0.0,1.0,63.0,0.0,64.0,20.0,44.0,45.0,16.0,3.0,20.0,32.0,12.0,0.0,46.0,18.0,0.0,3.0,38.0,19.0,4.0,0.0,4.0,15.0,24.0,11.0,10.0,59.0,5.0,0.0,0.0,0.0,62.0,1.0,1.0,1.0,4.0,6.0,11.0,25.0,11.0,6.0,59.0,5.0,48.0,16.0,40.0,23.0,1.0,0.0,5.0,5.0,12.0,22.0,8.0,12.0,60.0,4.0,41.0,23.0,25.0,31.0,8.0,64.0,0.0,62.0,2.0,58.0,6.0,63.0,1.0,47.0,17.0,24.0,31.0,9.0,47.0,15.0,2.0,10.0,19.0,14.0,18.0,3.0,30.0,16.0,3.0,3.0,12.0,1.0,63.0,39.0,20.0,5.0,0.0,50.0,5.0,9.0,53.0,10.0,1.0,60.0,4.0,0.0,7.0,57.0,55.0,9.0,38.0,20.0,2.0,4.0,46.0,12.0,6.0,27.0,30.0,7.0,56.0,1.0,7.0,41.0,14.0,1.0,8.0,38.0,26.0,33.0,20.0,5.0,6.0,54.0,3.0,7.0,28.0,29.0,7.0,42.0,15.0,7.0,50.0,8.0,6.0,57.0,1.0,0.0,6.0,18.0,31.0,15.0,0.0,Acima da média
618,26126109,2017,1,2,2605,26017,26,2611606,261160605,2,1,1.0,1.0,1.0,0.0,0.0,0.0,0.0,0.0,0.0,0.0,0.0,0.0,0.0,1.0,1.0,0.0,0.0,0.0,0.0,1.0,0.0,0.0,0.0,1.0,0.0,0.0,1.0,0.0,0.0,0.0,0.0,0.0,1.0,1.0,1.0,1.0,0.0,0.0,1.0,1.0,1.0,1.0,0.0,1.0,0.0,0.0,1.0,1.0,0.0,1.0,1.0,1.0,1.0,1.0,1.0,1.0,1.0,0.0,1.0,0.0,0.0,1.0,0.0,0.0,13.0,11.0,1.0,1.0,1.0,1.0,1.0,1.0,1.0,1.0,1.0,1.0,1.0,1.0,1.0,9.0,2.0,7.0,1.0,3.0,1.0,5.0,3.0,4.0,12.0,1.0,6.0,22.0,4.0,16.0,1.0,1.0,30.0,1.0,0.0,0.0,0.0,0.0,0.0,1.0,0.0,0.0,0.0,0.0,1.0,0.0,0.0,0.0,1.0,0.0,0.0,0.0,0.0,0.0,0.0,1.0,0.0,0.0,0.0,0.0,0.0,0.0,0.0,0.0,0.0,0.0,0.0,0.0,0.0,0.0,0.0,0.0,0.0,17.0,9.0,31.0,1.0,2.0,5.0,0.0,2.0,32.0,23.0,6.0,2.0,0.0,0.0,2.0,63.0,0.0,65.0,18.0,47.0,50.0,14.0,1.0,23.0,36.0,6.0,0.0,58.0,7.0,0.0,4.0,44.0,16.0,1.0,0.0,6.0,20.0,24.0,9.0,6.0,57.0,6.0,1.0,0.0,1.0,61.0,2.0,2.0,0.0,7.0,8.0,15.0,21.0,8.0,6.0,63.0,2.0,52.0,13.0,38.0,25.0,2.0,0.0,8.0,6.0,6.0,29.0,2.0,14.0,58.0,7.0,36.0,29.0,25.0,28.0,12.0,63.0,2.0,62.0,3.0,62.0,3.0,64.0,1.0,51.0,14.0,19.0,38.0,8.0,51.0,14.0,0.0,1.0,19.0,16.0,27.0,2.0,30.0,21.0,7.0,3.0,4.0,5.0,60.0,34.0,26.0,4.0,1.0,53.0,2.0,10.0,47.0,12.0,6.0,65.0,0.0,0.0,8.0,57.0,51.0,14.0,47.0,18.0,0.0,0.0,55.0,10.0,0.0,41.0,24.0,0.0,64.0,1.0,0.0,59.0,6.0,0.0,0.0,25.0,40.0,37.0,21.0,7.0,0.0,61.0,3.0,1.0,39.0,25.0,1.0,35.0,29.0,1.0,58.0,6.0,1.0,50.0,13.0,2.0,0.0,15.0,39.0,11.0,0.0,Acima da média
619,26126125,2017,1,2,2605,26017,26,2611606,261160605,2,1,1.0,1.0,1.0,0.0,0.0,0.0,0.0,0.0,0.0,0.0,0.0,0.0,0.0,1.0,1.0,0.0,0.0,0.0,0.0,1.0,0.0,0.0,0.0,1.0,0.0,0.0,1.0,0.0,0.0,0.0,0.0,0.0,1.0,1.0,0.0,0.0,1.0,1.0,0.0,1.0,1.0,1.0,0.0,1.0,0.0,0.0,0.0,1.0,0.0,1.0,1.0,1.0,1.0,1.0,1.0,0.0,1.0,1.0,1.0,0.0,0.0,1.0,0.0,0.0,24.0,18.0,1.0,0.0,0.0,0.0,1.0,0.0,1.0,1.0,1.0,1.0,0.0,0.0,1.0,1.0,0.0,0.0,0.0,1.0,0.0,4.0,1.0,1.0,7.0,0.0,0.0,10.0,6.0,0.0,1.0,1.0,72.0,1.0,1.0,0.0,0.0,0.0,0.0,1.0,0.0,0.0,0.0,0.0,1.0,0.0,0.0,0.0,1.0,1.0,0.0,0.0,0.0,0.0,1.0,1.0,0.0,0.0,0.0,0.0,0.0,0.0,0.0,0.0,0.0,0.0,1.0,0.0,0.0,0.0,0.0,0.0,0.0,33.0,40.0,109.0,11.0,7.0,10.0,0.0,10.0,66.0,78.0,30.0,11.0,5.0,10.0,1.0,209.0,0.0,210.0,63.0,147.0,159.0,44.0,7.0,80.0,108.0,22.0,2.0,150.0,58.0,1.0,13.0,117.0,62.0,17.0,0.0,16.0,52.0,82.0,40.0,20.0,187.0,17.0,4.0,1.0,1.0,163.0,32.0,15.0,4.0,22.0,25.0,43.0,89.0,13.0,14.0,203.0,7.0,168.0,42.0,92.0,108.0,10.0,0.0,23.0,28.0,23.0,79.0,12.0,45.0,193.0,17.0,137.0,73.0,48.0,100.0,62.0,202.0,8.0,192.0,18.0,183.0,27.0,206.0,4.0,128.0,82.0,71.0,121.0,18.0,165.0,40.0,5.0,23.0,52.0,45.0,85.0,5.0,79.0,66.0,17.0,24.0,24.0,71.0,139.0,105.0,94.0,9.0,2.0,154.0,8.0,48.0,126.0,56.0,28.0,185.0,22.0,3.0,23.0,187.0,186.0,24.0,167.0,37.0,3.0,3.0,158.0,47.0,5.0,140.0,62.0,8.0,198.0,7.0,5.0,170.0,38.0,0.0,2.0,119.0,91.0,121.0,76.0,9.0,4.0,193.0,13.0,4.0,138.0,65.0,7.0,124.0,79.0,7.0,185.0,20.0,5.0,180.0,26.0,3.0,1.0,22.0,85.0,92.0,11.0,Abaixo da média
620,26126133,2017,1,2,2605,26017,26,2611606,261160605,2,1,1.0,1.0,1.0,0.0,0.0,0.0,0.0,0.0,0.0,0.0,0.0,0.0,0.0,1.0,1.0,0.0,0.0,0.0,0.0,1.0,0.0,0.0,0.0,1.0,0.0,0.0,1.0,0.0,0.0,0.0,0.0,0.0,1.0,1.0,1.0,0.0,1.0,0.0,1.0,1.0,1.0,1.0,0.0,1.0,0.0,0.0,0.0,1.0,0.0,0.0,0.0,1.0,0.0,0.0,0.0,1.0,0.0,0.0,0.0,0.0,0.0,0.0,0.0,0.0,21.0,20.0,1.0,0.0,1.0,0.0,0.0,0.0,1.0,0.0,0.0,1.0,0.0,1.0,1.0,20.0,0.0,6.0,0.0,0.0,0.0,6.0,0.0,0.0,10.0,0.0,8.0,22.0,7.0,15.0,1.0,1.0,46.0,1.0,1.0,0.0,0.0,0.0,0.0,1.0,0.0,0.0,1.0,0.0,1.0,0.0,0.0,0.0,1.0,0.0,0.0,0.0,0.0,0.0,0.0,1.0,0.0,0.0,0.0,0.0,0.0,0.0,0.0,0.0,0.0,0.0,0.0,0.0,0.0,0.0,0.0,0.0,0.0,21.0,22.0,50.0,7.0,5.0,5.0,0.0,4.0,45.0,39.0,15.0,5.0,1.0,1.0,2.0,108.0,1.0,109.0,45.0,65.0,91.0,17.0,2.0,54.0,51.0,5.0,1.0,92.0,17.0,1.0,11.0,65.0,32.0,1.0,0.0,16.0,27.0,35.0,18.0,14.0,91.0,15.0,4.0,0.0,0.0,95.0,12.0,3.0,0.0,7.0,25.0,26.0,31.0,9.0,12.0,105.0,5.0,88.0,22.0,55.0,49.0,6.0,3.0,10.0,15.0,18.0,31.0,5.0,28.0,96.0,14.0,65.0,45.0,30.0,52.0,28.0,110.0,0.0,101.0,9.0,91.0,19.0,110.0,0.0,72.0,38.0,34.0,61.0,15.0,76.0,33.0,1.0,18.0,19.0,30.0,42.0,1.0,29.0,52.0,12.0,4.0,13.0,8.0,102.0,41.0,61.0,8.0,0.0,90.0,3.0,17.0,82.0,20.0,8.0,106.0,4.0,0.0,10.0,100.0,101.0,9.0,86.0,19.0,2.0,3.0,88.0,19.0,3.0,62.0,44.0,4.0,105.0,4.0,1.0,101.0,6.0,1.0,2.0,61.0,49.0,66.0,41.0,3.0,0.0,101.0,8.0,1.0,70.0,38.0,2.0,52.0,56.0,2.0,85.0,22.0,3.0,103.0,6.0,1.0,0.0,7.0,62.0,40.0,1.0,Acima da média
621,26126141,2017,1,2,2605,26017,26,2611606,261160605,2,1,1.0,1.0,1.0,0.0,0.0,0.0,0.0,0.0,0.0,0.0,0.0,0.0,0.0,1.0,1.0,0.0,0.0,0.0,0.0,1.0,0.0,0.0,0.0,0.0,1.0,0.0,1.0,0.0,0.0,0.0,0.0,0.0,0.0,0.0,1.0,0.0,1.0,0.0,1.0,1.0,1.0,1.0,0.0,1.0,0.0,0.0,0.0,1.0,0.0,1.0,0.0,0.0,1.0,0.0,1.0,0.0,0.0,0.0,0.0,0.0,0.0,0.0,0.0,0.0,10.0,10.0,1.0,0.0,0.0,0.0,1.0,0.0,1.0,1.0,1.0,0.0,0.0,1.0,1.0,1.0,0.0,0.0,0.0,2.0,0.0,2.0,2.0,2.0,0.0,0.0,2.0,14.0,4.0,10.0,1.0,1.0,63.0,1.0,1.0,1.0,0.0,0.0,0.0,1.0,0.0,0.0,0.0,0.0,1.0,0.0,0.0,0.0,1.0,1.0,0.0,0.0,0.0,0.0,1.0,1.0,0.0,0.0,0.0,0.0,0.0,0.0,0.0,0.0,0.0,1.0,1.0,0.0,0.0,0.0,0.0,0.0,0.0,8.0,6.0,35.0,2.0,3.0,2.0,0.0,0.0,8.0,39.0,6.0,2.0,1.0,0.0,1.0,55.0,0.0,56.0,27.0,29.0,46.0,10.0,0.0,28.0,25.0,3.0,0.0,49.0,7.0,1.0,6.0,37.0,10.0,2.0,0.0,5.0,7.0,24.0,9.0,11.0,50.0,4.0,2.0,0.0,0.0,45.0,7.0,4.0,2.0,7.0,7.0,8.0,26.0,2.0,4.0,50.0,6.0,40.0,16.0,31.0,22.0,3.0,0.0,8.0,9.0,7.0,18.0,0.0,14.0,51.0,5.0,36.0,20.0,18.0,22.0,16.0,56.0,0.0,50.0,6.0,52.0,4.0,55.0,1.0,32.0,24.0,11.0,37.0,8.0,44.0,11.0,1.0,9.0,11.0,14.0,21.0,1.0,17.0,19.0,4.0,8.0,8.0,9.0,47.0,16.0,39.0,0.0,1.0,49.0,1.0,6.0,42.0,10.0,4.0,51.0,4.0,1.0,7.0,49.0,42.0,14.0,22.0,32.0,2.0,0.0,39.0,16.0,1.0,36.0,19.0,1.0,54.0,0.0,2.0,45.0,10.0,0.0,1.0,36.0,20.0,19.0,32.0,4.0,1.0,55.0,0.0,1.0,36.0,19.0,1.0,35.0,20.0,1.0,41.0,14.0,1.0,42.0,13.0,0.0,1.0,1.0,17.0,34.0,4.0,Abaixo da média
622,26126150,2017,1,2,2605,26017,26,2611606,261160605,2,1,1.0,1.0,3.0,0.0,0.0,0.0,0.0,0.0,0.0,0.0,0.0,0.0,0.0,1.0,1.0,1.0,0.0,0.0,0.0,1.0,0.0,0.0,0.0,1.0,1.0,0.0,1.0,0.0,0.0,0.0,0.0,0.0,1.0,1.0,1.0,0.0,1.0,0.0,0.0,0.0,1.0,1.0,0.0,1.0,0.0,0.0,0.0,1.0,0.0,1.0,1.0,1.0,1.0,0.0,1.0,1.0,0.0,1.0,1.0,0.0,0.0,1.0,0.0,0.0,6.0,6.0,1.0,0.0,0.0,0.0,0.0,0.0,1.0,0.0,0.0,1.0,0.0,0.0,1.0,3.0,0.0,0.0,0.0,0.0,0.0,5.0,0.0,0.0,7.0,0.0,0.0,20.0,4.0,16.0,1.0,1.0,30.0,1.0,0.0,1.0,0.0,0.0,0.0,1.0,0.0,0.0,0.0,0.0,1.0,0.0,0.0,0.0,1.0,0.0,0.0,0.0,0.0,0.0,1.0,1.0,0.0,0.0,0.0,0.0,0.0,0.0,0.0,0.0,0.0,0.0,0.0,0.0,0.0,0.0,0.0,0.0,0.0,4.0,7.0,15.0,0.0,1.0,0.0,0.0,1.0,8.0,14.0,2.0,2.0,0.0,0.0,1.0,26.0,0.0,27.0,13.0,14.0,24.0,3.0,0.0,13.0,12.0,2.0,0.0,26.0,1.0,0.0,3.0,15.0,7.0,2.0,0.0,2.0,9.0,7.0,2.0,7.0,22.0,4.0,1.0,0.0,0.0,21.0,4.0,2.0,0.0,3.0,2.0,10.0,11.0,0.0,1.0,25.0,2.0,23.0,4.0,12.0,15.0,0.0,0.0,6.0,2.0,3.0,8.0,0.0,8.0,24.0,3.0,18.0,9.0,15.0,9.0,3.0,26.0,1.0,23.0,4.0,19.0,8.0,26.0,1.0,20.0,7.0,9.0,15.0,3.0,24.0,3.0,0.0,4.0,9.0,5.0,7.0,2.0,7.0,13.0,1.0,4.0,2.0,6.0,21.0,11.0,13.0,2.0,1.0,25.0,0.0,2.0,21.0,4.0,2.0,25.0,2.0,0.0,2.0,25.0,25.0,2.0,22.0,4.0,0.0,1.0,23.0,3.0,1.0,18.0,7.0,2.0,26.0,0.0,1.0,19.0,5.0,1.0,2.0,18.0,9.0,12.0,13.0,0.0,2.0,24.0,2.0,1.0,15.0,9.0,3.0,15.0,9.0,3.0,22.0,4.0,1.0,20.0,5.0,0.0,2.0,4.0,12.0,8.0,3.0,Abaixo da média
623,26126206,2017,1,2,2605,26017,26,2611606,261160605,2,1,1.0,1.0,1.0,0.0,0.0,0.0,0.0,0.0,0.0,0.0,0.0,0.0,0.0,1.0,1.0,0.0,0.0,0.0,0.0,1.0,0.0,0.0,0.0,0.0,1.0,0.0,1.0,0.0,0.0,0.0,0.0,0.0,1.0,1.0,1.0,0.0,0.0,0.0,1.0,1.0,1.0,1.0,0.0,1.0,0.0,0.0,0.0,1.0,0.0,1.0,0.0,1.0,1.0,1.0,1.0,0.0,0.0,1.0,0.0,0.0,0.0,0.0,0.0,0.0,8.0,8.0,1.0,0.0,0.0,0.0,0.0,0.0,1.0,1.0,1.0,1.0,0.0,1.0,1.0,1.0,0.0,0.0,0.0,0.0,0.0,1.0,1.0,3.0,4.0,0.0,1.0,6.0,6.0,0.0,1.0,1.0,41.0,1.0,0.0,1.0,0.0,0.0,0.0,1.0,0.0,0.0,0.0,0.0,1.0,0.0,0.0,0.0,1.0,1.0,0.0,0.0,0.0,0.0,1.0,1.0,0.0,0.0,0.0,0.0,0.0,0.0,0.0,0.0,0.0,1.0,1.0,0.0,0.0,0.0,0.0,0.0,0.0,3.0,7.0,6.0,0.0,1.0,3.0,0.0,0.0,9.0,8.0,1.0,0.0,0.0,2.0,0.0,20.0,1.0,19.0,13.0,7.0,17.0,3.0,0.0,13.0,7.0,0.0,0.0,17.0,3.0,0.0,5.0,9.0,5.0,1.0,0.0,4.0,2.0,4.0,5.0,5.0,15.0,4.0,1.0,0.0,0.0,14.0,5.0,1.0,0.0,5.0,1.0,2.0,6.0,2.0,4.0,20.0,0.0,16.0,4.0,11.0,9.0,0.0,0.0,2.0,0.0,0.0,7.0,3.0,8.0,20.0,0.0,12.0,8.0,9.0,10.0,1.0,19.0,1.0,18.0,2.0,18.0,2.0,19.0,1.0,15.0,5.0,6.0,13.0,1.0,16.0,3.0,1.0,5.0,3.0,4.0,8.0,0.0,5.0,10.0,2.0,1.0,2.0,7.0,13.0,8.0,8.0,4.0,0.0,13.0,2.0,5.0,13.0,7.0,0.0,19.0,0.0,1.0,1.0,19.0,17.0,3.0,9.0,9.0,0.0,2.0,16.0,4.0,0.0,12.0,7.0,1.0,20.0,0.0,0.0,15.0,4.0,0.0,1.0,11.0,9.0,9.0,9.0,2.0,0.0,19.0,1.0,0.0,9.0,10.0,1.0,13.0,7.0,0.0,17.0,3.0,0.0,16.0,3.0,0.0,1.0,4.0,13.0,3.0,0.0,Abaixo da média
626,26126443,2017,1,2,2605,26017,26,2611606,261160605,2,1,1.0,1.0,1.0,0.0,0.0,0.0,0.0,0.0,0.0,0.0,0.0,0.0,0.0,1.0,0.0,1.0,0.0,0.0,0.0,1.0,0.0,0.0,0.0,1.0,0.0,0.0,1.0,0.0,0.0,0.0,0.0,0.0,1.0,1.0,1.0,1.0,1.0,1.0,1.0,1.0,1.0,1.0,0.0,1.0,0.0,0.0,0.0,1.0,0.0,1.0,1.0,1.0,1.0,1.0,1.0,1.0,1.0,0.0,0.0,0.0,0.0,1.0,0.0,0.0,23.0,8.0,1.0,0.0,0.0,0.0,1.0,1.0,1.0,0.0,1.0,1.0,0.0,0.0,1.0,1.0,0.0,0.0,0.0,1.0,1.0,1.0,0.0,2.0,5.0,0.0,0.0,25.0,5.0,20.0,1.0,1.0,23.0,1.0,0.0,1.0,0.0,0.0,0.0,1.0,0.0,0.0,0.0,0.0,1.0,0.0,0.0,0.0,1.0,0.0,0.0,0.0,0.0,0.0,1.0,1.0,0.0,0.0,0.0,0.0,0.0,0.0,0.0,0.0,0.0,0.0,0.0,0.0,0.0,0.0,0.0,0.0,0.0,2.0,4.0,14.0,5.0,0.0,2.0,0.0,1.0,9.0,12.0,2.0,0.0,1.0,2.0,1.0,26.0,1.0,26.0,12.0,15.0,22.0,4.0,1.0,15.0,10.0,2.0,0.0,24.0,3.0,0.0,2.0,17.0,8.0,0.0,0.0,4.0,2.0,7.0,7.0,7.0,21.0,4.0,1.0,1.0,0.0,25.0,2.0,0.0,0.0,8.0,2.0,4.0,6.0,1.0,6.0,26.0,1.0,22.0,5.0,12.0,13.0,2.0,0.0,6.0,2.0,4.0,6.0,0.0,9.0,24.0,3.0,15.0,12.0,8.0,16.0,3.0,27.0,0.0,24.0,3.0,24.0,3.0,26.0,1.0,18.0,9.0,10.0,15.0,2.0,19.0,8.0,0.0,4.0,6.0,3.0,12.0,2.0,7.0,8.0,2.0,3.0,7.0,1.0,26.0,10.0,7.0,9.0,1.0,24.0,1.0,2.0,17.0,9.0,1.0,24.0,3.0,0.0,9.0,18.0,25.0,2.0,15.0,12.0,0.0,0.0,21.0,5.0,1.0,16.0,10.0,1.0,26.0,1.0,0.0,24.0,3.0,0.0,0.0,19.0,8.0,8.0,18.0,0.0,1.0,24.0,2.0,1.0,20.0,6.0,1.0,12.0,14.0,1.0,23.0,3.0,1.0,22.0,3.0,1.0,1.0,4.0,19.0,3.0,1.0,Abaixo da média
627,26126605,2017,1,2,2605,26017,26,2611606,261160605,2,1,1.0,1.0,1.0,0.0,0.0,0.0,0.0,0.0,0.0,0.0,0.0,0.0,0.0,1.0,1.0,1.0,0.0,0.0,0.0,1.0,0.0,0.0,0.0,0.0,1.0,0.0,1.0,0.0,0.0,0.0,0.0,0.0,1.0,1.0,1.0,1.0,0.0,0.0,1.0,1.0,1.0,1.0,0.0,1.0,0.0,0.0,0.0,1.0,0.0,1.0,0.0,1.0,0.0,0.0,1.0,1.0,0.0,0.0,1.0,0.0,0.0,0.0,0.0,0.0,8.0,8.0,1.0,0.0,0.0,1.0,0.0,0.0,1.0,0.0,0.0,1.0,0.0,0.0,1.0,2.0,0.0,0.0,1.0,0.0,0.0,2.0,0.0,0.0,1.0,0.0,0.0,5.0,3.0,3.0,1.0,1.0,39.0,1.0,0.0,1.0,0.0,0.0,0.0,1.0,0.0,0.0,0.0,0.0,1.0,0.0,0.0,0.0,1.0,1.0,0.0,0.0,0.0,0.0,1.0,1.0,0.0,0.0,0.0,0.0,0.0,0.0,0.0,0.0,0.0,0.0,1.0,0.0,0.0,0.0,0.0,0.0,0.0,18.0,14.0,39.0,3.0,2.0,10.0,0.0,5.0,20.0,39.0,14.0,2.0,4.0,2.0,4.0,82.0,1.0,85.0,33.0,53.0,69.0,16.0,1.0,51.0,32.0,3.0,1.0,70.0,15.0,1.0,10.0,44.0,29.0,2.0,2.0,8.0,16.0,25.0,22.0,13.0,70.0,11.0,3.0,2.0,0.0,68.0,15.0,3.0,2.0,15.0,16.0,10.0,30.0,4.0,9.0,82.0,4.0,80.0,6.0,40.0,40.0,6.0,4.0,11.0,15.0,7.0,20.0,2.0,27.0,75.0,11.0,54.0,32.0,40.0,31.0,15.0,82.0,4.0,83.0,3.0,74.0,12.0,83.0,3.0,59.0,27.0,28.0,52.0,6.0,61.0,19.0,6.0,20.0,28.0,10.0,27.0,1.0,34.0,23.0,11.0,10.0,8.0,23.0,63.0,45.0,37.0,4.0,0.0,71.0,3.0,12.0,49.0,30.0,7.0,78.0,6.0,2.0,24.0,62.0,74.0,12.0,57.0,25.0,4.0,0.0,57.0,27.0,2.0,50.0,34.0,2.0,78.0,7.0,1.0,74.0,12.0,0.0,0.0,51.0,35.0,38.0,41.0,4.0,3.0,80.0,3.0,3.0,49.0,32.0,5.0,46.0,35.0,5.0,74.0,9.0,3.0,60.0,23.0,1.0,2.0,9.0,30.0,41.0,6.0,Abaixo da média
628,26126613,2017,1,2,2605,26017,26,2611606,261160605,2,1,1.0,1.0,1.0,0.0,0.0,0.0,0.0,0.0,0.0,0.0,0.0,0.0,0.0,1.0,1.0,0.0,0.0,0.0,0.0,1.0,0.0,0.0,0.0,0.0,1.0,0.0,1.0,0.0,0.0,0.0,0.0,0.0,1.0,1.0,1.0,0.0,0.0,0.0,1.0,1.0,1.0,1.0,0.0,1.0,0.0,0.0,0.0,1.0,0.0,0.0,0.0,0.0,0.0,0.0,0.0,0.0,0.0,0.0,0.0,0.0,0.0,0.0,0.0,0.0,11.0,11.0,0.0,0.0,0.0,0.0,0.0,0.0,0.0,0.0,0.0,0.0,0.0,0.0,1.0,0.0,0.0,0.0,0.0,0.0,0.0,0.0,0.0,0.0,0.0,0.0,0.0,10.0,2.0,8.0,1.0,1.0,51.0,1.0,0.0,1.0,0.0,0.0,0.0,1.0,0.0,0.0,1.0,0.0,1.0,0.0,0.0,0.0,1.0,1.0,0.0,0.0,0.0,0.0,1.0,1.0,0.0,0.0,0.0,0.0,0.0,0.0,0.0,0.0,0.0,1.0,1.0,0.0,0.0,0.0,0.0,0.0,0.0,17.0,27.0,53.0,2.0,2.0,4.0,0.0,1.0,29.0,40.0,20.0,4.0,6.0,5.0,1.0,104.0,0.0,105.0,33.0,72.0,89.0,14.0,2.0,51.0,49.0,5.0,0.0,92.0,13.0,1.0,13.0,58.0,29.0,4.0,0.0,11.0,25.0,31.0,20.0,18.0,90.0,13.0,2.0,0.0,0.0,84.0,12.0,9.0,2.0,18.0,14.0,23.0,39.0,0.0,9.0,98.0,7.0,81.0,24.0,50.0,51.0,4.0,1.0,16.0,15.0,14.0,29.0,1.0,29.0,88.0,17.0,67.0,38.0,27.0,47.0,31.0,103.0,2.0,100.0,5.0,98.0,7.0,104.0,1.0,78.0,27.0,39.0,54.0,12.0,77.0,24.0,4.0,20.0,32.0,16.0,34.0,3.0,40.0,36.0,11.0,7.0,11.0,20.0,85.0,54.0,43.0,7.0,1.0,88.0,1.0,16.0,60.0,34.0,11.0,94.0,8.0,3.0,23.0,82.0,92.0,13.0,64.0,35.0,1.0,5.0,77.0,22.0,6.0,58.0,41.0,6.0,99.0,2.0,4.0,83.0,15.0,0.0,7.0,43.0,62.0,49.0,48.0,5.0,3.0,92.0,9.0,4.0,66.0,36.0,3.0,63.0,38.0,4.0,91.0,11.0,3.0,85.0,14.0,2.0,4.0,2.0,24.0,50.0,29.0,Abaixo da média
631,26127300,2017,1,2,2605,26017,26,2611606,261160605,2,1,1.0,1.0,1.0,0.0,0.0,0.0,0.0,0.0,0.0,0.0,0.0,0.0,0.0,1.0,1.0,0.0,0.0,0.0,0.0,1.0,0.0,0.0,0.0,1.0,0.0,0.0,1.0,0.0,0.0,0.0,0.0,0.0,1.0,1.0,1.0,0.0,0.0,0.0,1.0,1.0,1.0,1.0,0.0,1.0,0.0,0.0,0.0,0.0,0.0,0.0,0.0,0.0,0.0,0.0,0.0,0.0,0.0,0.0,0.0,0.0,0.0,0.0,0.0,0.0,14.0,21.0,0.0,0.0,0.0,0.0,0.0,0.0,0.0,0.0,0.0,0.0,0.0,0.0,1.0,0.0,0.0,0.0,0.0,0.0,0.0,0.0,0.0,0.0,0.0,0.0,0.0,8.0,5.0,3.0,1.0,1.0,53.0,1.0,0.0,0.0,0.0,0.0,0.0,1.0,0.0,0.0,0.0,0.0,1.0,0.0,0.0,0.0,1.0,1.0,0.0,0.0,0.0,0.0,0.0,1.0,0.0,0.0,0.0,0.0,0.0,0.0,0.0,0.0,0.0,0.0,1.0,0.0,0.0,0.0,0.0,0.0,0.0,14.0,17.0,45.0,1.0,3.0,0.0,0.0,3.0,35.0,34.0,6.0,2.0,0.0,0.0,2.0,78.0,0.0,80.0,32.0,48.0,53.0,22.0,5.0,44.0,27.0,9.0,0.0,54.0,26.0,3.0,8.0,35.0,30.0,4.0,0.0,7.0,18.0,31.0,14.0,10.0,72.0,6.0,2.0,0.0,0.0,72.0,6.0,2.0,3.0,10.0,14.0,14.0,30.0,4.0,5.0,76.0,4.0,61.0,19.0,37.0,38.0,5.0,5.0,10.0,6.0,8.0,30.0,7.0,14.0,72.0,8.0,53.0,27.0,19.0,45.0,16.0,77.0,3.0,70.0,10.0,67.0,13.0,78.0,2.0,54.0,26.0,28.0,39.0,13.0,63.0,14.0,3.0,14.0,19.0,14.0,31.0,2.0,28.0,31.0,5.0,7.0,9.0,13.0,67.0,47.0,30.0,2.0,1.0,63.0,6.0,11.0,65.0,12.0,3.0,78.0,2.0,0.0,4.0,76.0,61.0,19.0,44.0,30.0,3.0,3.0,61.0,16.0,3.0,51.0,24.0,5.0,75.0,3.0,2.0,61.0,15.0,1.0,3.0,42.0,38.0,36.0,36.0,5.0,3.0,71.0,5.0,4.0,48.0,28.0,4.0,46.0,31.0,3.0,69.0,8.0,3.0,53.0,20.0,4.0,3.0,13.0,54.0,13.0,0.0,Abaixo da média
632,26127334,2017,1,2,2605,26017,26,2611606,261160605,2,1,1.0,1.0,1.0,0.0,0.0,0.0,0.0,0.0,0.0,0.0,0.0,0.0,0.0,1.0,1.0,0.0,0.0,0.0,0.0,1.0,0.0,0.0,0.0,0.0,1.0,0.0,1.0,0.0,0.0,0.0,0.0,0.0,1.0,1.0,1.0,0.0,0.0,0.0,0.0,0.0,1.0,1.0,0.0,1.0,0.0,0.0,0.0,1.0,0.0,0.0,0.0,0.0,0.0,1.0,0.0,0.0,1.0,1.0,0.0,0.0,0.0,0.0,0.0,0.0,12.0,12.0,1.0,0.0,0.0,0.0,1.0,0.0,1.0,1.0,1.0,1.0,0.0,1.0,1.0,3.0,0.0,0.0,0.0,1.0,0.0,2.0,2.0,3.0,12.0,0.0,4.0,25.0,4.0,19.0,1.0,1.0,55.0,1.0,0.0,0.0,0.0,0.0,0.0,1.0,0.0,0.0,1.0,0.0,1.0,0.0,0.0,0.0,1.0,1.0,0.0,0.0,0.0,0.0,0.0,1.0,0.0,0.0,0.0,0.0,0.0,0.0,0.0,0.0,0.0,0.0,1.0,0.0,0.0,0.0,0.0,0.0,0.0,29.0,16.0,67.0,6.0,1.0,4.0,0.0,10.0,59.0,43.0,10.0,1.0,0.0,0.0,3.0,120.0,0.0,123.0,33.0,90.0,73.0,47.0,3.0,47.0,60.0,16.0,0.0,90.0,33.0,0.0,4.0,73.0,39.0,7.0,0.0,12.0,33.0,48.0,19.0,11.0,114.0,7.0,1.0,1.0,0.0,106.0,11.0,6.0,0.0,9.0,17.0,21.0,56.0,11.0,9.0,122.0,1.0,108.0,15.0,68.0,46.0,9.0,1.0,6.0,10.0,18.0,58.0,9.0,21.0,122.0,1.0,88.0,35.0,71.0,45.0,7.0,123.0,0.0,115.0,8.0,110.0,13.0,122.0,1.0,97.0,26.0,38.0,67.0,18.0,95.0,26.0,2.0,8.0,23.0,23.0,66.0,3.0,44.0,51.0,13.0,8.0,7.0,12.0,111.0,61.0,58.0,3.0,1.0,90.0,9.0,24.0,91.0,28.0,4.0,121.0,2.0,0.0,12.0,111.0,108.0,15.0,98.0,24.0,0.0,1.0,86.0,35.0,2.0,71.0,50.0,2.0,119.0,2.0,2.0,122.0,0.0,0.0,1.0,75.0,48.0,75.0,44.0,3.0,1.0,118.0,2.0,3.0,68.0,52.0,3.0,68.0,52.0,3.0,104.0,16.0,3.0,110.0,9.0,1.0,3.0,10.0,62.0,51.0,0.0,Acima da média
633,26127415,2017,1,2,2605,26017,26,2611606,261160605,2,1,1.0,1.0,1.0,0.0,0.0,0.0,0.0,0.0,0.0,0.0,0.0,0.0,0.0,1.0,1.0,0.0,0.0,0.0,0.0,1.0,0.0,0.0,0.0,0.0,1.0,0.0,1.0,0.0,0.0,0.0,0.0,0.0,0.0,1.0,0.0,0.0,0.0,0.0,0.0,0.0,0.0,1.0,0.0,1.0,0.0,0.0,0.0,0.0,0.0,0.0,0.0,0.0,0.0,0.0,0.0,0.0,0.0,0.0,0.0,0.0,0.0,0.0,0.0,0.0,13.0,13.0,1.0,0.0,1.0,0.0,1.0,0.0,1.0,0.0,1.0,1.0,0.0,1.0,1.0,2.0,0.0,2.0,0.0,3.0,0.0,2.0,0.0,2.0,13.0,0.0,2.0,13.0,2.0,10.0,1.0,1.0,42.0,1.0,0.0,0.0,0.0,0.0,0.0,1.0,0.0,0.0,1.0,0.0,1.0,0.0,0.0,0.0,1.0,1.0,0.0,0.0,0.0,0.0,0.0,1.0,0.0,0.0,0.0,0.0,0.0,0.0,0.0,0.0,0.0,0.0,1.0,0.0,0.0,0.0,0.0,0.0,0.0,10.0,6.0,30.0,2.0,2.0,1.0,0.0,2.0,24.0,21.0,4.0,0.0,0.0,0.0,1.0,50.0,0.0,51.0,19.0,32.0,40.0,11.0,0.0,22.0,23.0,6.0,0.0,36.0,15.0,1.0,2.0,33.0,12.0,3.0,0.0,5.0,20.0,12.0,6.0,8.0,51.0,0.0,0.0,0.0,0.0,44.0,4.0,3.0,0.0,4.0,7.0,14.0,23.0,1.0,2.0,50.0,1.0,37.0,14.0,23.0,26.0,2.0,1.0,6.0,7.0,10.0,12.0,2.0,13.0,47.0,4.0,24.0,27.0,38.0,9.0,4.0,49.0,2.0,45.0,6.0,43.0,8.0,51.0,0.0,35.0,16.0,17.0,23.0,11.0,38.0,12.0,1.0,4.0,19.0,7.0,18.0,3.0,21.0,15.0,2.0,3.0,10.0,0.0,51.0,23.0,24.0,3.0,1.0,48.0,0.0,3.0,37.0,12.0,2.0,49.0,2.0,0.0,1.0,50.0,40.0,11.0,31.0,16.0,2.0,2.0,44.0,5.0,2.0,35.0,14.0,2.0,45.0,4.0,2.0,43.0,5.0,1.0,2.0,22.0,29.0,21.0,20.0,9.0,1.0,41.0,6.0,4.0,36.0,11.0,4.0,22.0,24.0,5.0,45.0,2.0,4.0,37.0,10.0,2.0,2.0,13.0,32.0,5.0,1.0,Acima da média
634,26127423,2017,1,2,2605,26017,26,2611606,261160605,2,1,1.0,1.0,1.0,0.0,0.0,0.0,0.0,0.0,0.0,0.0,0.0,0.0,0.0,1.0,1.0,0.0,0.0,0.0,0.0,1.0,0.0,0.0,0.0,1.0,0.0,0.0,1.0,0.0,0.0,0.0,0.0,0.0,1.0,1.0,1.0,0.0,1.0,0.0,1.0,1.0,1.0,1.0,0.0,1.0,0.0,0.0,0.0,1.0,0.0,1.0,1.0,1.0,0.0,1.0,1.0,1.0,0.0,1.0,1.0,0.0,0.0,1.0,0.0,0.0,10.0,10.0,1.0,0.0,1.0,0.0,1.0,1.0,1.0,0.0,1.0,1.0,0.0,1.0,1.0,2.0,0.0,3.0,0.0,1.0,1.0,1.0,0.0,3.0,11.0,0.0,4.0,19.0,1.0,18.0,1.0,1.0,65.0,1.0,1.0,1.0,0.0,0.0,0.0,1.0,0.0,0.0,1.0,0.0,1.0,0.0,0.0,0.0,1.0,1.0,0.0,0.0,0.0,0.0,1.0,1.0,0.0,0.0,0.0,0.0,0.0,0.0,0.0,0.0,0.0,1.0,0.0,0.0,0.0,0.0,0.0,0.0,0.0,16.0,16.0,34.0,0.0,2.0,1.0,0.0,0.0,13.0,30.0,8.0,8.0,3.0,7.0,5.0,64.0,1.0,68.0,32.0,37.0,58.0,11.0,0.0,47.0,19.0,3.0,0.0,56.0,13.0,1.0,17.0,37.0,14.0,0.0,5.0,9.0,17.0,19.0,14.0,5.0,58.0,11.0,0.0,0.0,0.0,53.0,14.0,2.0,1.0,12.0,15.0,15.0,17.0,2.0,7.0,64.0,5.0,53.0,16.0,20.0,47.0,2.0,2.0,15.0,8.0,11.0,16.0,0.0,17.0,59.0,10.0,36.0,33.0,26.0,23.0,20.0,68.0,1.0,62.0,7.0,61.0,8.0,68.0,1.0,45.0,24.0,17.0,45.0,7.0,48.0,16.0,5.0,14.0,21.0,10.0,20.0,4.0,19.0,25.0,5.0,11.0,9.0,22.0,47.0,33.0,31.0,4.0,1.0,54.0,2.0,13.0,38.0,22.0,9.0,59.0,5.0,5.0,10.0,59.0,63.0,6.0,39.0,27.0,2.0,1.0,53.0,14.0,2.0,40.0,26.0,3.0,67.0,2.0,0.0,53.0,16.0,0.0,0.0,32.0,37.0,33.0,30.0,5.0,1.0,63.0,5.0,1.0,46.0,21.0,2.0,47.0,20.0,2.0,59.0,8.0,2.0,58.0,10.0,0.0,1.0,12.0,38.0,19.0,0.0,Abaixo da média
635,26127431,2017,1,2,2605,26017,26,2611606,261160605,2,1,1.0,1.0,1.0,0.0,0.0,0.0,0.0,0.0,0.0,0.0,0.0,1.0,0.0,1.0,1.0,0.0,0.0,0.0,0.0,1.0,0.0,0.0,0.0,1.0,0.0,0.0,1.0,0.0,0.0,0.0,0.0,0.0,1.0,1.0,1.0,1.0,0.0,0.0,1.0,1.0,1.0,1.0,0.0,1.0,0.0,0.0,0.0,1.0,0.0,1.0,0.0,1.0,0.0,1.0,1.0,0.0,1.0,1.0,1.0,0.0,0.0,0.0,0.0,0.0,14.0,13.0,0.0,0.0,0.0,0.0,0.0,0.0,1.0,1.0,0.0,1.0,0.0,0.0,1.0,0.0,0.0,0.0,0.0,0.0,0.0,1.0,1.0,0.0,4.0,0.0,0.0,24.0,4.0,20.0,1.0,1.0,72.0,1.0,0.0,1.0,0.0,0.0,0.0,1.0,0.0,0.0,0.0,0.0,1.0,0.0,0.0,1.0,1.0,0.0,0.0,0.0,0.0,0.0,1.0,1.0,0.0,0.0,0.0,0.0,1.0,0.0,0.0,0.0,0.0,0.0,0.0,0.0,0.0,0.0,0.0,0.0,0.0,23.0,28.0,80.0,5.0,1.0,8.0,0.0,0.0,36.0,54.0,31.0,11.0,7.0,6.0,3.0,142.0,2.0,143.0,49.0,96.0,105.0,35.0,5.0,66.0,68.0,11.0,2.0,117.0,26.0,3.0,15.0,80.0,42.0,5.0,3.0,20.0,40.0,42.0,26.0,14.0,130.0,12.0,2.0,1.0,0.0,115.0,20.0,10.0,3.0,15.0,19.0,23.0,62.0,14.0,9.0,135.0,10.0,118.0,27.0,56.0,82.0,7.0,7.0,16.0,14.0,18.0,39.0,12.0,39.0,119.0,26.0,86.0,59.0,33.0,63.0,49.0,136.0,9.0,127.0,18.0,125.0,20.0,137.0,8.0,95.0,50.0,41.0,79.0,25.0,103.0,37.0,5.0,23.0,35.0,23.0,60.0,4.0,43.0,51.0,12.0,18.0,21.0,41.0,104.0,73.0,56.0,14.0,2.0,105.0,9.0,31.0,78.0,53.0,14.0,122.0,20.0,3.0,20.0,125.0,125.0,20.0,74.0,60.0,2.0,9.0,90.0,43.0,12.0,77.0,57.0,11.0,132.0,5.0,8.0,96.0,34.0,3.0,12.0,72.0,73.0,55.0,60.0,14.0,16.0,117.0,15.0,13.0,76.0,55.0,14.0,79.0,53.0,13.0,116.0,16.0,13.0,84.0,40.0,5.0,16.0,17.0,73.0,55.0,0.0,Abaixo da média
636,26127474,2017,1,2,2605,26017,26,2611606,261160605,2,1,1.0,1.0,2.0,0.0,0.0,0.0,0.0,0.0,0.0,0.0,0.0,0.0,0.0,1.0,1.0,0.0,0.0,0.0,0.0,1.0,0.0,0.0,0.0,0.0,1.0,0.0,1.0,0.0,0.0,0.0,0.0,0.0,1.0,1.0,1.0,0.0,0.0,1.0,0.0,1.0,1.0,1.0,0.0,1.0,0.0,0.0,0.0,0.0,0.0,0.0,0.0,0.0,0.0,0.0,0.0,0.0,0.0,0.0,0.0,0.0,0.0,0.0,0.0,0.0,10.0,10.0,1.0,0.0,0.0,0.0,1.0,1.0,0.0,1.0,1.0,1.0,0.0,0.0,1.0,3.0,0.0,0.0,0.0,2.0,2.0,0.0,3.0,2.0,3.0,0.0,0.0,9.0,4.0,9.0,1.0,1.0,75.0,1.0,1.0,1.0,0.0,0.0,0.0,1.0,0.0,0.0,1.0,0.0,1.0,0.0,0.0,0.0,1.0,0.0,0.0,0.0,0.0,0.0,1.0,1.0,0.0,0.0,0.0,0.0,0.0,0.0,0.0,0.0,0.0,0.0,0.0,0.0,0.0,0.0,0.0,0.0,0.0,16.0,25.0,47.0,6.0,2.0,12.0,1.0,1.0,31.0,41.0,23.0,4.0,1.0,6.0,2.0,106.0,0.0,108.0,41.0,67.0,89.0,17.0,2.0,60.0,43.0,5.0,1.0,84.0,23.0,0.0,19.0,50.0,28.0,11.0,3.0,17.0,25.0,27.0,20.0,16.0,95.0,7.0,5.0,1.0,0.0,84.0,21.0,3.0,5.0,21.0,14.0,16.0,35.0,6.0,11.0,95.0,13.0,89.0,19.0,39.0,67.0,2.0,6.0,17.0,16.0,12.0,23.0,3.0,31.0,91.0,17.0,56.0,52.0,38.0,51.0,19.0,107.0,1.0,98.0,10.0,98.0,10.0,107.0,1.0,71.0,37.0,29.0,64.0,15.0,81.0,24.0,3.0,20.0,24.0,14.0,45.0,5.0,36.0,36.0,9.0,16.0,11.0,40.0,68.0,54.0,44.0,7.0,3.0,80.0,2.0,26.0,63.0,32.0,13.0,91.0,11.0,6.0,23.0,85.0,100.0,8.0,68.0,35.0,1.0,4.0,81.0,23.0,4.0,63.0,38.0,7.0,97.0,6.0,5.0,86.0,12.0,4.0,6.0,60.0,48.0,45.0,48.0,11.0,4.0,92.0,10.0,6.0,67.0,38.0,3.0,69.0,32.0,7.0,88.0,13.0,7.0,70.0,26.0,3.0,9.0,15.0,33.0,52.0,8.0,Abaixo da média
637,26127512,2017,1,2,2605,26017,26,2611606,261160605,2,1,1.0,1.0,1.0,0.0,0.0,0.0,0.0,0.0,0.0,0.0,0.0,0.0,0.0,1.0,1.0,0.0,0.0,0.0,0.0,1.0,0.0,0.0,0.0,1.0,0.0,0.0,1.0,1.0,0.0,0.0,0.0,0.0,1.0,1.0,1.0,1.0,1.0,1.0,0.0,1.0,1.0,1.0,0.0,1.0,0.0,0.0,0.0,1.0,0.0,1.0,1.0,1.0,1.0,1.0,0.0,0.0,0.0,1.0,1.0,0.0,0.0,0.0,0.0,0.0,17.0,17.0,1.0,0.0,1.0,0.0,1.0,0.0,1.0,1.0,1.0,1.0,0.0,0.0,1.0,1.0,0.0,2.0,0.0,3.0,0.0,3.0,3.0,2.0,2.0,0.0,0.0,16.0,4.0,12.0,1.0,1.0,62.0,1.0,1.0,1.0,0.0,0.0,0.0,1.0,0.0,0.0,0.0,0.0,1.0,0.0,0.0,1.0,1.0,0.0,0.0,0.0,0.0,0.0,1.0,1.0,0.0,0.0,0.0,0.0,1.0,0.0,0.0,0.0,0.0,0.0,0.0,0.0,0.0,0.0,0.0,0.0,0.0,25.0,31.0,78.0,6.0,2.0,9.0,0.0,3.0,32.0,60.0,20.0,16.0,6.0,14.0,2.0,149.0,0.0,151.0,59.0,92.0,117.0,28.0,6.0,67.0,72.0,12.0,2.0,117.0,32.0,1.0,21.0,82.0,37.0,10.0,1.0,24.0,27.0,39.0,31.0,29.0,128.0,16.0,3.0,3.0,1.0,113.0,33.0,5.0,4.0,19.0,23.0,23.0,58.0,9.0,15.0,144.0,7.0,126.0,25.0,63.0,85.0,3.0,6.0,23.0,18.0,18.0,38.0,2.0,46.0,128.0,23.0,95.0,56.0,56.0,57.0,38.0,145.0,6.0,136.0,15.0,127.0,24.0,145.0,6.0,93.0,58.0,43.0,86.0,22.0,112.0,32.0,7.0,34.0,31.0,16.0,66.0,4.0,50.0,53.0,12.0,14.0,22.0,58.0,93.0,60.0,76.0,10.0,5.0,126.0,6.0,19.0,74.0,54.0,23.0,130.0,17.0,4.0,24.0,127.0,139.0,12.0,90.0,56.0,1.0,4.0,125.0,24.0,2.0,87.0,60.0,4.0,148.0,0.0,3.0,109.0,34.0,3.0,5.0,75.0,76.0,69.0,66.0,13.0,3.0,139.0,10.0,2.0,108.0,40.0,3.0,88.0,60.0,3.0,137.0,13.0,1.0,123.0,19.0,4.0,5.0,11.0,56.0,83.0,1.0,Abaixo da média
638,26127571,2017,1,2,2605,26017,26,2611606,261160605,2,1,1.0,1.0,3.0,0.0,0.0,0.0,0.0,0.0,0.0,0.0,0.0,0.0,0.0,1.0,1.0,0.0,0.0,0.0,0.0,1.0,0.0,0.0,0.0,1.0,0.0,0.0,1.0,0.0,0.0,0.0,0.0,0.0,1.0,1.0,1.0,0.0,0.0,0.0,1.0,1.0,1.0,1.0,0.0,1.0,0.0,0.0,0.0,0.0,0.0,1.0,0.0,1.0,0.0,0.0,0.0,0.0,0.0,1.0,0.0,0.0,0.0,0.0,0.0,0.0,13.0,13.0,0.0,0.0,0.0,0.0,0.0,0.0,0.0,0.0,0.0,0.0,0.0,0.0,1.0,0.0,0.0,0.0,0.0,0.0,0.0,0.0,0.0,0.0,0.0,0.0,0.0,12.0,1.0,11.0,1.0,1.0,73.0,1.0,0.0,1.0,0.0,0.0,0.0,1.0,0.0,0.0,1.0,0.0,1.0,0.0,0.0,0.0,1.0,1.0,0.0,0.0,0.0,0.0,1.0,1.0,0.0,0.0,0.0,0.0,0.0,0.0,0.0,0.0,0.0,1.0,0.0,0.0,0.0,0.0,0.0,0.0,0.0,12.0,19.0,48.0,5.0,2.0,5.0,0.0,1.0,21.0,38.0,17.0,8.0,3.0,3.0,2.0,89.0,0.0,91.0,31.0,60.0,70.0,19.0,2.0,53.0,31.0,7.0,0.0,70.0,21.0,1.0,9.0,50.0,25.0,6.0,1.0,14.0,18.0,26.0,15.0,17.0,71.0,14.0,6.0,0.0,0.0,70.0,19.0,2.0,1.0,14.0,9.0,25.0,30.0,3.0,9.0,83.0,8.0,68.0,23.0,45.0,44.0,2.0,3.0,14.0,12.0,15.0,25.0,4.0,18.0,82.0,9.0,61.0,30.0,32.0,42.0,17.0,88.0,3.0,81.0,10.0,86.0,5.0,89.0,2.0,61.0,30.0,23.0,54.0,14.0,65.0,26.0,0.0,9.0,23.0,15.0,43.0,1.0,35.0,34.0,3.0,7.0,12.0,32.0,59.0,40.0,44.0,5.0,2.0,67.0,7.0,17.0,53.0,31.0,7.0,78.0,10.0,3.0,9.0,82.0,81.0,10.0,52.0,34.0,2.0,3.0,66.0,21.0,4.0,47.0,39.0,5.0,86.0,3.0,2.0,67.0,19.0,2.0,3.0,57.0,34.0,44.0,41.0,5.0,1.0,84.0,5.0,2.0,54.0,35.0,2.0,60.0,28.0,3.0,82.0,7.0,2.0,74.0,14.0,1.0,2.0,11.0,47.0,33.0,0.0,Abaixo da média
640,26127741,2017,1,2,2605,26017,26,2611606,261160605,2,1,1.0,1.0,1.0,0.0,0.0,0.0,0.0,0.0,0.0,0.0,0.0,0.0,0.0,1.0,1.0,0.0,0.0,0.0,0.0,1.0,0.0,0.0,0.0,0.0,1.0,0.0,1.0,0.0,0.0,0.0,0.0,0.0,1.0,1.0,1.0,1.0,0.0,0.0,1.0,1.0,1.0,1.0,1.0,1.0,0.0,0.0,0.0,1.0,0.0,1.0,0.0,1.0,0.0,0.0,1.0,0.0,1.0,1.0,0.0,0.0,0.0,0.0,0.0,0.0,14.0,17.0,1.0,0.0,0.0,0.0,1.0,0.0,1.0,1.0,1.0,1.0,0.0,1.0,1.0,3.0,0.0,0.0,0.0,1.0,0.0,2.0,1.0,3.0,2.0,0.0,1.0,15.0,5.0,7.0,1.0,1.0,69.0,1.0,0.0,0.0,0.0,0.0,0.0,1.0,0.0,0.0,0.0,0.0,1.0,0.0,0.0,0.0,1.0,1.0,0.0,0.0,0.0,0.0,0.0,1.0,0.0,0.0,0.0,0.0,0.0,0.0,0.0,0.0,0.0,0.0,1.0,0.0,0.0,0.0,0.0,0.0,0.0,10.0,18.0,26.0,3.0,1.0,3.0,1.0,3.0,27.0,24.0,5.0,1.0,0.0,0.0,1.0,60.0,0.0,61.0,16.0,45.0,46.0,15.0,0.0,26.0,30.0,5.0,0.0,49.0,12.0,0.0,6.0,39.0,15.0,1.0,0.0,7.0,15.0,18.0,11.0,10.0,60.0,1.0,0.0,0.0,0.0,56.0,4.0,1.0,1.0,12.0,9.0,9.0,25.0,3.0,2.0,54.0,7.0,46.0,15.0,36.0,24.0,1.0,1.0,9.0,9.0,8.0,19.0,3.0,12.0,53.0,8.0,35.0,26.0,52.0,8.0,1.0,61.0,0.0,56.0,5.0,55.0,6.0,59.0,2.0,39.0,22.0,19.0,34.0,8.0,37.0,21.0,3.0,9.0,16.0,11.0,20.0,5.0,17.0,24.0,8.0,4.0,8.0,6.0,55.0,30.0,26.0,5.0,0.0,53.0,2.0,6.0,52.0,6.0,3.0,59.0,2.0,0.0,3.0,58.0,48.0,13.0,33.0,27.0,0.0,1.0,50.0,11.0,0.0,37.0,23.0,1.0,60.0,1.0,0.0,49.0,9.0,1.0,2.0,27.0,34.0,24.0,32.0,5.0,0.0,54.0,7.0,0.0,39.0,22.0,0.0,34.0,27.0,0.0,56.0,5.0,0.0,48.0,13.0,0.0,0.0,18.0,33.0,10.0,0.0,Abaixo da média
641,26128101,2017,1,2,2605,26017,26,2611606,261160605,2,1,1.0,1.0,1.0,0.0,0.0,0.0,0.0,0.0,0.0,0.0,0.0,0.0,0.0,1.0,1.0,0.0,0.0,0.0,0.0,1.0,0.0,0.0,0.0,0.0,1.0,0.0,1.0,0.0,0.0,0.0,0.0,0.0,1.0,1.0,1.0,1.0,1.0,1.0,0.0,1.0,1.0,1.0,1.0,1.0,0.0,0.0,1.0,1.0,0.0,0.0,1.0,1.0,1.0,1.0,1.0,1.0,1.0,1.0,1.0,0.0,0.0,1.0,0.0,0.0,9.0,9.0,1.0,0.0,1.0,1.0,1.0,1.0,1.0,1.0,1.0,1.0,0.0,1.0,1.0,1.0,0.0,1.0,1.0,3.0,1.0,3.0,3.0,2.0,1.0,0.0,1.0,22.0,5.0,17.0,1.0,1.0,35.0,1.0,0.0,0.0,0.0,0.0,0.0,1.0,0.0,0.0,1.0,0.0,1.0,0.0,0.0,0.0,1.0,0.0,0.0,0.0,0.0,0.0,0.0,1.0,0.0,0.0,0.0,0.0,0.0,0.0,0.0,0.0,0.0,0.0,0.0,0.0,0.0,0.0,0.0,0.0,0.0,23.0,16.0,56.0,9.0,3.0,5.0,0.0,15.0,53.0,35.0,8.0,1.0,0.0,0.0,0.0,112.0,0.0,112.0,40.0,72.0,92.0,20.0,0.0,47.0,55.0,10.0,0.0,92.0,20.0,0.0,7.0,67.0,35.0,3.0,0.0,13.0,23.0,37.0,26.0,13.0,105.0,6.0,1.0,0.0,0.0,97.0,9.0,6.0,0.0,18.0,12.0,30.0,40.0,6.0,6.0,105.0,7.0,91.0,21.0,53.0,52.0,7.0,1.0,14.0,18.0,18.0,36.0,3.0,22.0,100.0,12.0,73.0,39.0,60.0,46.0,6.0,112.0,0.0,102.0,10.0,98.0,14.0,111.0,1.0,85.0,27.0,46.0,59.0,7.0,87.0,23.0,2.0,22.0,35.0,21.0,34.0,0.0,53.0,33.0,6.0,7.0,13.0,5.0,107.0,61.0,47.0,2.0,2.0,95.0,5.0,12.0,96.0,15.0,1.0,108.0,3.0,1.0,14.0,98.0,100.0,12.0,83.0,29.0,0.0,0.0,106.0,6.0,0.0,74.0,38.0,0.0,108.0,4.0,0.0,111.0,1.0,0.0,0.0,86.0,26.0,83.0,25.0,3.0,1.0,109.0,2.0,1.0,94.0,17.0,1.0,88.0,23.0,1.0,93.0,18.0,1.0,109.0,2.0,0.0,1.0,31.0,70.0,11.0,0.0,Acima da média
642,26128160,2017,1,2,2605,26017,26,2611606,261160605,2,1,1.0,1.0,1.0,0.0,0.0,0.0,0.0,0.0,0.0,0.0,0.0,0.0,0.0,1.0,1.0,0.0,0.0,0.0,0.0,1.0,0.0,0.0,0.0,0.0,1.0,0.0,1.0,0.0,0.0,0.0,0.0,0.0,1.0,1.0,1.0,0.0,0.0,0.0,1.0,1.0,1.0,1.0,0.0,1.0,0.0,0.0,0.0,1.0,0.0,0.0,0.0,1.0,1.0,0.0,1.0,0.0,0.0,0.0,0.0,0.0,0.0,0.0,0.0,0.0,12.0,12.0,1.0,0.0,1.0,0.0,0.0,1.0,1.0,1.0,1.0,1.0,0.0,1.0,1.0,2.0,0.0,1.0,0.0,0.0,2.0,3.0,2.0,2.0,1.0,0.0,1.0,3.0,2.0,1.0,1.0,0.0,59.0,1.0,0.0,1.0,0.0,0.0,0.0,1.0,0.0,0.0,0.0,0.0,1.0,0.0,0.0,0.0,1.0,1.0,0.0,0.0,0.0,0.0,1.0,1.0,0.0,0.0,0.0,0.0,0.0,0.0,0.0,0.0,0.0,1.0,1.0,0.0,0.0,0.0,0.0,0.0,0.0,6.0,13.0,18.0,2.0,1.0,1.0,0.0,0.0,12.0,18.0,5.0,4.0,2.0,0.0,1.0,40.0,0.0,41.0,17.0,24.0,31.0,10.0,0.0,23.0,16.0,2.0,0.0,37.0,4.0,0.0,4.0,25.0,12.0,0.0,0.0,3.0,9.0,12.0,7.0,10.0,33.0,6.0,2.0,0.0,0.0,30.0,10.0,1.0,0.0,5.0,7.0,5.0,13.0,2.0,9.0,39.0,2.0,30.0,11.0,18.0,19.0,4.0,1.0,8.0,6.0,4.0,9.0,0.0,13.0,36.0,5.0,28.0,13.0,10.0,22.0,9.0,41.0,0.0,39.0,2.0,38.0,3.0,40.0,1.0,24.0,17.0,10.0,30.0,1.0,28.0,12.0,1.0,7.0,10.0,6.0,17.0,1.0,8.0,19.0,2.0,6.0,6.0,7.0,34.0,10.0,24.0,7.0,0.0,35.0,1.0,5.0,29.0,6.0,6.0,35.0,3.0,3.0,11.0,30.0,32.0,9.0,19.0,21.0,0.0,1.0,34.0,6.0,1.0,30.0,10.0,1.0,38.0,1.0,2.0,32.0,6.0,1.0,2.0,22.0,19.0,21.0,14.0,2.0,4.0,37.0,1.0,3.0,30.0,9.0,2.0,27.0,11.0,3.0,35.0,4.0,2.0,31.0,5.0,0.0,5.0,3.0,25.0,13.0,0.0,Abaixo da média
644,26128195,2017,1,2,2605,26017,26,2611606,261160605,2,1,1.0,1.0,1.0,0.0,0.0,0.0,0.0,0.0,0.0,0.0,0.0,0.0,0.0,1.0,1.0,0.0,0.0,0.0,0.0,1.0,0.0,0.0,0.0,0.0,1.0,0.0,1.0,0.0,0.0,0.0,0.0,0.0,1.0,1.0,1.0,1.0,0.0,0.0,1.0,1.0,1.0,1.0,1.0,1.0,0.0,0.0,0.0,0.0,0.0,0.0,1.0,1.0,0.0,1.0,1.0,0.0,0.0,1.0,0.0,0.0,0.0,0.0,0.0,0.0,13.0,13.0,1.0,0.0,0.0,0.0,1.0,1.0,1.0,1.0,1.0,1.0,0.0,1.0,1.0,3.0,0.0,0.0,0.0,4.0,3.0,3.0,2.0,3.0,10.0,0.0,5.0,13.0,2.0,10.0,1.0,1.0,30.0,1.0,0.0,0.0,0.0,0.0,0.0,1.0,0.0,0.0,0.0,0.0,1.0,0.0,0.0,0.0,1.0,1.0,0.0,0.0,0.0,0.0,0.0,1.0,0.0,0.0,0.0,0.0,0.0,0.0,0.0,0.0,0.0,0.0,1.0,0.0,0.0,0.0,0.0,0.0,0.0,2.0,9.0,17.0,1.0,0.0,3.0,0.0,0.0,13.0,13.0,5.0,1.0,0.0,0.0,0.0,32.0,0.0,32.0,16.0,16.0,27.0,4.0,1.0,17.0,14.0,1.0,0.0,28.0,4.0,0.0,4.0,20.0,8.0,0.0,1.0,5.0,11.0,6.0,4.0,5.0,27.0,4.0,1.0,0.0,0.0,26.0,4.0,2.0,0.0,7.0,4.0,8.0,9.0,1.0,3.0,28.0,4.0,24.0,8.0,12.0,16.0,4.0,1.0,4.0,7.0,7.0,7.0,0.0,6.0,27.0,5.0,18.0,14.0,12.0,15.0,5.0,32.0,0.0,31.0,1.0,30.0,2.0,31.0,1.0,19.0,13.0,12.0,12.0,8.0,23.0,9.0,0.0,8.0,8.0,1.0,13.0,2.0,15.0,8.0,1.0,3.0,5.0,1.0,31.0,13.0,19.0,0.0,0.0,23.0,0.0,9.0,22.0,6.0,4.0,32.0,0.0,0.0,3.0,29.0,31.0,1.0,18.0,11.0,3.0,0.0,29.0,2.0,1.0,16.0,14.0,2.0,31.0,0.0,1.0,28.0,4.0,0.0,0.0,19.0,13.0,13.0,14.0,4.0,1.0,30.0,1.0,1.0,19.0,12.0,1.0,19.0,11.0,2.0,27.0,4.0,1.0,29.0,2.0,0.0,1.0,4.0,21.0,7.0,0.0,Média
645,26128403,2017,1,2,2605,26017,26,2611606,261160605,2,1,1.0,1.0,1.0,0.0,0.0,0.0,0.0,0.0,0.0,0.0,0.0,0.0,0.0,1.0,1.0,0.0,0.0,0.0,0.0,1.0,0.0,0.0,0.0,0.0,1.0,0.0,1.0,0.0,0.0,0.0,0.0,0.0,1.0,1.0,1.0,1.0,0.0,0.0,0.0,0.0,1.0,1.0,0.0,1.0,0.0,0.0,0.0,1.0,0.0,0.0,1.0,1.0,1.0,1.0,0.0,1.0,1.0,1.0,1.0,0.0,0.0,1.0,0.0,0.0,11.0,9.0,1.0,0.0,1.0,0.0,1.0,1.0,1.0,1.0,1.0,1.0,0.0,1.0,1.0,4.0,0.0,4.0,0.0,3.0,4.0,4.0,2.0,4.0,7.0,0.0,6.0,22.0,8.0,14.0,1.0,1.0,26.0,1.0,0.0,0.0,0.0,0.0,0.0,1.0,0.0,0.0,0.0,0.0,1.0,0.0,0.0,0.0,1.0,0.0,0.0,0.0,0.0,0.0,0.0,1.0,0.0,0.0,0.0,0.0,0.0,0.0,0.0,0.0,0.0,0.0,0.0,0.0,0.0,0.0,0.0,0.0,0.0,14.0,8.0,27.0,3.0,1.0,6.0,0.0,4.0,29.0,23.0,3.0,0.0,0.0,0.0,1.0,58.0,1.0,58.0,26.0,33.0,40.0,18.0,1.0,31.0,22.0,6.0,1.0,46.0,12.0,0.0,3.0,34.0,20.0,2.0,0.0,7.0,13.0,18.0,10.0,11.0,55.0,3.0,1.0,0.0,0.0,52.0,5.0,2.0,1.0,2.0,7.0,15.0,25.0,4.0,5.0,56.0,3.0,50.0,9.0,26.0,31.0,2.0,1.0,5.0,3.0,6.0,23.0,2.0,19.0,54.0,5.0,41.0,18.0,39.0,20.0,0.0,59.0,0.0,52.0,7.0,48.0,11.0,58.0,1.0,40.0,19.0,23.0,28.0,8.0,44.0,11.0,4.0,10.0,17.0,10.0,21.0,1.0,22.0,17.0,6.0,6.0,8.0,1.0,58.0,32.0,20.0,5.0,2.0,48.0,4.0,7.0,48.0,9.0,2.0,53.0,6.0,0.0,7.0,52.0,44.0,15.0,25.0,28.0,3.0,3.0,45.0,12.0,2.0,41.0,15.0,3.0,55.0,3.0,1.0,27.0,22.0,6.0,4.0,34.0,25.0,34.0,20.0,4.0,1.0,52.0,6.0,1.0,37.0,20.0,2.0,47.0,10.0,2.0,52.0,6.0,1.0,48.0,9.0,0.0,2.0,4.0,27.0,26.0,2.0,Acima da média
647,26128497,2017,1,2,2605,26017,26,2611606,261160605,2,1,1.0,1.0,1.0,0.0,0.0,0.0,0.0,0.0,0.0,0.0,0.0,0.0,0.0,1.0,1.0,0.0,1.0,0.0,0.0,1.0,0.0,0.0,0.0,1.0,0.0,0.0,1.0,0.0,0.0,0.0,0.0,0.0,1.0,1.0,0.0,0.0,0.0,0.0,0.0,0.0,1.0,0.0,1.0,1.0,0.0,0.0,0.0,1.0,0.0,0.0,0.0,0.0,0.0,0.0,0.0,0.0,0.0,0.0,0.0,0.0,0.0,0.0,0.0,0.0,22.0,22.0,1.0,0.0,1.0,0.0,1.0,1.0,1.0,1.0,1.0,1.0,0.0,1.0,1.0,2.0,0.0,1.0,0.0,2.0,1.0,2.0,1.0,2.0,2.0,0.0,2.0,17.0,3.0,0.0,1.0,1.0,31.0,1.0,0.0,0.0,0.0,0.0,0.0,1.0,0.0,0.0,0.0,0.0,1.0,0.0,0.0,0.0,1.0,0.0,0.0,0.0,0.0,0.0,0.0,1.0,0.0,0.0,0.0,0.0,0.0,0.0,0.0,0.0,0.0,0.0,0.0,0.0,0.0,0.0,0.0,0.0,0.0,11.0,13.0,32.0,8.0,0.0,5.0,0.0,3.0,34.0,23.0,9.0,0.0,0.0,0.0,2.0,67.0,0.0,69.0,16.0,53.0,53.0,14.0,2.0,29.0,34.0,6.0,0.0,58.0,11.0,1.0,3.0,46.0,18.0,1.0,0.0,2.0,24.0,27.0,7.0,9.0,65.0,3.0,1.0,0.0,0.0,59.0,6.0,4.0,1.0,4.0,7.0,10.0,40.0,2.0,5.0,68.0,1.0,62.0,7.0,30.0,33.0,6.0,2.0,1.0,13.0,8.0,27.0,4.0,14.0,65.0,4.0,42.0,27.0,32.0,27.0,10.0,69.0,0.0,65.0,4.0,61.0,8.0,68.0,1.0,49.0,20.0,25.0,30.0,14.0,49.0,19.0,1.0,10.0,12.0,19.0,28.0,0.0,33.0,16.0,6.0,1.0,13.0,4.0,65.0,36.0,28.0,5.0,0.0,64.0,0.0,5.0,56.0,11.0,2.0,67.0,2.0,0.0,9.0,60.0,52.0,17.0,46.0,20.0,2.0,1.0,62.0,6.0,1.0,37.0,30.0,2.0,68.0,0.0,1.0,63.0,5.0,0.0,1.0,38.0,31.0,43.0,24.0,2.0,0.0,63.0,4.0,2.0,57.0,11.0,1.0,38.0,30.0,1.0,56.0,11.0,2.0,60.0,6.0,2.0,1.0,11.0,26.0,30.0,2.0,Acima da média
648,26128527,2017,1,2,2605,26017,26,2611606,261160605,2,1,1.0,1.0,3.0,0.0,0.0,0.0,0.0,0.0,0.0,0.0,0.0,0.0,0.0,1.0,1.0,0.0,0.0,0.0,0.0,1.0,0.0,0.0,0.0,1.0,0.0,0.0,1.0,0.0,0.0,0.0,0.0,0.0,0.0,0.0,1.0,0.0,0.0,0.0,1.0,1.0,0.0,1.0,0.0,1.0,0.0,0.0,0.0,0.0,0.0,0.0,0.0,0.0,0.0,0.0,0.0,0.0,0.0,0.0,0.0,0.0,0.0,0.0,0.0,0.0,15.0,11.0,1.0,0.0,1.0,1.0,1.0,1.0,1.0,0.0,1.0,1.0,1.0,1.0,1.0,4.0,0.0,3.0,1.0,4.0,1.0,4.0,0.0,2.0,15.0,1.0,2.0,21.0,1.0,18.0,1.0,1.0,47.0,1.0,0.0,1.0,0.0,0.0,0.0,1.0,0.0,0.0,1.0,0.0,1.0,0.0,0.0,0.0,1.0,1.0,0.0,0.0,0.0,0.0,1.0,1.0,0.0,0.0,0.0,0.0,0.0,0.0,0.0,0.0,0.0,1.0,1.0,0.0,0.0,0.0,0.0,0.0,0.0,13.0,17.0,39.0,1.0,3.0,4.0,0.0,0.0,18.0,39.0,9.0,4.0,4.0,3.0,3.0,74.0,1.0,76.0,33.0,44.0,72.0,3.0,2.0,46.0,29.0,2.0,1.0,68.0,8.0,3.0,16.0,36.0,17.0,5.0,2.0,8.0,21.0,19.0,11.0,16.0,66.0,10.0,0.0,1.0,0.0,51.0,25.0,1.0,2.0,25.0,9.0,9.0,16.0,1.0,15.0,58.0,19.0,47.0,30.0,25.0,48.0,4.0,2.0,12.0,7.0,8.0,17.0,2.0,29.0,63.0,14.0,47.0,30.0,35.0,19.0,23.0,74.0,3.0,68.0,9.0,70.0,7.0,74.0,3.0,44.0,33.0,21.0,46.0,10.0,56.0,20.0,1.0,15.0,12.0,13.0,30.0,7.0,31.0,19.0,6.0,10.0,11.0,15.0,62.0,24.0,43.0,10.0,0.0,70.0,1.0,6.0,49.0,20.0,8.0,64.0,10.0,3.0,24.0,53.0,67.0,10.0,42.0,29.0,1.0,5.0,51.0,22.0,4.0,46.0,26.0,5.0,74.0,2.0,1.0,55.0,13.0,1.0,8.0,47.0,30.0,39.0,33.0,2.0,3.0,73.0,1.0,3.0,40.0,34.0,3.0,44.0,32.0,1.0,65.0,10.0,2.0,61.0,12.0,1.0,3.0,14.0,31.0,30.0,2.0,Abaixo da média
650,26128594,2017,1,2,2605,26017,26,2611606,261160605,2,1,1.0,1.0,1.0,0.0,0.0,0.0,0.0,0.0,0.0,0.0,0.0,0.0,0.0,1.0,1.0,0.0,0.0,0.0,0.0,1.0,0.0,0.0,0.0,0.0,1.0,0.0,1.0,0.0,0.0,0.0,0.0,0.0,0.0,0.0,0.0,0.0,0.0,0.0,0.0,0.0,0.0,1.0,0.0,1.0,0.0,0.0,0.0,0.0,0.0,0.0,0.0,0.0,0.0,0.0,0.0,0.0,0.0,0.0,0.0,0.0,0.0,0.0,0.0,0.0,10.0,10.0,1.0,0.0,1.0,1.0,1.0,1.0,1.0,0.0,1.0,1.0,0.0,1.0,1.0,2.0,0.0,3.0,1.0,1.0,10.0,1.0,0.0,1.0,6.0,0.0,1.0,15.0,2.0,10.0,1.0,0.0,49.0,1.0,0.0,1.0,0.0,0.0,0.0,1.0,0.0,0.0,1.0,1.0,1.0,0.0,0.0,0.0,1.0,1.0,0.0,0.0,0.0,0.0,1.0,1.0,0.0,0.0,0.0,0.0,0.0,0.0,0.0,0.0,0.0,1.0,1.0,0.0,0.0,0.0,0.0,0.0,0.0,7.0,6.0,11.0,2.0,1.0,0.0,0.0,2.0,7.0,13.0,4.0,0.0,1.0,0.0,2.0,25.0,1.0,26.0,12.0,15.0,23.0,3.0,1.0,14.0,12.0,1.0,1.0,23.0,3.0,1.0,2.0,16.0,8.0,0.0,0.0,2.0,2.0,6.0,10.0,7.0,25.0,1.0,1.0,0.0,0.0,23.0,2.0,2.0,0.0,1.0,8.0,10.0,3.0,2.0,3.0,27.0,0.0,22.0,5.0,14.0,12.0,1.0,0.0,3.0,5.0,6.0,6.0,1.0,6.0,27.0,0.0,18.0,9.0,9.0,15.0,3.0,26.0,1.0,26.0,1.0,24.0,3.0,27.0,0.0,19.0,8.0,7.0,15.0,5.0,21.0,5.0,1.0,3.0,5.0,8.0,11.0,0.0,7.0,13.0,2.0,3.0,2.0,7.0,20.0,14.0,13.0,0.0,0.0,20.0,1.0,6.0,14.0,10.0,3.0,25.0,1.0,1.0,3.0,24.0,25.0,2.0,18.0,8.0,1.0,0.0,20.0,7.0,0.0,17.0,10.0,0.0,26.0,1.0,0.0,27.0,0.0,0.0,0.0,16.0,11.0,11.0,15.0,1.0,0.0,25.0,2.0,0.0,12.0,15.0,0.0,14.0,13.0,0.0,25.0,2.0,0.0,26.0,1.0,0.0,0.0,1.0,10.0,15.0,1.0,Abaixo da média
651,26128721,2017,1,2,2605,26017,26,2611606,261160605,2,1,1.0,1.0,1.0,0.0,0.0,0.0,0.0,0.0,0.0,0.0,0.0,0.0,0.0,1.0,1.0,1.0,0.0,0.0,0.0,1.0,0.0,0.0,0.0,0.0,1.0,0.0,1.0,0.0,0.0,0.0,0.0,0.0,1.0,1.0,1.0,1.0,0.0,1.0,0.0,1.0,1.0,1.0,0.0,1.0,0.0,0.0,0.0,1.0,0.0,1.0,0.0,1.0,1.0,1.0,0.0,1.0,1.0,1.0,0.0,0.0,0.0,1.0,0.0,0.0,18.0,18.0,1.0,0.0,1.0,1.0,1.0,1.0,0.0,1.0,1.0,1.0,0.0,1.0,1.0,14.0,0.0,3.0,1.0,1.0,1.0,0.0,4.0,6.0,4.0,0.0,2.0,27.0,3.0,25.0,1.0,1.0,30.0,1.0,0.0,0.0,0.0,0.0,0.0,1.0,0.0,0.0,1.0,0.0,1.0,0.0,0.0,0.0,1.0,0.0,0.0,0.0,0.0,0.0,0.0,1.0,0.0,0.0,0.0,0.0,0.0,0.0,0.0,0.0,0.0,0.0,0.0,0.0,0.0,0.0,0.0,0.0,0.0,23.0,27.0,59.0,7.0,1.0,4.0,0.0,5.0,56.0,50.0,10.0,0.0,0.0,0.0,3.0,118.0,1.0,120.0,45.0,76.0,97.0,22.0,2.0,46.0,62.0,13.0,1.0,95.0,25.0,1.0,7.0,72.0,34.0,7.0,0.0,13.0,31.0,39.0,18.0,20.0,104.0,14.0,3.0,0.0,0.0,102.0,14.0,5.0,1.0,10.0,25.0,14.0,53.0,9.0,9.0,115.0,6.0,87.0,34.0,57.0,59.0,5.0,1.0,11.0,15.0,27.0,41.0,6.0,20.0,113.0,8.0,80.0,41.0,75.0,36.0,10.0,116.0,5.0,111.0,10.0,102.0,19.0,119.0,2.0,77.0,44.0,40.0,65.0,16.0,93.0,28.0,0.0,11.0,29.0,27.0,49.0,5.0,40.0,49.0,9.0,7.0,16.0,7.0,114.0,67.0,49.0,5.0,0.0,89.0,3.0,29.0,101.0,18.0,2.0,115.0,6.0,0.0,10.0,111.0,102.0,19.0,57.0,59.0,2.0,3.0,96.0,20.0,5.0,80.0,38.0,3.0,115.0,3.0,3.0,80.0,31.0,5.0,5.0,53.0,68.0,73.0,42.0,5.0,1.0,111.0,7.0,3.0,87.0,31.0,3.0,69.0,49.0,3.0,104.0,15.0,2.0,112.0,5.0,3.0,1.0,5.0,55.0,56.0,5.0,Acima da média
659,26172712,2017,1,2,2605,26017,26,2611606,261160605,2,1,1.0,1.0,1.0,0.0,0.0,0.0,0.0,0.0,0.0,0.0,0.0,0.0,0.0,1.0,1.0,0.0,0.0,0.0,0.0,1.0,0.0,0.0,0.0,1.0,0.0,0.0,1.0,0.0,0.0,0.0,0.0,0.0,1.0,1.0,1.0,1.0,0.0,0.0,0.0,0.0,0.0,1.0,0.0,1.0,0.0,0.0,0.0,0.0,0.0,1.0,0.0,1.0,1.0,1.0,0.0,1.0,1.0,0.0,1.0,0.0,0.0,0.0,0.0,0.0,18.0,15.0,1.0,0.0,1.0,0.0,1.0,0.0,0.0,1.0,1.0,1.0,0.0,1.0,1.0,4.0,0.0,8.0,0.0,1.0,0.0,0.0,2.0,1.0,5.0,0.0,1.0,21.0,10.0,10.0,1.0,1.0,31.0,1.0,0.0,0.0,0.0,0.0,0.0,1.0,0.0,0.0,0.0,0.0,1.0,0.0,0.0,0.0,1.0,0.0,0.0,0.0,0.0,0.0,0.0,1.0,0.0,0.0,0.0,0.0,0.0,0.0,0.0,0.0,0.0,0.0,0.0,0.0,0.0,0.0,0.0,0.0,0.0,38.0,37.0,59.0,16.0,1.0,11.0,0.0,15.0,97.0,40.0,8.0,2.0,0.0,0.0,2.0,160.0,1.0,161.0,44.0,118.0,98.0,56.0,8.0,57.0,69.0,36.0,1.0,103.0,58.0,2.0,10.0,83.0,55.0,12.0,1.0,16.0,48.0,63.0,18.0,16.0,155.0,6.0,0.0,1.0,0.0,138.0,14.0,10.0,2.0,5.0,6.0,17.0,84.0,37.0,11.0,157.0,5.0,131.0,31.0,90.0,70.0,2.0,1.0,4.0,17.0,20.0,79.0,19.0,22.0,158.0,4.0,97.0,65.0,43.0,81.0,38.0,161.0,1.0,148.0,14.0,145.0,17.0,157.0,5.0,116.0,46.0,68.0,75.0,19.0,133.0,27.0,2.0,32.0,55.0,37.0,34.0,4.0,68.0,58.0,10.0,4.0,22.0,5.0,157.0,95.0,64.0,3.0,0.0,148.0,4.0,10.0,144.0,14.0,4.0,160.0,2.0,0.0,4.0,158.0,141.0,21.0,111.0,41.0,5.0,5.0,140.0,16.0,6.0,103.0,51.0,8.0,154.0,3.0,5.0,126.0,29.0,3.0,4.0,97.0,65.0,78.0,64.0,12.0,8.0,149.0,5.0,8.0,113.0,41.0,8.0,106.0,49.0,7.0,143.0,12.0,7.0,94.0,48.0,12.0,8.0,48.0,92.0,22.0,0.0,Acima da média
663,26179610,2017,1,2,2605,26017,26,2611606,261160605,2,1,1.0,1.0,1.0,0.0,0.0,0.0,0.0,0.0,0.0,0.0,0.0,0.0,0.0,1.0,1.0,0.0,0.0,0.0,0.0,1.0,0.0,0.0,0.0,1.0,0.0,0.0,1.0,0.0,0.0,0.0,0.0,0.0,1.0,1.0,1.0,1.0,0.0,1.0,0.0,1.0,1.0,1.0,1.0,1.0,0.0,0.0,0.0,1.0,0.0,0.0,0.0,1.0,1.0,0.0,0.0,0.0,0.0,1.0,0.0,0.0,0.0,0.0,0.0,0.0,12.0,12.0,1.0,0.0,0.0,0.0,1.0,0.0,0.0,1.0,1.0,1.0,0.0,1.0,1.0,2.0,0.0,0.0,0.0,1.0,0.0,0.0,2.0,1.0,3.0,0.0,1.0,15.0,5.0,10.0,1.0,1.0,31.0,1.0,0.0,0.0,0.0,0.0,0.0,1.0,0.0,0.0,0.0,0.0,1.0,0.0,0.0,0.0,1.0,0.0,0.0,0.0,0.0,0.0,0.0,1.0,0.0,0.0,0.0,0.0,0.0,0.0,0.0,0.0,0.0,0.0,0.0,0.0,0.0,0.0,0.0,0.0,0.0,32.0,25.0,54.0,12.0,1.0,3.0,0.0,9.0,67.0,40.0,11.0,0.0,0.0,0.0,0.0,127.0,0.0,127.0,31.0,96.0,73.0,48.0,6.0,25.0,74.0,28.0,0.0,84.0,43.0,0.0,6.0,79.0,39.0,3.0,0.0,18.0,36.0,34.0,25.0,14.0,121.0,6.0,0.0,0.0,0.0,113.0,7.0,7.0,1.0,4.0,12.0,14.0,68.0,22.0,6.0,125.0,2.0,104.0,23.0,72.0,50.0,5.0,1.0,6.0,13.0,14.0,54.0,22.0,17.0,124.0,3.0,90.0,37.0,37.0,67.0,23.0,122.0,5.0,111.0,16.0,110.0,17.0,120.0,7.0,79.0,48.0,53.0,56.0,18.0,100.0,26.0,1.0,19.0,31.0,33.0,43.0,1.0,57.0,39.0,5.0,3.0,23.0,3.0,124.0,68.0,55.0,4.0,0.0,109.0,6.0,12.0,106.0,19.0,2.0,125.0,2.0,0.0,7.0,120.0,98.0,29.0,71.0,49.0,4.0,3.0,105.0,17.0,5.0,73.0,47.0,7.0,116.0,5.0,6.0,91.0,30.0,2.0,4.0,71.0,56.0,50.0,52.0,17.0,8.0,111.0,9.0,7.0,106.0,11.0,10.0,77.0,39.0,11.0,104.0,13.0,10.0,95.0,16.0,7.0,9.0,8.0,32.0,83.0,4.0,Acima da média
664,26179857,2017,1,2,2605,26017,26,2611606,261160605,2,1,1.0,1.0,3.0,0.0,0.0,0.0,0.0,0.0,0.0,0.0,0.0,0.0,0.0,1.0,1.0,0.0,0.0,0.0,0.0,1.0,0.0,0.0,0.0,1.0,0.0,0.0,1.0,0.0,0.0,0.0,0.0,0.0,1.0,1.0,1.0,1.0,0.0,0.0,0.0,0.0,1.0,1.0,0.0,1.0,0.0,0.0,0.0,1.0,0.0,0.0,0.0,1.0,1.0,1.0,1.0,0.0,1.0,0.0,1.0,0.0,0.0,0.0,0.0,0.0,12.0,12.0,1.0,0.0,1.0,0.0,1.0,0.0,0.0,1.0,1.0,1.0,0.0,1.0,1.0,3.0,0.0,2.0,0.0,1.0,0.0,0.0,5.0,1.0,12.0,0.0,1.0,17.0,8.0,9.0,1.0,1.0,31.0,1.0,0.0,0.0,0.0,0.0,0.0,1.0,0.0,0.0,0.0,0.0,1.0,0.0,0.0,0.0,1.0,0.0,0.0,0.0,0.0,0.0,0.0,1.0,0.0,0.0,0.0,0.0,0.0,0.0,0.0,0.0,0.0,0.0,0.0,0.0,0.0,0.0,0.0,0.0,0.0,17.0,15.0,31.0,4.0,1.0,9.0,0.0,7.0,42.0,24.0,4.0,0.0,0.0,0.0,0.0,77.0,0.0,77.0,16.0,61.0,35.0,34.0,8.0,13.0,39.0,25.0,0.0,39.0,38.0,0.0,2.0,34.0,35.0,6.0,0.0,8.0,28.0,21.0,14.0,6.0,69.0,6.0,2.0,0.0,0.0,72.0,4.0,1.0,0.0,1.0,4.0,11.0,42.0,17.0,2.0,77.0,0.0,66.0,11.0,45.0,27.0,5.0,0.0,5.0,11.0,9.0,26.0,19.0,7.0,73.0,4.0,57.0,20.0,29.0,38.0,10.0,75.0,2.0,70.0,7.0,64.0,13.0,74.0,3.0,55.0,22.0,32.0,34.0,11.0,58.0,16.0,3.0,10.0,28.0,14.0,24.0,1.0,35.0,19.0,5.0,4.0,14.0,1.0,76.0,42.0,34.0,1.0,0.0,71.0,1.0,5.0,66.0,9.0,2.0,77.0,0.0,0.0,2.0,75.0,62.0,15.0,41.0,27.0,1.0,8.0,61.0,8.0,8.0,44.0,24.0,9.0,67.0,3.0,7.0,55.0,13.0,1.0,8.0,55.0,22.0,41.0,29.0,3.0,4.0,68.0,3.0,6.0,53.0,18.0,6.0,52.0,19.0,6.0,67.0,5.0,5.0,63.0,8.0,2.0,4.0,10.0,48.0,19.0,0.0,Acima da média
666,26186241,2017,1,2,2605,26017,26,2611606,261160605,2,1,1.0,1.0,1.0,0.0,0.0,0.0,0.0,0.0,0.0,0.0,0.0,0.0,0.0,1.0,1.0,0.0,0.0,0.0,0.0,1.0,0.0,0.0,0.0,1.0,0.0,0.0,1.0,0.0,0.0,0.0,0.0,0.0,1.0,1.0,1.0,1.0,0.0,1.0,0.0,1.0,1.0,1.0,0.0,1.0,0.0,0.0,0.0,1.0,0.0,1.0,0.0,1.0,1.0,1.0,1.0,1.0,1.0,0.0,1.0,0.0,0.0,1.0,0.0,0.0,18.0,18.0,0.0,0.0,1.0,0.0,1.0,0.0,0.0,1.0,1.0,1.0,0.0,1.0,1.0,0.0,0.0,2.0,0.0,1.0,0.0,0.0,2.0,4.0,5.0,0.0,3.0,30.0,2.0,20.0,1.0,1.0,49.0,1.0,0.0,0.0,0.0,0.0,0.0,1.0,0.0,0.0,0.0,0.0,1.0,0.0,0.0,0.0,1.0,1.0,0.0,0.0,0.0,0.0,0.0,1.0,0.0,0.0,0.0,0.0,0.0,0.0,0.0,0.0,0.0,0.0,1.0,0.0,0.0,0.0,0.0,0.0,0.0,29.0,30.0,85.0,5.0,2.0,9.0,0.0,7.0,76.0,68.0,8.0,0.0,1.0,0.0,5.0,155.0,1.0,159.0,64.0,96.0,132.0,25.0,3.0,71.0,75.0,14.0,0.0,124.0,36.0,0.0,11.0,94.0,48.0,7.0,0.0,22.0,35.0,54.0,31.0,18.0,146.0,8.0,5.0,1.0,0.0,132.0,20.0,8.0,5.0,32.0,21.0,28.0,57.0,9.0,8.0,145.0,15.0,115.0,45.0,79.0,68.0,13.0,4.0,25.0,25.0,19.0,50.0,12.0,25.0,143.0,17.0,97.0,63.0,49.0,78.0,33.0,156.0,4.0,141.0,19.0,139.0,21.0,154.0,6.0,105.0,55.0,58.0,87.0,15.0,119.0,37.0,4.0,14.0,46.0,31.0,64.0,5.0,55.0,60.0,16.0,11.0,18.0,11.0,149.0,69.0,82.0,7.0,2.0,141.0,5.0,14.0,128.0,29.0,3.0,158.0,2.0,0.0,12.0,148.0,128.0,32.0,73.0,66.0,9.0,12.0,111.0,36.0,13.0,94.0,51.0,15.0,143.0,5.0,12.0,108.0,33.0,5.0,14.0,67.0,93.0,76.0,72.0,10.0,2.0,148.0,9.0,3.0,104.0,53.0,3.0,95.0,60.0,5.0,124.0,32.0,4.0,146.0,10.0,2.0,2.0,29.0,91.0,39.0,1.0,Acima da média
669,26060124,2017,1,2,2603,26008,26,2611705,261170505,2,1,1.0,1.0,1.0,0.0,0.0,0.0,0.0,0.0,0.0,0.0,0.0,0.0,0.0,1.0,1.0,0.0,0.0,0.0,0.0,1.0,0.0,0.0,0.0,1.0,0.0,0.0,1.0,0.0,0.0,0.0,0.0,0.0,1.0,1.0,1.0,0.0,0.0,1.0,1.0,1.0,1.0,1.0,0.0,1.0,0.0,0.0,0.0,1.0,0.0,0.0,0.0,0.0,0.0,0.0,0.0,0.0,0.0,0.0,0.0,0.0,0.0,0.0,0.0,0.0,10.0,15.0,1.0,1.0,1.0,0.0,1.0,1.0,1.0,0.0,1.0,1.0,0.0,1.0,1.0,4.0,1.0,5.0,0.0,2.0,1.0,5.0,0.0,4.0,2.0,0.0,1.0,23.0,3.0,20.0,1.0,1.0,43.0,1.0,0.0,0.0,0.0,0.0,0.0,1.0,0.0,0.0,1.0,1.0,1.0,0.0,0.0,0.0,1.0,1.0,1.0,0.0,0.0,0.0,0.0,1.0,0.0,1.0,0.0,0.0,0.0,0.0,0.0,0.0,0.0,1.0,1.0,0.0,0.0,0.0,0.0,0.0,0.0,48.0,4.0,59.0,5.0,1.0,9.0,0.0,9.0,72.0,36.0,6.0,1.0,0.0,2.0,10.0,116.0,4.0,122.0,86.0,40.0,83.0,41.0,2.0,78.0,43.0,5.0,1.0,105.0,20.0,1.0,9.0,73.0,37.0,6.0,0.0,12.0,30.0,47.0,25.0,12.0,121.0,3.0,1.0,1.0,0.0,116.0,8.0,2.0,6.0,40.0,30.0,13.0,17.0,9.0,11.0,112.0,14.0,90.0,36.0,92.0,33.0,1.0,16.0,36.0,19.0,22.0,14.0,4.0,15.0,89.0,37.0,60.0,66.0,86.0,31.0,9.0,124.0,2.0,119.0,7.0,110.0,16.0,122.0,4.0,95.0,31.0,45.0,67.0,14.0,86.0,36.0,4.0,34.0,34.0,23.0,26.0,9.0,40.0,31.0,12.0,16.0,27.0,26.0,100.0,35.0,69.0,20.0,2.0,117.0,1.0,8.0,84.0,36.0,6.0,118.0,7.0,1.0,14.0,112.0,103.0,23.0,91.0,31.0,2.0,2.0,108.0,14.0,4.0,66.0,56.0,4.0,104.0,18.0,4.0,115.0,5.0,1.0,5.0,85.0,41.0,90.0,32.0,2.0,2.0,123.0,1.0,2.0,99.0,25.0,2.0,93.0,30.0,3.0,94.0,30.0,2.0,118.0,6.0,0.0,2.0,4.0,39.0,70.0,13.0,Acima da média
670,26102552,2017,1,2,2604,26015,26,2611804,261180405,2,1,1.0,1.0,1.0,0.0,0.0,0.0,0.0,0.0,0.0,0.0,0.0,0.0,0.0,0.0,1.0,0.0,1.0,0.0,0.0,1.0,0.0,0.0,0.0,1.0,0.0,0.0,1.0,0.0,0.0,0.0,0.0,0.0,1.0,1.0,1.0,1.0,0.0,0.0,1.0,1.0,1.0,1.0,0.0,1.0,0.0,0.0,0.0,1.0,0.0,1.0,1.0,1.0,1.0,0.0,0.0,0.0,1.0,0.0,1.0,0.0,0.0,0.0,0.0,0.0,19.0,14.0,1.0,1.0,1.0,1.0,1.0,1.0,1.0,1.0,1.0,1.0,1.0,0.0,1.0,7.0,1.0,2.0,1.0,1.0,1.0,2.0,1.0,2.0,18.0,1.0,0.0,21.0,3.0,17.0,1.0,1.0,39.0,1.0,0.0,0.0,0.0,0.0,0.0,1.0,0.0,0.0,1.0,0.0,1.0,0.0,0.0,0.0,1.0,0.0,0.0,0.0,0.0,0.0,0.0,1.0,0.0,0.0,0.0,0.0,0.0,0.0,0.0,0.0,0.0,0.0,0.0,0.0,0.0,0.0,0.0,0.0,0.0,35.0,12.0,77.0,3.0,3.0,9.0,0.0,13.0,57.0,50.0,17.0,1.0,1.0,0.0,8.0,131.0,0.0,139.0,80.0,59.0,94.0,42.0,3.0,72.0,50.0,17.0,1.0,100.0,38.0,0.0,3.0,59.0,62.0,15.0,0.0,8.0,28.0,59.0,30.0,14.0,128.0,10.0,0.0,1.0,0.0,123.0,7.0,9.0,8.0,22.0,15.0,21.0,51.0,13.0,9.0,125.0,14.0,110.0,29.0,82.0,48.0,9.0,7.0,26.0,14.0,17.0,32.0,10.0,33.0,110.0,29.0,73.0,66.0,122.0,14.0,3.0,138.0,1.0,132.0,7.0,125.0,14.0,138.0,1.0,105.0,34.0,52.0,68.0,19.0,105.0,32.0,2.0,27.0,26.0,32.0,51.0,3.0,49.0,40.0,14.0,11.0,25.0,12.0,127.0,75.0,55.0,8.0,1.0,114.0,7.0,18.0,99.0,32.0,8.0,133.0,5.0,1.0,13.0,126.0,129.0,10.0,97.0,39.0,3.0,0.0,117.0,22.0,0.0,87.0,50.0,2.0,129.0,10.0,0.0,137.0,0.0,1.0,1.0,89.0,50.0,82.0,45.0,9.0,3.0,131.0,5.0,3.0,81.0,54.0,4.0,97.0,38.0,4.0,111.0,24.0,4.0,129.0,4.0,2.0,4.0,25.0,85.0,29.0,0.0,Média
672,26102633,2017,1,2,2604,26015,26,2611804,261180405,2,1,1.0,1.0,1.0,0.0,0.0,0.0,0.0,0.0,0.0,0.0,0.0,0.0,0.0,1.0,1.0,1.0,0.0,0.0,0.0,1.0,0.0,0.0,0.0,1.0,0.0,0.0,1.0,0.0,0.0,0.0,0.0,0.0,1.0,1.0,1.0,0.0,0.0,0.0,0.0,0.0,1.0,0.0,1.0,1.0,0.0,0.0,0.0,1.0,0.0,0.0,0.0,0.0,0.0,0.0,0.0,0.0,0.0,0.0,0.0,0.0,0.0,0.0,0.0,0.0,15.0,15.0,1.0,0.0,1.0,0.0,0.0,0.0,1.0,0.0,1.0,1.0,0.0,1.0,1.0,6.0,0.0,1.0,0.0,0.0,0.0,5.0,0.0,2.0,6.0,0.0,1.0,29.0,6.0,23.0,1.0,1.0,60.0,1.0,0.0,0.0,0.0,0.0,0.0,1.0,0.0,0.0,1.0,0.0,1.0,0.0,0.0,0.0,1.0,1.0,1.0,0.0,0.0,0.0,0.0,1.0,0.0,1.0,0.0,0.0,0.0,0.0,0.0,0.0,0.0,0.0,1.0,0.0,0.0,0.0,0.0,0.0,0.0,43.0,9.0,87.0,5.0,3.0,15.0,0.0,10.0,56.0,45.0,33.0,12.0,2.0,4.0,5.0,157.0,1.0,161.0,95.0,67.0,121.0,38.0,3.0,108.0,51.0,3.0,1.0,124.0,37.0,2.0,8.0,67.0,70.0,15.0,0.0,13.0,35.0,49.0,33.0,32.0,148.0,13.0,1.0,0.0,0.0,138.0,14.0,10.0,13.0,45.0,17.0,21.0,35.0,7.0,24.0,131.0,31.0,118.0,44.0,80.0,73.0,9.0,18.0,36.0,13.0,15.0,25.0,4.0,51.0,110.0,52.0,85.0,77.0,112.0,35.0,15.0,157.0,5.0,153.0,9.0,150.0,12.0,158.0,4.0,119.0,43.0,41.0,92.0,29.0,113.0,39.0,10.0,35.0,32.0,29.0,55.0,11.0,51.0,50.0,12.0,22.0,27.0,23.0,139.0,76.0,56.0,28.0,2.0,131.0,7.0,24.0,92.0,50.0,20.0,149.0,9.0,4.0,49.0,113.0,134.0,28.0,87.0,61.0,3.0,11.0,112.0,36.0,14.0,87.0,63.0,12.0,133.0,19.0,10.0,131.0,19.0,0.0,12.0,107.0,55.0,93.0,53.0,8.0,8.0,143.0,9.0,10.0,81.0,67.0,14.0,88.0,62.0,12.0,116.0,34.0,12.0,133.0,16.0,3.0,10.0,26.0,89.0,47.0,0.0,Abaixo da média
674,26103370,2017,1,2,2604,26015,26,2611903,261190305,2,1,1.0,1.0,1.0,0.0,0.0,0.0,0.0,0.0,0.0,0.0,1.0,0.0,0.0,1.0,1.0,0.0,1.0,0.0,0.0,1.0,0.0,0.0,0.0,1.0,0.0,0.0,1.0,0.0,0.0,0.0,0.0,0.0,1.0,1.0,1.0,0.0,1.0,0.0,0.0,0.0,1.0,1.0,0.0,1.0,0.0,0.0,0.0,1.0,0.0,1.0,0.0,0.0,0.0,0.0,0.0,0.0,0.0,0.0,0.0,0.0,0.0,0.0,0.0,0.0,7.0,7.0,1.0,0.0,0.0,1.0,1.0,0.0,1.0,0.0,1.0,1.0,0.0,1.0,1.0,2.0,0.0,0.0,1.0,1.0,0.0,1.0,0.0,1.0,4.0,0.0,1.0,21.0,3.0,18.0,1.0,1.0,43.0,1.0,0.0,0.0,0.0,0.0,0.0,1.0,0.0,0.0,1.0,1.0,1.0,0.0,0.0,0.0,1.0,1.0,1.0,0.0,0.0,0.0,0.0,1.0,0.0,0.0,0.0,0.0,0.0,0.0,0.0,0.0,0.0,1.0,1.0,1.0,0.0,0.0,0.0,0.0,0.0,12.0,11.0,37.0,1.0,0.0,12.0,0.0,1.0,20.0,24.0,14.0,9.0,4.0,1.0,3.0,70.0,0.0,73.0,45.0,28.0,58.0,15.0,0.0,55.0,18.0,0.0,0.0,61.0,12.0,0.0,4.0,36.0,29.0,4.0,0.0,7.0,16.0,19.0,10.0,21.0,68.0,4.0,0.0,0.0,1.0,60.0,12.0,1.0,6.0,21.0,16.0,4.0,13.0,5.0,8.0,59.0,14.0,56.0,17.0,34.0,36.0,3.0,4.0,23.0,11.0,5.0,10.0,1.0,19.0,60.0,13.0,54.0,19.0,40.0,24.0,9.0,71.0,2.0,67.0,6.0,61.0,12.0,71.0,2.0,48.0,25.0,26.0,39.0,8.0,56.0,16.0,1.0,23.0,13.0,8.0,12.0,17.0,19.0,19.0,10.0,8.0,17.0,17.0,56.0,47.0,21.0,5.0,0.0,67.0,0.0,6.0,36.0,24.0,13.0,62.0,8.0,3.0,16.0,57.0,65.0,8.0,41.0,25.0,1.0,6.0,59.0,7.0,7.0,41.0,26.0,6.0,61.0,5.0,7.0,54.0,10.0,1.0,8.0,48.0,25.0,37.0,31.0,3.0,2.0,64.0,5.0,4.0,40.0,27.0,6.0,51.0,17.0,5.0,55.0,14.0,4.0,54.0,14.0,1.0,4.0,12.0,36.0,22.0,3.0,Abaixo da média
675,26103745,2017,1,2,2604,26015,26,2611903,261190305,2,1,1.0,1.0,1.0,0.0,0.0,0.0,0.0,0.0,0.0,0.0,0.0,0.0,0.0,1.0,1.0,0.0,0.0,0.0,0.0,1.0,0.0,0.0,0.0,1.0,0.0,0.0,1.0,0.0,0.0,0.0,0.0,0.0,1.0,1.0,0.0,0.0,0.0,0.0,0.0,0.0,1.0,1.0,0.0,1.0,0.0,0.0,1.0,1.0,0.0,1.0,0.0,0.0,0.0,0.0,0.0,0.0,0.0,0.0,0.0,0.0,0.0,0.0,0.0,0.0,12.0,8.0,1.0,0.0,1.0,1.0,0.0,1.0,1.0,0.0,1.0,1.0,1.0,1.0,1.0,8.0,0.0,8.0,2.0,0.0,12.0,7.0,0.0,1.0,12.0,2.0,2.0,30.0,6.0,20.0,1.0,1.0,29.0,1.0,0.0,0.0,0.0,0.0,0.0,1.0,0.0,0.0,1.0,0.0,1.0,0.0,0.0,0.0,1.0,0.0,0.0,0.0,0.0,0.0,0.0,1.0,0.0,0.0,0.0,0.0,0.0,0.0,0.0,0.0,0.0,0.0,0.0,0.0,0.0,0.0,0.0,0.0,0.0,15.0,11.0,36.0,6.0,1.0,0.0,0.0,3.0,36.0,21.0,9.0,0.0,0.0,0.0,0.0,69.0,1.0,68.0,31.0,38.0,56.0,13.0,0.0,36.0,28.0,5.0,1.0,42.0,26.0,0.0,2.0,21.0,36.0,10.0,0.0,5.0,10.0,21.0,16.0,17.0,64.0,5.0,0.0,0.0,0.0,61.0,6.0,2.0,0.0,7.0,13.0,8.0,25.0,10.0,6.0,64.0,5.0,61.0,8.0,40.0,24.0,5.0,2.0,14.0,12.0,5.0,17.0,8.0,11.0,57.0,12.0,42.0,27.0,45.0,22.0,2.0,69.0,0.0,65.0,4.0,64.0,5.0,69.0,0.0,49.0,20.0,25.0,38.0,6.0,54.0,15.0,0.0,7.0,23.0,15.0,22.0,2.0,30.0,20.0,6.0,2.0,11.0,2.0,67.0,54.0,12.0,2.0,1.0,58.0,1.0,10.0,54.0,9.0,6.0,69.0,0.0,0.0,8.0,61.0,61.0,8.0,49.0,17.0,0.0,3.0,57.0,9.0,3.0,48.0,17.0,4.0,65.0,3.0,1.0,62.0,3.0,0.0,4.0,41.0,28.0,35.0,29.0,2.0,3.0,61.0,4.0,4.0,43.0,21.0,5.0,47.0,17.0,5.0,66.0,0.0,3.0,57.0,8.0,0.0,4.0,12.0,52.0,4.0,1.0,Acima da média
677,26086077,2017,1,2,2603,26012,26,2612000,261200005,2,1,1.0,1.0,1.0,0.0,0.0,0.0,0.0,0.0,0.0,0.0,0.0,0.0,0.0,1.0,1.0,0.0,0.0,0.0,0.0,1.0,0.0,0.0,0.0,0.0,1.0,0.0,1.0,0.0,0.0,1.0,0.0,0.0,1.0,1.0,1.0,1.0,1.0,0.0,0.0,0.0,1.0,1.0,1.0,1.0,0.0,0.0,0.0,1.0,0.0,1.0,1.0,1.0,1.0,1.0,1.0,1.0,1.0,0.0,0.0,0.0,0.0,0.0,0.0,0.0,11.0,9.0,1.0,0.0,1.0,0.0,1.0,0.0,1.0,1.0,1.0,1.0,0.0,1.0,1.0,8.0,0.0,1.0,0.0,1.0,0.0,1.0,5.0,5.0,6.0,0.0,2.0,16.0,2.0,16.0,1.0,0.0,37.0,1.0,1.0,0.0,0.0,0.0,0.0,1.0,0.0,0.0,0.0,0.0,1.0,0.0,0.0,1.0,1.0,1.0,0.0,0.0,0.0,0.0,0.0,1.0,0.0,0.0,0.0,0.0,1.0,0.0,0.0,0.0,0.0,0.0,1.0,0.0,0.0,0.0,0.0,0.0,0.0,32.0,4.0,31.0,4.0,1.0,6.0,0.0,4.0,46.0,16.0,6.0,3.0,1.0,2.0,3.0,75.0,2.0,76.0,58.0,20.0,58.0,20.0,0.0,59.0,18.0,1.0,0.0,71.0,7.0,0.0,2.0,48.0,24.0,4.0,1.0,5.0,16.0,29.0,18.0,9.0,76.0,2.0,0.0,0.0,0.0,72.0,5.0,1.0,4.0,33.0,16.0,5.0,13.0,2.0,5.0,68.0,10.0,55.0,23.0,51.0,24.0,3.0,10.0,34.0,14.0,7.0,3.0,0.0,10.0,58.0,20.0,33.0,45.0,61.0,14.0,3.0,78.0,0.0,72.0,6.0,65.0,13.0,77.0,1.0,57.0,21.0,41.0,33.0,4.0,60.0,16.0,2.0,18.0,30.0,17.0,10.0,3.0,28.0,20.0,3.0,4.0,23.0,5.0,73.0,39.0,26.0,13.0,0.0,76.0,0.0,2.0,54.0,15.0,9.0,77.0,1.0,0.0,7.0,71.0,72.0,6.0,56.0,20.0,1.0,1.0,73.0,4.0,1.0,64.0,13.0,1.0,74.0,4.0,0.0,74.0,2.0,0.0,2.0,37.0,41.0,39.0,32.0,5.0,2.0,69.0,7.0,2.0,39.0,37.0,2.0,51.0,25.0,2.0,56.0,20.0,2.0,63.0,12.0,1.0,2.0,38.0,36.0,4.0,0.0,Acima da média
678,26305615,2017,1,2,2603,26010,26,2612109,261210905,2,1,1.0,1.0,2.0,0.0,0.0,0.0,0.0,0.0,0.0,0.0,0.0,0.0,0.0,0.0,1.0,0.0,0.0,0.0,0.0,1.0,0.0,0.0,0.0,0.0,1.0,0.0,1.0,0.0,0.0,0.0,0.0,0.0,1.0,1.0,1.0,0.0,1.0,0.0,0.0,0.0,1.0,1.0,0.0,1.0,0.0,0.0,0.0,1.0,0.0,1.0,1.0,1.0,0.0,0.0,0.0,0.0,0.0,0.0,0.0,0.0,0.0,0.0,0.0,0.0,6.0,6.0,1.0,0.0,0.0,0.0,1.0,0.0,1.0,0.0,0.0,1.0,0.0,0.0,1.0,2.0,0.0,0.0,0.0,2.0,0.0,2.0,0.0,0.0,3.0,0.0,0.0,9.0,2.0,7.0,1.0,1.0,32.0,1.0,0.0,0.0,0.0,0.0,0.0,1.0,0.0,0.0,0.0,0.0,1.0,0.0,0.0,0.0,1.0,0.0,0.0,0.0,0.0,0.0,0.0,1.0,0.0,0.0,0.0,0.0,0.0,0.0,0.0,0.0,0.0,0.0,0.0,0.0,0.0,0.0,0.0,0.0,0.0,14.0,7.0,36.0,1.0,1.0,1.0,0.0,6.0,26.0,16.0,6.0,3.0,2.0,1.0,2.0,58.0,0.0,60.0,51.0,9.0,52.0,7.0,1.0,48.0,11.0,1.0,1.0,48.0,11.0,1.0,1.0,28.0,22.0,8.0,0.0,1.0,12.0,18.0,13.0,16.0,56.0,4.0,0.0,0.0,0.0,54.0,4.0,2.0,6.0,28.0,10.0,3.0,6.0,1.0,6.0,40.0,20.0,39.0,21.0,45.0,13.0,2.0,12.0,25.0,5.0,3.0,3.0,0.0,12.0,30.0,30.0,24.0,36.0,50.0,9.0,1.0,59.0,1.0,56.0,4.0,56.0,4.0,58.0,2.0,49.0,11.0,24.0,31.0,5.0,42.0,15.0,3.0,18.0,17.0,3.0,13.0,9.0,17.0,20.0,5.0,4.0,14.0,1.0,59.0,20.0,37.0,2.0,1.0,59.0,0.0,1.0,42.0,16.0,2.0,59.0,1.0,0.0,18.0,42.0,56.0,4.0,40.0,19.0,0.0,1.0,55.0,3.0,2.0,35.0,23.0,2.0,51.0,6.0,3.0,48.0,8.0,0.0,4.0,47.0,13.0,45.0,12.0,1.0,2.0,56.0,2.0,2.0,49.0,9.0,2.0,52.0,6.0,2.0,41.0,17.0,2.0,57.0,1.0,0.0,2.0,21.0,35.0,3.0,1.0,Acima da média
680,26011069,2017,1,2,2601,26002,26,2612208,261220805,2,1,1.0,1.0,1.0,0.0,0.0,0.0,0.0,0.0,0.0,0.0,0.0,0.0,0.0,1.0,1.0,0.0,0.0,0.0,0.0,1.0,0.0,0.0,0.0,1.0,0.0,0.0,1.0,0.0,0.0,0.0,0.0,0.0,1.0,1.0,1.0,1.0,1.0,0.0,1.0,1.0,1.0,1.0,0.0,1.0,0.0,0.0,0.0,1.0,0.0,1.0,1.0,1.0,0.0,1.0,1.0,1.0,1.0,1.0,0.0,0.0,0.0,0.0,0.0,0.0,15.0,12.0,1.0,0.0,0.0,0.0,1.0,0.0,1.0,0.0,0.0,1.0,0.0,1.0,1.0,4.0,0.0,0.0,0.0,1.0,0.0,2.0,0.0,0.0,6.0,0.0,2.0,12.0,3.0,9.0,1.0,1.0,33.0,1.0,0.0,0.0,0.0,0.0,0.0,1.0,0.0,0.0,0.0,0.0,1.0,0.0,0.0,0.0,1.0,0.0,0.0,0.0,0.0,0.0,0.0,1.0,0.0,0.0,0.0,0.0,0.0,0.0,0.0,0.0,0.0,0.0,0.0,0.0,0.0,0.0,0.0,0.0,0.0,14.0,12.0,84.0,4.0,3.0,5.0,0.0,11.0,78.0,28.0,5.0,0.0,0.0,0.0,1.0,121.0,1.0,121.0,67.0,55.0,52.0,58.0,12.0,34.0,70.0,18.0,0.0,65.0,57.0,1.0,5.0,51.0,52.0,13.0,0.0,10.0,30.0,46.0,24.0,12.0,111.0,8.0,2.0,1.0,0.0,106.0,6.0,10.0,0.0,9.0,8.0,20.0,38.0,40.0,7.0,118.0,4.0,113.0,9.0,83.0,35.0,4.0,2.0,18.0,20.0,13.0,28.0,19.0,22.0,116.0,6.0,91.0,31.0,104.0,14.0,4.0,122.0,0.0,115.0,7.0,101.0,21.0,121.0,1.0,93.0,29.0,39.0,63.0,20.0,91.0,29.0,2.0,14.0,45.0,24.0,33.0,6.0,49.0,31.0,8.0,4.0,30.0,3.0,119.0,39.0,76.0,7.0,0.0,107.0,2.0,13.0,107.0,12.0,3.0,118.0,4.0,0.0,15.0,107.0,106.0,16.0,91.0,26.0,0.0,5.0,97.0,23.0,2.0,70.0,47.0,5.0,113.0,8.0,1.0,110.0,10.0,0.0,2.0,67.0,55.0,71.0,40.0,3.0,8.0,109.0,7.0,6.0,77.0,39.0,6.0,85.0,29.0,8.0,104.0,13.0,5.0,106.0,10.0,0.0,6.0,35.0,72.0,15.0,0.0,Acima da média
681,26011344,2017,1,2,2601,26002,26,2612208,261220805,2,1,1.0,1.0,1.0,0.0,0.0,0.0,0.0,0.0,0.0,0.0,0.0,0.0,0.0,1.0,1.0,0.0,0.0,0.0,0.0,1.0,0.0,0.0,0.0,1.0,0.0,0.0,1.0,0.0,0.0,0.0,0.0,0.0,1.0,1.0,1.0,1.0,0.0,0.0,1.0,1.0,1.0,1.0,0.0,1.0,0.0,0.0,0.0,1.0,0.0,0.0,0.0,0.0,1.0,0.0,0.0,1.0,0.0,0.0,0.0,0.0,0.0,0.0,0.0,0.0,10.0,10.0,1.0,0.0,1.0,1.0,1.0,1.0,1.0,0.0,1.0,1.0,0.0,1.0,1.0,4.0,0.0,2.0,1.0,2.0,1.0,4.0,0.0,3.0,3.0,0.0,3.0,25.0,4.0,21.0,1.0,1.0,36.0,1.0,1.0,0.0,0.0,0.0,0.0,1.0,0.0,0.0,0.0,0.0,1.0,0.0,0.0,0.0,1.0,0.0,0.0,0.0,0.0,0.0,0.0,1.0,0.0,0.0,0.0,0.0,0.0,0.0,0.0,0.0,0.0,0.0,0.0,0.0,0.0,0.0,0.0,0.0,0.0,20.0,21.0,53.0,4.0,3.0,1.0,0.0,7.0,51.0,28.0,14.0,1.0,1.0,0.0,4.0,98.0,2.0,100.0,52.0,50.0,62.0,40.0,0.0,43.0,49.0,10.0,0.0,70.0,32.0,0.0,6.0,48.0,43.0,5.0,0.0,10.0,20.0,31.0,23.0,18.0,95.0,5.0,1.0,0.0,1.0,89.0,8.0,5.0,3.0,13.0,14.0,12.0,46.0,9.0,5.0,97.0,5.0,86.0,16.0,57.0,38.0,7.0,2.0,13.0,13.0,17.0,31.0,9.0,17.0,94.0,8.0,69.0,33.0,53.0,45.0,4.0,101.0,1.0,99.0,3.0,89.0,13.0,101.0,1.0,75.0,27.0,37.0,55.0,10.0,69.0,30.0,3.0,12.0,29.0,17.0,39.0,5.0,34.0,37.0,10.0,6.0,15.0,6.0,96.0,34.0,56.0,11.0,1.0,94.0,2.0,6.0,73.0,24.0,5.0,95.0,7.0,0.0,19.0,83.0,91.0,11.0,70.0,30.0,1.0,1.0,84.0,11.0,7.0,65.0,31.0,6.0,91.0,8.0,3.0,83.0,16.0,0.0,3.0,56.0,46.0,60.0,36.0,5.0,1.0,93.0,6.0,3.0,72.0,26.0,4.0,76.0,24.0,2.0,87.0,13.0,2.0,91.0,10.0,0.0,1.0,27.0,60.0,15.0,0.0,Acima da média
682,26011352,2017,1,2,2601,26002,26,2612208,261220805,2,1,1.0,1.0,1.0,0.0,0.0,0.0,0.0,0.0,0.0,0.0,0.0,0.0,0.0,1.0,1.0,0.0,0.0,0.0,0.0,1.0,0.0,0.0,0.0,1.0,0.0,0.0,1.0,0.0,0.0,0.0,0.0,0.0,1.0,1.0,1.0,0.0,1.0,0.0,1.0,1.0,1.0,1.0,0.0,1.0,0.0,0.0,0.0,1.0,0.0,0.0,0.0,1.0,0.0,0.0,1.0,1.0,0.0,1.0,1.0,0.0,0.0,0.0,0.0,0.0,8.0,8.0,1.0,1.0,1.0,1.0,0.0,1.0,1.0,1.0,1.0,1.0,1.0,1.0,1.0,3.0,1.0,3.0,1.0,0.0,1.0,2.0,2.0,3.0,4.0,1.0,1.0,25.0,3.0,22.0,1.0,1.0,32.0,1.0,1.0,1.0,0.0,0.0,0.0,1.0,0.0,0.0,0.0,0.0,1.0,0.0,0.0,0.0,1.0,0.0,0.0,0.0,0.0,0.0,1.0,1.0,0.0,0.0,0.0,0.0,0.0,0.0,0.0,0.0,0.0,0.0,0.0,0.0,0.0,0.0,0.0,0.0,0.0,3.0,5.0,20.0,0.0,2.0,3.0,0.0,1.0,6.0,21.0,3.0,1.0,1.0,0.0,0.0,33.0,1.0,32.0,18.0,15.0,18.0,12.0,3.0,24.0,9.0,0.0,0.0,29.0,4.0,0.0,1.0,20.0,9.0,3.0,0.0,2.0,7.0,7.0,11.0,6.0,29.0,2.0,1.0,1.0,0.0,28.0,5.0,0.0,1.0,11.0,2.0,5.0,9.0,2.0,3.0,31.0,2.0,29.0,4.0,17.0,13.0,3.0,1.0,6.0,9.0,2.0,5.0,3.0,7.0,27.0,6.0,23.0,10.0,18.0,12.0,3.0,32.0,1.0,32.0,1.0,32.0,1.0,33.0,0.0,30.0,3.0,4.0,24.0,5.0,20.0,12.0,1.0,8.0,11.0,4.0,8.0,2.0,14.0,9.0,4.0,3.0,3.0,3.0,30.0,8.0,20.0,4.0,1.0,29.0,0.0,4.0,21.0,9.0,3.0,31.0,2.0,0.0,19.0,14.0,28.0,5.0,19.0,13.0,0.0,1.0,24.0,8.0,1.0,15.0,17.0,1.0,28.0,5.0,0.0,28.0,4.0,0.0,1.0,22.0,11.0,20.0,13.0,0.0,0.0,30.0,3.0,0.0,19.0,13.0,1.0,27.0,5.0,1.0,23.0,10.0,0.0,29.0,3.0,1.0,0.0,3.0,16.0,14.0,0.0,Abaixo da média
683,26011611,2017,1,2,2601,26002,26,2612208,261220805,2,1,1.0,1.0,1.0,0.0,0.0,0.0,0.0,0.0,0.0,0.0,0.0,0.0,0.0,1.0,1.0,0.0,0.0,0.0,0.0,1.0,0.0,0.0,0.0,0.0,1.0,0.0,1.0,0.0,0.0,0.0,0.0,0.0,1.0,1.0,1.0,1.0,1.0,1.0,0.0,1.0,1.0,1.0,0.0,1.0,0.0,0.0,0.0,1.0,0.0,1.0,0.0,1.0,0.0,0.0,0.0,0.0,1.0,0.0,0.0,0.0,0.0,0.0,0.0,0.0,12.0,12.0,1.0,0.0,0.0,0.0,0.0,0.0,0.0,1.0,0.0,0.0,0.0,1.0,1.0,2.0,0.0,0.0,0.0,0.0,0.0,0.0,4.0,0.0,0.0,0.0,1.0,7.0,2.0,5.0,1.0,1.0,58.0,1.0,1.0,1.0,0.0,0.0,0.0,1.0,0.0,0.0,0.0,0.0,1.0,0.0,0.0,0.0,1.0,0.0,0.0,0.0,0.0,0.0,1.0,1.0,0.0,0.0,0.0,0.0,0.0,0.0,0.0,0.0,0.0,0.0,0.0,0.0,0.0,0.0,0.0,0.0,0.0,12.0,15.0,39.0,3.0,2.0,2.0,0.0,1.0,27.0,9.0,20.0,11.0,2.0,3.0,5.0,68.0,0.0,73.0,51.0,22.0,56.0,16.0,1.0,57.0,11.0,5.0,2.0,63.0,8.0,0.0,5.0,40.0,27.0,1.0,1.0,8.0,14.0,20.0,12.0,18.0,67.0,3.0,3.0,0.0,0.0,54.0,18.0,1.0,6.0,18.0,10.0,7.0,18.0,4.0,10.0,58.0,15.0,52.0,21.0,39.0,33.0,1.0,8.0,13.0,14.0,5.0,10.0,1.0,22.0,51.0,22.0,35.0,38.0,36.0,29.0,8.0,71.0,2.0,69.0,4.0,67.0,6.0,70.0,3.0,55.0,18.0,19.0,42.0,12.0,45.0,25.0,3.0,16.0,27.0,8.0,19.0,3.0,20.0,24.0,8.0,4.0,17.0,9.0,64.0,19.0,35.0,17.0,2.0,71.0,2.0,0.0,39.0,15.0,19.0,61.0,10.0,2.0,36.0,37.0,62.0,11.0,53.0,19.0,0.0,1.0,63.0,8.0,2.0,46.0,24.0,3.0,62.0,9.0,2.0,62.0,10.0,0.0,1.0,58.0,15.0,52.0,19.0,1.0,1.0,68.0,3.0,2.0,55.0,16.0,2.0,50.0,22.0,1.0,54.0,16.0,3.0,62.0,10.0,0.0,1.0,13.0,39.0,21.0,0.0,Abaixo da média
685,26011883,2017,1,2,2601,26002,26,2612208,261220805,2,1,1.0,1.0,1.0,0.0,0.0,0.0,0.0,0.0,0.0,0.0,0.0,0.0,0.0,1.0,1.0,0.0,0.0,0.0,0.0,1.0,0.0,0.0,0.0,1.0,0.0,0.0,1.0,0.0,0.0,0.0,0.0,0.0,1.0,1.0,1.0,1.0,1.0,1.0,0.0,1.0,1.0,1.0,0.0,1.0,0.0,0.0,0.0,1.0,0.0,1.0,1.0,1.0,0.0,1.0,1.0,0.0,0.0,1.0,1.0,0.0,0.0,1.0,0.0,0.0,11.0,11.0,1.0,0.0,1.0,0.0,1.0,0.0,1.0,1.0,1.0,1.0,1.0,1.0,1.0,8.0,0.0,5.0,0.0,1.0,0.0,6.0,1.0,1.0,11.0,1.0,3.0,26.0,11.0,15.0,1.0,1.0,48.0,1.0,1.0,1.0,0.0,0.0,0.0,1.0,0.0,0.0,1.0,0.0,1.0,0.0,0.0,0.0,1.0,0.0,0.0,0.0,0.0,0.0,1.0,1.0,0.0,0.0,0.0,0.0,0.0,0.0,0.0,0.0,0.0,0.0,0.0,0.0,0.0,0.0,0.0,0.0,0.0,10.0,7.0,46.0,4.0,1.0,6.0,0.0,4.0,36.0,22.0,9.0,2.0,1.0,0.0,1.0,73.0,1.0,73.0,39.0,35.0,41.0,28.0,5.0,34.0,22.0,18.0,0.0,51.0,23.0,2.0,6.0,41.0,22.0,3.0,0.0,6.0,13.0,30.0,13.0,12.0,70.0,3.0,0.0,0.0,1.0,66.0,4.0,4.0,1.0,11.0,12.0,8.0,26.0,11.0,5.0,72.0,2.0,66.0,8.0,48.0,23.0,3.0,1.0,13.0,10.0,8.0,20.0,6.0,16.0,69.0,5.0,50.0,24.0,56.0,16.0,2.0,73.0,1.0,73.0,1.0,68.0,6.0,74.0,0.0,57.0,17.0,15.0,44.0,15.0,38.0,28.0,8.0,14.0,16.0,16.0,25.0,3.0,22.0,16.0,9.0,5.0,22.0,11.0,63.0,21.0,42.0,11.0,0.0,65.0,1.0,8.0,50.0,16.0,8.0,69.0,2.0,3.0,28.0,46.0,59.0,15.0,39.0,27.0,4.0,4.0,57.0,13.0,4.0,33.0,36.0,5.0,64.0,5.0,5.0,58.0,12.0,1.0,3.0,43.0,31.0,39.0,31.0,3.0,1.0,64.0,7.0,3.0,53.0,18.0,3.0,43.0,28.0,3.0,60.0,12.0,2.0,55.0,15.0,2.0,2.0,6.0,37.0,30.0,1.0,Abaixo da média
686,26012081,2017,1,2,2601,26002,26,2612208,261220815,2,2,1.0,1.0,3.0,0.0,0.0,0.0,0.0,0.0,0.0,0.0,0.0,0.0,0.0,0.0,1.0,0.0,0.0,0.0,0.0,1.0,0.0,0.0,0.0,1.0,0.0,0.0,1.0,0.0,0.0,0.0,0.0,0.0,1.0,1.0,1.0,0.0,1.0,0.0,0.0,0.0,1.0,1.0,0.0,1.0,0.0,0.0,0.0,1.0,0.0,0.0,0.0,0.0,0.0,0.0,0.0,0.0,0.0,0.0,0.0,0.0,0.0,0.0,0.0,0.0,10.0,10.0,1.0,0.0,1.0,1.0,0.0,0.0,1.0,1.0,1.0,1.0,0.0,1.0,1.0,2.0,0.0,3.0,1.0,0.0,0.0,3.0,2.0,2.0,2.0,0.0,3.0,15.0,2.0,8.0,1.0,0.0,31.0,1.0,1.0,1.0,0.0,0.0,0.0,1.0,0.0,0.0,0.0,1.0,1.0,0.0,0.0,0.0,1.0,1.0,1.0,0.0,0.0,0.0,1.0,1.0,0.0,0.0,0.0,0.0,0.0,0.0,0.0,0.0,0.0,1.0,0.0,1.0,0.0,0.0,0.0,0.0,0.0,3.0,2.0,11.0,1.0,0.0,3.0,0.0,0.0,9.0,5.0,5.0,1.0,0.0,0.0,1.0,19.0,1.0,19.0,17.0,3.0,16.0,4.0,0.0,15.0,4.0,1.0,0.0,18.0,2.0,0.0,2.0,12.0,4.0,2.0,0.0,1.0,3.0,9.0,2.0,5.0,16.0,4.0,0.0,0.0,0.0,16.0,3.0,1.0,1.0,3.0,3.0,1.0,11.0,0.0,1.0,18.0,2.0,17.0,3.0,14.0,6.0,0.0,2.0,9.0,4.0,3.0,0.0,0.0,2.0,15.0,5.0,13.0,7.0,17.0,2.0,1.0,19.0,1.0,17.0,3.0,14.0,6.0,20.0,0.0,14.0,6.0,4.0,13.0,3.0,14.0,5.0,1.0,5.0,7.0,1.0,7.0,0.0,6.0,3.0,1.0,3.0,7.0,4.0,16.0,10.0,6.0,2.0,2.0,20.0,0.0,0.0,9.0,8.0,3.0,19.0,1.0,0.0,7.0,13.0,14.0,6.0,13.0,6.0,0.0,1.0,18.0,2.0,0.0,12.0,8.0,0.0,19.0,1.0,0.0,20.0,0.0,0.0,0.0,12.0,8.0,13.0,6.0,0.0,1.0,19.0,0.0,1.0,13.0,5.0,2.0,15.0,4.0,1.0,17.0,2.0,1.0,18.0,1.0,0.0,1.0,5.0,12.0,3.0,0.0,Média
687,26175509,2017,1,2,2601,26002,26,2612208,261220810,2,2,1.0,1.0,1.0,0.0,0.0,0.0,0.0,0.0,0.0,0.0,0.0,0.0,0.0,1.0,1.0,0.0,0.0,0.0,0.0,1.0,0.0,0.0,0.0,0.0,1.0,0.0,1.0,0.0,0.0,0.0,0.0,0.0,1.0,1.0,0.0,0.0,0.0,0.0,0.0,0.0,1.0,0.0,1.0,1.0,0.0,0.0,0.0,1.0,0.0,1.0,1.0,1.0,1.0,0.0,1.0,1.0,0.0,1.0,0.0,0.0,0.0,0.0,0.0,0.0,6.0,6.0,0.0,0.0,0.0,0.0,0.0,0.0,1.0,0.0,0.0,1.0,0.0,1.0,1.0,0.0,0.0,0.0,0.0,0.0,0.0,4.0,0.0,0.0,1.0,0.0,2.0,1.0,1.0,0.0,1.0,0.0,16.0,1.0,0.0,0.0,3.0,1.0,0.0,0.0,0.0,0.0,0.0,0.0,1.0,0.0,0.0,0.0,1.0,0.0,0.0,0.0,0.0,0.0,0.0,1.0,0.0,0.0,0.0,0.0,0.0,0.0,0.0,0.0,0.0,0.0,0.0,0.0,0.0,0.0,0.0,0.0,0.0,0.0,17.0,4.0,0.0,8.0,5.0,0.0,0.0,9.0,7.0,7.0,3.0,1.0,7.0,6.0,28.0,2.0,32.0,29.0,5.0,26.0,6.0,2.0,28.0,5.0,1.0,5.0,26.0,3.0,1.0,4.0,19.0,7.0,3.0,0.0,2.0,4.0,12.0,5.0,11.0,30.0,2.0,1.0,0.0,1.0,26.0,7.0,1.0,1.0,15.0,0.0,2.0,12.0,1.0,3.0,28.0,6.0,26.0,8.0,15.0,18.0,1.0,1.0,14.0,3.0,1.0,5.0,2.0,8.0,25.0,9.0,24.0,10.0,19.0,10.0,5.0,31.0,3.0,32.0,2.0,32.0,2.0,32.0,2.0,29.0,5.0,10.0,23.0,1.0,17.0,14.0,3.0,12.0,7.0,2.0,9.0,4.0,14.0,8.0,0.0,7.0,5.0,8.0,26.0,6.0,22.0,5.0,1.0,33.0,1.0,0.0,19.0,12.0,3.0,23.0,7.0,4.0,14.0,20.0,33.0,1.0,22.0,10.0,0.0,2.0,30.0,2.0,2.0,27.0,6.0,1.0,30.0,2.0,2.0,26.0,7.0,0.0,1.0,19.0,15.0,14.0,17.0,2.0,1.0,33.0,1.0,0.0,28.0,4.0,2.0,31.0,1.0,2.0,29.0,5.0,0.0,28.0,5.0,0.0,1.0,9.0,21.0,4.0,0.0,Abaixo da média
688,26179806,2017,1,2,2601,26002,26,2612208,261220805,2,1,1.0,1.0,1.0,0.0,0.0,0.0,0.0,0.0,0.0,0.0,0.0,0.0,0.0,1.0,1.0,0.0,0.0,0.0,0.0,1.0,0.0,0.0,0.0,0.0,1.0,0.0,1.0,0.0,0.0,0.0,0.0,0.0,1.0,1.0,1.0,1.0,1.0,0.0,0.0,0.0,1.0,1.0,0.0,1.0,0.0,0.0,0.0,1.0,0.0,1.0,1.0,1.0,1.0,1.0,1.0,0.0,0.0,1.0,0.0,0.0,0.0,1.0,0.0,0.0,16.0,14.0,1.0,1.0,1.0,0.0,1.0,0.0,1.0,1.0,1.0,1.0,1.0,1.0,1.0,7.0,1.0,4.0,0.0,2.0,0.0,5.0,2.0,4.0,17.0,1.0,2.0,30.0,3.0,27.0,1.0,1.0,34.0,1.0,0.0,0.0,0.0,0.0,0.0,1.0,0.0,0.0,0.0,0.0,1.0,0.0,0.0,0.0,1.0,0.0,0.0,0.0,0.0,0.0,0.0,1.0,0.0,0.0,0.0,0.0,0.0,0.0,0.0,0.0,0.0,0.0,0.0,0.0,0.0,0.0,0.0,0.0,0.0,32.0,12.0,91.0,6.0,2.0,5.0,0.0,15.0,109.0,19.0,4.0,1.0,0.0,0.0,1.0,147.0,2.0,146.0,59.0,89.0,61.0,73.0,14.0,32.0,80.0,36.0,1.0,71.0,76.0,2.0,3.0,58.0,60.0,25.0,0.0,7.0,35.0,55.0,39.0,12.0,133.0,14.0,1.0,0.0,0.0,130.0,9.0,9.0,2.0,10.0,7.0,13.0,66.0,46.0,4.0,144.0,4.0,128.0,20.0,82.0,56.0,10.0,2.0,12.0,27.0,17.0,48.0,22.0,20.0,142.0,6.0,94.0,54.0,111.0,31.0,6.0,146.0,2.0,136.0,12.0,126.0,22.0,148.0,0.0,105.0,43.0,51.0,78.0,19.0,108.0,36.0,4.0,12.0,48.0,28.0,57.0,3.0,60.0,29.0,6.0,7.0,46.0,3.0,145.0,65.0,77.0,6.0,0.0,132.0,4.0,12.0,131.0,15.0,2.0,146.0,2.0,0.0,21.0,127.0,115.0,33.0,85.0,42.0,7.0,14.0,115.0,21.0,12.0,85.0,49.0,14.0,132.0,5.0,11.0,103.0,25.0,6.0,14.0,108.0,40.0,93.0,46.0,2.0,7.0,137.0,3.0,8.0,86.0,52.0,10.0,111.0,30.0,7.0,130.0,10.0,8.0,112.0,28.0,1.0,7.0,10.0,71.0,46.0,21.0,Acima da média
690,26080516,2017,1,2,2603,26011,26,2612307,261230705,2,1,1.0,1.0,1.0,0.0,0.0,0.0,0.0,0.0,0.0,0.0,0.0,0.0,0.0,1.0,1.0,0.0,1.0,0.0,0.0,1.0,0.0,0.0,0.0,1.0,0.0,0.0,1.0,0.0,0.0,0.0,0.0,0.0,1.0,0.0,1.0,0.0,0.0,0.0,0.0,0.0,1.0,1.0,0.0,1.0,0.0,0.0,0.0,0.0,0.0,0.0,0.0,0.0,0.0,0.0,0.0,0.0,0.0,0.0,0.0,0.0,0.0,0.0,0.0,0.0,11.0,15.0,0.0,0.0,0.0,0.0,0.0,0.0,0.0,0.0,0.0,0.0,0.0,0.0,1.0,0.0,0.0,0.0,0.0,0.0,0.0,0.0,0.0,0.0,0.0,0.0,0.0,10.0,1.0,8.0,1.0,0.0,38.0,1.0,0.0,0.0,0.0,0.0,0.0,1.0,0.0,0.0,0.0,0.0,1.0,0.0,0.0,0.0,1.0,1.0,0.0,0.0,0.0,0.0,0.0,1.0,0.0,0.0,0.0,0.0,0.0,0.0,0.0,0.0,0.0,0.0,1.0,0.0,0.0,0.0,0.0,0.0,0.0,26.0,10.0,65.0,11.0,4.0,8.0,0.0,8.0,33.0,44.0,28.0,7.0,1.0,3.0,3.0,121.0,2.0,122.0,86.0,38.0,99.0,23.0,2.0,92.0,29.0,3.0,0.0,105.0,19.0,0.0,1.0,51.0,61.0,11.0,0.0,8.0,26.0,39.0,37.0,14.0,118.0,4.0,1.0,1.0,0.0,111.0,11.0,2.0,3.0,51.0,27.0,12.0,13.0,8.0,10.0,99.0,25.0,76.0,48.0,87.0,35.0,2.0,12.0,44.0,28.0,10.0,9.0,2.0,19.0,77.0,47.0,50.0,74.0,59.0,52.0,13.0,120.0,4.0,112.0,12.0,102.0,22.0,120.0,4.0,82.0,42.0,53.0,58.0,13.0,94.0,28.0,2.0,39.0,37.0,22.0,21.0,5.0,39.0,31.0,7.0,18.0,29.0,11.0,113.0,18.0,83.0,20.0,3.0,119.0,0.0,5.0,82.0,34.0,8.0,109.0,14.0,1.0,23.0,101.0,106.0,18.0,81.0,37.0,5.0,1.0,105.0,14.0,5.0,67.0,54.0,3.0,100.0,21.0,3.0,111.0,9.0,0.0,4.0,82.0,42.0,89.0,31.0,4.0,0.0,120.0,3.0,1.0,81.0,41.0,2.0,76.0,48.0,0.0,85.0,39.0,0.0,120.0,4.0,0.0,0.0,7.0,56.0,59.0,2.0,Abaixo da média
691,26061023,2017,1,2,2603,26008,26,2612406,261240605,2,1,1.0,1.0,1.0,0.0,0.0,0.0,0.0,0.0,0.0,0.0,0.0,0.0,0.0,1.0,1.0,0.0,0.0,0.0,0.0,1.0,0.0,0.0,0.0,1.0,0.0,0.0,1.0,0.0,0.0,0.0,0.0,0.0,1.0,1.0,1.0,1.0,0.0,0.0,1.0,1.0,1.0,1.0,0.0,1.0,0.0,0.0,0.0,1.0,0.0,0.0,0.0,1.0,0.0,0.0,0.0,0.0,0.0,1.0,0.0,0.0,0.0,0.0,0.0,0.0,12.0,12.0,1.0,0.0,1.0,0.0,1.0,1.0,1.0,1.0,1.0,1.0,1.0,1.0,1.0,5.0,0.0,2.0,0.0,1.0,1.0,2.0,2.0,1.0,2.0,1.0,2.0,17.0,6.0,11.0,1.0,1.0,34.0,1.0,0.0,0.0,0.0,0.0,0.0,1.0,0.0,0.0,0.0,0.0,1.0,0.0,0.0,0.0,1.0,0.0,0.0,0.0,0.0,0.0,0.0,1.0,0.0,0.0,0.0,0.0,0.0,0.0,0.0,0.0,0.0,0.0,0.0,0.0,0.0,0.0,0.0,0.0,0.0,34.0,9.0,87.0,8.0,4.0,8.0,0.0,6.0,99.0,32.0,12.0,1.0,0.0,0.0,2.0,148.0,2.0,148.0,93.0,57.0,103.0,39.0,8.0,83.0,61.0,6.0,0.0,120.0,30.0,0.0,1.0,58.0,82.0,9.0,0.0,20.0,32.0,50.0,34.0,14.0,138.0,11.0,0.0,1.0,0.0,130.0,15.0,5.0,4.0,37.0,31.0,11.0,33.0,17.0,17.0,133.0,17.0,121.0,29.0,82.0,59.0,9.0,12.0,39.0,27.0,17.0,20.0,2.0,33.0,110.0,40.0,79.0,71.0,125.0,20.0,5.0,150.0,0.0,141.0,9.0,136.0,14.0,150.0,0.0,118.0,32.0,42.0,89.0,19.0,99.0,45.0,6.0,23.0,38.0,28.0,53.0,8.0,45.0,43.0,20.0,13.0,29.0,14.0,136.0,108.0,35.0,7.0,0.0,138.0,4.0,8.0,109.0,35.0,6.0,149.0,0.0,1.0,36.0,114.0,128.0,22.0,94.0,53.0,1.0,2.0,116.0,31.0,3.0,82.0,63.0,5.0,136.0,13.0,1.0,143.0,6.0,0.0,1.0,91.0,59.0,102.0,46.0,2.0,0.0,143.0,7.0,0.0,99.0,49.0,2.0,108.0,41.0,1.0,121.0,29.0,0.0,146.0,4.0,0.0,0.0,13.0,74.0,62.0,1.0,Acima da média
692,26061112,2017,1,2,2603,26008,26,2612406,261240605,2,1,1.0,1.0,2.0,0.0,0.0,0.0,0.0,0.0,0.0,0.0,0.0,0.0,0.0,1.0,1.0,0.0,0.0,0.0,0.0,1.0,0.0,0.0,0.0,1.0,1.0,0.0,1.0,0.0,0.0,0.0,0.0,1.0,1.0,1.0,1.0,0.0,1.0,0.0,0.0,0.0,1.0,1.0,0.0,1.0,0.0,0.0,0.0,1.0,0.0,0.0,0.0,0.0,0.0,0.0,0.0,0.0,0.0,0.0,0.0,0.0,0.0,0.0,0.0,0.0,11.0,11.0,1.0,0.0,1.0,1.0,1.0,1.0,1.0,0.0,1.0,1.0,1.0,1.0,1.0,8.0,0.0,6.0,1.0,1.0,14.0,7.0,0.0,1.0,4.0,1.0,4.0,23.0,3.0,18.0,1.0,1.0,73.0,1.0,0.0,1.0,0.0,0.0,0.0,1.0,0.0,0.0,0.0,0.0,1.0,0.0,0.0,1.0,1.0,1.0,1.0,0.0,0.0,0.0,1.0,1.0,0.0,1.0,0.0,0.0,1.0,0.0,0.0,0.0,0.0,1.0,1.0,0.0,0.0,0.0,0.0,0.0,0.0,7.0,3.0,17.0,1.0,2.0,4.0,0.0,1.0,13.0,11.0,6.0,0.0,1.0,2.0,2.0,32.0,1.0,33.0,16.0,18.0,28.0,5.0,1.0,26.0,8.0,0.0,0.0,31.0,3.0,0.0,4.0,20.0,10.0,0.0,1.0,3.0,9.0,11.0,6.0,4.0,30.0,4.0,0.0,0.0,0.0,21.0,10.0,3.0,0.0,14.0,7.0,3.0,1.0,2.0,7.0,30.0,4.0,25.0,9.0,17.0,16.0,1.0,4.0,10.0,7.0,2.0,0.0,0.0,11.0,21.0,13.0,11.0,23.0,17.0,10.0,7.0,34.0,0.0,32.0,2.0,29.0,5.0,32.0,2.0,25.0,9.0,5.0,19.0,10.0,17.0,14.0,3.0,11.0,7.0,3.0,12.0,1.0,9.0,10.0,2.0,3.0,10.0,16.0,18.0,21.0,6.0,7.0,0.0,32.0,0.0,2.0,18.0,13.0,3.0,30.0,3.0,1.0,16.0,18.0,23.0,11.0,22.0,12.0,0.0,0.0,23.0,10.0,1.0,17.0,15.0,2.0,29.0,3.0,2.0,32.0,2.0,0.0,0.0,14.0,20.0,20.0,12.0,1.0,1.0,29.0,3.0,2.0,17.0,16.0,1.0,22.0,10.0,2.0,22.0,11.0,1.0,32.0,1.0,0.0,1.0,4.0,19.0,11.0,0.0,Abaixo da média
693,26154803,2017,1,2,2601,26001,26,2612455,261245505,2,1,1.0,1.0,1.0,0.0,0.0,0.0,0.0,0.0,0.0,0.0,0.0,0.0,0.0,1.0,1.0,0.0,0.0,0.0,0.0,1.0,0.0,0.0,0.0,1.0,0.0,0.0,1.0,0.0,0.0,0.0,0.0,0.0,0.0,0.0,0.0,0.0,0.0,0.0,0.0,0.0,0.0,0.0,0.0,0.0,0.0,0.0,0.0,0.0,0.0,0.0,0.0,0.0,0.0,0.0,0.0,0.0,0.0,0.0,0.0,0.0,0.0,0.0,0.0,1.0,19.0,18.0,1.0,1.0,1.0,1.0,0.0,0.0,1.0,1.0,1.0,0.0,1.0,1.0,1.0,7.0,2.0,1.0,2.0,0.0,0.0,2.0,4.0,4.0,0.0,2.0,2.0,8.0,3.0,3.0,1.0,1.0,24.0,1.0,1.0,0.0,0.0,0.0,0.0,1.0,0.0,0.0,0.0,0.0,1.0,0.0,0.0,0.0,1.0,1.0,0.0,0.0,0.0,0.0,0.0,1.0,0.0,0.0,0.0,0.0,0.0,0.0,0.0,0.0,0.0,0.0,1.0,0.0,0.0,0.0,0.0,0.0,0.0,16.0,9.0,89.0,4.0,0.0,6.0,1.0,30.0,43.0,26.0,15.0,4.0,3.0,2.0,6.0,118.0,6.0,118.0,86.0,38.0,89.0,29.0,6.0,90.0,28.0,6.0,4.0,105.0,15.0,3.0,3.0,48.0,56.0,14.0,0.0,6.0,14.0,37.0,33.0,34.0,122.0,1.0,1.0,0.0,0.0,112.0,7.0,5.0,5.0,41.0,28.0,9.0,22.0,10.0,9.0,112.0,12.0,97.0,27.0,90.0,32.0,2.0,10.0,37.0,22.0,8.0,12.0,3.0,32.0,88.0,36.0,62.0,62.0,90.0,29.0,5.0,124.0,0.0,121.0,3.0,108.0,16.0,123.0,1.0,87.0,37.0,38.0,80.0,6.0,63.0,56.0,5.0,33.0,39.0,12.0,30.0,10.0,32.0,40.0,16.0,21.0,15.0,13.0,111.0,30.0,58.0,32.0,4.0,124.0,0.0,0.0,83.0,29.0,12.0,123.0,1.0,0.0,24.0,100.0,87.0,37.0,55.0,66.0,2.0,1.0,105.0,17.0,2.0,73.0,49.0,2.0,92.0,28.0,4.0,95.0,25.0,2.0,2.0,95.0,29.0,66.0,52.0,5.0,1.0,121.0,3.0,0.0,94.0,30.0,0.0,86.0,37.0,1.0,69.0,49.0,6.0,106.0,17.0,0.0,1.0,31.0,82.0,11.0,0.0,Abaixo da média
695,26133985,2017,1,2,2601,26003,26,2612471,261247105,2,1,1.0,1.0,1.0,0.0,0.0,0.0,0.0,0.0,0.0,0.0,0.0,0.0,0.0,1.0,1.0,0.0,0.0,0.0,0.0,1.0,0.0,0.0,0.0,1.0,0.0,0.0,1.0,0.0,0.0,0.0,0.0,0.0,1.0,1.0,0.0,0.0,0.0,0.0,0.0,0.0,1.0,1.0,0.0,1.0,0.0,0.0,0.0,1.0,0.0,1.0,1.0,1.0,1.0,1.0,0.0,1.0,0.0,0.0,1.0,0.0,0.0,0.0,0.0,0.0,8.0,7.0,1.0,0.0,0.0,0.0,1.0,1.0,1.0,1.0,1.0,1.0,0.0,0.0,1.0,1.0,0.0,0.0,0.0,2.0,1.0,2.0,3.0,2.0,6.0,0.0,0.0,6.0,3.0,3.0,1.0,1.0,33.0,1.0,0.0,0.0,0.0,0.0,0.0,1.0,0.0,0.0,0.0,0.0,1.0,0.0,0.0,0.0,1.0,0.0,0.0,0.0,0.0,0.0,0.0,1.0,0.0,0.0,0.0,0.0,0.0,0.0,0.0,0.0,0.0,0.0,0.0,0.0,0.0,0.0,0.0,0.0,0.0,9.0,6.0,38.0,0.0,0.0,1.0,0.0,6.0,20.0,13.0,11.0,2.0,2.0,0.0,4.0,50.0,1.0,53.0,34.0,20.0,37.0,16.0,1.0,34.0,17.0,3.0,0.0,48.0,6.0,0.0,0.0,19.0,27.0,8.0,0.0,7.0,7.0,11.0,16.0,13.0,49.0,4.0,1.0,0.0,0.0,48.0,4.0,2.0,3.0,12.0,14.0,2.0,7.0,9.0,7.0,51.0,3.0,46.0,8.0,37.0,15.0,2.0,4.0,13.0,15.0,5.0,6.0,3.0,8.0,44.0,10.0,32.0,22.0,48.0,4.0,2.0,53.0,1.0,53.0,1.0,51.0,3.0,54.0,0.0,47.0,7.0,17.0,35.0,2.0,41.0,10.0,3.0,9.0,21.0,7.0,13.0,4.0,18.0,16.0,2.0,3.0,15.0,2.0,52.0,24.0,22.0,5.0,3.0,49.0,0.0,5.0,25.0,22.0,7.0,51.0,2.0,1.0,14.0,40.0,47.0,7.0,44.0,10.0,0.0,0.0,42.0,12.0,0.0,32.0,21.0,1.0,50.0,4.0,0.0,54.0,0.0,0.0,0.0,36.0,18.0,37.0,17.0,0.0,0.0,50.0,4.0,0.0,37.0,17.0,0.0,42.0,12.0,0.0,42.0,11.0,1.0,54.0,0.0,0.0,0.0,14.0,33.0,7.0,0.0,Acima da média
697,26063905,2017,1,2,2603,26009,26,2612505,261250505,2,1,1.0,1.0,1.0,0.0,0.0,0.0,0.0,0.0,0.0,0.0,0.0,0.0,0.0,1.0,1.0,0.0,0.0,0.0,0.0,1.0,0.0,0.0,0.0,1.0,0.0,0.0,1.0,0.0,0.0,0.0,0.0,0.0,1.0,1.0,1.0,0.0,0.0,0.0,1.0,1.0,1.0,1.0,1.0,1.0,0.0,0.0,0.0,1.0,0.0,1.0,0.0,0.0,0.0,0.0,0.0,0.0,0.0,0.0,0.0,0.0,0.0,0.0,0.0,0.0,21.0,16.0,1.0,0.0,0.0,0.0,0.0,0.0,1.0,1.0,1.0,1.0,0.0,1.0,1.0,2.0,0.0,0.0,0.0,0.0,0.0,2.0,1.0,3.0,4.0,0.0,2.0,15.0,2.0,9.0,1.0,1.0,48.0,1.0,0.0,0.0,0.0,0.0,0.0,1.0,0.0,0.0,0.0,0.0,1.0,0.0,0.0,0.0,1.0,1.0,0.0,0.0,0.0,0.0,0.0,1.0,0.0,0.0,0.0,0.0,0.0,0.0,0.0,0.0,0.0,0.0,1.0,0.0,0.0,0.0,0.0,0.0,0.0,57.0,17.0,84.0,10.0,1.0,12.0,0.0,11.0,98.0,59.0,9.0,4.0,0.0,0.0,2.0,179.0,0.0,181.0,119.0,62.0,97.0,78.0,6.0,67.0,100.0,14.0,0.0,136.0,45.0,0.0,5.0,110.0,61.0,5.0,0.0,14.0,46.0,72.0,34.0,15.0,171.0,10.0,0.0,0.0,0.0,170.0,6.0,5.0,10.0,36.0,34.0,26.0,43.0,22.0,10.0,168.0,13.0,133.0,48.0,109.0,69.0,3.0,7.0,47.0,33.0,18.0,31.0,16.0,29.0,151.0,30.0,92.0,89.0,87.0,72.0,22.0,176.0,5.0,159.0,22.0,143.0,38.0,177.0,4.0,121.0,60.0,60.0,90.0,31.0,125.0,50.0,6.0,14.0,58.0,50.0,54.0,5.0,64.0,59.0,19.0,10.0,29.0,14.0,167.0,90.0,85.0,6.0,0.0,149.0,12.0,20.0,152.0,25.0,4.0,176.0,5.0,0.0,8.0,173.0,148.0,33.0,108.0,60.0,4.0,9.0,147.0,26.0,8.0,102.0,68.0,11.0,166.0,7.0,8.0,158.0,16.0,0.0,7.0,97.0,84.0,95.0,66.0,18.0,2.0,165.0,11.0,5.0,131.0,45.0,5.0,102.0,74.0,5.0,139.0,37.0,5.0,149.0,25.0,2.0,5.0,9.0,73.0,93.0,6.0,Acima da média
699,26064006,2017,1,2,2603,26009,26,2612505,261250505,2,1,1.0,1.0,1.0,0.0,0.0,0.0,0.0,0.0,0.0,0.0,0.0,0.0,0.0,1.0,1.0,0.0,0.0,0.0,0.0,1.0,0.0,0.0,0.0,1.0,0.0,0.0,1.0,0.0,0.0,0.0,0.0,0.0,1.0,1.0,1.0,0.0,0.0,0.0,1.0,1.0,1.0,0.0,0.0,0.0,0.0,0.0,0.0,1.0,0.0,1.0,0.0,0.0,0.0,0.0,0.0,0.0,0.0,0.0,0.0,0.0,0.0,0.0,0.0,0.0,9.0,9.0,1.0,0.0,0.0,0.0,1.0,0.0,0.0,1.0,1.0,0.0,0.0,0.0,1.0,1.0,0.0,0.0,0.0,1.0,0.0,0.0,2.0,1.0,0.0,0.0,0.0,22.0,4.0,18.0,1.0,1.0,36.0,1.0,0.0,1.0,0.0,0.0,0.0,1.0,0.0,0.0,0.0,0.0,1.0,0.0,0.0,0.0,1.0,0.0,0.0,0.0,0.0,0.0,1.0,1.0,0.0,0.0,0.0,0.0,0.0,0.0,0.0,0.0,0.0,0.0,0.0,0.0,0.0,0.0,0.0,0.0,0.0,13.0,8.0,34.0,5.0,0.0,5.0,0.0,1.0,22.0,25.0,10.0,5.0,0.0,2.0,2.0,63.0,2.0,63.0,47.0,18.0,48.0,17.0,0.0,37.0,28.0,0.0,0.0,56.0,9.0,0.0,4.0,48.0,13.0,0.0,1.0,9.0,13.0,22.0,14.0,6.0,62.0,1.0,1.0,1.0,0.0,55.0,7.0,3.0,1.0,24.0,16.0,5.0,10.0,2.0,7.0,56.0,9.0,47.0,18.0,37.0,27.0,1.0,4.0,24.0,7.0,9.0,7.0,0.0,14.0,50.0,15.0,33.0,32.0,27.0,24.0,14.0,62.0,3.0,59.0,6.0,56.0,9.0,62.0,3.0,42.0,23.0,21.0,36.0,8.0,42.0,23.0,0.0,17.0,17.0,9.0,18.0,4.0,13.0,24.0,9.0,6.0,13.0,23.0,42.0,30.0,28.0,6.0,1.0,60.0,0.0,5.0,41.0,19.0,5.0,55.0,6.0,4.0,9.0,56.0,47.0,18.0,33.0,26.0,2.0,4.0,48.0,12.0,5.0,36.0,26.0,3.0,53.0,9.0,3.0,51.0,9.0,1.0,4.0,34.0,31.0,32.0,18.0,12.0,3.0,51.0,11.0,3.0,45.0,17.0,3.0,39.0,24.0,2.0,52.0,11.0,2.0,56.0,7.0,0.0,2.0,10.0,17.0,24.0,14.0,Acima da média
701,26148447,2017,1,2,2603,26009,26,2612505,261250505,2,1,1.0,1.0,1.0,0.0,0.0,1.0,1.0,0.0,0.0,0.0,1.0,0.0,0.0,0.0,1.0,0.0,0.0,0.0,0.0,1.0,0.0,0.0,0.0,1.0,1.0,0.0,1.0,1.0,0.0,0.0,0.0,0.0,1.0,1.0,1.0,0.0,1.0,0.0,1.0,1.0,1.0,1.0,0.0,1.0,0.0,0.0,0.0,1.0,0.0,0.0,0.0,0.0,0.0,0.0,0.0,0.0,0.0,0.0,0.0,0.0,0.0,0.0,0.0,0.0,22.0,22.0,0.0,0.0,0.0,0.0,0.0,0.0,0.0,0.0,0.0,0.0,0.0,0.0,1.0,0.0,0.0,0.0,0.0,0.0,0.0,0.0,0.0,0.0,0.0,0.0,0.0,18.0,5.0,13.0,1.0,1.0,122.0,1.0,1.0,0.0,0.0,0.0,0.0,1.0,0.0,0.0,1.0,0.0,1.0,0.0,0.0,0.0,1.0,1.0,0.0,0.0,0.0,0.0,1.0,1.0,0.0,0.0,0.0,0.0,0.0,0.0,0.0,0.0,0.0,1.0,1.0,0.0,0.0,0.0,0.0,0.0,0.0,37.0,12.0,103.0,6.0,3.0,10.0,0.0,3.0,46.0,56.0,31.0,14.0,6.0,15.0,9.0,162.0,4.0,167.0,109.0,62.0,119.0,46.0,6.0,106.0,60.0,5.0,3.0,151.0,17.0,5.0,15.0,111.0,33.0,7.0,3.0,23.0,41.0,60.0,16.0,28.0,154.0,7.0,8.0,1.0,1.0,132.0,37.0,2.0,11.0,44.0,36.0,29.0,19.0,3.0,29.0,145.0,26.0,130.0,41.0,84.0,79.0,8.0,24.0,52.0,29.0,10.0,9.0,0.0,47.0,114.0,57.0,80.0,91.0,56.0,67.0,48.0,164.0,7.0,146.0,25.0,139.0,32.0,165.0,6.0,105.0,66.0,32.0,95.0,44.0,115.0,47.0,9.0,39.0,54.0,19.0,44.0,15.0,41.0,52.0,12.0,20.0,46.0,66.0,105.0,60.0,89.0,18.0,4.0,144.0,3.0,24.0,106.0,44.0,21.0,130.0,34.0,7.0,32.0,139.0,121.0,50.0,74.0,70.0,12.0,15.0,117.0,41.0,13.0,87.0,68.0,16.0,133.0,26.0,12.0,120.0,33.0,5.0,13.0,104.0,67.0,72.0,71.0,16.0,12.0,136.0,22.0,13.0,108.0,49.0,14.0,80.0,76.0,15.0,116.0,39.0,16.0,123.0,29.0,6.0,13.0,4.0,49.0,108.0,10.0,Abaixo da média
703,26169029,2017,1,2,2601,26001,26,2612554,261255405,2,1,1.0,1.0,2.0,0.0,0.0,0.0,0.0,0.0,0.0,0.0,1.0,1.0,0.0,1.0,1.0,0.0,1.0,0.0,0.0,1.0,0.0,0.0,0.0,1.0,0.0,0.0,1.0,0.0,0.0,0.0,0.0,0.0,1.0,1.0,1.0,0.0,0.0,0.0,0.0,0.0,1.0,1.0,0.0,1.0,0.0,0.0,1.0,0.0,0.0,0.0,0.0,1.0,1.0,0.0,0.0,0.0,0.0,0.0,0.0,0.0,0.0,0.0,0.0,0.0,4.0,4.0,1.0,1.0,1.0,0.0,1.0,0.0,1.0,0.0,1.0,1.0,0.0,1.0,1.0,4.0,2.0,3.0,0.0,1.0,0.0,3.0,0.0,4.0,17.0,0.0,1.0,14.0,4.0,10.0,1.0,1.0,36.0,1.0,0.0,0.0,0.0,0.0,0.0,1.0,0.0,0.0,0.0,0.0,1.0,0.0,0.0,0.0,1.0,0.0,0.0,0.0,0.0,0.0,0.0,1.0,0.0,0.0,0.0,0.0,0.0,0.0,0.0,0.0,0.0,0.0,0.0,0.0,0.0,0.0,0.0,0.0,0.0,31.0,8.0,81.0,2.0,3.0,6.0,0.0,11.0,58.0,34.0,22.0,3.0,0.0,3.0,16.0,115.0,8.0,123.0,80.0,51.0,106.0,25.0,0.0,102.0,26.0,3.0,9.0,111.0,11.0,1.0,12.0,48.0,56.0,14.0,1.0,13.0,20.0,38.0,30.0,29.0,125.0,6.0,0.0,0.0,0.0,108.0,21.0,2.0,12.0,34.0,28.0,10.0,25.0,9.0,13.0,113.0,18.0,98.0,33.0,96.0,32.0,3.0,20.0,39.0,27.0,4.0,14.0,2.0,25.0,100.0,31.0,74.0,57.0,110.0,18.0,3.0,127.0,4.0,125.0,6.0,119.0,12.0,130.0,1.0,120.0,11.0,47.0,70.0,14.0,74.0,50.0,7.0,36.0,37.0,10.0,31.0,17.0,38.0,40.0,19.0,23.0,11.0,13.0,118.0,25.0,63.0,40.0,3.0,129.0,1.0,1.0,82.0,38.0,11.0,123.0,7.0,1.0,29.0,102.0,96.0,35.0,88.0,40.0,1.0,2.0,116.0,12.0,3.0,80.0,46.0,5.0,100.0,26.0,5.0,101.0,23.0,5.0,2.0,91.0,40.0,77.0,45.0,3.0,6.0,125.0,2.0,4.0,94.0,33.0,4.0,97.0,30.0,4.0,79.0,47.0,5.0,90.0,32.0,3.0,6.0,15.0,51.0,19.0,46.0,Abaixo da média
704,26037599,2017,1,2,2602,26005,26,2612604,261260405,2,1,1.0,1.0,1.0,0.0,0.0,0.0,0.0,0.0,0.0,0.0,1.0,0.0,0.0,0.0,1.0,0.0,0.0,0.0,0.0,1.0,0.0,0.0,0.0,1.0,0.0,0.0,1.0,0.0,0.0,0.0,0.0,0.0,1.0,1.0,1.0,0.0,0.0,1.0,0.0,1.0,1.0,1.0,0.0,1.0,0.0,0.0,0.0,1.0,0.0,1.0,0.0,1.0,1.0,0.0,0.0,0.0,0.0,1.0,0.0,0.0,0.0,0.0,0.0,0.0,9.0,14.0,1.0,0.0,1.0,1.0,1.0,1.0,0.0,1.0,1.0,1.0,1.0,1.0,1.0,5.0,0.0,5.0,1.0,2.0,1.0,0.0,5.0,3.0,16.0,1.0,2.0,26.0,6.0,20.0,1.0,1.0,84.0,1.0,0.0,1.0,0.0,0.0,0.0,1.0,0.0,0.0,0.0,0.0,1.0,0.0,0.0,0.0,1.0,1.0,0.0,0.0,0.0,0.0,1.0,1.0,0.0,0.0,0.0,0.0,0.0,0.0,0.0,0.0,0.0,0.0,1.0,0.0,0.0,0.0,0.0,0.0,0.0,3.0,27.0,47.0,3.0,1.0,6.0,0.0,6.0,19.0,32.0,15.0,7.0,3.0,5.0,6.0,81.0,4.0,83.0,47.0,40.0,66.0,19.0,2.0,62.0,24.0,1.0,0.0,67.0,20.0,1.0,4.0,26.0,37.0,19.0,0.0,8.0,14.0,19.0,14.0,32.0,75.0,9.0,3.0,0.0,0.0,64.0,19.0,4.0,4.0,19.0,19.0,7.0,14.0,1.0,23.0,71.0,16.0,59.0,28.0,48.0,33.0,6.0,8.0,20.0,17.0,7.0,7.0,2.0,26.0,62.0,25.0,45.0,42.0,31.0,37.0,19.0,83.0,4.0,79.0,8.0,76.0,11.0,86.0,1.0,61.0,26.0,27.0,45.0,15.0,53.0,27.0,7.0,24.0,21.0,10.0,21.0,11.0,20.0,21.0,9.0,17.0,20.0,27.0,60.0,17.0,52.0,14.0,4.0,81.0,2.0,4.0,37.0,36.0,14.0,73.0,12.0,2.0,30.0,57.0,62.0,25.0,52.0,29.0,2.0,4.0,55.0,30.0,2.0,43.0,40.0,4.0,65.0,19.0,3.0,69.0,13.0,1.0,4.0,48.0,39.0,52.0,31.0,3.0,1.0,81.0,4.0,2.0,40.0,44.0,3.0,58.0,28.0,1.0,55.0,31.0,1.0,75.0,8.0,1.0,3.0,9.0,22.0,46.0,10.0,Abaixo da média
705,26037904,2017,1,2,2602,26005,26,2612604,261260405,2,1,1.0,1.0,1.0,0.0,0.0,0.0,0.0,0.0,0.0,0.0,1.0,0.0,0.0,1.0,1.0,0.0,0.0,0.0,0.0,1.0,0.0,0.0,0.0,1.0,0.0,0.0,1.0,0.0,0.0,0.0,0.0,0.0,1.0,1.0,1.0,0.0,1.0,0.0,0.0,0.0,1.0,1.0,0.0,1.0,0.0,0.0,0.0,1.0,0.0,1.0,0.0,1.0,0.0,0.0,1.0,1.0,0.0,1.0,1.0,0.0,0.0,0.0,0.0,0.0,14.0,14.0,1.0,0.0,0.0,0.0,1.0,1.0,1.0,1.0,1.0,1.0,1.0,1.0,1.0,1.0,0.0,0.0,0.0,1.0,1.0,3.0,4.0,1.0,6.0,1.0,2.0,34.0,8.0,26.0,1.0,1.0,60.0,1.0,1.0,1.0,0.0,0.0,0.0,1.0,0.0,0.0,1.0,0.0,1.0,0.0,0.0,0.0,1.0,1.0,1.0,0.0,0.0,0.0,1.0,1.0,0.0,1.0,0.0,0.0,0.0,0.0,0.0,0.0,0.0,1.0,1.0,0.0,0.0,0.0,0.0,0.0,0.0,9.0,22.0,60.0,0.0,0.0,5.0,1.0,8.0,30.0,20.0,16.0,9.0,7.0,5.0,13.0,83.0,3.0,93.0,56.0,40.0,71.0,21.0,4.0,73.0,20.0,3.0,0.0,82.0,14.0,0.0,2.0,39.0,40.0,15.0,1.0,6.0,15.0,17.0,23.0,34.0,89.0,5.0,1.0,1.0,0.0,70.0,22.0,4.0,7.0,19.0,19.0,19.0,17.0,6.0,9.0,81.0,15.0,78.0,18.0,54.0,38.0,4.0,16.0,22.0,14.0,10.0,8.0,3.0,23.0,67.0,29.0,52.0,44.0,46.0,37.0,13.0,94.0,2.0,93.0,3.0,87.0,9.0,91.0,5.0,73.0,23.0,35.0,52.0,9.0,68.0,22.0,6.0,28.0,37.0,6.0,20.0,5.0,33.0,26.0,10.0,14.0,13.0,16.0,80.0,12.0,62.0,19.0,3.0,92.0,0.0,4.0,43.0,30.0,23.0,74.0,12.0,10.0,29.0,67.0,85.0,11.0,71.0,22.0,0.0,3.0,80.0,15.0,1.0,72.0,23.0,1.0,84.0,11.0,1.0,81.0,14.0,0.0,1.0,74.0,22.0,65.0,31.0,0.0,0.0,95.0,0.0,1.0,73.0,23.0,0.0,74.0,21.0,1.0,65.0,31.0,0.0,91.0,5.0,0.0,0.0,20.0,54.0,11.0,11.0,Abaixo da média
706,26140144,2017,1,2,2602,26005,26,2612604,261260408,2,2,1.0,1.0,1.0,0.0,0.0,0.0,0.0,0.0,0.0,0.0,0.0,0.0,0.0,1.0,1.0,0.0,0.0,0.0,0.0,1.0,0.0,0.0,0.0,0.0,1.0,0.0,0.0,1.0,1.0,0.0,0.0,0.0,1.0,1.0,1.0,0.0,0.0,1.0,0.0,1.0,0.0,0.0,0.0,0.0,0.0,0.0,0.0,1.0,0.0,0.0,0.0,0.0,0.0,0.0,0.0,0.0,0.0,0.0,0.0,0.0,0.0,0.0,0.0,0.0,9.0,15.0,1.0,0.0,1.0,1.0,0.0,1.0,1.0,0.0,1.0,1.0,0.0,1.0,1.0,9.0,0.0,2.0,1.0,0.0,4.0,6.0,0.0,5.0,6.0,0.0,2.0,15.0,3.0,10.0,1.0,0.0,28.0,1.0,0.0,0.0,0.0,0.0,0.0,1.0,0.0,0.0,1.0,0.0,1.0,0.0,0.0,0.0,1.0,0.0,0.0,0.0,0.0,0.0,1.0,1.0,0.0,0.0,0.0,0.0,0.0,0.0,0.0,0.0,0.0,0.0,0.0,0.0,0.0,0.0,0.0,0.0,0.0,16.0,28.0,87.0,3.0,0.0,7.0,0.0,11.0,42.0,32.0,20.0,14.0,8.0,14.0,21.0,120.0,9.0,132.0,87.0,54.0,98.0,39.0,4.0,109.0,30.0,2.0,3.0,119.0,19.0,2.0,11.0,62.0,54.0,12.0,0.0,12.0,17.0,45.0,31.0,36.0,134.0,7.0,0.0,0.0,0.0,117.0,21.0,3.0,9.0,31.0,21.0,13.0,37.0,11.0,19.0,112.0,29.0,107.0,34.0,93.0,44.0,4.0,16.0,41.0,20.0,12.0,16.0,4.0,32.0,94.0,47.0,82.0,59.0,81.0,46.0,14.0,137.0,4.0,128.0,13.0,123.0,18.0,133.0,8.0,111.0,30.0,49.0,81.0,11.0,98.0,40.0,3.0,49.0,33.0,10.0,34.0,15.0,40.0,40.0,17.0,22.0,22.0,33.0,108.0,20.0,97.0,23.0,1.0,135.0,1.0,5.0,77.0,44.0,20.0,116.0,17.0,8.0,52.0,89.0,123.0,18.0,100.0,36.0,3.0,2.0,115.0,21.0,5.0,88.0,44.0,9.0,124.0,14.0,3.0,131.0,8.0,1.0,1.0,100.0,41.0,93.0,44.0,4.0,0.0,132.0,6.0,3.0,95.0,43.0,3.0,98.0,42.0,1.0,102.0,36.0,3.0,129.0,10.0,2.0,0.0,15.0,59.0,61.0,6.0,Abaixo da média
709,26064294,2017,1,2,2603,26009,26,2612703,261270305,2,1,1.0,1.0,1.0,0.0,0.0,0.0,0.0,0.0,0.0,0.0,0.0,0.0,0.0,1.0,1.0,0.0,1.0,0.0,0.0,1.0,0.0,0.0,0.0,1.0,0.0,0.0,1.0,0.0,0.0,0.0,0.0,0.0,1.0,1.0,1.0,1.0,1.0,1.0,0.0,1.0,1.0,1.0,0.0,1.0,0.0,0.0,0.0,1.0,0.0,1.0,0.0,1.0,0.0,0.0,1.0,1.0,0.0,1.0,1.0,0.0,0.0,0.0,0.0,0.0,8.0,8.0,1.0,0.0,1.0,1.0,1.0,1.0,1.0,1.0,1.0,1.0,0.0,1.0,1.0,2.0,0.0,1.0,1.0,1.0,1.0,2.0,2.0,1.0,1.0,0.0,1.0,16.0,4.0,12.0,1.0,1.0,23.0,1.0,0.0,0.0,0.0,0.0,0.0,1.0,0.0,0.0,0.0,0.0,1.0,0.0,0.0,0.0,1.0,0.0,0.0,0.0,0.0,0.0,0.0,1.0,0.0,0.0,0.0,0.0,0.0,0.0,0.0,0.0,0.0,0.0,0.0,0.0,0.0,0.0,0.0,0.0,0.0,21.0,2.0,28.0,2.0,0.0,3.0,0.0,6.0,33.0,10.0,6.0,1.0,0.0,0.0,0.0,56.0,1.0,55.0,36.0,20.0,39.0,15.0,2.0,31.0,20.0,5.0,0.0,44.0,12.0,0.0,2.0,31.0,20.0,3.0,0.0,4.0,9.0,21.0,11.0,11.0,54.0,1.0,0.0,0.0,1.0,50.0,4.0,2.0,4.0,22.0,8.0,6.0,10.0,6.0,0.0,50.0,6.0,37.0,19.0,41.0,14.0,1.0,5.0,20.0,13.0,6.0,4.0,1.0,7.0,41.0,15.0,22.0,34.0,31.0,19.0,6.0,54.0,2.0,49.0,7.0,43.0,13.0,56.0,0.0,30.0,26.0,17.0,34.0,5.0,40.0,16.0,0.0,13.0,14.0,12.0,14.0,3.0,19.0,21.0,3.0,6.0,7.0,8.0,48.0,17.0,33.0,5.0,1.0,51.0,1.0,4.0,38.0,14.0,4.0,56.0,0.0,0.0,15.0,41.0,49.0,7.0,35.0,19.0,1.0,1.0,43.0,13.0,0.0,36.0,19.0,1.0,56.0,0.0,0.0,48.0,7.0,0.0,1.0,32.0,24.0,28.0,25.0,3.0,0.0,52.0,4.0,0.0,38.0,18.0,0.0,33.0,23.0,0.0,50.0,6.0,0.0,55.0,1.0,0.0,0.0,8.0,38.0,10.0,0.0,Acima da média
710,26019493,2017,1,2,2601,26003,26,2612802,261280205,2,1,1.0,1.0,1.0,0.0,0.0,0.0,0.0,0.0,0.0,0.0,0.0,0.0,0.0,1.0,1.0,0.0,0.0,0.0,0.0,1.0,0.0,0.0,0.0,1.0,0.0,0.0,1.0,0.0,0.0,0.0,0.0,0.0,1.0,1.0,1.0,1.0,0.0,0.0,0.0,0.0,1.0,1.0,1.0,1.0,0.0,0.0,0.0,1.0,0.0,0.0,0.0,1.0,0.0,1.0,0.0,1.0,1.0,0.0,1.0,0.0,0.0,0.0,0.0,0.0,15.0,15.0,0.0,0.0,0.0,0.0,0.0,0.0,1.0,1.0,1.0,1.0,0.0,1.0,1.0,0.0,0.0,0.0,0.0,0.0,0.0,1.0,2.0,5.0,6.0,0.0,2.0,13.0,2.0,13.0,1.0,1.0,56.0,1.0,0.0,0.0,0.0,0.0,0.0,1.0,0.0,0.0,0.0,1.0,1.0,0.0,0.0,0.0,1.0,1.0,0.0,0.0,0.0,0.0,0.0,1.0,0.0,0.0,0.0,0.0,0.0,0.0,0.0,0.0,0.0,0.0,1.0,0.0,0.0,0.0,0.0,0.0,0.0,17.0,6.0,54.0,5.0,1.0,2.0,0.0,11.0,45.0,20.0,8.0,1.0,0.0,0.0,0.0,85.0,1.0,84.0,56.0,29.0,62.0,22.0,1.0,44.0,32.0,9.0,1.0,71.0,13.0,0.0,1.0,36.0,41.0,7.0,0.0,8.0,16.0,29.0,17.0,15.0,78.0,7.0,0.0,0.0,0.0,80.0,2.0,3.0,2.0,18.0,19.0,9.0,13.0,17.0,7.0,76.0,9.0,66.0,19.0,55.0,26.0,4.0,3.0,21.0,15.0,9.0,17.0,5.0,15.0,71.0,14.0,43.0,42.0,67.0,17.0,1.0,84.0,1.0,82.0,3.0,72.0,13.0,85.0,0.0,64.0,21.0,32.0,47.0,6.0,56.0,22.0,7.0,6.0,29.0,19.0,29.0,2.0,29.0,26.0,8.0,6.0,16.0,4.0,81.0,52.0,22.0,11.0,0.0,84.0,0.0,1.0,58.0,21.0,6.0,83.0,2.0,0.0,10.0,75.0,67.0,18.0,54.0,24.0,1.0,6.0,76.0,5.0,4.0,47.0,30.0,8.0,73.0,8.0,4.0,76.0,5.0,0.0,4.0,68.0,17.0,56.0,21.0,4.0,4.0,80.0,0.0,5.0,73.0,7.0,5.0,59.0,20.0,6.0,65.0,15.0,5.0,75.0,5.0,0.0,5.0,32.0,45.0,8.0,0.0,Acima da média
712,26061643,2017,1,2,2603,26008,26,2613008,261300805,2,1,1.0,1.0,1.0,0.0,0.0,0.0,0.0,0.0,0.0,0.0,0.0,0.0,0.0,1.0,1.0,0.0,0.0,0.0,0.0,1.0,0.0,0.0,0.0,1.0,0.0,0.0,1.0,0.0,0.0,0.0,0.0,0.0,1.0,1.0,1.0,1.0,1.0,1.0,0.0,1.0,1.0,1.0,1.0,1.0,0.0,0.0,0.0,1.0,0.0,1.0,1.0,1.0,1.0,1.0,1.0,1.0,1.0,0.0,1.0,0.0,0.0,1.0,0.0,0.0,15.0,12.0,0.0,0.0,0.0,0.0,0.0,0.0,1.0,0.0,0.0,0.0,0.0,0.0,1.0,0.0,0.0,0.0,0.0,0.0,0.0,6.0,0.0,0.0,0.0,0.0,0.0,16.0,8.0,8.0,1.0,1.0,40.0,1.0,0.0,0.0,0.0,0.0,0.0,1.0,0.0,0.0,0.0,0.0,1.0,0.0,0.0,0.0,1.0,0.0,0.0,0.0,0.0,0.0,0.0,1.0,0.0,0.0,0.0,0.0,0.0,0.0,0.0,0.0,0.0,0.0,0.0,0.0,0.0,0.0,0.0,0.0,0.0,39.0,5.0,97.0,5.0,0.0,2.0,0.0,3.0,41.0,80.0,14.0,7.0,3.0,0.0,7.0,141.0,2.0,146.0,112.0,36.0,107.0,38.0,3.0,101.0,44.0,3.0,1.0,126.0,21.0,1.0,6.0,68.0,63.0,10.0,2.0,20.0,19.0,40.0,34.0,33.0,133.0,11.0,3.0,0.0,1.0,125.0,18.0,5.0,8.0,41.0,29.0,18.0,25.0,13.0,14.0,122.0,26.0,108.0,40.0,86.0,55.0,7.0,13.0,42.0,27.0,17.0,16.0,5.0,28.0,104.0,44.0,77.0,71.0,70.0,66.0,12.0,144.0,4.0,136.0,12.0,128.0,20.0,145.0,3.0,111.0,37.0,46.0,81.0,21.0,102.0,41.0,5.0,22.0,40.0,25.0,54.0,7.0,38.0,40.0,23.0,21.0,26.0,18.0,130.0,30.0,78.0,38.0,2.0,139.0,2.0,7.0,98.0,36.0,14.0,142.0,4.0,2.0,28.0,120.0,121.0,27.0,88.0,56.0,2.0,2.0,119.0,25.0,4.0,80.0,64.0,4.0,136.0,10.0,2.0,130.0,13.0,3.0,2.0,88.0,60.0,91.0,51.0,4.0,2.0,134.0,13.0,1.0,100.0,47.0,1.0,106.0,42.0,0.0,126.0,22.0,0.0,136.0,11.0,1.0,0.0,23.0,57.0,68.0,0.0,Abaixo da média
715,26366614,2017,1,2,2603,26008,26,2613008,261300805,2,1,1.0,1.0,1.0,0.0,0.0,0.0,0.0,0.0,0.0,0.0,0.0,0.0,0.0,1.0,1.0,0.0,0.0,0.0,0.0,1.0,0.0,0.0,0.0,1.0,0.0,0.0,1.0,0.0,0.0,0.0,0.0,0.0,1.0,1.0,1.0,0.0,0.0,0.0,1.0,1.0,1.0,1.0,0.0,1.0,0.0,0.0,0.0,1.0,0.0,1.0,0.0,0.0,0.0,0.0,0.0,0.0,0.0,0.0,0.0,0.0,0.0,0.0,0.0,0.0,12.0,9.0,0.0,0.0,0.0,0.0,0.0,0.0,0.0,0.0,0.0,0.0,0.0,0.0,1.0,0.0,0.0,0.0,0.0,0.0,0.0,0.0,0.0,0.0,0.0,0.0,0.0,31.0,4.0,27.0,1.0,1.0,31.0,1.0,0.0,0.0,0.0,0.0,0.0,1.0,0.0,0.0,1.0,0.0,1.0,0.0,0.0,0.0,1.0,0.0,0.0,0.0,0.0,0.0,0.0,1.0,0.0,0.0,0.0,0.0,0.0,0.0,0.0,0.0,0.0,0.0,0.0,0.0,0.0,0.0,0.0,0.0,0.0,26.0,2.0,47.0,4.0,2.0,5.0,0.0,3.0,45.0,33.0,4.0,0.0,1.0,0.0,1.0,85.0,1.0,85.0,51.0,35.0,46.0,34.0,6.0,45.0,36.0,5.0,0.0,73.0,13.0,0.0,4.0,38.0,38.0,6.0,0.0,12.0,20.0,23.0,21.0,10.0,78.0,8.0,0.0,0.0,0.0,77.0,7.0,2.0,2.0,13.0,17.0,6.0,24.0,19.0,5.0,81.0,5.0,74.0,12.0,56.0,28.0,2.0,3.0,20.0,18.0,13.0,16.0,3.0,13.0,70.0,16.0,51.0,35.0,53.0,27.0,6.0,85.0,1.0,76.0,10.0,72.0,14.0,86.0,0.0,69.0,17.0,20.0,50.0,16.0,60.0,23.0,3.0,8.0,19.0,27.0,29.0,3.0,23.0,25.0,10.0,8.0,20.0,5.0,81.0,22.0,58.0,6.0,0.0,77.0,2.0,7.0,73.0,10.0,3.0,84.0,2.0,0.0,7.0,79.0,59.0,27.0,51.0,23.0,1.0,11.0,60.0,16.0,10.0,33.0,42.0,11.0,67.0,10.0,9.0,61.0,13.0,2.0,10.0,51.0,35.0,61.0,22.0,2.0,1.0,81.0,2.0,3.0,58.0,22.0,6.0,54.0,27.0,5.0,64.0,19.0,3.0,63.0,15.0,6.0,2.0,8.0,44.0,34.0,0.0,Acima da média
716,26062410,2017,1,2,2603,26008,26,2613107,261310705,2,1,1.0,1.0,1.0,0.0,0.0,0.0,0.0,0.0,0.0,0.0,0.0,0.0,0.0,1.0,1.0,0.0,0.0,0.0,0.0,1.0,0.0,0.0,0.0,0.0,1.0,0.0,1.0,0.0,0.0,0.0,0.0,0.0,1.0,1.0,0.0,1.0,0.0,1.0,0.0,1.0,1.0,1.0,0.0,1.0,0.0,0.0,0.0,1.0,0.0,1.0,0.0,1.0,0.0,1.0,0.0,0.0,1.0,1.0,1.0,0.0,0.0,0.0,0.0,0.0,18.0,18.0,1.0,0.0,0.0,0.0,0.0,1.0,1.0,1.0,1.0,1.0,0.0,1.0,1.0,1.0,0.0,0.0,0.0,0.0,1.0,2.0,2.0,4.0,7.0,0.0,1.0,3.0,3.0,0.0,1.0,1.0,50.0,1.0,0.0,0.0,0.0,0.0,0.0,1.0,0.0,0.0,1.0,0.0,1.0,0.0,0.0,0.0,1.0,1.0,0.0,0.0,0.0,0.0,0.0,1.0,0.0,0.0,0.0,0.0,0.0,0.0,0.0,0.0,0.0,0.0,1.0,0.0,0.0,0.0,0.0,0.0,0.0,42.0,7.0,74.0,12.0,2.0,8.0,0.0,16.0,90.0,30.0,9.0,0.0,0.0,0.0,6.0,139.0,1.0,144.0,103.0,42.0,108.0,31.0,6.0,75.0,65.0,5.0,0.0,113.0,32.0,2.0,4.0,73.0,61.0,5.0,0.0,19.0,35.0,51.0,22.0,18.0,133.0,11.0,1.0,0.0,0.0,125.0,8.0,12.0,7.0,29.0,28.0,24.0,34.0,13.0,10.0,129.0,16.0,109.0,36.0,84.0,52.0,9.0,14.0,30.0,26.0,16.0,27.0,4.0,28.0,111.0,34.0,67.0,78.0,101.0,38.0,6.0,144.0,1.0,135.0,10.0,122.0,23.0,144.0,1.0,102.0,43.0,40.0,96.0,9.0,106.0,36.0,3.0,31.0,46.0,34.0,27.0,7.0,62.0,37.0,4.0,6.0,36.0,8.0,137.0,61.0,72.0,10.0,2.0,129.0,5.0,11.0,132.0,11.0,2.0,143.0,2.0,0.0,15.0,130.0,120.0,25.0,103.0,41.0,1.0,0.0,130.0,15.0,0.0,83.0,62.0,0.0,139.0,6.0,0.0,124.0,20.0,1.0,0.0,113.0,32.0,105.0,38.0,2.0,0.0,140.0,5.0,0.0,113.0,32.0,0.0,104.0,40.0,1.0,133.0,12.0,0.0,143.0,2.0,0.0,0.0,42.0,91.0,12.0,0.0,Acima da média
717,26062585,2017,1,2,2603,26008,26,2613107,261310705,2,1,1.0,1.0,1.0,0.0,0.0,0.0,0.0,0.0,0.0,0.0,0.0,0.0,1.0,1.0,1.0,0.0,0.0,0.0,0.0,1.0,0.0,0.0,0.0,1.0,0.0,0.0,1.0,0.0,0.0,0.0,0.0,0.0,1.0,1.0,1.0,0.0,1.0,0.0,0.0,0.0,1.0,1.0,0.0,1.0,0.0,0.0,0.0,0.0,0.0,0.0,1.0,1.0,0.0,1.0,1.0,1.0,0.0,0.0,1.0,0.0,0.0,0.0,0.0,0.0,9.0,7.0,0.0,0.0,0.0,0.0,1.0,1.0,1.0,1.0,1.0,1.0,0.0,1.0,1.0,0.0,0.0,0.0,0.0,1.0,3.0,5.0,1.0,5.0,9.0,0.0,2.0,20.0,2.0,18.0,1.0,1.0,49.0,1.0,0.0,0.0,0.0,0.0,0.0,1.0,0.0,0.0,0.0,0.0,1.0,0.0,0.0,0.0,1.0,0.0,0.0,0.0,0.0,0.0,0.0,1.0,0.0,0.0,0.0,0.0,0.0,0.0,0.0,0.0,0.0,0.0,0.0,0.0,0.0,0.0,0.0,0.0,0.0,72.0,19.0,101.0,14.0,11.0,33.0,0.0,23.0,105.0,77.0,26.0,6.0,5.0,8.0,9.0,241.0,7.0,243.0,158.0,92.0,187.0,58.0,5.0,183.0,59.0,8.0,9.0,205.0,36.0,3.0,8.0,128.0,96.0,15.0,0.0,35.0,46.0,74.0,49.0,46.0,224.0,18.0,4.0,3.0,1.0,208.0,34.0,8.0,23.0,79.0,58.0,20.0,29.0,7.0,34.0,188.0,62.0,173.0,77.0,164.0,78.0,8.0,36.0,76.0,45.0,13.0,13.0,4.0,63.0,146.0,104.0,109.0,141.0,131.0,83.0,36.0,244.0,6.0,224.0,26.0,213.0,37.0,242.0,8.0,154.0,96.0,80.0,132.0,38.0,172.0,65.0,13.0,74.0,60.0,32.0,62.0,22.0,63.0,79.0,26.0,30.0,52.0,55.0,195.0,49.0,164.0,31.0,6.0,225.0,4.0,21.0,173.0,59.0,18.0,221.0,22.0,7.0,69.0,181.0,189.0,61.0,155.0,81.0,6.0,8.0,195.0,44.0,11.0,123.0,118.0,9.0,213.0,29.0,8.0,201.0,34.0,6.0,9.0,166.0,84.0,160.0,67.0,13.0,10.0,228.0,13.0,9.0,148.0,90.0,12.0,156.0,84.0,10.0,185.0,55.0,10.0,209.0,31.0,2.0,8.0,34.0,107.0,97.0,12.0,Abaixo da média
719,26081059,2017,1,2,2603,26011,26,2613206,261320605,2,1,1.0,1.0,1.0,0.0,0.0,0.0,0.0,0.0,0.0,0.0,0.0,0.0,0.0,1.0,1.0,0.0,1.0,0.0,0.0,1.0,0.0,0.0,0.0,1.0,1.0,0.0,1.0,0.0,0.0,0.0,0.0,0.0,1.0,1.0,1.0,1.0,1.0,0.0,1.0,1.0,1.0,1.0,0.0,1.0,0.0,0.0,0.0,1.0,0.0,1.0,1.0,1.0,1.0,0.0,1.0,1.0,0.0,1.0,0.0,0.0,0.0,1.0,0.0,0.0,13.0,13.0,0.0,0.0,0.0,0.0,0.0,0.0,0.0,0.0,0.0,0.0,0.0,0.0,1.0,0.0,0.0,0.0,0.0,0.0,0.0,0.0,0.0,0.0,0.0,0.0,0.0,13.0,3.0,10.0,1.0,1.0,38.0,1.0,0.0,0.0,0.0,0.0,0.0,1.0,0.0,0.0,0.0,0.0,1.0,0.0,0.0,0.0,1.0,1.0,0.0,0.0,0.0,0.0,0.0,1.0,0.0,0.0,0.0,0.0,0.0,0.0,0.0,0.0,0.0,0.0,1.0,0.0,0.0,0.0,0.0,0.0,0.0,24.0,14.0,97.0,7.0,1.0,2.0,0.0,9.0,56.0,34.0,19.0,14.0,7.0,6.0,6.0,139.0,5.0,140.0,96.0,49.0,104.0,36.0,5.0,110.0,33.0,2.0,2.0,110.0,33.0,0.0,5.0,58.0,71.0,11.0,1.0,13.0,43.0,45.0,18.0,25.0,136.0,9.0,0.0,0.0,0.0,118.0,20.0,7.0,11.0,48.0,33.0,19.0,14.0,10.0,10.0,111.0,34.0,95.0,50.0,89.0,51.0,5.0,23.0,47.0,21.0,12.0,19.0,1.0,22.0,88.0,57.0,54.0,91.0,61.0,60.0,24.0,138.0,7.0,123.0,22.0,124.0,21.0,141.0,4.0,95.0,50.0,38.0,91.0,16.0,94.0,39.0,12.0,38.0,42.0,16.0,43.0,6.0,39.0,46.0,17.0,16.0,27.0,22.0,123.0,17.0,94.0,33.0,1.0,140.0,1.0,4.0,70.0,47.0,28.0,126.0,14.0,5.0,52.0,93.0,133.0,12.0,80.0,55.0,8.0,2.0,124.0,16.0,5.0,66.0,72.0,7.0,112.0,27.0,6.0,127.0,12.0,1.0,5.0,114.0,31.0,92.0,44.0,9.0,0.0,133.0,10.0,2.0,117.0,26.0,2.0,92.0,53.0,0.0,104.0,40.0,1.0,138.0,5.0,2.0,0.0,7.0,58.0,75.0,5.0,Abaixo da média
720,26086638,2017,1,2,2603,26012,26,2613305,261330505,2,1,1.0,1.0,1.0,0.0,0.0,0.0,0.0,0.0,0.0,0.0,0.0,0.0,0.0,1.0,1.0,0.0,0.0,0.0,0.0,1.0,0.0,0.0,0.0,1.0,0.0,0.0,1.0,0.0,0.0,0.0,0.0,0.0,1.0,1.0,1.0,1.0,0.0,0.0,0.0,0.0,1.0,1.0,0.0,1.0,0.0,0.0,0.0,1.0,0.0,1.0,1.0,1.0,1.0,0.0,0.0,1.0,0.0,0.0,0.0,0.0,0.0,0.0,0.0,0.0,9.0,9.0,1.0,0.0,1.0,0.0,1.0,1.0,1.0,1.0,1.0,1.0,0.0,1.0,1.0,6.0,0.0,5.0,0.0,3.0,2.0,6.0,3.0,7.0,7.0,0.0,1.0,23.0,6.0,17.0,1.0,0.0,56.0,1.0,0.0,0.0,0.0,0.0,0.0,1.0,0.0,0.0,0.0,0.0,1.0,0.0,0.0,0.0,1.0,1.0,0.0,0.0,0.0,0.0,0.0,1.0,0.0,0.0,0.0,0.0,0.0,0.0,0.0,0.0,0.0,1.0,1.0,0.0,0.0,0.0,0.0,0.0,0.0,45.0,5.0,81.0,12.0,3.0,4.0,0.0,3.0,57.0,58.0,18.0,8.0,1.0,5.0,4.0,146.0,3.0,147.0,110.0,40.0,123.0,25.0,2.0,110.0,38.0,2.0,0.0,124.0,26.0,0.0,7.0,76.0,61.0,6.0,2.0,19.0,24.0,44.0,38.0,23.0,142.0,4.0,4.0,0.0,0.0,127.0,17.0,6.0,14.0,66.0,21.0,9.0,18.0,5.0,17.0,103.0,47.0,94.0,56.0,88.0,54.0,8.0,25.0,57.0,24.0,5.0,10.0,2.0,27.0,96.0,54.0,74.0,76.0,91.0,48.0,11.0,146.0,4.0,141.0,9.0,138.0,12.0,141.0,9.0,109.0,41.0,52.0,74.0,24.0,94.0,50.0,6.0,48.0,29.0,20.0,32.0,21.0,47.0,38.0,20.0,14.0,31.0,16.0,134.0,22.0,81.0,42.0,5.0,143.0,0.0,7.0,85.0,54.0,11.0,136.0,9.0,5.0,43.0,107.0,125.0,25.0,102.0,44.0,3.0,1.0,121.0,25.0,4.0,77.0,68.0,5.0,132.0,14.0,4.0,140.0,8.0,0.0,2.0,105.0,45.0,93.0,50.0,6.0,1.0,134.0,15.0,1.0,108.0,40.0,2.0,116.0,33.0,1.0,111.0,37.0,2.0,146.0,3.0,0.0,1.0,54.0,73.0,23.0,0.0,Abaixo da média
721,26104229,2017,1,2,2604,26015,26,2613404,261340405,2,1,1.0,1.0,1.0,0.0,0.0,0.0,0.0,0.0,0.0,0.0,0.0,0.0,0.0,1.0,1.0,0.0,0.0,0.0,0.0,1.0,0.0,0.0,0.0,0.0,1.0,0.0,1.0,0.0,0.0,0.0,0.0,0.0,1.0,1.0,1.0,1.0,1.0,1.0,0.0,1.0,1.0,1.0,0.0,1.0,0.0,0.0,1.0,1.0,0.0,1.0,0.0,1.0,0.0,0.0,0.0,0.0,0.0,1.0,0.0,0.0,0.0,1.0,0.0,0.0,10.0,10.0,1.0,0.0,1.0,0.0,1.0,0.0,1.0,1.0,1.0,1.0,1.0,1.0,1.0,6.0,0.0,1.0,0.0,1.0,0.0,2.0,3.0,2.0,4.0,1.0,2.0,23.0,3.0,20.0,1.0,1.0,36.0,1.0,0.0,0.0,0.0,0.0,0.0,1.0,0.0,0.0,0.0,0.0,1.0,0.0,0.0,0.0,1.0,1.0,0.0,0.0,0.0,0.0,0.0,1.0,0.0,0.0,0.0,0.0,0.0,0.0,0.0,0.0,0.0,0.0,1.0,0.0,0.0,0.0,0.0,0.0,0.0,22.0,13.0,63.0,3.0,0.0,2.0,1.0,19.0,51.0,29.0,3.0,0.0,0.0,0.0,0.0,103.0,1.0,102.0,43.0,60.0,64.0,35.0,4.0,54.0,43.0,6.0,0.0,63.0,40.0,0.0,6.0,42.0,51.0,4.0,0.0,8.0,30.0,38.0,19.0,8.0,99.0,3.0,1.0,0.0,0.0,85.0,13.0,5.0,2.0,13.0,19.0,16.0,37.0,12.0,4.0,97.0,6.0,87.0,16.0,63.0,35.0,5.0,2.0,14.0,24.0,12.0,28.0,8.0,15.0,92.0,11.0,67.0,36.0,86.0,15.0,2.0,102.0,1.0,99.0,4.0,97.0,6.0,102.0,1.0,90.0,13.0,46.0,49.0,8.0,76.0,23.0,4.0,18.0,28.0,25.0,25.0,7.0,49.0,27.0,4.0,4.0,19.0,4.0,99.0,53.0,43.0,6.0,1.0,90.0,3.0,10.0,84.0,17.0,2.0,100.0,3.0,0.0,5.0,98.0,96.0,7.0,72.0,30.0,0.0,1.0,87.0,14.0,2.0,60.0,40.0,3.0,95.0,4.0,4.0,87.0,11.0,2.0,3.0,59.0,44.0,52.0,40.0,9.0,2.0,93.0,7.0,3.0,80.0,20.0,3.0,65.0,35.0,3.0,85.0,15.0,3.0,86.0,11.0,3.0,3.0,49.0,47.0,7.0,0.0,Acima da média
722,26104245,2017,1,2,2604,26015,26,2613404,261340405,2,1,1.0,1.0,1.0,0.0,0.0,0.0,0.0,0.0,0.0,0.0,0.0,0.0,0.0,1.0,1.0,0.0,0.0,0.0,0.0,1.0,0.0,0.0,0.0,0.0,1.0,0.0,1.0,0.0,0.0,0.0,0.0,0.0,1.0,1.0,1.0,1.0,0.0,0.0,0.0,0.0,1.0,0.0,1.0,1.0,0.0,0.0,0.0,1.0,0.0,1.0,0.0,0.0,0.0,0.0,0.0,0.0,0.0,0.0,0.0,0.0,0.0,0.0,0.0,0.0,10.0,10.0,1.0,0.0,1.0,0.0,1.0,1.0,1.0,1.0,1.0,1.0,0.0,1.0,1.0,2.0,0.0,1.0,0.0,1.0,1.0,1.0,1.0,1.0,10.0,0.0,1.0,9.0,3.0,5.0,1.0,0.0,36.0,1.0,0.0,0.0,0.0,0.0,0.0,1.0,0.0,0.0,1.0,0.0,1.0,0.0,0.0,0.0,1.0,1.0,0.0,0.0,0.0,0.0,0.0,1.0,0.0,0.0,0.0,0.0,0.0,0.0,0.0,0.0,0.0,0.0,1.0,0.0,0.0,0.0,0.0,0.0,0.0,8.0,14.0,37.0,7.0,1.0,11.0,0.0,6.0,21.0,27.0,12.0,6.0,4.0,2.0,8.0,70.0,1.0,77.0,50.0,28.0,60.0,16.0,2.0,58.0,19.0,1.0,1.0,60.0,17.0,0.0,5.0,26.0,42.0,5.0,1.0,5.0,12.0,13.0,27.0,20.0,64.0,13.0,0.0,1.0,0.0,66.0,12.0,0.0,6.0,12.0,12.0,13.0,20.0,0.0,15.0,60.0,18.0,57.0,21.0,46.0,31.0,1.0,4.0,12.0,17.0,6.0,12.0,1.0,26.0,63.0,15.0,48.0,30.0,28.0,41.0,9.0,78.0,0.0,73.0,5.0,72.0,6.0,77.0,1.0,57.0,21.0,20.0,49.0,9.0,56.0,20.0,2.0,21.0,19.0,10.0,22.0,6.0,29.0,29.0,5.0,3.0,12.0,13.0,65.0,21.0,47.0,9.0,1.0,69.0,1.0,8.0,34.0,33.0,11.0,70.0,8.0,0.0,23.0,55.0,64.0,14.0,40.0,29.0,3.0,6.0,62.0,11.0,5.0,35.0,38.0,5.0,68.0,7.0,3.0,59.0,14.0,1.0,4.0,39.0,39.0,42.0,29.0,6.0,1.0,66.0,8.0,4.0,57.0,17.0,4.0,52.0,21.0,5.0,60.0,12.0,6.0,67.0,8.0,1.0,2.0,7.0,28.0,23.0,20.0,Abaixo da média
723,26182084,2017,1,2,2604,26015,26,2613404,261340405,2,2,1.0,1.0,2.0,0.0,0.0,0.0,0.0,0.0,0.0,0.0,0.0,0.0,0.0,1.0,0.0,1.0,0.0,0.0,0.0,1.0,0.0,0.0,0.0,0.0,1.0,0.0,1.0,0.0,0.0,0.0,0.0,0.0,0.0,1.0,0.0,0.0,0.0,0.0,0.0,0.0,1.0,0.0,0.0,0.0,0.0,0.0,0.0,1.0,0.0,0.0,0.0,0.0,0.0,0.0,0.0,0.0,0.0,0.0,0.0,0.0,0.0,0.0,0.0,0.0,3.0,3.0,1.0,0.0,0.0,0.0,1.0,0.0,1.0,0.0,1.0,1.0,0.0,1.0,1.0,1.0,0.0,0.0,0.0,1.0,0.0,1.0,0.0,1.0,3.0,0.0,1.0,1.0,1.0,0.0,1.0,1.0,15.0,1.0,0.0,0.0,0.0,0.0,0.0,1.0,0.0,0.0,0.0,0.0,1.0,0.0,0.0,0.0,1.0,1.0,0.0,0.0,0.0,0.0,1.0,1.0,0.0,0.0,0.0,0.0,0.0,0.0,0.0,0.0,0.0,1.0,1.0,0.0,0.0,0.0,0.0,0.0,0.0,2.0,3.0,18.0,1.0,0.0,3.0,0.0,3.0,13.0,9.0,1.0,1.0,0.0,0.0,3.0,24.0,1.0,26.0,20.0,7.0,24.0,3.0,0.0,25.0,2.0,0.0,1.0,18.0,8.0,1.0,0.0,10.0,16.0,0.0,0.0,2.0,6.0,12.0,5.0,2.0,25.0,2.0,0.0,0.0,0.0,22.0,3.0,2.0,1.0,6.0,3.0,1.0,13.0,1.0,2.0,24.0,3.0,22.0,5.0,14.0,12.0,1.0,3.0,4.0,7.0,0.0,5.0,0.0,8.0,19.0,8.0,13.0,14.0,22.0,4.0,1.0,26.0,1.0,26.0,1.0,25.0,2.0,27.0,0.0,19.0,8.0,4.0,20.0,3.0,20.0,6.0,1.0,8.0,6.0,4.0,7.0,2.0,6.0,10.0,5.0,6.0,0.0,3.0,24.0,3.0,20.0,4.0,0.0,26.0,0.0,1.0,17.0,7.0,3.0,27.0,0.0,0.0,8.0,19.0,25.0,2.0,16.0,9.0,1.0,1.0,21.0,4.0,2.0,16.0,9.0,2.0,23.0,1.0,3.0,24.0,1.0,0.0,2.0,20.0,7.0,14.0,12.0,1.0,0.0,23.0,4.0,0.0,17.0,10.0,0.0,23.0,4.0,0.0,22.0,5.0,0.0,25.0,2.0,0.0,0.0,2.0,10.0,9.0,6.0,Abaixo da média
724,26012359,2017,1,2,2601,26002,26,2613503,261350305,2,1,1.0,1.0,1.0,0.0,0.0,0.0,0.0,0.0,0.0,0.0,0.0,0.0,0.0,1.0,1.0,1.0,0.0,0.0,0.0,1.0,0.0,0.0,0.0,0.0,1.0,0.0,1.0,1.0,0.0,0.0,0.0,0.0,1.0,1.0,1.0,1.0,0.0,1.0,0.0,1.0,1.0,1.0,0.0,1.0,0.0,0.0,0.0,1.0,0.0,1.0,1.0,1.0,1.0,1.0,0.0,1.0,1.0,1.0,1.0,0.0,0.0,0.0,0.0,0.0,18.0,11.0,1.0,0.0,0.0,0.0,1.0,0.0,1.0,1.0,1.0,1.0,0.0,1.0,1.0,2.0,0.0,0.0,0.0,1.0,0.0,4.0,1.0,2.0,4.0,0.0,1.0,12.0,4.0,8.0,1.0,1.0,32.0,1.0,0.0,0.0,0.0,0.0,0.0,1.0,0.0,0.0,0.0,0.0,1.0,0.0,0.0,0.0,1.0,0.0,0.0,0.0,0.0,0.0,0.0,1.0,0.0,0.0,0.0,0.0,0.0,0.0,0.0,0.0,0.0,0.0,0.0,0.0,0.0,0.0,0.0,0.0,0.0,16.0,13.0,67.0,6.0,7.0,4.0,0.0,18.0,73.0,16.0,6.0,0.0,0.0,0.0,5.0,108.0,1.0,112.0,62.0,51.0,61.0,45.0,7.0,53.0,47.0,13.0,2.0,75.0,36.0,1.0,2.0,41.0,60.0,9.0,0.0,12.0,24.0,38.0,30.0,9.0,106.0,6.0,0.0,1.0,0.0,102.0,3.0,8.0,6.0,17.0,17.0,5.0,33.0,30.0,5.0,105.0,8.0,94.0,19.0,80.0,29.0,4.0,6.0,25.0,24.0,9.0,27.0,6.0,16.0,95.0,18.0,68.0,45.0,90.0,21.0,2.0,112.0,1.0,106.0,7.0,100.0,13.0,111.0,2.0,95.0,18.0,42.0,60.0,11.0,70.0,41.0,2.0,14.0,35.0,31.0,27.0,6.0,31.0,50.0,9.0,6.0,17.0,5.0,108.0,42.0,57.0,13.0,1.0,101.0,1.0,11.0,95.0,16.0,2.0,112.0,1.0,0.0,19.0,94.0,102.0,11.0,83.0,27.0,3.0,0.0,99.0,12.0,2.0,71.0,41.0,1.0,105.0,8.0,0.0,104.0,7.0,1.0,1.0,82.0,31.0,83.0,26.0,4.0,0.0,109.0,3.0,1.0,96.0,17.0,0.0,89.0,24.0,0.0,88.0,25.0,0.0,108.0,5.0,0.0,0.0,29.0,70.0,14.0,0.0,Acima da média
725,26013185,2017,1,2,2601,26002,26,2613503,261350305,2,1,1.0,1.0,1.0,0.0,0.0,0.0,0.0,0.0,0.0,0.0,0.0,0.0,0.0,0.0,1.0,0.0,0.0,0.0,0.0,1.0,0.0,0.0,0.0,1.0,0.0,0.0,1.0,0.0,0.0,0.0,0.0,0.0,1.0,1.0,1.0,0.0,1.0,0.0,1.0,1.0,1.0,1.0,0.0,1.0,0.0,0.0,0.0,1.0,0.0,1.0,0.0,1.0,0.0,0.0,0.0,1.0,0.0,0.0,0.0,0.0,0.0,0.0,0.0,0.0,13.0,12.0,1.0,1.0,1.0,0.0,0.0,1.0,1.0,1.0,1.0,1.0,0.0,1.0,1.0,4.0,1.0,1.0,0.0,0.0,2.0,5.0,5.0,3.0,5.0,0.0,2.0,25.0,4.0,20.0,1.0,1.0,63.0,1.0,1.0,1.0,0.0,0.0,0.0,1.0,0.0,0.0,0.0,0.0,1.0,0.0,0.0,0.0,1.0,0.0,0.0,0.0,0.0,0.0,1.0,1.0,0.0,0.0,0.0,0.0,0.0,0.0,0.0,0.0,0.0,0.0,0.0,0.0,0.0,0.0,0.0,0.0,0.0,9.0,8.0,69.0,4.0,6.0,5.0,0.0,0.0,38.0,34.0,15.0,6.0,5.0,3.0,8.0,93.0,4.0,97.0,58.0,43.0,77.0,19.0,5.0,78.0,21.0,2.0,4.0,74.0,23.0,0.0,6.0,45.0,39.0,11.0,1.0,9.0,15.0,31.0,30.0,15.0,93.0,6.0,2.0,0.0,0.0,83.0,15.0,3.0,12.0,26.0,22.0,10.0,13.0,3.0,15.0,76.0,25.0,63.0,38.0,72.0,26.0,3.0,15.0,29.0,9.0,7.0,9.0,2.0,30.0,67.0,34.0,50.0,51.0,72.0,20.0,9.0,98.0,3.0,90.0,11.0,86.0,15.0,99.0,2.0,72.0,29.0,25.0,66.0,10.0,61.0,33.0,7.0,28.0,23.0,17.0,21.0,12.0,33.0,28.0,3.0,13.0,24.0,13.0,88.0,29.0,49.0,22.0,1.0,96.0,1.0,4.0,47.0,42.0,12.0,84.0,11.0,6.0,28.0,73.0,77.0,24.0,52.0,43.0,3.0,3.0,87.0,12.0,2.0,54.0,42.0,5.0,80.0,18.0,3.0,85.0,14.0,0.0,2.0,59.0,42.0,50.0,44.0,5.0,2.0,95.0,5.0,1.0,64.0,34.0,3.0,72.0,26.0,3.0,65.0,33.0,3.0,85.0,14.0,1.0,1.0,26.0,60.0,15.0,0.0,Abaixo da média
726,26013436,2017,1,2,2601,26002,26,2613503,261350310,2,1,1.0,1.0,1.0,0.0,0.0,0.0,0.0,0.0,0.0,0.0,1.0,0.0,0.0,0.0,1.0,0.0,0.0,0.0,0.0,1.0,0.0,0.0,0.0,1.0,0.0,0.0,1.0,0.0,0.0,0.0,0.0,0.0,1.0,1.0,1.0,0.0,1.0,0.0,1.0,1.0,1.0,1.0,0.0,1.0,0.0,0.0,0.0,1.0,0.0,1.0,0.0,1.0,1.0,1.0,1.0,1.0,0.0,1.0,0.0,0.0,0.0,0.0,0.0,0.0,7.0,20.0,1.0,0.0,1.0,0.0,0.0,0.0,0.0,1.0,1.0,1.0,1.0,0.0,1.0,7.0,0.0,7.0,0.0,0.0,0.0,0.0,3.0,1.0,12.0,1.0,0.0,39.0,6.0,33.0,1.0,0.0,45.0,1.0,0.0,1.0,0.0,0.0,0.0,1.0,0.0,0.0,0.0,1.0,1.0,0.0,0.0,0.0,1.0,1.0,1.0,0.0,0.0,0.0,1.0,1.0,0.0,0.0,0.0,0.0,0.0,0.0,0.0,0.0,0.0,1.0,1.0,1.0,0.0,0.0,0.0,0.0,0.0,17.0,7.0,38.0,2.0,1.0,3.0,1.0,3.0,37.0,19.0,6.0,2.0,0.0,0.0,4.0,64.0,2.0,66.0,46.0,22.0,54.0,13.0,1.0,56.0,11.0,1.0,4.0,62.0,2.0,0.0,2.0,32.0,28.0,6.0,0.0,9.0,9.0,18.0,19.0,13.0,65.0,3.0,0.0,0.0,0.0,59.0,5.0,4.0,7.0,23.0,15.0,2.0,12.0,2.0,7.0,56.0,12.0,47.0,21.0,42.0,23.0,3.0,13.0,17.0,11.0,4.0,4.0,0.0,19.0,44.0,24.0,29.0,39.0,48.0,16.0,4.0,65.0,3.0,60.0,8.0,59.0,9.0,66.0,2.0,50.0,18.0,20.0,42.0,6.0,31.0,31.0,6.0,16.0,29.0,6.0,11.0,6.0,20.0,21.0,6.0,3.0,18.0,6.0,62.0,7.0,41.0,19.0,1.0,68.0,0.0,0.0,56.0,11.0,1.0,68.0,0.0,0.0,19.0,49.0,57.0,11.0,48.0,19.0,1.0,0.0,66.0,2.0,0.0,43.0,25.0,0.0,56.0,12.0,0.0,57.0,10.0,1.0,0.0,46.0,22.0,44.0,21.0,3.0,0.0,65.0,3.0,0.0,53.0,15.0,0.0,46.0,21.0,1.0,48.0,20.0,0.0,51.0,16.0,1.0,0.0,13.0,33.0,21.0,1.0,Média
728,26019825,2017,1,2,2601,26003,26,2613602,261360205,2,1,1.0,1.0,1.0,0.0,0.0,0.0,0.0,0.0,0.0,0.0,0.0,0.0,0.0,1.0,1.0,0.0,0.0,0.0,0.0,1.0,0.0,0.0,0.0,1.0,0.0,0.0,1.0,0.0,0.0,0.0,0.0,0.0,1.0,1.0,1.0,1.0,1.0,0.0,1.0,1.0,1.0,1.0,0.0,1.0,0.0,0.0,0.0,1.0,0.0,1.0,0.0,0.0,0.0,0.0,0.0,0.0,0.0,0.0,0.0,0.0,0.0,0.0,0.0,0.0,20.0,20.0,1.0,0.0,1.0,0.0,0.0,0.0,1.0,0.0,1.0,1.0,0.0,1.0,1.0,2.0,0.0,3.0,0.0,0.0,0.0,3.0,0.0,2.0,12.0,0.0,1.0,9.0,3.0,6.0,1.0,1.0,85.0,1.0,0.0,0.0,0.0,0.0,0.0,1.0,0.0,0.0,1.0,0.0,1.0,0.0,0.0,1.0,1.0,1.0,1.0,0.0,0.0,0.0,0.0,1.0,0.0,1.0,0.0,0.0,1.0,0.0,0.0,0.0,0.0,0.0,1.0,0.0,0.0,0.0,0.0,0.0,0.0,23.0,7.0,40.0,3.0,0.0,4.0,0.0,1.0,34.0,26.0,9.0,5.0,0.0,2.0,3.0,74.0,3.0,74.0,49.0,28.0,54.0,23.0,0.0,56.0,19.0,2.0,4.0,68.0,5.0,0.0,5.0,37.0,28.0,7.0,0.0,9.0,19.0,18.0,19.0,12.0,67.0,10.0,0.0,0.0,0.0,66.0,10.0,1.0,3.0,29.0,17.0,9.0,9.0,2.0,8.0,63.0,14.0,56.0,21.0,50.0,25.0,2.0,9.0,24.0,13.0,7.0,4.0,3.0,17.0,57.0,20.0,38.0,39.0,51.0,24.0,2.0,76.0,1.0,70.0,7.0,67.0,10.0,74.0,3.0,58.0,19.0,34.0,38.0,5.0,51.0,21.0,5.0,21.0,19.0,11.0,21.0,5.0,28.0,22.0,8.0,7.0,12.0,7.0,70.0,38.0,26.0,13.0,0.0,73.0,1.0,3.0,56.0,18.0,3.0,72.0,4.0,1.0,21.0,56.0,73.0,4.0,51.0,25.0,1.0,0.0,75.0,2.0,0.0,42.0,35.0,0.0,63.0,14.0,0.0,74.0,3.0,0.0,0.0,47.0,30.0,43.0,31.0,3.0,0.0,77.0,0.0,0.0,68.0,9.0,0.0,57.0,19.0,1.0,51.0,26.0,0.0,70.0,7.0,0.0,0.0,29.0,40.0,8.0,0.0,Abaixo da média
729,26019922,2017,1,2,2601,26003,26,2613602,261360205,2,1,1.0,1.0,1.0,0.0,0.0,0.0,0.0,0.0,0.0,0.0,0.0,0.0,0.0,1.0,1.0,0.0,0.0,0.0,0.0,1.0,0.0,0.0,0.0,1.0,0.0,0.0,1.0,0.0,0.0,0.0,0.0,0.0,1.0,1.0,1.0,0.0,0.0,1.0,0.0,1.0,1.0,1.0,0.0,1.0,0.0,0.0,0.0,1.0,0.0,0.0,0.0,0.0,0.0,0.0,0.0,0.0,0.0,0.0,0.0,0.0,0.0,0.0,0.0,0.0,9.0,9.0,1.0,0.0,1.0,1.0,1.0,0.0,1.0,1.0,1.0,1.0,0.0,1.0,1.0,1.0,0.0,1.0,1.0,1.0,0.0,1.0,2.0,5.0,10.0,0.0,3.0,11.0,3.0,8.0,1.0,1.0,36.0,1.0,0.0,0.0,0.0,0.0,0.0,1.0,0.0,0.0,1.0,0.0,1.0,0.0,0.0,0.0,1.0,0.0,0.0,0.0,0.0,0.0,0.0,1.0,0.0,0.0,0.0,0.0,0.0,0.0,0.0,0.0,0.0,0.0,0.0,0.0,0.0,0.0,0.0,0.0,0.0,36.0,7.0,67.0,3.0,0.0,3.0,0.0,5.0,73.0,34.0,4.0,0.0,0.0,0.0,4.0,112.0,1.0,115.0,68.0,48.0,58.0,50.0,8.0,36.0,66.0,14.0,2.0,74.0,40.0,0.0,3.0,39.0,57.0,17.0,0.0,12.0,33.0,42.0,19.0,10.0,109.0,7.0,0.0,0.0,0.0,103.0,9.0,4.0,0.0,13.0,16.0,13.0,41.0,28.0,5.0,112.0,4.0,87.0,29.0,72.0,39.0,5.0,3.0,23.0,25.0,14.0,21.0,10.0,20.0,103.0,13.0,67.0,49.0,91.0,24.0,1.0,116.0,0.0,110.0,6.0,101.0,15.0,116.0,0.0,92.0,24.0,47.0,59.0,10.0,77.0,37.0,2.0,14.0,41.0,25.0,32.0,4.0,43.0,20.0,5.0,4.0,44.0,4.0,112.0,71.0,32.0,13.0,0.0,109.0,3.0,4.0,97.0,15.0,4.0,115.0,1.0,0.0,17.0,99.0,91.0,25.0,76.0,37.0,2.0,1.0,109.0,7.0,0.0,73.0,40.0,3.0,113.0,3.0,0.0,112.0,3.0,1.0,0.0,85.0,31.0,78.0,36.0,2.0,0.0,111.0,4.0,1.0,100.0,14.0,2.0,85.0,29.0,2.0,104.0,12.0,0.0,108.0,8.0,0.0,0.0,57.0,54.0,5.0,0.0,Acima da média
730,26019949,2017,1,2,2601,26003,26,2613602,261360205,2,1,1.0,1.0,1.0,0.0,0.0,0.0,0.0,0.0,0.0,0.0,0.0,0.0,0.0,1.0,1.0,0.0,0.0,0.0,0.0,1.0,0.0,0.0,0.0,1.0,0.0,0.0,1.0,0.0,0.0,0.0,0.0,0.0,1.0,1.0,1.0,0.0,0.0,0.0,1.0,1.0,1.0,1.0,0.0,1.0,0.0,0.0,0.0,1.0,0.0,0.0,0.0,1.0,0.0,0.0,0.0,0.0,0.0,0.0,0.0,0.0,0.0,0.0,0.0,0.0,9.0,8.0,1.0,0.0,1.0,0.0,1.0,1.0,1.0,1.0,1.0,1.0,0.0,0.0,1.0,2.0,0.0,2.0,0.0,1.0,1.0,1.0,1.0,2.0,3.0,0.0,0.0,10.0,1.0,9.0,1.0,1.0,43.0,1.0,0.0,1.0,0.0,0.0,0.0,1.0,0.0,0.0,1.0,1.0,1.0,0.0,0.0,0.0,1.0,1.0,0.0,0.0,0.0,0.0,1.0,1.0,0.0,0.0,0.0,0.0,0.0,0.0,0.0,0.0,0.0,1.0,1.0,0.0,0.0,0.0,0.0,0.0,0.0,4.0,2.0,21.0,2.0,0.0,2.0,0.0,1.0,5.0,12.0,9.0,2.0,0.0,2.0,1.0,30.0,2.0,29.0,20.0,11.0,20.0,9.0,2.0,22.0,9.0,0.0,0.0,26.0,5.0,0.0,1.0,12.0,15.0,3.0,1.0,1.0,7.0,13.0,3.0,6.0,23.0,8.0,0.0,0.0,0.0,23.0,5.0,3.0,0.0,7.0,7.0,3.0,7.0,2.0,5.0,29.0,2.0,26.0,5.0,12.0,18.0,1.0,0.0,7.0,5.0,8.0,3.0,1.0,7.0,27.0,4.0,18.0,13.0,17.0,13.0,1.0,31.0,0.0,26.0,5.0,25.0,6.0,30.0,1.0,25.0,6.0,5.0,17.0,9.0,21.0,9.0,1.0,4.0,10.0,3.0,12.0,2.0,9.0,10.0,2.0,4.0,6.0,11.0,20.0,17.0,10.0,4.0,0.0,28.0,0.0,3.0,11.0,18.0,2.0,22.0,8.0,1.0,3.0,28.0,28.0,3.0,20.0,10.0,1.0,0.0,24.0,6.0,1.0,19.0,11.0,1.0,28.0,2.0,1.0,30.0,0.0,0.0,1.0,17.0,14.0,14.0,11.0,6.0,0.0,30.0,1.0,0.0,24.0,7.0,0.0,21.0,10.0,0.0,25.0,6.0,0.0,28.0,2.0,0.0,1.0,5.0,18.0,8.0,0.0,Abaixo da média
731,26020572,2017,1,2,2601,26003,26,2613602,261360215,2,2,1.0,1.0,1.0,0.0,0.0,0.0,0.0,0.0,0.0,0.0,0.0,0.0,0.0,0.0,0.0,0.0,0.0,0.0,1.0,1.0,0.0,0.0,0.0,0.0,1.0,0.0,1.0,0.0,0.0,0.0,0.0,0.0,1.0,1.0,0.0,0.0,1.0,0.0,0.0,0.0,1.0,1.0,0.0,1.0,0.0,0.0,0.0,1.0,0.0,0.0,0.0,0.0,0.0,0.0,0.0,0.0,0.0,0.0,0.0,0.0,0.0,0.0,0.0,0.0,8.0,6.0,1.0,1.0,1.0,1.0,1.0,1.0,1.0,1.0,1.0,1.0,1.0,1.0,1.0,2.0,1.0,3.0,2.0,1.0,1.0,3.0,3.0,4.0,14.0,1.0,3.0,19.0,3.0,10.0,1.0,1.0,24.0,1.0,1.0,0.0,0.0,0.0,0.0,1.0,0.0,0.0,0.0,1.0,1.0,0.0,0.0,0.0,1.0,1.0,0.0,0.0,0.0,0.0,0.0,1.0,0.0,0.0,0.0,0.0,0.0,0.0,0.0,0.0,0.0,0.0,1.0,0.0,0.0,0.0,0.0,0.0,0.0,11.0,4.0,31.0,5.0,1.0,4.0,0.0,0.0,34.0,19.0,3.0,0.0,0.0,0.0,1.0,55.0,0.0,56.0,28.0,28.0,45.0,9.0,2.0,39.0,17.0,0.0,0.0,49.0,7.0,0.0,1.0,18.0,33.0,4.0,0.0,4.0,8.0,19.0,13.0,12.0,55.0,1.0,0.0,0.0,0.0,45.0,9.0,2.0,1.0,19.0,16.0,8.0,8.0,0.0,4.0,46.0,10.0,33.0,23.0,36.0,16.0,4.0,5.0,20.0,14.0,8.0,3.0,0.0,6.0,35.0,21.0,26.0,30.0,48.0,6.0,2.0,56.0,0.0,51.0,5.0,47.0,9.0,54.0,2.0,39.0,17.0,21.0,29.0,6.0,41.0,12.0,3.0,13.0,14.0,8.0,18.0,3.0,12.0,17.0,6.0,9.0,12.0,5.0,51.0,24.0,18.0,14.0,0.0,56.0,0.0,0.0,53.0,2.0,1.0,56.0,0.0,0.0,8.0,48.0,44.0,12.0,42.0,14.0,0.0,0.0,52.0,3.0,1.0,32.0,24.0,0.0,48.0,8.0,0.0,54.0,2.0,0.0,0.0,42.0,14.0,37.0,19.0,0.0,0.0,55.0,1.0,0.0,54.0,2.0,0.0,37.0,19.0,0.0,42.0,13.0,1.0,54.0,2.0,0.0,0.0,17.0,34.0,5.0,0.0,Acima da média
734,26129086,2017,1,2,2605,26017,26,2613701,261370105,2,1,1.0,1.0,1.0,0.0,0.0,0.0,0.0,0.0,0.0,0.0,0.0,0.0,0.0,1.0,1.0,0.0,0.0,0.0,0.0,1.0,0.0,0.0,0.0,1.0,0.0,0.0,1.0,0.0,0.0,0.0,0.0,0.0,1.0,1.0,1.0,0.0,0.0,1.0,0.0,1.0,1.0,1.0,0.0,1.0,0.0,0.0,0.0,1.0,0.0,0.0,0.0,0.0,0.0,0.0,0.0,0.0,0.0,0.0,0.0,0.0,0.0,0.0,0.0,0.0,20.0,20.0,1.0,0.0,1.0,0.0,1.0,1.0,1.0,0.0,1.0,1.0,0.0,1.0,1.0,5.0,0.0,2.0,0.0,1.0,1.0,2.0,0.0,3.0,15.0,0.0,2.0,17.0,5.0,12.0,1.0,1.0,42.0,1.0,0.0,0.0,0.0,0.0,0.0,1.0,0.0,0.0,1.0,0.0,1.0,0.0,0.0,1.0,1.0,0.0,0.0,0.0,0.0,0.0,0.0,1.0,0.0,0.0,0.0,0.0,1.0,0.0,0.0,0.0,0.0,0.0,0.0,0.0,0.0,0.0,0.0,0.0,0.0,31.0,16.0,52.0,2.0,3.0,6.0,0.0,13.0,61.0,23.0,11.0,2.0,0.0,0.0,1.0,109.0,0.0,110.0,51.0,59.0,83.0,24.0,3.0,55.0,50.0,5.0,0.0,88.0,22.0,2.0,5.0,63.0,35.0,5.0,0.0,10.0,23.0,42.0,23.0,12.0,100.0,7.0,1.0,2.0,0.0,98.0,5.0,7.0,1.0,9.0,14.0,15.0,53.0,3.0,15.0,104.0,6.0,88.0,22.0,51.0,54.0,5.0,6.0,9.0,8.0,13.0,34.0,6.0,34.0,95.0,15.0,63.0,47.0,50.0,53.0,7.0,107.0,3.0,102.0,8.0,96.0,14.0,108.0,2.0,80.0,30.0,35.0,58.0,17.0,69.0,40.0,1.0,14.0,39.0,22.0,32.0,3.0,33.0,41.0,7.0,11.0,18.0,3.0,107.0,46.0,56.0,8.0,0.0,90.0,6.0,14.0,85.0,21.0,4.0,108.0,2.0,0.0,22.0,88.0,92.0,18.0,60.0,33.0,4.0,13.0,69.0,24.0,17.0,63.0,29.0,18.0,91.0,4.0,15.0,60.0,31.0,3.0,16.0,73.0,37.0,53.0,39.0,3.0,15.0,94.0,4.0,12.0,67.0,31.0,12.0,59.0,39.0,12.0,81.0,16.0,13.0,88.0,7.0,0.0,15.0,2.0,45.0,63.0,0.0,Acima da média
735,26129094,2017,1,2,2605,26017,26,2613701,261370105,2,1,1.0,1.0,1.0,0.0,0.0,0.0,0.0,0.0,0.0,0.0,0.0,0.0,0.0,1.0,1.0,0.0,0.0,0.0,0.0,1.0,0.0,0.0,0.0,0.0,1.0,0.0,1.0,0.0,0.0,0.0,0.0,0.0,1.0,1.0,1.0,1.0,0.0,0.0,1.0,1.0,1.0,1.0,0.0,1.0,0.0,0.0,0.0,1.0,0.0,1.0,0.0,0.0,0.0,0.0,0.0,0.0,0.0,0.0,0.0,0.0,0.0,0.0,0.0,0.0,16.0,16.0,1.0,1.0,1.0,1.0,0.0,1.0,1.0,0.0,1.0,1.0,1.0,1.0,1.0,10.0,1.0,5.0,1.0,0.0,3.0,5.0,0.0,5.0,19.0,1.0,2.0,20.0,8.0,12.0,1.0,1.0,85.0,1.0,0.0,0.0,0.0,0.0,0.0,1.0,0.0,0.0,0.0,0.0,1.0,0.0,0.0,0.0,1.0,1.0,0.0,0.0,0.0,0.0,0.0,1.0,0.0,0.0,0.0,0.0,0.0,0.0,0.0,0.0,0.0,0.0,1.0,0.0,0.0,0.0,0.0,0.0,0.0,36.0,24.0,93.0,3.0,4.0,8.0,2.0,19.0,92.0,45.0,9.0,1.0,0.0,0.0,3.0,165.0,0.0,168.0,78.0,90.0,111.0,52.0,5.0,62.0,92.0,14.0,0.0,127.0,41.0,0.0,8.0,92.0,60.0,8.0,0.0,15.0,37.0,68.0,35.0,13.0,156.0,10.0,2.0,0.0,0.0,150.0,14.0,4.0,3.0,24.0,23.0,23.0,67.0,17.0,11.0,159.0,9.0,137.0,31.0,111.0,54.0,3.0,6.0,27.0,22.0,22.0,54.0,10.0,27.0,151.0,17.0,100.0,68.0,92.0,66.0,10.0,167.0,1.0,158.0,10.0,153.0,15.0,165.0,3.0,134.0,34.0,58.0,95.0,15.0,121.0,46.0,1.0,30.0,46.0,50.0,39.0,3.0,60.0,63.0,10.0,15.0,20.0,10.0,158.0,98.0,61.0,6.0,3.0,139.0,7.0,22.0,133.0,32.0,3.0,166.0,2.0,0.0,18.0,150.0,140.0,28.0,113.0,49.0,2.0,4.0,151.0,13.0,4.0,114.0,49.0,5.0,159.0,5.0,4.0,117.0,45.0,3.0,3.0,91.0,77.0,81.0,71.0,16.0,0.0,159.0,9.0,0.0,119.0,45.0,4.0,128.0,40.0,0.0,144.0,23.0,1.0,129.0,32.0,7.0,0.0,38.0,106.0,24.0,0.0,Abaixo da média
736,26129124,2017,1,2,2605,26017,26,2613701,261370105,2,1,1.0,1.0,1.0,0.0,0.0,0.0,0.0,0.0,0.0,0.0,0.0,0.0,0.0,1.0,1.0,0.0,0.0,0.0,0.0,1.0,0.0,0.0,0.0,1.0,0.0,0.0,1.0,0.0,0.0,0.0,0.0,0.0,1.0,1.0,1.0,0.0,1.0,0.0,1.0,1.0,1.0,1.0,0.0,1.0,0.0,0.0,0.0,1.0,0.0,1.0,0.0,0.0,0.0,0.0,0.0,0.0,0.0,0.0,0.0,0.0,0.0,0.0,0.0,0.0,11.0,11.0,1.0,0.0,1.0,0.0,1.0,0.0,1.0,0.0,1.0,1.0,0.0,0.0,1.0,6.0,0.0,4.0,0.0,1.0,0.0,1.0,0.0,3.0,13.0,0.0,0.0,3.0,2.0,0.0,1.0,1.0,66.0,1.0,0.0,0.0,0.0,0.0,0.0,1.0,0.0,0.0,1.0,0.0,1.0,0.0,0.0,1.0,1.0,1.0,0.0,0.0,0.0,0.0,0.0,1.0,0.0,0.0,0.0,0.0,1.0,0.0,0.0,0.0,0.0,0.0,1.0,0.0,0.0,0.0,0.0,0.0,0.0,27.0,9.0,50.0,1.0,5.0,5.0,0.0,2.0,46.0,29.0,13.0,7.0,0.0,0.0,4.0,93.0,1.0,96.0,47.0,50.0,71.0,23.0,3.0,54.0,37.0,6.0,1.0,75.0,21.0,1.0,7.0,45.0,43.0,1.0,0.0,7.0,19.0,36.0,22.0,13.0,90.0,6.0,1.0,0.0,0.0,85.0,11.0,1.0,3.0,15.0,17.0,12.0,34.0,3.0,13.0,90.0,7.0,76.0,21.0,54.0,41.0,2.0,3.0,12.0,11.0,14.0,24.0,2.0,31.0,84.0,13.0,52.0,45.0,44.0,41.0,12.0,96.0,1.0,94.0,3.0,89.0,8.0,96.0,1.0,76.0,21.0,36.0,48.0,13.0,68.0,23.0,6.0,14.0,26.0,18.0,36.0,3.0,34.0,31.0,6.0,15.0,11.0,15.0,82.0,39.0,52.0,6.0,0.0,77.0,4.0,16.0,63.0,25.0,9.0,92.0,2.0,3.0,14.0,83.0,85.0,12.0,68.0,28.0,1.0,0.0,79.0,16.0,2.0,62.0,34.0,1.0,93.0,3.0,1.0,90.0,7.0,0.0,0.0,52.0,45.0,52.0,41.0,2.0,2.0,94.0,2.0,1.0,61.0,33.0,3.0,63.0,32.0,2.0,82.0,13.0,2.0,86.0,8.0,1.0,2.0,5.0,35.0,51.0,6.0,Abaixo da média
737,26129388,2017,1,2,2605,26017,26,2613701,261370105,2,1,1.0,1.0,1.0,1.0,0.0,0.0,0.0,0.0,0.0,0.0,0.0,0.0,0.0,1.0,1.0,0.0,0.0,0.0,0.0,1.0,0.0,0.0,0.0,0.0,1.0,0.0,1.0,0.0,0.0,0.0,0.0,0.0,1.0,1.0,1.0,0.0,1.0,0.0,1.0,1.0,1.0,1.0,0.0,1.0,0.0,0.0,0.0,1.0,0.0,0.0,0.0,0.0,0.0,0.0,0.0,0.0,0.0,0.0,0.0,0.0,0.0,0.0,0.0,0.0,21.0,20.0,0.0,0.0,0.0,0.0,0.0,0.0,0.0,0.0,0.0,0.0,0.0,0.0,1.0,0.0,0.0,0.0,0.0,0.0,0.0,0.0,0.0,0.0,0.0,0.0,0.0,6.0,3.0,2.0,1.0,1.0,90.0,1.0,0.0,0.0,0.0,0.0,0.0,1.0,0.0,0.0,1.0,0.0,1.0,0.0,0.0,0.0,1.0,0.0,0.0,0.0,0.0,0.0,1.0,1.0,0.0,0.0,0.0,0.0,0.0,0.0,0.0,0.0,0.0,0.0,0.0,0.0,0.0,0.0,0.0,0.0,0.0,47.0,22.0,77.0,6.0,4.0,11.0,1.0,4.0,59.0,57.0,36.0,8.0,1.0,1.0,3.0,164.0,0.0,167.0,84.0,83.0,136.0,25.0,6.0,96.0,59.0,12.0,0.0,131.0,36.0,1.0,11.0,102.0,49.0,4.0,0.0,17.0,44.0,58.0,26.0,22.0,141.0,20.0,6.0,0.0,0.0,137.0,25.0,5.0,1.0,23.0,36.0,32.0,52.0,6.0,17.0,157.0,10.0,141.0,26.0,79.0,85.0,3.0,3.0,27.0,21.0,25.0,47.0,1.0,43.0,149.0,18.0,103.0,64.0,75.0,73.0,19.0,161.0,6.0,152.0,15.0,147.0,20.0,164.0,3.0,121.0,46.0,59.0,94.0,14.0,129.0,30.0,8.0,21.0,49.0,37.0,59.0,1.0,57.0,52.0,14.0,25.0,19.0,27.0,140.0,78.0,69.0,19.0,1.0,135.0,9.0,23.0,95.0,53.0,19.0,156.0,11.0,0.0,53.0,114.0,137.0,30.0,88.0,75.0,2.0,2.0,144.0,21.0,2.0,92.0,70.0,5.0,146.0,19.0,2.0,138.0,27.0,0.0,2.0,92.0,75.0,64.0,87.0,14.0,2.0,147.0,16.0,4.0,108.0,55.0,4.0,101.0,63.0,3.0,136.0,28.0,3.0,138.0,23.0,3.0,3.0,31.0,101.0,35.0,0.0,Abaixo da média
739,26183030,2017,1,2,2605,26017,26,2613701,261370115,2,2,1.0,1.0,3.0,0.0,0.0,0.0,0.0,0.0,0.0,0.0,0.0,0.0,0.0,1.0,1.0,0.0,0.0,0.0,0.0,1.0,0.0,0.0,0.0,0.0,1.0,0.0,1.0,0.0,0.0,0.0,0.0,0.0,0.0,0.0,0.0,0.0,0.0,0.0,0.0,0.0,0.0,0.0,0.0,0.0,0.0,0.0,0.0,0.0,0.0,0.0,0.0,0.0,0.0,0.0,0.0,0.0,0.0,0.0,0.0,0.0,0.0,0.0,0.0,1.0,8.0,8.0,0.0,0.0,0.0,0.0,0.0,0.0,0.0,0.0,0.0,0.0,0.0,0.0,0.0,0.0,0.0,0.0,0.0,0.0,0.0,0.0,0.0,0.0,0.0,0.0,0.0,0.0,0.0,0.0,0.0,0.0,22.0,1.0,0.0,0.0,0.0,0.0,0.0,1.0,0.0,0.0,0.0,0.0,1.0,0.0,0.0,0.0,1.0,1.0,0.0,0.0,0.0,0.0,0.0,1.0,0.0,0.0,0.0,0.0,0.0,0.0,0.0,0.0,0.0,0.0,1.0,0.0,0.0,0.0,0.0,0.0,0.0,9.0,10.0,44.0,2.0,0.0,2.0,1.0,8.0,22.0,24.0,9.0,1.0,1.0,1.0,3.0,64.0,1.0,66.0,45.0,22.0,57.0,10.0,0.0,43.0,22.0,2.0,1.0,53.0,13.0,0.0,4.0,32.0,27.0,4.0,0.0,12.0,12.0,19.0,15.0,9.0,58.0,7.0,2.0,0.0,0.0,52.0,10.0,5.0,7.0,30.0,8.0,8.0,11.0,0.0,3.0,51.0,16.0,47.0,20.0,37.0,24.0,6.0,14.0,22.0,9.0,7.0,4.0,1.0,10.0,46.0,21.0,33.0,34.0,44.0,14.0,9.0,66.0,1.0,63.0,4.0,59.0,8.0,63.0,4.0,43.0,24.0,28.0,34.0,5.0,46.0,17.0,4.0,23.0,19.0,8.0,13.0,4.0,13.0,30.0,7.0,10.0,7.0,4.0,63.0,24.0,34.0,7.0,2.0,63.0,0.0,4.0,38.0,27.0,2.0,65.0,2.0,0.0,22.0,45.0,60.0,7.0,42.0,23.0,0.0,2.0,56.0,11.0,0.0,38.0,28.0,1.0,63.0,3.0,1.0,50.0,16.0,1.0,0.0,41.0,26.0,37.0,24.0,6.0,0.0,62.0,5.0,0.0,39.0,26.0,2.0,42.0,25.0,0.0,52.0,15.0,0.0,52.0,15.0,0.0,0.0,7.0,28.0,27.0,5.0,Abaixo da média
741,26071606,2017,1,2,2603,26010,26,2613800,261380005,2,1,1.0,1.0,1.0,0.0,0.0,0.0,0.0,0.0,0.0,0.0,0.0,0.0,0.0,1.0,1.0,0.0,0.0,0.0,0.0,1.0,0.0,0.0,0.0,0.0,1.0,0.0,0.0,1.0,0.0,0.0,0.0,0.0,1.0,1.0,1.0,1.0,1.0,1.0,0.0,1.0,1.0,1.0,1.0,1.0,0.0,0.0,0.0,1.0,0.0,1.0,1.0,1.0,1.0,0.0,1.0,0.0,1.0,0.0,1.0,0.0,0.0,1.0,0.0,0.0,11.0,11.0,0.0,0.0,0.0,0.0,0.0,0.0,0.0,1.0,1.0,1.0,0.0,1.0,1.0,0.0,0.0,0.0,0.0,0.0,0.0,0.0,8.0,3.0,2.0,0.0,2.0,11.0,5.0,5.0,1.0,1.0,34.0,1.0,0.0,0.0,0.0,0.0,0.0,1.0,0.0,0.0,0.0,0.0,1.0,0.0,0.0,0.0,1.0,0.0,0.0,0.0,0.0,0.0,0.0,1.0,0.0,0.0,0.0,0.0,0.0,0.0,0.0,0.0,0.0,0.0,0.0,0.0,0.0,0.0,0.0,0.0,0.0,20.0,7.0,44.0,0.0,0.0,4.0,2.0,18.0,21.0,23.0,10.0,0.0,1.0,0.0,0.0,75.0,0.0,75.0,54.0,21.0,56.0,18.0,1.0,40.0,33.0,2.0,1.0,59.0,15.0,0.0,6.0,34.0,30.0,5.0,0.0,4.0,22.0,24.0,18.0,7.0,69.0,6.0,0.0,0.0,0.0,61.0,10.0,4.0,2.0,20.0,9.0,9.0,27.0,2.0,6.0,68.0,7.0,62.0,13.0,50.0,22.0,3.0,5.0,24.0,13.0,6.0,14.0,1.0,12.0,51.0,24.0,40.0,35.0,60.0,12.0,3.0,75.0,0.0,75.0,0.0,71.0,4.0,75.0,0.0,59.0,16.0,31.0,39.0,5.0,54.0,20.0,1.0,12.0,35.0,14.0,11.0,3.0,31.0,18.0,5.0,6.0,15.0,4.0,71.0,29.0,32.0,13.0,1.0,68.0,3.0,4.0,57.0,12.0,6.0,72.0,3.0,0.0,13.0,62.0,65.0,10.0,61.0,13.0,1.0,0.0,69.0,6.0,0.0,57.0,18.0,0.0,75.0,0.0,0.0,66.0,9.0,0.0,0.0,50.0,25.0,56.0,17.0,1.0,1.0,69.0,6.0,0.0,67.0,8.0,0.0,58.0,17.0,0.0,73.0,2.0,0.0,63.0,11.0,0.0,1.0,27.0,39.0,9.0,0.0,Acima da média
742,26071673,2017,1,2,2603,26010,26,2613800,261380005,2,1,1.0,1.0,1.0,0.0,0.0,0.0,0.0,0.0,0.0,0.0,0.0,0.0,0.0,1.0,1.0,0.0,0.0,0.0,0.0,1.0,0.0,0.0,0.0,1.0,0.0,0.0,1.0,0.0,0.0,0.0,0.0,0.0,0.0,1.0,1.0,0.0,0.0,0.0,0.0,0.0,1.0,0.0,1.0,1.0,0.0,0.0,0.0,1.0,0.0,0.0,0.0,1.0,0.0,0.0,0.0,0.0,0.0,0.0,0.0,0.0,0.0,0.0,0.0,0.0,7.0,7.0,1.0,0.0,1.0,0.0,1.0,1.0,1.0,1.0,1.0,1.0,0.0,1.0,1.0,1.0,0.0,1.0,0.0,1.0,1.0,1.0,1.0,2.0,2.0,0.0,1.0,4.0,2.0,4.0,1.0,1.0,44.0,1.0,0.0,0.0,0.0,0.0,0.0,1.0,0.0,0.0,0.0,0.0,1.0,0.0,0.0,0.0,1.0,0.0,0.0,0.0,0.0,0.0,1.0,1.0,0.0,0.0,0.0,0.0,0.0,0.0,0.0,0.0,0.0,0.0,0.0,0.0,0.0,0.0,0.0,0.0,0.0,16.0,7.0,51.0,1.0,1.0,10.0,0.0,1.0,22.0,30.0,11.0,9.0,4.0,9.0,2.0,84.0,2.0,84.0,64.0,22.0,70.0,14.0,2.0,58.0,26.0,2.0,1.0,77.0,8.0,2.0,8.0,42.0,29.0,5.0,1.0,15.0,15.0,23.0,19.0,13.0,75.0,8.0,2.0,0.0,1.0,57.0,23.0,6.0,10.0,30.0,12.0,7.0,11.0,2.0,14.0,63.0,23.0,54.0,32.0,42.0,36.0,8.0,16.0,22.0,8.0,2.0,11.0,2.0,25.0,50.0,36.0,41.0,45.0,44.0,23.0,19.0,83.0,3.0,80.0,6.0,76.0,10.0,82.0,4.0,59.0,27.0,26.0,52.0,8.0,59.0,21.0,6.0,26.0,22.0,12.0,19.0,7.0,28.0,22.0,10.0,12.0,14.0,12.0,74.0,24.0,40.0,15.0,7.0,80.0,1.0,5.0,28.0,49.0,9.0,71.0,13.0,2.0,33.0,53.0,74.0,12.0,64.0,21.0,1.0,0.0,71.0,14.0,1.0,51.0,33.0,2.0,73.0,12.0,1.0,78.0,6.0,1.0,1.0,47.0,39.0,57.0,25.0,4.0,0.0,80.0,5.0,1.0,61.0,24.0,1.0,58.0,27.0,1.0,67.0,17.0,2.0,80.0,5.0,1.0,0.0,8.0,53.0,23.0,2.0,Abaixo da média
743,26020882,2017,1,2,2601,26003,26,2613909,261390905,2,1,1.0,1.0,1.0,0.0,0.0,0.0,0.0,0.0,0.0,0.0,0.0,0.0,0.0,0.0,1.0,0.0,0.0,0.0,0.0,1.0,0.0,0.0,0.0,1.0,0.0,0.0,1.0,0.0,0.0,0.0,0.0,0.0,1.0,1.0,1.0,1.0,1.0,0.0,1.0,1.0,1.0,1.0,0.0,1.0,0.0,0.0,0.0,1.0,0.0,1.0,0.0,1.0,0.0,1.0,1.0,0.0,1.0,1.0,1.0,0.0,0.0,0.0,0.0,0.0,23.0,23.0,1.0,0.0,1.0,0.0,1.0,1.0,0.0,1.0,1.0,1.0,0.0,1.0,1.0,15.0,0.0,10.0,0.0,3.0,5.0,0.0,5.0,6.0,20.0,0.0,2.0,21.0,5.0,16.0,1.0,0.0,73.0,1.0,0.0,0.0,0.0,0.0,0.0,1.0,0.0,0.0,0.0,0.0,1.0,0.0,0.0,0.0,1.0,1.0,0.0,0.0,0.0,0.0,1.0,1.0,0.0,0.0,0.0,0.0,0.0,0.0,0.0,0.0,0.0,0.0,1.0,0.0,0.0,0.0,0.0,0.0,0.0,22.0,15.0,97.0,3.0,3.0,9.0,0.0,2.0,72.0,36.0,27.0,9.0,3.0,0.0,3.0,146.0,2.0,147.0,89.0,60.0,116.0,31.0,2.0,94.0,51.0,4.0,3.0,119.0,27.0,0.0,7.0,56.0,72.0,14.0,1.0,11.0,30.0,46.0,28.0,33.0,137.0,8.0,4.0,0.0,0.0,130.0,13.0,6.0,6.0,44.0,27.0,23.0,34.0,3.0,12.0,134.0,15.0,111.0,38.0,90.0,53.0,6.0,21.0,42.0,17.0,11.0,18.0,3.0,37.0,109.0,40.0,81.0,68.0,80.0,53.0,16.0,146.0,3.0,136.0,13.0,128.0,21.0,146.0,3.0,109.0,40.0,36.0,87.0,26.0,98.0,42.0,9.0,37.0,41.0,21.0,37.0,13.0,39.0,42.0,24.0,19.0,25.0,34.0,115.0,21.0,80.0,42.0,6.0,142.0,1.0,6.0,97.0,38.0,14.0,135.0,12.0,2.0,36.0,113.0,125.0,24.0,105.0,40.0,2.0,2.0,116.0,24.0,9.0,75.0,64.0,10.0,133.0,10.0,6.0,133.0,7.0,2.0,7.0,95.0,54.0,89.0,50.0,5.0,5.0,137.0,7.0,5.0,83.0,61.0,5.0,100.0,45.0,4.0,113.0,32.0,4.0,136.0,7.0,2.0,4.0,30.0,75.0,43.0,1.0,Abaixo da média
745,26020963,2017,1,2,2601,26003,26,2613909,261390905,2,1,1.0,1.0,1.0,0.0,0.0,0.0,0.0,0.0,0.0,0.0,0.0,0.0,0.0,1.0,1.0,0.0,0.0,0.0,0.0,1.0,0.0,0.0,0.0,1.0,0.0,0.0,1.0,0.0,0.0,0.0,0.0,0.0,1.0,1.0,1.0,1.0,0.0,0.0,0.0,0.0,1.0,1.0,0.0,1.0,0.0,0.0,0.0,1.0,0.0,0.0,0.0,1.0,0.0,0.0,0.0,0.0,0.0,1.0,0.0,0.0,0.0,0.0,0.0,0.0,16.0,17.0,1.0,0.0,1.0,0.0,1.0,0.0,1.0,1.0,1.0,1.0,0.0,1.0,1.0,1.0,0.0,1.0,0.0,2.0,0.0,1.0,3.0,2.0,5.0,0.0,1.0,13.0,3.0,10.0,1.0,1.0,63.0,1.0,0.0,1.0,0.0,0.0,0.0,1.0,0.0,0.0,1.0,0.0,1.0,0.0,0.0,0.0,1.0,1.0,0.0,0.0,0.0,0.0,1.0,1.0,0.0,0.0,0.0,0.0,0.0,0.0,0.0,0.0,0.0,0.0,1.0,0.0,0.0,0.0,0.0,0.0,0.0,24.0,9.0,60.0,3.0,1.0,8.0,0.0,1.0,46.0,32.0,16.0,5.0,2.0,3.0,3.0,102.0,3.0,102.0,68.0,37.0,87.0,15.0,3.0,61.0,40.0,4.0,2.0,85.0,18.0,0.0,4.0,60.0,32.0,9.0,0.0,13.0,31.0,30.0,18.0,13.0,94.0,10.0,0.0,0.0,1.0,81.0,20.0,4.0,7.0,17.0,25.0,21.0,20.0,4.0,11.0,90.0,15.0,83.0,22.0,50.0,48.0,7.0,14.0,23.0,21.0,10.0,14.0,0.0,23.0,72.0,33.0,49.0,56.0,61.0,33.0,11.0,102.0,3.0,95.0,10.0,94.0,11.0,99.0,6.0,73.0,32.0,27.0,53.0,25.0,68.0,30.0,7.0,21.0,26.0,21.0,31.0,6.0,30.0,29.0,8.0,22.0,16.0,25.0,80.0,27.0,48.0,29.0,1.0,98.0,0.0,7.0,70.0,25.0,10.0,92.0,7.0,6.0,18.0,87.0,86.0,19.0,61.0,43.0,1.0,0.0,85.0,19.0,1.0,53.0,50.0,2.0,88.0,15.0,2.0,99.0,6.0,0.0,0.0,62.0,43.0,53.0,43.0,7.0,2.0,96.0,9.0,0.0,76.0,29.0,0.0,68.0,36.0,1.0,79.0,24.0,2.0,88.0,15.0,1.0,1.0,13.0,47.0,45.0,0.0,Abaixo da média
746,26020971,2017,1,2,2601,26003,26,2613909,261390905,2,1,1.0,1.0,1.0,0.0,0.0,0.0,0.0,0.0,0.0,0.0,0.0,1.0,0.0,1.0,1.0,0.0,0.0,0.0,0.0,1.0,0.0,0.0,0.0,1.0,0.0,0.0,1.0,0.0,0.0,0.0,0.0,0.0,1.0,1.0,1.0,1.0,1.0,0.0,0.0,0.0,1.0,1.0,0.0,1.0,0.0,0.0,0.0,1.0,0.0,1.0,1.0,1.0,0.0,1.0,1.0,1.0,1.0,1.0,1.0,0.0,0.0,0.0,0.0,0.0,20.0,18.0,1.0,0.0,1.0,1.0,1.0,1.0,1.0,1.0,1.0,1.0,0.0,1.0,1.0,4.0,0.0,10.0,1.0,1.0,1.0,3.0,3.0,12.0,12.0,0.0,2.0,24.0,4.0,19.0,1.0,1.0,46.0,1.0,0.0,0.0,0.0,0.0,0.0,1.0,0.0,0.0,0.0,1.0,1.0,0.0,0.0,1.0,1.0,1.0,0.0,0.0,0.0,0.0,0.0,1.0,0.0,0.0,0.0,0.0,1.0,0.0,0.0,0.0,0.0,1.0,1.0,0.0,0.0,0.0,0.0,0.0,0.0,17.0,17.0,55.0,4.0,5.0,4.0,0.0,10.0,62.0,24.0,6.0,0.0,0.0,0.0,1.0,101.0,0.0,102.0,52.0,50.0,57.0,38.0,7.0,25.0,64.0,13.0,0.0,56.0,46.0,0.0,3.0,35.0,60.0,4.0,0.0,17.0,26.0,38.0,14.0,7.0,91.0,8.0,2.0,1.0,0.0,88.0,10.0,4.0,0.0,5.0,7.0,14.0,46.0,20.0,10.0,98.0,4.0,87.0,15.0,56.0,39.0,7.0,3.0,12.0,12.0,14.0,27.0,12.0,22.0,92.0,10.0,66.0,36.0,65.0,33.0,4.0,102.0,0.0,96.0,6.0,80.0,22.0,102.0,0.0,70.0,32.0,30.0,50.0,22.0,71.0,26.0,5.0,6.0,18.0,29.0,47.0,2.0,33.0,29.0,15.0,8.0,17.0,16.0,86.0,35.0,58.0,8.0,1.0,78.0,2.0,22.0,88.0,13.0,1.0,99.0,3.0,0.0,14.0,88.0,83.0,19.0,64.0,33.0,3.0,2.0,91.0,8.0,3.0,57.0,43.0,2.0,94.0,6.0,2.0,94.0,6.0,1.0,1.0,65.0,37.0,66.0,28.0,6.0,2.0,92.0,8.0,2.0,90.0,9.0,3.0,70.0,29.0,3.0,83.0,16.0,3.0,97.0,3.0,0.0,2.0,3.0,20.0,72.0,7.0,Acima da média
747,26020998,2017,1,2,2601,26003,26,2613909,261390905,2,1,1.0,1.0,1.0,0.0,0.0,0.0,0.0,0.0,0.0,0.0,0.0,0.0,0.0,0.0,1.0,0.0,0.0,0.0,0.0,1.0,0.0,0.0,0.0,1.0,0.0,0.0,1.0,1.0,0.0,0.0,0.0,0.0,1.0,1.0,1.0,0.0,0.0,0.0,0.0,0.0,1.0,1.0,0.0,1.0,0.0,0.0,0.0,1.0,0.0,0.0,0.0,0.0,0.0,0.0,0.0,0.0,0.0,0.0,0.0,0.0,0.0,0.0,0.0,0.0,15.0,15.0,0.0,0.0,0.0,0.0,0.0,0.0,0.0,0.0,0.0,0.0,0.0,0.0,1.0,0.0,0.0,0.0,0.0,0.0,0.0,0.0,0.0,0.0,0.0,0.0,0.0,11.0,4.0,7.0,1.0,1.0,37.0,1.0,0.0,1.0,0.0,0.0,0.0,1.0,0.0,0.0,0.0,1.0,1.0,0.0,0.0,0.0,1.0,1.0,0.0,0.0,0.0,0.0,1.0,1.0,0.0,0.0,0.0,0.0,0.0,0.0,0.0,0.0,0.0,0.0,1.0,0.0,0.0,0.0,0.0,0.0,0.0,25.0,10.0,53.0,3.0,4.0,11.0,0.0,3.0,42.0,31.0,10.0,11.0,3.0,6.0,1.0,105.0,3.0,103.0,62.0,44.0,84.0,17.0,5.0,72.0,31.0,3.0,4.0,76.0,26.0,0.0,3.0,40.0,52.0,11.0,0.0,17.0,26.0,32.0,18.0,13.0,103.0,1.0,1.0,0.0,1.0,87.0,18.0,1.0,4.0,25.0,20.0,19.0,15.0,8.0,15.0,87.0,19.0,80.0,26.0,62.0,43.0,1.0,10.0,33.0,14.0,12.0,11.0,2.0,24.0,73.0,33.0,55.0,51.0,50.0,40.0,16.0,103.0,3.0,100.0,6.0,97.0,9.0,103.0,3.0,79.0,27.0,31.0,61.0,14.0,70.0,29.0,7.0,24.0,28.0,14.0,35.0,5.0,23.0,44.0,8.0,16.0,15.0,21.0,85.0,22.0,57.0,23.0,4.0,97.0,2.0,7.0,68.0,26.0,12.0,93.0,10.0,3.0,36.0,70.0,94.0,12.0,71.0,33.0,2.0,0.0,89.0,14.0,3.0,68.0,33.0,5.0,92.0,12.0,2.0,96.0,9.0,1.0,0.0,69.0,37.0,47.0,51.0,5.0,3.0,93.0,9.0,4.0,78.0,23.0,5.0,73.0,29.0,4.0,81.0,21.0,4.0,75.0,23.0,4.0,4.0,6.0,42.0,53.0,5.0,Abaixo da média
750,26021927,2017,1,2,2601,26003,26,2613909,261390905,2,1,1.0,1.0,1.0,0.0,0.0,0.0,0.0,0.0,0.0,0.0,0.0,0.0,0.0,1.0,1.0,0.0,0.0,0.0,0.0,1.0,0.0,0.0,0.0,1.0,0.0,0.0,1.0,0.0,0.0,0.0,0.0,0.0,1.0,1.0,1.0,1.0,1.0,0.0,0.0,0.0,1.0,1.0,0.0,1.0,0.0,0.0,0.0,1.0,0.0,1.0,0.0,1.0,1.0,0.0,1.0,1.0,1.0,1.0,1.0,0.0,0.0,0.0,0.0,0.0,17.0,27.0,1.0,0.0,0.0,0.0,1.0,0.0,1.0,1.0,1.0,1.0,0.0,1.0,1.0,3.0,0.0,0.0,0.0,3.0,0.0,1.0,4.0,3.0,5.0,0.0,2.0,13.0,5.0,8.0,1.0,1.0,44.0,1.0,1.0,1.0,0.0,0.0,0.0,1.0,0.0,0.0,1.0,0.0,1.0,0.0,0.0,0.0,1.0,1.0,0.0,0.0,0.0,0.0,1.0,1.0,0.0,0.0,0.0,0.0,0.0,0.0,0.0,0.0,0.0,1.0,0.0,0.0,0.0,0.0,0.0,0.0,0.0,9.0,9.0,54.0,0.0,0.0,0.0,1.0,3.0,39.0,18.0,7.0,3.0,1.0,0.0,0.0,72.0,0.0,72.0,44.0,28.0,47.0,22.0,3.0,34.0,37.0,1.0,1.0,55.0,16.0,1.0,1.0,32.0,33.0,5.0,0.0,8.0,16.0,18.0,19.0,11.0,65.0,6.0,1.0,0.0,0.0,56.0,10.0,6.0,2.0,21.0,12.0,17.0,12.0,4.0,4.0,60.0,12.0,48.0,24.0,39.0,29.0,4.0,3.0,20.0,15.0,16.0,6.0,0.0,12.0,56.0,16.0,36.0,36.0,28.0,38.0,6.0,71.0,1.0,65.0,7.0,57.0,15.0,71.0,1.0,50.0,22.0,25.0,37.0,10.0,43.0,28.0,1.0,9.0,25.0,14.0,22.0,2.0,16.0,23.0,11.0,7.0,15.0,15.0,57.0,18.0,43.0,10.0,1.0,66.0,1.0,5.0,53.0,15.0,4.0,68.0,2.0,2.0,15.0,57.0,63.0,9.0,49.0,22.0,1.0,0.0,61.0,11.0,0.0,27.0,44.0,1.0,67.0,5.0,0.0,68.0,4.0,0.0,0.0,47.0,25.0,36.0,31.0,5.0,0.0,66.0,6.0,0.0,47.0,25.0,0.0,48.0,24.0,0.0,60.0,12.0,0.0,67.0,4.0,1.0,0.0,20.0,41.0,11.0,0.0,Acima da média
751,26178192,2017,1,2,2601,26003,26,2613909,261390905,2,1,1.0,1.0,1.0,0.0,0.0,0.0,0.0,0.0,0.0,0.0,0.0,0.0,0.0,1.0,1.0,0.0,0.0,0.0,0.0,1.0,0.0,0.0,0.0,1.0,0.0,0.0,1.0,0.0,0.0,0.0,0.0,0.0,1.0,1.0,1.0,1.0,0.0,0.0,1.0,1.0,1.0,1.0,0.0,1.0,0.0,0.0,0.0,1.0,0.0,1.0,1.0,1.0,1.0,1.0,1.0,0.0,1.0,0.0,0.0,0.0,0.0,0.0,0.0,0.0,13.0,12.0,1.0,0.0,1.0,0.0,1.0,1.0,0.0,1.0,1.0,1.0,0.0,1.0,1.0,6.0,0.0,6.0,0.0,3.0,2.0,0.0,3.0,7.0,13.0,0.0,2.0,29.0,8.0,21.0,1.0,1.0,31.0,1.0,0.0,0.0,0.0,0.0,0.0,1.0,0.0,0.0,0.0,0.0,1.0,0.0,0.0,0.0,1.0,0.0,0.0,0.0,0.0,0.0,0.0,1.0,0.0,0.0,0.0,0.0,0.0,0.0,0.0,0.0,0.0,0.0,0.0,0.0,0.0,0.0,0.0,0.0,0.0,35.0,15.0,56.0,3.0,5.0,1.0,0.0,14.0,73.0,21.0,6.0,1.0,0.0,0.0,5.0,110.0,1.0,114.0,71.0,44.0,57.0,53.0,5.0,23.0,69.0,23.0,0.0,67.0,48.0,0.0,3.0,52.0,49.0,11.0,1.0,15.0,27.0,42.0,20.0,10.0,104.0,10.0,1.0,0.0,0.0,102.0,9.0,4.0,1.0,9.0,12.0,9.0,46.0,32.0,6.0,115.0,0.0,97.0,18.0,78.0,31.0,6.0,3.0,9.0,23.0,12.0,44.0,12.0,12.0,106.0,9.0,77.0,38.0,67.0,36.0,12.0,112.0,3.0,110.0,5.0,101.0,14.0,113.0,2.0,83.0,32.0,46.0,59.0,10.0,84.0,30.0,1.0,21.0,33.0,30.0,30.0,1.0,47.0,30.0,4.0,7.0,27.0,3.0,112.0,43.0,60.0,12.0,0.0,102.0,2.0,11.0,100.0,11.0,4.0,114.0,1.0,0.0,10.0,105.0,96.0,19.0,90.0,21.0,2.0,2.0,102.0,11.0,2.0,78.0,35.0,2.0,113.0,0.0,2.0,106.0,8.0,0.0,1.0,76.0,39.0,96.0,17.0,2.0,0.0,109.0,6.0,0.0,103.0,12.0,0.0,94.0,20.0,1.0,111.0,4.0,0.0,103.0,11.0,1.0,0.0,26.0,64.0,24.0,1.0,Acima da média
753,26013452,2017,1,2,2601,26002,26,2614006,261400605,2,1,1.0,1.0,1.0,0.0,0.0,0.0,0.0,0.0,0.0,0.0,1.0,0.0,0.0,1.0,1.0,0.0,0.0,0.0,0.0,1.0,0.0,0.0,0.0,1.0,0.0,0.0,1.0,0.0,0.0,0.0,0.0,0.0,1.0,1.0,0.0,0.0,0.0,0.0,1.0,1.0,1.0,1.0,0.0,1.0,0.0,0.0,0.0,1.0,0.0,0.0,0.0,1.0,1.0,0.0,0.0,1.0,0.0,0.0,0.0,0.0,0.0,0.0,0.0,0.0,11.0,16.0,1.0,0.0,1.0,1.0,1.0,1.0,1.0,1.0,1.0,1.0,0.0,1.0,1.0,7.0,0.0,11.0,2.0,3.0,1.0,7.0,1.0,12.0,20.0,0.0,4.0,5.0,5.0,0.0,1.0,1.0,50.0,1.0,0.0,0.0,0.0,0.0,0.0,1.0,0.0,0.0,0.0,0.0,1.0,0.0,0.0,0.0,1.0,0.0,0.0,0.0,0.0,0.0,0.0,1.0,0.0,0.0,0.0,0.0,0.0,0.0,0.0,0.0,0.0,0.0,0.0,0.0,0.0,0.0,0.0,0.0,0.0,40.0,14.0,112.0,1.0,1.0,14.0,0.0,20.0,80.0,53.0,22.0,6.0,0.0,1.0,8.0,174.0,3.0,179.0,125.0,57.0,143.0,34.0,5.0,139.0,40.0,3.0,3.0,161.0,18.0,3.0,7.0,99.0,55.0,18.0,0.0,6.0,24.0,58.0,40.0,54.0,165.0,10.0,4.0,2.0,1.0,163.0,13.0,6.0,6.0,48.0,28.0,19.0,51.0,13.0,17.0,159.0,23.0,142.0,40.0,124.0,48.0,10.0,27.0,56.0,26.0,16.0,19.0,3.0,35.0,129.0,53.0,88.0,94.0,163.0,17.0,2.0,180.0,2.0,176.0,6.0,171.0,11.0,180.0,2.0,151.0,31.0,81.0,83.0,18.0,103.0,69.0,10.0,51.0,63.0,32.0,22.0,14.0,62.0,51.0,15.0,18.0,36.0,11.0,171.0,71.0,60.0,46.0,5.0,178.0,1.0,3.0,115.0,59.0,8.0,174.0,6.0,2.0,87.0,95.0,159.0,23.0,129.0,49.0,3.0,1.0,152.0,28.0,2.0,119.0,60.0,3.0,149.0,30.0,3.0,173.0,6.0,0.0,3.0,137.0,45.0,120.0,54.0,6.0,2.0,174.0,7.0,1.0,144.0,36.0,2.0,148.0,33.0,1.0,125.0,56.0,1.0,173.0,7.0,0.0,2.0,66.0,95.0,19.0,2.0,Abaixo da média
754,26029812,2017,1,2,2601,26004,26,2614105,261410505,2,1,1.0,1.0,1.0,0.0,0.0,0.0,0.0,0.0,0.0,0.0,1.0,0.0,0.0,1.0,1.0,0.0,0.0,0.0,0.0,1.0,0.0,0.0,0.0,1.0,0.0,0.0,1.0,0.0,0.0,0.0,0.0,0.0,1.0,1.0,1.0,0.0,0.0,0.0,1.0,1.0,1.0,1.0,0.0,1.0,0.0,0.0,0.0,1.0,0.0,0.0,0.0,0.0,0.0,0.0,0.0,0.0,0.0,0.0,0.0,0.0,0.0,0.0,0.0,0.0,10.0,17.0,1.0,0.0,1.0,0.0,1.0,1.0,1.0,1.0,1.0,1.0,0.0,1.0,1.0,1.0,0.0,2.0,0.0,3.0,4.0,7.0,2.0,2.0,9.0,0.0,2.0,21.0,6.0,14.0,1.0,1.0,99.0,1.0,0.0,1.0,0.0,0.0,0.0,1.0,0.0,0.0,1.0,0.0,1.0,0.0,0.0,0.0,1.0,0.0,1.0,0.0,0.0,0.0,1.0,1.0,0.0,1.0,0.0,0.0,0.0,0.0,0.0,0.0,0.0,0.0,0.0,0.0,0.0,0.0,0.0,0.0,0.0,23.0,4.0,77.0,7.0,3.0,9.0,0.0,5.0,38.0,41.0,18.0,12.0,4.0,5.0,4.0,119.0,4.0,119.0,74.0,49.0,90.0,29.0,4.0,93.0,24.0,6.0,9.0,105.0,9.0,1.0,13.0,47.0,49.0,13.0,2.0,20.0,28.0,28.0,23.0,22.0,115.0,5.0,2.0,0.0,1.0,97.0,19.0,7.0,12.0,38.0,21.0,13.0,20.0,7.0,12.0,102.0,21.0,95.0,28.0,73.0,45.0,5.0,22.0,36.0,12.0,2.0,11.0,4.0,36.0,86.0,37.0,64.0,59.0,62.0,45.0,16.0,120.0,3.0,115.0,8.0,111.0,12.0,119.0,4.0,90.0,33.0,35.0,75.0,13.0,92.0,25.0,6.0,33.0,28.0,16.0,34.0,12.0,26.0,40.0,19.0,15.0,23.0,13.0,110.0,33.0,74.0,14.0,2.0,118.0,1.0,4.0,72.0,40.0,11.0,101.0,15.0,7.0,33.0,90.0,88.0,35.0,74.0,40.0,4.0,5.0,92.0,21.0,10.0,61.0,53.0,9.0,95.0,19.0,9.0,105.0,12.0,3.0,3.0,69.0,54.0,70.0,48.0,4.0,1.0,118.0,3.0,2.0,79.0,41.0,3.0,76.0,44.0,3.0,89.0,31.0,3.0,108.0,12.0,1.0,2.0,27.0,57.0,31.0,8.0,Abaixo da média
755,26029910,2017,1,2,2601,26004,26,2614105,261410505,2,1,1.0,1.0,1.0,0.0,0.0,0.0,0.0,0.0,0.0,0.0,0.0,0.0,0.0,0.0,1.0,0.0,0.0,0.0,0.0,1.0,0.0,0.0,0.0,1.0,0.0,0.0,1.0,0.0,0.0,0.0,0.0,0.0,1.0,1.0,1.0,0.0,1.0,0.0,1.0,1.0,1.0,1.0,0.0,1.0,0.0,0.0,0.0,1.0,0.0,1.0,1.0,1.0,1.0,1.0,0.0,0.0,1.0,1.0,0.0,0.0,0.0,0.0,0.0,0.0,18.0,15.0,1.0,0.0,1.0,0.0,0.0,0.0,1.0,1.0,1.0,1.0,0.0,1.0,1.0,4.0,0.0,1.0,0.0,0.0,0.0,3.0,4.0,2.0,18.0,0.0,3.0,12.0,2.0,10.0,1.0,1.0,56.0,1.0,1.0,1.0,0.0,0.0,0.0,1.0,0.0,0.0,0.0,0.0,1.0,0.0,0.0,0.0,1.0,0.0,0.0,0.0,0.0,0.0,0.0,1.0,0.0,0.0,0.0,0.0,0.0,0.0,0.0,0.0,0.0,0.0,0.0,0.0,0.0,0.0,0.0,0.0,0.0,35.0,16.0,65.0,7.0,2.0,4.0,0.0,7.0,81.0,29.0,8.0,4.0,0.0,0.0,2.0,127.0,3.0,126.0,71.0,58.0,71.0,50.0,8.0,61.0,55.0,13.0,4.0,85.0,40.0,0.0,4.0,52.0,61.0,12.0,0.0,8.0,22.0,62.0,27.0,10.0,119.0,10.0,0.0,0.0,0.0,117.0,11.0,1.0,4.0,18.0,22.0,16.0,48.0,12.0,9.0,119.0,10.0,96.0,33.0,95.0,29.0,5.0,7.0,25.0,24.0,15.0,28.0,12.0,18.0,107.0,22.0,70.0,59.0,90.0,33.0,6.0,128.0,1.0,121.0,8.0,111.0,18.0,128.0,1.0,106.0,23.0,61.0,60.0,8.0,107.0,19.0,3.0,29.0,35.0,26.0,34.0,5.0,46.0,35.0,11.0,8.0,29.0,4.0,125.0,59.0,64.0,4.0,2.0,117.0,2.0,10.0,99.0,23.0,7.0,128.0,1.0,0.0,30.0,99.0,121.0,8.0,73.0,30.0,5.0,21.0,92.0,12.0,25.0,71.0,32.0,26.0,99.0,6.0,24.0,67.0,25.0,9.0,28.0,80.0,49.0,85.0,40.0,4.0,0.0,122.0,7.0,0.0,104.0,24.0,1.0,97.0,31.0,1.0,110.0,18.0,1.0,121.0,8.0,0.0,0.0,39.0,81.0,9.0,0.0,Acima da média
758,26104920,2017,1,2,2604,26015,26,2614204,261420405,2,1,1.0,1.0,1.0,0.0,0.0,0.0,0.0,0.0,0.0,0.0,0.0,0.0,0.0,1.0,1.0,0.0,0.0,0.0,0.0,1.0,0.0,0.0,0.0,0.0,1.0,0.0,1.0,0.0,0.0,0.0,0.0,0.0,1.0,1.0,1.0,0.0,0.0,1.0,0.0,1.0,1.0,1.0,0.0,1.0,0.0,0.0,0.0,1.0,0.0,1.0,0.0,1.0,1.0,1.0,0.0,0.0,1.0,0.0,0.0,0.0,0.0,0.0,0.0,0.0,16.0,14.0,1.0,0.0,1.0,0.0,1.0,0.0,0.0,1.0,1.0,1.0,0.0,1.0,1.0,1.0,0.0,6.0,0.0,2.0,0.0,0.0,2.0,1.0,11.0,0.0,1.0,6.0,4.0,0.0,1.0,0.0,35.0,1.0,0.0,0.0,0.0,0.0,0.0,1.0,0.0,0.0,0.0,0.0,1.0,0.0,0.0,0.0,1.0,1.0,0.0,0.0,0.0,0.0,0.0,1.0,0.0,0.0,0.0,0.0,0.0,0.0,0.0,0.0,0.0,0.0,1.0,0.0,0.0,0.0,0.0,0.0,0.0,18.0,24.0,85.0,11.0,1.0,8.0,0.0,8.0,71.0,43.0,15.0,6.0,4.0,0.0,3.0,144.0,1.0,146.0,88.0,59.0,107.0,38.0,2.0,96.0,46.0,5.0,2.0,112.0,33.0,1.0,8.0,58.0,67.0,13.0,0.0,11.0,36.0,45.0,34.0,21.0,131.0,10.0,4.0,2.0,0.0,123.0,16.0,8.0,5.0,25.0,21.0,15.0,43.0,13.0,25.0,132.0,15.0,122.0,25.0,89.0,47.0,11.0,4.0,32.0,26.0,15.0,31.0,4.0,35.0,121.0,26.0,100.0,47.0,103.0,35.0,9.0,147.0,0.0,137.0,10.0,127.0,20.0,145.0,2.0,115.0,32.0,50.0,78.0,19.0,114.0,29.0,4.0,30.0,37.0,25.0,42.0,13.0,52.0,42.0,8.0,11.0,34.0,6.0,141.0,59.0,69.0,17.0,2.0,126.0,5.0,16.0,96.0,41.0,10.0,141.0,5.0,1.0,45.0,102.0,133.0,14.0,124.0,19.0,0.0,4.0,128.0,9.0,10.0,88.0,47.0,12.0,127.0,12.0,8.0,137.0,3.0,1.0,6.0,111.0,36.0,90.0,46.0,6.0,5.0,134.0,6.0,7.0,105.0,36.0,6.0,100.0,40.0,7.0,114.0,28.0,5.0,122.0,16.0,3.0,6.0,52.0,73.0,22.0,0.0,Abaixo da média
759,26169193,2017,1,2,2604,26015,26,2614204,261420415,2,2,1.0,1.0,1.0,0.0,0.0,0.0,0.0,0.0,0.0,0.0,0.0,0.0,0.0,1.0,0.0,0.0,1.0,0.0,0.0,1.0,0.0,0.0,0.0,0.0,1.0,0.0,1.0,0.0,0.0,0.0,0.0,0.0,1.0,1.0,1.0,1.0,0.0,0.0,0.0,0.0,1.0,1.0,0.0,1.0,0.0,0.0,0.0,1.0,0.0,1.0,0.0,0.0,0.0,0.0,0.0,0.0,0.0,0.0,0.0,0.0,0.0,0.0,0.0,0.0,6.0,6.0,1.0,0.0,1.0,1.0,1.0,0.0,1.0,1.0,1.0,1.0,0.0,1.0,1.0,4.0,0.0,4.0,1.0,1.0,0.0,2.0,1.0,3.0,4.0,0.0,1.0,15.0,2.0,2.0,1.0,0.0,14.0,1.0,0.0,0.0,0.0,0.0,0.0,1.0,0.0,0.0,0.0,0.0,1.0,0.0,0.0,0.0,1.0,0.0,0.0,0.0,0.0,0.0,0.0,1.0,0.0,0.0,0.0,0.0,0.0,0.0,0.0,0.0,0.0,0.0,0.0,0.0,0.0,0.0,0.0,0.0,0.0,15.0,5.0,39.0,7.0,0.0,3.0,1.0,7.0,24.0,21.0,9.0,5.0,2.0,0.0,4.0,65.0,0.0,69.0,49.0,20.0,46.0,21.0,2.0,52.0,16.0,1.0,1.0,55.0,13.0,0.0,4.0,33.0,26.0,6.0,1.0,5.0,16.0,24.0,16.0,7.0,60.0,9.0,0.0,0.0,0.0,60.0,6.0,3.0,6.0,20.0,11.0,4.0,10.0,7.0,11.0,57.0,12.0,57.0,12.0,44.0,21.0,4.0,7.0,21.0,10.0,4.0,8.0,3.0,16.0,52.0,17.0,43.0,26.0,41.0,20.0,8.0,67.0,2.0,68.0,1.0,65.0,4.0,68.0,1.0,59.0,10.0,28.0,37.0,4.0,52.0,12.0,5.0,23.0,16.0,6.0,13.0,11.0,21.0,20.0,1.0,8.0,19.0,10.0,59.0,9.0,48.0,11.0,1.0,66.0,0.0,3.0,43.0,22.0,4.0,64.0,3.0,2.0,31.0,38.0,64.0,5.0,49.0,15.0,2.0,3.0,56.0,11.0,2.0,50.0,17.0,2.0,60.0,7.0,2.0,62.0,6.0,0.0,1.0,40.0,29.0,33.0,29.0,2.0,5.0,64.0,1.0,4.0,46.0,19.0,4.0,49.0,16.0,4.0,51.0,14.0,4.0,51.0,12.0,2.0,4.0,26.0,35.0,8.0,0.0,Abaixo da média
760,26181320,2017,1,2,2604,26015,26,2614204,261420405,2,1,1.0,1.0,2.0,0.0,0.0,0.0,0.0,0.0,0.0,0.0,0.0,0.0,0.0,1.0,1.0,0.0,0.0,0.0,0.0,1.0,0.0,0.0,0.0,1.0,0.0,0.0,1.0,0.0,0.0,0.0,0.0,0.0,1.0,1.0,0.0,0.0,0.0,0.0,0.0,0.0,1.0,0.0,0.0,0.0,0.0,0.0,0.0,1.0,0.0,0.0,0.0,0.0,0.0,0.0,0.0,0.0,0.0,0.0,0.0,0.0,0.0,0.0,0.0,0.0,5.0,5.0,1.0,0.0,1.0,0.0,0.0,0.0,1.0,1.0,0.0,1.0,0.0,1.0,1.0,2.0,0.0,3.0,0.0,0.0,0.0,2.0,2.0,0.0,1.0,0.0,1.0,1.0,1.0,0.0,1.0,1.0,23.0,1.0,0.0,0.0,0.0,0.0,0.0,1.0,0.0,0.0,0.0,0.0,1.0,0.0,0.0,0.0,1.0,1.0,0.0,0.0,0.0,0.0,0.0,1.0,0.0,0.0,0.0,0.0,0.0,0.0,0.0,0.0,0.0,0.0,1.0,0.0,0.0,0.0,0.0,0.0,0.0,6.0,13.0,23.0,3.0,1.0,6.0,0.0,3.0,16.0,17.0,7.0,6.0,0.0,3.0,3.0,49.0,0.0,52.0,28.0,24.0,43.0,8.0,1.0,39.0,12.0,1.0,0.0,39.0,13.0,0.0,4.0,22.0,22.0,4.0,1.0,10.0,7.0,19.0,9.0,6.0,45.0,6.0,1.0,0.0,0.0,39.0,9.0,4.0,2.0,12.0,8.0,7.0,17.0,1.0,5.0,47.0,5.0,44.0,8.0,27.0,19.0,6.0,3.0,12.0,12.0,5.0,9.0,0.0,11.0,40.0,12.0,34.0,18.0,27.0,18.0,7.0,52.0,0.0,48.0,4.0,49.0,3.0,52.0,0.0,40.0,12.0,19.0,31.0,2.0,39.0,13.0,0.0,16.0,8.0,8.0,15.0,5.0,19.0,15.0,4.0,5.0,9.0,7.0,45.0,19.0,26.0,3.0,4.0,47.0,0.0,5.0,26.0,18.0,8.0,47.0,4.0,1.0,29.0,23.0,44.0,8.0,34.0,15.0,1.0,2.0,45.0,7.0,0.0,39.0,11.0,2.0,50.0,1.0,1.0,43.0,6.0,0.0,3.0,37.0,15.0,35.0,14.0,1.0,2.0,50.0,0.0,2.0,40.0,10.0,2.0,38.0,13.0,1.0,46.0,6.0,0.0,43.0,7.0,1.0,1.0,5.0,17.0,21.0,9.0,Abaixo da média
761,26182092,2017,1,2,2604,26015,26,2614204,261420405,2,1,1.0,1.0,2.0,0.0,0.0,0.0,0.0,0.0,0.0,0.0,0.0,0.0,0.0,1.0,1.0,0.0,0.0,0.0,0.0,1.0,0.0,0.0,0.0,1.0,0.0,0.0,1.0,0.0,0.0,1.0,0.0,0.0,1.0,1.0,0.0,0.0,0.0,0.0,0.0,0.0,1.0,1.0,1.0,1.0,0.0,0.0,0.0,1.0,0.0,0.0,0.0,1.0,1.0,1.0,1.0,1.0,0.0,1.0,0.0,0.0,0.0,1.0,0.0,0.0,6.0,6.0,1.0,0.0,1.0,0.0,0.0,0.0,1.0,1.0,1.0,1.0,0.0,0.0,1.0,1.0,0.0,1.0,0.0,0.0,0.0,2.0,2.0,1.0,3.0,0.0,0.0,2.0,2.0,0.0,1.0,0.0,15.0,1.0,0.0,0.0,0.0,0.0,0.0,1.0,0.0,0.0,1.0,0.0,1.0,0.0,0.0,0.0,1.0,1.0,0.0,0.0,0.0,0.0,0.0,1.0,0.0,0.0,0.0,0.0,0.0,0.0,0.0,0.0,0.0,0.0,1.0,0.0,0.0,0.0,0.0,0.0,0.0,11.0,9.0,36.0,2.0,0.0,1.0,0.0,3.0,20.0,22.0,13.0,0.0,1.0,0.0,3.0,56.0,1.0,58.0,26.0,33.0,38.0,21.0,0.0,39.0,20.0,0.0,0.0,45.0,14.0,0.0,4.0,28.0,22.0,5.0,0.0,5.0,13.0,20.0,11.0,10.0,54.0,3.0,1.0,1.0,0.0,55.0,3.0,1.0,1.0,12.0,8.0,6.0,22.0,5.0,5.0,56.0,3.0,51.0,8.0,29.0,21.0,9.0,3.0,8.0,6.0,9.0,18.0,2.0,13.0,50.0,9.0,41.0,18.0,33.0,22.0,4.0,59.0,0.0,58.0,1.0,57.0,2.0,59.0,0.0,49.0,10.0,29.0,28.0,2.0,47.0,12.0,0.0,17.0,20.0,9.0,12.0,1.0,20.0,19.0,7.0,7.0,6.0,8.0,51.0,28.0,25.0,5.0,1.0,44.0,1.0,14.0,39.0,17.0,3.0,57.0,2.0,0.0,13.0,46.0,54.0,5.0,38.0,18.0,0.0,3.0,39.0,16.0,4.0,34.0,21.0,4.0,56.0,1.0,2.0,54.0,2.0,0.0,3.0,34.0,25.0,25.0,27.0,5.0,2.0,52.0,6.0,1.0,39.0,19.0,1.0,37.0,21.0,1.0,49.0,9.0,1.0,44.0,9.0,2.0,4.0,14.0,26.0,17.0,2.0,Abaixo da média
762,26008181,2017,1,2,2601,26001,26,2614303,261430305,2,1,1.0,1.0,1.0,0.0,0.0,0.0,0.0,0.0,0.0,0.0,0.0,0.0,0.0,1.0,1.0,0.0,0.0,0.0,0.0,1.0,0.0,0.0,0.0,1.0,0.0,0.0,1.0,0.0,0.0,0.0,0.0,0.0,1.0,1.0,1.0,0.0,1.0,1.0,0.0,1.0,1.0,1.0,1.0,1.0,0.0,0.0,0.0,1.0,0.0,1.0,1.0,1.0,1.0,1.0,1.0,1.0,1.0,1.0,0.0,0.0,0.0,0.0,0.0,0.0,16.0,15.0,1.0,0.0,0.0,0.0,1.0,1.0,0.0,1.0,1.0,1.0,0.0,1.0,1.0,3.0,0.0,0.0,0.0,1.0,1.0,0.0,3.0,1.0,9.0,0.0,2.0,25.0,4.0,17.0,1.0,1.0,30.0,1.0,1.0,0.0,0.0,0.0,0.0,1.0,0.0,0.0,0.0,0.0,1.0,0.0,0.0,0.0,1.0,1.0,0.0,0.0,0.0,0.0,0.0,1.0,0.0,0.0,0.0,0.0,0.0,0.0,0.0,0.0,0.0,0.0,1.0,0.0,0.0,0.0,0.0,0.0,0.0,22.0,6.0,56.0,4.0,2.0,8.0,0.0,2.0,65.0,13.0,14.0,3.0,1.0,0.0,3.0,95.0,1.0,97.0,70.0,28.0,83.0,13.0,2.0,59.0,33.0,6.0,3.0,81.0,14.0,0.0,6.0,38.0,44.0,10.0,0.0,10.0,19.0,27.0,18.0,24.0,91.0,5.0,1.0,0.0,1.0,85.0,9.0,4.0,2.0,23.0,12.0,11.0,27.0,12.0,11.0,86.0,12.0,72.0,26.0,71.0,22.0,5.0,10.0,28.0,18.0,7.0,15.0,3.0,17.0,70.0,28.0,52.0,46.0,72.0,24.0,2.0,96.0,2.0,93.0,5.0,91.0,7.0,98.0,0.0,80.0,18.0,40.0,54.0,4.0,64.0,32.0,2.0,30.0,31.0,12.0,16.0,9.0,35.0,20.0,10.0,9.0,24.0,6.0,92.0,55.0,28.0,15.0,0.0,98.0,0.0,0.0,71.0,19.0,8.0,93.0,4.0,1.0,25.0,73.0,82.0,16.0,57.0,38.0,3.0,0.0,96.0,2.0,0.0,64.0,32.0,2.0,87.0,11.0,0.0,86.0,12.0,0.0,0.0,62.0,36.0,41.0,52.0,5.0,0.0,95.0,3.0,0.0,91.0,7.0,0.0,66.0,32.0,0.0,67.0,31.0,0.0,93.0,5.0,0.0,0.0,15.0,63.0,20.0,0.0,Acima da média
763,26008505,2017,1,2,2601,26001,26,2614303,261430310,2,1,1.0,1.0,3.0,0.0,0.0,0.0,0.0,0.0,0.0,0.0,0.0,0.0,0.0,1.0,0.0,0.0,1.0,0.0,0.0,1.0,0.0,0.0,0.0,0.0,1.0,0.0,1.0,0.0,0.0,0.0,0.0,0.0,1.0,1.0,1.0,0.0,1.0,0.0,0.0,0.0,1.0,1.0,0.0,1.0,0.0,0.0,0.0,1.0,0.0,0.0,0.0,1.0,0.0,0.0,0.0,0.0,0.0,1.0,0.0,0.0,0.0,0.0,0.0,0.0,6.0,6.0,1.0,0.0,1.0,0.0,1.0,0.0,1.0,1.0,1.0,1.0,1.0,1.0,1.0,1.0,0.0,2.0,0.0,3.0,0.0,3.0,3.0,2.0,8.0,1.0,1.0,35.0,5.0,30.0,1.0,1.0,23.0,1.0,1.0,1.0,0.0,0.0,0.0,1.0,0.0,0.0,0.0,0.0,1.0,0.0,0.0,0.0,1.0,0.0,0.0,0.0,0.0,0.0,1.0,1.0,0.0,0.0,0.0,0.0,0.0,0.0,0.0,0.0,0.0,0.0,0.0,0.0,0.0,0.0,0.0,0.0,0.0,10.0,3.0,24.0,3.0,0.0,4.0,0.0,6.0,24.0,6.0,4.0,0.0,1.0,3.0,2.0,42.0,0.0,44.0,38.0,6.0,37.0,7.0,0.0,27.0,14.0,3.0,1.0,43.0,0.0,0.0,1.0,15.0,24.0,4.0,0.0,1.0,12.0,10.0,13.0,8.0,43.0,1.0,0.0,0.0,0.0,41.0,3.0,0.0,1.0,7.0,10.0,8.0,7.0,5.0,6.0,42.0,2.0,38.0,6.0,32.0,11.0,1.0,6.0,4.0,13.0,5.0,8.0,1.0,7.0,32.0,12.0,19.0,25.0,29.0,13.0,2.0,41.0,3.0,39.0,5.0,36.0,8.0,43.0,1.0,34.0,10.0,15.0,24.0,5.0,27.0,13.0,4.0,13.0,13.0,6.0,9.0,3.0,12.0,12.0,5.0,7.0,8.0,9.0,35.0,27.0,14.0,3.0,0.0,44.0,0.0,0.0,35.0,6.0,3.0,41.0,2.0,1.0,18.0,26.0,38.0,6.0,30.0,13.0,1.0,0.0,42.0,2.0,0.0,27.0,17.0,0.0,37.0,7.0,0.0,42.0,2.0,0.0,0.0,20.0,24.0,22.0,21.0,1.0,0.0,42.0,2.0,0.0,39.0,5.0,0.0,30.0,14.0,0.0,31.0,13.0,0.0,30.0,14.0,0.0,0.0,9.0,27.0,8.0,0.0,Acima da média
764,26022850,2017,1,2,2601,26003,26,2614402,261440205,2,1,1.0,1.0,1.0,0.0,0.0,0.0,0.0,0.0,0.0,0.0,0.0,0.0,0.0,1.0,1.0,0.0,0.0,0.0,0.0,1.0,0.0,0.0,0.0,1.0,0.0,0.0,1.0,0.0,0.0,0.0,0.0,0.0,0.0,1.0,1.0,1.0,1.0,0.0,0.0,0.0,1.0,1.0,0.0,1.0,0.0,0.0,0.0,1.0,0.0,1.0,1.0,1.0,1.0,0.0,1.0,1.0,0.0,1.0,1.0,0.0,0.0,0.0,0.0,0.0,8.0,5.0,1.0,0.0,0.0,1.0,1.0,1.0,1.0,1.0,1.0,1.0,0.0,1.0,1.0,2.0,0.0,0.0,1.0,1.0,1.0,2.0,3.0,1.0,3.0,0.0,1.0,14.0,4.0,13.0,1.0,1.0,24.0,1.0,1.0,0.0,0.0,0.0,0.0,1.0,0.0,0.0,0.0,1.0,1.0,0.0,0.0,0.0,1.0,1.0,0.0,0.0,0.0,0.0,0.0,1.0,0.0,0.0,0.0,0.0,0.0,0.0,0.0,0.0,0.0,1.0,1.0,0.0,0.0,0.0,0.0,0.0,0.0,4.0,1.0,15.0,0.0,2.0,0.0,0.0,2.0,9.0,9.0,1.0,0.0,0.0,1.0,0.0,22.0,0.0,22.0,13.0,9.0,16.0,4.0,2.0,17.0,3.0,2.0,1.0,18.0,3.0,0.0,0.0,6.0,13.0,3.0,0.0,1.0,2.0,5.0,10.0,4.0,20.0,1.0,1.0,0.0,0.0,20.0,2.0,0.0,1.0,5.0,6.0,3.0,2.0,2.0,3.0,20.0,2.0,11.0,11.0,16.0,4.0,2.0,4.0,3.0,4.0,2.0,2.0,2.0,5.0,16.0,6.0,8.0,14.0,14.0,5.0,3.0,21.0,1.0,19.0,3.0,14.0,8.0,21.0,1.0,16.0,6.0,5.0,13.0,4.0,14.0,7.0,1.0,5.0,5.0,4.0,8.0,0.0,12.0,6.0,1.0,3.0,0.0,1.0,21.0,6.0,13.0,3.0,0.0,22.0,0.0,0.0,16.0,5.0,1.0,21.0,1.0,0.0,1.0,21.0,19.0,3.0,15.0,6.0,1.0,0.0,19.0,3.0,0.0,12.0,10.0,0.0,19.0,3.0,0.0,21.0,1.0,0.0,0.0,15.0,7.0,15.0,5.0,2.0,0.0,21.0,1.0,0.0,14.0,8.0,0.0,16.0,6.0,0.0,18.0,4.0,0.0,21.0,1.0,0.0,0.0,0.0,14.0,8.0,0.0,Acima da média
765,26064618,2017,1,2,2603,26009,26,2614501,261450105,2,1,1.0,1.0,1.0,0.0,0.0,0.0,0.0,0.0,0.0,0.0,0.0,0.0,0.0,1.0,1.0,0.0,0.0,0.0,0.0,1.0,0.0,0.0,0.0,0.0,1.0,0.0,1.0,0.0,0.0,0.0,0.0,0.0,1.0,1.0,1.0,1.0,0.0,1.0,0.0,1.0,1.0,1.0,0.0,1.0,0.0,0.0,0.0,1.0,0.0,0.0,0.0,0.0,0.0,0.0,0.0,0.0,0.0,0.0,0.0,0.0,0.0,0.0,0.0,0.0,15.0,9.0,1.0,0.0,0.0,0.0,1.0,0.0,1.0,0.0,1.0,1.0,0.0,1.0,1.0,3.0,0.0,0.0,0.0,1.0,0.0,5.0,0.0,4.0,16.0,0.0,1.0,26.0,2.0,24.0,1.0,0.0,35.0,1.0,0.0,1.0,0.0,0.0,0.0,1.0,0.0,0.0,0.0,0.0,1.0,0.0,0.0,0.0,1.0,0.0,0.0,0.0,0.0,0.0,0.0,1.0,0.0,0.0,0.0,0.0,0.0,0.0,0.0,0.0,0.0,0.0,0.0,0.0,0.0,0.0,0.0,0.0,0.0,34.0,5.0,34.0,3.0,3.0,2.0,0.0,1.0,41.0,29.0,9.0,1.0,0.0,0.0,2.0,79.0,1.0,80.0,47.0,34.0,46.0,31.0,4.0,28.0,46.0,7.0,0.0,51.0,30.0,0.0,1.0,34.0,38.0,8.0,0.0,8.0,17.0,31.0,17.0,8.0,74.0,7.0,0.0,0.0,0.0,76.0,2.0,3.0,0.0,13.0,15.0,10.0,23.0,17.0,3.0,78.0,3.0,68.0,13.0,50.0,22.0,9.0,2.0,15.0,25.0,6.0,13.0,5.0,15.0,69.0,12.0,55.0,26.0,54.0,26.0,1.0,80.0,1.0,73.0,8.0,67.0,14.0,78.0,3.0,57.0,24.0,21.0,43.0,17.0,54.0,25.0,2.0,5.0,19.0,27.0,29.0,1.0,28.0,21.0,10.0,2.0,20.0,6.0,75.0,32.0,48.0,1.0,0.0,72.0,1.0,8.0,54.0,20.0,7.0,79.0,2.0,0.0,6.0,75.0,53.0,28.0,42.0,34.0,5.0,0.0,73.0,7.0,1.0,51.0,29.0,1.0,77.0,3.0,1.0,76.0,5.0,0.0,0.0,38.0,43.0,34.0,38.0,9.0,0.0,76.0,3.0,2.0,68.0,11.0,2.0,59.0,20.0,2.0,70.0,9.0,2.0,59.0,19.0,2.0,1.0,13.0,43.0,25.0,0.0,Acima da média
766,26064626,2017,1,2,2603,26009,26,2614501,261450105,2,1,1.0,1.0,1.0,0.0,0.0,0.0,0.0,0.0,0.0,0.0,0.0,0.0,0.0,1.0,1.0,0.0,0.0,0.0,0.0,1.0,0.0,0.0,0.0,1.0,0.0,0.0,1.0,0.0,0.0,0.0,0.0,0.0,1.0,1.0,1.0,1.0,0.0,1.0,0.0,1.0,1.0,1.0,0.0,1.0,0.0,0.0,0.0,1.0,0.0,1.0,0.0,0.0,0.0,0.0,0.0,0.0,0.0,0.0,0.0,0.0,0.0,0.0,0.0,0.0,16.0,15.0,1.0,1.0,1.0,1.0,1.0,1.0,1.0,1.0,1.0,1.0,0.0,1.0,1.0,10.0,1.0,10.0,1.0,3.0,3.0,6.0,2.0,10.0,6.0,0.0,3.0,25.0,8.0,17.0,1.0,1.0,36.0,1.0,0.0,0.0,0.0,0.0,0.0,1.0,0.0,0.0,1.0,0.0,1.0,0.0,0.0,0.0,1.0,0.0,0.0,0.0,0.0,0.0,0.0,1.0,0.0,0.0,0.0,0.0,0.0,0.0,0.0,0.0,0.0,0.0,0.0,0.0,0.0,0.0,0.0,0.0,0.0,43.0,7.0,71.0,8.0,2.0,6.0,0.0,3.0,55.0,59.0,15.0,5.0,0.0,0.0,1.0,136.0,1.0,136.0,85.0,52.0,88.0,46.0,3.0,69.0,59.0,9.0,1.0,103.0,33.0,0.0,3.0,59.0,68.0,7.0,0.0,13.0,34.0,49.0,27.0,14.0,128.0,8.0,0.0,1.0,0.0,121.0,7.0,9.0,14.0,34.0,25.0,21.0,26.0,11.0,6.0,117.0,20.0,89.0,48.0,83.0,51.0,3.0,13.0,49.0,15.0,9.0,23.0,4.0,24.0,103.0,34.0,62.0,75.0,78.0,47.0,12.0,135.0,2.0,124.0,13.0,121.0,16.0,137.0,0.0,93.0,44.0,37.0,80.0,20.0,103.0,31.0,3.0,24.0,39.0,33.0,40.0,1.0,47.0,42.0,12.0,16.0,20.0,25.0,112.0,32.0,103.0,2.0,0.0,130.0,1.0,6.0,92.0,33.0,12.0,132.0,4.0,1.0,16.0,121.0,118.0,19.0,51.0,73.0,11.0,2.0,116.0,20.0,1.0,78.0,57.0,2.0,136.0,1.0,0.0,134.0,3.0,0.0,0.0,68.0,69.0,57.0,64.0,15.0,1.0,128.0,8.0,1.0,97.0,40.0,0.0,108.0,28.0,1.0,118.0,16.0,3.0,132.0,3.0,1.0,1.0,16.0,70.0,50.0,1.0,Acima da média
767,26064642,2017,1,2,2603,26009,26,2614501,261450105,2,1,1.0,1.0,1.0,0.0,0.0,0.0,0.0,0.0,0.0,0.0,0.0,0.0,0.0,1.0,1.0,0.0,1.0,0.0,0.0,1.0,0.0,0.0,0.0,1.0,1.0,0.0,1.0,0.0,0.0,0.0,0.0,0.0,1.0,1.0,1.0,1.0,1.0,1.0,0.0,1.0,1.0,1.0,0.0,1.0,0.0,0.0,0.0,1.0,0.0,0.0,0.0,0.0,0.0,0.0,0.0,0.0,0.0,0.0,0.0,0.0,0.0,0.0,0.0,0.0,17.0,17.0,1.0,0.0,1.0,0.0,1.0,0.0,1.0,1.0,1.0,1.0,0.0,1.0,1.0,4.0,0.0,3.0,0.0,2.0,0.0,3.0,1.0,2.0,4.0,0.0,2.0,12.0,3.0,9.0,1.0,1.0,104.0,1.0,1.0,1.0,0.0,0.0,0.0,1.0,0.0,0.0,1.0,0.0,1.0,0.0,0.0,0.0,1.0,1.0,0.0,0.0,0.0,0.0,1.0,1.0,0.0,0.0,0.0,0.0,0.0,0.0,0.0,0.0,0.0,0.0,1.0,0.0,0.0,0.0,0.0,0.0,0.0,44.0,5.0,94.0,3.0,2.0,4.0,0.0,0.0,50.0,55.0,25.0,11.0,7.0,4.0,2.0,150.0,1.0,151.0,83.0,69.0,104.0,40.0,8.0,83.0,63.0,6.0,1.0,116.0,35.0,0.0,8.0,75.0,57.0,12.0,1.0,8.0,41.0,54.0,35.0,13.0,137.0,10.0,3.0,0.0,2.0,123.0,23.0,6.0,9.0,43.0,24.0,25.0,28.0,5.0,18.0,131.0,21.0,110.0,42.0,95.0,50.0,7.0,11.0,54.0,24.0,17.0,13.0,1.0,32.0,121.0,31.0,77.0,75.0,89.0,46.0,17.0,150.0,2.0,137.0,15.0,130.0,22.0,148.0,4.0,106.0,46.0,43.0,97.0,12.0,111.0,34.0,7.0,38.0,38.0,33.0,38.0,5.0,40.0,56.0,14.0,16.0,26.0,50.0,102.0,28.0,116.0,5.0,3.0,145.0,1.0,6.0,79.0,54.0,19.0,134.0,12.0,6.0,46.0,106.0,140.0,12.0,111.0,36.0,4.0,1.0,136.0,14.0,2.0,90.0,60.0,2.0,135.0,15.0,2.0,142.0,8.0,1.0,1.0,94.0,58.0,96.0,50.0,6.0,0.0,147.0,5.0,0.0,105.0,46.0,1.0,102.0,48.0,2.0,127.0,25.0,0.0,145.0,5.0,1.0,1.0,23.0,87.0,42.0,0.0,Abaixo da média
768,26065401,2017,1,2,2603,26009,26,2614501,261450105,2,1,1.0,1.0,1.0,0.0,0.0,0.0,0.0,0.0,0.0,0.0,0.0,0.0,0.0,1.0,1.0,0.0,1.0,0.0,0.0,1.0,0.0,0.0,0.0,1.0,0.0,0.0,1.0,0.0,0.0,0.0,0.0,0.0,1.0,1.0,0.0,1.0,0.0,1.0,0.0,1.0,1.0,0.0,0.0,0.0,0.0,0.0,0.0,1.0,0.0,1.0,0.0,1.0,1.0,0.0,1.0,0.0,1.0,1.0,1.0,0.0,0.0,0.0,0.0,0.0,13.0,6.0,1.0,0.0,1.0,0.0,1.0,0.0,0.0,1.0,1.0,1.0,0.0,0.0,1.0,1.0,0.0,2.0,0.0,1.0,0.0,0.0,2.0,3.0,4.0,0.0,0.0,4.0,1.0,0.0,1.0,1.0,32.0,1.0,0.0,1.0,0.0,0.0,0.0,1.0,0.0,0.0,1.0,0.0,1.0,0.0,0.0,0.0,1.0,0.0,0.0,0.0,0.0,0.0,1.0,1.0,0.0,0.0,0.0,0.0,0.0,0.0,0.0,0.0,0.0,0.0,0.0,0.0,0.0,0.0,0.0,0.0,0.0,32.0,6.0,52.0,2.0,0.0,5.0,0.0,2.0,48.0,35.0,10.0,0.0,2.0,0.0,1.0,96.0,0.0,97.0,63.0,34.0,60.0,35.0,2.0,34.0,57.0,6.0,0.0,70.0,27.0,0.0,2.0,50.0,39.0,6.0,0.0,6.0,27.0,41.0,13.0,10.0,93.0,3.0,1.0,0.0,0.0,94.0,1.0,2.0,3.0,19.0,22.0,11.0,34.0,6.0,2.0,88.0,9.0,80.0,17.0,61.0,32.0,4.0,4.0,32.0,17.0,13.0,17.0,1.0,13.0,75.0,22.0,49.0,48.0,61.0,29.0,7.0,96.0,1.0,91.0,6.0,85.0,12.0,97.0,0.0,74.0,23.0,33.0,56.0,8.0,68.0,27.0,2.0,11.0,28.0,30.0,28.0,0.0,27.0,38.0,18.0,8.0,6.0,12.0,85.0,27.0,66.0,4.0,0.0,90.0,0.0,7.0,65.0,26.0,6.0,95.0,2.0,0.0,16.0,81.0,81.0,16.0,74.0,21.0,2.0,0.0,92.0,5.0,0.0,58.0,39.0,0.0,94.0,3.0,0.0,69.0,22.0,6.0,0.0,52.0,45.0,61.0,34.0,2.0,0.0,95.0,2.0,0.0,57.0,40.0,0.0,75.0,22.0,0.0,81.0,16.0,0.0,92.0,5.0,0.0,0.0,15.0,65.0,17.0,0.0,Acima da média
770,26023245,2017,1,2,2601,26003,26,2614600,261460005,2,1,1.0,1.0,1.0,0.0,0.0,0.0,0.0,0.0,0.0,0.0,0.0,0.0,0.0,0.0,1.0,0.0,0.0,0.0,0.0,1.0,0.0,0.0,0.0,1.0,0.0,0.0,1.0,0.0,0.0,0.0,0.0,0.0,1.0,1.0,1.0,1.0,1.0,1.0,1.0,1.0,1.0,1.0,1.0,1.0,0.0,0.0,0.0,1.0,0.0,1.0,1.0,1.0,0.0,0.0,1.0,1.0,1.0,0.0,0.0,0.0,0.0,0.0,0.0,0.0,21.0,21.0,1.0,0.0,1.0,0.0,1.0,0.0,1.0,1.0,1.0,1.0,0.0,0.0,1.0,1.0,0.0,1.0,0.0,3.0,0.0,4.0,2.0,4.0,6.0,0.0,0.0,10.0,6.0,2.0,1.0,1.0,77.0,1.0,1.0,1.0,0.0,0.0,0.0,1.0,0.0,0.0,0.0,0.0,1.0,0.0,0.0,0.0,1.0,1.0,1.0,0.0,0.0,0.0,1.0,1.0,0.0,1.0,0.0,0.0,0.0,0.0,0.0,0.0,0.0,1.0,1.0,0.0,0.0,0.0,0.0,0.0,0.0,24.0,13.0,37.0,6.0,2.0,8.0,0.0,4.0,48.0,19.0,8.0,6.0,4.0,1.0,1.0,89.0,3.0,87.0,47.0,43.0,65.0,23.0,2.0,69.0,17.0,4.0,1.0,79.0,10.0,0.0,4.0,42.0,39.0,5.0,0.0,11.0,20.0,30.0,17.0,12.0,84.0,6.0,0.0,0.0,0.0,73.0,16.0,1.0,2.0,23.0,25.0,13.0,9.0,6.0,12.0,80.0,10.0,66.0,24.0,47.0,39.0,4.0,5.0,28.0,16.0,11.0,8.0,2.0,20.0,64.0,26.0,45.0,45.0,42.0,42.0,6.0,88.0,2.0,85.0,5.0,74.0,16.0,88.0,2.0,58.0,32.0,26.0,50.0,14.0,56.0,28.0,6.0,22.0,26.0,11.0,23.0,8.0,24.0,27.0,6.0,20.0,13.0,13.0,77.0,43.0,36.0,10.0,1.0,86.0,2.0,2.0,66.0,17.0,7.0,84.0,2.0,4.0,22.0,68.0,73.0,17.0,68.0,21.0,0.0,1.0,81.0,8.0,1.0,52.0,38.0,0.0,75.0,15.0,0.0,87.0,2.0,0.0,1.0,64.0,26.0,72.0,17.0,0.0,1.0,89.0,1.0,0.0,83.0,7.0,0.0,70.0,20.0,0.0,67.0,23.0,0.0,81.0,9.0,0.0,0.0,21.0,51.0,18.0,0.0,Abaixo da média
771,26023334,2017,1,2,2601,26003,26,2614600,261460005,2,1,1.0,1.0,1.0,0.0,0.0,0.0,0.0,0.0,0.0,0.0,0.0,0.0,0.0,1.0,1.0,0.0,0.0,0.0,0.0,1.0,0.0,0.0,0.0,1.0,0.0,0.0,1.0,0.0,0.0,0.0,0.0,0.0,1.0,0.0,1.0,0.0,0.0,0.0,0.0,0.0,1.0,1.0,0.0,1.0,1.0,0.0,0.0,1.0,0.0,0.0,0.0,1.0,0.0,0.0,1.0,0.0,0.0,1.0,0.0,0.0,0.0,0.0,0.0,0.0,11.0,11.0,1.0,0.0,1.0,0.0,0.0,1.0,1.0,0.0,0.0,1.0,0.0,1.0,1.0,4.0,0.0,3.0,0.0,0.0,1.0,3.0,0.0,0.0,5.0,0.0,1.0,26.0,4.0,22.0,1.0,1.0,37.0,1.0,0.0,1.0,0.0,0.0,0.0,1.0,0.0,0.0,0.0,0.0,1.0,0.0,0.0,0.0,1.0,1.0,0.0,0.0,0.0,0.0,1.0,1.0,0.0,0.0,0.0,0.0,0.0,0.0,0.0,0.0,0.0,0.0,1.0,0.0,0.0,0.0,0.0,0.0,0.0,27.0,5.0,47.0,6.0,1.0,6.0,0.0,6.0,53.0,20.0,9.0,2.0,1.0,1.0,4.0,88.0,1.0,91.0,54.0,38.0,67.0,21.0,4.0,39.0,42.0,11.0,0.0,75.0,17.0,0.0,4.0,37.0,45.0,6.0,1.0,11.0,28.0,29.0,14.0,9.0,84.0,4.0,4.0,0.0,0.0,78.0,11.0,3.0,1.0,16.0,14.0,14.0,36.0,5.0,6.0,87.0,5.0,80.0,12.0,57.0,35.0,0.0,6.0,19.0,28.0,9.0,14.0,1.0,15.0,74.0,18.0,56.0,36.0,70.0,17.0,5.0,90.0,2.0,89.0,3.0,82.0,10.0,90.0,2.0,69.0,23.0,31.0,47.0,14.0,68.0,20.0,4.0,10.0,25.0,18.0,36.0,3.0,27.0,31.0,6.0,10.0,18.0,13.0,79.0,50.0,35.0,7.0,0.0,87.0,0.0,5.0,70.0,19.0,3.0,87.0,3.0,2.0,13.0,79.0,80.0,12.0,77.0,15.0,0.0,0.0,80.0,11.0,1.0,54.0,37.0,1.0,89.0,1.0,2.0,85.0,6.0,1.0,0.0,64.0,28.0,70.0,17.0,2.0,3.0,83.0,5.0,4.0,74.0,14.0,4.0,60.0,28.0,4.0,79.0,9.0,4.0,83.0,4.0,2.0,3.0,20.0,48.0,23.0,1.0,Acima da média
772,26133949,2017,1,2,2601,26003,26,2614600,261460005,2,1,1.0,1.0,1.0,0.0,0.0,0.0,0.0,0.0,0.0,0.0,0.0,0.0,0.0,1.0,1.0,0.0,0.0,0.0,0.0,1.0,0.0,0.0,0.0,1.0,0.0,0.0,1.0,0.0,0.0,0.0,0.0,0.0,1.0,1.0,1.0,1.0,0.0,0.0,1.0,1.0,1.0,1.0,0.0,1.0,0.0,0.0,0.0,1.0,0.0,1.0,1.0,1.0,1.0,1.0,1.0,1.0,0.0,0.0,1.0,0.0,0.0,0.0,0.0,0.0,12.0,8.0,1.0,1.0,1.0,1.0,1.0,1.0,0.0,1.0,1.0,1.0,0.0,1.0,1.0,4.0,2.0,3.0,2.0,2.0,2.0,0.0,10.0,14.0,15.0,0.0,4.0,26.0,6.0,20.0,1.0,1.0,33.0,1.0,0.0,0.0,0.0,0.0,0.0,1.0,0.0,0.0,0.0,0.0,1.0,0.0,0.0,0.0,1.0,0.0,0.0,0.0,0.0,0.0,0.0,1.0,0.0,0.0,0.0,0.0,0.0,0.0,0.0,0.0,0.0,0.0,0.0,0.0,0.0,0.0,0.0,0.0,0.0,32.0,6.0,53.0,5.0,0.0,1.0,0.0,12.0,65.0,14.0,6.0,0.0,0.0,0.0,0.0,97.0,1.0,96.0,59.0,38.0,48.0,45.0,4.0,43.0,45.0,9.0,1.0,70.0,26.0,0.0,1.0,41.0,45.0,10.0,0.0,7.0,22.0,40.0,13.0,15.0,90.0,6.0,1.0,0.0,0.0,90.0,6.0,1.0,2.0,18.0,14.0,15.0,35.0,11.0,2.0,89.0,8.0,76.0,21.0,65.0,28.0,4.0,3.0,29.0,16.0,9.0,27.0,3.0,10.0,83.0,14.0,62.0,35.0,88.0,9.0,0.0,97.0,0.0,95.0,2.0,92.0,5.0,97.0,0.0,87.0,10.0,43.0,49.0,5.0,69.0,25.0,3.0,16.0,39.0,25.0,17.0,0.0,46.0,20.0,7.0,4.0,20.0,3.0,94.0,48.0,46.0,2.0,1.0,92.0,1.0,4.0,81.0,13.0,3.0,92.0,5.0,0.0,8.0,89.0,88.0,9.0,91.0,6.0,0.0,0.0,97.0,0.0,0.0,71.0,25.0,1.0,93.0,4.0,0.0,95.0,2.0,0.0,0.0,84.0,13.0,89.0,8.0,0.0,0.0,97.0,0.0,0.0,93.0,4.0,0.0,92.0,5.0,0.0,88.0,9.0,0.0,97.0,0.0,0.0,0.0,42.0,50.0,5.0,0.0,Acima da média
774,26063310,2017,1,2,2603,26008,26,2614709,261470905,2,1,1.0,1.0,1.0,0.0,0.0,0.0,0.0,0.0,0.0,0.0,0.0,0.0,0.0,1.0,1.0,0.0,0.0,0.0,0.0,1.0,0.0,0.0,0.0,0.0,1.0,0.0,1.0,0.0,0.0,0.0,0.0,0.0,1.0,1.0,1.0,0.0,0.0,1.0,0.0,1.0,1.0,0.0,0.0,0.0,1.0,0.0,0.0,1.0,0.0,0.0,0.0,0.0,0.0,0.0,0.0,0.0,0.0,0.0,0.0,0.0,0.0,0.0,0.0,0.0,9.0,9.0,1.0,0.0,1.0,0.0,1.0,0.0,1.0,0.0,1.0,1.0,1.0,1.0,1.0,5.0,0.0,2.0,0.0,2.0,0.0,2.0,0.0,3.0,3.0,1.0,2.0,29.0,3.0,26.0,1.0,1.0,34.0,1.0,0.0,0.0,0.0,0.0,0.0,1.0,0.0,0.0,0.0,0.0,1.0,0.0,0.0,0.0,1.0,1.0,0.0,0.0,0.0,0.0,0.0,1.0,0.0,0.0,0.0,0.0,0.0,0.0,0.0,0.0,0.0,0.0,1.0,0.0,0.0,0.0,0.0,0.0,0.0,16.0,5.0,53.0,2.0,0.0,3.0,1.0,31.0,37.0,7.0,2.0,0.0,1.0,0.0,1.0,78.0,1.0,78.0,54.0,25.0,53.0,23.0,3.0,53.0,24.0,2.0,0.0,60.0,19.0,0.0,3.0,32.0,40.0,4.0,0.0,9.0,20.0,27.0,15.0,8.0,78.0,1.0,0.0,0.0,0.0,71.0,6.0,2.0,7.0,21.0,16.0,10.0,15.0,3.0,7.0,64.0,15.0,50.0,29.0,53.0,26.0,0.0,15.0,26.0,15.0,2.0,8.0,1.0,12.0,48.0,31.0,26.0,53.0,50.0,26.0,3.0,79.0,0.0,74.0,5.0,63.0,16.0,79.0,0.0,58.0,21.0,30.0,42.0,7.0,47.0,29.0,3.0,21.0,21.0,15.0,17.0,5.0,23.0,21.0,8.0,4.0,23.0,1.0,78.0,38.0,37.0,2.0,2.0,76.0,1.0,2.0,63.0,16.0,0.0,77.0,2.0,0.0,7.0,72.0,71.0,8.0,56.0,19.0,2.0,2.0,69.0,9.0,1.0,46.0,30.0,3.0,75.0,3.0,1.0,67.0,9.0,1.0,2.0,51.0,28.0,49.0,27.0,3.0,0.0,74.0,5.0,0.0,49.0,30.0,0.0,54.0,25.0,0.0,65.0,14.0,0.0,73.0,6.0,0.0,0.0,16.0,50.0,11.0,2.0,Acima da média
775,26043130,2017,1,2,2602,26006,26,2614808,261480805,2,1,1.0,1.0,1.0,0.0,0.0,0.0,0.0,0.0,0.0,0.0,0.0,0.0,0.0,1.0,1.0,0.0,0.0,0.0,0.0,1.0,0.0,0.0,0.0,0.0,1.0,0.0,1.0,0.0,0.0,0.0,0.0,0.0,0.0,1.0,0.0,0.0,1.0,0.0,0.0,0.0,1.0,1.0,0.0,1.0,0.0,0.0,0.0,1.0,0.0,1.0,1.0,0.0,1.0,0.0,1.0,0.0,0.0,1.0,1.0,0.0,0.0,0.0,0.0,0.0,7.0,7.0,1.0,0.0,0.0,1.0,1.0,1.0,1.0,1.0,1.0,1.0,0.0,1.0,1.0,1.0,0.0,0.0,1.0,1.0,1.0,2.0,1.0,2.0,8.0,0.0,1.0,14.0,4.0,10.0,1.0,1.0,40.0,1.0,0.0,0.0,0.0,0.0,0.0,1.0,0.0,0.0,0.0,1.0,1.0,0.0,0.0,0.0,1.0,1.0,1.0,0.0,0.0,0.0,0.0,1.0,0.0,1.0,0.0,0.0,0.0,0.0,0.0,0.0,0.0,1.0,0.0,1.0,0.0,0.0,0.0,0.0,0.0,5.0,1.0,25.0,1.0,22.0,1.0,0.0,0.0,28.0,11.0,7.0,1.0,0.0,8.0,1.0,54.0,4.0,51.0,37.0,18.0,42.0,11.0,2.0,43.0,10.0,2.0,1.0,49.0,5.0,0.0,1.0,21.0,27.0,6.0,0.0,3.0,12.0,11.0,11.0,18.0,50.0,5.0,0.0,0.0,0.0,39.0,10.0,6.0,3.0,14.0,8.0,5.0,20.0,2.0,3.0,45.0,10.0,43.0,12.0,29.0,22.0,4.0,4.0,13.0,11.0,2.0,7.0,2.0,16.0,38.0,17.0,27.0,28.0,25.0,20.0,10.0,51.0,4.0,47.0,8.0,48.0,7.0,53.0,2.0,34.0,21.0,13.0,28.0,14.0,38.0,11.0,6.0,13.0,11.0,9.0,14.0,8.0,18.0,14.0,6.0,6.0,11.0,11.0,44.0,20.0,23.0,11.0,1.0,54.0,0.0,1.0,39.0,10.0,6.0,44.0,8.0,3.0,19.0,36.0,45.0,10.0,32.0,21.0,0.0,2.0,47.0,8.0,0.0,33.0,20.0,2.0,45.0,8.0,2.0,51.0,3.0,0.0,1.0,39.0,16.0,28.0,25.0,2.0,0.0,48.0,7.0,0.0,37.0,16.0,2.0,34.0,20.0,1.0,47.0,6.0,2.0,48.0,6.0,0.0,1.0,5.0,31.0,18.0,1.0,Abaixo da média
776,26043335,2017,1,2,2602,26006,26,2614808,261480805,2,1,1.0,1.0,1.0,0.0,0.0,0.0,0.0,0.0,0.0,0.0,0.0,0.0,0.0,0.0,1.0,0.0,0.0,0.0,0.0,1.0,0.0,0.0,0.0,1.0,0.0,0.0,1.0,0.0,0.0,0.0,0.0,0.0,1.0,1.0,1.0,0.0,0.0,1.0,0.0,1.0,1.0,1.0,0.0,1.0,0.0,0.0,0.0,1.0,0.0,0.0,1.0,1.0,1.0,0.0,1.0,0.0,0.0,1.0,0.0,0.0,0.0,0.0,0.0,0.0,8.0,8.0,1.0,1.0,1.0,1.0,1.0,1.0,1.0,1.0,1.0,1.0,1.0,1.0,1.0,8.0,1.0,4.0,1.0,2.0,1.0,2.0,2.0,5.0,13.0,1.0,4.0,18.0,2.0,16.0,1.0,0.0,29.0,1.0,0.0,0.0,0.0,0.0,0.0,1.0,0.0,0.0,0.0,0.0,1.0,0.0,0.0,0.0,1.0,0.0,0.0,0.0,0.0,0.0,0.0,1.0,0.0,0.0,0.0,0.0,0.0,0.0,0.0,0.0,0.0,0.0,0.0,0.0,0.0,0.0,0.0,0.0,0.0,13.0,2.0,59.0,2.0,17.0,2.0,0.0,1.0,66.0,24.0,4.0,0.0,0.0,0.0,5.0,90.0,3.0,92.0,51.0,44.0,49.0,40.0,6.0,49.0,42.0,4.0,0.0,77.0,18.0,0.0,1.0,41.0,45.0,8.0,0.0,5.0,13.0,35.0,29.0,13.0,89.0,6.0,0.0,0.0,0.0,89.0,3.0,3.0,0.0,14.0,8.0,10.0,25.0,26.0,12.0,87.0,8.0,83.0,12.0,69.0,24.0,2.0,3.0,13.0,12.0,20.0,22.0,5.0,20.0,85.0,10.0,57.0,38.0,72.0,22.0,1.0,94.0,1.0,92.0,3.0,90.0,5.0,94.0,1.0,79.0,16.0,28.0,53.0,14.0,62.0,31.0,2.0,25.0,24.0,20.0,24.0,2.0,46.0,23.0,5.0,5.0,16.0,1.0,94.0,38.0,54.0,3.0,0.0,92.0,0.0,3.0,84.0,11.0,0.0,93.0,2.0,0.0,20.0,75.0,93.0,2.0,75.0,18.0,0.0,2.0,91.0,3.0,1.0,76.0,18.0,1.0,92.0,2.0,1.0,92.0,1.0,0.0,2.0,52.0,43.0,54.0,39.0,0.0,2.0,93.0,1.0,1.0,82.0,12.0,1.0,70.0,24.0,1.0,82.0,12.0,1.0,72.0,21.0,0.0,2.0,50.0,42.0,3.0,0.0,Acima da média
779,26103834,2017,1,2,2604,26015,26,2614857,261485705,2,1,1.0,1.0,1.0,0.0,0.0,0.0,0.0,0.0,0.0,0.0,1.0,0.0,0.0,1.0,1.0,0.0,0.0,0.0,0.0,1.0,0.0,0.0,0.0,0.0,1.0,0.0,1.0,0.0,0.0,0.0,0.0,0.0,1.0,1.0,1.0,0.0,1.0,1.0,0.0,1.0,1.0,1.0,0.0,1.0,0.0,0.0,0.0,1.0,0.0,1.0,0.0,1.0,1.0,0.0,1.0,1.0,0.0,1.0,1.0,0.0,0.0,1.0,0.0,0.0,14.0,14.0,1.0,0.0,0.0,0.0,0.0,0.0,1.0,1.0,1.0,1.0,0.0,1.0,1.0,2.0,0.0,0.0,0.0,0.0,0.0,2.0,1.0,1.0,3.0,0.0,1.0,6.0,3.0,3.0,1.0,1.0,54.0,1.0,0.0,0.0,0.0,0.0,0.0,1.0,0.0,0.0,0.0,0.0,1.0,0.0,0.0,0.0,1.0,1.0,0.0,0.0,0.0,0.0,0.0,1.0,0.0,0.0,0.0,0.0,0.0,0.0,0.0,0.0,0.0,0.0,1.0,0.0,0.0,0.0,0.0,0.0,0.0,18.0,17.0,64.0,3.0,3.0,10.0,0.0,5.0,45.0,42.0,15.0,7.0,0.0,1.0,3.0,112.0,1.0,114.0,69.0,46.0,84.0,25.0,6.0,80.0,28.0,7.0,5.0,84.0,26.0,0.0,7.0,50.0,48.0,10.0,0.0,9.0,17.0,38.0,25.0,26.0,98.0,16.0,1.0,0.0,0.0,97.0,12.0,6.0,5.0,29.0,19.0,14.0,32.0,8.0,8.0,103.0,12.0,95.0,20.0,67.0,41.0,7.0,10.0,32.0,18.0,12.0,22.0,5.0,16.0,96.0,19.0,70.0,45.0,77.0,29.0,9.0,113.0,2.0,110.0,5.0,104.0,11.0,115.0,0.0,91.0,24.0,39.0,58.0,18.0,73.0,39.0,3.0,25.0,29.0,14.0,43.0,4.0,46.0,35.0,11.0,8.0,15.0,20.0,95.0,34.0,52.0,26.0,3.0,101.0,2.0,12.0,75.0,34.0,6.0,110.0,5.0,0.0,20.0,95.0,104.0,11.0,82.0,32.0,1.0,0.0,102.0,13.0,0.0,76.0,39.0,0.0,105.0,10.0,0.0,114.0,1.0,0.0,0.0,83.0,32.0,70.0,42.0,3.0,0.0,107.0,8.0,0.0,90.0,25.0,0.0,78.0,37.0,0.0,95.0,18.0,2.0,102.0,13.0,0.0,0.0,38.0,61.0,16.0,0.0,Acima da média
780,26065592,2017,1,2,2603,26009,26,2615003,261500305,2,1,1.0,1.0,3.0,0.0,0.0,0.0,0.0,0.0,0.0,0.0,0.0,0.0,0.0,1.0,1.0,0.0,0.0,0.0,0.0,1.0,0.0,0.0,0.0,0.0,1.0,0.0,1.0,0.0,0.0,0.0,0.0,0.0,1.0,1.0,1.0,0.0,0.0,1.0,0.0,1.0,1.0,1.0,0.0,1.0,0.0,0.0,1.0,1.0,0.0,0.0,0.0,0.0,0.0,0.0,0.0,0.0,0.0,0.0,0.0,0.0,0.0,0.0,0.0,0.0,9.0,9.0,1.0,0.0,1.0,0.0,0.0,0.0,0.0,1.0,1.0,1.0,0.0,1.0,1.0,2.0,0.0,5.0,0.0,0.0,0.0,0.0,3.0,5.0,2.0,0.0,1.0,16.0,5.0,11.0,1.0,1.0,18.0,1.0,0.0,0.0,0.0,0.0,0.0,1.0,0.0,0.0,0.0,0.0,1.0,0.0,0.0,0.0,1.0,1.0,0.0,0.0,0.0,0.0,0.0,1.0,0.0,0.0,0.0,0.0,0.0,0.0,0.0,0.0,0.0,0.0,1.0,0.0,0.0,0.0,0.0,0.0,0.0,29.0,6.0,34.0,1.0,1.0,4.0,0.0,2.0,55.0,17.0,0.0,0.0,0.0,1.0,3.0,72.0,0.0,75.0,49.0,26.0,44.0,27.0,4.0,43.0,25.0,7.0,0.0,56.0,19.0,0.0,4.0,25.0,42.0,4.0,0.0,6.0,12.0,30.0,25.0,2.0,68.0,6.0,1.0,0.0,0.0,66.0,7.0,2.0,3.0,23.0,16.0,10.0,12.0,4.0,7.0,67.0,8.0,58.0,17.0,45.0,29.0,1.0,3.0,31.0,14.0,3.0,6.0,3.0,15.0,59.0,16.0,38.0,37.0,64.0,11.0,0.0,75.0,0.0,71.0,4.0,68.0,7.0,75.0,0.0,62.0,13.0,33.0,35.0,7.0,52.0,22.0,1.0,16.0,26.0,9.0,19.0,5.0,30.0,20.0,7.0,7.0,11.0,11.0,64.0,39.0,32.0,4.0,0.0,70.0,2.0,3.0,60.0,14.0,1.0,73.0,2.0,0.0,12.0,63.0,67.0,8.0,59.0,15.0,1.0,0.0,64.0,8.0,3.0,37.0,37.0,1.0,65.0,10.0,0.0,72.0,2.0,0.0,1.0,45.0,30.0,46.0,24.0,3.0,2.0,71.0,2.0,2.0,49.0,23.0,3.0,42.0,30.0,3.0,62.0,11.0,2.0,58.0,14.0,1.0,2.0,26.0,43.0,6.0,0.0,Acima da média
781,26065606,2017,1,2,2603,26009,26,2615003,261500305,2,1,1.0,1.0,1.0,0.0,0.0,0.0,0.0,0.0,0.0,0.0,1.0,0.0,0.0,1.0,1.0,0.0,1.0,0.0,0.0,1.0,0.0,0.0,0.0,1.0,0.0,0.0,1.0,0.0,0.0,0.0,0.0,0.0,1.0,1.0,1.0,0.0,0.0,1.0,1.0,1.0,1.0,1.0,0.0,1.0,0.0,0.0,0.0,1.0,0.0,0.0,0.0,0.0,0.0,0.0,0.0,0.0,0.0,0.0,0.0,0.0,0.0,0.0,0.0,0.0,6.0,13.0,1.0,0.0,0.0,0.0,0.0,0.0,1.0,0.0,0.0,1.0,0.0,0.0,1.0,3.0,0.0,0.0,0.0,0.0,0.0,4.0,0.0,0.0,2.0,0.0,0.0,18.0,3.0,15.0,1.0,0.0,36.0,1.0,0.0,1.0,0.0,0.0,0.0,1.0,0.0,0.0,0.0,0.0,1.0,0.0,0.0,0.0,1.0,0.0,0.0,0.0,0.0,0.0,1.0,1.0,0.0,0.0,0.0,0.0,0.0,0.0,0.0,0.0,0.0,0.0,0.0,0.0,0.0,0.0,0.0,0.0,0.0,51.0,4.0,57.0,3.0,3.0,10.0,0.0,3.0,57.0,41.0,13.0,6.0,3.0,5.0,4.0,124.0,2.0,126.0,72.0,56.0,79.0,46.0,3.0,70.0,49.0,9.0,1.0,108.0,19.0,0.0,7.0,73.0,45.0,3.0,4.0,20.0,24.0,43.0,27.0,10.0,117.0,9.0,1.0,1.0,0.0,103.0,21.0,4.0,5.0,38.0,30.0,15.0,24.0,3.0,13.0,110.0,18.0,92.0,36.0,64.0,61.0,3.0,8.0,47.0,19.0,6.0,14.0,2.0,32.0,95.0,33.0,60.0,68.0,62.0,45.0,21.0,127.0,1.0,113.0,15.0,104.0,24.0,126.0,2.0,80.0,48.0,28.0,76.0,24.0,84.0,37.0,7.0,37.0,37.0,19.0,29.0,6.0,27.0,47.0,13.0,19.0,22.0,61.0,67.0,48.0,64.0,15.0,1.0,114.0,3.0,11.0,78.0,40.0,10.0,109.0,14.0,5.0,40.0,88.0,109.0,19.0,70.0,55.0,3.0,0.0,95.0,31.0,2.0,63.0,63.0,2.0,111.0,16.0,1.0,114.0,12.0,2.0,0.0,71.0,57.0,56.0,62.0,10.0,0.0,117.0,10.0,1.0,80.0,47.0,1.0,74.0,54.0,0.0,83.0,45.0,0.0,116.0,11.0,1.0,0.0,14.0,48.0,48.0,18.0,Abaixo da média
782,26081180,2017,1,2,2603,26011,26,2615102,261510205,2,1,1.0,1.0,1.0,0.0,0.0,0.0,0.0,0.0,0.0,0.0,0.0,0.0,0.0,1.0,1.0,0.0,0.0,0.0,0.0,1.0,0.0,0.0,0.0,0.0,1.0,0.0,1.0,0.0,0.0,0.0,0.0,0.0,1.0,1.0,0.0,0.0,1.0,0.0,0.0,0.0,1.0,1.0,0.0,1.0,0.0,0.0,0.0,1.0,0.0,0.0,0.0,1.0,0.0,0.0,1.0,0.0,0.0,1.0,0.0,0.0,0.0,0.0,0.0,0.0,12.0,12.0,1.0,0.0,0.0,0.0,1.0,0.0,1.0,1.0,0.0,1.0,0.0,1.0,1.0,1.0,0.0,0.0,0.0,3.0,0.0,2.0,2.0,0.0,2.0,0.0,2.0,20.0,2.0,18.0,1.0,0.0,26.0,1.0,1.0,0.0,0.0,0.0,0.0,1.0,0.0,0.0,0.0,0.0,1.0,0.0,0.0,0.0,1.0,0.0,0.0,0.0,0.0,0.0,1.0,1.0,0.0,0.0,0.0,0.0,0.0,0.0,0.0,0.0,0.0,0.0,0.0,0.0,0.0,0.0,0.0,0.0,0.0,24.0,4.0,33.0,9.0,1.0,8.0,0.0,6.0,24.0,26.0,13.0,3.0,4.0,3.0,2.0,77.0,2.0,77.0,59.0,20.0,63.0,13.0,3.0,69.0,9.0,1.0,1.0,65.0,13.0,0.0,1.0,23.0,43.0,12.0,0.0,8.0,20.0,20.0,16.0,15.0,74.0,5.0,0.0,0.0,0.0,70.0,8.0,1.0,8.0,31.0,13.0,8.0,9.0,2.0,8.0,60.0,19.0,48.0,31.0,60.0,18.0,1.0,12.0,30.0,10.0,5.0,4.0,0.0,18.0,46.0,33.0,33.0,46.0,68.0,9.0,2.0,77.0,2.0,74.0,5.0,66.0,13.0,78.0,1.0,61.0,18.0,38.0,38.0,3.0,43.0,35.0,1.0,29.0,23.0,9.0,10.0,8.0,27.0,26.0,5.0,5.0,16.0,5.0,74.0,17.0,43.0,18.0,1.0,77.0,0.0,2.0,43.0,25.0,11.0,76.0,2.0,1.0,33.0,46.0,70.0,9.0,50.0,28.0,1.0,0.0,72.0,7.0,0.0,50.0,28.0,1.0,60.0,19.0,0.0,77.0,1.0,1.0,0.0,55.0,24.0,43.0,33.0,3.0,0.0,74.0,5.0,0.0,70.0,8.0,1.0,52.0,26.0,1.0,55.0,23.0,1.0,79.0,0.0,0.0,0.0,29.0,41.0,9.0,0.0,Acima da média
783,26038536,2017,1,2,2602,26005,26,2615201,261520105,2,1,1.0,1.0,1.0,0.0,0.0,0.0,0.0,0.0,0.0,0.0,0.0,0.0,0.0,1.0,1.0,0.0,0.0,0.0,0.0,1.0,0.0,0.0,0.0,1.0,0.0,0.0,1.0,0.0,0.0,0.0,0.0,0.0,1.0,1.0,1.0,1.0,0.0,0.0,1.0,1.0,1.0,1.0,0.0,1.0,0.0,0.0,0.0,1.0,0.0,1.0,1.0,1.0,0.0,0.0,1.0,0.0,0.0,1.0,0.0,0.0,0.0,1.0,0.0,0.0,11.0,11.0,0.0,0.0,0.0,0.0,0.0,0.0,0.0,0.0,0.0,0.0,0.0,0.0,1.0,0.0,0.0,0.0,0.0,0.0,0.0,0.0,0.0,0.0,0.0,0.0,0.0,6.0,3.0,3.0,1.0,1.0,39.0,1.0,0.0,0.0,0.0,0.0,0.0,1.0,0.0,0.0,0.0,0.0,1.0,0.0,0.0,0.0,1.0,0.0,0.0,0.0,0.0,0.0,0.0,1.0,0.0,0.0,0.0,0.0,0.0,0.0,0.0,0.0,0.0,0.0,0.0,0.0,0.0,0.0,0.0,0.0,0.0,8.0,18.0,64.0,3.0,0.0,1.0,0.0,2.0,57.0,23.0,9.0,2.0,1.0,0.0,4.0,90.0,2.0,92.0,66.0,28.0,69.0,25.0,0.0,64.0,27.0,3.0,0.0,82.0,12.0,0.0,6.0,52.0,35.0,1.0,0.0,3.0,16.0,21.0,27.0,27.0,86.0,8.0,0.0,0.0,0.0,84.0,7.0,3.0,2.0,32.0,25.0,8.0,14.0,9.0,4.0,79.0,15.0,70.0,24.0,69.0,23.0,2.0,4.0,38.0,17.0,9.0,10.0,5.0,11.0,72.0,22.0,50.0,44.0,88.0,6.0,0.0,93.0,1.0,91.0,3.0,84.0,10.0,93.0,1.0,79.0,15.0,36.0,53.0,5.0,61.0,31.0,2.0,14.0,30.0,25.0,23.0,2.0,33.0,21.0,9.0,7.0,24.0,8.0,86.0,39.0,39.0,16.0,0.0,93.0,0.0,1.0,68.0,21.0,5.0,91.0,2.0,1.0,27.0,67.0,78.0,16.0,74.0,20.0,0.0,0.0,82.0,12.0,0.0,71.0,23.0,0.0,89.0,5.0,0.0,93.0,1.0,0.0,0.0,71.0,23.0,62.0,27.0,4.0,1.0,92.0,2.0,0.0,83.0,11.0,0.0,76.0,18.0,0.0,84.0,9.0,1.0,93.0,1.0,0.0,0.0,34.0,53.0,7.0,0.0,Acima da média
784,26091720,2017,1,2,2604,26013,26,2615300,261530005,2,1,1.0,1.0,1.0,0.0,0.0,0.0,0.0,0.0,0.0,0.0,0.0,0.0,0.0,1.0,1.0,0.0,0.0,0.0,0.0,1.0,0.0,0.0,0.0,1.0,0.0,0.0,1.0,0.0,0.0,0.0,0.0,0.0,1.0,1.0,1.0,1.0,0.0,0.0,1.0,1.0,1.0,1.0,1.0,1.0,0.0,0.0,0.0,1.0,1.0,1.0,1.0,1.0,1.0,0.0,1.0,1.0,1.0,1.0,0.0,0.0,0.0,1.0,0.0,0.0,18.0,11.0,1.0,0.0,1.0,0.0,1.0,1.0,1.0,1.0,1.0,1.0,0.0,1.0,1.0,5.0,0.0,2.0,0.0,2.0,1.0,6.0,2.0,6.0,8.0,0.0,8.0,41.0,10.0,31.0,1.0,1.0,45.0,1.0,0.0,0.0,0.0,0.0,0.0,1.0,0.0,0.0,1.0,0.0,1.0,0.0,0.0,0.0,1.0,0.0,0.0,0.0,0.0,0.0,0.0,1.0,0.0,0.0,0.0,0.0,0.0,0.0,0.0,0.0,0.0,0.0,0.0,0.0,0.0,0.0,0.0,0.0,0.0,15.0,6.0,56.0,2.0,2.0,3.0,0.0,1.0,31.0,34.0,15.0,3.0,0.0,0.0,1.0,83.0,2.0,82.0,55.0,29.0,64.0,19.0,1.0,47.0,35.0,2.0,0.0,74.0,10.0,0.0,2.0,50.0,31.0,1.0,0.0,3.0,21.0,28.0,14.0,18.0,74.0,8.0,1.0,1.0,0.0,78.0,3.0,3.0,0.0,25.0,18.0,15.0,13.0,6.0,7.0,76.0,8.0,63.0,21.0,52.0,27.0,5.0,5.0,19.0,18.0,11.0,14.0,1.0,16.0,65.0,19.0,46.0,38.0,67.0,16.0,1.0,84.0,0.0,80.0,4.0,77.0,7.0,82.0,2.0,69.0,15.0,30.0,53.0,1.0,60.0,23.0,1.0,16.0,31.0,17.0,15.0,5.0,34.0,20.0,7.0,4.0,19.0,4.0,80.0,30.0,50.0,4.0,0.0,75.0,2.0,7.0,62.0,16.0,6.0,84.0,0.0,0.0,13.0,71.0,69.0,15.0,54.0,28.0,2.0,0.0,78.0,6.0,0.0,57.0,27.0,0.0,79.0,5.0,0.0,72.0,11.0,1.0,0.0,50.0,34.0,65.0,17.0,2.0,0.0,81.0,3.0,0.0,77.0,7.0,0.0,64.0,20.0,0.0,70.0,14.0,0.0,83.0,1.0,0.0,0.0,17.0,61.0,6.0,0.0,Acima da média
785,26091828,2017,1,2,2604,26013,26,2615300,261530005,2,1,1.0,1.0,1.0,0.0,0.0,0.0,0.0,0.0,0.0,0.0,0.0,0.0,0.0,1.0,1.0,0.0,0.0,0.0,0.0,1.0,0.0,0.0,0.0,0.0,1.0,0.0,1.0,0.0,0.0,0.0,0.0,0.0,1.0,1.0,1.0,1.0,1.0,0.0,1.0,1.0,1.0,1.0,0.0,1.0,0.0,0.0,0.0,1.0,0.0,1.0,1.0,1.0,0.0,0.0,1.0,1.0,1.0,1.0,0.0,0.0,0.0,1.0,0.0,0.0,17.0,16.0,1.0,0.0,1.0,1.0,1.0,1.0,1.0,1.0,1.0,1.0,0.0,1.0,1.0,5.0,0.0,3.0,1.0,1.0,2.0,1.0,4.0,4.0,16.0,0.0,1.0,22.0,7.0,15.0,1.0,1.0,55.0,1.0,1.0,0.0,0.0,0.0,0.0,1.0,0.0,0.0,0.0,0.0,1.0,0.0,0.0,0.0,1.0,1.0,0.0,0.0,0.0,0.0,0.0,1.0,0.0,0.0,0.0,0.0,0.0,0.0,0.0,0.0,0.0,0.0,1.0,0.0,0.0,0.0,0.0,0.0,0.0,41.0,30.0,138.0,6.0,2.0,10.0,0.0,2.0,38.0,85.0,66.0,22.0,9.0,5.0,5.0,222.0,1.0,226.0,168.0,59.0,191.0,33.0,3.0,150.0,72.0,5.0,2.0,198.0,27.0,0.0,22.0,116.0,80.0,9.0,3.0,23.0,40.0,73.0,49.0,39.0,202.0,20.0,3.0,2.0,0.0,184.0,31.0,12.0,18.0,63.0,52.0,24.0,43.0,3.0,24.0,190.0,37.0,168.0,59.0,143.0,71.0,13.0,21.0,64.0,39.0,24.0,21.0,1.0,57.0,172.0,55.0,119.0,108.0,149.0,56.0,22.0,223.0,4.0,213.0,14.0,195.0,32.0,220.0,7.0,164.0,63.0,76.0,119.0,32.0,169.0,50.0,8.0,66.0,57.0,30.0,62.0,12.0,68.0,83.0,15.0,20.0,41.0,23.0,204.0,72.0,129.0,22.0,4.0,206.0,0.0,21.0,89.0,112.0,26.0,197.0,27.0,3.0,43.0,184.0,176.0,51.0,146.0,72.0,5.0,4.0,169.0,49.0,9.0,123.0,95.0,9.0,198.0,23.0,6.0,185.0,34.0,3.0,5.0,160.0,67.0,163.0,49.0,11.0,4.0,211.0,13.0,3.0,141.0,83.0,3.0,154.0,71.0,2.0,172.0,52.0,3.0,218.0,6.0,1.0,2.0,42.0,110.0,73.0,2.0,Abaixo da média
788,26178176,2017,1,2,2604,26013,26,2615300,261530005,2,1,1.0,1.0,1.0,0.0,0.0,0.0,0.0,0.0,0.0,0.0,0.0,0.0,0.0,1.0,1.0,1.0,0.0,0.0,0.0,1.0,0.0,0.0,0.0,1.0,1.0,0.0,1.0,0.0,0.0,0.0,0.0,0.0,1.0,1.0,1.0,1.0,0.0,1.0,0.0,1.0,0.0,1.0,1.0,1.0,0.0,0.0,0.0,1.0,0.0,1.0,0.0,1.0,0.0,0.0,1.0,0.0,0.0,1.0,0.0,0.0,0.0,0.0,0.0,0.0,15.0,15.0,1.0,1.0,1.0,1.0,0.0,0.0,1.0,1.0,1.0,1.0,0.0,1.0,1.0,4.0,2.0,3.0,1.0,0.0,0.0,5.0,1.0,2.0,15.0,0.0,3.0,8.0,3.0,1.0,1.0,1.0,41.0,1.0,0.0,0.0,0.0,0.0,0.0,1.0,0.0,0.0,1.0,0.0,1.0,0.0,0.0,0.0,1.0,0.0,0.0,0.0,0.0,0.0,0.0,1.0,0.0,0.0,0.0,0.0,0.0,0.0,0.0,0.0,0.0,0.0,0.0,0.0,0.0,0.0,0.0,0.0,0.0,33.0,25.0,97.0,5.0,2.0,5.0,0.0,7.0,77.0,68.0,11.0,4.0,0.0,0.0,2.0,165.0,1.0,166.0,99.0,68.0,104.0,55.0,8.0,55.0,91.0,21.0,0.0,122.0,45.0,1.0,9.0,78.0,71.0,8.0,0.0,15.0,36.0,67.0,32.0,17.0,157.0,10.0,0.0,0.0,0.0,146.0,8.0,13.0,1.0,18.0,33.0,18.0,58.0,33.0,6.0,162.0,5.0,143.0,24.0,113.0,43.0,11.0,0.0,24.0,41.0,28.0,45.0,12.0,17.0,152.0,15.0,98.0,69.0,152.0,12.0,3.0,166.0,1.0,157.0,10.0,153.0,14.0,166.0,1.0,134.0,33.0,75.0,82.0,10.0,142.0,24.0,1.0,24.0,60.0,40.0,42.0,1.0,69.0,36.0,6.0,2.0,54.0,4.0,163.0,70.0,96.0,1.0,0.0,145.0,0.0,22.0,138.0,27.0,2.0,165.0,2.0,0.0,7.0,160.0,123.0,44.0,103.0,55.0,9.0,0.0,149.0,18.0,0.0,107.0,60.0,0.0,159.0,8.0,0.0,162.0,5.0,0.0,0.0,105.0,62.0,99.0,66.0,2.0,0.0,161.0,6.0,0.0,151.0,16.0,0.0,131.0,36.0,0.0,159.0,8.0,0.0,165.0,2.0,0.0,0.0,66.0,90.0,11.0,0.0,Acima da média
790,26066181,2017,1,2,2603,26009,26,2615409,261540905,2,1,1.0,1.0,3.0,0.0,0.0,0.0,0.0,0.0,0.0,0.0,0.0,0.0,0.0,1.0,1.0,0.0,0.0,0.0,0.0,1.0,0.0,0.0,0.0,1.0,0.0,0.0,1.0,0.0,0.0,0.0,0.0,0.0,1.0,1.0,1.0,0.0,0.0,0.0,0.0,0.0,1.0,1.0,0.0,1.0,0.0,0.0,0.0,1.0,0.0,0.0,0.0,0.0,0.0,0.0,0.0,0.0,0.0,0.0,0.0,0.0,0.0,0.0,0.0,0.0,7.0,7.0,0.0,0.0,0.0,0.0,1.0,0.0,1.0,0.0,0.0,1.0,0.0,1.0,1.0,0.0,0.0,0.0,0.0,2.0,0.0,2.0,0.0,0.0,6.0,0.0,2.0,21.0,1.0,20.0,1.0,1.0,47.0,1.0,0.0,0.0,0.0,0.0,0.0,1.0,0.0,0.0,0.0,0.0,1.0,0.0,0.0,0.0,1.0,0.0,0.0,0.0,0.0,0.0,0.0,1.0,0.0,0.0,0.0,0.0,0.0,0.0,0.0,0.0,0.0,0.0,0.0,0.0,0.0,0.0,0.0,0.0,0.0,59.0,21.0,94.0,17.0,5.0,6.0,0.0,7.0,75.0,61.0,36.0,15.0,2.0,6.0,7.0,195.0,6.0,196.0,124.0,78.0,137.0,61.0,4.0,123.0,74.0,5.0,4.0,160.0,38.0,6.0,24.0,112.0,51.0,9.0,1.0,22.0,44.0,75.0,42.0,18.0,194.0,4.0,3.0,1.0,0.0,177.0,22.0,3.0,8.0,69.0,44.0,28.0,26.0,8.0,19.0,180.0,22.0,149.0,53.0,112.0,85.0,5.0,23.0,59.0,41.0,16.0,18.0,6.0,39.0,150.0,52.0,111.0,91.0,87.0,83.0,32.0,194.0,8.0,177.0,25.0,168.0,34.0,197.0,5.0,135.0,67.0,73.0,101.0,28.0,140.0,54.0,8.0,49.0,64.0,26.0,55.0,8.0,54.0,56.0,19.0,19.0,54.0,77.0,125.0,60.0,112.0,27.0,3.0,165.0,4.0,33.0,111.0,59.0,32.0,180.0,16.0,6.0,49.0,153.0,188.0,14.0,129.0,49.0,6.0,18.0,143.0,37.0,22.0,114.0,63.0,25.0,169.0,13.0,20.0,157.0,21.0,5.0,19.0,125.0,77.0,112.0,62.0,9.0,19.0,168.0,12.0,22.0,105.0,72.0,25.0,127.0,49.0,26.0,136.0,40.0,26.0,158.0,20.0,4.0,20.0,58.0,95.0,48.0,1.0,Abaixo da média
791,26066220,2017,1,2,2603,26009,26,2615409,261540905,2,1,1.0,1.0,1.0,0.0,0.0,0.0,0.0,0.0,0.0,0.0,0.0,0.0,0.0,1.0,1.0,0.0,0.0,0.0,0.0,1.0,0.0,0.0,0.0,1.0,0.0,0.0,1.0,0.0,0.0,0.0,0.0,0.0,1.0,1.0,1.0,0.0,0.0,0.0,1.0,1.0,1.0,1.0,0.0,1.0,0.0,0.0,0.0,1.0,0.0,0.0,0.0,1.0,0.0,0.0,1.0,1.0,0.0,1.0,1.0,0.0,0.0,1.0,0.0,0.0,11.0,11.0,0.0,0.0,0.0,0.0,0.0,1.0,1.0,0.0,1.0,1.0,0.0,1.0,1.0,0.0,0.0,0.0,0.0,0.0,1.0,1.0,0.0,1.0,4.0,0.0,1.0,15.0,3.0,12.0,1.0,1.0,60.0,1.0,0.0,0.0,0.0,0.0,0.0,1.0,0.0,0.0,0.0,0.0,1.0,0.0,0.0,0.0,1.0,1.0,0.0,0.0,0.0,0.0,0.0,1.0,0.0,0.0,0.0,0.0,0.0,0.0,0.0,0.0,0.0,0.0,1.0,0.0,0.0,0.0,0.0,0.0,0.0,26.0,13.0,54.0,4.0,0.0,3.0,1.0,10.0,52.0,24.0,10.0,3.0,0.0,0.0,1.0,99.0,1.0,99.0,61.0,39.0,73.0,26.0,1.0,69.0,27.0,4.0,1.0,83.0,16.0,0.0,7.0,58.0,32.0,3.0,0.0,8.0,19.0,30.0,27.0,16.0,93.0,4.0,2.0,0.0,1.0,93.0,6.0,1.0,6.0,35.0,25.0,11.0,11.0,1.0,11.0,84.0,16.0,65.0,35.0,68.0,28.0,4.0,10.0,32.0,21.0,7.0,7.0,2.0,21.0,71.0,29.0,43.0,57.0,51.0,37.0,12.0,96.0,4.0,95.0,5.0,79.0,21.0,99.0,1.0,70.0,30.0,30.0,56.0,14.0,63.0,31.0,6.0,19.0,36.0,15.0,23.0,7.0,24.0,38.0,9.0,14.0,15.0,18.0,82.0,23.0,58.0,19.0,0.0,93.0,1.0,6.0,68.0,23.0,9.0,94.0,6.0,0.0,14.0,86.0,80.0,20.0,42.0,48.0,4.0,6.0,73.0,19.0,8.0,52.0,38.0,10.0,84.0,9.0,7.0,67.0,24.0,1.0,8.0,72.0,28.0,56.0,29.0,7.0,8.0,92.0,3.0,5.0,58.0,34.0,8.0,58.0,34.0,8.0,70.0,22.0,8.0,88.0,2.0,1.0,9.0,11.0,67.0,22.0,0.0,Abaixo da média
793,26092301,2017,1,2,2604,26013,26,2615508,261550805,2,1,1.0,1.0,1.0,0.0,0.0,0.0,0.0,0.0,0.0,0.0,0.0,0.0,0.0,1.0,1.0,1.0,0.0,0.0,0.0,1.0,0.0,0.0,0.0,0.0,1.0,0.0,1.0,0.0,0.0,0.0,0.0,0.0,1.0,1.0,1.0,1.0,0.0,1.0,0.0,1.0,1.0,1.0,0.0,1.0,0.0,0.0,0.0,1.0,0.0,1.0,0.0,0.0,0.0,0.0,0.0,0.0,0.0,0.0,0.0,0.0,0.0,0.0,0.0,0.0,10.0,10.0,1.0,0.0,1.0,0.0,0.0,0.0,1.0,0.0,1.0,1.0,0.0,1.0,1.0,2.0,0.0,1.0,0.0,0.0,0.0,4.0,0.0,2.0,4.0,0.0,2.0,3.0,1.0,3.0,1.0,1.0,43.0,1.0,1.0,0.0,0.0,0.0,0.0,1.0,0.0,0.0,0.0,0.0,1.0,0.0,0.0,1.0,1.0,1.0,0.0,0.0,0.0,0.0,0.0,1.0,0.0,0.0,0.0,0.0,1.0,0.0,0.0,0.0,0.0,0.0,1.0,0.0,0.0,0.0,0.0,0.0,0.0,10.0,4.0,29.0,0.0,1.0,1.0,0.0,2.0,20.0,18.0,4.0,1.0,0.0,0.0,3.0,42.0,0.0,45.0,29.0,16.0,35.0,10.0,0.0,21.0,21.0,3.0,0.0,39.0,6.0,0.0,5.0,18.0,21.0,1.0,0.0,4.0,8.0,15.0,12.0,6.0,40.0,3.0,2.0,0.0,0.0,40.0,1.0,4.0,5.0,13.0,2.0,4.0,15.0,5.0,1.0,38.0,7.0,32.0,13.0,28.0,14.0,3.0,4.0,13.0,6.0,5.0,5.0,3.0,9.0,31.0,14.0,21.0,24.0,38.0,7.0,0.0,45.0,0.0,41.0,4.0,37.0,8.0,44.0,1.0,33.0,12.0,17.0,21.0,7.0,36.0,7.0,2.0,10.0,13.0,6.0,10.0,6.0,13.0,8.0,3.0,2.0,19.0,2.0,43.0,25.0,17.0,3.0,0.0,40.0,2.0,3.0,26.0,18.0,1.0,45.0,0.0,0.0,2.0,43.0,42.0,3.0,36.0,8.0,0.0,1.0,38.0,6.0,1.0,26.0,17.0,2.0,41.0,3.0,1.0,40.0,3.0,0.0,2.0,33.0,12.0,32.0,12.0,0.0,1.0,45.0,0.0,0.0,30.0,15.0,0.0,35.0,10.0,0.0,35.0,10.0,0.0,44.0,1.0,0.0,0.0,12.0,24.0,9.0,0.0,Acima da média
794,26008530,2017,1,2,2601,26001,26,2615607,261560705,2,1,1.0,1.0,1.0,0.0,0.0,0.0,0.0,0.0,0.0,0.0,0.0,0.0,0.0,1.0,1.0,0.0,0.0,0.0,0.0,1.0,0.0,0.0,0.0,1.0,0.0,0.0,1.0,0.0,0.0,0.0,0.0,0.0,1.0,1.0,1.0,0.0,0.0,1.0,0.0,1.0,1.0,1.0,0.0,1.0,0.0,0.0,0.0,1.0,0.0,1.0,1.0,1.0,0.0,0.0,1.0,1.0,0.0,1.0,0.0,0.0,0.0,0.0,0.0,0.0,15.0,15.0,1.0,0.0,0.0,0.0,1.0,1.0,1.0,1.0,0.0,1.0,0.0,1.0,1.0,3.0,0.0,0.0,0.0,2.0,1.0,4.0,2.0,0.0,5.0,0.0,1.0,16.0,6.0,10.0,1.0,1.0,45.0,1.0,0.0,0.0,0.0,0.0,0.0,1.0,0.0,0.0,1.0,0.0,1.0,0.0,0.0,0.0,1.0,0.0,0.0,0.0,0.0,0.0,0.0,1.0,0.0,0.0,0.0,0.0,0.0,0.0,0.0,0.0,0.0,0.0,0.0,0.0,0.0,0.0,0.0,0.0,0.0,22.0,10.0,93.0,9.0,3.0,12.0,0.0,9.0,80.0,46.0,12.0,2.0,0.0,0.0,5.0,144.0,3.0,146.0,90.0,59.0,101.0,43.0,5.0,87.0,53.0,9.0,1.0,119.0,29.0,0.0,2.0,77.0,58.0,12.0,0.0,13.0,28.0,46.0,37.0,25.0,133.0,14.0,1.0,1.0,0.0,135.0,8.0,6.0,5.0,23.0,23.0,17.0,44.0,23.0,14.0,132.0,17.0,116.0,33.0,87.0,58.0,4.0,11.0,27.0,28.0,19.0,29.0,5.0,30.0,118.0,31.0,73.0,76.0,129.0,14.0,6.0,145.0,4.0,134.0,15.0,119.0,30.0,145.0,4.0,112.0,37.0,53.0,80.0,16.0,90.0,54.0,5.0,22.0,36.0,34.0,49.0,8.0,39.0,43.0,23.0,21.0,23.0,12.0,137.0,82.0,52.0,14.0,1.0,139.0,1.0,9.0,123.0,22.0,4.0,148.0,1.0,0.0,40.0,109.0,108.0,41.0,94.0,42.0,8.0,5.0,127.0,21.0,1.0,88.0,57.0,4.0,135.0,12.0,2.0,127.0,17.0,3.0,2.0,128.0,21.0,113.0,32.0,2.0,2.0,141.0,6.0,2.0,103.0,42.0,4.0,115.0,32.0,2.0,103.0,42.0,4.0,140.0,7.0,1.0,1.0,29.0,73.0,47.0,0.0,Acima da média
796,26008882,2017,1,2,2601,26001,26,2615607,261560705,2,1,1.0,1.0,1.0,0.0,0.0,0.0,0.0,0.0,0.0,0.0,1.0,0.0,0.0,1.0,1.0,0.0,0.0,0.0,0.0,1.0,0.0,0.0,0.0,1.0,0.0,0.0,1.0,0.0,0.0,0.0,0.0,0.0,1.0,1.0,1.0,0.0,1.0,1.0,1.0,1.0,0.0,1.0,1.0,1.0,0.0,0.0,0.0,1.0,0.0,1.0,0.0,1.0,1.0,0.0,1.0,0.0,0.0,1.0,0.0,0.0,0.0,0.0,0.0,0.0,15.0,15.0,1.0,1.0,1.0,1.0,0.0,0.0,1.0,0.0,1.0,1.0,0.0,1.0,1.0,2.0,1.0,2.0,1.0,0.0,0.0,1.0,0.0,1.0,1.0,0.0,1.0,22.0,2.0,20.0,1.0,0.0,52.0,1.0,0.0,1.0,0.0,0.0,0.0,1.0,0.0,0.0,1.0,1.0,1.0,0.0,0.0,1.0,1.0,1.0,1.0,0.0,0.0,0.0,1.0,1.0,0.0,0.0,0.0,0.0,1.0,0.0,0.0,0.0,0.0,1.0,1.0,1.0,0.0,0.0,0.0,0.0,0.0,7.0,7.0,42.0,2.0,2.0,3.0,0.0,1.0,22.0,20.0,10.0,7.0,1.0,2.0,8.0,55.0,5.0,58.0,36.0,27.0,47.0,16.0,0.0,55.0,8.0,0.0,1.0,58.0,4.0,0.0,3.0,35.0,22.0,3.0,1.0,11.0,12.0,14.0,10.0,15.0,60.0,1.0,2.0,0.0,0.0,50.0,13.0,0.0,4.0,27.0,13.0,3.0,8.0,2.0,6.0,50.0,13.0,39.0,24.0,30.0,33.0,0.0,16.0,14.0,8.0,3.0,4.0,0.0,18.0,38.0,25.0,25.0,38.0,39.0,21.0,3.0,63.0,0.0,60.0,3.0,54.0,9.0,63.0,0.0,42.0,21.0,22.0,34.0,7.0,36.0,18.0,9.0,25.0,16.0,3.0,7.0,12.0,13.0,22.0,9.0,9.0,10.0,11.0,52.0,15.0,27.0,21.0,0.0,57.0,1.0,5.0,36.0,23.0,4.0,54.0,8.0,1.0,19.0,44.0,50.0,13.0,34.0,28.0,1.0,0.0,53.0,8.0,2.0,32.0,30.0,1.0,40.0,23.0,0.0,57.0,5.0,0.0,1.0,46.0,17.0,38.0,25.0,0.0,0.0,60.0,3.0,0.0,52.0,10.0,1.0,45.0,15.0,3.0,33.0,29.0,1.0,58.0,4.0,0.0,1.0,14.0,34.0,15.0,0.0,Abaixo da média
797,26024047,2017,1,2,2601,26003,26,2615706,261570605,2,1,1.0,1.0,2.0,0.0,0.0,0.0,0.0,0.0,0.0,0.0,0.0,0.0,1.0,1.0,1.0,0.0,1.0,0.0,0.0,1.0,0.0,0.0,0.0,0.0,1.0,0.0,1.0,0.0,0.0,0.0,0.0,0.0,1.0,1.0,1.0,1.0,0.0,0.0,0.0,0.0,1.0,1.0,0.0,1.0,0.0,0.0,1.0,1.0,0.0,0.0,0.0,0.0,0.0,0.0,0.0,0.0,0.0,0.0,0.0,0.0,0.0,0.0,0.0,0.0,16.0,9.0,1.0,0.0,1.0,1.0,1.0,0.0,1.0,0.0,1.0,1.0,0.0,1.0,1.0,2.0,0.0,1.0,1.0,2.0,0.0,4.0,0.0,4.0,16.0,0.0,2.0,12.0,1.0,12.0,1.0,1.0,49.0,1.0,0.0,0.0,0.0,0.0,0.0,1.0,0.0,0.0,1.0,1.0,1.0,0.0,0.0,0.0,1.0,1.0,0.0,0.0,0.0,0.0,0.0,1.0,0.0,0.0,0.0,0.0,0.0,0.0,0.0,0.0,0.0,1.0,1.0,0.0,0.0,0.0,0.0,0.0,0.0,13.0,4.0,40.0,3.0,0.0,1.0,0.0,5.0,26.0,16.0,10.0,3.0,1.0,0.0,1.0,60.0,2.0,59.0,35.0,26.0,43.0,15.0,3.0,38.0,22.0,1.0,1.0,50.0,10.0,0.0,1.0,13.0,37.0,10.0,0.0,2.0,12.0,25.0,14.0,8.0,52.0,9.0,0.0,0.0,0.0,53.0,6.0,2.0,1.0,18.0,9.0,4.0,20.0,3.0,6.0,58.0,3.0,51.0,10.0,39.0,18.0,4.0,5.0,14.0,9.0,6.0,9.0,1.0,17.0,48.0,13.0,33.0,28.0,42.0,19.0,0.0,61.0,0.0,58.0,3.0,55.0,6.0,61.0,0.0,50.0,11.0,19.0,33.0,9.0,31.0,29.0,1.0,12.0,19.0,10.0,19.0,1.0,22.0,16.0,2.0,9.0,12.0,7.0,54.0,28.0,25.0,7.0,1.0,56.0,2.0,3.0,33.0,20.0,8.0,60.0,1.0,0.0,12.0,49.0,46.0,15.0,46.0,14.0,1.0,0.0,51.0,9.0,1.0,34.0,25.0,2.0,50.0,9.0,2.0,60.0,1.0,0.0,0.0,37.0,24.0,43.0,15.0,3.0,0.0,58.0,2.0,1.0,46.0,14.0,1.0,42.0,18.0,1.0,41.0,20.0,0.0,56.0,3.0,1.0,1.0,18.0,32.0,11.0,0.0,Acima da média
798,26134085,2017,1,2,2601,26003,26,2615706,261570605,2,1,1.0,1.0,1.0,0.0,0.0,0.0,0.0,0.0,0.0,0.0,0.0,0.0,0.0,1.0,1.0,0.0,0.0,0.0,0.0,1.0,0.0,0.0,0.0,0.0,1.0,0.0,1.0,0.0,0.0,0.0,0.0,0.0,1.0,1.0,1.0,0.0,1.0,0.0,1.0,1.0,1.0,1.0,0.0,1.0,0.0,0.0,0.0,1.0,0.0,0.0,0.0,1.0,0.0,0.0,0.0,1.0,1.0,0.0,0.0,0.0,0.0,0.0,0.0,0.0,10.0,10.0,1.0,0.0,1.0,0.0,1.0,0.0,0.0,1.0,1.0,1.0,0.0,1.0,1.0,5.0,0.0,2.0,0.0,3.0,0.0,0.0,4.0,3.0,9.0,0.0,8.0,16.0,4.0,12.0,1.0,1.0,38.0,1.0,1.0,0.0,0.0,0.0,0.0,1.0,0.0,0.0,1.0,0.0,1.0,0.0,0.0,0.0,1.0,0.0,0.0,0.0,0.0,0.0,0.0,1.0,0.0,0.0,0.0,0.0,0.0,0.0,0.0,0.0,0.0,0.0,0.0,0.0,0.0,0.0,0.0,0.0,0.0,20.0,3.0,43.0,2.0,0.0,3.0,0.0,13.0,38.0,10.0,8.0,2.0,0.0,0.0,1.0,70.0,1.0,70.0,43.0,28.0,41.0,24.0,6.0,36.0,27.0,8.0,0.0,52.0,19.0,0.0,0.0,22.0,40.0,9.0,0.0,10.0,17.0,21.0,18.0,5.0,65.0,6.0,0.0,0.0,0.0,67.0,2.0,2.0,1.0,9.0,6.0,11.0,29.0,10.0,5.0,69.0,2.0,62.0,9.0,48.0,21.0,2.0,3.0,14.0,20.0,6.0,17.0,2.0,9.0,60.0,11.0,41.0,30.0,47.0,22.0,2.0,70.0,1.0,67.0,4.0,62.0,9.0,70.0,1.0,58.0,13.0,26.0,36.0,9.0,48.0,21.0,2.0,9.0,25.0,23.0,13.0,1.0,28.0,21.0,1.0,4.0,17.0,3.0,68.0,37.0,26.0,6.0,2.0,65.0,1.0,5.0,53.0,13.0,5.0,69.0,2.0,0.0,10.0,61.0,57.0,14.0,52.0,18.0,1.0,0.0,70.0,1.0,0.0,44.0,27.0,0.0,66.0,5.0,0.0,71.0,0.0,0.0,0.0,52.0,19.0,46.0,24.0,1.0,0.0,70.0,1.0,0.0,68.0,3.0,0.0,58.0,13.0,0.0,61.0,10.0,0.0,70.0,1.0,0.0,0.0,15.0,40.0,10.0,6.0,Acima da média
799,26048337,2017,1,2,2603,26007,26,2615805,261580505,2,1,1.0,1.0,1.0,0.0,0.0,0.0,0.0,0.0,0.0,0.0,0.0,0.0,0.0,1.0,1.0,0.0,0.0,0.0,0.0,1.0,0.0,0.0,0.0,1.0,0.0,0.0,1.0,0.0,0.0,0.0,0.0,0.0,1.0,1.0,1.0,1.0,0.0,0.0,1.0,1.0,1.0,1.0,0.0,1.0,0.0,0.0,0.0,1.0,0.0,1.0,0.0,0.0,1.0,1.0,1.0,1.0,0.0,0.0,1.0,0.0,0.0,0.0,0.0,0.0,15.0,15.0,1.0,0.0,1.0,1.0,1.0,0.0,1.0,1.0,1.0,1.0,0.0,0.0,1.0,1.0,0.0,6.0,2.0,1.0,0.0,2.0,1.0,3.0,5.0,0.0,0.0,14.0,6.0,9.0,1.0,1.0,44.0,1.0,0.0,0.0,0.0,0.0,0.0,1.0,0.0,0.0,0.0,0.0,1.0,0.0,0.0,1.0,1.0,0.0,0.0,0.0,0.0,0.0,0.0,1.0,0.0,0.0,0.0,0.0,1.0,0.0,0.0,0.0,0.0,0.0,0.0,0.0,0.0,0.0,0.0,0.0,0.0,33.0,9.0,121.0,6.0,5.0,12.0,0.0,7.0,52.0,58.0,40.0,20.0,7.0,2.0,6.0,180.0,4.0,182.0,123.0,63.0,141.0,39.0,6.0,153.0,29.0,4.0,9.0,154.0,23.0,1.0,5.0,63.0,86.0,31.0,1.0,12.0,33.0,47.0,47.0,46.0,178.0,5.0,3.0,0.0,0.0,159.0,20.0,7.0,29.0,60.0,37.0,9.0,15.0,14.0,22.0,128.0,58.0,112.0,74.0,122.0,57.0,7.0,34.0,63.0,29.0,6.0,3.0,3.0,48.0,115.0,71.0,87.0,99.0,89.0,86.0,11.0,182.0,4.0,163.0,23.0,150.0,36.0,181.0,5.0,134.0,52.0,69.0,103.0,14.0,114.0,64.0,8.0,80.0,37.0,19.0,37.0,13.0,42.0,54.0,20.0,33.0,37.0,19.0,167.0,24.0,103.0,58.0,1.0,181.0,2.0,3.0,86.0,77.0,23.0,172.0,7.0,7.0,80.0,106.0,142.0,44.0,121.0,54.0,3.0,8.0,155.0,24.0,7.0,102.0,77.0,7.0,153.0,28.0,5.0,145.0,34.0,1.0,6.0,147.0,39.0,140.0,41.0,5.0,0.0,180.0,6.0,0.0,150.0,36.0,0.0,137.0,49.0,0.0,116.0,69.0,1.0,185.0,1.0,0.0,0.0,42.0,123.0,21.0,0.0,Abaixo da média
800,26024551,2017,1,2,2601,26003,26,2615904,261590405,2,1,0.0,1.0,1.0,0.0,0.0,0.0,0.0,0.0,0.0,0.0,0.0,0.0,0.0,1.0,1.0,0.0,0.0,0.0,0.0,1.0,0.0,0.0,0.0,1.0,0.0,0.0,1.0,0.0,0.0,0.0,0.0,0.0,1.0,1.0,1.0,0.0,0.0,1.0,1.0,1.0,1.0,1.0,0.0,1.0,0.0,0.0,0.0,1.0,0.0,1.0,1.0,0.0,0.0,0.0,0.0,0.0,0.0,0.0,0.0,0.0,0.0,0.0,0.0,0.0,8.0,4.0,1.0,1.0,1.0,0.0,1.0,1.0,1.0,1.0,1.0,1.0,0.0,1.0,1.0,3.0,1.0,3.0,0.0,2.0,1.0,7.0,2.0,5.0,8.0,0.0,2.0,14.0,2.0,12.0,1.0,1.0,20.0,1.0,0.0,0.0,0.0,0.0,0.0,1.0,0.0,0.0,0.0,0.0,1.0,0.0,0.0,0.0,1.0,0.0,0.0,0.0,0.0,0.0,0.0,1.0,0.0,0.0,0.0,0.0,0.0,0.0,0.0,0.0,0.0,0.0,0.0,0.0,0.0,0.0,0.0,0.0,0.0,7.0,8.0,26.0,2.0,1.0,0.0,0.0,2.0,26.0,13.0,3.0,0.0,0.0,0.0,1.0,43.0,1.0,43.0,27.0,17.0,28.0,16.0,0.0,21.0,22.0,1.0,0.0,36.0,8.0,0.0,2.0,24.0,17.0,1.0,0.0,5.0,12.0,12.0,13.0,2.0,40.0,3.0,1.0,0.0,0.0,42.0,1.0,1.0,0.0,8.0,10.0,6.0,15.0,1.0,4.0,40.0,4.0,36.0,8.0,29.0,15.0,0.0,0.0,12.0,6.0,8.0,5.0,2.0,11.0,38.0,6.0,19.0,25.0,38.0,5.0,1.0,43.0,1.0,42.0,2.0,35.0,9.0,44.0,0.0,32.0,12.0,15.0,23.0,6.0,33.0,6.0,5.0,8.0,10.0,12.0,10.0,4.0,18.0,12.0,1.0,3.0,10.0,6.0,38.0,20.0,22.0,2.0,0.0,44.0,0.0,0.0,36.0,7.0,1.0,42.0,2.0,0.0,7.0,37.0,33.0,11.0,32.0,9.0,1.0,2.0,34.0,7.0,3.0,30.0,9.0,5.0,39.0,3.0,2.0,41.0,1.0,0.0,2.0,29.0,15.0,31.0,12.0,1.0,0.0,43.0,1.0,0.0,31.0,12.0,1.0,41.0,3.0,0.0,37.0,7.0,0.0,40.0,4.0,0.0,0.0,28.0,14.0,2.0,0.0,Acima da média
801,26024578,2017,1,2,2601,26003,26,2615904,261590405,2,1,1.0,1.0,1.0,0.0,0.0,0.0,0.0,0.0,0.0,0.0,0.0,0.0,0.0,1.0,1.0,0.0,0.0,0.0,0.0,1.0,0.0,0.0,0.0,0.0,1.0,0.0,1.0,0.0,0.0,0.0,0.0,0.0,1.0,1.0,1.0,0.0,1.0,0.0,1.0,1.0,1.0,1.0,0.0,1.0,0.0,0.0,0.0,1.0,0.0,0.0,0.0,0.0,0.0,0.0,0.0,0.0,0.0,0.0,0.0,0.0,0.0,0.0,0.0,0.0,8.0,8.0,1.0,0.0,0.0,0.0,1.0,0.0,1.0,0.0,1.0,0.0,0.0,1.0,1.0,1.0,0.0,0.0,0.0,2.0,0.0,2.0,0.0,2.0,0.0,0.0,1.0,11.0,3.0,8.0,1.0,1.0,42.0,1.0,0.0,0.0,0.0,0.0,0.0,1.0,0.0,0.0,1.0,1.0,1.0,0.0,0.0,0.0,1.0,0.0,0.0,0.0,0.0,0.0,1.0,1.0,0.0,0.0,0.0,0.0,0.0,0.0,0.0,0.0,0.0,0.0,0.0,0.0,0.0,0.0,0.0,0.0,0.0,3.0,1.0,15.0,0.0,1.0,1.0,0.0,0.0,4.0,8.0,5.0,3.0,0.0,1.0,0.0,21.0,0.0,21.0,14.0,7.0,15.0,4.0,2.0,13.0,7.0,1.0,0.0,18.0,3.0,0.0,1.0,7.0,12.0,1.0,1.0,4.0,7.0,5.0,3.0,1.0,19.0,1.0,1.0,0.0,0.0,17.0,3.0,1.0,0.0,8.0,4.0,3.0,2.0,0.0,4.0,21.0,0.0,18.0,3.0,13.0,8.0,0.0,1.0,4.0,4.0,3.0,3.0,0.0,6.0,16.0,5.0,13.0,8.0,15.0,5.0,1.0,20.0,1.0,19.0,2.0,18.0,3.0,20.0,1.0,13.0,8.0,4.0,12.0,5.0,13.0,7.0,1.0,3.0,9.0,1.0,7.0,1.0,6.0,2.0,0.0,6.0,7.0,3.0,18.0,6.0,15.0,0.0,0.0,20.0,0.0,1.0,7.0,12.0,2.0,16.0,4.0,1.0,7.0,14.0,19.0,2.0,6.0,13.0,1.0,1.0,15.0,5.0,1.0,11.0,9.0,1.0,16.0,4.0,1.0,18.0,1.0,0.0,2.0,11.0,10.0,6.0,7.0,7.0,1.0,17.0,3.0,1.0,10.0,11.0,0.0,10.0,11.0,0.0,13.0,8.0,0.0,17.0,3.0,0.0,1.0,2.0,9.0,10.0,0.0,Abaixo da média
802,26024616,2017,1,2,2601,26003,26,2615904,261590410,3,2,1.0,1.0,1.0,0.0,0.0,0.0,0.0,0.0,0.0,0.0,0.0,0.0,0.0,1.0,0.0,0.0,1.0,0.0,0.0,1.0,0.0,0.0,0.0,0.0,1.0,0.0,1.0,0.0,0.0,0.0,0.0,0.0,1.0,1.0,1.0,0.0,0.0,1.0,0.0,1.0,1.0,1.0,0.0,1.0,0.0,0.0,0.0,1.0,1.0,0.0,0.0,1.0,0.0,1.0,0.0,1.0,0.0,0.0,1.0,0.0,0.0,0.0,0.0,0.0,9.0,9.0,1.0,1.0,1.0,1.0,0.0,1.0,0.0,1.0,1.0,1.0,0.0,1.0,1.0,2.0,1.0,2.0,1.0,0.0,2.0,0.0,2.0,2.0,3.0,0.0,1.0,6.0,1.0,5.0,1.0,1.0,40.0,1.0,0.0,1.0,0.0,0.0,0.0,1.0,0.0,0.0,1.0,0.0,1.0,0.0,0.0,0.0,1.0,0.0,0.0,1.0,1.0,1.0,1.0,1.0,0.0,0.0,0.0,0.0,0.0,0.0,0.0,0.0,0.0,0.0,0.0,0.0,0.0,0.0,0.0,0.0,0.0,4.0,3.0,14.0,3.0,0.0,0.0,0.0,2.0,9.0,5.0,1.0,5.0,0.0,2.0,2.0,22.0,0.0,24.0,19.0,5.0,17.0,6.0,1.0,16.0,8.0,0.0,1.0,23.0,0.0,0.0,1.0,10.0,12.0,1.0,0.0,8.0,1.0,5.0,7.0,3.0,22.0,1.0,1.0,0.0,0.0,17.0,6.0,1.0,1.0,3.0,4.0,5.0,5.0,2.0,4.0,23.0,1.0,19.0,5.0,13.0,11.0,0.0,2.0,7.0,5.0,3.0,2.0,0.0,5.0,19.0,5.0,14.0,10.0,17.0,4.0,3.0,23.0,1.0,21.0,3.0,20.0,4.0,23.0,1.0,16.0,8.0,4.0,19.0,1.0,17.0,4.0,3.0,5.0,10.0,2.0,5.0,2.0,5.0,5.0,3.0,7.0,4.0,6.0,18.0,4.0,13.0,7.0,0.0,23.0,0.0,1.0,14.0,6.0,4.0,19.0,2.0,3.0,7.0,17.0,14.0,10.0,16.0,8.0,0.0,0.0,22.0,2.0,0.0,18.0,6.0,0.0,20.0,3.0,1.0,24.0,0.0,0.0,0.0,15.0,9.0,19.0,4.0,1.0,0.0,24.0,0.0,0.0,18.0,5.0,1.0,20.0,4.0,0.0,13.0,10.0,1.0,22.0,2.0,0.0,0.0,7.0,14.0,3.0,0.0,Abaixo da média
803,26049406,2017,1,2,2603,26007,26,2616001,261600105,2,1,1.0,1.0,1.0,0.0,0.0,0.0,0.0,0.0,0.0,0.0,0.0,0.0,0.0,1.0,1.0,0.0,0.0,0.0,0.0,1.0,0.0,0.0,0.0,1.0,0.0,0.0,1.0,0.0,0.0,0.0,0.0,0.0,1.0,1.0,1.0,1.0,1.0,0.0,1.0,1.0,1.0,1.0,0.0,1.0,0.0,0.0,0.0,1.0,0.0,0.0,0.0,0.0,0.0,0.0,0.0,1.0,0.0,0.0,0.0,0.0,0.0,0.0,0.0,0.0,15.0,14.0,1.0,0.0,1.0,1.0,1.0,1.0,1.0,1.0,1.0,1.0,0.0,1.0,1.0,12.0,0.0,3.0,2.0,2.0,2.0,5.0,3.0,7.0,24.0,0.0,2.0,31.0,9.0,22.0,1.0,1.0,43.0,1.0,1.0,1.0,0.0,0.0,0.0,1.0,0.0,0.0,1.0,0.0,1.0,0.0,0.0,1.0,1.0,0.0,0.0,0.0,0.0,0.0,0.0,1.0,0.0,0.0,0.0,0.0,1.0,0.0,0.0,0.0,0.0,0.0,0.0,0.0,0.0,0.0,0.0,0.0,0.0,41.0,9.0,54.0,8.0,0.0,12.0,0.0,8.0,61.0,43.0,11.0,1.0,0.0,0.0,4.0,120.0,2.0,122.0,79.0,45.0,95.0,26.0,3.0,80.0,38.0,6.0,0.0,98.0,26.0,0.0,3.0,54.0,57.0,10.0,1.0,17.0,25.0,32.0,25.0,24.0,117.0,7.0,0.0,0.0,0.0,106.0,13.0,5.0,8.0,24.0,21.0,16.0,30.0,11.0,14.0,103.0,21.0,89.0,35.0,67.0,52.0,5.0,13.0,24.0,28.0,12.0,18.0,2.0,27.0,94.0,30.0,58.0,66.0,84.0,30.0,10.0,123.0,1.0,110.0,14.0,107.0,17.0,121.0,3.0,95.0,29.0,42.0,72.0,10.0,86.0,35.0,3.0,19.0,29.0,25.0,44.0,7.0,36.0,36.0,15.0,7.0,30.0,10.0,114.0,88.0,26.0,9.0,1.0,114.0,1.0,9.0,89.0,30.0,5.0,120.0,3.0,1.0,29.0,95.0,114.0,10.0,84.0,35.0,2.0,3.0,111.0,10.0,3.0,61.0,55.0,8.0,105.0,15.0,4.0,104.0,16.0,1.0,3.0,64.0,60.0,80.0,33.0,7.0,4.0,110.0,9.0,5.0,101.0,19.0,4.0,60.0,60.0,4.0,91.0,29.0,4.0,105.0,14.0,2.0,3.0,16.0,92.0,16.0,0.0,Acima da média
804,26049422,2017,1,2,2603,26007,26,2616001,261600105,2,1,1.0,1.0,2.0,0.0,0.0,0.0,0.0,0.0,0.0,0.0,1.0,1.0,0.0,0.0,0.0,0.0,1.0,0.0,0.0,1.0,0.0,0.0,0.0,1.0,0.0,0.0,1.0,0.0,0.0,0.0,0.0,0.0,0.0,0.0,0.0,0.0,0.0,0.0,0.0,0.0,1.0,1.0,0.0,1.0,0.0,0.0,0.0,1.0,0.0,0.0,0.0,0.0,0.0,0.0,0.0,0.0,0.0,0.0,0.0,0.0,0.0,0.0,0.0,0.0,8.0,8.0,1.0,0.0,0.0,1.0,1.0,0.0,1.0,0.0,1.0,1.0,0.0,1.0,1.0,2.0,0.0,0.0,1.0,1.0,0.0,5.0,0.0,2.0,5.0,0.0,2.0,24.0,4.0,20.0,1.0,0.0,46.0,1.0,0.0,1.0,0.0,0.0,0.0,1.0,0.0,0.0,0.0,0.0,1.0,0.0,0.0,0.0,1.0,1.0,0.0,0.0,0.0,0.0,1.0,1.0,0.0,0.0,0.0,0.0,0.0,0.0,0.0,0.0,0.0,1.0,1.0,0.0,0.0,0.0,0.0,0.0,0.0,4.0,5.0,8.0,0.0,0.0,2.0,0.0,0.0,5.0,2.0,7.0,5.0,0.0,0.0,1.0,18.0,2.0,17.0,13.0,6.0,15.0,3.0,1.0,16.0,3.0,0.0,1.0,17.0,1.0,0.0,2.0,8.0,7.0,2.0,0.0,3.0,3.0,5.0,4.0,4.0,16.0,2.0,0.0,1.0,0.0,12.0,6.0,1.0,4.0,4.0,2.0,5.0,1.0,0.0,3.0,15.0,4.0,11.0,8.0,9.0,8.0,2.0,6.0,7.0,1.0,0.0,1.0,0.0,4.0,12.0,7.0,5.0,14.0,12.0,4.0,3.0,19.0,0.0,14.0,5.0,13.0,6.0,17.0,2.0,13.0,6.0,1.0,11.0,7.0,8.0,9.0,2.0,8.0,1.0,1.0,4.0,5.0,5.0,3.0,2.0,5.0,4.0,5.0,14.0,17.0,1.0,1.0,0.0,18.0,0.0,1.0,7.0,5.0,7.0,15.0,3.0,1.0,13.0,6.0,14.0,5.0,14.0,5.0,0.0,0.0,13.0,4.0,2.0,9.0,6.0,4.0,12.0,4.0,3.0,15.0,2.0,1.0,1.0,18.0,1.0,13.0,4.0,1.0,1.0,16.0,2.0,1.0,13.0,4.0,2.0,9.0,9.0,1.0,14.0,4.0,1.0,18.0,0.0,0.0,1.0,2.0,3.0,12.0,2.0,Abaixo da média
805,26014190,2017,1,2,2601,26002,26,2616100,261610005,2,1,1.0,1.0,1.0,0.0,0.0,0.0,0.0,0.0,0.0,0.0,0.0,0.0,0.0,0.0,1.0,0.0,0.0,0.0,0.0,1.0,0.0,0.0,0.0,1.0,0.0,0.0,1.0,0.0,0.0,0.0,0.0,0.0,1.0,1.0,1.0,0.0,1.0,0.0,1.0,1.0,1.0,1.0,0.0,1.0,0.0,0.0,0.0,1.0,0.0,0.0,0.0,0.0,0.0,0.0,0.0,0.0,0.0,0.0,0.0,0.0,0.0,0.0,0.0,0.0,11.0,11.0,1.0,1.0,1.0,1.0,1.0,1.0,1.0,0.0,1.0,1.0,1.0,1.0,1.0,5.0,1.0,5.0,1.0,1.0,1.0,1.0,0.0,11.0,20.0,1.0,1.0,25.0,4.0,21.0,1.0,1.0,42.0,1.0,0.0,0.0,0.0,0.0,0.0,1.0,0.0,0.0,0.0,0.0,1.0,0.0,0.0,0.0,1.0,0.0,0.0,0.0,0.0,0.0,0.0,1.0,0.0,0.0,0.0,0.0,0.0,0.0,0.0,0.0,0.0,0.0,0.0,0.0,0.0,0.0,0.0,0.0,0.0,8.0,9.0,50.0,1.0,0.0,3.0,0.0,21.0,37.0,11.0,1.0,1.0,0.0,0.0,2.0,69.0,0.0,71.0,42.0,29.0,48.0,22.0,1.0,44.0,23.0,4.0,0.0,51.0,20.0,0.0,3.0,28.0,36.0,4.0,0.0,6.0,17.0,19.0,15.0,14.0,66.0,4.0,1.0,0.0,0.0,64.0,3.0,4.0,4.0,13.0,14.0,12.0,9.0,7.0,12.0,63.0,8.0,54.0,17.0,52.0,18.0,1.0,1.0,17.0,12.0,5.0,14.0,2.0,20.0,67.0,4.0,46.0,25.0,57.0,12.0,2.0,71.0,0.0,68.0,3.0,65.0,6.0,71.0,0.0,51.0,20.0,15.0,43.0,13.0,46.0,23.0,2.0,18.0,18.0,11.0,22.0,2.0,27.0,20.0,4.0,2.0,18.0,3.0,68.0,23.0,36.0,10.0,2.0,69.0,0.0,2.0,56.0,12.0,3.0,69.0,1.0,1.0,18.0,53.0,61.0,10.0,43.0,24.0,1.0,3.0,65.0,4.0,2.0,39.0,30.0,2.0,65.0,3.0,3.0,63.0,4.0,0.0,4.0,48.0,23.0,33.0,37.0,1.0,0.0,68.0,3.0,0.0,67.0,4.0,0.0,60.0,10.0,1.0,58.0,13.0,0.0,66.0,5.0,0.0,0.0,8.0,45.0,18.0,0.0,Acima da média
806,26145677,2017,1,2,2603,26009,26,2616183,261618305,2,1,1.0,1.0,1.0,0.0,0.0,0.0,0.0,0.0,0.0,0.0,0.0,0.0,0.0,1.0,1.0,0.0,0.0,0.0,0.0,1.0,0.0,0.0,0.0,0.0,1.0,0.0,1.0,0.0,0.0,0.0,0.0,0.0,1.0,1.0,1.0,1.0,0.0,1.0,0.0,1.0,1.0,1.0,0.0,1.0,0.0,0.0,0.0,1.0,0.0,1.0,1.0,1.0,1.0,1.0,1.0,1.0,1.0,1.0,0.0,0.0,0.0,1.0,0.0,0.0,12.0,8.0,1.0,1.0,1.0,0.0,1.0,1.0,1.0,1.0,1.0,1.0,1.0,1.0,1.0,5.0,2.0,1.0,0.0,1.0,1.0,1.0,5.0,4.0,6.0,1.0,5.0,16.0,1.0,15.0,1.0,1.0,28.0,1.0,0.0,0.0,0.0,0.0,0.0,1.0,0.0,0.0,0.0,0.0,1.0,0.0,0.0,0.0,1.0,1.0,0.0,0.0,0.0,0.0,0.0,1.0,0.0,0.0,0.0,0.0,0.0,0.0,0.0,0.0,0.0,0.0,1.0,0.0,0.0,0.0,0.0,0.0,0.0,23.0,1.0,35.0,2.0,0.0,1.0,0.0,3.0,27.0,20.0,9.0,3.0,0.0,0.0,1.0,61.0,1.0,61.0,43.0,19.0,42.0,20.0,0.0,41.0,20.0,1.0,1.0,49.0,12.0,0.0,1.0,22.0,33.0,6.0,0.0,7.0,12.0,19.0,15.0,9.0,60.0,2.0,0.0,0.0,0.0,56.0,4.0,2.0,3.0,21.0,15.0,5.0,9.0,2.0,7.0,55.0,7.0,48.0,14.0,45.0,15.0,2.0,13.0,13.0,5.0,7.0,7.0,0.0,17.0,38.0,24.0,24.0,38.0,44.0,11.0,7.0,59.0,3.0,54.0,8.0,44.0,18.0,59.0,3.0,41.0,21.0,14.0,39.0,9.0,41.0,17.0,4.0,11.0,17.0,16.0,14.0,4.0,20.0,17.0,5.0,5.0,15.0,3.0,59.0,28.0,29.0,5.0,0.0,62.0,0.0,0.0,47.0,11.0,4.0,61.0,1.0,0.0,12.0,50.0,37.0,25.0,26.0,31.0,4.0,1.0,49.0,12.0,1.0,36.0,25.0,1.0,54.0,8.0,0.0,60.0,2.0,0.0,0.0,40.0,22.0,38.0,16.0,8.0,0.0,57.0,5.0,0.0,44.0,18.0,0.0,48.0,14.0,0.0,49.0,13.0,0.0,61.0,1.0,0.0,0.0,12.0,37.0,13.0,0.0,Acima da média
807,26066572,2017,1,2,2603,26009,26,2616209,261620905,2,1,1.0,1.0,1.0,0.0,0.0,0.0,0.0,0.0,0.0,0.0,0.0,0.0,0.0,1.0,1.0,0.0,0.0,0.0,0.0,1.0,0.0,0.0,0.0,1.0,0.0,0.0,1.0,0.0,0.0,0.0,0.0,0.0,1.0,1.0,0.0,0.0,0.0,0.0,1.0,1.0,1.0,1.0,0.0,1.0,0.0,0.0,0.0,1.0,0.0,1.0,0.0,0.0,0.0,0.0,0.0,0.0,0.0,0.0,0.0,0.0,0.0,0.0,0.0,0.0,9.0,21.0,0.0,0.0,0.0,0.0,0.0,0.0,0.0,0.0,0.0,0.0,0.0,0.0,0.0,0.0,0.0,0.0,0.0,0.0,0.0,0.0,0.0,0.0,0.0,0.0,0.0,0.0,0.0,0.0,0.0,0.0,34.0,1.0,0.0,0.0,0.0,0.0,0.0,1.0,0.0,0.0,0.0,0.0,1.0,0.0,0.0,0.0,1.0,1.0,0.0,0.0,0.0,0.0,0.0,1.0,0.0,0.0,0.0,0.0,0.0,0.0,0.0,0.0,0.0,0.0,1.0,0.0,0.0,0.0,0.0,0.0,0.0,39.0,9.0,61.0,6.0,0.0,5.0,0.0,19.0,71.0,27.0,3.0,0.0,0.0,0.0,1.0,119.0,0.0,120.0,67.0,53.0,62.0,52.0,6.0,52.0,53.0,15.0,0.0,70.0,50.0,0.0,2.0,68.0,42.0,8.0,1.0,10.0,25.0,48.0,26.0,10.0,107.0,11.0,2.0,0.0,0.0,109.0,9.0,2.0,1.0,23.0,22.0,24.0,28.0,19.0,3.0,115.0,5.0,93.0,27.0,70.0,41.0,9.0,4.0,25.0,33.0,18.0,20.0,5.0,15.0,104.0,16.0,64.0,56.0,91.0,22.0,7.0,119.0,1.0,109.0,11.0,93.0,27.0,116.0,4.0,83.0,37.0,39.0,60.0,21.0,77.0,40.0,3.0,7.0,37.0,32.0,42.0,2.0,45.0,39.0,7.0,3.0,26.0,13.0,107.0,57.0,52.0,10.0,1.0,100.0,4.0,16.0,97.0,20.0,3.0,118.0,2.0,0.0,12.0,108.0,92.0,28.0,59.0,50.0,9.0,2.0,92.0,23.0,5.0,59.0,53.0,8.0,104.0,11.0,5.0,104.0,10.0,2.0,4.0,75.0,45.0,65.0,41.0,11.0,3.0,107.0,11.0,2.0,83.0,34.0,3.0,67.0,51.0,2.0,95.0,21.0,4.0,114.0,4.0,0.0,2.0,18.0,62.0,39.0,1.0,Acima da média
809,26092786,2017,1,2,2604,26013,26,2616308,261630805,2,1,1.0,1.0,1.0,0.0,0.0,0.0,0.0,0.0,0.0,0.0,0.0,0.0,0.0,1.0,1.0,0.0,0.0,0.0,0.0,1.0,0.0,0.0,0.0,0.0,1.0,0.0,1.0,0.0,0.0,0.0,0.0,0.0,1.0,1.0,1.0,1.0,0.0,0.0,1.0,1.0,1.0,1.0,0.0,1.0,0.0,0.0,0.0,1.0,0.0,1.0,1.0,1.0,0.0,1.0,0.0,1.0,0.0,1.0,0.0,0.0,0.0,0.0,0.0,0.0,11.0,11.0,1.0,0.0,1.0,1.0,1.0,1.0,0.0,1.0,1.0,1.0,0.0,1.0,1.0,10.0,0.0,3.0,1.0,2.0,1.0,0.0,2.0,2.0,11.0,0.0,3.0,21.0,3.0,18.0,1.0,0.0,32.0,1.0,0.0,0.0,0.0,0.0,0.0,1.0,0.0,0.0,0.0,0.0,1.0,0.0,0.0,0.0,1.0,0.0,0.0,0.0,0.0,0.0,0.0,1.0,0.0,0.0,0.0,0.0,0.0,0.0,0.0,0.0,0.0,0.0,0.0,0.0,0.0,0.0,0.0,0.0,0.0,25.0,15.0,58.0,6.0,0.0,6.0,0.0,14.0,58.0,29.0,9.0,0.0,0.0,0.0,2.0,108.0,2.0,108.0,71.0,39.0,72.0,32.0,6.0,55.0,52.0,3.0,2.0,77.0,31.0,2.0,3.0,35.0,61.0,9.0,0.0,9.0,12.0,42.0,26.0,21.0,98.0,11.0,1.0,0.0,0.0,100.0,5.0,5.0,2.0,16.0,18.0,14.0,37.0,16.0,7.0,102.0,8.0,93.0,17.0,67.0,35.0,8.0,6.0,33.0,19.0,15.0,20.0,3.0,14.0,92.0,18.0,72.0,38.0,86.0,20.0,4.0,110.0,0.0,104.0,6.0,104.0,6.0,108.0,2.0,82.0,28.0,44.0,57.0,9.0,84.0,23.0,3.0,23.0,26.0,25.0,28.0,8.0,45.0,21.0,11.0,6.0,27.0,5.0,105.0,55.0,52.0,1.0,2.0,99.0,3.0,8.0,78.0,29.0,3.0,108.0,2.0,0.0,20.0,90.0,101.0,9.0,80.0,28.0,2.0,0.0,100.0,7.0,3.0,70.0,38.0,2.0,109.0,1.0,0.0,92.0,16.0,2.0,0.0,58.0,52.0,51.0,51.0,8.0,0.0,105.0,4.0,1.0,86.0,21.0,3.0,88.0,21.0,1.0,97.0,11.0,2.0,93.0,15.0,2.0,0.0,39.0,60.0,11.0,0.0,Acima da média
811,26094800,2017,1,2,2604,26014,26,2616407,261640705,2,1,1.0,1.0,1.0,0.0,0.0,0.0,0.0,0.0,0.0,0.0,1.0,0.0,0.0,1.0,1.0,0.0,0.0,0.0,0.0,1.0,0.0,0.0,0.0,0.0,1.0,0.0,1.0,0.0,0.0,0.0,0.0,0.0,1.0,1.0,1.0,1.0,0.0,0.0,1.0,1.0,1.0,1.0,0.0,1.0,0.0,0.0,1.0,1.0,0.0,1.0,0.0,0.0,0.0,0.0,0.0,0.0,0.0,0.0,0.0,0.0,0.0,0.0,0.0,0.0,17.0,17.0,0.0,0.0,0.0,0.0,0.0,0.0,0.0,0.0,0.0,0.0,0.0,0.0,1.0,0.0,0.0,0.0,0.0,0.0,0.0,0.0,0.0,0.0,0.0,0.0,0.0,10.0,2.0,8.0,1.0,1.0,97.0,1.0,0.0,0.0,0.0,0.0,0.0,1.0,0.0,0.0,0.0,0.0,1.0,0.0,0.0,0.0,1.0,1.0,0.0,0.0,0.0,0.0,0.0,1.0,0.0,0.0,0.0,0.0,0.0,0.0,0.0,0.0,0.0,0.0,1.0,0.0,0.0,0.0,0.0,0.0,0.0,25.0,17.0,67.0,6.0,1.0,3.0,0.0,13.0,44.0,36.0,19.0,6.0,1.0,0.0,5.0,114.0,2.0,117.0,70.0,49.0,91.0,22.0,6.0,83.0,32.0,4.0,2.0,94.0,23.0,0.0,7.0,74.0,31.0,7.0,0.0,7.0,28.0,36.0,29.0,19.0,108.0,9.0,2.0,0.0,0.0,105.0,9.0,5.0,6.0,33.0,18.0,15.0,35.0,2.0,10.0,93.0,26.0,88.0,31.0,75.0,43.0,1.0,9.0,34.0,20.0,14.0,15.0,0.0,27.0,91.0,28.0,63.0,56.0,55.0,51.0,13.0,116.0,3.0,104.0,15.0,103.0,16.0,115.0,4.0,79.0,40.0,48.0,59.0,12.0,83.0,31.0,5.0,30.0,31.0,14.0,42.0,2.0,45.0,45.0,8.0,9.0,12.0,14.0,105.0,30.0,70.0,15.0,4.0,112.0,1.0,6.0,69.0,38.0,12.0,111.0,5.0,3.0,20.0,99.0,113.0,6.0,67.0,45.0,3.0,4.0,94.0,22.0,3.0,72.0,42.0,5.0,108.0,7.0,4.0,106.0,10.0,0.0,3.0,70.0,49.0,56.0,53.0,10.0,0.0,110.0,8.0,1.0,80.0,38.0,1.0,79.0,37.0,3.0,94.0,22.0,3.0,114.0,5.0,0.0,0.0,45.0,61.0,13.0,0.0,Abaixo da média
812,26094860,2017,1,2,2604,26014,26,2616407,261640705,2,1,1.0,1.0,1.0,0.0,0.0,0.0,0.0,0.0,0.0,0.0,0.0,0.0,0.0,1.0,1.0,0.0,0.0,0.0,0.0,1.0,0.0,0.0,0.0,1.0,0.0,0.0,1.0,0.0,0.0,0.0,0.0,0.0,1.0,1.0,1.0,1.0,1.0,0.0,0.0,0.0,1.0,1.0,0.0,1.0,0.0,0.0,0.0,1.0,0.0,1.0,0.0,1.0,0.0,0.0,1.0,1.0,1.0,0.0,0.0,0.0,0.0,0.0,0.0,0.0,11.0,11.0,1.0,0.0,1.0,0.0,0.0,0.0,1.0,1.0,1.0,1.0,0.0,1.0,1.0,2.0,0.0,1.0,0.0,0.0,0.0,3.0,2.0,2.0,2.0,0.0,1.0,12.0,1.0,11.0,1.0,1.0,75.0,1.0,0.0,1.0,0.0,0.0,0.0,1.0,0.0,0.0,0.0,0.0,1.0,0.0,0.0,0.0,1.0,1.0,0.0,0.0,0.0,0.0,1.0,1.0,0.0,0.0,0.0,0.0,0.0,0.0,0.0,0.0,0.0,1.0,1.0,0.0,0.0,0.0,0.0,0.0,0.0,26.0,10.0,47.0,4.0,3.0,4.0,0.0,2.0,30.0,29.0,10.0,8.0,3.0,12.0,4.0,90.0,2.0,92.0,56.0,38.0,82.0,12.0,0.0,55.0,38.0,1.0,1.0,75.0,18.0,1.0,10.0,54.0,26.0,3.0,0.0,13.0,21.0,37.0,15.0,8.0,83.0,9.0,2.0,0.0,0.0,78.0,16.0,0.0,10.0,27.0,18.0,15.0,18.0,1.0,5.0,74.0,20.0,68.0,26.0,40.0,52.0,2.0,13.0,20.0,15.0,12.0,16.0,2.0,16.0,72.0,22.0,48.0,46.0,45.0,22.0,27.0,91.0,3.0,89.0,5.0,86.0,8.0,90.0,4.0,68.0,26.0,35.0,50.0,9.0,71.0,22.0,1.0,20.0,25.0,13.0,28.0,8.0,30.0,34.0,3.0,14.0,13.0,13.0,81.0,24.0,52.0,14.0,4.0,88.0,3.0,3.0,48.0,33.0,13.0,71.0,17.0,6.0,21.0,73.0,87.0,7.0,66.0,27.0,0.0,1.0,71.0,21.0,2.0,56.0,35.0,3.0,85.0,5.0,4.0,86.0,7.0,0.0,1.0,48.0,46.0,41.0,44.0,6.0,3.0,85.0,4.0,5.0,51.0,36.0,7.0,50.0,38.0,6.0,73.0,15.0,6.0,75.0,16.0,1.0,2.0,19.0,48.0,25.0,2.0,Abaixo da média
813,26094878,2017,1,2,2604,26014,26,2616407,261640705,2,1,1.0,1.0,1.0,0.0,0.0,0.0,0.0,0.0,0.0,0.0,1.0,0.0,0.0,1.0,1.0,0.0,1.0,0.0,0.0,1.0,0.0,0.0,0.0,1.0,0.0,0.0,1.0,0.0,0.0,0.0,0.0,0.0,1.0,1.0,1.0,0.0,1.0,0.0,1.0,1.0,1.0,1.0,0.0,1.0,0.0,0.0,0.0,1.0,0.0,0.0,0.0,1.0,1.0,0.0,1.0,0.0,0.0,0.0,0.0,0.0,0.0,0.0,0.0,0.0,8.0,12.0,1.0,0.0,0.0,0.0,0.0,1.0,1.0,0.0,1.0,1.0,0.0,1.0,1.0,2.0,0.0,0.0,0.0,0.0,1.0,6.0,0.0,2.0,13.0,0.0,1.0,24.0,2.0,18.0,1.0,1.0,38.0,1.0,0.0,0.0,0.0,0.0,0.0,1.0,0.0,0.0,0.0,0.0,1.0,0.0,0.0,0.0,1.0,1.0,0.0,0.0,0.0,0.0,0.0,1.0,0.0,0.0,0.0,0.0,0.0,0.0,0.0,0.0,0.0,0.0,1.0,0.0,0.0,0.0,0.0,0.0,0.0,27.0,16.0,95.0,2.0,4.0,7.0,0.0,6.0,42.0,44.0,28.0,19.0,6.0,6.0,6.0,145.0,2.0,149.0,96.0,55.0,123.0,23.0,5.0,94.0,53.0,4.0,1.0,119.0,31.0,4.0,11.0,91.0,41.0,4.0,0.0,22.0,34.0,50.0,32.0,13.0,137.0,12.0,2.0,0.0,0.0,118.0,27.0,6.0,5.0,41.0,32.0,16.0,36.0,6.0,15.0,127.0,24.0,115.0,36.0,80.0,66.0,5.0,8.0,49.0,30.0,9.0,23.0,2.0,30.0,108.0,43.0,79.0,72.0,58.0,55.0,38.0,149.0,2.0,142.0,9.0,135.0,16.0,150.0,1.0,112.0,39.0,71.0,64.0,16.0,118.0,29.0,4.0,39.0,35.0,27.0,39.0,11.0,42.0,51.0,18.0,13.0,27.0,26.0,125.0,48.0,80.0,18.0,5.0,134.0,1.0,16.0,69.0,54.0,28.0,128.0,15.0,8.0,29.0,122.0,136.0,15.0,97.0,40.0,5.0,9.0,121.0,22.0,8.0,99.0,44.0,8.0,130.0,14.0,7.0,124.0,15.0,6.0,6.0,105.0,46.0,88.0,52.0,4.0,7.0,134.0,12.0,5.0,90.0,55.0,6.0,95.0,51.0,5.0,124.0,22.0,5.0,122.0,23.0,0.0,6.0,45.0,73.0,33.0,0.0,Abaixo da média
814,26095289,2017,1,2,2604,26014,26,2616407,261640705,2,1,1.0,1.0,1.0,0.0,0.0,0.0,0.0,0.0,0.0,0.0,0.0,0.0,0.0,1.0,1.0,0.0,0.0,0.0,0.0,1.0,0.0,0.0,0.0,1.0,0.0,0.0,1.0,0.0,0.0,0.0,0.0,0.0,1.0,1.0,1.0,0.0,1.0,1.0,0.0,1.0,1.0,1.0,1.0,1.0,0.0,0.0,0.0,1.0,0.0,0.0,0.0,0.0,0.0,0.0,0.0,0.0,0.0,0.0,0.0,0.0,0.0,0.0,0.0,0.0,19.0,19.0,1.0,0.0,1.0,0.0,0.0,0.0,1.0,0.0,1.0,1.0,1.0,1.0,1.0,8.0,0.0,6.0,0.0,0.0,0.0,5.0,0.0,4.0,18.0,1.0,5.0,11.0,1.0,10.0,1.0,1.0,38.0,1.0,0.0,0.0,0.0,0.0,0.0,1.0,0.0,0.0,1.0,0.0,1.0,0.0,0.0,0.0,1.0,0.0,0.0,0.0,0.0,0.0,0.0,1.0,0.0,0.0,0.0,0.0,0.0,0.0,0.0,0.0,0.0,0.0,0.0,0.0,0.0,0.0,0.0,0.0,0.0,34.0,27.0,129.0,5.0,4.0,5.0,0.0,13.0,119.0,53.0,12.0,5.0,1.0,1.0,6.0,198.0,1.0,203.0,118.0,86.0,138.0,64.0,2.0,99.0,94.0,11.0,0.0,154.0,50.0,1.0,9.0,110.0,78.0,6.0,1.0,14.0,54.0,84.0,38.0,13.0,191.0,12.0,1.0,0.0,0.0,176.0,16.0,12.0,4.0,35.0,37.0,30.0,61.0,21.0,16.0,187.0,17.0,160.0,44.0,119.0,76.0,9.0,8.0,32.0,28.0,32.0,44.0,15.0,45.0,170.0,34.0,119.0,85.0,125.0,70.0,9.0,201.0,3.0,191.0,13.0,184.0,20.0,201.0,3.0,157.0,47.0,86.0,90.0,28.0,147.0,53.0,4.0,38.0,47.0,49.0,64.0,6.0,103.0,49.0,8.0,6.0,38.0,9.0,195.0,78.0,110.0,13.0,3.0,189.0,2.0,13.0,157.0,37.0,10.0,195.0,7.0,2.0,22.0,182.0,176.0,28.0,124.0,64.0,6.0,10.0,165.0,28.0,11.0,126.0,67.0,11.0,173.0,23.0,8.0,184.0,10.0,2.0,8.0,129.0,75.0,115.0,72.0,15.0,2.0,188.0,14.0,2.0,150.0,52.0,2.0,132.0,68.0,4.0,166.0,36.0,2.0,199.0,3.0,1.0,1.0,52.0,97.0,54.0,1.0,Acima da média
815,26095297,2017,1,2,2604,26014,26,2616407,261640705,2,1,1.0,1.0,1.0,0.0,1.0,1.0,1.0,0.0,0.0,0.0,0.0,0.0,0.0,1.0,1.0,0.0,0.0,0.0,0.0,1.0,0.0,0.0,0.0,1.0,0.0,0.0,1.0,0.0,0.0,0.0,0.0,0.0,1.0,1.0,1.0,1.0,1.0,0.0,1.0,1.0,1.0,1.0,0.0,1.0,0.0,0.0,0.0,1.0,0.0,1.0,0.0,0.0,0.0,0.0,0.0,0.0,0.0,0.0,0.0,0.0,0.0,0.0,0.0,0.0,19.0,23.0,0.0,0.0,0.0,1.0,0.0,0.0,0.0,1.0,0.0,1.0,0.0,1.0,1.0,0.0,0.0,0.0,1.0,0.0,0.0,0.0,1.0,0.0,5.0,0.0,1.0,13.0,0.0,13.0,1.0,0.0,85.0,1.0,0.0,0.0,0.0,0.0,0.0,1.0,0.0,0.0,0.0,0.0,1.0,0.0,0.0,0.0,1.0,1.0,0.0,0.0,0.0,0.0,1.0,1.0,0.0,0.0,0.0,0.0,0.0,0.0,0.0,0.0,0.0,1.0,1.0,0.0,0.0,0.0,0.0,0.0,0.0,24.0,11.0,58.0,3.0,0.0,5.0,0.0,5.0,53.0,28.0,10.0,3.0,2.0,0.0,4.0,97.0,0.0,101.0,61.0,40.0,81.0,19.0,1.0,54.0,44.0,3.0,0.0,80.0,21.0,1.0,9.0,58.0,29.0,4.0,1.0,6.0,26.0,37.0,15.0,16.0,97.0,4.0,0.0,0.0,0.0,92.0,8.0,1.0,3.0,20.0,19.0,14.0,31.0,1.0,13.0,92.0,9.0,80.0,21.0,58.0,35.0,8.0,5.0,23.0,19.0,13.0,19.0,1.0,21.0,79.0,22.0,49.0,52.0,42.0,48.0,11.0,99.0,2.0,92.0,9.0,93.0,8.0,98.0,3.0,76.0,25.0,39.0,54.0,8.0,81.0,17.0,3.0,22.0,23.0,21.0,29.0,6.0,40.0,32.0,10.0,10.0,9.0,10.0,91.0,46.0,50.0,4.0,1.0,93.0,0.0,8.0,66.0,27.0,8.0,97.0,2.0,2.0,14.0,87.0,89.0,12.0,69.0,27.0,1.0,4.0,77.0,21.0,3.0,60.0,38.0,3.0,95.0,4.0,2.0,79.0,18.0,0.0,4.0,65.0,36.0,70.0,25.0,3.0,3.0,95.0,5.0,1.0,67.0,33.0,1.0,67.0,33.0,1.0,87.0,13.0,1.0,97.0,2.0,0.0,2.0,8.0,54.0,37.0,2.0,Abaixo da média
816,26095335,2017,1,2,2604,26014,26,2616407,261640705,2,1,1.0,1.0,1.0,0.0,0.0,0.0,0.0,0.0,0.0,0.0,0.0,0.0,0.0,1.0,1.0,0.0,0.0,0.0,0.0,1.0,0.0,0.0,0.0,1.0,0.0,0.0,1.0,0.0,0.0,0.0,0.0,0.0,1.0,1.0,1.0,1.0,1.0,0.0,1.0,1.0,1.0,1.0,0.0,1.0,0.0,0.0,0.0,1.0,0.0,1.0,0.0,1.0,0.0,0.0,0.0,1.0,0.0,1.0,0.0,0.0,0.0,1.0,0.0,0.0,21.0,9.0,1.0,0.0,0.0,0.0,0.0,0.0,0.0,1.0,0.0,1.0,0.0,1.0,1.0,2.0,0.0,0.0,0.0,0.0,0.0,0.0,3.0,0.0,6.0,0.0,1.0,17.0,0.0,17.0,1.0,1.0,57.0,1.0,1.0,0.0,0.0,0.0,0.0,1.0,0.0,0.0,0.0,0.0,1.0,0.0,0.0,1.0,1.0,1.0,0.0,0.0,0.0,0.0,0.0,1.0,0.0,0.0,0.0,0.0,1.0,0.0,0.0,0.0,0.0,0.0,1.0,0.0,0.0,0.0,0.0,0.0,0.0,11.0,10.0,35.0,4.0,0.0,4.0,0.0,3.0,32.0,21.0,6.0,2.0,0.0,0.0,1.0,63.0,0.0,64.0,37.0,27.0,45.0,18.0,1.0,28.0,33.0,3.0,0.0,51.0,13.0,0.0,0.0,34.0,26.0,4.0,0.0,4.0,11.0,24.0,17.0,8.0,61.0,2.0,1.0,0.0,0.0,59.0,1.0,4.0,3.0,9.0,14.0,4.0,25.0,5.0,4.0,56.0,8.0,48.0,16.0,45.0,18.0,1.0,3.0,12.0,16.0,7.0,15.0,1.0,10.0,53.0,11.0,34.0,30.0,25.0,30.0,9.0,63.0,1.0,55.0,9.0,50.0,14.0,62.0,2.0,41.0,23.0,30.0,26.0,8.0,50.0,14.0,0.0,9.0,13.0,23.0,19.0,0.0,26.0,22.0,3.0,3.0,10.0,1.0,63.0,25.0,33.0,5.0,1.0,62.0,0.0,2.0,42.0,17.0,5.0,61.0,3.0,0.0,8.0,56.0,57.0,7.0,42.0,17.0,3.0,2.0,51.0,11.0,2.0,34.0,28.0,2.0,62.0,1.0,1.0,53.0,9.0,0.0,2.0,39.0,25.0,39.0,23.0,0.0,2.0,62.0,1.0,1.0,32.0,29.0,3.0,41.0,20.0,3.0,55.0,6.0,3.0,47.0,13.0,2.0,2.0,5.0,28.0,29.0,2.0,Acima da média
817,26095530,2017,1,2,2604,26014,26,2616407,261640705,2,1,1.0,1.0,1.0,0.0,0.0,0.0,0.0,0.0,0.0,0.0,0.0,0.0,0.0,1.0,1.0,0.0,0.0,0.0,0.0,1.0,0.0,0.0,0.0,1.0,0.0,0.0,1.0,0.0,0.0,0.0,0.0,0.0,0.0,1.0,1.0,0.0,0.0,0.0,1.0,1.0,1.0,0.0,1.0,1.0,0.0,0.0,0.0,1.0,0.0,0.0,0.0,0.0,0.0,0.0,0.0,0.0,0.0,0.0,0.0,0.0,0.0,0.0,0.0,0.0,12.0,10.0,1.0,0.0,0.0,1.0,0.0,1.0,1.0,0.0,1.0,1.0,0.0,1.0,1.0,3.0,0.0,0.0,1.0,0.0,2.0,3.0,0.0,2.0,12.0,0.0,1.0,10.0,1.0,8.0,1.0,1.0,36.0,1.0,0.0,0.0,0.0,0.0,0.0,1.0,0.0,0.0,0.0,0.0,1.0,0.0,0.0,0.0,1.0,1.0,0.0,0.0,0.0,0.0,0.0,1.0,0.0,0.0,0.0,0.0,0.0,0.0,0.0,0.0,0.0,0.0,1.0,0.0,0.0,0.0,0.0,0.0,0.0,40.0,16.0,91.0,9.0,5.0,17.0,0.0,6.0,70.0,50.0,20.0,18.0,4.0,10.0,7.0,171.0,3.0,175.0,119.0,59.0,138.0,39.0,1.0,112.0,59.0,7.0,1.0,145.0,32.0,0.0,15.0,106.0,51.0,6.0,3.0,15.0,43.0,66.0,31.0,20.0,162.0,11.0,1.0,2.0,2.0,143.0,22.0,13.0,13.0,45.0,26.0,24.0,57.0,3.0,10.0,150.0,28.0,131.0,47.0,108.0,59.0,11.0,17.0,51.0,22.0,19.0,33.0,2.0,34.0,141.0,37.0,107.0,71.0,73.0,69.0,36.0,168.0,10.0,159.0,19.0,155.0,23.0,168.0,10.0,125.0,53.0,64.0,94.0,20.0,126.0,48.0,4.0,49.0,43.0,27.0,48.0,11.0,52.0,57.0,11.0,29.0,29.0,48.0,130.0,47.0,106.0,22.0,3.0,160.0,3.0,15.0,92.0,53.0,33.0,154.0,19.0,5.0,21.0,157.0,154.0,24.0,120.0,45.0,4.0,9.0,133.0,36.0,9.0,100.0,63.0,15.0,160.0,8.0,10.0,136.0,27.0,5.0,10.0,123.0,55.0,110.0,60.0,5.0,3.0,168.0,7.0,3.0,106.0,68.0,4.0,123.0,52.0,3.0,150.0,25.0,3.0,168.0,4.0,1.0,5.0,23.0,67.0,82.0,6.0,Abaixo da média
819,26095920,2017,1,2,2604,26014,26,2616407,261640710,3,2,1.0,1.0,1.0,0.0,0.0,0.0,0.0,0.0,0.0,0.0,0.0,0.0,1.0,1.0,0.0,1.0,0.0,0.0,0.0,1.0,0.0,0.0,0.0,1.0,0.0,0.0,1.0,0.0,0.0,0.0,0.0,0.0,0.0,0.0,1.0,0.0,1.0,0.0,0.0,0.0,1.0,1.0,0.0,1.0,0.0,0.0,0.0,1.0,0.0,0.0,0.0,1.0,1.0,0.0,1.0,1.0,0.0,0.0,1.0,0.0,0.0,1.0,0.0,0.0,14.0,14.0,1.0,0.0,1.0,0.0,0.0,0.0,1.0,1.0,1.0,1.0,0.0,1.0,1.0,2.0,0.0,1.0,0.0,0.0,0.0,2.0,1.0,3.0,1.0,0.0,2.0,13.0,1.0,12.0,1.0,0.0,51.0,1.0,1.0,0.0,0.0,0.0,0.0,1.0,0.0,0.0,0.0,0.0,1.0,0.0,0.0,1.0,1.0,1.0,0.0,0.0,1.0,1.0,1.0,1.0,0.0,0.0,0.0,0.0,1.0,0.0,0.0,0.0,0.0,1.0,0.0,0.0,1.0,0.0,0.0,0.0,0.0,2.0,3.0,13.0,1.0,0.0,0.0,0.0,2.0,3.0,5.0,6.0,2.0,0.0,1.0,1.0,18.0,1.0,18.0,18.0,1.0,16.0,3.0,0.0,15.0,4.0,0.0,1.0,16.0,2.0,0.0,2.0,9.0,7.0,1.0,0.0,4.0,2.0,4.0,6.0,3.0,19.0,0.0,0.0,0.0,0.0,15.0,4.0,0.0,3.0,5.0,4.0,2.0,4.0,0.0,1.0,15.0,4.0,11.0,8.0,13.0,6.0,0.0,3.0,7.0,6.0,0.0,1.0,0.0,2.0,11.0,8.0,7.0,12.0,11.0,7.0,1.0,15.0,4.0,14.0,5.0,12.0,7.0,15.0,4.0,8.0,11.0,5.0,13.0,1.0,16.0,3.0,0.0,2.0,6.0,4.0,4.0,3.0,6.0,6.0,1.0,2.0,4.0,2.0,17.0,4.0,11.0,4.0,0.0,19.0,0.0,0.0,7.0,6.0,6.0,17.0,1.0,1.0,0.0,19.0,17.0,2.0,15.0,3.0,0.0,1.0,15.0,4.0,0.0,14.0,4.0,1.0,18.0,0.0,1.0,12.0,5.0,2.0,0.0,7.0,12.0,11.0,6.0,2.0,0.0,18.0,1.0,0.0,11.0,8.0,0.0,15.0,4.0,0.0,15.0,4.0,0.0,15.0,4.0,0.0,0.0,0.0,6.0,7.0,6.0,Abaixo da média
820,26096072,2017,1,2,2604,26015,26,2616506,261650605,2,2,1.0,1.0,3.0,0.0,0.0,0.0,0.0,0.0,0.0,0.0,1.0,0.0,1.0,0.0,1.0,0.0,0.0,0.0,0.0,1.0,0.0,0.0,0.0,1.0,0.0,0.0,1.0,0.0,0.0,0.0,0.0,0.0,1.0,1.0,1.0,0.0,0.0,0.0,0.0,0.0,1.0,1.0,0.0,1.0,0.0,0.0,0.0,1.0,0.0,1.0,0.0,0.0,0.0,0.0,0.0,0.0,0.0,0.0,0.0,0.0,0.0,0.0,0.0,0.0,4.0,7.0,1.0,0.0,1.0,1.0,0.0,1.0,1.0,0.0,1.0,1.0,1.0,1.0,1.0,6.0,0.0,1.0,1.0,0.0,6.0,2.0,0.0,1.0,4.0,1.0,1.0,12.0,2.0,10.0,1.0,0.0,15.0,1.0,0.0,0.0,0.0,0.0,0.0,1.0,0.0,0.0,0.0,0.0,1.0,0.0,0.0,0.0,1.0,1.0,0.0,0.0,0.0,0.0,0.0,1.0,0.0,0.0,0.0,0.0,0.0,0.0,0.0,0.0,0.0,0.0,1.0,0.0,0.0,0.0,0.0,0.0,0.0,2.0,2.0,12.0,3.0,0.0,4.0,0.0,1.0,8.0,12.0,1.0,1.0,0.0,0.0,0.0,23.0,2.0,21.0,18.0,5.0,23.0,0.0,0.0,16.0,7.0,0.0,0.0,20.0,3.0,0.0,0.0,12.0,11.0,0.0,0.0,1.0,2.0,7.0,8.0,5.0,18.0,5.0,0.0,0.0,0.0,19.0,4.0,0.0,2.0,9.0,5.0,1.0,3.0,0.0,3.0,16.0,7.0,12.0,11.0,16.0,7.0,0.0,1.0,11.0,3.0,0.0,1.0,0.0,7.0,15.0,8.0,11.0,12.0,14.0,7.0,2.0,23.0,0.0,20.0,3.0,19.0,4.0,23.0,0.0,14.0,9.0,5.0,17.0,1.0,16.0,7.0,0.0,7.0,1.0,4.0,10.0,1.0,5.0,8.0,3.0,1.0,6.0,3.0,20.0,4.0,8.0,10.0,1.0,23.0,0.0,0.0,15.0,8.0,0.0,23.0,0.0,0.0,4.0,19.0,18.0,5.0,9.0,14.0,0.0,0.0,19.0,4.0,0.0,10.0,13.0,0.0,22.0,1.0,0.0,21.0,2.0,0.0,0.0,20.0,3.0,16.0,7.0,0.0,0.0,23.0,0.0,0.0,13.0,10.0,0.0,13.0,10.0,0.0,18.0,5.0,0.0,21.0,2.0,0.0,0.0,5.0,8.0,10.0,0.0,Abaixo da média
821,26105101,2017,1,2,2604,26015,26,2616506,261650605,2,1,1.0,1.0,1.0,0.0,0.0,0.0,0.0,0.0,0.0,0.0,0.0,0.0,1.0,1.0,1.0,0.0,0.0,0.0,0.0,1.0,0.0,0.0,0.0,1.0,0.0,0.0,1.0,1.0,0.0,0.0,0.0,0.0,1.0,1.0,1.0,0.0,0.0,0.0,0.0,0.0,1.0,1.0,0.0,1.0,0.0,0.0,0.0,1.0,0.0,0.0,0.0,0.0,0.0,0.0,0.0,0.0,0.0,0.0,0.0,0.0,0.0,0.0,0.0,0.0,12.0,12.0,1.0,0.0,1.0,0.0,1.0,0.0,1.0,0.0,1.0,1.0,0.0,1.0,1.0,2.0,0.0,2.0,0.0,1.0,0.0,2.0,0.0,1.0,14.0,0.0,1.0,25.0,2.0,19.0,1.0,1.0,36.0,1.0,0.0,0.0,0.0,0.0,0.0,1.0,0.0,0.0,0.0,0.0,1.0,0.0,0.0,0.0,1.0,1.0,0.0,0.0,0.0,0.0,0.0,1.0,0.0,0.0,0.0,0.0,0.0,0.0,0.0,0.0,0.0,0.0,1.0,0.0,0.0,0.0,0.0,0.0,0.0,12.0,1.0,43.0,1.0,1.0,3.0,0.0,14.0,25.0,17.0,5.0,0.0,0.0,0.0,1.0,60.0,0.0,61.0,34.0,27.0,48.0,12.0,1.0,42.0,16.0,3.0,0.0,44.0,17.0,1.0,1.0,27.0,25.0,7.0,0.0,6.0,9.0,15.0,16.0,15.0,59.0,2.0,0.0,0.0,0.0,51.0,6.0,4.0,3.0,13.0,15.0,9.0,11.0,5.0,5.0,54.0,7.0,46.0,15.0,36.0,23.0,2.0,7.0,13.0,10.0,6.0,13.0,3.0,9.0,48.0,13.0,35.0,26.0,37.0,22.0,2.0,61.0,0.0,56.0,5.0,52.0,9.0,60.0,1.0,41.0,20.0,25.0,28.0,8.0,35.0,21.0,5.0,11.0,20.0,12.0,16.0,2.0,16.0,20.0,11.0,4.0,10.0,10.0,51.0,19.0,39.0,3.0,0.0,59.0,0.0,2.0,40.0,19.0,2.0,58.0,3.0,0.0,5.0,56.0,50.0,11.0,36.0,20.0,1.0,4.0,53.0,5.0,3.0,41.0,15.0,5.0,55.0,2.0,4.0,49.0,9.0,0.0,3.0,46.0,15.0,29.0,27.0,2.0,3.0,57.0,0.0,4.0,36.0,22.0,3.0,34.0,24.0,3.0,41.0,17.0,3.0,45.0,12.0,1.0,3.0,13.0,35.0,13.0,0.0,Abaixo da média
